0.9875862424577969 0.0059308093175313836 -0.1449845931835605 0.06014737690312243 3.6095868575016383 -0.6180980172507219 0.9010912045270701
400.5 -1 919.5 785.5 -1 906.7809448242188 400.07354736328125
0.9905757437940902 0.004725499163289438 -0.12750212605927044 0.04980535427852015 3.7351966808071495 -0.6847104212309418 0.7684578039266147
491.1221923828125 -1 657.4619140625 605.3220825195312 -1 657.4619140625 605.3220825195312
0.9935434449332459 0.0020841360703905444 -0.10915664026202852 0.030852994890681256 3.8418341296533045 -0.8038583016365668 0.6521547195110131
379.82562255859375 -1 732.9103393554688 483.1385803222656 -1 828.1742553710938 499.0425109863281
0.9961528069047646 -0.003881974659449088 -0.0857362280405182 0.017714817805622257 3.958963693372953 -0.874401866854555 0.4302355088262734
580.7471923828125 16806 735.675537109375 508.3625183105469 47369 710.0529174804688 511.85009765625
0.998000480188416 -0.00832879473510832 -0.0619762822142285 0.009198541452519068 4.097269423694274 -0.9042318785834473 0.13934499966624314
495.5 -1 770.5 598.5 -1 952.7674560546875 495.1729431152344
0.9988589549565838 -0.012251130028695016 -0.04585128071224223 0.0053252204750971225 4.207581583368972 -0.9422372180775256 -0.019954527988206586
642.852294921875 -1 741.434814453125 702.8509521484375 -1 647.58154296875 593.7849731445312
0.9994018139954761 -0.011708229313672611 -0.03253459849076466 0.0006568484871425698 4.326340405686264 -1.0193322699555154 -0.03849117485231352
662.5692749023438 -1 782.6369018554688 664.5341796875 -1 782.6369018554688 664.5341796875
0.9997338088376034 -0.009199008211316318 -0.020675805114107607 -0.004494529771857121 4.409161479455496 -1.1198280680309423 -0.17233295376908014
644.8800659179688 -1 719.3186645507812 582.0934448242188 9730 873.4746704101562 610.5542602539062
0.9999358227977487 -0.004656769619447061 -0.009381207303825884 -0.0043194596911305845 4.488236603339448 -1.1636332229974888 -0.1822307532877118
565.736083984375 -1 663.3416748046875 590.125732421875 9356 752.8931274414062 575.6218872070312
0.9999753083236944 0.005018449436266488 0.0026146538171680192 -0.004166712565602222 4.539638644519071 -1.2056385702443755 -0.3425461075342175
601.3911743164062 -1 878.94189453125 600.2362060546875 9927 905.4700317382812 610.1939086914062
0.9998497626216404 0.010800161903092216 0.009463504057748092 -0.009708284053603435 4.564400846439242 -1.2926642570218427 -0.44396107309461375
559.474853515625 -1 798.0017700195312 520.4324340820312 9768 769.0865478515625 568.4315795898438
0.9996839225199274 0.013253099912508726 0.013768022569069662 -0.01633560382778767 4.563029227583098 -1.3810698083744812 -0.5215652314536686
550.325439453125 -1 709.7952880859375 578.3916625976562 -1 852.44189453125 605.2432861328125
0.9996678007283543 0.014374207379531071 0.012427896511673397 -0.01741314840690023 4.573619960111006 -1.409056039048441 -0.5056672110387163
515.2620849609375 -1 740.45068359375 525.4482421875 -1 740.45068359375 525.4482421875
0.9997614438461646 0.012886974393558863 0.009127550000118405 -0.015088708381018353 4.581480046688119 -1.3885876206840857 -0.4632926125989235
536.7538452148438 -1 708.0409545898438 574.2536010742188 -1 791.5367431640625 459.8219299316406
0.9998596017041811 0.009106898406995953 0.0090752788065814 -0.010746189833782284 4.592614691280517 -1.3321763618341391 -0.4086629592851263
537.9273681640625 -1 709.6871337890625 597.8790893554688 9828 908.135986328125 607.70068359375
0.9997685296497785 0.0037582076151700104 0.01390678771371347 -0.01598012055421037 4.571936300917697 -1.34447052838039 -0.438302117077573
599.6763916015625 -1 864.0810546875 637.1785888671875 -1 305.5146484375 460.63189697265625
0.9996910980309324 -0.004328691239741698 0.013789214936167835 -0.02021950793921208 4.562991062326039 -1.3548639944688035 -0.3853652452715523
509.4981994628906 -1 746.3201293945312 570.03662109375 -1 814.1236572265625 525.4915161132812
0.9997128760176823 -0.01047531567110629 0.00755007095467952 -0.02018488827375773 4.55816728295381 -1.3316072345531709 -0.25483114718759886
619.9046630859375 9913 739.6690063476562 627.4931640625 9621 817.835693359375 539.3399658203125
0.9997990612085595 -0.011181757426834735 0.0012244090643836326 -0.01659235757128589 4.541013647010201 -1.265369563082343 -0.265029951013615
612.67919921875 -1 773.015869140625 529.6582641601562 9767 773.015869140625 529.6582641601562
0.9998189098095233 -0.014365143871084058 -0.007622682932819524 -0.009883568877950485 4.543169256861047 -1.2108190476237384 -0.09266528055715045
580.6907348632812 9768 680.8455200195312 667.4500732421875 -1 889.5076904296875 640.3831176757812
0.9998158870378578 -0.011543492947181181 -0.011043962138905366 -0.010628767452273383 4.513244374166574 -1.2113228211125666 -0.09594873479537791
553.7100830078125 9620 772.3761596679688 555.0484619140625 -1 777.1578369140625 559.3703002929688
0.9998123973382503 -0.011275165448238323 -0.009908913606111647 -0.01224149517020383 4.469617368210834 -1.2434692124654103 -0.10036329694130112
446.4660339355469 -1 894.8583374023438 626.5734252929688 9066 867.181640625 632.3248901367188
0.9998378666736479 -0.010668249922935231 -0.006936074434390442 -0.012740474108571853 4.426296250521057 -1.263956440525075 -0.08829710360871132
590.9456176757812 -1 765.315673828125 545.1239624023438 9620 758.82568359375 546.8655395507812
0.9998933619193849 -0.009624348684794587 -0.0011893543460276292 -0.010918889054434257 4.377932287762892 -1.253709854279601 -0.1650281798455842
587.9618530273438 -1 741.326904296875 447.7262268066406 -1 843.3132934570312 592.7252197265625
0.9999242012057719 -0.00869546822889328 0.0032104567492085494 -0.008103927612036092 4.3332919263282585 -1.2350791994437949 -0.1741213953350516
605.580078125 -1 755.3947143554688 540.508544921875 9620 755.3947143554688 540.508544921875
0.9999254404210215 -0.006814492682855351 0.006607292347069557 -0.007682445973907244 4.2873497790695225 -1.2372428547641061 -0.2049859537875037
600.2056274414062 -1 816.8411865234375 639.9774780273438 9339 816.8411865234375 639.9774780273438
0.999899562795263 -0.005890109783667233 0.009994946000491384 -0.008140760592565017 4.224351169506105 -1.2513939595031212 -0.2538371543514641
568.2711791992188 -1 799.73681640625 615.8265991210938 -1 827.2219848632812 619.5137939453125
0.999903010587134 -0.0036748150613629383 0.010719388139682325 -0.00809690502362914 4.158353810296193 -1.257230857751278 -0.2577646260386449
579.7767333984375 -1 798.8404541015625 571.28662109375 9337 845.7922973632812 580.2750244140625
0.9999256376040945 -0.0022703350406607483 0.01056630118887159 -0.005649612379111441 4.090493229755059 -1.2497470827860035 -0.22887244834964263
626.5477905273438 9339 798.5488891601562 627.6220092773438 9188 845.5147705078125 573.3014526367188
0.9999348669302595 0.00037460055279449556 0.01083602674148259 -0.0035640000067437543 4.011810864165971 -1.226103946838141 -0.3166919631491887
597.382080078125 9066 744.0443725585938 599.5062255859375 9256 762.25341796875 604.8134765625
0.9999447508933023 -0.0019542230319227515 0.010090345746998446 -0.002204789327594479 3.933513215664991 -1.222898681726395 -0.26907605300617776
562.6725463867188 -1 772.1956787109375 598.4555053710938 9066 747.0574340820312 608.3140869140625
0.9999493851632357 -0.0023365503894208126 0.009752624529744108 -0.0008086771459944401 3.859512082418401 -1.1978875387971577 -0.28482066970395487
568.8440551757812 -1 908.3617553710938 574.6589965820312 9067 701.1195068359375 604.4879760742188
0.9999431626109702 -0.004194353701966332 0.00979966412248905 -0.0002133721636889942 3.7933830065634333 -1.1872791725521221 -0.26452665653550905
606.4225463867188 9066 801.5590209960938 529.589599609375 -1 798.635986328125 575.6845703125
0.9999289718848294 -0.005059479992996534 0.010650854628823694 -0.0017355527144151876 3.7246160676292557 -1.18809659406614 -0.2386715202607424
629.1004028320312 11688 706.8749389648438 584.1595458984375 9205 759.6922607421875 584.7698974609375
0.9999159978163629 -0.00917352564929891 0.00914350895979621 -0.0004898795476853759 3.6632837539198095 -1.1793917568176406 -0.21511135181708071
620.8057861328125 -1 700.1776733398438 616.1738891601562 9066 850.7881469726562 476.2177734375
0.9998956131766983 -0.010702258688689405 0.007861042738856952 0.005694595333562063 3.6159351896631726 -1.1203456593130796 -0.16711877511702222
872.077392578125 -1 286.1117858886719 872.077392578125 -1 835.2035522460938 483.0265197753906
0.9998440005323338 -0.011164657573750474 0.005877765145994504 0.0123602952087709 3.579995667521486 -1.0539029616992224 -0.15689866599341573
549.9208374023438 -1 641.2533569335938 632.666748046875 9379 411.5062561035156 647.909423828125
0.9997292352975017 -0.014270745977025392 0.0072387504782816465 0.016893856642132405 3.537238796791251 -1.0278734525755633 -0.12974897493929496
676.11376953125 -1 722.1536254882812 547.8541870117188 -1 805.138427734375 603.502197265625
0.9997952703107691 -0.01314795794879131 0.008464988481751553 0.012841052760455123 3.4775690649117346 -1.0767138164804257 -0.1396781620969263
635.8206787109375 11688 620.5140991210938 635.8206787109375 -1 711.0394287109375 545.5315551757812
0.9999028232027477 -0.009566939232139042 0.005178185413200707 0.008718039959185688 3.431030882728404 -1.1259494200077873 -0.14341809534524783
465.09906005859375 9149 962.5745239257812 474.195556640625 9380 782.1351318359375 573.6857299804688
0.9999916893669885 -0.003911710513182293 0.0011138449284877738 0.0002811890694359031 3.346939058329783 -1.2187648809995735 -0.10378539516883377
652.4213256835938 -1 730.2608642578125 723.2525634765625 -1 937.2344970703125 453.0645446777344
0.9999834199701363 -0.0012475250375866204 -0.001931352684978712 -0.005279521087841401 3.2735206290693246 -1.281637683141124 -0.09710546467916929
649.94189453125 -1 800.6558837890625 406.8504638671875 9126 852.0091552734375 533.1372680664062
0.9999403139231481 0.0012956112118212436 -0.003263518604807125 -0.010345986138605856 3.1994226797132397 -1.31975540469151 -0.116938586168033
809.3596801757812 -1 709.5076293945312 510.1947937011719 -1 796.0157470703125 620.2784423828125
0.9999636933825121 0.0016556122282824835 -0.0026249222424172256 -0.007936034789253855 3.1104870326888037 -1.3057026480666765 -0.12749178400617392
544.8330688476562 -1 818.2772216796875 602.4918212890625 -1 829.8404541015625 626.9124755859375
0.9999903966581903 0.0001005864733889368 -0.0009720351191044177 -0.004272191648752566 3.038955827608822 -1.2881555392718225 -0.1256848849679573
603.6790161132812 -1 813.0095825195312 627.7779541015625 9455 747.0380249023438 417.1926574707031
0.9999982319004534 -0.0007374804250894788 -0.0009300092463737071 -0.001458561411570673 2.9104763675094456 -1.2709911764227328 -0.12034597642044007
0.5 -1 808.660888671875 463.6861877441406 9536 881.7793579101562 484.7325439453125
0.9999910606648453 -0.00248038019386567 -0.003414104085721431 -0.00026494864266081734 2.8148317529080256 -1.2651236695645185 -0.10186641721404253
0.5 -1 0.5 0.5 -1 0.5 0.5
0.9999746686663814 -0.003200705938565876 -0.006216474737376955 0.001331521270975881 2.722089206209652 -1.2534476203610772 -0.04946658739104496
467.9668884277344 9498 875.6886596679688 467.9668884277344 9499 315.91632080078125 561.952392578125
0.9999744061790655 -0.004059257096438963 -0.0050130057309127115 0.0030950270099402693 2.628432928413101 -1.2482626501234197 -0.09293763469265996
545.8073120117188 -1 869.179443359375 460.2899169921875 10111 853.3699340820312 468.20477294921875
0.9999597355494854 -0.003747105890349575 -0.00658147490489701 0.00481359172824206 2.5592318839555315 -1.246295379828126 -0.06275458822975681
491.3355407714844 -1 856.1116333007812 469.6754150390625 10074 957.8338623046875 534.543212890625
0.9999733996924385 -0.0028290605980571815 -0.004771569619698399 0.00473586814044744 2.4337971635834617 -1.2580143863110587 -0.08977036598263896
487.8412170410156 -1 857.7779541015625 580.0720825195312 10204 851.6583251953125 448.216064453125
0.9999824510945493 -0.0032415082713862964 -0.003951522213516871 0.00299593044975842 2.3556457980077177 -1.2696002926976528 -0.09645633380958175
548.0553588867188 -1 839.0313720703125 548.0553588867188 -1 835.3192749023438 620.1795043945312
0.9999847182276367 -0.0045441817158354695 -0.0012988612235187175 0.0028682195260589225 2.282960844115344 -1.27355692966806 -0.1000505575388894
602.5282592773438 10350 785.9615478515625 476.9750061035156 -1 794.7984619140625 559.0040283203125
0.9999248247901528 -0.0052394201721918075 0.0016401022593223497 0.010963726976734277 2.207089281087447 -1.2363824851499132 -0.10182016121286751
594.8954467773438 10276 776.3685913085938 620.3060302734375 -1 798.0886840820312 622.3067626953125
0.9998851773965984 -0.004973394751842335 0.002594617955613843 0.014077120617503384 2.1324395738367476 -1.217512155210527 -0.10515628310296554
604.086669921875 10350 783.2823486328125 582.6703491210938 10204 776.1249389648438 623.051513671875
0.9999056225504156 -0.004188419154482827 0.0026878762587145507 0.012805407383996123 2.061917524285653 -1.2194072069407087 -0.10159700070364874
604.4354858398438 10350 734.3130493164062 471.2914733886719 -1 761.3024291992188 483.1060791015625
0.9998298509305831 -0.004194135442654139 0.0023998850381434862 0.017802218059006426 2.017329070008993 -1.1969075507030251 -0.07876558424587617
455.92913818359375 -1 642.8562622070312 455.92913818359375 -1 749.4978637695312 583.446044921875
0.9997890466982309 -0.0035719727080387653 0.0023796996312342262 0.020085819447583617 1.94172991346512 -1.1884641371003328 -0.0829251483016876
533.8212890625 -1 813.0675048828125 533.8212890625 -1 700.9862670898438 469.58148193359375
0.9998862194333714 -0.0012933897990727525 0.0027456110379080975 0.014776229224537188 1.8802886513258783 -1.2209787611585765 -0.10135353399231618
598.0379638671875 10350 816.0338745117188 518.7195434570312 -1 864.4714965820312 548.7674560546875
0.9999431061604477 0.003094252778878422 0.004333991913533109 0.009242648756151682 1.8020910502193621 -1.241487954851507 -0.13432197439432197
571.4502563476562 -1 681.260009765625 593.3841552734375 10350 727.8723754882812 690.6760864257812
0.9999487460897312 0.005661588412529911 0.006639664846474716 0.005134828229662239 1.6879166142288087 -1.2515832111042695 -0.1652962595851634
681.3186645507812 -1 629.005859375 540.4546508789062 9459 765.54833984375 544.0755004882812
0.9999469686544733 0.0047653836521281915 0.006900190501501929 0.005978157610928788 1.577376792538495 -1.2526408603586616 -0.1418081056458034
624.51123046875 10352 659.54443359375 669.38232421875 10110 612.4000244140625 701.3442993164062
0.9998993166926071 0.0047571750081027535 0.005342451619965429 0.012254957131223945 1.473310427217514 -1.2384405997415258 -0.14259351090469832
665.5445556640625 10110 625.4542846679688 666.0618896484375 10110 626.6797485351562 463.7366943359375
0.999903705859361 0.00548804688342548 0.005218225314362584 0.011628863860692383 1.352789965616849 -1.2442096572713461 -0.12030143969938273
620.9166259765625 10352 613.1920166015625 416.4381408691406 10629 949.7973022460938 596.2490844726562
0.9998845983776737 0.005856031255963083 0.003664375570689045 0.01353030586218375 1.2527640681607437 -1.2413973548490669 -0.0965636759864201
600.3480224609375 -1 706.6830444335938 509.6438903808594 -1 798.5470581054688 557.1408081054688
0.9999135116235587 0.005196848368462935 -0.0007550673849513053 0.012057856895945143 1.1601411868509774 -1.2454648682205962 -0.10724790751806512
536.7720336914062 -1 915.9718017578125 578.8184204101562 10712 896.82958984375 601.3914794921875
0.9998992376102641 0.0030766665359393147 -0.0011932998395809409 0.013806693482953535 1.0681566034680814 -1.2509041583618252 -0.05673060847640755
658.6106567382812 -1 795.1008911132812 658.6106567382812 -1 807.2821044921875 540.4431762695312
0.9999102874461345 0.0032508760851186467 -0.0022422199181098904 0.012799270053669041 0.9842229931915579 -1.2538464253654176 -0.08930074683243679
532.1742553710938 -1 791.6363525390625 535.2543334960938 -1 786.2266845703125 539.9071044921875
0.9999214520051253 0.0015199509381847104 -0.0009183066653496621 0.012407106108037712 0.8983023766274623 -1.2631575145534948 -0.06335123804251053
588.928955078125 -1 776.0947265625 535.255859375 -1 967.4639892578125 392.3514709472656
0.9999390966740782 0.001588848318728628 -0.0012642291073523928 0.010848051825684688 0.8260517131963393 -1.2698462124571817 -0.030265060681566074
377.5338134765625 11041 818.8021850585938 600.4515380859375 10713 753.2266845703125 539.5106201171875
0.999944760315962 0.0008086452352655057 -0.00041345521644140654 0.010471459512458085 0.7513064212767769 -1.2772138828143162 -0.018145928487129617
508.8530578613281 -1 822.3353881835938 501.93402099609375 -1 745.633544921875 536.8900756835938
0.999930337546364 0.0011898243617257693 -0.001641761520006695 0.011627940123444317 0.6834728025707423 -1.2827686560476679 -0.05333782615364943
601.685302734375 -1 960.0711059570312 363.5284729003906 11201 800.7742919921875 587.988525390625
0.9998928868934991 0.001261387471699215 -0.003136173288881447 0.014240367219020866 0.6180105583578672 -1.2903253933916625 -0.03544530010237024
645.7076416015625 -1 797.1953735351562 527.9267578125 -1 861.6318969726562 599.853271484375
0.999888675620162 0.0006905285855295187 -0.005266283765336204 0.013943664946280056 0.5473718577563942 -1.2919397569502775 -0.015973253261051062
643.56494140625 11043 919.20849609375 365.0397644042969 11201 920.2882080078125 368.1468505859375
0.9998446030446331 -0.0012763896670560312 -0.005442465083158831 0.01671885659238811 0.4936233145002222 -1.2875269344089932 0.025293849606492787
0.5 -1 0.5 0.5 -1 0.5 0.5
0.9996934255394874 -0.0031852780019648586 -0.002188139084630023 0.024456512108679194 0.457824470493742 -1.2795333455104287 0.012483048145576972
391.94036865234375 -1 823.5113525390625 556.617919921875 -1 823.5113525390625 556.617919921875
0.9997594827121357 -0.002548152301803842 -0.00012781862945584024 0.02178227052920846 0.3986215471475916 -1.2916005130273729 0.008702828262248842
638.1510009765625 -1 837.3128051757812 378.8125305175781 11041 774.143310546875 468.7523498535156
0.9999521734984239 0.0018018855842579027 0.003224939790769241 0.009055588742043303 0.3010410906384837 -1.3227167203708527 0.002930229244976075
342.6214599609375 -1 867.86083984375 357.42938232421875 11201 819.854248046875 367.9578857421875
0.9999713570858207 0.0015789970460418177 0.007042283643202676 -0.002279916086054423 0.209477817639702 -1.3407718960748822 -0.020667272695597275
588.335693359375 -1 813.8216552734375 588.335693359375 -1 852.7685546875 352.8897705078125
0.9998987414392383 -0.0009058713807623011 0.007565079346954439 -0.012018978315274226 0.10505469469721865 -1.350868833442774 -0.011379620039440019
354.5 -1 831.5426635742188 354.3045349121094 11201 777.7597045898438 371.593994140625
0.9998504398391937 -0.002238838356319581 0.004582547851731298 -0.016525308208070202 0.01194132951242167 -1.359954223446267 0.035655694185534804
359.68035888671875 11210 805.0098876953125 355.0439758300781 11201 758.34814453125 365.6485290527344
0.9998597684774008 -0.000342836168655996 0.0005880082044147916 -0.016732605596007446 -0.14367928436234767 -1.3539244440451408 0.09441752397986251
356.22021484375 11201 669.7498168945312 459.5650329589844 11262 866.4974365234375 421.7744140625
0.9998718195447619 0.0009034924760339036 -0.0036642015493766372 -0.015559621094309866 -0.25388510913337486 -1.3424848842327854 0.040629791342322856
365.1275939941406 -1 730.08251953125 357.93499755859375 11201 725.4888305664062 362.7095031738281
0.9998518288487359 -0.0006514206104697309 -0.007041724973175145 -0.015694269923399205 -0.3698618685726247 -1.3400098891133847 0.009500703281282129
361.9436950683594 11201 693.6714477539062 366.2989807128906 11210 903.0616455078125 580.9262084960938
0.9998500419807541 -0.001491951105995492 -0.006949754374473993 -0.015791407382381384 -0.5089844924070861 -1.3329564346361593 0.07136131523427634
604.7443237304688 -1 765.0890502929688 610.3098754882812 -1 664.6685180664062 368.8335876464844
0.9998102490357629 -0.0009674447723958921 -0.008434663879142401 -0.017532439046067633 -0.5934146858727476 -1.3244435083874653 0.08145932612719639
588.98388671875 4404 790.086669921875 422.67822265625 3288 747.6321411132812 445.81951904296875
0.9998318156827143 -0.00251883396139603 -0.008700616331156772 -0.01594663285900328 -0.6793635028997506 -1.3311506920903142 0.06975649798465959
368.2679138183594 11201 768.1956176757812 423.9832763671875 3288 736.5836791992188 428.80908203125
0.9998469194487349 -0.0019642921392780976 -0.010220163405555573 -0.014065115898224404 -0.7375848444677168 -1.3225653332324527 0.07034593441966006
369.4806213378906 11201 754.15771484375 425.4434814453125 3288 946.7728271484375 604.4985961914062
0.9998576848388391 -0.0016999535823366354 -0.010701829954702775 -0.01293023828687563 -0.792560199923287 -1.3154889269964718 0.09398113915424058
370.5925598144531 11201 789.4462890625 582.0391235351562 3554 789.6394653320312 612.3294067382812
0.9998817182789059 -0.004053044313077757 -0.011371982170156681 -0.00952891940045975 -0.8475101769541684 -1.3170483744189792 0.08350578433071802
430.03717041015625 3288 774.879638671875 598.0731811523438 -1 729.7236328125 430.24444580078125
0.999874160642569 -0.004763435473821396 -0.011695419789708103 -0.009601547674593265 -0.9160414685389542 -1.3048376171692322 0.08992924096674765
591.8213500976562 3292 759.7445678710938 591.8213500976562 3291 759.5486450195312 601.2799682617188
0.9998561493531231 -0.005081714441404458 -0.01283151082305029 -0.009859467991697516 -0.9838301507741686 -1.293806723765685 0.07844640267068168
604.3502807617188 4404 744.4856567382812 627.7205810546875 -1 843.0487670898438 705.2234497070312
0.9998593276301032 -0.005776999256008068 -0.01411490736044965 -0.006980015822328626 -1.0309018546440465 -1.2896061179778469 0.057237232962938256
418.1144104003906 -1 848.6741943359375 418.1144104003906 -1 678.6009521484375 439.4499206542969
0.999817526028459 -0.007326499475640714 -0.015018049944503505 -0.00925717168630914 -1.081675950799013 -1.2744122276923378 0.08622609711118227
410.3915710449219 4349 749.4564819335938 597.08251953125 -1 1264.2593994140625 603.8117065429688
0.9997573930748216 -0.008545557611312876 -0.01643981530014925 -0.01191053778154006 -1.1137179678880935 -1.2601628178481423 0.09732028201265808
594.0963745117188 -1 1206.5035400390625 613.0369262695312 -1 703.1719970703125 613.7726440429688
0.999639586885842 -0.007689512077719243 -0.016558357243117074 -0.019682188397613525 -1.1511014671142459 -1.2367666835185205 0.10160476277446572
608.9869384765625 -1 819.3204956054688 426.8980407714844 -1 819.3204956054688 426.8980407714844
0.9995763906319322 -0.00809030976201531 -0.014143109446398437 -0.02411552683191336 -1.189372550029383 -1.2306795659715382 0.08161647262982766
481.122802734375 -1 716.1969604492188 582.6685180664062 -1 1121.81396484375 609.6639404296875
0.9995722098936116 -0.008833112733419803 -0.01183985816155659 -0.02524264420687032 -1.2268393853841422 -1.2332534121473706 0.1010725167739732
638.1683959960938 3274 780.2275390625 656.10986328125 -1 632.783203125 564.9596557617188
0.9996296920356283 -0.007478626627385793 -0.009608705066384046 -0.024335606248257168 -1.2739557332703213 -1.2287610388524448 0.07855439239337561
602.2791748046875 -1 782.7037353515625 608.1400146484375 -1 865.1669311523438 604.2469482421875
0.9997022549205558 -0.0073983882107302775 -0.007046432213860165 -0.022158816568019706 -1.349719706654417 -1.2312037129473659 0.10907598753560785
638.0557861328125 3274 780.9246215820312 421.66766357421875 2990 577.4991455078125 469.7521667480469
0.9998133158710918 -0.0064264766185133625 -0.0066064646885723236 -0.016982003104544896 -1.467852980126281 -1.2426203450102937 0.0840150144143266
587.458740234375 -1 859.9650268554688 599.6702270507812 -1 935.8384399414062 609.3320922851562
0.9998106828483031 -0.0059397567264502646 -0.010580675642650837 -0.01521075459619171 -1.5682842329083724 -1.246357477203764 0.052893026061549796
558.3622436523438 3195 760.6962280273438 625.6396484375 2879 831.5476684570312 562.0776977539062
0.9998225093442071 -0.00492172541670817 -0.013285894354608889 -0.012418189834820431 -1.6667271199928493 -1.2477539955265555 0.08320693896586703
610.7946166992188 -1 440.2566833496094 615.9885864257812 -1 440.2566833496094 615.9885864257812
0.9998221351057398 -0.004119865864450282 -0.015054828931664538 -0.010586641757282965 -1.769524958564431 -1.2494691232897093 0.06115796622964294
588.200439453125 -1 767.00927734375 588.200439453125 -1 662.712890625 418.6302185058594
0.9998385047858522 -0.0058789539519332 -0.015344246980865213 -0.007277110182803831 -1.8603910520675975 -1.2690140058576538 0.05647582761855205
615.77734375 3270 743.9296264648438 587.9623413085938 -1 778.391357421875 628.8271484375
0.9998514860841405 -0.005915411267417827 -0.01597997958560176 -0.0025795226916851266 -1.9278094235036969 -1.2768409038629314 0.02397596211279728
611.1229248046875 -1 936.1175537109375 546.2940063476562 2410 864.430908203125 604.5648193359375
0.9998305086589437 -0.007997035913221522 -0.016343206258145625 0.0028108683008113227 -1.9918969202945616 -1.2907724947734216 0.06026466989156498
644.5553588867188 -1 908.511474609375 588.722412109375 2816 1238.667236328125 616.6434936523438
0.9998628462123553 -0.006237728348117588 -0.014770957909846779 0.004147084711994646 -2.058642870211023 -1.2666176783772567 0.04975948819465768
645.8737182617188 -1 935.001953125 657.660888671875 -1 869.2808837890625 474.3918151855469
0.9998482377943918 -0.00898654403810218 -0.014176646008294031 0.004665416771964648 -2.1088916879630895 -1.2530823916801055 0.05978302105168241
470.6813659667969 -1 795.5610961914062 473.3517761230469 -1 853.2777099609375 484.91070556640625
0.9998380559958447 -0.010129951982301174 -0.014406027711508632 0.0037030016016304625 -2.158724166938661 -1.2348407510905097 0.06855597685330514
622.3423461914062 -1 841.2366333007812 489.3604736328125 -1 794.5012817382812 574.5283813476562
0.9997434598733419 -0.012772541276922497 -0.018530384329988735 -0.0025498012455637785 -2.2069933198513363 -1.2053580792770708 0.04429182818909605
637.9735717773438 -1 734.5722045898438 637.9735717773438 -1 770.904052734375 481.7908935546875
0.9996543774207804 -0.012021133681651265 -0.021014632130230516 -0.010247111051947899 -2.25922749686977 -1.166512792472854 0.052388844680875596
421.82989501953125 -1 814.449462890625 492.7422180175781 2787 769.06494140625 579.2103271484375
0.9995619782470063 -0.012526359837664891 -0.022377988296527644 -0.014770497349413648 -2.315737029536801 -1.1508881433201543 0.08201084307740081
580.6494140625 -1 777.1559448242188 351.6634521484375 -1 801.3851928710938 492.33197021484375
0.9995779358815645 -0.011784582842972905 -0.02124004281064422 -0.015935315728595592 -2.3836519365236297 -1.1397534198841113 0.08895074179954925
475.5 -1 859.0 478.0 -1 824.5 570.5
0.9996692623624626 -0.011641646750945523 -0.02014542372577782 -0.010954444373171864 -2.463466835323191 -1.1619777570904837 0.13413057298366377
583.9844360351562 -1 756.3543701171875 583.9844360351562 -1 889.3717041015625 611.4811401367188
0.999684374751563 -0.011153172519309506 -0.021546166970350913 -0.006520759864989937 -2.552697148403451 -1.1823406161055128 0.10303152513278846
622.0029296875 -1 746.981689453125 491.83856201171875 2787 780.4271240234375 571.2498168945312
0.9996774367921868 -0.011282059071576943 -0.02267608832623799 -0.001879502575067039 -2.6425014121703625 -1.1976175423332813 0.06442917222128186
516.08544921875 2489 914.0921630859375 662.6083374023438 -1 725.7486572265625 493.5589599609375
0.9996939264623927 -0.01086421837045842 -0.022225316386640163 0.0002397184116208786 -2.732275248861139 -1.197619774483549 0.10456157813305263
577.1793212890625 2788 760.2406616210938 483.83575439453125 2418 760.2406616210938 483.83575439453125
0.999706888646478 -0.01021177168322691 -0.021945056619152525 0.0005205783804878554 -2.811565822704309 -1.1991072312065143 0.10363369409036623
602.0831909179688 -1 686.4248657226562 494.1010437011719 2556 754.1436157226562 510.087158203125
0.9996955385034917 -0.010099308611780645 -0.022429033333032415 0.0019423505151061934 -2.8735339226541554 -1.2100366547327401 0.09324445991525872
492.6799011230469 2556 686.8106079101562 610.0668334960938 2816 736.9970092773438 509.5028381347656
0.9996898165287206 -0.009903867677902193 -0.02243237400535259 0.004355769768429296 -2.9369435852948595 -1.224780946122638 0.06154920909758568
615.566650390625 2488 654.8704223632812 491.8085632324219 2556 712.4942626953125 514.9857788085938
0.9996880955787949 -0.00985093886180759 -0.022222804045506844 0.005728659698242549 -3.0027974721875195 -1.2362022664835286 0.06623482888302884
655.6439208984375 -1 699.6209716796875 506.3141784667969 2490 771.8001098632812 518.438232421875
0.999708921163912 -0.009347459730383279 -0.021467081121583693 0.005819138251950992 -3.075251712058484 -1.2367554247191865 0.04959664400475079
570.4271240234375 2410 702.37841796875 580.3486938476562 2351 643.89404296875 596.0587768554688
0.9997134769095549 -0.009843676666164935 -0.02120194466831315 0.005152053705330632 -3.1538662376253885 -1.2345018444620264 0.04869870548562615
656.3339233398438 291 1049.9783935546875 492.5628967285156 365 1044.9027099609375 509.0660705566406
0.9997491676959658 -0.010202549894389843 -0.019711265116550927 0.0029959463248805836 -3.240884346505037 -1.218093320841668 0.0792104557579363
850.9987182617188 -1 627.1346435546875 479.6734313964844 2418 790.2774658203125 487.3398132324219
0.999749391451395 -0.00937282810573966 -0.020308759048541097 0.0009266562329468295 -3.3160692974815498 -1.1925432770922566 0.06930543308416227
587.3601684570312 -1 899.0145263671875 661.1088256835938 363 753.8444213867188 852.9942626953125
0.9997251727019822 -0.010859436748291224 -0.0207728064154276 -0.0003771115600391476 -3.3992089490086115 -1.1742473201891548 0.042412025759272914
498.8933410644531 -1 986.2972412109375 498.0146179199219 365 979.287841796875 506.2950439453125
0.9997107085063504 -0.011663386083054911 -0.0210102520229103 0.0010168740051594495 -3.4648820484064213 -1.1644301554695327 0.06707773038535851
517.5078125 1008 607.6837768554688 332.9298400878906 2450 607.6837768554688 332.9298400878906
0.9997030279640347 -0.012925075339734082 -0.020605670345719553 0.001484808609355225 -3.526277704310352 -1.1490248529476115 0.08885032329097096
535.1188354492188 -1 872.234619140625 597.09423828125 -1 891.37451171875 560.0025024414062
0.9996972839144806 -0.01346821497801912 -0.020589353944241703 0.00016193663883032103 -3.5858404233768963 -1.1244434978831852 0.09388462517414271
638.5509643554688 2488 1085.86181640625 531.986328125 1805 1085.86181640625 531.986328125
0.9997376530431415 -0.01338658171370725 -0.018578596689266542 -0.000510159652563131 -3.6451754348216108 -1.108535103889882 0.08428349382012407
604.03271484375 -1 817.7850341796875 707.84423828125 -1 674.61328125 877.7666625976562
0.9997399719491235 -0.013921565221795544 -0.0180072470475385 -0.0013847608855169077 -3.6959126281521453 -1.0930828851488932 0.06197855881821485
629.1376953125 -1 794.5375366210938 472.5578918457031 -1 833.4548950195312 599.5084838867188
0.999738299447771 -0.01496505763798066 -0.017247010857724673 -0.0013857429937247233 -3.7712385032513756 -1.0847404415503377 0.09568726091350441
566.847412109375 -1 794.7998046875 410.5768127441406 361 885.7730102539062 525.6177368164062
0.9997056862984796 -0.015942300280380444 -0.018283769295648438 -0.00029601452617035066 -3.8295947903381578 -1.0998395135311347 0.1287211847441779
22.5 -1 777.1007690429688 410.1793518066406 361 1068.0997314453125 490.0637512207031
0.9996981382870499 -0.014624595939443343 -0.019742057002399848 6.844215444593063e-05 -3.8995210955128083 -1.1076712846202716 0.059435732131960656
536.5224609375 1805 1011.480224609375 536.5224609375 1805 878.2333374023438 554.1259765625
0.9996998746618531 -0.013882371769764604 -0.020154081784949086 0.0011195278142283917 -3.972114644757781 -1.1244814006274317 0.0882654929190686
546.4352416992188 896 802.5377197265625 572.034912109375 -1 800.149169921875 632.857666015625
0.9996815308775578 -0.011864945745223876 -0.022209336969527066 0.0016748839181992157 -4.033932470482339 -1.1274797256859919 0.013164407890147438
0.5 -1 1054.8240966796875 482.7325744628906 1351 1023.5178833007812 482.9236755371094
0.9996868144175773 -0.011234899998330543 -0.022330624187713016 0.0011803919056259718 -4.099868732577013 -1.1250078804089643 0.007186724506084933
22.5 -1 1038.3221435546875 480.6344909667969 1351 1007.7667846679688 481.04461669921875
0.9996966639749655 -0.011608986674120091 -0.02172075298135293 0.00014267322227113003 -4.16464930696324 -1.1227477163245798 0.047901461816034316
541.7534790039062 -1 816.7318725585938 630.9038696289062 -1 902.9090576171875 476.0358581542969
0.9997063053750745 -0.011011215409966729 -0.021584964245972327 -0.00038137516130018197 -4.223668441962843 -1.1210511956808478 0.05751531879422504
470.0204772949219 -1 888.4244384765625 473.35809326171875 -1 952.5635986328125 485.7132568359375
0.9997012396129988 -0.009082780976107223 -0.022681687191242722 -0.0006896898812429124 -4.27639837226385 -1.110703216395166 0.04821305442854897
507.6329040527344 -1 1114.9239501953125 781.424072265625 -1 1114.9239501953125 781.424072265625
0.9997240602781214 -0.007671032755610332 -0.022179983232965855 0.001003444704492271 -4.321739931708197 -1.116737966098915 0.04172524859286799
488.2358703613281 -1 921.4983520507812 526.2454833984375 2009 707.6781616210938 539.6959228515625
0.9997105840229112 -0.007413502823505436 -0.022766865364558454 0.0023362384141468635 -4.364556359317354 -1.1218058630919212 0.014022131586796176
506.40643310546875 -1 928.52001953125 521.8208618164062 -1 627.1881713867188 405.22479248046875
0.9997283280201048 -0.007599549720328823 -0.021857657898474114 0.0027856398488100447 -4.4042563262965135 -1.1185600896080834 0.023221940056615542
489.37860107421875 -1 710.36328125 518.5287475585938 -1 710.36328125 518.5287475585938
0.9997343021686035 -0.00735923087560515 -0.021672151093581313 0.0027358098164982293 -4.436992247122778 -1.1098944985340196 0.03138827550821538
525.7778930664062 -1 880.9503173828125 534.1461791992188 -1 880.9503173828125 534.1461791992188
0.9997582361599835 -0.007139073747820864 -0.020796440597916827 0.00010447372544375868 -4.480891670866428 -1.0826348361748546 0.055411161028072885
511.0078125 -1 872.1184692382812 534.6226806640625 -1 872.1184692382812 534.6226806640625
0.9997948584904237 -0.0072192186430253364 -0.01892352531233793 0.00015494531761058418 -4.519538594622224 -1.0741290596575996 0.051126393345813474
528.8278198242188 -1 864.411376953125 537.3475341796875 -1 928.9552612304688 503.11871337890625
0.999790165769783 -0.008199928047176714 -0.018671590064706894 -0.0019383845095267461 -4.57475088318547 -1.0469328633514696 0.04620411364372606
538.3278198242188 2009 913.3400268554688 582.562744140625 1752 782.1417846679688 634.9261474609375
0.9997531238888845 -0.00877391457199821 -0.02032948971484579 -0.0018497419912157588 -4.640216165307621 -1.0485505001203033 0.06504505906018
693.7884521484375 -1 1253.867919921875 693.7884521484375 -1 878.3685913085938 509.9945983886719
0.999695019875245 -0.006034106286968819 -0.023937580336080518 0.0006701086515710971 -4.742769918949814 -1.0860369835747812 0.025906663644635695
628.6423950195312 -1 889.83544921875 681.05517578125 -1 836.5128173828125 617.6572265625
0.9996180658573633 -0.005791843940816601 -0.027021781862735798 1.6134187265080794e-05 -4.836506785146747 -1.0967206701346197 0.008967842148772668
572.397705078125 1752 592.9398803710938 625.539794921875 -1 592.9398803710938 625.539794921875
0.9994221335188557 -0.002935638881695882 -0.03383915103650397 -0.001301120326409477 -4.915187939258169 -1.0769509669185273 -0.06987024835477885
656.8662109375 -1 792.7584838867188 483.5892333984375 -1 835.9071655273438 532.8687744140625
0.9994204314804221 -0.0025444922356979696 -0.03373710050874584 -0.0037596207271876833 -5.011253468882034 -1.0478547927413921 -0.0874232464577307
658.1470947265625 -1 809.3057861328125 490.8126220703125 -1 766.2240600585938 497.6295471191406
0.9993745728990342 -0.0032208768481361578 -0.03464413615166125 -0.006314493289845112 -5.06861119912602 -1.0216253991813655 -0.08256028176564845
496.60205078125 -1 754.4652709960938 497.8467102050781 1834 722.4996337890625 506.9022521972656
0.9993804909100055 -0.0035965877087845307 -0.03401802694148614 -0.008274828598706714 -5.109009110865187 -0.9900127616209783 -0.0688234253536138
486.6768798828125 -1 790.3992919921875 487.2525939941406 1589 785.5448608398438 489.1225891113281
0.9993905829640757 -0.004512943683059036 -0.03357442393531085 -0.008417486528091076 -5.114405380823256 -0.9809126628391217 -0.04398786667539454
480.64044189453125 -1 657.7042846679688 480.64044189453125 -1 789.9038696289062 490.9580078125
0.9994636677665486 -0.005089743279801931 -0.03108198022152443 -0.008965591642081593 -5.11435186576371 -0.9637693913827431 -0.005278763824974815
495.44683837890625 1589 813.9923706054688 501.0858459472656 -1 782.058349609375 512.011962890625
0.9993900417161586 -0.006665429145682919 -0.032772285241919975 -0.01005454588237939 -5.099691161567345 -0.942272309734512 0.029401081698727606
502.33807373046875 1628 766.5031127929688 512.3722534179688 1801 705.8707885742188 544.7504272460938
0.9993472254632876 -0.007714031672450209 -0.03346686231509889 -0.01120650708150453 -5.097194536671771 -0.9250263874232101 0.027401459086361265
503.89764404296875 1589 790.414794921875 505.6004638671875 1628 766.9578857421875 515.0913696289062
0.999346277505846 -0.008376526198102835 -0.03356664434116824 -0.010494371431134224 -5.072282984001261 -0.9246692558561658 0.04213171797333122
507.13427734375 1525 757.4458618164062 509.27716064453125 -1 796.6151733398438 508.98748779296875
0.9993194943885626 -0.010614470137584639 -0.031432332530426335 -0.01612109271677027 -5.0531558076222876 -0.8786803835732883 0.06547305017420037
550.8477783203125 2009 818.0250854492188 707.3518676757812 1468 809.6333618164062 506.522216796875
0.9992615615989456 -0.011781118596461682 -0.029347588715010642 -0.02182328554703836 -5.029414353348413 -0.8388301260768976 0.09256892938741067
603.9570922851562 -1 614.236572265625 423.21783447265625 -1 614.236572265625 423.21783447265625
0.9991853390761929 -0.010105241247916457 -0.029893957195471988 -0.02515737660628085 -4.989648427388956 -0.8297425484543759 0.09083944723858597
542.03662109375 1805 803.4861450195312 581.1533813476562 1752 666.4022827148438 427.5631408691406
0.9991367012024042 -0.008194490824583216 -0.032700416210200464 -0.0242772611754982 -4.967611083607734 -0.8526666226616582 0.029032667088275267
488.8189392089844 -1 694.87939453125 488.8189392089844 -1 830.5787353515625 489.2549133300781
0.99906266500137 -0.006423822050427905 -0.037518672417796994 -0.020612499378560287 -4.932949429954157 -0.9026016332934063 -0.018500688486159277
509.9806213378906 -1 743.9534301757812 530.8245849609375 1805 746.1417846679688 532.5198364257812
0.9989315285617436 -0.005416736077760812 -0.04061396494761883 -0.021376764647532333 -4.906614511209491 -0.9053455588525128 -0.021707428857090004
480.99969482421875 1589 775.1980590820312 519.8858642578125 1892 807.4393920898438 567.0257568359375
0.9988118447601309 -0.00548953874180472 -0.0424123241119948 -0.023365754742474605 -4.8624333978805545 -0.8927254505743658 -0.02424480504466782
474.4493713378906 -1 650.1292724609375 487.0647277832031 -1 789.6678466796875 514.0732421875
0.9987193429161351 -0.007260835828578042 -0.042430743291569824 -0.026581692420888106 -4.796393336187686 -0.8702217996017313 -0.024984879916523407
479.86785888671875 1525 789.7752075195312 545.9437255859375 -1 859.6340942382812 499.43426513671875
0.9986706000334256 -0.008321111262300071 -0.04244983509255028 -0.028032182163602357 -4.738020720412263 -0.8669933938543305 -0.008146835148080442
0.5166223049163818 -1 0.5165233016014099 0.5166223049163818 -1 0.5165233016014099 0.5166223049163818
0.9985358987153252 -0.008430105729390505 -0.04285764562312637 -0.03190947360599494 -4.688306660128959 -0.8425324166917488 -0.02772062266860024
475.3529052734375 1589 881.7120361328125 477.37847900390625 1628 810.4443359375 529.495849609375
0.9983715304489501 -0.008227978867921709 -0.04410140385456257 -0.035237107299363336 -4.655509149355783 -0.8298288171152148 -0.006074348731629884
482.9209899902344 1801 892.0245971679688 601.0220947265625 1592 884.0517578125 755.5960083007812
0.9979837046535183 -0.003783477410857639 -0.04868087921869365 -0.04055098695735842 -4.603428236348797 -0.780919753159604 -0.07684014325773576
464.51904296875 1525 899.2077026367188 469.37396240234375 -1 899.2077026367188 469.37396240234375
0.997769744644957 -0.0043603129975422214 -0.04864956112465323 -0.04549444520025789 -4.5645544065456845 -0.7566070056903214 -0.06506044175480438
584.901123046875 -1 955.7726440429688 606.5025634765625 -1 955.7726440429688 606.5025634765625
0.9975540099597192 -0.004516924391652261 -0.05006838750261036 -0.04856697623090373 -4.516342795733102 -0.7457035945480714 -0.060353133016264236
471.1396789550781 -1 845.96630859375 599.87158203125 -1 714.9969482421875 609.2217407226562
0.9971340624470856 -0.0034813659200255407 -0.05391304147425911 -0.0529615479201417 -4.451472531297108 -0.7099194010623544 -0.11246705409570175
549.7144165039062 -1 1110.032958984375 549.7144165039062 -1 1103.8216552734375 551.9507446289062
0.9969911286633063 -0.005275832747369373 -0.052267556248957285 -0.056999627360628295 -4.416291498282831 -0.6879920606364804 -0.1018094767927677
465.30352783203125 -1 868.6983032226562 480.60845947265625 1305 877.7192993164062 489.49871826171875
0.9969706002493697 -0.0059347928518552195 -0.051982704093100456 -0.057551706728701406 -4.372480399076006 -0.6947090799172144 -0.06813171767356117
604.142822265625 900 732.8486328125 604.9052124023438 -1 800.2429809570312 377.811279296875
0.9968013160344686 -0.004606919493290258 -0.05457690726384162 -0.05820029070586969 -4.321941716594521 -0.694554421249302 -0.11006663810474202
609.9600219726562 -1 885.4820556640625 455.2915344238281 1443 782.8565673828125 461.9059143066406
0.9967352472527359 -0.004662775807497048 -0.056416618403190906 -0.05756970187299472 -4.2702191815031805 -0.7168164306004523 -0.14460718904079678
493.6820373535156 -1 972.9456787109375 557.5834350585938 -1 894.9217529296875 451.8329772949219
0.9967559155243115 -0.004128019726116569 -0.056877972934519475 -0.05679349007846317 -4.222953571107118 -0.7356796878658525 -0.1252732731777961
591.447021484375 -1 861.6936645507812 591.447021484375 -1 978.4650268554688 457.5707702636719
0.9969028441744359 -0.003462035383101701 -0.05441661972236742 -0.05667067218515985 -4.161053442176431 -0.7396991873422714 -0.1474353897276392
588.6343383789062 1054 718.5584106445312 686.8767700195312 2044 975.2643432617188 433.5753173828125
0.9969108917772248 -0.008010362446375593 -0.049673290723747154 -0.06030814321540757 -4.102429169289686 -0.7251250629817583 -0.06233461006872052
489.11834716796875 365 773.3373413085938 493.0841064453125 2125 773.3373413085938 493.0841064453125
0.9967312509130043 -0.008742721075575116 -0.047193684016565554 -0.06498564818894226 -4.046073429072685 -0.6835515130150654 -0.05929461659981738
5.0 -1 0.5 0.5 -1 789.4044189453125 491.0331726074219
0.9966559405429976 -0.009087274170632197 -0.04744814826657703 -0.06590167565831423 -3.9882888908058183 -0.6742303835040782 -0.02842954233859938
496.20574951171875 1402 956.376220703125 490.4844970703125 1805 956.376220703125 490.4844970703125
0.9966406919936851 -0.011765399410927854 -0.04815175188806632 -0.06519444170449062 -3.9436258800253534 -0.6875019641524687 -0.04149704868425038
396.9308776855469 -1 816.3535766601562 498.3578186035156 -1 816.3535766601562 498.3578186035156
0.9963908263025363 -0.013876475709752992 -0.05127049591400843 -0.06621254360585539 -3.8992774017470926 -0.681570032258055 -0.04117711713541836
508.86920166015625 906 874.9291381835938 599.8302612304688 844 887.2598266601562 673.3463134765625
0.996280633955897 -0.01484171191123352 -0.05360925919767604 -0.06580782111767672 -3.8580557944198186 -0.687394765820976 -0.06783788297925859
580.2117309570312 1403 913.7335815429688 672.73974609375 -1 730.3280639648438 399.4754333496094
0.9960571584219062 -0.0153768615892933 -0.05430417719315166 -0.06844520161060218 -3.8153876718421973 -0.677914406667824 -0.10386076817124058
634.4054565429688 -1 806.8018188476562 634.4054565429688 -1 987.142578125 492.5008544921875
0.9959517428331105 -0.015996774745009525 -0.05411060926530799 -0.06997336000496318 -3.763987382832392 -0.6890666095558061 -0.0961623301334268
582.1634521484375 2250 846.0225219726562 599.278076171875 2128 777.2940063476562 661.060546875
0.9957428560882768 -0.016158006876648718 -0.05429509008711823 -0.07271262995771194 -3.71292217896091 -0.6951158606880825 -0.0941249627459873
640.1323852539062 -1 765.0455932617188 385.10296630859375 -1 861.0187377929688 591.4602661132812
0.995615783659162 -0.014092396577317997 -0.05541122610410482 -0.07402845202420495 -3.6491575077931535 -0.7102549002780557 -0.12695652738049296
484.9288024902344 -1 934.4002075195312 442.5339050292969 2217 884.076416015625 472.2698059082031
0.9955298255300461 -0.013841965955159276 -0.0566536724764933 -0.07429083290378814 -3.574856410218773 -0.7423420965310232 -0.10556116685275786
604.0545654296875 -1 972.8088989257812 363.4618835449219 -1 902.9170532226562 462.92486572265625
0.9953866060486171 -0.014043461466279245 -0.057534408468919884 -0.07548561141828224 -3.503288672970646 -0.7576239128085397 -0.12443646520184518
522.1316528320312 2269 686.1430053710938 530.8909301757812 -1 686.1430053710938 530.8909301757812
0.9954442830726227 -0.013235907591394409 -0.05548546417481794 -0.07639930178718524 -3.4446577538555396 -0.7594251628454122 -0.10941129786089182
627.3831787109375 2129 743.2911987304688 804.0921630859375 1 935.3545532226562 461.72210693359375
0.9953045901926344 -0.01455212397463397 -0.05525729643319666 -0.07812579356520587 -3.3651875584802178 -0.753582157529485 -0.08060776219943734
570.3535766601562 -1 727.583984375 520.102783203125 2269 724.9365844726562 528.3272705078125
0.9951669032060103 -0.017883912386518614 -0.054738657960478596 -0.07954042849895006 -3.2993616934951637 -0.740401729988479 -0.0708529704340774
525.6350708007812 2269 604.744873046875 550.3617553710938 -1 1004.9757080078125 554.7061157226562
0.9950538964207616 -0.02174154775034948 -0.05423446384362333 -0.08033474497920814 -3.2451396710803584 -0.7380553721597463 0.025101447416668875
658.3939819335938 291 760.1600952148438 530.3269653320312 2269 756.664794921875 538.4058227539062
0.9951014485542653 -0.023199219882134896 -0.05579567296062126 -0.0782415884356568 -3.1790361421045508 -0.7548606687389511 0.05974205910158751
474.23760986328125 292 729.1663818359375 500.6225891113281 2638 773.8030395507812 531.930908203125
0.9954096526528777 -0.02508719411876846 -0.055968305847935676 -0.07346975457449602 -3.1193401273951267 -0.7910949879487866 0.022550471892623127
604.1304321289062 7260 801.339111328125 488.9344482421875 -1 801.339111328125 488.9344482421875
0.9960598341949287 -0.023743519027504854 -0.05728201006023698 -0.06340207671063026 -3.033800612006862 -0.8639305734655182 -0.0029282056174851755
654.0040283203125 -1 813.0303955078125 654.0040283203125 -1 710.5534057617188 608.7725830078125
0.9966005194540081 -0.02017693484474229 -0.05712420339227275 -0.05583118582898645 -2.950474907929925 -0.9166437696418851 -0.0028079676637360875
513.8357543945312 -1 1361.6466064453125 889.495849609375 -1 661.0307006835938 588.4343872070312
0.9970679004267142 -0.01944781129742032 -0.05366060670477298 -0.05096983286689953 -2.876186541030711 -0.9559906318251594 0.10913613102112045
608.368896484375 -1 738.1895141601562 587.3338623046875 7260 653.0818481445312 649.5016479492188
0.9974859152088155 -0.01997255055826995 -0.04815038365145491 -0.048005069924405605 -2.781677999497348 -0.9732595680098759 0.0804189533905859
508.1734313964844 -1 712.3325805664062 583.880615234375 7214 667.4306030273438 510.63677978515625
0.9976976002448599 -0.02016845747296615 -0.043327346425536775 -0.048119360350387226 -2.682644442820319 -0.9760564232161321 0.12454708842788545
507.9721984863281 -1 740.1377563476562 583.503662109375 7214 763.0869750976562 339.1368103027344
0.9977409391655284 -0.015861413042420083 -0.04169739664031993 -0.05022709430981498 -2.5811431147406596 -0.9505606590779933 0.047795311898510745
506.6654052734375 7216 720.3018188476562 512.9768676757812 -1 767.3646850585938 580.7537841796875
0.9972649086561597 -0.016473047189191077 -0.04389858241635474 -0.057133660316479234 -2.4966862667901193 -0.9072793043647067 0.07407652490407235
583.8237915039062 7214 800.904541015625 459.92852783203125 -1 748.4075317382812 492.12664794921875
0.9972318555685401 -0.016957859290040476 -0.04773106025803243 -0.05443163725509042 -2.41640450901214 -0.9136323580806806 0.02536303793134098
480.4374084472656 -1 797.7636108398438 480.4374084472656 -1 797.6710815429688 586.8983764648438
0.9968966273601044 -0.01741897316559549 -0.051961871220659955 -0.056512455893836674 -2.353995215600919 -0.9090140306198397 -0.005356415873626509
495.3622131347656 -1 765.59814453125 511.3036193847656 7216 864.6843872070312 588.5823364257812
0.9966850919327754 -0.016474122202907955 -0.057676681503326735 -0.05496208900107756 -2.263846792582183 -0.9273798300241876 -0.029048883915521486
508.15185546875 7216 777.0275268554688 508.15185546875 7190 701.9421997070312 663.6197509765625
0.9965631761507189 -0.018769676582878207 -0.0608393254817481 -0.05299161873628199 -2.1737261763955376 -0.9711617065586897 0.008189866877422488
503.8717956542969 7216 793.2078857421875 503.8717956542969 7190 837.4618530273438 578.5542602539062
0.9967472388933171 -0.01599459044043715 -0.06042829170285019 -0.05086783263582868 -2.0863516930520523 -0.9875563535805233 -0.00857971297135278
499.1293640136719 7190 859.1754760742188 573.7587890625 7214 797.4986572265625 633.8180541992188
0.9967836144929004 -0.014453367407982943 -0.0600505503051966 -0.051063269157799844 -2.0085118758728457 -1.0082059628538211 -0.04148628181492746
492.6135559082031 7190 756.144287109375 645.8860473632812 5279 833.464599609375 475.7706298828125
0.9968087414003934 -0.014048807035066592 -0.05903859022904868 -0.051859511687072465 -1.9517904867540583 -1.0393626542015546 -0.021940427460996472
601.9495239257812 -1 828.5068969726562 619.4794921875 5280 770.82275390625 636.9825439453125
0.9975635417824418 -0.009016911016973949 -0.05471548127417235 -0.042330739789407025 -0.326915341587691 -1.2029495914077555 0.0436365664022265
462.4921569824219 4993 659.455810546875 481.4282531738281 -1 770.6351928710938 510.72003173828125
0.9966368694463682 -0.011288381841614332 -0.05744627730054843 -0.057336272287699996 -1.8629983498497584 -1.090006836383881 -0.01672994646315751
599.5769653320312 5280 689.2918701171875 619.706298828125 5312 673.8378295898438 629.7880249023438
0.9965935681091693 -0.008960229694715143 -0.057983699622953154 -0.057955714690509655 -1.8242469273500581 -1.1095649246110404 -0.04599597186067352
578.3662719726562 -1 806.1450805664062 608.6495971679688 5279 681.979736328125 622.3128662109375
0.9962941230168348 -0.005815269664988007 -0.05880499959232929 -0.06249940082741276 -1.8045971720706115 -1.1089923994241002 -0.07610907722868597
643.0458984375 -1 880.8670654296875 432.2417297363281 5314 982.7108764648438 521.1852416992188
0.996122668988817 -0.005388126767059839 -0.061148322153336564 -0.0630196724394034 -1.7674240119342326 -1.1312923272724755 -0.0558572929855257
595.4364624023438 5279 749.7105102539062 624.5093994140625 -1 1017.1680297851562 544.2520141601562
0.9959479937867659 -0.00535713291946203 -0.06516482481573177 -0.06174496259400021 -1.707559657906995 -1.1430711002188003 -0.1061753814225169
424.9405517578125 5314 892.9918823242188 424.9405517578125 -1 948.0476684570312 512.4978637695312
0.9958445668732286 -0.008511564079379638 -0.06738646884153085 -0.06066478157105485 -1.631322852106002 -1.1452692840460228 -0.09590591391036919
612.57275390625 3287 862.6318359375 564.6543579101562 -1 892.2666625976562 580.8163452148438
0.9962057801978748 -0.01182646405771102 -0.06392994629700956 -0.057854474457011654 -1.5533993943146882 -1.142930998957902 0.011157236098989783
630.6112670898438 -1 661.88916015625 416.69317626953125 4349 664.3400268554688 426.57623291015625
0.9967985381000694 -0.012740765414626863 -0.05703459822817067 -0.054565574707549296 -1.465360984431633 -1.122391250596306 -0.03971164124060657
622.4024658203125 2563 766.0015258789062 622.4024658203125 2563 696.7743530273438 435.0827941894531
0.9970475392515977 -0.01605997294356106 -0.055634156173418894 -0.050429380407233514 -1.3397654364925227 -1.1259587833388813 0.009969495558241042
431.6962585449219 4349 730.8477172851562 441.7653503417969 2990 646.1326293945312 568.59326171875
0.9973142155547268 -0.015497859394379457 -0.05268679614622031 -0.04845898594170831 -1.2392562611346174 -1.1111887632131614 -0.008411105771510656
446.2198791503906 2990 887.0217895507812 618.0947265625 5244 763.8392333984375 636.3563232421875
0.9971506401919565 -0.016442909399103013 -0.05349398006022355 -0.05058285868335886 -1.148203733881788 -1.1032975245996908 0.003861280071779996
637.2166748046875 3287 629.8634643554688 592.8104858398438 -1 832.9802856445312 639.431884765625
0.9969061443933791 -0.017645449540680456 -0.056933979134236035 -0.05123767560279253 -1.06068877206745 -1.115210250597963 0.018589217103783088
596.358642578125 -1 696.026123046875 596.358642578125 -1 903.34814453125 618.1408081054688
0.9967963626419417 -0.015525001834386045 -0.05990638864648148 -0.05066764590124405 -0.992011896504596 -1.1216853871113017 0.0005944969253927155
622.9429321289062 5312 672.703857421875 623.8046875 -1 862.9636840820312 632.2420654296875
0.9968206708803751 -0.012694798526228141 -0.0616292461237182 -0.04887973218215945 -0.9267198473476618 -1.1364391092870263 -0.025015142389763646
617.164306640625 5312 869.5339965820312 628.5331420898438 3270 824.6575317382812 439.2135925292969
0.9968149344814929 -0.010047499615910562 -0.06294076907806433 -0.04793217848155148 -0.8431159122385372 -1.1576311933376922 -0.058329621465535546
415.03839111328125 4547 843.431884765625 431.1783142089844 2990 670.7612915039062 464.4397888183594
0.9969310746587109 -0.008603097275819586 -0.0637095151045465 -0.04467120753051562 -0.7515896961351215 -1.1735007488178588 0.019566398753010944
459.806640625 3288 718.988525390625 711.3093872070312 -1 681.2510986328125 480.5320129394531
0.9970095201984901 -0.010120545931119189 -0.06269576887882806 -0.04403216719996323 -0.6652835576720388 -1.1938403419475696 -0.01568556852705064
409.4676513671875 4513 779.56103515625 623.8267822265625 -1 779.56103515625 623.8267822265625
0.9972457945711419 -0.008257908666054673 -0.05905742149948223 -0.04410048889148078 -0.5890960902889015 -1.1949619493121206 -0.04359163752924923
598.9441528320312 -1 759.0090942382812 598.9441528320312 -1 910.3388671875 422.09344482421875
0.9973434478261942 -0.007849109229635881 -0.05756163738556208 -0.04394424267129554 -0.5029546194770099 -1.1996983705907964 -0.023237188915130706
562.5074462890625 -1 600.719482421875 406.21600341796875 4513 600.719482421875 406.21600341796875
0.9974462065332635 -0.007471655659131271 -0.056913292131448724 -0.042498430710719896 -0.40612342230182225 -1.1967335112534785 0.014018463880800578
571.8053588867188 5056 812.919189453125 707.3250732421875 5013 779.8359375 454.4690856933594
0.9967768163523989 -0.011255857530088781 -0.057989384813991414 -0.05428181373658476 -1.9091457575496997 -1.053918821361646 -0.049801146584105456
547.5466918945312 7214 840.1051025390625 609.9576416015625 5280 840.1051025390625 609.9576416015625
0.9975028664655518 -0.011548581618013249 -0.05218794899174968 -0.04616361809536102 -0.25486053947395537 -1.2106566711226532 0.0563984244723419
568.5751342773438 -1 757.482177734375 568.5751342773438 -1 858.3895874023438 706.8596801757812
0.9970689928357882 -0.012820643995360384 -0.051430872843807054 -0.05517173127150661 -0.2217264444189035 -1.2000663494092405 0.056930885128552475
440.9583435058594 -1 800.8309936523438 486.1853942871094 -1 670.43603515625 414.86187744140625
0.9967181885777814 -0.015028442524510154 -0.05329936003095434 -0.059043853988407856 -0.19491169203802233 -1.200896261029298 0.046350335322550375
432.1670837402344 -1 673.9957275390625 396.6661376953125 -1 641.9865112304688 414.3265686035156
0.9963866228655321 -0.016455581355991636 -0.056993611129289475 -0.06078354964379386 -0.16656083764469465 -1.2097847580900751 0.044569367317552205
432.029296875 -1 821.3297119140625 547.811279296875 -1 821.3297119140625 547.811279296875
0.9962032167567657 -0.01588544752867852 -0.059085965525400255 -0.06193264210589923 -0.1281345671715196 -1.2205290525033552 -0.0010537588539971524
529.0963134765625 -1 700.0905151367188 415.1000061035156 4513 696.01904296875 420.2945861816406
0.9963275781405688 -0.017074368354071872 -0.06037116341555824 -0.0582678780264952 -0.06440231811670691 -1.2461636089632855 0.03026179823930543
409.0680847167969 4513 709.0286865234375 414.155517578125 5122 713.2462158203125 405.3771667480469
0.9968152214697034 -0.01638206529329552 -0.05674083610313006 -0.053586562693927295 0.013082296412218499 -1.2594783760169845 -0.00982596089738663
26.0 -1 45.0 26.0 -1 643.9234008789062 503.4350280761719
0.9973515996402481 -0.01846698429937141 -0.04621128732865781 -0.053040306459835 0.07363414883006447 -1.2726046036168817 0.010581402734169626
404.4029541015625 -1 765.6265258789062 399.8782653808594 4547 937.9927368164062 632.6052856445312
0.9972706395758771 -0.020863157094473 -0.04166684886881776 -0.05727018265481017 0.16460729470719176 -1.279387774692556 -0.041683320506882116
414.4380187988281 4955 747.765380859375 414.4380187988281 5734 744.64453125 429.158203125
0.9974002614135002 -0.025297770295198158 -0.034176331593839405 -0.058178343987783473 0.23960804190356214 -1.2835642800636846 -0.002712977224185015
433.5356140136719 5124 677.8637084960938 651.7210083007812 5689 677.8637084960938 651.7210083007812
0.9976473695071545 -0.026593189146309752 -0.030095412451359525 -0.055558928678172595 0.3077739269281477 -1.2740665046197241 -0.06848662464849256
437.3209228515625 5124 964.5767211914062 448.7481384277344 -1 742.567626953125 520.39013671875
0.9980974364206451 -0.030052272881560677 -0.029430941841897634 -0.04507979555729522 0.42640485410090495 -1.2712841081310648 -0.006144803574241041
634.3841552734375 -1 607.8275146484375 516.4735107421875 -1 768.8596801757812 523.9654541015625
0.9983560765457767 -0.03137017191829171 -0.03171261378796235 -0.035991205379588644 0.538369233370884 -1.2541993738131214 0.01925479988448894
638.5122680664062 -1 753.7844848632812 640.8424072265625 -1 848.6821899414062 446.9638977050781
0.9984826022290353 -0.03167391631432334 -0.035222536312044264 -0.028082539183519814 0.6658658917413762 -1.2404777057958283 0.02949267718440018
599.0107421875 -1 1054.2232666015625 523.3759765625 3678 826.940185546875 574.8803100585938
0.9984847629222177 -0.031552883886744806 -0.0347685679387163 -0.028700878280694637 0.7721187859733137 -1.2457033864734295 0.03784667908965968
604.546630859375 -1 944.001708984375 424.9372863769531 4547 941.6052856445312 428.4045104980469
0.9984855456717779 -0.028921850953652507 -0.03259023869481201 -0.03358597867804119 0.8668817711872805 -1.257344799273233 0.019417586722857746
419.0289611816406 4547 934.1492919921875 440.4422302246094 -1 837.3418579101562 564.2003173828125
0.9983191691003782 -0.029307470297089255 -0.03309545693172811 -0.037477987165747816 0.9541894688429917 -1.282663806190794 0.04377043168294114
596.3043823242188 5833 855.53857421875 556.9522705078125 -1 859.5640258789062 560.0677490234375
0.9982775628064217 -0.028516877800901196 -0.03483339605837335 -0.03762086916592746 1.0375639505987106 -1.3005394676960411 0.06002492477842785
510.9937744140625 5973 784.4320068359375 589.2696533203125 -1 784.4320068359375 589.2696533203125
0.9981170351755992 -0.026742869954458674 -0.03746486593508516 -0.04054117437046966 1.097927935445233 -1.3248404027404619 0.06151390880829116
0.5 -1 0.5 0.5 -1 0.5 0.5
0.9981118123284077 -0.025136788622922325 -0.04003916016688271 -0.03921501754887532 1.1667281602435504 -1.3379876718056356 0.06862021830293898
596.199951171875 6020 653.0540161132812 596.199951171875 6070 637.2709350585938 360.48516845703125
0.9979872575790604 -0.02445485012651922 -0.042093097529932406 -0.0406394531883924 1.2160862637106507 -1.3572580963662149 0.08635775667545519
506.8836669921875 -1 820.1524658203125 536.1043090820312 -1 818.2517700195312 573.4712524414062
0.9978945771072241 -0.023769343466608146 -0.04393736485091815 -0.04136350155775321 1.2689867846567051 -1.372849003973696 0.09533849874049169
580.6219482421875 -1 779.6390991210938 554.0230102539062 -1 795.6204833984375 560.09912109375
0.9976428892893572 -0.024237651042028775 -0.04516311749985743 -0.045623399040868484 1.3059397259241485 -1.3965422339796867 0.10274563182881317
535.6600952148438 -1 396.7933044433594 535.6600952148438 -1 783.2979125976562 547.7808837890625
0.9973528773404409 -0.025330736351764024 -0.04511983073366814 -0.051086130516867244 1.35156174378707 -1.4214834836561754 0.1201175964754407
747.591796875 -1 693.4747924804688 349.24432373046875 6071 753.5443115234375 359.0886535644531
0.9972865000533828 -0.026424848822016296 -0.04298490159580317 -0.053606551939169515 1.407098017797627 -1.436851055948025 0.11755975998313663
584.3716430664062 6020 907.1793823242188 477.2638244628906 5839 968.5961303710938 524.0842895507812
0.9973355600344651 -0.028491438570773776 -0.042316758012558506 -0.05214700959992109 1.4716589188441445 -1.4379308459858635 0.11005565178740995
299.5777282714844 6185 632.0541381835938 299.5777282714844 -1 985.10205078125 525.5314331054688
0.997437750928436 -0.0299704104515295 -0.041872312709410546 -0.049663034024869795 1.5345343857669405 -1.432400085870677 0.1066398964851018
674.9324340820312 -1 669.6106567382812 538.7633056640625 -1 787.7623901367188 566.1319580078125
0.9976253873460748 -0.030864930847440544 -0.04269966270879638 -0.04435855465332754 1.604204892982782 -1.412665854449681 0.10510816192998036
0.5292836427688599 -1 613.8458862304688 531.724853515625 6428 703.990478515625 575.4736938476562
0.9979005365621094 -0.02965563849800842 -0.04214467687303638 -0.03922866866969851 1.6992714208881026 -1.374900566203735 0.0899831786388613
600.8826293945312 -1 1187.391845703125 544.5004272460938 -1 1187.391845703125 544.5004272460938
0.9982506046361546 -0.03013307446707035 -0.039204760157863755 -0.032414733496950766 1.8218743719477577 -1.3294700050725892 0.08127640737105103
376.1484375 6087 821.2775268554688 355.3353271484375 6025 797.0914306640625 361.1165771484375
0.9984026079746124 -0.02910766517804305 -0.038053166003492324 -0.02994883594542609 1.941011175050741 -1.3106776661221438 0.08190934499279019
0.5 -1 601.9703369140625 487.1610107421875 -1 719.765625 642.1651611328125
0.998535969714645 -0.02615342599397017 -0.0389394626637902 -0.026937589763507724 2.0663310113433675 -1.2930197643909644 0.066521787176082
602.46240234375 -1 738.3544921875 638.1975708007812 6367 632.7021484375 483.69000244140625
0.9983701366643755 -0.02374542031181028 -0.040538323345108596 -0.03240169087160943 2.150061913202758 -1.3153664375555936 0.06378763659948694
635.298828125 6367 716.9872436523438 511.5054016113281 6672 703.4293823242188 519.5414428710938
0.9982676184626591 -0.022288830118041864 -0.04241782260097015 -0.03414232427139321 2.2594501730998235 -1.34572161036569 0.08536262954243348
597.8988647460938 -1 780.842529296875 624.5563354492188 -1 748.4882202148438 699.2056274414062
0.9982698989313296 -0.019269072297993 -0.04443433173177827 -0.03333919471070204 2.35288948371995 -1.3630987620133401 0.09395310243570984
662.9967041015625 -1 783.4508056640625 597.7247924804688 -1 802.8745727539062 639.4371948242188
0.9983175357428787 -0.017410684453244504 -0.04416889765657905 -0.03328775112467379 2.4302712032924956 -1.3921626301475876 0.10689698652691858
631.4365844726562 -1 783.5719604492188 485.0591735839844 6672 734.8932495117188 527.7874755859375
0.9984670879159712 -0.015032547337082269 -0.042118685228176876 -0.03261155046618623 2.5128600643784575 -1.4165916376608572 0.10373835828417931
598.3114013671875 6367 852.053466796875 603.1343383789062 -1 852.053466796875 603.1343383789062
0.9985877710372629 -0.01353257952179027 -0.039170730803856676 -0.03324133984377708 2.59882227278789 -1.4413418619956024 0.11612413872645969
630.8960571289062 -1 670.9091186523438 630.8960571289062 -1 888.8379516601562 633.1338500976562
0.99871311528925 -0.013085228852576758 -0.036450892395825975 -0.03274480995004931 2.677671178767065 -1.4488578611232057 0.0886914219039018
645.1329345703125 -1 853.9069213867188 645.1318359375 -1 703.1624755859375 648.6143798828125
0.9987619779601951 -0.011881002698248754 -0.03594983773378981 -0.032263947725551696 2.7646770884769003 -1.4487150327589258 0.08021964444857341
62.0 -1 863.2437133789062 465.7628479003906 -1 815.456298828125 495.2510986328125
0.9987494080534883 -0.010693242424471268 -0.03554018615862992 -0.033498800681043245 2.8420143371120328 -1.453552116140828 0.09154521712465925
600.9553833007812 -1 896.5726928710938 443.7241516113281 -1 823.6072998046875 604.2767333984375
0.9987701705425327 -0.009565124841234654 -0.0358276318355813 -0.032909506502922924 2.9009036513144717 -1.4335332751069403 0.10794243922548569
0.523652195930481 -1 0.5235785841941833 0.523652195930481 -1 0.5235785841941833 0.523652195930481
0.9987413354940523 -0.01253065279555333 -0.039050264721541876 -0.028875670403501304 2.9529840999842123 -1.3949519795493928 0.14666380516204192
442.44610595703125 -1 861.6235961914062 530.0389404296875 -1 845.6030883789062 615.9652099609375
0.9987066288941849 -0.015643498250851793 -0.04303509605942806 -0.02209820971129173 3.0111991026561715 -1.33276620681144 0.1834053016940267
0.5 -1 0.5 0.5 -1 0.5 0.5
0.9986966719529934 -0.01837958998653626 -0.0455196137474739 -0.013968280718213334 3.075098684175992 -1.2689995950455204 0.2076145104474837
406.86859130859375 -1 816.5816650390625 468.73956298828125 -1 936.7055053710938 519.8120727539062
0.9987262668987589 -0.02034690425305785 -0.044163110479449416 -0.013470967543789625 3.1229637099309273 -1.2555375779206208 0.20416079453176478
530.4279174804688 -1 735.0623168945312 430.53924560546875 -1 997.8867797851562 472.9523010253906
0.9989353256665797 -0.022315972921824016 -0.039410748871194 -0.008775269874397007 3.193794241227255 -1.2151406970100396 0.1608276579757312
679.8416748046875 7088 885.4137573242188 513.6070556640625 6493 670.052001953125 610.9412231445312
0.9990489675906876 -0.021208595710521288 -0.03793903294199919 -0.0034620230205414833 3.3014951081314416 -1.16956831988716 0.14856166918283484
476.9986267089844 -1 886.1646728515625 482.42529296875 -1 886.1646728515625 482.42529296875
0.999156617974593 -0.017580791883460505 -0.03570477380211664 -0.010106316938597829 3.3710656662564444 -1.2157945428033532 0.14128934848419672
612.0765991210938 -1 848.7936401367188 675.930419921875 7088 759.82568359375 366.1451110839844
0.9991105652247643 -0.013311209592903314 -0.03760478959635307 -0.013666380458625903 3.437777120563157 -1.2550630738641535 0.1701608019977737
124.0 -1 218.0 125.5 -1 189.0 128.5
0.9988717090594631 -0.008481735963660654 -0.04285710393990256 -0.01861820715199545 3.502127493947342 -1.2984357173352745 0.16243463681984877
585.9144287109375 -1 670.4651489257812 585.9144287109375 -1 875.854736328125 694.5449829101562
0.9986489953920968 -0.008781870738147327 -0.0488564561086971 -0.015365853220473005 3.5798123145000105 -1.2834482010844175 0.21821570350757893
654.9465942382812 7088 754.37060546875 542.6495361328125 -1 754.37060546875 542.6495361328125
0.9984767795343318 -0.00847756733637256 -0.052018526960211024 -0.016319449613774312 3.6391590516334187 -1.2907672939916583 0.2272828857134149
654.45654296875 7088 852.6115112304688 799.8226318359375 -1 811.9214477539062 446.94171142578125
0.9985078824345507 -0.009533394411769163 -0.05008520725328502 -0.019560038891949825 3.713365853152694 -1.32504075719055 0.20572900020599857
542.8256225585938 -1 770.8084106445312 546.5380859375 7077 850.7523803710938 411.67083740234375
0.9985716727685761 -0.010948884763450245 -0.04657476040429127 -0.0237808317745098 3.7813827385862115 -1.358773570858109 0.17710112972499387
548.8915405273438 7077 745.3947143554688 549.8795166015625 -1 829.1452026367188 573.8510131835938
0.9986114627323779 -0.013192755826390833 -0.04422431436327655 -0.025402907556104717 3.8691106348337594 -1.3759129196778839 0.20075243209015883
511.4772033691406 7123 468.0970153808594 626.5762329101562 11593 468.0970153808594 626.5762329101562
0.998864535193158 -0.012648063361543128 -0.03829706067204879 -0.025357483519472847 3.9606835958556874 -1.3745126466451305 0.13919907505058046
557.5387573242188 -1 702.6148681640625 653.51953125 -1 886.301025390625 574.6265869140625
0.9990442690834643 -0.014257610434592704 -0.031206734500507143 -0.02708151912276487 4.030790888640136 -1.4004848583744027 0.10789549890759786
626.1298217773438 11302 596.2643432617188 452.01483154296875 11269 642.9210815429688 557.5699462890625
0.999101492672833 -0.015067054920266864 -0.025882729968573773 -0.02998792230750031 4.083590006476811 -1.4274918192708188 0.05570719295846298
575.9258422851562 -1 836.4962768554688 590.9087524414062 -1 836.4962768554688 590.9087524414062
0.9990866658862134 -0.014590547077133803 -0.022938831399124438 -0.03296604311109258 4.135034044256028 -1.448003797636388 -0.01083667725683449
0.5 -1 684.5550537109375 546.3663940429688 11268 812.6275634765625 585.2846069335938
0.9991446885930253 -0.014416878699139244 -0.018517124448304067 -0.03404645307645134 4.1998887315274205 -1.4627941580140862 -0.05717520011156722
587.795166015625 -1 831.1841430664062 595.56640625 11338 827.5353393554688 620.1436157226562
0.9991759793173418 -0.015602352464148527 -0.014159845022181879 -0.034690456061619614 4.259740243837259 -1.4915118792893598 -0.069654159112366
615.9708862304688 11305 623.6583251953125 651.2111206054688 11353 623.6583251953125 651.2111206054688
0.9993637271241934 -0.012834422133486185 -0.010593463956295093 -0.031546743704329416 4.339952511468372 -1.4671058673061708 -0.12062372256974768
615.1077270507812 -1 848.2078857421875 618.0546875 -1 847.0152587890625 623.7987060546875
0.9994440123956838 -0.01059549362634304 -0.007264249392796351 -0.030767389911879568 4.3994847174320775 -1.452298781977542 -0.14065291696974777
611.0527954101562 11305 766.6768188476562 534.3646240234375 11268 838.7559204101562 616.3682861328125
0.9995662410543583 -0.004995448390098451 -0.0004123642794404834 -0.02902077179441231 4.450634432866078 -1.3952280516952953 -0.26332828699676863
540.2249755859375 -1 900.4440307617188 645.0137329101562 9188 900.4440307617188 645.0137329101562
0.9995540749793386 -0.004473954996360434 0.00348483491970616 -0.029317074282263416 4.4842826428002915 -1.3505955958076794 -0.2898169868341402
546.5 -1 911.0 589.5 -1 911.0 589.5
0.9995927641590433 -0.00642208585749773 0.004299297074233368 -0.027469595897820567 4.4940918579656275 -1.2804359076923586 -0.3139570418482959
599.7349243164062 -1 799.5706176757812 572.0931396484375 -1 830.1632080078125 611.8541870117188
0.9996823689850766 -0.008974495690207814 0.004895022058692455 -0.023036022367948782 4.475218646901375 -1.172918375076693 -0.30175481759043343
611.3948974609375 11485 900.0752563476562 685.6295166015625 -1 697.1947631835938 696.39990234375
0.9997446934206521 -0.008696521385542139 0.0036958479160266876 -0.02052459990398893 4.4468219168479886 -1.0747136106540973 -0.3346630585497632
653.9669189453125 -1 721.0181884765625 673.4588012695312 -1 772.5220336914062 599.0380859375
0.9997811281575809 -0.0075982822585647395 0.0032917806319119228 -0.019212653823595972 4.414418214127743 -0.9966303823794136 -0.33831111304764
646.062255859375 11485 761.7989501953125 646.9830932617188 11543 904.8861083984375 668.9207763671875
0.9998182398643434 -0.006300554153577331 0.00056242279453284 -0.017985381078107394 4.377349494392737 -0.9224276580722134 -0.32642563804734737
719.3352661132812 11306 658.1087646484375 749.7567138671875 11353 741.7864379882812 661.4566040039062
0.9998396771376029 -0.004043490682938067 -0.0034601220070789875 -0.017096717818554256 4.33878786569513 -0.8477184249930083 -0.3204830592051447
750.3724975585938 -1 725.3570556640625 675.72998046875 11485 865.2256469726562 689.0564575195312
0.999840694007968 -0.0025036752603294038 -0.006466305274408785 -0.016447039610639362 4.301888458917589 -0.7777253773709071 -0.2777800218088701
692.1171264648438 11543 811.185302734375 755.3440551757812 -1 893.7534790039062 273.78204345703125
0.9998741840723792 -0.001286023516281393 -0.008575637148400664 -0.013282342286228693 4.269237680004981 -0.6754230456745205 -0.2965742855194752
455.3796081542969 11817 751.9830932617188 455.3796081542969 11788 784.031494140625 631.832275390625
0.9998736694680552 -0.0008214213655941546 -0.008205183333213233 -0.013588426615865762 4.243780399116075 -0.6107233506926021 -0.3098203914749839
430.4396667480469 -1 716.9246826171875 430.4396667480469 -1 735.7376708984375 487.81329345703125
0.999880113118973 0.0003015761043862021 -0.006836679038109281 -0.013889861798197714 4.236513874679177 -0.5396507717184624 -0.3040188523728721
579.0211791992188 -1 664.62939453125 385.9219055175781 11691 840.6064453125 488.4093933105469
0.9998958637800897 -0.0006427036090953707 -0.006396248333713406 -0.012920392207395175 4.234737559894953 -0.45275157038837255 -0.2961736350711153
587.5550537109375 -1 713.1262817382812 600.8756713867188 -1 665.469970703125 408.5640869140625
0.9999039273765956 -0.002484045387324411 -0.004999095002129843 -0.012687575991240716 4.227383060998259 -0.3775355518257449 -0.3484532471722988
661.41455078125 -1 713.679443359375 661.41455078125 -1 784.4532470703125 372.42852783203125
0.9999479982414291 -0.00175502470133369 -0.0033669221116118305 -0.009464910815795872 4.226659791837014 -0.28858459550538523 -0.3141769154568697
616.1716918945312 -1 720.015625 722.95068359375 -1 933.3243408203125 437.3215637207031
0.9999815262302989 -0.0008668715331576137 -0.003170756845929461 -0.005112928015442431 4.221458721867552 -0.1905300883248851 -0.34417548382219865
598.74560546875 -1 716.9466552734375 798.350341796875 -1 775.6796875 541.7427368164062
0.9999746602681171 -0.0011324401867792088 -0.0070229579984534 -0.00027287696729799156 4.21393555639869 -0.07947933269646944 -0.35524848102601186
683.13427734375 -1 705.3869018554688 683.13427734375 -1 928.0694580078125 474.0293273925781
0.9999396212811772 -0.0032982353908815195 -0.010136049552557527 0.0026713170591268895 4.192697839775232 0.01095008599371336 -0.360713791040176
490.5520935058594 -1 668.47900390625 411.4930419921875 38840 865.7792358398438 442.99505615234375
0.9998623165270524 -0.006372767301379358 -0.014526688728693794 0.004869408655957903 4.183959732796239 0.09884993834887697 -0.2860681326153496
465.7901916503906 -1 858.456298828125 465.28302001953125 -1 858.456298828125 465.28302001953125
0.9998074348315421 -0.008638283160883406 -0.016590609186256572 0.005935065832250674 4.166768325369083 0.18838314504972337 -0.28985358992461085
351.9219970703125 -1 763.6966552734375 499.72900390625 -1 794.834228515625 435.9646301269531
0.9996623068308479 -0.013807941669272964 -0.019935883487086078 0.009336680249165095 4.1437604906775345 0.3260601905127964 -0.2905366032506434
471.5995178222656 15759 642.351806640625 492.69451904296875 38840 642.351806640625 492.69451904296875
0.9995147983697841 -0.01802690582988578 -0.022695912048985908 0.011405879285481589 4.127823579902025 0.4138042212030704 -0.21381584651211
475.05035400390625 15874 951.3374633789062 384.9256591796875 15821 778.603759765625 496.94677734375
0.9993474931367171 -0.021031938441236003 -0.025719553943415244 0.014168629846072247 4.127675307691022 0.5164763487461519 -0.158314366762054
347.5 15849 948.5 411.5 15821 947.5 444.5
0.9993022925526097 -0.02358077385695051 -0.025852854719609717 0.013057760384257426 4.131567309558998 0.586540853038301 -0.17436199554058912
553.4798583984375 -1 962.4327392578125 462.7233581542969 -1 949.0732421875 436.8764343261719
0.9992938277645623 -0.02417786157123951 -0.025446631553346206 0.013406928957801927 4.1378363488064 0.6728086925121711 -0.15513972125019046
655.613037109375 -1 804.3533325195312 655.613037109375 -1 527.1590576171875 500.47357177734375
0.999306809712404 -0.021595523903810983 -0.026174855784760906 0.01531046486505511 4.148881174773769 0.7884046678367278 -0.09462260750562079
0.5 -1 0.5 0.5 -1 640.6990356445312 437.93121337890625
0.9992797654944193 -0.0206551422258707 -0.02736540761459115 0.01626191375991144 4.170054323978656 0.9074943405776832 -0.02993871084471749
5.0 -1 0.5 0.5 -1 0.5 0.5
0.9992728235731528 -0.022281211967440387 -0.02576635035616847 0.01713087419613051 4.181546719652235 1.0192135414309131 -0.04666709234855281
407.0503845214844 -1 698.4415283203125 407.0503845214844 -1 651.3193969726562 497.84033203125
0.9993800417265003 -0.021539415201561475 -0.022938458161514453 0.01579281256413924 4.197458915506224 1.1071556041039614 -0.01339249026945587
548.1873779296875 -1 982.4409790039062 548.1873779296875 -1 1003.8480224609375 536.0488891601562
0.9994225219753501 -0.023365374382745264 -0.020163773254764275 0.014216332034515496 4.228691359707209 1.1748808536666282 -0.08235490673125485
372.924072265625 16054 853.2611083984375 372.924072265625 -1 810.9863891601562 429.9951171875
0.9995008348987848 -0.024565341816817427 -0.01574081642665841 0.012118238992420328 4.256459241969104 1.2550656445041926 -0.14595057150846366
0.5 -1 0.5 0.5 -1 0.5 0.5
0.9994723698796482 -0.027030638878575115 -0.013478151157543113 0.01194428107298883 4.277801241257178 1.323687183408772 -0.15903937417698372
519.49853515625 -1 456.580810546875 529.9116821289062 -1 460.9220886230469 539.9151611328125
0.9994531334147669 -0.028442781058778892 -0.009694824376507143 0.013800459896509446 4.29920918127278 1.4302778658742765 -0.23182556125672846
504.82830810546875 -1 512.099853515625 655.1953125 -1 512.099853515625 655.1953125
0.9994282608127998 -0.02959949218446472 -0.006501816133117349 0.014991595582033215 4.313335914875372 1.512827877808597 -0.2633883039370061
571.0486450195312 -1 768.8011474609375 580.447021484375 -1 768.8011474609375 580.447021484375
0.9993099013680248 -0.032684512068476314 -0.005997454553291468 0.01659741659281538 4.328063300682379 1.6009103830364924 -0.30225043090287307
617.2532348632812 -1 747.1962280273438 617.2532348632812 -1 721.8760375976562 685.6400146484375
0.9992135954546371 -0.03453021548898218 -0.005796022690160108 0.018608089581596942 4.332486149206385 1.687684416354317 -0.3410644858616279
560.6329956054688 -1 741.6082763671875 631.978271484375 -1 878.0971069335938 474.67327880859375
0.9992142910497893 -0.03463267303181834 -0.004779527198332682 0.018669082470722773 4.3284032207082115 1.7623821481135802 -0.2651692557737577
613.1585693359375 -1 755.4146118164062 619.2503051757812 -1 794.5786743164062 530.8917846679688
0.9991534789215424 -0.03483544646296997 -0.005943397122079383 0.021059279649453037 4.306846539360552 1.8636384771591135 -0.2049658868833122
632.910400390625 -1 772.1436767578125 650.0762329101562 -1 863.9288940429688 471.0118713378906
0.9989745044544557 -0.03708608852318556 -0.009159251587676795 0.02430369515893973 4.280649332872071 1.9775771479274702 -0.18750574024250366
471.4896240234375 -1 798.4772338867188 471.4896240234375 -1 896.7035522460938 577.9093017578125
0.9988286998835485 -0.039871132824990635 -0.010051506040219899 0.025504671778242217 4.262219857200619 2.0672355669457114 -0.1671757311089522
262.01812744140625 -1 844.017578125 669.5006713867188 -1 576.6759033203125 262.00323486328125
0.9986968093860589 -0.04245143257149297 -0.009018965481245495 0.02685548466109038 4.255608224673623 2.1849385944011455 -0.18826490648861752
322.32452392578125 -1 449.01171875 327.5150451660156 -1 713.9492797851562 403.3734130859375
0.9985230045526674 -0.04622957805655391 -0.008382786758415885 0.027283041948978917 4.270870904893592 2.263801539719207 -0.22274425130206787
213.49136352539062 -1 758.8950805664062 356.0084533691406 16512 719.4720458984375 429.0
0.9983347430859936 -0.051717273031698846 -0.002139623705824779 0.02546539667834622 4.255416693437796 2.3129850788388535 -0.2552695613930905
244.0513916015625 -1 720.7489624023438 454.288330078125 16489 718.0840454101562 461.4229736328125
0.9982100300959236 -0.05365471284699227 -0.0036422709463750013 0.02616565434984006 4.257924678592719 2.3978237661657302 -0.19651450422245267
481.16912841796875 16488 722.0333862304688 481.1946716308594 16489 718.4686279296875 485.7744445800781
0.9981983340706374 -0.05504000422356959 -0.0029296114616788192 0.02370867289321291 4.260843492459182 2.4538256724732253 -0.21597617432269198
503.31939697265625 16489 732.6622924804688 505.1134033203125 16488 800.0606689453125 632.86962890625
0.9980414464319108 -0.05845828223430937 -0.0036471599080420496 0.02196812843458062 4.253482716079138 2.5038336316198992 -0.23309062054366952
525.7940673828125 16489 732.849609375 336.9067687988281 16552 742.3574829101562 338.31805419921875
0.9979168921614487 -0.06007662204843049 -0.00743003506465542 0.022304044499230694 4.231584832282149 2.5695482987464744 -0.25930370465003594
531.8782348632812 -1 738.4065551757812 469.0946350097656 -1 593.355712890625 521.8299560546875
0.9979201528377007 -0.059642407678137 -0.01062776594127159 0.0220273093643412 4.215436311198332 2.624784384429028 -0.1391071396448526
372.1827697753906 -1 698.6370849609375 375.4922180175781 -1 757.5036010742188 398.3401794433594
0.9976865782191174 -0.06299648912808335 -0.014410553124428667 0.021101420748667426 4.2203484002293195 2.643335462352802 -0.16632434787912637
662.7205200195312 -1 712.7487182617188 381.9508972167969 -1 712.7487182617188 381.9508972167969
0.9976340194584699 -0.06437869046962053 -0.013469193692345078 0.02000820466289412 4.220019937302292 2.6604774762431296 -0.1960870327421884
367.89544677734375 -1 536.6861572265625 700.87646484375 -1 536.6861572265625 700.87646484375
0.9974786828943972 -0.06706682735149547 -0.011089270271646351 0.02038003741668667 4.211904277376103 2.6766984722886185 -0.23219298002686137
382.6322937011719 -1 719.4292602539062 423.4686584472656 -1 810.364501953125 526.4183959960938
0.9973677073715093 -0.06910516060390216 -0.012034033109807218 0.018366140517829074 4.246408395268085 2.6377324388233467 -0.344550676439261
426.42974853515625 -1 1094.6336669921875 613.0943603515625 -1 715.9328002929688 675.5413208007812
0.997553853261824 -0.06724601629934551 -0.006872248478908331 0.017806047714182722 4.249569337748808 2.610013819415219 -0.20400657524631508
364.84930419921875 -1 700.4242553710938 369.90045166015625 -1 725.862548828125 394.0777282714844
0.997666486840382 -0.06582566944527025 -0.003403858066061287 0.017803820598914825 4.260214903598346 2.5656351923346308 -0.19131294405412766
603.9658203125 16540 679.6817016601562 449.449951171875 16576 679.6817016601562 449.449951171875
0.9979954016221828 -0.0613024507790882 0.0014157974302189352 0.01565833283246251 4.273429036390813 2.4939040370456986 -0.23496686886910662
0.5 -1 744.345703125 363.6394348144531 16575 718.5171508789062 543.9080200195312
0.9981644496743215 -0.0582603143901048 0.004832139335801859 0.015815106795869012 4.289360630790243 2.4156591117256525 -0.1922721087151029
330.603271484375 16640 744.6795654296875 340.3659973144531 16552 728.6986694335938 521.2785034179688
0.9982035333412995 -0.05797928768671802 0.00369423010293572 0.014644483201280567 4.318957979536716 2.339189181177312 -0.10370975418913018
326.06298828125 16552 732.9705810546875 504.147216796875 16489 733.959716796875 530.4837036132812
0.9983031562988773 -0.05612759813170941 0.007665654042697814 0.013481045944672624 4.303878549304741 2.272037619035003 -0.23477605930368686
513.2797241210938 16665 724.73828125 513.2797241210938 16733 733.9732666015625 489.7593688964844
0.9983613575781658 -0.05554815581383175 0.0047142617809362505 0.012914248573758759 4.319456385597127 2.1766094572349988 -0.06959507209058477
489.7021484375 16513 728.1604614257812 333.5509948730469 16522 707.2139282226562 347.131103515625
0.9983661502579259 -0.05556791164307722 0.00544356939274794 0.012149270227561914 4.313542136851304 2.0831865194692476 -0.18208794014262314
445.66558837890625 16489 728.58935546875 450.16412353515625 16475 866.4611206054688 574.3749389648438
0.9985690075706571 -0.05288359290300372 0.0017536755320327576 0.0077580502157704725 4.34857669295534 1.9858943761772565 -0.18971409936215095
605.165283203125 -1 714.6775512695312 464.13671875 16345 703.7735595703125 467.6582946777344
0.9987602634334971 -0.049276544738709814 -0.00029405082279222863 0.007047826542927958 4.363692281038284 1.902547767264104 -0.04829389676287989
407.40972900390625 -1 862.3145751953125 675.6213989257812 16055 714.8319091796875 439.26873779296875
0.9989196243075107 -0.04627879900990322 -0.0015644941648761406 0.003925467303503659 4.382311816578544 1.816163195876085 -0.16478444690196167
561.7603759765625 -1 713.8535766601562 420.9455871582031 16345 703.0534057617188 424.6752624511719
0.9990088362440418 -0.044477453023717355 0.0010320043086980207 0.001426970902010705 4.378319456129222 1.721397734517081 -0.24675903177147182
399.8652648925781 16345 883.948974609375 567.3817749023438 16160 883.948974609375 567.3817749023438
0.9991555440675741 -0.04106700463378156 4.7438265467949254e-05 -0.0013029347834579304 4.395857919892069 1.6360855218780088 -0.2531032289159381
379.2317810058594 16345 884.676025390625 547.4893798828125 16160 863.7207641601562 615.8590087890625
0.9992820666429945 -0.03785707497606049 0.001005590585401516 -0.0010871741063050585 4.397245132119145 1.583877444301591 -0.18109502577083925
598.0281372070312 16055 714.070068359375 360.9233703613281 16345 702.9237060546875 365.0699157714844
0.9992617221480395 -0.03827199795267132 0.0027242675736203633 -0.0019604052214727704 4.398405160665202 1.5030465624517173 -0.13598345062765055
585.367431640625 16245 97.22355651855469 657.2838134765625 -1 771.5201416015625 668.41064453125
0.9992614818410871 -0.03792465143507072 0.003556753215914821 -0.005055811393268818 4.402528136565157 1.4107151685581492 -0.0785604874513093
603.982421875 -1 785.5684814453125 605.4083251953125 16246 771.53857421875 649.378173828125
0.9992305702784703 -0.03848309348539973 0.003361699683596301 -0.006783650344360045 4.40100112260953 1.3263108156188754 -0.057363156318704804
547.0315551757812 16055 712.0122680664062 354.85546875 16277 877.3262939453125 389.7048034667969
0.9992785667114359 -0.03699993064917721 0.002940824811744444 -0.008043804604865513 4.40309688265758 1.2385694182941918 -0.07807929680087732
524.9081420898438 -1 768.3580322265625 609.365966796875 41179 863.7644653320312 525.0648193359375
0.9993650099074484 -0.034011588139002485 0.004567035251307172 -0.009588067269375425 4.419914125283675 1.158954821536495 -0.15782079718460726
619.034912109375 39043 743.6256103515625 543.3809204101562 16802 751.3650512695312 548.5540771484375
0.9994268803851961 -0.030828385606577302 0.009325709696808114 -0.01041885517021557 4.425625053575716 1.0863363077575703 -0.23019292885647055
554.9856567382812 -1 797.3543090820312 554.9856567382812 -1 824.7224731445312 595.08544921875
0.9994199385759174 -0.029166051559990552 0.013956759560524399 -0.010692832921129368 4.419535628908019 1.015878146610705 -0.23247444738278283
559.1256713867188 35105 763.4876098632812 506.4830322265625 16804 763.4876098632812 506.4830322265625
0.9995410182690683 -0.024900086419203986 0.013961664234567907 -0.010139547610801951 4.421983442187366 0.9452173815799982 -0.2766991453724297
560.7283935546875 -1 764.39501953125 479.6923828125 16804 759.0176391601562 481.8004150390625
0.9996797106720947 -0.02099398152129353 0.01128536810117677 -0.008507013416087653 4.427942460556175 0.897180449067856 -0.28093350101494313
460.5146484375 16161 793.6917724609375 468.2373046875 35106 786.0757446289062 496.0708312988281
0.9997081297837639 -0.019873004521995724 0.011749273481776124 -0.007118532725810617 4.416213336138964 0.8321466287832563 -0.23931757766856493
437.0545959472656 16161 784.5009765625 472.50811767578125 41179 754.5094604492188 487.4013366699219
0.9996663246624264 -0.021181897484005487 0.012880374143071019 -0.007256894434108394 4.403909029540492 0.744244714356661 -0.2558182243811143
0.5 -1 0.5 0.5 -1 0.5 0.5
0.9996395185359815 -0.02153284947891437 0.013775693919654752 -0.008209727857942321 4.387177692138593 0.666494296908983 -0.24852846507827087
608.6470336914062 15848 818.1910400390625 462.0777893066406 39012 818.1910400390625 462.0777893066406
0.9996834918025319 -0.019691465024768713 0.01206266033564482 -0.009982717480841077 4.369811534511507 0.5838738116744683 -0.30654884907605806
459.54571533203125 -1 747.5047607421875 459.54571533203125 -1 1038.05712890625 484.44342041015625
0.9997515101140323 -0.017959223513555514 0.009736573900419088 -0.008920955340327932 4.354160455017964 0.5271770464993292 -0.24096429544020317
0.5 -1 0.5 0.5 -1 0.5 0.5
0.999762670131633 -0.017793489198490532 0.009956949064681057 -0.007671656844129974 4.333427335858686 0.47560109519805316 -0.24348658428033093
553.45361328125 15848 922.1115112304688 611.3185424804688 -1 922.1115112304688 611.3185424804688
0.9997909422293035 -0.01761271233214365 0.007719258337874118 -0.006948183306430121 4.333973780319006 0.43271243389049646 -0.23125756058524025
598.1958618164062 38790 919.5847778320312 598.1958618164062 38926 736.59765625 397.3916931152344
0.9998184240513038 -0.016717116348687555 0.0061291956975706875 -0.006788954901354154 4.336666476833189 0.3773131894690718 -0.2027744141108018
539.0054321289062 -1 859.8585815429688 554.8782348632812 -1 751.5274658203125 578.8370361328125
0.9997557690742425 -0.020079753967835647 0.00706365058208435 -0.0059422658822510825 4.339570582529384 0.2953212676219849 -0.23384706016266166
521.8965454101562 -1 741.4661254882812 497.52734375 -1 920.3274536132812 564.8407592773438
0.9997898051380064 -0.018801007186984835 0.007061712064708766 -0.004123092719927682 4.356296522140987 0.25063620674368026 -0.2476324791268755
540.9826049804688 -1 644.1595458984375 440.4100036621094 38868 870.3656005859375 497.4616394042969
0.9997711863845201 -0.01926818523759848 0.008141567360732366 -0.004475130595794657 4.3611580793011315 0.1705494534832173 -0.2587968567216393
524.5032958984375 38789 768.3589477539062 475.1018981933594 15848 872.9592895507812 478.90692138671875
0.999840412875669 -0.015373665399690135 0.007582773119629117 -0.005029984553289623 4.37443272398395 0.10434328871009385 -0.2491622464820087
503.23919677734375 -1 875.2762451171875 457.9805908203125 15759 744.6383056640625 482.2052001953125
0.9998693731712549 -0.013883842378926519 0.006940961442925204 -0.004505393342099198 4.39274407557627 0.043785971266633056 -0.2545205671745744
439.87066650390625 15759 749.0575561523438 464.6806945800781 38782 749.0575561523438 464.6806945800781
0.9998712178662549 -0.01350176471144844 0.007570092835791941 -0.004236003633927041 4.406918028942048 -0.01343473830252883 -0.270634436087959
604.082275390625 -1 938.710205078125 473.135498046875 -1 965.6675415039062 437.5451965332031
0.9998879465413718 -0.012973077827089024 0.006530965605103703 -0.003624927755968108 4.426950380779921 -0.06268527065117896 -0.1598652116129243
589.7691650390625 -1 841.39697265625 589.7691650390625 -1 968.75341796875 423.0162048339844
0.9998916970370001 -0.01296103521284517 0.006437506530193743 -0.00267661583965899 4.438029199356498 -0.11134903709407566 -0.15757840328536948
539.829833984375 -1 934.4749755859375 618.5409545898438 -1 971.68603515625 408.737548828125
0.9998843864016129 -0.013643006775707718 0.00594549182646272 -0.003119827451897432 4.4531506409137585 -0.17218662656184078 -0.16228203091964305
408.2287292480469 38840 946.95263671875 432.6895751953125 38790 809.953857421875 598.9512939453125
0.9998648858544271 -0.01462794467750904 0.006510494219719097 -0.0037211201055772176 4.471552367733121 -0.23718578528743453 -0.16981556704418657
449.88818359375 38804 979.1021118164062 382.2105712890625 38818 795.9219970703125 411.8871765136719
0.9998573356488348 -0.015292407469078811 0.006125558769049652 -0.003732044048497237 4.501835735274106 -0.2969609636251335 -0.16163385968207408
564.6996459960938 38594 594.6981811523438 595.1658325195312 38595 764.0614624023438 690.2194213867188
0.9998272380195203 -0.015528219227908268 0.009316684006609344 -0.004191410381785525 4.518446009210779 -0.37449915670049694 -0.2146613236343545
575.33837890625 38595 657.8241577148438 595.1341552734375 38655 657.8241577148438 595.1341552734375
0.9998349953489585 -0.014215982353617651 0.010019422448424254 -0.0052439579584373985 4.546862883842944 -0.45380380718995933 -0.1816748526437106
765.4906616210938 -1 1263.1226806640625 765.4906616210938 -1 1259.2132568359375 781.6389770507812
0.9998268266897786 -0.01225032790343605 0.012316920804844715 -0.006673796490210856 4.563764599521232 -0.5246667862562948 -0.2120606931913343
631.5042114257812 -1 1288.20849609375 631.5042114257812 -1 1285.7550048828125 647.9501342773438
0.999796899041187 -0.012001745429004512 0.013770328995616199 -0.00851450607120192 4.575201182860661 -0.5997388039607533 -0.2731786433541143
599.4339599609375 -1 491.3398132324219 495.2016906738281 38594 792.4940795898438 570.1340942382812
0.9997641723039438 -0.011154854847687235 0.014554859381482972 -0.011632929945756435 4.572184217482761 -0.6820922452329332 -0.28807051572738185
481.3492431640625 38594 792.3562622070312 555.528564453125 38270 745.8945922851562 729.6119995117188
0.9998062237659491 -0.011203603139882737 0.011846153472103353 -0.011030088099042856 4.577495547387329 -0.7451638520748852 -0.31506601825972796
593.6270751953125 38232 789.0369262695312 593.6270751953125 38254 753.3106689453125 727.2389526367188
0.9998676231157685 -0.009637488061888423 0.009804964757797253 -0.008701593806817594 4.580600043001358 -0.7934701470164983 -0.27633865650860284
556.5684814453125 38207 738.8910522460938 693.3193969726562 38379 738.8910522460938 693.3193969726562
0.9999118641226762 -0.006243414817153965 0.007049786521202045 -0.009358646704582039 4.580688569646094 -0.8725040172167364 -0.25225946534771704
531.6135864257812 38207 764.7469482421875 702.8727416992188 -1 787.3151245117188 599.7880859375
0.9999145821922618 -0.00552454861609601 0.006419739109329433 -0.009954628653604193 4.572896471497531 -0.9355113166990249 -0.28411944688392093
669.2528686523438 38278 718.080078125 722.66845703125 38285 801.6119384765625 604.0811157226562
0.9999310627472044 -0.003950281302860049 0.0045583740204516625 -0.010074038771227714 4.570703804101202 -0.9757698191943496 -0.24607095624922726
573.8942260742188 38533 877.8170776367188 633.2843017578125 -1 877.8170776367188 633.2843017578125
0.9999085551405723 -0.004775716329546155 0.004627132993782775 -0.0117755479911118 4.551425813997436 -1.036403859896864 -0.30141670335343373
564.4082641601562 38533 782.909423828125 574.41357421875 -1 810.2240600585938 591.5949096679688
0.9998671020145496 -0.004292851490704006 0.0039967969448253485 -0.015211027226548018 4.544081352969613 -1.1032208349039436 -0.2597466294624223
631.100830078125 38268 793.689208984375 574.6004638671875 38272 807.5516357421875 579.0966186523438
0.9997300409659855 -0.0030248065306304655 0.007292817757039748 -0.021852014661441307 4.511894722654365 -1.2014966729571512 -0.3286529303756581
545.1652221679688 38533 793.5982055664062 564.12939453125 38272 875.316650390625 602.947021484375
0.9997111746483514 -0.0017258915172823261 0.007441243246311158 -0.02278632222701562 4.500693852130601 -1.2277665827340958 -0.32148292489467994
586.031982421875 38455 720.7923583984375 614.0505981445312 38268 693.3106689453125 659.1101684570312
0.9997438588628297 -0.0029562947992243763 0.005140073743890424 -0.021841626061856342 4.483841438052012 -1.2329937339394135 -0.2865378781600978
462.57965087890625 -1 773.74560546875 592.3673095703125 -1 712.641845703125 612.0048217773438
0.9997381514321159 -0.0067565312742781545 0.0010966954786040518 -0.02183518067850419 4.460162016269716 -1.2342661547818747 -0.2502532458648776
457.3790283203125 -1 526.3873291015625 457.3790283203125 -1 755.0964965820312 543.0094604492188
0.9997429888684906 -0.009221940671864784 -0.0009624551515261508 -0.0206878152211236 4.441376088741188 -1.2051233335029057 -0.25637303661625677
667.3672485351562 -1 664.9429931640625 683.743408203125 38269 788.0634155273438 577.8617553710938
0.9995456220012962 -0.013664871434087818 -0.0015244618984950932 -0.02682343830778953 4.410723185928196 -1.2449178429408223 -0.2536415005178676
472.2044677734375 -1 775.7559204101562 582.180419921875 38267 904.4239501953125 663.2454833984375
0.9992789694209075 -0.020629680234030858 0.002178627472766407 -0.03179954636257712 4.383427549704452 -1.277178250163344 -0.27572926716914886
489.0018615722656 -1 870.8047485351562 721.4385375976562 -1 435.36669921875 489.0394592285156
0.9992151721701181 -0.02608556079677088 0.01108859873576076 -0.027669951229384076 4.386440249403686 -1.2299155359516563 -0.32498816709905015
512.6885986328125 -1 453.8146667480469 507.0780944824219 -1 711.6368408203125 671.6577758789062
0.9990647403839906 -0.03078521165927186 0.01949471568835154 -0.02327812975291784 4.39838995542005 -1.1752754640698293 -0.3289616676600763
536.4058837890625 -1 774.9102783203125 568.703857421875 -1 698.7462158203125 732.5882568359375
0.9990019097650981 -0.03410652916102725 0.023302395664853332 -0.016997861940655574 4.417099478190097 -1.1027592363233223 -0.3684525270253727
524.9080200195312 -1 718.4263916015625 678.6888427734375 38268 720.3787841796875 681.3773193359375
0.9989424735960745 -0.037428003193875785 0.02476121925317438 -0.009998051998843457 4.438050411209485 -1.0493496107486424 -0.3468488031718851
639.9644165039062 -1 715.9838256835938 675.6737670898438 -1 721.4794921875 678.9605102539062
0.9989027546544588 -0.03844515818082845 0.024830004751097434 -0.00993616728150395 4.410618295072567 -1.0608623719589025 -0.33082173732110215
510.3060302734375 -1 521.3450317382812 510.3060302734375 -1 716.0216064453125 675.7391967773438
0.9989423006856116 -0.03683747415652859 0.023281759420660852 -0.014671062571692704 4.337685886041011 -1.1024640218863286 -0.33716636104299835
700.5642700195312 38067 683.58447265625 700.5642700195312 8950 792.595703125 626.3959350585938
0.9989050775966318 -0.036728647147246836 0.0197513439037389 -0.02120228394292277 4.227835376018062 -1.175579151543125 -0.2718671494378646
697.6842651367188 8950 655.490966796875 697.6842651367188 38067 765.9918823242188 622.67919921875
0.9990447602542663 -0.03468701764783533 0.014555406814968431 -0.02223775950146903 4.115750945581827 -1.2096779001383249 -0.2116462487561295
621.7286376953125 20537 618.9002685546875 689.2286376953125 38067 618.9002685546875 689.2286376953125
0.9994015932805369 -0.028758202779680993 0.00986650598151373 -0.01649464097590079 4.0171441355059025 -1.1829412974580857 -0.24320342993518634
600.5294189453125 -1 698.04736328125 600.5294189453125 -1 583.7911987304688 674.1763305664062
0.9995965455473907 -0.02479129009171405 0.0052751716728697525 -0.012818370767512726 3.906378878619901 -1.190361453729832 -0.22467623603405273
923.8643798828125 -1 974.6971435546875 923.8643798828125 -1 940.7776489257812 911.30517578125
0.9996615093833281 -0.02175128660901657 -0.0012203142698814626 -0.014221779824673115 3.7925530488886987 -1.2314510951309785 -0.13865245856300554
832.9124145507812 -1 706.0121459960938 832.9124145507812 -1 714.4566040039062 393.2405700683594
0.9996573335616465 -0.017949474460076057 -0.004351586975214894 -0.0185498116923893 3.661910679205801 -1.274002291169956 -0.17986157279029424
800.4556274414062 -1 528.6914672851562 805.6580200195312 -1 564.2154541015625 807.1620483398438
0.9996421746551651 -0.017746676218083044 -0.00479221041346395 -0.019432263204677586 3.5344875651322383 -1.2943110196055603 -0.07476480156901148
780.8717041015625 -1 356.9517517089844 788.4338989257812 -1 307.41046142578125 776.5022583007812
0.9996417137314582 -0.01604989473999973 -0.0060540409597454005 -0.020547351044014662 3.43333650555891 -1.3015604445448812 -0.09084711158254448
759.4511108398438 -1 146.98373413085938 768.1127319335938 -1 159.56259155273438 762.0128784179688
0.9996674978853557 -0.014860167089209588 -0.00646993390885063 -0.020055150483816512 3.327034094522223 -1.302761548706516 -0.07737812415806394
586.4302368164062 12245 755.7852172851562 586.4302368164062 8850 946.6397705078125 465.632080078125
0.9996458060517058 -0.01423000300169011 -0.00944648183718319 -0.0204091508570809 3.2278134287843727 -1.3106063202380074 -0.054583434015856865
498.6826477050781 -1 1001.4906005859375 583.6273803710938 8189 636.72021484375 831.0859375
0.9996443919800151 -0.010981829912286453 -0.011869240195658362 -0.021204012164241875 3.1255639052603477 -1.3015504695900533 -0.07989346912289949
461.48309326171875 8688 693.3597412109375 583.3822021484375 8850 693.3597412109375 583.3822021484375
0.9996948185816309 -0.010401657719834255 -0.01036252842025096 -0.019866887588623358 3.019098774662231 -1.290186491152461 -0.06439433594701123
655.3800048828125 -1 854.9598388671875 458.7301025390625 -1 854.9598388671875 458.7301025390625
0.9997884379082743 -0.009713817144877875 -0.00848644833055606 -0.016021903012487675 2.942408237542362 -1.2612961406734187 -0.026408496225868574
665.807373046875 -1 738.4581909179688 457.9288024902344 8847 738.4581909179688 457.9288024902344
0.9997892538828177 -0.008644467930399635 -0.0054346047038779126 -0.017809718311972814 2.865192893206393 -1.2565690336818636 -0.05083613412450162
542.92724609375 -1 749.85009765625 652.5988159179688 -1 749.85009765625 652.5988159179688
0.999824355900762 -0.008155301055894308 -0.0036008548125854058 -0.016485819874454678 2.798327623549489 -1.2356867512009269 -0.0691246430513944
485.7102966308594 -1 906.7211303710938 501.18670654296875 8885 906.7211303710938 501.18670654296875
0.9998216880133025 -0.008608284684393192 -0.004961773823132216 -0.01605834404759787 2.723405134277523 -1.231256852007735 -0.10062327197853387
532.4412231445312 -1 938.4878540039062 513.03759765625 8058 938.4878540039062 513.03759765625
0.9998721788111594 -0.007710114911191358 -0.006898160541476141 -0.012189977384106133 2.6621594790601053 -1.2180262960711339 -0.10613217925120659
470.8558654785156 -1 773.6525268554688 481.484619140625 -1 662.3817138671875 461.23468017578125
0.9998462587618919 -0.0056827706188766515 -0.011687237203049284 -0.011771722240217828 2.5783631150928583 -1.2215789926733176 -0.11834960501439676
533.1099853515625 -1 894.1163940429688 608.9900512695312 8270 884.2734985351562 630.26318359375
0.9997853648305963 -0.005166201839752353 -0.017531517105651047 -0.0097560513055602 2.4961499761920676 -1.2152751059744484 -0.1152602349951617
648.3204956054688 -1 864.7584838867188 607.060546875 8270 881.9765625 711.88134765625
0.9996998103686406 -0.005357555858166445 -0.021574983562021897 -0.01030076834169399 2.383250861397369 -1.2237860887059853 -0.119736862655152
0.5 -1 772.933837890625 490.64886474609375 8578 772.933837890625 490.64886474609375
0.9996807094001693 -0.0032204036573652804 -0.02276215259039498 -0.010487738693813005 2.2664588259983653 -1.2256463862639633 -0.1333386051778698
630.8563842773438 -1 781.5155029296875 624.27001953125 -1 759.3535766601562 479.85498046875
0.9996928141054935 -0.002549672665748212 -0.023210966894571396 -0.008308285680938048 2.1795539937280632 -1.227984731807124 -0.11689624048253479
617.2789916992188 -1 734.705078125 497.2294006347656 -1 772.0724487304688 644.6659545898438
0.9997396388537922 -0.0018458438379185258 -0.02201834502211143 -0.005695598959069827 2.09319571998322 -1.2239748371365833 -0.11547658097219425
451.812744140625 -1 714.479736328125 521.4313354492188 -1 753.0055541992188 599.7052001953125
0.9997757087199984 -0.0015588607702282612 -0.020310516785406244 -0.005795266554166204 2.0156339081586503 -1.2225256670831182 -0.11451918357159217
623.1773071289062 8250 634.9967041015625 439.5068359375 -1 726.3347778320312 496.3588562011719
0.9998223487389053 -0.0005008725012012416 -0.01791342092844293 -0.005842040704843195 1.9392386865807307 -1.2079129541574427 -0.1404952777492692
625.56201171875 8250 771.3886108398438 510.03094482421875 -1 776.006103515625 534.4375
0.9998519575225557 -0.001028063290599776 -0.01665568532873771 -0.004194552468877234 1.8707514500776536 -1.1880809597579112 -0.14547445428012137
629.3674926757812 8250 687.0477294921875 603.1151733398438 -1 680.7093505859375 620.9326171875
0.9998408999033153 -0.0024459774077410837 -0.01727039102304615 -0.0037317112643727936 1.7830702492630763 -1.1838233309218809 -0.142014793896509
491.2646179199219 7749 824.4282836914062 575.8994140625 -1 701.9700927734375 602.3443603515625
0.9998447938062978 -0.003704534928358353 -0.016984844344717087 -0.0028600318166553196 1.7187787588709293 -1.183547599821438 -0.13989189462898455
536.5165405273438 -1 633.737060546875 633.4714965820312 8250 823.1746215820312 544.7415771484375
0.9998723481934746 -0.003957060506003545 -0.015472746459376095 0.0004723422730444551 1.675932332787302 -1.159895914604015 -0.14120701572728325
552.6403198242188 -1 812.28369140625 593.253662109375 -1 627.5694580078125 634.2764282226562
0.9999278965928851 -0.00845539168493809 -0.008406916622282953 0.0014253840496762013 1.6239820377540033 -1.1404570433240466 -0.14048826664234085
563.0225830078125 -1 742.2997436523438 584.22216796875 -1 617.9415283203125 645.9442749023438
0.999923809361214 -0.011314432066754008 -0.003912762129342076 -0.0030082207506334888 1.5538147396307929 -1.1386736569203493 -0.1515455866848447
568.8081665039062 -1 804.576904296875 568.8081665039062 -1 697.542236328125 535.63916015625
0.9998960772803547 -0.012499019884409145 -0.004108486025329168 -0.005893172648732833 1.4829464124373612 -1.1421991058268284 -0.14327381266675912
0.5 -1 0.5 0.5 -1 0.5 0.5
0.9998992719352758 -0.010424512327706891 -0.006155104311764587 -0.007408793217940428 1.4192585013637193 -1.1497637908589722 -0.13687630857430577
644.6826782226562 -1 1297.986328125 648.0387573242188 -1 1297.986328125 648.0387573242188
0.9998825933794967 -0.010647679939202279 -0.00979754767024933 -0.005043255719650354 1.3581016535603856 -1.1509641552737966 -0.12496117075704428
584.03173828125 -1 877.505859375 584.03173828125 -1 722.1321411132812 597.2135620117188
0.9998494231834313 -0.01308090677447074 -0.011397278131571612 -0.00035055514416992557 1.2609021772285807 -1.1615323345483421 -0.11583304364268207
471.4309997558594 7963 844.811279296875 587.3509521484375 7893 915.6500854492188 644.7214965820312
0.999813572718439 -0.012011265306091692 -0.013220184662708205 0.007333214248962844 1.1436067167351074 -1.170291965323841 -0.11522148746835593
575.9894409179688 -1 902.0097045898438 621.6298217773438 7713 877.0123291015625 642.38427734375
0.9997432443021715 -0.005737941583662236 -0.01744392864408903 0.01327519687277711 1.008730024063146 -1.1911579158927432 -0.12001815108001125
407.44085693359375 -1 835.9535522460938 626.9678344726562 -1 821.3322143554688 477.34375
0.9996420684663636 -0.0013450870335204458 -0.021137427607788056 0.01634426037750767 0.9210728525128733 -1.2010407144001998 -0.10767165965045379
552.2442016601562 7746 746.0060424804688 554.5652465820312 7893 825.7041625976562 595.6807250976562
0.9996260925872774 0.0003248709479421022 -0.022332002773450293 0.015775015996372613 0.8307566183902293 -1.208077701964884 -0.08212531273201522
514.6608276367188 -1 444.2100830078125 514.6608276367188 -1 877.0580444335938 598.561279296875
0.9996968597133574 -0.0013447818333599051 -0.0214458289005005 0.012019012598502028 0.7399111628836825 -1.2242540686460586 -0.0827026870528009
549.8912963867188 -1 859.5010375976562 597.8698120117188 -1 318.55926513671875 519.7615356445312
0.9997580288963814 -0.0014217157283573465 -0.020219900670488986 0.008545056962100223 0.6582192581299977 -1.2237264898945168 -0.1134659649502426
493.94769287109375 -1 853.8804321289062 620.9093627929688 -1 931.7117919921875 383.5658264160156
0.9997737507329695 -0.0015989733610632679 -0.01956023678234661 0.008202912076790197 0.5855484309827218 -1.2132129458984027 -0.11537728176954772
531.7710571289062 -1 914.7844848632812 385.6593017578125 4176 787.086181640625 467.30877685546875
0.9997436545635798 -0.002728690910944198 -0.01999324122338604 0.010268870977555798 0.4968132526989206 -1.2010350068797286 -0.09436686462542372
393.66766357421875 7602 892.2781982421875 389.1036682128906 4176 888.6380004882812 390.27496337890625
0.9996624838145363 -0.0035683537274999516 -0.021938075626691318 0.01345013543519666 0.43478165817924913 -1.190705076565356 -0.060777386130220316
397.3965759277344 7602 823.7994995117188 412.7542419433594 7550 795.8584594726562 426.89019775390625
0.9995478981289524 -0.006721864403057095 -0.022771104031077575 0.018447024316837785 0.3610310787668391 -1.1833776776012235 -0.07717341826733612
403.0096435546875 -1 850.7427368164062 400.2015686035156 4176 846.2692260742188 404.39337158203125
0.9994524405480656 -0.007437988958943762 -0.02416634897875302 0.02134204722606044 0.27787066811850697 -1.1712884910523882 -0.05864475628064306
5.0 -1 0.5 0.5 -1 786.2750244140625 415.784423828125
0.9994620214702621 -0.008409974722032572 -0.024638245317230793 0.01994735148936111 0.21430702898446677 -1.1774843638275314 -0.04458063602566281
406.3229675292969 4176 806.3516845703125 410.49261474609375 7602 759.7393188476562 411.2250671386719
0.9994140613329524 -0.006517406244861726 -0.027632939800135745 0.01911748058232141 0.15994995571327592 -1.1886008298054556 0.015037980640963575
402.30902099609375 4176 745.3779907226562 420.042236328125 7550 899.8702392578125 469.00836181640625
0.999409409580803 -0.004563062893752724 -0.03212351865653331 0.01131768737426645 0.06604840701528954 -1.209477026098802 -0.01999127432529898
469.37677001953125 7530 767.8916015625 391.8368225097656 3897 662.873291015625 488.1881408691406
0.9993797408197073 -0.0023078977686956524 -0.034032294347742964 0.008752724630227015 -0.02877651114165496 -1.2225174368081226 0.025755463213583334
459.004150390625 -1 848.361328125 463.0893859863281 3224 889.9342041015625 585.7647094726562
0.9994298111608736 -0.00010732213642425881 -0.032868441679902514 0.00772700371648178 -0.1769552612999648 -1.2370339010970204 -0.0038592916873351644
0.5 -1 0.5 0.5 -1 0.5 0.5
0.999323130949363 0.0074213347791324035 -0.03471111540065489 0.009661377091337088 -0.3302766931146435 -1.2323915148898932 -0.00472976077098682
610.9778442382812 -1 775.140869140625 447.7796936035156 3224 781.3533935546875 485.04620361328125
0.9992368422543496 0.0056343625079147055 -0.03429877366484798 0.01782080710217461 -0.45087128984059716 -1.2769870302013415 -0.006368116894232601
605.0006713867188 -1 767.6614990234375 444.5611267089844 3419 777.19189453125 540.3939208984375
0.9993047402724559 0.004764752522799179 -0.03283271821356715 0.017010168050448665 -0.5449211390124356 -1.279222828112247 -0.02132579248084351
362.4313049316406 4176 741.9356079101562 503.7523193359375 -1 848.4736938476562 535.9358520507812
0.9993006680734241 0.002614326253260904 -0.03240667671823475 0.01847017569839741 -0.6176294900166335 -1.2824382077388556 -0.04239051014251411
417.0 -1 744.0 430.5 3760 730.0 446.5
0.9992670735836159 0.001007592302697949 -0.03256166053485892 0.020100713236121247 -0.6785978655954585 -1.2779290831737955 -0.035835569001604284
612.0165405273438 -1 572.8848876953125 366.40362548828125 4176 784.2147216796875 574.5783081054688
0.9992753773890097 -0.0013068786699598567 -0.03142563143283866 0.021434595896391254 -0.7440153435357095 -1.2652668217659917 -0.03148744557347112
615.9298095703125 3882 711.46923828125 439.5766906738281 3760 715.2240600585938 571.7523193359375
0.9992761177426989 -0.003180473173926079 -0.030413344040008936 0.022630810939379162 -0.7957721047156915 -1.2473850502117116 -0.008956842987071965
474.4831237792969 -1 898.7487182617188 465.8529968261719 3942 739.891845703125 625.7808227539062
0.9992380203552421 -0.0063731731540710174 -0.029411785138526755 0.024853736850827684 -0.8487905772701902 -1.225073528557861 -0.01835306240565884
474.33721923828125 -1 887.496826171875 503.1136474609375 -1 756.4567260742188 363.8072509765625
0.9991608031427975 -0.012754174785431827 -0.026462204170073694 0.02854421550934476 -0.9066041753099918 -1.2090734819378213 -0.024239006491596195
487.5534973144531 -1 642.7716064453125 472.27056884765625 3886 790.7190551757812 487.2641296386719
0.9990541269785513 -0.01717185891766271 -0.026681058066927592 0.029733815242344665 -0.9400222709184047 -1.1963706589335377 0.005031111721449279
730.5681762695312 3735 784.2083740234375 364.2848815917969 -1 790.43701171875 382.5867614746094
0.9989477573895031 -0.018988220897887233 -0.027197448945851018 0.03167213672067823 -0.9596819768927521 -1.1939707001460178 -0.0008684117316578541
603.573486328125 -1 748.850830078125 357.0857238769531 -1 745.4447021484375 376.2008972167969
0.9989508055713402 -0.018680135234434413 -0.02681984727609116 0.03207859704041021 -0.9692507847646692 -1.1916600379222095 -0.0017041511779736522
587.4994506835938 -1 692.2424926757812 659.8961181640625 3882 1230.382568359375 742.8816528320312
0.9992874958220449 -0.01649422762415083 -0.025225837801954233 0.02271779601939483 -1.0126473149610045 -1.1650798731454677 -0.013489671623961611
640.0296630859375 -1 656.3955078125 483.9832763671875 3760 624.75146484375 499.4315185546875
0.9994338129655604 -0.018006616663586387 -0.024778157421452795 0.01392329602678592 -1.0799165963821946 -1.1457253624893868 0.005632961198764722
604.0216064453125 -1 1147.5035400390625 740.08203125 -1 1147.5035400390625 740.08203125
0.9994280174326996 -0.01871459428263515 -0.025518913763191462 0.011924217866457731 -1.149689190388574 -1.1390245579459226 0.0015339356412104467
0.5 -1 0.5 0.5 -1 0.5 0.5
0.9994252964601992 -0.01719369172367647 -0.026111262713375858 0.013101744916891124 -1.2521760571256646 -1.1299629218091518 -0.013064044494181417
676.5787353515625 3270 771.7745361328125 477.0329895019531 2990 603.5619506835938 490.20111083984375
0.9993604714348348 -0.018446706849557154 -0.02671312266517835 0.014992538725199633 -1.3412278132886184 -1.1456234642356606 -0.014308992827828446
616.4049072265625 -1 746.8008422851562 475.796875 2990 859.6129150390625 666.4224243164062
0.9993053593739737 -0.021715086993092225 -0.02550724242537406 0.016328940785889617 -1.423093633774475 -1.1810061869792974 0.0185609997636236
721.5107421875 -1 727.2981567382812 472.55963134765625 2990 956.0297241210938 616.1906127929688
0.9993979021474272 -0.01994392963015865 -0.02614455379068636 0.01106956012291465 -1.5219802195386303 -1.1850582435685157 0.005746329555188797
655.590087890625 4306 726.8180541992188 687.3739013671875 -1 726.8180541992188 687.3739013671875
0.9994521950477938 -0.016580823650841438 -0.027338348724091677 0.00854404999087247 -1.6155175075782213 -1.1952355659625131 -0.018946431804883108
624.6544799804688 -1 373.24114990234375 631.0365600585938 -1 373.24114990234375 631.0365600585938
0.9995513127830291 -0.011609377828107698 -0.02671830952431508 0.006966160802777939 -1.7239256284962698 -1.2037709239994228 -0.08218577688946546
648.9083862304688 3270 783.4837036132812 618.4729614257812 -1 783.4837036132812 618.4729614257812
0.9994925794757076 -0.012533761743890611 -0.028325151975350137 0.007427930742621377 -1.8030813950798115 -1.2461143972183415 0.037718566789676757
492.6046447753906 -1 1028.5589599609375 618.0134887695312 -1 661.8759155273438 661.9816284179688
0.9995552768293539 -0.010375814273346426 -0.026654154082935998 0.008434874680873693 -1.8851023852771063 -1.255005553220244 -0.02357749251642993
487.5808410644531 4664 895.3073120117188 484.55499267578125 -1 919.9207153320312 491.63922119140625
0.9996238802467554 -0.008907436989930231 -0.02466642717477674 0.008020160666861315 -1.9541140979637854 -1.2455148689440405 -0.043547977754314564
486.8944091796875 4664 511.96942138671875 618.1989135742188 -1 511.96942138671875 618.1989135742188
0.9996961603339607 -0.009455386106444282 -0.020777354866041174 0.009299688805807955 -2.0077503076383874 -1.2510327347038983 -0.020612694759629232
474.0185546875 -1 808.6356811523438 486.036376953125 -1 698.982421875 619.7708740234375
0.9997354822393734 -0.01149825931106288 -0.018800307557455695 0.006580579014672435 -2.0444391524342653 -1.2395845756369457 0.004283926333121432
476.7021789550781 -1 861.7566528320312 490.99615478515625 4664 802.3590698242188 537.7807006835938
0.999763185983122 -0.011220907317081672 -0.018636393539035314 -0.0005899387402481885 -2.0921544644325283 -1.2056547228345185 0.048726238394327985
538.509033203125 -1 375.04412841796875 620.9190063476562 -1 376.8648986816406 625.8345947265625
0.9997319578482445 -0.010222406078316893 -0.020147771060775137 -0.0050578841592595035 -2.1254007112800526 -1.1824218636827433 0.05043418559180722
630.4774169921875 -1 0.5 0.5 -1 0.5 0.5
0.9995858727053002 -0.011441473629305463 -0.022557480892647922 -0.01372355001271237 -2.1724506950179814 -1.1255206918993197 0.0416669224780825
616.7440185546875 -1 637.4119873046875 641.1720581054688 -1 833.5772094726562 496.40863037109375
0.9994593634860065 -0.015516962888497736 -0.022658528783614965 -0.018077490871958587 -2.229434872457901 -1.0793217138954745 0.0509536210952148
497.8081970214844 4730 821.9213256835938 507.596923828125 4881 854.4251708984375 624.389404296875
0.999266032499127 -0.02019084595838897 -0.022939479739152314 -0.02309775535058442 -2.292409384466764 -1.0280828723406565 0.12062236330819834
599.994873046875 -1 693.5983276367188 656.4032592773438 -1 719.0026245117188 674.9321899414062
0.9991357020932558 -0.021954649583553806 -0.02284548791533517 -0.026905870106549757 -2.3683232213839713 -0.9704895073910458 0.16545165694265299
532.01513671875 12038 826.5919799804688 612.8380737304688 -1 710.5556640625 682.814697265625
0.9990424602063267 -0.02586066644465771 -0.024721925006212387 -0.025183626822114072 -2.439107090347786 -0.9668200385483902 0.19959545999882577
539.4080810546875 12038 808.0180053710938 618.6350708007812 12039 671.2488403320312 652.5643920898438
0.9989404378135454 -0.02730800511311795 -0.026503350739241285 -0.025881401762982367 -2.5499676471711576 -0.9559055705391873 0.24141123145980722
542.8910522460938 12038 778.6629028320312 622.5315551757812 12039 840.4955444335938 628.1099853515625
0.9987489252581434 -0.0276709350377159 -0.02937996832691509 -0.029524923555385107 -2.6588089947187146 -0.9451239761005825 0.22114973676049968
541.905029296875 12038 796.0346069335938 561.6246948242188 -1 820.1044311523438 605.3244018554688
0.998689586810358 -0.02750743377297762 -0.03186195450989938 -0.029107836377699262 -2.7581494698479716 -0.9732760453708456 0.1753047146398455
565.1539306640625 12114 796.1823120117188 600.1283569335938 12088 730.369140625 624.38671875
0.9987072437588521 -0.02465638195805576 -0.03153762126588158 -0.031325429561699036 -2.8607846367541265 -0.9803190518015686 0.1353922129859823
592.4384765625 12088 865.8756713867188 556.66748046875 12114 707.3236694335938 607.0750122070312
0.9986556304629102 -0.02337964772956481 -0.03334007362995744 -0.03207434032241702 -2.925400032728368 -1.0067266647011794 0.13772324266506947
609.5531616210938 -1 851.8400268554688 539.2285766601562 12284 743.9769897460938 603.5452270507812
0.9987466087663108 -0.020460626948165195 -0.03198239389807568 -0.03261442477233032 -2.9912822463788484 -1.0235126644573902 0.141616123644292
520.5510864257812 -1 748.6236572265625 580.3956298828125 -1 831.1026000976562 661.2133178710938
0.9987852815896983 -0.018527077792793833 -0.03127868562429687 -0.033261877485544475 -3.055650444415657 -1.0379903719614871 0.133885160102561
654.4661254882812 12433 629.8006591796875 505.7123718261719 12038 717.2079467773438 645.5977172851562
0.9988760901947148 -0.01847094565051664 -0.030188926822344468 -0.03152791305194296 -3.106675315275058 -1.0579857514824684 0.1219074218550073
479.7895202636719 -1 619.4019775390625 502.9847412109375 -1 750.2689819335938 555.9359741210938
0.9989988125036985 -0.01728981740105898 -0.029788010720486775 -0.02855011817408829 -3.1434388726943796 -1.0765360140971942 0.12547887192089185
603.0242309570312 -1 0.5 0.5 -1 0.5 0.5
0.9991281390989123 -0.016353968081565803 -0.028744956731377117 -0.025480126593936305 -3.1832141445916524 -1.0921251099294007 0.11505819741146583
649.6511840820312 -1 694.6124877929688 593.63134765625 -1 690.202880859375 597.337890625
0.9991936716953975 -0.016967714589138445 -0.029166483962077095 -0.021758201184422163 -3.218875197676801 -1.107418458051165 0.13335950129046972
560.48876953125 12531 779.666015625 651.9686889648438 12479 775.3931274414062 653.5658569335938
0.999252479928663 -0.01825380818127382 -0.028343407674511708 -0.018919066697247588 -3.2702059676852087 -1.1138547006399777 0.16620524650187418
498.4402770996094 12802 714.64990234375 524.4323120117188 12478 1218.3531494140625 313.5377197265625
0.9992821930117325 -0.018860631897623985 -0.02778073828806405 -0.01753869648106948 -3.3206865261843923 -1.1107729977349583 0.16156831322248183
527.8596801757812 4733 890.6773681640625 582.2086181640625 -1 651.8883666992188 649.1480712890625
0.9993256408168584 -0.019224050883811898 -0.027697730547973573 -0.014544249588200378 -3.3610570567418114 -1.1166170935269764 0.15939346064534804
666.88623046875 13508 881.9505615234375 682.010498046875 -1 628.0962524414062 340.604736328125
0.999300342120041 -0.020863544585087802 -0.028207314940073204 -0.012957088021109174 -3.402400969667997 -1.113276879428675 0.16648432201862004
668.6304931640625 12479 741.0660400390625 676.0380859375 -1 899.8141479492188 687.2222900390625
0.9993052428973161 -0.021039433492560756 -0.02800386288976959 -0.012734104581755157 -3.447974634006065 -1.0952914154120954 0.16488526184516053
585.6092529296875 12531 712.7578125 681.90673828125 12558 712.7578125 681.90673828125
0.9993123978382312 -0.021514018360525893 -0.02796018447966561 -0.011406429092874832 -3.4882119222278516 -1.0883958264037528 0.1500607766030256
566.1326904296875 -1 793.2640991210938 566.1326904296875 -1 883.6331176757812 526.2284545898438
0.9993141841374354 -0.022284233420124193 -0.0276570217793051 -0.010472032701830626 -3.522246342242075 -1.0830142930482476 0.1645617570628358
539.5946044921875 12669 599.1390991210938 611.792724609375 12199 847.5565795898438 410.5262145996094
0.9993810300755612 -0.022085429578469606 -0.02572250526408938 -0.0093884635795102 -3.5547054007246524 -1.0729067330831208 0.18892750876439476
598.83447265625 12531 695.9741821289062 684.8564453125 -1 695.9741821289062 684.8564453125
0.999485922670826 -0.021947683088488486 -0.02253581437845133 -0.006190852945659293 -3.574934904590426 -1.0772294343460052 0.2168481894331231
601.3255004882812 -1 535.8458862304688 433.7380065917969 -1 721.4515380859375 483.3395080566406
0.9995530689988429 -0.022148215617270175 -0.019678940400867474 -0.0039822235829132776 -3.598649250789271 -1.077506490177696 0.2116541694980072
579.6089477539062 -1 873.5852661132812 579.6089477539062 -1 837.1721801757812 424.2315979003906
0.9995552710610247 -0.02324987792142494 -0.01827998053616978 -0.003813867113244408 -3.6359897586893566 -1.0716885297215706 0.21639108920894415
548.9140014648438 12802 848.7078857421875 611.15966796875 12531 579.1719360351562 372.4393310546875
0.9995862165994976 -0.020503262778893562 -0.01903477056982177 -0.006685006288420852 -3.7152649236572843 -1.0358402674133462 0.20876384985673896
557.5430297851562 12669 886.185302734375 639.9596557617188 12619 920.7626342773438 643.9716796875
0.9995445317094678 -0.020433986973668515 -0.021070400960048873 -0.007015661725276557 -3.796667106320658 -1.039060461793583 0.2876883951549843
617.1463623046875 -1 875.5433959960938 539.9277954101562 14988 875.5433959960938 539.9277954101562
0.9995666016265993 -0.018770662420978076 -0.02142851786645132 -0.007422248107978208 -3.859278346301698 -1.034544998392064 0.22066065412014338
569.2099609375 -1 849.5612182617188 554.6088256835938 12669 822.1543579101562 566.5333251953125
0.9996375196171775 -0.01648617942780953 -0.020537889572515365 -0.0055884124220184975 -3.9183112739732042 -1.0517848413761153 0.2696288941130829
714.2679443359375 -1 754.16259765625 420.43011474609375 12476 1035.7713623046875 494.0946960449219
0.9996878032155027 -0.013702726902827242 -0.020143969123998795 -0.005545438262253703 -3.9824404652304217 -1.0619436548966277 0.2921367659467964
535.76953125 -1 818.294189453125 544.6821899414062 12669 858.7986450195312 563.9728393554688
0.9996855641857444 -0.01292463268754552 -0.02065074070335912 -0.005939152879402004 -4.041504814643394 -1.0809799223188605 0.22333959581181467
479.612060546875 -1 853.9094848632812 628.609130859375 12899 802.0127563476562 537.7396240234375
0.9997165170768844 -0.009746418518273693 -0.020915968470528477 -0.005866436113180133 -4.099795376672544 -1.0985988988716755 0.15904881730622278
502.42669677734375 -1 804.512451171875 554.3372802734375 -1 816.246337890625 612.9676513671875
0.9996936356009108 -0.007934915426405946 -0.02033368934710253 -0.011671038246212045 -4.158589595597392 -1.0699703674552747 0.20183856105612932
599.9572143554688 -1 829.6890869140625 611.1615600585938 13186 827.2822265625 615.8982543945312
0.9996742862891255 -0.0038559136635065204 -0.02026950366700501 -0.015020002770988012 -4.198395961288441 -1.0434363249188716 0.11875518776578721
725.844482421875 -1 802.1312866210938 526.2730102539062 -1 795.516357421875 541.8700561523438
0.9996694205876191 -0.0025603124682686187 -0.019487258290299375 -0.016575316178167394 -4.257299651576425 -1.0364287365873444 0.12154926510283365
721.9703979492188 -1 436.02374267578125 721.9703979492188 -1 723.6049194335938 526.74169921875
0.9996139317560004 -0.0015002112293362822 -0.020657804348392348 -0.01852004117385397 -4.35190593780509 -1.0230111970677502 0.11649861652450715
494.305908203125 -1 975.2724609375 449.3802795410156 12963 948.7538452148438 456.1106262207031
0.9994837858269823 -0.001554239032069382 -0.023607789284726358 -0.021735190247206677 -4.455745256769813 -0.9850515330669668 0.1121461635020165
449.81439208984375 13149 947.4832153320312 449.81439208984375 12963 968.2904052734375 479.1117858886719
0.9995289793907686 -0.0024503546024291136 -0.02793884324499177 -0.01245938034184217 -4.528007699315851 -1.0610461938902265 0.10851314686026818
604.3458251953125 -1 666.3592529296875 496.5897521972656 13154 922.9420776367188 454.3758239746094
0.9996251960226642 -0.0031631088533914877 -0.0270511761219741 -0.0027741826633660566 -4.608394865786502 -1.155511690252123 0.014164316252461158
492.53656005859375 13154 902.2100219726562 455.4349060058594 12963 902.2100219726562 455.4349060058594
0.9996737396227043 0.00024995267017991423 -0.02508926610682158 0.004783362691832031 -4.6816493417772636 -1.2243079927774605 0.0011801573679680903
460.71533203125 13703 875.94384765625 468.9283447265625 13970 905.131591796875 478.5760803222656
0.9997437771143091 0.0010953601457609134 -0.021419928702654637 0.007236502037535014 -4.751946001901314 -1.2585347857823994 0.04806963510052401
493.86529541015625 -1 838.5394287109375 618.6280517578125 -1 758.4412231445312 440.7591857910156
0.9998119223295848 0.0012239180470375538 -0.017714010542502757 0.0077997322219749456 -4.808488011607787 -1.2706473221948933 0.05217339850840173
454.6245422363281 13519 818.8800659179688 488.8316955566406 -1 849.5574340820312 539.8255615234375
0.999891104072136 0.0017496759826014648 -0.013459741492670051 0.005792580626228386 -4.860242708278709 -1.2541019267138809 0.1071549725506402
0.5177744030952454 -1 0.5177294611930847 0.5177744030952454 -1 0.5177294611930847 0.5177744030952454
0.9999362626566136 0.0029342751207614946 -0.010163707884773032 0.0039445780347936625 -4.904271073377086 -1.2353695614771336 0.15967886315491212
450.76220703125 13519 798.5571899414062 452.77117919921875 -1 795.1720581054688 489.91400146484375
0.9999510435759477 0.004581662218850984 -0.008539634560631788 0.0019983653961285685 -4.962601243241589 -1.2207202488339628 0.15728057095269754
465.2323303222656 -1 857.2411499023438 465.2323303222656 13262 844.2092895507812 495.5168762207031
0.9999556389093547 0.005744811247281173 -0.006794043873975834 0.0030916540808959736 -5.008279069633109 -1.2389416991190811 0.16399735500548096
443.80792236328125 -1 803.4592895507812 452.61407470703125 -1 834.5757446289062 492.24224853515625
0.9999434161879126 0.007309002637029141 -0.007093959429885935 0.003068980694968496 -5.048723847224994 -1.232309553389843 0.1718536565324781
442.2215270996094 13520 831.937744140625 444.5820007324219 13519 762.4238891601562 446.00030517578125
0.9999260942875251 0.008757011029731141 -0.008027249164103934 0.002585341675287925 -5.099887324940565 -1.1982651672797702 0.13731908707306503
491.8907775878906 12896 812.2653198242188 497.4482116699219 -1 748.9954833984375 451.8982238769531
0.999905248699027 0.008799280440169035 -0.010585302877982702 -0.00013285651554274344 -5.151606470966929 -1.1333004021980546 0.13771983913962452
505.0123596191406 13188 752.5835571289062 445.3983154296875 13950 777.19189453125 472.9536437988281
0.9998903697264456 0.008029296679123945 -0.012250541263895576 -0.002168677452332999 -5.184531788263603 -1.0644971172580955 0.08263524071890078
482.90496826171875 -1 804.0601806640625 589.2680053710938 -1 786.361572265625 614.4691162109375
0.9998752145191172 0.0086652014202043 -0.011076857142763468 -0.007195339501056538 -5.207179726466799 -0.971076885785937 0.0868858390794121
481.4504699707031 13519 821.40576171875 490.93212890625 -1 766.0325927734375 491.3673095703125
0.9998165141807864 0.010331980063636089 -0.009598167125635758 -0.012963924836804381 -5.225416808438377 -0.8715066885848299 0.11634595485327513
481.19775390625 -1 793.424072265625 487.8829345703125 13520 788.6317138671875 489.5997314453125
0.9997843257446828 0.01175945145081399 -0.007927555333361976 -0.015171392924263458 -5.2439169154047764 -0.8060976338933038 0.1357905229589729
558.9804077148438 -1 769.1771240234375 579.3842163085938 -1 822.72216796875 580.2765502929688
0.9997507943006206 0.012703728869549515 -0.0066863827780504976 -0.017095521443713693 -5.272007458551416 -0.7416897244950158 0.12060534164652663
552.179931640625 13915 705.101806640625 558.134033203125 -1 852.390380859375 639.6231079101562
0.9997198535058172 0.01353753448708558 -0.005989200654987219 -0.018468328073563363 -5.294722338233858 -0.6828134553151789 0.11487085009767513
680.3624877929688 -1 893.773193359375 410.1155700683594 -1 872.0075073242188 427.70831298828125
0.999701489140804 0.014534155702290096 -0.005460370591801678 -0.018864656919242512 -5.304450374113624 -0.6331020408290075 0.09886010805950307
743.5491943359375 13745 914.824951171875 458.8779602050781 14141 731.2991943359375 527.1412353515625
0.9996772194221752 0.014914559108949284 -0.007601700316268107 -0.019110914348495867 -5.291614011676423 -0.5789734182799655 0.10708164450850136
534.518310546875 13260 733.88623046875 558.8732299804688 -1 724.4295043945312 574.5733642578125
0.9996452181592455 0.014597699662233989 -0.007457725160154868 -0.020993506409402337 -5.292185039075825 -0.5077756613201477 0.09183168904848918
571.302490234375 -1 631.0266723632812 480.7542419433594 14022 972.139404296875 541.9359741210938
0.9995781357142292 0.015125444488232628 -0.007992083974207568 -0.023471219074616197 -5.289226580179891 -0.4279162205237282 0.11186171938551068
604.0093994140625 -1 696.8973999023438 610.2301635742188 -1 871.538330078125 473.7193298339844
0.999526452767955 0.01591467674879651 -0.007655194410140341 -0.02519903330751577 -5.292419920544254 -0.3567554305779659 0.10913528960219054
544.4580078125 -1 934.1766357421875 477.1468200683594 -1 871.0502319335938 485.40826416015625
0.9995085166636202 0.01667927097093155 -0.011310865145897759 -0.024012316973161682 -5.279841378956408 -0.31614633712035833 0.09973732231728669
613.901611328125 -1 900.5248413085938 463.1163635253906 14292 869.1546020507812 498.425537109375
0.9995045432784819 0.016863527512485463 -0.011383581471290032 -0.024014651327794033 -5.298878173946414 -0.26004038357091164 0.08519193301375093
610.1578979492188 -1 864.7901000976562 510.70697021484375 14057 921.7952880859375 521.8240356445312
0.999516023743799 0.016963472058137755 -0.012316020364118385 -0.022984223665571995 -5.308628126728709 -0.21065472104862887 0.04150297087059245
501.2586669921875 -1 909.909912109375 529.6962280273438 -1 909.909912109375 529.6962280273438
0.9995198559590792 0.016765085663719283 -0.011812698733303957 -0.023226054225067603 -5.321570513722924 -0.14965896326986328 0.05191565858760569
0.5198987126350403 -1 0.5197861194610596 0.5198987126350403 -1 829.0554809570312 396.605712890625
0.9995020526711172 0.01645418734574848 -0.012785530669613234 -0.023694654049184114 -5.325172594246758 -0.09907959550748027 0.049145769093152936
458.7038879394531 -1 709.3588256835938 683.6333618164062 13944 861.2387084960938 502.91156005859375
0.999525157627762 0.016376808311187457 -0.011558551471818179 -0.02340212183990532 -5.336757940989905 -0.0648810724134016 0.04445669571533793
589.8931274414062 14457 867.461669921875 702.8887329101562 -1 753.9490966796875 710.3180541992188
0.999491487335771 0.016337203929204125 -0.012955526651251187 -0.02412502518740425 -5.3317755080357925 -0.028779428417149224 0.030356342506973447
562.6375122070312 14348 887.9957885742188 567.298095703125 -1 573.6822509765625 581.8219604492188
0.9995087691675931 0.015685161933171706 -0.012310393664640448 -0.02417954218001131 -5.331516210242872 -0.0017765786749845069 0.0537638387855504
528.52685546875 14309 859.1968994140625 528.52685546875 14310 911.052490234375 587.87158203125
0.9995267983364112 0.013300701899414773 -0.01481200045886003 -0.02344942171467904 -5.314298507847373 0.02981711064312857 0.08248665224135802
541.4181518554688 14310 859.9609375 541.4181518554688 14309 799.557861328125 453.8396911621094
0.9995280184192674 0.010194380750318387 -0.015904499536129418 -0.0242252325164374 -5.307167314607149 0.054637305900605115 0.06964837012166628
462.08038330078125 -1 799.8026123046875 462.08038330078125 14346 884.8861694335938 560.4711303710938
0.9995031855900312 0.010665869051576167 -0.015267484452259858 -0.02542685885544237 -5.29301798910824 0.07654264604692766 0.07283502556216362
551.27685546875 14309 888.3187866210938 562.3079223632812 -1 878.010498046875 579.0182495117188
0.9994398435131489 0.011088704865897987 -0.016490954677102633 -0.02692746249923003 -5.261479740986609 0.08121933332033233 0.09637346689180382
467.1219482421875 -1 912.2590942382812 559.853271484375 14473 805.142578125 683.1310424804688
0.9994008104689436 0.011722497973441092 -0.016939282992112302 -0.027814812007174398 -5.248041340200149 0.07552373448185379 0.06013488745346682
456.88287353515625 14346 913.9121704101562 555.8258666992188 14473 869.0494995117188 558.482421875
0.9992965527802542 0.01421679717454899 -0.022411793094040636 -0.026495165783747235 -5.215394992105728 0.045477274453036315 0.03452952811768362
669.298095703125 -1 777.7394409179688 681.4432983398438 13519 794.9631958007812 691.12158203125
0.9992242101362602 0.016547344342339256 -0.025502434183026026 -0.025035756899352016 -5.18654470309225 0.011667729038791232 -0.03765933118492224
570.9429321289062 14348 780.322021484375 674.26513671875 13519 726.7698364257812 704.844482421875
0.999194967070187 0.01685383986026408 -0.028174415671885552 -0.02305576208066807 -5.14292154481132 -0.033929655351408156 -0.05043294324244435
599.9754028320312 14269 646.9738159179688 599.9754028320312 14513 1023.4834594726562 621.93359375
0.99922665542013 0.017222539807722086 -0.02799959340630899 -0.021575402419278324 -5.104079783863016 -0.06681636647266721 -0.06236743349779296
600.0482177734375 14471 661.9190673828125 601.1435546875 14589 780.0900268554688 656.027587890625
0.9992646471850448 0.016863541080140435 -0.02705454051563424 -0.021303466991885803 -5.050755431384688 -0.09043120269354393 -0.07668807822781269
641.9195556640625 -1 807.7772827148438 703.9049682617188 -1 835.8522338867188 438.8685302734375
0.9991177254472488 0.018452690945612506 -0.028430068977652757 -0.02479919498507496 -4.988264329612979 -0.0650344882791631 -0.02926663119792013
576.0907592773438 -1 1176.9549560546875 576.0907592773438 -1 958.7400512695312 566.5924072265625
0.9990440624741518 0.018198330740834847 -0.03027714505316837 -0.02575027147079787 -4.940068391731296 -0.06958221419783049 -0.038715498188379646
568.0999145507812 -1 1216.6405029296875 568.0999145507812 -1 824.4572143554688 572.42529296875
0.9990045648501 0.017101861727452133 -0.031923421524405755 -0.02604421034111871 -4.883793859317092 -0.08680511635065019 -0.06443926077113045
645.737060546875 13519 792.0674438476562 688.8981323242188 -1 695.6210327148438 610.745361328125
0.9989479261432592 0.016705469549129152 -0.032902506607018475 -0.027228536504922116 -4.836716997946112 -0.08716783517224942 -0.0511001700805591
682.9775390625 -1 777.58642578125 686.9330444335938 -1 724.6978149414062 621.865966796875
0.9988828818673825 0.0163002291545209 -0.0346282975554494 -0.027715913303265786 -4.789595571330345 -0.09061752965185411 -0.07886001077817527
640.3838500976562 13519 844.551025390625 650.8147583007812 13970 862.4093627929688 687.570556640625
0.9988148516177857 0.016274423815526583 -0.03659999666166663 -0.02764915119093637 -4.744057633344796 -0.09030555618322395 -0.08529578327138253
636.87451171875 -1 880.5352172851562 637.8784790039062 13520 747.8381958007812 580.2821044921875
0.9988144760972002 0.015280300465533664 -0.037753370102321 -0.02666154163351796 -4.689712271302062 -0.09696553817141033 -0.13997673818034245
659.2102661132812 -1 892.6343383789062 659.2102661132812 14853 798.6512451171875 650.6575927734375
0.9988396117335654 0.014687258790942804 -0.0366923057532793 -0.027520704199858498 -4.630845770223202 -0.08169302709205561 -0.15560721915639897
661.2133178710938 14775 861.48095703125 692.0631713867188 -1 861.48095703125 692.0631713867188
0.9987051949068616 0.012255843698189234 -0.03988417343336485 -0.029102932340755335 -4.541891099653291 -0.06979988277994773 -0.11818507979587316
560.7049560546875 14639 632.4063110351562 562.8292236328125 14799 632.4063110351562 562.8292236328125
0.9985993183892085 0.00971515580945209 -0.040650660377126405 -0.032442886294377235 -4.4643524656147635 -0.03313401363389092 -0.13279286985851374
689.8890380859375 14786 796.2478637695312 565.7520751953125 14639 922.7059936523438 644.0086669921875
0.9984209185594994 0.007094135395899051 -0.04398465305400224 -0.03421539012650933 -4.396038257259562 -0.012881560187425152 -0.11857736792276116
686.7110595703125 -1 864.7191162109375 693.846435546875 14786 692.3344116210938 723.1681518554688
0.9982831842906447 0.0073705465241181625 -0.04721188502971556 -0.03387324782786092 -4.344398942086767 -0.006491658752214677 -0.16047562122801565
574.5753784179688 -1 786.9386596679688 583.5709838867188 14874 630.8069458007812 590.057373046875
0.9980633705412738 0.007823841402127885 -0.0519898643029153 -0.03324680284284136 -4.285355666372576 -0.015505127241858175 -0.2205907355642399
573.3909912109375 -1 844.2960205078125 596.3507690429688 14589 671.4346923828125 709.4119873046875
0.9978497438876597 0.008672557912202951 -0.05591689426929708 -0.033075312513529784 -4.23488359671949 -0.019431332335065003 -0.2305562248411889
590.0775146484375 -1 809.2590942382812 602.4323120117188 -1 811.4736938476562 605.7135620117188
0.9977413981210027 0.00933928250708743 -0.05974317320744448 -0.029251214212491012 -4.180074478680113 -0.04727316071439007 -0.26436672393782007
606.4292602539062 15004 889.8995971679688 681.5687866210938 -1 632.1303100585938 516.3282470703125
0.9976309685793127 0.00998913224777281 -0.062325545773671505 -0.027353137159253988 -4.127868111364933 -0.06223679151980803 -0.26543968315407285
605.8894653320312 15004 916.3785400390625 655.1727294921875 14361 920.4476928710938 656.658203125
0.9976497991270508 0.00951588946893331 -0.0635655614686391 -0.023743326315979963 -4.06887971320235 -0.09442325674303181 -0.26630106894647654
596.3599243164062 -1 727.1641845703125 512.985595703125 -1 727.1641845703125 512.985595703125
0.9978246909731066 0.009755249924009817 -0.06095209990688254 -0.023142227643126158 -4.017637890480663 -0.10218173086719222 -0.27082888881041944
0.5 -1 410.176025390625 306.0914001464844 -1 410.176025390625 306.0914001464844
0.9981243951692224 0.009302590063754454 -0.05542165881051406 -0.024281542802525067 -3.9492093723834674 -0.09738495571261357 -0.22665966534538182
503.76226806640625 -1 727.1932373046875 591.9706420898438 15132 791.5752563476562 718.9755859375
0.9983882660107015 0.008765362859957937 -0.05106569801516974 -0.023158868545363802 -3.8809304455642986 -0.11003443267450763 -0.20429770175441597
570.0380249023438 14799 797.0364990234375 570.0380249023438 14800 723.2022705078125 598.2135009765625
0.9985963144251767 0.006253170768854335 -0.04835956330619857 -0.020679731831508133 -3.8066578102901905 -0.1470162300906134 -0.22372068184664137
491.1640930175781 -1 981.5751342773438 488.9544677734375 -1 971.7400512695312 490.02325439453125
0.9985515643403573 0.006903902035496137 -0.050010143331701 -0.018603630131033715 -3.735157925241913 -0.1650645746286421 -0.20362538065854086
603.3593139648438 15004 812.390380859375 702.2096557617188 15077 662.5845947265625 441.90350341796875
0.9983224099929264 0.006569932738015927 -0.053950812692913706 -0.01996275280384838 -3.6732071311564094 -0.15964575080653529 -0.2090696083405038
584.4227294921875 -1 957.8126831054688 602.306396484375 15004 671.5266723632812 441.51788330078125
0.9979994418770971 0.0053958194337591445 -0.05922793107125039 -0.021448807115085136 -3.6128084795495834 -0.15885445979744506 -0.23749653289448241
699.44775390625 -1 814.3186645507812 701.8482666015625 -1 1123.0643310546875 474.51092529296875
0.9977626830807663 0.005623457023033321 -0.06360386445293822 -0.01981296063774586 -3.549909994235657 -0.16497010580910043 -0.2526844871188835
580.1156616210938 -1 819.9813842773438 604.2120971679688 -1 840.7417602539062 700.4963989257812
0.9976989651054232 0.005408393906499182 -0.06556488524466407 -0.01639421012961192 -3.473850129204972 -0.18702677260699507 -0.24394051069923628
597.7213134765625 -1 706.2535400390625 443.3158874511719 15325 695.954345703125 465.808837890625
0.9977117259863069 0.004857598700372459 -0.06522158968409343 -0.01714233949525398 -3.3937130193095646 -0.187523042145291 -0.26711910627239
465.6673583984375 15187 726.4411010742188 443.3542175292969 15325 731.6558837890625 443.8237609863281
0.9977529813638885 0.005072061945564846 -0.06413232157212231 -0.01871650867182735 -3.3041015580142954 -0.181582529317854 -0.26591968633491475
443.0692138671875 15325 739.9478759765625 464.9879150390625 15187 731.6942749023438 473.349609375
0.9977786103577168 0.004734074742645513 -0.0636914198932624 -0.01894297444792931 -3.2126041899374416 -0.19373089909954497 -0.24982080809118837
723.0529174804688 -1 736.3170166015625 723.0529174804688 -1 775.19287109375 440.70379638671875
0.9978098272167262 0.005207712464025848 -0.0631939921386652 -0.018840058338481215 -3.1416505001139456 -0.20135456021367845 -0.25092236825550024
438.56982421875 15325 782.1629028320312 460.2361145019531 15187 771.666015625 468.77691650390625
0.9978621744271637 0.005072281919612998 -0.06227016498953504 -0.019177574293869768 -3.070056150879755 -0.2126089971018916 -0.1738929350941516
690.0880737304688 -1 812.0076293945312 435.95831298828125 15325 800.7449340820312 457.6826171875
0.997852559629068 0.005654337271544596 -0.06251843651197786 -0.018701411920892724 -2.980883130136501 -0.2271970432680032 -0.1536965272930811
432.51580810546875 15325 822.989013671875 454.0672302246094 15187 835.5101928710938 438.4976501464844
0.9978577149692882 0.007048822508681754 -0.06221364704398181 -0.01896725860525773 -2.9102806287108316 -0.22890673079396243 -0.13201207584894573
600.2987670898438 -1 840.3082885742188 451.7538146972656 15187 1277.3846435546875 544.429443359375
0.9978239353206477 0.006352065259544433 -0.062391878152974145 -0.020354333904575014 -2.8544605152618625 -0.22873123989698263 -0.11426481472112957
539.1658935546875 -1 1392.6907958984375 539.1658935546875 -1 631.61376953125 653.0514526367188
0.9977426730297125 0.005221886226548056 -0.06308995050973448 -0.02240420640059413 -2.808033004489724 -0.2239410830241994 -0.1262005627170198
579.67626953125 -1 823.480224609375 579.67626953125 -1 873.0802612304688 429.05224609375
0.9975608234358566 0.004357376074250687 -0.06508158736504233 -0.02485565943139814 -2.7488364080339367 -0.21758173640069756 -0.14647591482199596
0.5 -1 874.1251220703125 449.7204284667969 15187 781.2855834960938 533.4845581054688
0.9974649335237828 0.003948956242701743 -0.0658966436592903 -0.0265658519424729 -2.6937108939932495 -0.21398008826105072 -0.16837119683641194
448.4630432128906 15187 874.2916870117188 457.5099182128906 -1 662.8158569335938 537.6800537109375
0.9972756978018287 0.003994117933955402 -0.06702134308839595 -0.030551091084169042 -2.6114793886548453 -0.20729657740692464 -0.17528027576836763
535.5445556640625 15535 710.5779418945312 669.18212890625 -1 710.5779418945312 669.18212890625
0.9973540647271382 0.004515296531939564 -0.06698027642214756 -0.02789487838110879 -2.5332576950417938 -0.23802116858618436 -0.10504344905373182
530.2900390625 15535 732.3344116210938 662.9192504882812 -1 732.3344116210938 662.9192504882812
0.997254813707478 0.004193576781761657 -0.067083066155276 -0.03106626283036719 -2.475551035341997 -0.24146378356518372 -0.11888738810718133
610.3575439453125 -1 715.7932739257812 526.71044921875 15535 748.0053100585938 658.648681640625
0.9972751020662375 0.0021331229800283574 -0.06872194534173295 -0.026741630720202657 -2.380106482752423 -0.285193654500394 -0.13818990749559926
488.5049133300781 -1 770.4641723632812 649.8916015625 -1 770.4641723632812 649.8916015625
0.9972361732391346 0.0016733751185009384 -0.07040127821085612 -0.0236827917559837 -2.304599353699592 -0.3138049373342462 -0.1445561834992837
0.5249232649803162 -1 726.5079345703125 605.13525390625 -1 742.0818481445312 653.8076171875
0.9972888676940768 0.0012425429300773375 -0.07075902934419206 -0.02016259474376111 -2.2396416418706457 -0.347253836932975 -0.0917978339047953
625.7955322265625 -1 693.411376953125 644.8781127929688 -1 755.3306274414062 650.156982421875
0.997376486003789 -0.0017852575954356634 -0.07073693150735441 -0.015272345693295193 -2.1724749922713125 -0.3911670294178185 -0.08703400946291223
648.8273315429688 15457 768.9548950195312 648.8273315429688 -1 625.2960815429688 294.6349792480469
0.9977959860387203 -0.004061709801360179 -0.06529166271949838 -0.011120770559216862 -2.0877748582064983 -0.4114012858842617 -0.038227418335011344
303.8068542480469 -1 725.2451782226562 303.8068542480469 -1 758.2582397460938 309.59930419921875
0.9983356169632887 -0.007338147703785952 -0.05684117276133185 -0.006420947743429612 -2.0088572607816064 -0.41758443811608453 -0.014690178629823476
322.86126708984375 -1 842.4769897460938 322.86126708984375 -1 870.108642578125 327.2930603027344
0.9986067423067667 -0.012373424563699904 -0.05127189307078327 -0.0016326558031190019 -1.904181466699554 -0.42663522814647736 -0.016765503367707442
673.7791137695312 -1 406.22686767578125 672.3510131835938 -1 406.22686767578125 672.3510131835938
0.9987415188804227 -0.01369151820991907 -0.04809532801325681 -0.0038419027617595603 -1.7996159015232784 -0.39367800590990637 -0.09977231893025143
369.5804443359375 -1 1121.9249267578125 369.5804443359375 -1 531.380615234375 701.1862182617188
0.9987897237050569 -0.01353306025531666 -0.045622706067268294 -0.012430317469874087 -1.7116354850392916 -0.33787233609443 -0.04868417999701014
727.5978393554688 -1 658.9490966796875 728.3292236328125 -1 819.9029541015625 570.1514282226562
0.9986592605088489 -0.015035867745035073 -0.04671449155468302 -0.01647301914830943 -1.6086294370977243 -0.31369599793023417 -0.06514032666833072
685.5767211914062 -1 771.4442138671875 515.8148193359375 -1 928.6900024414062 680.9532470703125
0.9985525759386356 -0.01425486288510502 -0.0476582960923688 -0.020450887120476845 -1.5090741370435232 -0.2810789166616046 -0.0397795091452475
552.2117919921875 -1 604.7324829101562 554.1567993164062 17014 741.44287109375 615.5177001953125
0.9985305160312519 -0.01483408769486163 -0.04754930529776653 -0.021349987408022932 -1.418173775903668 -0.2702837348332777 -0.023145521729042967
563.0069580078125 17059 1010.0741577148438 780.7572631835938 -1 629.8574829101562 558.2335815429688
0.9984564312624796 -0.015041414122570993 -0.04876380998401283 -0.021922626841459226 -1.327245187915957 -0.2637429718430603 -0.019540687761764642
516.9974365234375 17155 674.3689575195312 516.9974365234375 17156 611.4102172851562 565.1021728515625
0.9985255198330686 -0.013884371373069356 -0.04852317691955937 -0.01998779065600364 -1.2509047521128716 -0.26432489583942154 -0.013833601930977992
553.5946044921875 -1 651.8383178710938 563.7194213867188 17059 668.168701171875 603.0261840820312
0.9985904960356482 -0.01367803133537829 -0.04794082899162024 -0.018210151060960966 -1.1749752368037318 -0.2803671816792202 -0.016151907982121835
549.690673828125 17271 654.0518798828125 604.2333374023438 17162 713.389892578125 512.744140625
0.9986131289601186 -0.012383835856623053 -0.048270316588012965 -0.01698339820092367 -1.1011778694241856 -0.293032473608992 -0.019897917752792895
636.0528564453125 17607 706.0294799804688 595.4946899414062 17154 685.8870849609375 600.5064697265625
0.9986139394732366 -0.010562979970403582 -0.04879089240194299 -0.016675495869988437 -1.0431935416820446 -0.3019278326964333 -0.03382891152004483
561.1426391601562 -1 634.3155517578125 561.1426391601562 17484 735.0398559570312 561.0225830078125
0.9985522342240772 -0.008158523262772185 -0.05113570475171598 -0.014560691048845269 -0.9796475822491606 -0.32160159783321396 -0.047154604854410226
532.5458984375 -1 688.9136962890625 445.3524475097656 -1 688.9136962890625 445.3524475097656
0.9984872870253967 -0.0062763161650063815 -0.052774598813218665 -0.014092097933374145 -0.9372657109008142 -0.3297829153543141 -0.06432680085447395
558.521240234375 -1 743.0340576171875 573.711669921875 -1 746.6140747070312 582.0771484375
0.998347492194403 -0.00692213359335382 -0.05438899938179127 -0.01721062584305729 -0.9005675439153098 -0.32864682172360477 -0.06456174458435165
579.9337158203125 17154 672.7424926757812 526.9254760742188 -1 711.5126342773438 530.9763793945312
0.9981810954729669 -0.007962069646956837 -0.055760789393553105 -0.021490473553013405 -0.8587199126202562 -0.3286054436986371 -0.03760459262964963
544.7113647460938 17652 879.140380859375 620.5650634765625 17318 662.3732299804688 473.77838134765625
0.9979964268702946 -0.008696805147971868 -0.05772555884729728 -0.02439789724772305 -0.8221777512704521 -0.33759636140347904 -0.0490218773273481
585.9031982421875 -1 1182.252685546875 622.83935546875 -1 631.4736328125 699.1856689453125
0.9978464643109094 -0.007129682885300427 -0.06045612526038059 -0.024426588027665067 -0.7739182777459078 -0.3425952151503106 -0.05741102859901795
483.35504150390625 -1 792.0523681640625 483.35504150390625 -1 754.105712890625 578.3977661132812
0.9977139213704864 -0.007727994155329428 -0.06154420462994623 -0.026823871576068047 -0.7405898431380117 -0.3402011934793748 -0.0600182433316107
0.5237268209457397 -1 0.5236731767654419 0.5237268209457397 -1 0.5236731767654419 0.5237268209457397
0.9975685432860827 -0.011588680560701094 -0.06491723479806692 -0.022548981243453153 -0.6994808300752392 -0.3517435771512866 -0.034864845316788656
0.5241943001747131 -1 0.5242094993591309 0.5241943001747131 -1 0.5242094993591309 0.5241943001747131
0.9974113969774998 -0.013440269000958424 -0.06844682286423041 -0.017461294006085443 -0.6606575472081911 -0.3555573357699304 -0.06301511476490197
574.7776489257812 -1 772.4929809570312 579.9324951171875 -1 731.4998168945312 386.0982666015625
0.997343915648951 -0.013541754299813616 -0.07037096994331207 -0.013025413534285895 -0.6025190419293917 -0.3487372135684577 -0.054585870801981476
586.6061401367188 -1 719.474365234375 523.3064575195312 17889 784.3121948242188 545.8345336914062
0.9973993584144201 -0.01572814067847552 -0.07016013431566188 -0.004970007858105036 -0.5359239886299803 -0.34674857359731565 -0.04280821761075986
598.1328735351562 -1 1142.6788330078125 601.3513793945312 -1 1131.3575439453125 603.4091796875
0.9975376116047106 -0.01753280698054433 -0.06789755131316356 -0.0011120427280405265 -0.45731699224482325 -0.33481982304024016 -0.04961055048129989
546.6719970703125 -1 823.3494262695312 555.134765625 17272 808.6694946289062 601.31103515625
0.9976374391709008 -0.016607565090812196 -0.06625710055637372 -0.0073297593510499555 -0.36620495742677167 -0.3114145664453546 -0.07352858599945573
609.6734619140625 -1 802.1551513671875 616.255126953125 -1 782.4116821289062 449.9429626464844
0.9976060224229015 -0.016521018307684893 -0.06561416349710834 -0.014285010612850972 -0.27217626985750476 -0.3093903222598275 -0.06520847837788164
598.2340087890625 -1 748.0254516601562 459.8492431640625 -1 748.0254516601562 459.8492431640625
0.9974824905406724 -0.016773550714604884 -0.06602143146620715 -0.01971039442413658 -0.1934631489352973 -0.31253604912136057 -0.05328387620758691
661.8550415039062 17951 811.517333984375 514.930908203125 -1 893.3064575195312 556.6153564453125
0.9973798625967074 -0.017023637863611604 -0.06747033901531564 -0.01978279033958996 -0.12206780780849309 -0.32134084113205713 -0.03673449019567259
632.9313354492188 17163 908.4187622070312 555.0632934570312 17059 633.5579223632812 603.41650390625
0.9973263529604903 -0.01491679072603981 -0.06974340056749014 -0.015921467339588435 -0.033851652853477764 -0.33391115373429475 -0.030947805770557956
593.1332397460938 -1 696.3926391601562 625.5592041015625 18103 652.751953125 653.7869873046875
0.9972580854451515 -0.014288054514772922 -0.07152862271663013 -0.012482733863855415 0.04694666297300912 -0.35583935743807366 -0.010762101424098062
565.841064453125 18237 576.5291748046875 637.8292846679688 -1 941.4808349609375 542.4957885742188
0.9972612681210933 -0.013179130772060295 -0.07194747196077922 -0.010946912626611505 0.11928639915247187 -0.3690131194499454 -0.00027957334897963884
675.0608520507812 -1 905.5814819335938 549.4757690429688 17987 777.6707763671875 564.099609375
0.997374530148467 -0.012726958787759158 -0.07046973138439674 -0.010774418302181397 0.17582676562763014 -0.38213301995839816 -0.009838735939001022
594.6187744140625 -1 705.5086059570312 637.919677734375 -1 706.1178588867188 580.4691162109375
0.9975491793264043 -0.010580089806431705 -0.0683199557352537 -0.010774050920532331 0.24472398431111214 -0.39289732026765023 -0.00395630647953514
576.3060302734375 18083 773.6710205078125 584.1281127929688 18109 899.4877319335938 592.0452880859375
0.9976919520846101 -0.008935101224167146 -0.06637631310395815 -0.011185605501679238 0.30846457375517106 -0.401696443340409 -0.019647413868688537
576.6018676757812 -1 749.6615600585938 572.3702392578125 18083 793.3353271484375 579.6307373046875
0.9976792764249051 -0.008929679694700179 -0.0658385895021214 -0.014886314023256783 0.37375145875827076 -0.41728542018000736 0.008083313413632873
577.02490234375 -1 531.3241577148438 577.02490234375 -1 534.981201171875 576.9513549804688
0.9975119022530905 -0.007544719968688261 -0.06709584067791614 -0.02027881228619191 0.43751220876503727 -0.4245137594605301 0.03185866244393078
580.4503173828125 -1 819.5911865234375 593.5538940429688 18103 802.3322143554688 608.2963256835938
0.9973728217980466 -0.007822153118847756 -0.06858594123391604 -0.021959893539016798 0.48300040249244347 -0.43321070793989763 0.019292058009633278
541.2205200195312 18237 772.2803955078125 557.9710083007812 -1 682.6527709960938 578.7442016601562
0.9970902335540709 -0.008680499665644098 -0.07119183543259859 -0.025834814579962413 0.547309901924766 -0.43821555813088336 0.037267879800234556
541.605224609375 18237 805.1663818359375 566.4830322265625 18279 819.4815673828125 567.9963989257812
0.9970042776279113 -0.01121353799824458 -0.07321474408559892 -0.022278424668025636 0.5827743204167625 -0.43520355022095747 0.04599247430562812
562.584716796875 -1 846.57470703125 582.2803344726562 -1 769.9697875976562 585.0735473632812
0.9969326236054321 -0.012035335376554938 -0.07523540421475013 -0.017892139229479628 0.6217727092386627 -0.4261174538128168 0.051588147706907214
548.4274291992188 18237 786.5741577148438 572.4595336914062 -1 789.2376708984375 593.9905395507812
0.9969710032771719 -0.01148565992470763 -0.0763359539029754 -0.009472084370720925 0.680681188477854 -0.4109636548714311 0.07388748287436951
591.1347045898438 -1 815.4207153320312 608.9317016601562 -1 783.8944702148438 556.8493041992188
0.9970838140337279 -0.011431595152351103 -0.07539170002917364 -0.0030459794710714513 0.7518936744751465 -0.40108588437925374 0.10094560576198279
620.8789672851562 18281 977.8082885742188 624.9571533203125 -1 977.8082885742188 624.9571533203125
0.9972954095619588 -0.0117196629354321 -0.07251107035334066 0.002580744764134137 0.8260374788836592 -0.3866226849662462 0.11853019047762517
637.7489013671875 -1 907.8355712890625 582.6248779296875 17954 851.371826171875 626.8463134765625
0.9975045182167447 -0.013397903551797936 -0.06893100665777974 0.007331346311707966 0.9052429235978448 -0.36976389654777075 0.1309420817868118
584.4446411132812 -1 1185.9200439453125 584.4446411132812 -1 1202.3790283203125 585.9039306640625
0.9974889702314179 -0.015681151803709725 -0.06850605503856258 0.008762201083514904 0.9965817307413343 -0.36255033311021423 0.14477294961223336
535.6837768554688 -1 793.161376953125 535.6837768554688 -1 897.5894165039062 625.9352416992188
0.9974377256356587 -0.015652225916215377 -0.06949591681020818 0.006580945930554483 1.1067576072546144 -0.3748621367201624 0.13884122678829147
0.5 -1 0.5 0.5 -1 0.5 0.5
0.9973284151975322 -0.013974559965262453 -0.07167255876409169 -0.001946338501902998 1.2039680970484592 -0.4032013552436279 0.15082282236086017
435.60430908203125 -1 634.1089477539062 474.5461120605469 -1 791.52783203125 484.05194091796875
0.9972662483501185 -0.014273439844164917 -0.07238646898125005 -0.004061763794391959 1.295149141062445 -0.4239192634102986 0.1673713982266288
567.111083984375 -1 588.0787353515625 567.111083984375 18638 659.3215942382812 418.18768310546875
0.9972199770580186 -0.013448483202329097 -0.0728713996725403 -0.007823986562266948 1.3793447129042704 -0.4467670434073228 0.17942023870214055
452.0701904296875 -1 679.3704223632812 471.9411315917969 18673 679.3704223632812 471.9411315917969
0.9971814633498318 -0.012066613942747937 -0.07360451209353722 -0.008117991064116621 1.4764154738636388 -0.45743584289795464 0.18367994740957458
14.5 -1 702.041015625 405.998046875 -1 703.75537109375 467.37353515625
0.9972597118590731 -0.012940201263806224 -0.0725756333776897 -0.006196429119887342 1.573541769375703 -0.4680600194081199 0.2015890825679504
551.8839721679688 -1 727.6131591796875 407.18377685546875 18590 615.6160888671875 530.4090576171875
0.9973535398936417 -0.010933925260586707 -0.0715295287859225 -0.00706344474614471 1.6631431435343889 -0.4750144346417763 0.16111466693571802
404.04510498046875 18590 659.71533203125 466.6716003417969 -1 659.71533203125 466.6716003417969
0.9975434945766277 -0.010793380554300961 -0.06886167591338971 -0.006967707977439291 1.7495109882165756 -0.48343860051621707 0.17326506674369324
399.34991455078125 18734 668.250732421875 503.1776123046875 -1 807.1085205078125 424.7328796386719
0.9976110201879177 -0.010262343401041797 -0.06789384950443607 -0.007573764388350276 1.8233570733366058 -0.4819598885983936 0.1726021506608783
501.9569396972656 19018 748.0247802734375 543.994140625 -1 736.8359985351562 374.07366943359375
0.997651641790194 -0.010484255017341416 -0.06717900130777682 -0.008262191800689819 1.8858056133525989 -0.4801618428431713 0.1766004751104832
556.7715454101562 18809 703.3495483398438 584.2273559570312 18945 827.6387329101562 410.145751953125
0.9975558683180079 -0.01101304044674819 -0.06764231702850453 -0.013620553272131975 1.930364038540365 -0.49909266011987763 0.18480987994699655
489.81292724609375 19014 690.4850463867188 511.7313232421875 -1 741.5797729492188 527.5368041992188
0.9973862531900209 -0.011763492161144275 -0.06841239488811662 -0.020050596634978834 1.9711513610975577 -0.5216165775501864 0.1960079867439851
424.3238220214844 -1 844.5656127929688 424.3238220214844 -1 858.878173828125 445.92889404296875
0.9971390389732282 -0.014187536327636502 -0.06905966210838106 -0.027261948535921208 2.0033392436463306 -0.5486347290652377 0.1997221422224506
427.2364196777344 19013 851.262451171875 427.2364196777344 -1 802.8660888671875 494.6416931152344
0.9969801863621935 -0.016099223699008347 -0.0696588101779309 -0.030314570128735396 2.0355154284862484 -0.559764694887355 0.20827688480008252
477.94366455078125 -1 792.0060424804688 483.25811767578125 -1 812.006591796875 497.7230224609375
0.9969355295287321 -0.016363916243078876 -0.07098276833870212 -0.028516991556440534 2.075792014878988 -0.5422248184493084 0.20321598427805188
517.4923706054688 -1 800.0747680664062 558.2716674804688 18942 803.7682495117188 560.2183227539062
0.9971091851725128 -0.015779140796105533 -0.07076536737611126 -0.02272783184706187 2.128237058303092 -0.5064155207126229 0.1899369175024459
417.6109924316406 18590 636.9702758789062 491.3426208496094 -1 636.9702758789062 491.3426208496094
0.9973124014319761 -0.015465882600091487 -0.06929130349529038 -0.01809684186008386 2.1904670499980656 -0.47869518113107334 0.22945955240635701
524.3851318359375 19018 798.2474975585938 525.483154296875 -1 851.7199096679688 574.6432495117188
0.9976026352241852 -0.015868705149988012 -0.06596781197465604 -0.013616687332110097 2.2592612127992564 -0.44793530057938946 0.23422059494933356
529.01220703125 19018 882.8851318359375 569.331787109375 19098 911.3605346679688 588.5698852539062
0.997786798541495 -0.017096378143592297 -0.0632302886535908 -0.01145203507980192 2.3338101731265977 -0.4192263590439216 0.23546637684519311
577.8602294921875 19098 806.0731811523438 611.8660888671875 -1 806.6995849609375 545.42919921875
0.9977687381469648 -0.01828690898036008 -0.06195444016932619 -0.016875469767182027 2.4265024031487448 -0.43028662903479337 0.20571419575591268
596.4384765625 -1 877.3837280273438 490.8487243652344 -1 882.3232421875 496.0805358886719
0.9975624052030582 -0.01903635046090736 -0.06159555320919891 -0.02669930544923818 2.501051742723714 -0.49055511691451326 0.2315984250366181
518.3366088867188 -1 782.5718994140625 582.4505615234375 -1 962.3951416015625 590.3931884765625
0.9974534982604087 -0.01802501776716354 -0.06292014186217022 -0.02833148938214338 2.572658246328038 -0.5189067320356527 0.26088117003779837
711.4249267578125 19101 725.04296875 411.9276123046875 19413 770.3423461914062 425.3755798339844
0.9972436384527024 -0.016279018869148544 -0.06578323009156943 -0.030210689316755465 2.6308533116332087 -0.5494104300993009 0.28108002211841016
449.792236328125 19350 786.3194580078125 449.792236328125 19351 822.4319458007812 453.8826904296875
0.9971346358298676 -0.014420775264869706 -0.06838605566371198 -0.0289466174182255 2.699618368833048 -0.5643110980061499 0.28789239311497855
501.3796691894531 19353 784.4027099609375 501.3796691894531 19535 758.1024169921875 522.1174926757812
0.9970005536010536 -0.013958741093236441 -0.07012574483916481 -0.02962143779490036 2.762612058729716 -0.586824935204544 0.30941400817804715
0.5 -1 0.5 0.5 -1 785.4317626953125 412.53582763671875
0.9970042615759147 -0.011831464503372873 -0.07036247917616072 -0.02986034781035012 2.8271015601100165 -0.6016770037388326 0.29645822032053426
562.1600341796875 19395 786.4072875976562 644.1481323242188 18889 872.1514282226562 423.45587158203125
0.9971762111609279 -0.009005691961111888 -0.06834099748933758 -0.029799487733858727 2.8834583494827726 -0.6137177433365548 0.2850924346813399
506.6163635253906 19512 797.0634765625 534.8031616210938 19513 781.6429443359375 460.8228454589844
0.9971930499879663 -0.008315643500008138 -0.06851643762400347 -0.029023592200040922 2.9483036995688106 -0.6273925708288948 0.2811818390922805
495.6344909667969 -1 817.0946655273438 528.1708374023438 -1 908.2050170898438 410.2878723144531
0.9972562898264596 -0.006719605046675868 -0.06666387108652938 -0.03147487253889578 3.0001222847298865 -0.6447834109734655 0.24682229829436925
685.5372924804688 -1 1066.2017822265625 685.3596801757812 -1 1066.2017822265625 685.3596801757812
0.9972722968373517 -0.007044874972928613 -0.06489379671834575 -0.034454765197962145 3.0595272913942226 -0.6608130860730191 0.23590884240531212
616.1658935546875 -1 880.8427734375 593.6661376953125 19611 816.3850708007812 616.8114624023438
0.9973775607855194 -0.007137466726473904 -0.06203922285100171 -0.03658131542604268 3.122870507271043 -0.6690621454058806 0.1797042461095714
611.94921875 -1 815.6647338867188 638.2989501953125 -1 873.12548828125 630.8001098632812
0.9974399408166992 -0.0067775141427787984 -0.05967342374979436 -0.038816391687041096 3.1780208479569594 -0.6880982911875556 0.17832963663279866
610.1211547851562 19461 757.2451171875 616.2178344726562 19695 822.2350463867188 605.7428588867188
0.9974278530297855 -0.006309757387118559 -0.05885677441319658 -0.040419612415044645 3.237286962513564 -0.6971564579888843 0.15565285416060332
608.6727905273438 -1 781.8280639648438 599.8133544921875 -1 798.1268920898438 603.6956176757812
0.9975436643759488 -0.006944543961131637 -0.058085887700541496 -0.03852843914067186 3.3112825583182115 -0.679102133261378 0.1474991444641173
541.8407592773438 -1 775.3809204101562 543.676513671875 19769 792.7874755859375 614.7028198242188
0.9976736673048014 -0.006493154482113828 -0.05586308438752934 -0.03852801985791306 3.3623028449871835 -0.6693481419964032 0.14026797481197376
617.2073364257812 -1 792.960693359375 617.2073364257812 -1 764.7717895507812 630.1272583007812
0.9977313484628808 -0.008126119391866802 -0.0550706942949791 -0.037859491649248116 3.417943041857688 -0.6676035217918367 0.1428721064005137
650.5092163085938 -1 799.599609375 571.0086059570312 -1 681.0048828125 388.93707275390625
0.9978136371403776 -0.0083604576649364 -0.05418920313514459 -0.03689957381734605 3.471250290078158 -0.6595173278922845 0.15217169393652127
651.5703125 -1 821.7495727539062 548.2301025390625 19769 851.9839477539062 615.7196655273438
0.9977865982446259 -0.008619382230748122 -0.05455109968696615 -0.0370376583536348 3.521111619663429 -0.6604549509652952 0.16515810841183132
592.55859375 -1 783.2266235351562 537.1099243164062 -1 833.8610229492188 547.880615234375
0.9977816265865689 -0.010290679118329793 -0.05489596222863725 -0.03622652205962599 3.5710479942167823 -0.6562817498107645 0.1841611829884697
531.4351806640625 -1 846.1852416992188 550.0355834960938 19769 768.305908203125 572.0667724609375
0.9977641263590226 -0.011194434646865155 -0.055097652533210265 -0.03613421466260485 3.6240080104280117 -0.6536574751821218 0.16740096321438047
561.1671752929688 -1 796.7960205078125 583.1729125976562 -1 834.502197265625 558.3172607421875
0.9977004961431579 -0.013174970932293136 -0.0555810484227602 -0.03648132663235444 3.6741157096009927 -0.6609421000743688 0.1921225274038155
0.5 -1 0.5 0.5 -1 0.5 0.5
0.9977780683882969 -0.012065904036306809 -0.0551790212376539 -0.03533575835270185 3.731637697895432 -0.6419670737366365 0.18179491155359864
617.0995483398438 -1 762.5918579101562 398.1181640625 19666 704.2620239257812 400.73553466796875
0.997865656718298 -0.012966148035865228 -0.05454500144361861 -0.03347914223494932 3.7926731720075213 -0.6285076033746982 0.1827557397383466
572.3995361328125 19668 848.9564819335938 588.7481079101562 -1 693.5585327148438 373.3233947753906
0.997835060791734 -0.013832113461902905 -0.05456424618470118 -0.034008927213730535 3.844799816225625 -0.6317141503325695 0.2219748184883498
608.3662719726562 19488 906.1829833984375 666.3927001953125 -1 706.538330078125 375.4763488769531
0.9978836832342617 -0.013380514482333686 -0.053840020524579604 -0.033917086504070854 3.9005785550729164 -0.6245379430192539 0.17415742426307232
338.2823181152344 19871 721.6915283203125 376.2243347167969 19870 749.4718017578125 405.0120544433594
0.9978961305437132 -0.014038457491827475 -0.05311391593261 -0.03442595374769634 3.954756625993075 -0.6289291013168354 0.19733838261428363
0.5 -1 0.5 0.5 -1 0.5 0.5
0.997855877009338 -0.014635003282341717 -0.05179179410619773 -0.037243461978072344 4.010455286539506 -0.6502506920216866 0.17012010252651127
405.8758239746094 19771 909.4882202148438 570.135986328125 19727 717.6578369140625 612.546875
0.9979912010313712 -0.015003378509131466 -0.04831623995026785 -0.038131381490069664 4.067222370501031 -0.6577310434583086 0.07751205713911706
406.04193115234375 19771 737.0855102539062 612.8388061523438 19989 176.0040740966797 850.6248168945312
0.9980953907893242 -0.01700117786527986 -0.045387392212396085 -0.038164583902586216 4.127080125537619 -0.670912422729339 0.09371496613049107
844.2391357421875 -1 274.5987243652344 844.5247802734375 -1 284.4007263183594 846.4627075195312
0.9981833762926356 -0.015954884430267567 -0.04437674647346672 -0.037497910985562724 4.1969775684478945 -0.6692253403077942 0.0774851422731641
833.6171264648438 -1 806.1914672851562 375.44732666015625 -1 836.8926391601562 403.0605773925781
0.9983067640974502 -0.014285540613420243 -0.0426886724690999 -0.03684026777164213 4.252433249777313 -0.6689697169672716 0.08663369637366222
823.89501953125 -1 633.5429077148438 643.516357421875 20156 850.5398559570312 700.099853515625
0.9983651557153697 -0.013733280480920367 -0.04223348374227243 -0.03598257511142445 4.296731455944144 -0.6682100458705778 0.041267909918744614
816.0413208007812 -1 543.2531127929688 819.7685546875 20019 543.2531127929688 819.7685546875
0.9984284071890464 -0.012505638225315193 -0.0426579863453153 -0.03412654291727312 4.353391434308826 -0.6506967080789591 0.06287157048722707
578.3467407226562 -1 798.410400390625 608.9741821289062 -1 848.1553344726562 369.0787658691406
0.9986432148229827 -0.011690572294492406 -0.04026502501718566 -0.03088345459644773 4.418293226417952 -0.6225576213132354 0.06501210579923282
0.5 -1 818.3499755859375 612.2077026367188 19999 740.630859375 816.335693359375
0.9988095858238457 -0.010145933264420825 -0.0377163065878331 -0.029222448938519056 4.496877482641361 -0.6034834102589688 0.08654445003389621
611.42236328125 19999 698.7384643554688 638.8955078125 20128 845.0549926757812 813.1886596679688
0.9989051522376862 -0.008252610750055024 -0.03437611086487915 -0.030637791216382597 4.557582888891962 -0.6114736384605866 0.03979138065611222
814.6762084960938 -1 938.1490478515625 814.3221435546875 -1 944.160888671875 820.3690185546875
0.9990800388821722 -0.005052374032268731 -0.032258320913964335 -0.027801981146078597 4.642485262968955 -0.5913351452046773 -0.021335879926691604
628.1649169921875 20156 756.0794067382812 643.1549682617188 -1 1058.035888671875 811.3917236328125
0.9991402638553446 -0.0018727723710885982 -0.03436507497394427 -0.023114226977201252 4.696373047423743 -0.5540065353232766 0.02673944539089099
559.7528076171875 20245 753.7545166015625 621.8702392578125 20156 1131.9739990234375 812.6959228515625
0.9992112353605004 0.002287318010044368 -0.03545988124981448 -0.017727722002918667 4.732107234176083 -0.48955766017498026 0.02576515157936705
623.14697265625 -1 505.3328552246094 623.14697265625 -1 618.2398681640625 476.6383056640625
0.9992399753327075 0.0035943800780254102 -0.035867386036908505 -0.01483518614053256 4.743548320215331 -0.4402556978989763 0.015737125280660333
557.2389526367188 -1 624.110595703125 559.333251953125 20245 802.4973754882812 626.6000366210938
0.9992152049374817 0.004853879357745545 -0.036986174766461793 -0.013320546275267343 4.741058639499822 -0.38407149708718913 0.05200172736297861
544.6175537109375 20264 606.2129516601562 512.5994873046875 20340 823.3692626953125 536.3458862304688
0.9991800532248767 0.0051587296373192155 -0.03775972828699668 -0.013667906414439273 4.717250802021605 -0.34502460726676065 -0.010680309528340311
508.6390380859375 -1 756.9014892578125 651.218017578125 20157 954.5550537109375 372.44683837890625
0.9991724185770693 0.007785660481960487 -0.03811323689938534 -0.01188455378888719 4.691273993458587 -0.2951926419246291 -0.007042332589742465
408.68707275390625 19771 764.8147583007812 447.35797119140625 20293 764.8147583007812 447.35797119140625
0.9991082672097027 0.010396710393688129 -0.03882724366098987 -0.01292377483189755 4.660873870738133 -0.2693658032990594 -0.016129761652302992
724.45947265625 -1 743.2040405273438 724.45947265625 -1 773.4788818359375 549.4879150390625
0.9990667585789162 0.012448615276076904 -0.03897101687675915 -0.013852931961033517 4.641347413494698 -0.2376078337516129 -0.021999529508379388
365.9016418457031 -1 832.8488159179688 526.0286254882812 -1 832.8488159179688 526.0286254882812
0.9991153314978166 0.013442899030226054 -0.036537788563956994 -0.01590071817645532 4.624040639213573 -0.20061661430927455 -0.06491956938221281
578.9375 20369 566.4741821289062 642.6162719726562 -1 932.7119140625 401.2847900390625
0.9991723137167013 0.012535766028069821 -0.035378677363074845 -0.015680920258161247 4.63216592413389 -0.13286395419091696 -0.05710944234914387
599.6124267578125 -1 929.27978515625 599.6124267578125 -1 743.42138671875 396.070556640625
0.9991694351361687 0.012101728003825887 -0.034908178176092805 -0.017187412993727794 4.646350905076776 -0.08675396674021875 0.005124867257495049
384.66473388671875 -1 756.9522094726562 505.6029357910156 20293 644.775390625 325.3665466308594
0.9992653446325024 0.011057967805917994 -0.03309200559416636 -0.015855961977922065 4.653332188828634 -0.02426085139302615 -0.007011644085994825
750.02734375 20107 886.9498901367188 400.09307861328125 21091 739.2758178710938 423.5580749511719
0.9993796994916595 0.01088765015668373 -0.03049509862732976 -0.013846453615830959 4.651778069656439 0.05373360231342118 -0.11500108978859717
0.5 -1 0.5 0.5 -1 0.5 0.5
0.9994778597219535 0.009218908169949963 -0.028722137887189136 -0.011578361411120345 4.654352865941073 0.1295095458063346 -0.10006747194324508
464.59295654296875 20451 791.5546264648438 464.59295654296875 20423 412.8273010253906 638.425048828125
0.999601842584105 0.004020166394109241 -0.02619093708513954 -0.009696874714464832 4.650534358223054 0.2088234867334116 -0.14789882005447288
569.0363159179688 20513 761.8646240234375 481.1101989746094 20391 795.9089965820312 488.95355224609375
0.9995966634758551 -0.0011548230427477803 -0.026662106456062575 -0.009711273397637865 4.649482239568278 0.2908509915432865 -0.14853238913683908
461.3462219238281 -1 1084.91064453125 461.3462219238281 -1 868.3136596679688 502.10699462890625
0.9996096046455901 -0.004649308488798365 -0.02643966382349414 -0.007743798019302029 4.6308543334642405 0.37977639727592455 -0.17052255593033308
20.5 -1 790.9166259765625 538.2747802734375 20423 790.9166259765625 538.2747802734375
0.9994774177572833 -0.010000915789362217 -0.030705333244526022 -0.001433731826274936 4.625442794580743 0.5041416059558479 -0.13129743389579007
594.9618530273438 -1 1057.0057373046875 652.0907592773438 -1 792.25732421875 498.5755920410156
0.9993168611889565 -0.019141177309397926 -0.03160116677480732 0.0008902432998116815 4.592456107664089 0.5615230163160736 -0.12697211893350713
647.3521728515625 -1 859.9971313476562 565.0770263671875 20621 850.6159057617188 573.1140747070312
0.9991372074981131 -0.023656504196248453 -0.03379347980584822 0.004817792512889866 4.562411019715312 0.6386851170101662 -0.12345803731095384
581.979736328125 20621 805.1788940429688 413.4742736816406 20676 739.7925415039062 550.4033203125
0.9989084153382498 -0.028489006216048923 -0.035405846457821584 0.010806494707054609 4.527252738557372 0.7154585581235603 -0.10041380810236097
716.3666381835938 -1 909.9609985351562 716.3666381835938 -1 615.671875 593.4569091796875
0.9987461460609608 -0.030377500422813286 -0.03551493052907718 0.017945275310090027 4.487183573351372 0.8035380364340591 -0.041904996475517486
513.0388793945312 -1 608.3914184570312 599.90869140625 -1 608.3914184570312 599.90869140625
0.9987137502573732 -0.029723793918937515 -0.034229350838628776 0.022708867498929742 4.441012165027101 0.8674491119854043 -0.08483480698110497
614.0504760742188 20568 940.3187255859375 643.6067504882812 20786 729.560791015625 375.09521484375
0.9985769804942853 -0.02946137996989537 -0.03464227414479474 0.02785595015902552 4.3933983409024595 0.9277788138454544 -0.10928022689018972
570.8888549804688 -1 710.1016845703125 576.1342163085938 20622 720.5336303710938 377.9748229980469
0.9984837819291784 -0.030258719854733378 -0.03460910880065535 0.030277990111336625 4.3420797222864715 0.9571932903513616 -0.1075062899194442
381.08099365234375 20788 985.4202270507812 515.3568115234375 20846 1033.939697265625 525.3760375976562
0.9984247472333317 -0.030591013525513366 -0.03437531764856971 0.03210220459874133 4.291345155972391 0.9833003825673291 -0.14015065419194273
463.8149108886719 20677 865.4719848632812 677.893798828125 20833 711.7898559570312 440.9084777832031
0.9982975821052738 -0.029989862176335015 -0.034013814626519256 0.03668250460316612 4.243088591466015 1.035876582566114 -0.12073027764861059
508.9149475097656 -1 726.4656372070312 457.365478515625 -1 1031.93994140625 549.0640869140625
0.9982512953690821 -0.02830130513848987 -0.031735722535203015 0.04106374723008476 4.1921131973792045 1.088233461740059 -0.16059572082714202
13.0 -1 23.0 24.0 -1 809.5379638671875 363.1029357910156
0.9982259640322053 -0.028699646919488186 -0.030378599225118944 0.04240749589153577 4.164073691117049 1.1070290107427203 -0.15116741109342172
555.8539428710938 21065 685.328857421875 605.0529174804688 20454 789.710693359375 663.6931762695312
0.9983271356986657 -0.028102013753778788 -0.026999095371926605 0.042711307633669385 4.113410906743647 1.1219738727414652 -0.19528865394793832
498.1697692871094 -1 873.3458251953125 669.8555908203125 20786 859.3031005859375 670.5391235351562
0.9981871415584992 -0.030392172443000732 -0.02536975515435901 0.0453334512791095 4.044915181477857 1.1388483420945188 -0.22028858487885128
539.6759033203125 -1 996.4754028320312 563.27587890625 21066 1006.5452270507812 565.039794921875
0.9980429137232246 -0.030879974777408264 -0.02447161427398174 0.04855831153807119 3.9920462815378372 1.1625524499102386 -0.22658975685202623
596.01513671875 -1 1014.3539428710938 596.01513671875 -1 960.216064453125 499.157470703125
0.9979455051529064 -0.03032252575888105 -0.02416326223619133 0.051004410934915576 3.953019217912237 1.180634468828004 -0.24495511176970056
562.1552734375 -1 829.5693969726562 651.2772216796875 -1 652.5995483398438 469.87664794921875
0.9978431045410497 -0.02817530920337272 -0.02239481581469216 0.05489774946024713 3.917242609736265 1.2154477642719077 -0.24384881654698726
535.5914306640625 -1 837.0670166015625 689.388916015625 -1 948.1461181640625 498.3651428222656
0.9978125788162137 -0.028395805170783443 -0.02032056558023295 0.0561320801266072 3.8902561235611826 1.2088348294547335 -0.2538329125847948
536.9266357421875 -1 668.9507446289062 457.9621276855469 -1 902.2166137695312 520.7566528320312
0.9979293492123337 -0.02677315504564308 -0.0171641929974277 0.05590708924901327 3.8591284282157994 1.2062850548675725 -0.27578986261195315
518.8209228515625 21168 923.2019653320312 535.572509765625 -1 923.2019653320312 535.572509765625
0.9979415431068133 -0.026675382932789076 -0.015092822215354795 0.05633211521465448 3.8136144770477056 1.219574555505328 -0.26374954588597127
553.3499755859375 20784 993.1306762695312 563.4022827148438 -1 1039.041259765625 480.435302734375
0.9978527163429453 -0.02645451718983016 -0.0132155113511292 0.0584419820590222 3.757603687011369 1.2349840647772266 -0.2746170615667757
496.5277099609375 21157 895.4080810546875 553.7337036132812 20784 984.3584594726562 564.1262817382812
0.997591088358969 -0.026476042423605472 -0.010711484303150658 0.06321632469840842 3.693456771138702 1.2596398166684337 -0.2577574732132176
496.60888671875 20988 885.5776977539062 504.28045654296875 -1 892.3778686523438 515.5975952148438
0.9973227709545092 -0.02809283478753401 -0.009538941618113942 0.06683630571797293 3.639626697988477 1.2680138955726223 -0.2469157784243493
501.8039855957031 -1 1025.15576171875 541.8136596679688 -1 913.9514770507812 480.7373046875
0.9970633804505961 -0.02667799463699081 -0.007657507510595136 0.07137410276356328 3.5979931092241975 1.287174474598515 -0.2261018961508346
492.9838562011719 20988 867.9359130859375 515.6317749023438 21168 787.7998657226562 520.2034912109375
0.9970232390052096 -0.02384109166181497 -0.006608941441224908 0.07302455152180078 3.5537369820075146 1.276629260773747 -0.2151320467213072
538.8518676757812 -1 918.6458740234375 575.5015258789062 21166 1032.6337890625 513.5948486328125
0.997558600863552 -0.022530524404213128 -0.0035318150699003114 0.06600560275867315 3.5007259020718675 1.1877632081729923 -0.2363503563096909
502.142822265625 22498 901.4688110351562 560.12744140625 21166 907.779052734375 564.3327026367188
0.998192813193105 -0.02088790745400814 -0.005057708403586778 0.056117934722617904 3.458969723809844 1.0813642660994982 -0.19639320441760372
601.895263671875 -1 959.339111328125 459.2153625488281 -1 817.5477905273438 494.3534851074219
0.9986549573280075 -0.01911944405193681 -0.004924618180844636 0.04794237373256961 3.3908487261786946 0.9890763570791895 -0.19347202742564804
508.3507995605469 20990 989.2341918945312 439.1789855957031 21562 989.2341918945312 439.1789855957031
0.9987407540611404 -0.019952661393005864 -0.0055598580529213504 0.0456933852888161 3.30787285370757 0.9359443799810119 -0.17618461906576033
603.8585815429688 20786 779.2438354492188 482.6300964355469 21333 918.2727661132812 430.8956604003906
0.9985951583102177 -0.020448714553774124 -0.006668734436010919 0.04842610714801916 3.2225994706637215 0.9260547820123946 -0.15299557522688007
522.5206909179688 -1 913.518798828125 441.4185791015625 21351 769.1771240234375 489.8909912109375
0.9984870592905868 -0.02045489944817854 -0.007340587181865169 0.05051044741067573 3.14473509229966 0.9205149926063771 -0.17383076471082756
421.77899169921875 21370 954.4448852539062 484.5473327636719 21507 656.7096557617188 596.3256225585938
0.9984197789762234 -0.02217236674681773 -0.0060706487272387585 0.05127843919177248 3.0822341442359886 0.917991367826868 -0.2031631165515395
496.8961181640625 21372 811.7501220703125 563.2684936523438 -1 811.7501220703125 563.2684936523438
0.998429567520016 -0.024492022033627037 -0.005656452641941278 0.0500653982507641 3.0182651260186915 0.9036862715874476 -0.20238874182130348
576.6888427734375 -1 1348.975830078125 402.9888916015625 -1 1348.975830078125 402.9888916015625
0.998437929076157 -0.025634038208700062 -0.005186745312433193 0.04937302441914674 2.9589110285978975 0.8967481727832463 -0.21613211163172436
422.8609313964844 21469 865.364990234375 424.23944091796875 21370 939.216064453125 453.4327392578125
0.9984482942313798 -0.02632682025094319 -0.00456146972408465 0.04885790904120852 2.8989002654162452 0.8967145578926413 -0.21279808970219127
473.03759765625 -1 881.8616333007812 483.94134521484375 -1 860.859130859375 521.7454223632812
0.9983566314989699 -0.027350973728286758 -0.004221115204616613 0.050181099674816126 2.850276972304008 0.910177453124845 -0.2107033890510395
476.457763671875 -1 835.61865234375 489.4136657714844 -1 755.96142578125 517.1900024414062
0.9982336758098316 -0.028121122658977316 -0.0044144382509845774 0.05214636779795161 2.7955346312349802 0.9252059155681857 -0.22395419901781105
493.5 -1 844.0 498.0 -1 875.5 510.5
0.9981290619943144 -0.028585593171183667 -0.00408019465370505 0.05389426200431324 2.747168330324764 0.9312903925504047 -0.21602370167146337
495.699951171875 -1 747.9945068359375 502.55059814453125 -1 808.0860595703125 550.9166259765625
0.9979899482296724 -0.02835744730262892 -0.0029266724101047062 0.056598171380519945 2.6885769499447476 0.9402286315161026 -0.2267353782050751
522.1306762695312 -1 805.0535888671875 432.201904296875 21370 783.9791870117188 474.44036865234375
0.9979012776628715 -0.028884964516219153 -0.002485676778739494 0.057900952277635524 2.616771534387072 0.9302189096759288 -0.22072134344128813
576.48583984375 -1 801.8982543945312 489.0199890136719 21507 801.8982543945312 489.0199890136719
0.997826194654723 -0.028411055998231672 -0.0027489016100727885 0.05939815399386138 2.5593007335425235 0.9209789306370777 -0.22146090198073853
416.8223876953125 -1 775.2923583984375 423.2017517089844 21370 821.8452758789062 459.43646240234375
0.9977989766322404 -0.026462126587684202 -0.0026054569638032286 0.06074676684500249 2.4953589474884863 0.9134810854468448 -0.236399373508249
578.2150268554688 -1 659.8209228515625 432.4173278808594 -1 819.9226684570312 485.1492004394531
0.9975936672567913 -0.026189857644004486 -0.002810464734275662 0.06413320274016102 2.4308958652309154 0.9224519725250355 -0.24492099865642306
568.4855346679688 21889 849.4525146484375 571.2315063476562 -1 806.6710815429688 624.5108642578125
0.9973940016709782 -0.026796162584379165 -0.002152067604290455 0.06695177149658553 2.3683432149895434 0.9378091618269716 -0.2743603368629555
467.9560241699219 -1 736.7816162109375 470.5197448730469 -1 777.1719360351562 525.3033447265625
0.9970601443884196 -0.029048151882257258 -0.002853033991830068 0.07084584350129888 2.3070390122454842 0.9552592522127286 -0.28230302407192626
460.4891052246094 -1 736.740234375 460.4891052246094 -1 757.1032104492188 464.6481628417969
0.996565127197674 -0.030501098598873615 -0.0028210195479032828 0.0769394052905013 2.2430869739310353 0.9770705014521638 -0.2750209510565677
502.0174560546875 -1 739.0322875976562 502.0174560546875 -1 698.50341796875 513.9978637695312
0.9961773978101496 -0.03012141805966305 -0.004713882364204099 0.0818600731695879 2.191769312285156 0.9902730246217515 -0.21799195388406206
462.98614501953125 -1 740.1611328125 480.1553039550781 21891 740.1611328125 480.1553039550781
0.9955725879660321 -0.029323320873401025 -0.007511655140648004 0.08898842610486449 2.1497804481107776 1.0145861813165755 -0.1859386449698093
453.9360046386719 21882 657.2484741210938 466.8004455566406 -1 698.1372680664062 500.5975646972656
0.9954434801129045 -0.028792896194867364 -0.012488628693396857 0.09004044192905473 2.113567763016972 1.004891341503917 -0.16731625434738542
563.9432373046875 -1 867.8550415039062 695.6141357421875 -1 637.8261108398438 541.90380859375
0.9951787229897869 -0.027816062174869143 -0.01661241584447003 0.09257215366032734 2.0660009008362166 0.9939807725775743 -0.15578237327238859
618.86572265625 22225 886.3800048828125 618.77587890625 21613 700.3984375 437.28192138671875
0.9952825129668706 -0.026710793023862835 -0.020955973356997292 0.09088509283181978 2.005503646593259 0.9654986569431895 -0.14236815440757156
17.5 -1 31.5 22.0 -1 654.5339965820312 555.9713745117188
0.9954871024756764 -0.025711975869544358 -0.02522302528528369 0.08779591161850239 1.938085359213725 0.9385030038281976 -0.1526563148687387
605.2548828125 21613 837.227294921875 633.3080444335938 -1 849.1959838867188 662.650146484375
0.9959445905373533 -0.025606241533512694 -0.027665329306085458 0.0816904065866797 1.868215659569204 0.9048458776645941 -0.1324456133851318
576.8112182617188 -1 635.5762329101562 574.4757080078125 -1 818.3362426757812 601.7484741210938
0.9963042230090032 -0.02718258466181322 -0.030463739922270014 0.075570912760652 1.8128054766573565 0.8729917338808011 -0.102954511741486
601.2509155273438 22225 813.5679321289062 654.2862548828125 22101 775.0797729492188 576.4044799804688
0.9964634592078774 -0.028911261495781975 -0.031856225098837225 0.07217959784208869 1.7626786332960043 0.8589941514007862 -0.0936147424767181
617.6021728515625 -1 792.0973510742188 649.6926879882812 -1 759.5128173828125 577.994873046875
0.9964071179634443 -0.03207652778377482 -0.03305726536986965 0.07107157549531001 1.722284783808319 0.8523318773343632 -0.08995891878409012
638.5021362304688 22652 830.5541381835938 707.9583740234375 -1 830.5541381835938 707.9583740234375
0.9966373816940756 -0.03395656812116888 -0.031126534233018307 0.067764443169341 1.683795162472631 0.8338153423620183 -0.10657660794805819
586.131103515625 22744 815.6668701171875 590.8499145507812 -1 811.3710327148438 594.6760864257812
0.9970030017568338 -0.03404488159103466 -0.026406128292301222 0.06425478125342911 1.650234312005826 0.8064698848935863 -0.12349343459955436
612.4185791015625 23022 877.0642700195312 612.58056640625 -1 779.0299682617188 636.6903076171875
0.9975233652791593 -0.033334186018901875 -0.020225407970132336 0.05853973553954773 1.6160104384348482 0.7704794225284946 -0.13216807463206426
510.9346923828125 -1 800.299560546875 608.1647338867188 23022 862.7213745117188 608.7033081054688
0.9979241614927826 -0.0321816627298187 -0.0155286733283183 0.05357768936351665 1.5715739022850752 0.7422693191021625 -0.13435404427574513
628.2327270507812 22963 592.3309326171875 656.4727172851562 -1 827.302490234375 705.114013671875
0.9981007125856045 -0.031228439364460136 -0.014908537391358919 0.05096555330631833 1.5247979843545083 0.7201909181320095 -0.13743439812893174
609.2409057617188 23144 774.1337280273438 619.0923461914062 22656 679.9341430664062 663.53857421875
0.9982906595878208 -0.029751583803661868 -0.013276223448046593 0.04852158418523811 1.4839991539174175 0.700647556282727 -0.14539900787621207
443.9483642578125 -1 1125.637451171875 443.9483642578125 -1 975.2325439453125 464.0284423828125
0.9983816146065903 -0.029317698903413226 -0.011411191154849253 0.04737519248482514 1.447544990238324 0.6870396270699863 -0.1516354397973858
519.8530883789062 -1 768.4318237304688 591.9737548828125 23022 756.2015991210938 640.3403930664062
0.9984611965105046 -0.027910773380742035 -0.0100656574617048 0.046849870138178915 1.4029601606735853 0.6906009457511425 -0.159204828738345
452.2166442871094 -1 759.3617553710938 601.0733642578125 23144 816.933349609375 611.914794921875
0.9985876099567285 -0.026697235579269146 -0.00978309506336168 0.04488133135631108 1.3600861555139767 0.6868815928575825 -0.1647267589486561
574.4412841796875 -1 749.2528686523438 596.7183227539062 -1 749.68994140625 599.7275390625
0.9985694715598301 -0.026462107752762615 -0.007440549989425536 0.04586289936165938 1.3105901710487378 0.6846133374126206 -0.16212851056343083
407.2650146484375 -1 966.3147583007812 518.9619750976562 -1 739.9464111328125 588.8153076171875
0.9986901513853261 -0.026506188968481895 -0.004377338316852377 0.04354586526389536 1.2677329436043796 0.6884926246968539 -0.15928498493675958
434.107177734375 -1 795.4063720703125 591.2967529296875 -1 734.7032470703125 610.1206665039062
0.9987054970010565 -0.02935033420355156 -0.001096111858516858 0.0415293472234542 1.2138863920827174 0.6950300304374252 -0.16543326577736217
584.6407470703125 -1 698.743896484375 665.6283569335938 -1 736.4820556640625 722.2465209960938
0.9986597722879562 -0.03150913095979587 -0.0010341438647395258 0.04104588196631931 1.152230438662503 0.6980656456072174 -0.1666034083256674
447.9847106933594 -1 1036.0882568359375 447.9847106933594 -1 666.1949462890625 596.4746704101562
0.9987845739618917 -0.03128798243915271 -0.002774935741816574 0.03798337402441596 1.079515574696774 0.688783888554758 -0.15578909997323476
432.9923095703125 -1 899.4434814453125 553.9548950195312 -1 645.638427734375 596.4105834960938
0.998796815914683 -0.031996147772526656 -0.0054220689003038215 0.03676640062951431 0.9897922443497843 0.6795928702053203 -0.13840064407322258
292.8691101074219 -1 972.3506469726562 299.91802978515625 -1 977.0111694335938 299.91973876953125
0.9988552077465016 -0.03195255343020269 -0.008035514912160197 0.034680524607910095 0.9016876374435283 0.6822819994921713 -0.12330753587605454
299.4677734375 -1 933.212890625 530.7947387695312 -1 930.2572631835938 594.2236938476562
0.998777833138423 -0.03345645559473137 -0.011543655934508656 0.03449999446405449 0.8084936679237604 0.6886939518803215 -0.11065057637514754
456.6553649902344 -1 900.0047607421875 260.5630187988281 23645 1036.9024658203125 450.7063903808594
0.9987394340419282 -0.034503808674614236 -0.01387722973415708 0.033711312218010527 0.7378608163995642 0.6881867729526359 -0.10184946196317388
462.2339782714844 23471 861.390625 603.9920043945312 -1 873.9428100585938 277.6805114746094
0.998707253062875 -0.03430926381712388 -0.01587582226339214 0.03398022017872953 0.6460012528713758 0.6814498871673538 -0.08743660823658306
421.8493347167969 -1 834.0226440429688 622.248779296875 -1 989.1375122070312 380.69317626953125
0.9987064206930027 -0.03342389652244097 -0.016995100397217994 0.03434377629668287 0.5728748894936392 0.6735191638167465 -0.08681386539993145
570.5601196289062 -1 784.4949340820312 618.7493896484375 -1 900.8440551757812 336.1094665527344
0.9987644573116485 -0.03251125163846605 -0.01747291726689694 0.03327573425264635 0.5133807239500227 0.6615222573053354 -0.08870022670582502
200.47476196289062 -1 987.1337280273438 395.1018371582031 -1 798.4779663085938 594.3191528320312
0.9987118155404379 -0.03146898006401764 -0.018137146971635265 0.035432424322677056 0.4514953245826193 0.6522311687227599 -0.09050415548202302
604.0232543945312 24174 824.0620727539062 201.01080322265625 23925 790.9494018554688 212.0426788330078
0.9986041026435449 -0.030848196172904026 -0.01893552007119088 0.038466622622630814 0.39326100494779415 0.650005401222187 -0.10074605022506204
541.41845703125 -1 767.2676391601562 584.98291015625 -1 767.1356201171875 587.9000854492188
0.9984382167803005 -0.030592004879320397 -0.019536036948373074 0.04246880938276028 0.3440084759982591 0.6518943363313957 -0.11286076133635842
362.94049072265625 -1 903.579345703125 521.767822265625 -1 1043.0028076171875 533.0084838867188
0.9982246886747445 -0.031332093921060636 -0.019584450494639884 0.046714238830941605 0.2887601698534709 0.6470112584816166 -0.11988441278312004
203.55299377441406 -1 759.12890625 596.1701049804688 -1 734.5642700195312 197.3844757080078
0.9980042930544935 -0.03074287572594637 -0.01893564481168639 0.05180490317011951 0.22357481876075241 0.6415018961400664 -0.12007052161583263
240.31182861328125 -1 910.9682006835938 384.5305480957031 24060 881.98046875 493.4274597167969
0.9978830977760488 -0.032354227568759546 -0.016820952143813406 0.05384777340133296 0.16006276182046547 0.6302865674796999 -0.10675588933539251
316.6025695800781 -1 895.9387817382812 385.0757751464844 24060 716.2357788085938 581.55615234375
0.9977396081302359 -0.03315753411171293 -0.013725962787456943 0.056814172926404054 0.10541304023108271 0.6191780193398677 -0.08863002032678051
281.2686462402344 -1 746.6588134765625 286.7007751464844 -1 731.8577270507812 503.5810852050781
0.9976897919269802 -0.03534587015022507 -0.011600318892317118 0.05684347939402501 0.05238949633896357 0.5888057810372838 -0.06971100562490352
312.679931640625 -1 779.0703125 367.8121337890625 -1 888.3032836914062 393.4443054199219
0.9976200542159268 -0.03200394428736394 -0.011975075161724923 0.05988800005955794 0.0018708924615883419 0.5674879621402887 -0.07777557384663805
239.17893981933594 -1 878.1080932617188 384.7774963378906 -1 639.18603515625 286.9752197265625
0.9979893300079513 -0.028341854095386153 -0.014755227927790542 0.05473864946740431 -0.05718663539741944 0.5438237778432601 -0.08289981790196638
231.51126098632812 -1 625.6544799804688 259.4074401855469 -1 847.6805419921875 370.76116943359375
0.9982566687357188 -0.026813226380369332 -0.019087162193276438 0.048993412364807754 -0.12438026632994047 0.5210257681739788 -0.06837529479020765
460.37774658203125 -1 1116.8544921875 666.4786376953125 -1 577.928955078125 260.9784851074219
0.9982506926108557 -0.026979400135649863 -0.024772574582236723 0.04641105707516975 -0.21045093936725975 0.5035339418562395 -0.060242079979622644
379.89239501953125 -1 620.9183349609375 379.8103942871094 -1 619.5368041992188 382.5390319824219
0.9982322583530038 -0.02695071568737106 -0.030331377342713576 0.04342838767320702 -0.28978591263299625 0.4984243154300551 -0.05359100788296759
375.81884765625 -1 694.007080078125 520.9466552734375 -1 748.4703979492188 355.0122985839844
0.9981975049105661 -0.02785848435765214 -0.03338647631260843 0.0413641056840646 -0.38375771756130284 0.49697346302032974 -0.07789473932399432
328.370849609375 -1 707.4583129882812 343.5761413574219 25213 675.1451416015625 378.6507263183594
0.9980444992955271 -0.02792739277538741 -0.033554011495391584 0.044736634554660516 -0.46426893191493035 0.49287150759929294 -0.10213406727353135
340.1829833984375 25213 646.9168090820312 376.02716064453125 -1 644.5054931640625 383.28424072265625
0.9980622851498884 -0.02714511011183391 -0.032840579417359385 0.045346601878548 -0.5330485987210353 0.48328844577878416 -0.10140071933916917
335.4345703125 25213 663.7235717773438 351.19464111328125 25636 627.201171875 376.3129577636719
0.9980738525408274 -0.02658661175300302 -0.03195795909761316 0.04604808139457429 -0.6083409307937757 0.46426477579143516 -0.09965968277995259
373.148193359375 -1 603.289306640625 374.6786804199219 -1 615.6780395507812 377.29718017578125
0.9981826410911716 -0.0256590284918811 -0.0312814298068756 0.04465984136048728 -0.6845614061743087 0.450793125423881 -0.09574806382936858
272.1123046875 -1 580.3984375 371.90362548828125 25634 584.4835815429688 372.9317932128906
0.9982737709215204 -0.02521316670133953 -0.030682090504618918 0.04327105079940632 -0.75773978394207 0.4378439022648322 -0.09614154623564837
367.08843994140625 -1 566.3250732421875 369.2547302246094 25730 571.391357421875 373.0707702636719
0.9983679844756284 -0.02396525032775839 -0.030665523727235338 0.04179306168891775 -0.8293871977483 0.4311391975242438 -0.10044028621214465
344.84075927734375 -1 536.0780029296875 362.8867492675781 25634 541.6915893554688 367.22906494140625
0.9983875786703302 -0.023467396906527785 -0.031013808145453577 0.041348128658303646 -0.8935335592649837 0.42428179697343105 -0.10351104639140152
365.8153991699219 -1 842.3827514648438 391.6102600097656 25910 857.7156372070312 426.35308837890625
0.9984092690736975 -0.023144266967392683 -0.030962506801210078 0.041043848587237176 -0.9522600312125513 0.42568502152035587 -0.10193562790781295
315.895263671875 -1 788.8401489257812 226.19122314453125 26581 857.1594848632812 241.56326293945312
0.9984258687353097 -0.023289754350051078 -0.030158656028254172 0.04115613501078587 -1.013434054789194 0.4323136858189482 -0.09995642803128184
241.6623992919922 -1 848.1132202148438 262.6821594238281 -1 901.1851196289062 352.56024169921875
0.9984377153724255 -0.02396060100604595 -0.029428003444997634 0.041012324178981166 -1.070842249554473 0.442502269297402 -0.10332669424415183
476.6885681152344 -1 725.5217895507812 494.8453063964844 25500 694.342041015625 643.1204223632812
0.9985221349123067 -0.025514343182771012 -0.02891621634864669 0.038293822141426154 -1.1300540266968975 0.4588623620850104 -0.10958605467045099
491.8946838378906 -1 693.610107421875 646.39306640625 26188 875.8903198242188 253.05496215820312
0.9984543817130113 -0.027060294457972662 -0.027722773157945375 0.03985016876211655 -1.194380784493366 0.4596836153863597 -0.1035066217700337
259.63409423828125 -1 875.8853759765625 326.70794677734375 -1 751.273681640625 458.4250183105469
0.9984443950292256 -0.027432405880898514 -0.0257348098404716 0.041157899664391186 -1.2658592512416147 0.4590731122920671 -0.10021261054929101
200.25131225585938 -1 664.0266723632812 377.4477233886719 -1 804.951416015625 487.8590087890625
0.9985645732074082 -0.02763998804434948 -0.02557979946034323 0.03808540475803952 -1.3248462209108478 0.459416046958614 -0.10231329538231915
374.8188171386719 -1 652.04345703125 374.8188171386719 -1 658.1953125 390.6776428222656
0.9986007215623951 -0.027156906621219522 -0.023746931157453192 0.03866761666347816 -1.3789356794706462 0.4415741921168554 -0.09333298939990158
212.4571075439453 -1 708.9996337890625 265.3505859375 -1 708.9996337890625 265.3505859375
0.9984897701186306 -0.026985304926090487 -0.021391492987678767 0.04280626489485367 -1.4286397204702095 0.4094186902347969 -0.08450614712577673
218.96792602539062 -1 705.5686645507812 242.82655334472656 26360 767.9419555664062 276.260498046875
0.9985508610402177 -0.02649072046954621 -0.019716995810464457 0.04249305497436561 -1.4761342045937775 0.38508918126762554 -0.08215010920351423
643.3424072265625 -1 581.9920043945312 377.67626953125 -1 573.6600341796875 381.87615966796875
0.9987482001829128 -0.024336622965486224 -0.02083405706546905 0.038414886179982406 -1.544228018351787 0.37771262604854233 -0.1029800369601392
376.4954833984375 26760 695.8943481445312 377.0661926269531 -1 750.5704956054688 487.8563537597656
0.9987990726949533 -0.02233148799601973 -0.024190738286329973 0.03628395249621286 -1.6171898676931695 0.37439342657598285 -0.11479628418352014
315.84185791015625 -1 641.1436767578125 232.1638641357422 -1 641.1436767578125 232.1638641357422
0.9985683962845232 -0.022531396568270842 -0.026060109474399885 0.04091900297687156 -1.6944101265119746 0.35581043205573837 -0.12003707780532433
373.4962158203125 27997 659.402587890625 378.106689453125 -1 666.8724365234375 379.96685791015625
0.9985953859513838 -0.02528724430167555 -0.024619495012779803 0.03951823500044263 -1.7687823970266117 0.35912305873573014 -0.10791896240450936
408.2110900878906 27105 761.6405029296875 544.605712890625 -1 648.1259765625 375.28753662109375
0.9985724993477052 -0.028068253203207615 -0.02079856467398771 0.04040490584199089 -1.8449321168241881 0.3505692152249065 -0.08392955290018865
388.49822998046875 -1 659.1458740234375 408.9537658691406 27949 637.0919189453125 366.82061767578125
0.9987867449923061 -0.028143392704256535 -0.015103510424882793 0.037481614794636575 -1.9363808479458282 0.3553683814096563 -0.04660262551225796
389.23052978515625 -1 615.36328125 390.8779296875 27181 615.36328125 390.8779296875
0.9988417182701388 -0.029004816734363368 -0.01239811399208589 0.03633495863217489 -2.017911312829356 0.35521887981964306 -0.040372489857245404
389.9794616699219 26958 814.1860961914062 612.4730834960938 -1 587.5789184570312 382.8739013671875
0.9987736517096113 -0.029399375334461297 -0.01059207103957423 0.03840152876753994 -2.1017172571471523 0.3446151939010244 -0.05461521024310139
379.75213623046875 26954 572.8009643554688 388.5164489746094 27181 570.4301147460938 390.5622253417969
0.9988427505800247 -0.027763956311324098 -0.008837070598873783 0.03826523914604638 -2.1686955754647275 0.34307890718616113 -0.046446067168635016
384.44818115234375 -1 616.7510375976562 485.0443420410156 25733 757.0576171875 556.6624755859375
0.9989408992636393 -0.026126269053006232 -0.006169400388007981 0.03736892214894638 -2.233674245353405 0.3419290489924625 -0.0397326731882709
401.9122619628906 27949 967.35546875 489.6209716796875 -1 686.9381103515625 494.72503662109375
0.9990210521810692 -0.02483367537405036 -0.0033307133595004553 0.036457265599090544 -2.3117374734599205 0.34885936385954147 -0.028637273311347355
381.9156494140625 27181 793.216796875 562.3798828125 28282 793.216796875 562.3798828125
0.9989445939721682 -0.024716636755087475 -0.002689218781550986 0.038620644008640494 -2.388600533627177 0.3464348768405655 -0.024555257176847572
0.5361161231994629 -1 986.4887084960938 468.3719177246094 28255 977.3466796875 469.7516174316406
0.9989437272828596 -0.024072955531622465 -0.002502760071686303 0.039059681593992056 -2.467676984091698 0.35428251271524835 -0.019873710473089966
494.5400390625 -1 941.1837768554688 496.0329284667969 -1 967.718505859375 506.9497985839844
0.9989148529553519 -0.023557709785995067 -0.002924558189456739 0.04006991158242021 -2.5355504602678023 0.35183058197306155 -0.02314006441263902
474.0972900390625 -1 940.1021728515625 471.6805419921875 28048 626.576171875 494.9424133300781
0.9989182176223345 -0.02249563371240485 -0.0026133837700454397 0.04061417475914479 -2.609647321433618 0.3526553839948553 -0.012927093656090695
432.79345703125 -1 952.0764770507812 436.353759765625 30077 921.775634765625 470.9480285644531
0.9989136111992548 -0.022260244277460622 -0.0031527613150857873 0.040818365739726005 -2.675126836495706 0.34773212863030944 -0.03164531382678502
538.5875854492188 -1 907.2991943359375 472.49676513671875 27952 882.6210327148438 475.4085693359375
0.9989193378957834 -0.02002961754101072 -0.0029339115122126703 0.04183733933042672 -2.7589912746759566 0.3403855106886507 -0.011095137306997727
427.87005615234375 28641 892.151123046875 453.1091613769531 30001 783.1093139648438 459.8377380371094
0.9989811545204086 -0.018669889455310076 -0.0022738402830749242 0.041023381030396655 -2.823292456804903 0.33704396196419545 -0.014997198018096736
545.3155517578125 -1 909.3423461914062 441.6290283203125 30000 846.2039794921875 468.0451965332031
0.9990755224435103 -0.016836716384799746 -0.0032721300043313585 0.03941977423628455 -2.8897572010791612 0.33339092128803344 -0.007033186563362208
418.601318359375 28641 895.073486328125 424.8404846191406 29527 877.7062377929688 446.6208190917969
0.9991110923240847 -0.01600861784167407 -0.0029934301583687505 0.038881727400678356 -2.968360457533346 0.32104198244911136 0.022413692055496044
563.2403564453125 -1 783.46337890625 597.35107421875 -1 643.8687133789062 679.8133544921875
0.9991313941935716 -0.01598803962819238 -0.0034253246713963252 0.038328930020976516 -3.035920934053295 0.30819628343663735 0.0074199061156989665
410.174072265625 28641 855.8705444335938 416.4196472167969 29527 853.392333984375 508.5884704589844
0.9991743179230498 -0.015638612652576652 -0.004487531214624617 0.03722872897251346 -3.112072148483055 0.29488171345156544 -0.01085711112795433
411.1693115234375 29527 772.6322631835938 414.0462646484375 -1 747.3309936523438 554.694091796875
0.999256805216314 -0.015058758192992835 -0.004680499154080002 0.035173341584776883 -3.2001043753999125 0.29010563829701586 -0.015150292377510397
440.49554443359375 27952 745.7288818359375 462.1007995605469 28604 762.7533569335938 366.9121398925781
0.9992909520571904 -0.015759559612262178 -0.0026086537578457174 0.034094344736822685 -3.292835728602512 0.29262211201986854 0.002147292704883017
458.4403991699219 -1 794.4301147460938 493.6009826660156 -1 744.1936645507812 440.13079833984375
0.9993073404333969 -0.016680175811929814 -0.0045224294986468926 0.032956922220440006 -3.3707087821284643 0.3031936083541543 -0.03969675674257374
426.1689758300781 -1 709.3750610351562 462.0271911621094 -1 703.3710327148438 463.49053955078125
0.9993684942420161 -0.01832078188029792 -0.0052396987981106185 0.029991785946242154 -3.4561442987087743 0.3156253148209388 -0.03312338856365132
0.5 -1 0.5 0.5 -1 0.5 0.5
0.9994348111642999 -0.018842898483109678 -0.004764335776431064 0.027428170087427237 -3.529393889666269 0.33279690683160396 -0.04702080790314859
440.4917907714844 -1 794.7623901367188 658.0962524414062 -1 718.74072265625 407.64501953125
0.9994353953105026 -0.020992658873494514 -0.0036738125148813553 0.02597502599741278 -3.608731812316481 0.34404198625579957 -0.04381496357286499
417.1847229003906 -1 813.9761962890625 634.976318359375 -1 813.9761962890625 634.976318359375
0.9994421776188516 -0.021896884846512137 -0.0027845165283859144 0.025062052952815113 -3.6938751983097307 0.3523893878326784 -0.03493381487889988
432.9317626953125 -1 1402.519287109375 589.0383911132812 -1 1402.519287109375 589.0383911132812
0.9994045951752577 -0.023221730851756675 -0.004241615145818033 0.02516376481735177 -3.7677430181704894 0.34382512887222744 -0.046703232347068205
582.940185546875 -1 614.9830322265625 448.66192626953125 27952 590.4011840820312 466.74664306640625
0.9994545385002874 -0.022221145242514416 -0.0059096887525676225 0.023704888823543917 -3.8249998201293183 0.3623040213616711 -0.022642437167110542
449.5262145996094 27952 1251.7650146484375 563.9630737304688 -1 637.8248901367188 413.5744323730469
0.9994606693183582 -0.02204787727989144 -0.007493308077224125 0.023154090938971753 -3.885306542087797 0.3690771206885127 -0.07069694023964772
552.5462646484375 -1 1182.0509033203125 553.9613037109375 -1 1158.6260986328125 557.3519897460938
0.999440769822425 -0.024464795663160538 -0.008686508629248035 0.021075245140974606 -3.9585252193472 0.3785913466402156 -0.07841386483019284
794.0577392578125 -1 1044.0009765625 794.0577392578125 -1 546.7974243164062 449.12176513671875
0.9993471332433443 -0.028053890367579458 -0.012761605186521368 0.018852796785005094 -4.036273966957149 0.3925973881573049 -0.04764263841775793
497.16046142578125 28006 765.9887084960938 529.6300659179688 30084 959.06298828125 605.4157104492188
0.9993921658319738 -0.02706248033827553 -0.014785933604846637 0.016257219905330664 -4.121640187251076 0.4299701879555736 -0.06617883035199344
408.6585693359375 30081 539.8347778320312 517.42236328125 28650 741.7949829101562 532.1171875
0.9993093541321866 -0.0297727842613853 -0.016403964992487717 0.01501019632658234 -4.176037170930677 0.4377483348039209 -0.09508118348639508
461.68096923828125 -1 641.5693359375 634.4640502929688 -1 859.5584106445312 639.0684204101562
0.9992330029460182 -0.03233479031159243 -0.01807056992936465 0.01270124645128041 -4.233954962925747 0.4550726881649847 -0.1309282943710543
413.9180603027344 30081 553.4886474609375 383.3658142089844 30105 1092.2486572265625 531.58740234375
0.9991989956535643 -0.032150780240409446 -0.022931515055890323 0.006468387131508133 -4.298228671685559 0.5080987735097756 -0.19828944315680222
658.8131713867188 -1 804.4255981445312 652.6941528320312 -1 802.0797729492188 663.2168579101562
0.9991739055171083 -0.031201310494275828 -0.02593862256932489 0.002274338658822366 -4.396034061975235 0.5200629883080526 -0.24731689853802757
0.5 -1 0.5 0.5 -1 1033.18310546875 517.1658325195312
0.9991568844865917 -0.029996696733721948 -0.027623405308025362 0.004760866234343228 -4.475209984095914 0.4488289648765196 -0.29230665743694334
626.4385986328125 -1 794.67822265625 658.0545654296875 -1 1003.8594360351562 675.2271728515625
0.9994218300506472 -0.023756331042680212 -0.023780138895216286 0.005113447734199315 -4.591542064901613 0.40597285217302737 -0.24317076836362927
0.5 -1 0.5 0.5 -1 0.5 0.5
0.9994615676535312 -0.023895488891313977 -0.022048693541331585 0.00440857202632543 -4.665212203461784 0.3892682241925522 -0.22849060539738883
575.94189453125 -1 792.972900390625 558.6553344726562 30886 814.7431030273438 564.07275390625
0.999452518317056 -0.023646400401787462 -0.023001352201343802 0.002539522522643552 -4.745153907249627 0.41050793246364653 -0.26201689466555944
569.70556640625 -1 776.3292846679688 572.8773193359375 30229 808.852783203125 589.969970703125
0.9993948969448353 -0.025561645971221576 -0.022842896032712435 0.005885942295240047 -4.8214014784161785 0.3989142898798812 -0.29010128817789554
483.9940490722656 -1 945.62646484375 483.9940490722656 -1 864.5238647460938 548.6061401367188
0.9992005654534 -0.031001451213795262 -0.02347076655858057 0.009287795077256869 -4.8806597758781285 0.3928627348169576 -0.33458887149710237
224.5 -1 492.0 233.5 -1 451.0 234.0
0.9992091819034254 -0.03376472077075313 -0.02076082891300974 0.0031531593688169826 -4.9166939170860084 0.4828037059162072 -0.2832607912497076
569.4266357421875 -1 987.75537109375 569.4266357421875 -1 746.962158203125 630.113037109375
0.999344989105462 -0.032890881451768814 -0.015055691390835593 0.0010530070625746483 -4.943124281911515 0.5425922276531633 -0.23234984862626165
603.843017578125 -1 732.7212524414062 603.843017578125 -1 908.352783203125 711.7466430664062
0.9994673809762107 -0.030599874939665168 -0.011326501631361329 -0.0005589087814957742 -4.960516526016776 0.5795650019791849 -0.2165345014507941
517.009765625 -1 921.0883178710938 533.4068603515625 -1 740.3312377929688 590.1543579101562
0.9995802727935494 -0.027223048597116516 -0.009902816345163348 -0.00034365023844650113 -4.989327043154839 0.5808203313588529 -0.21657100905315893
515.3504028320312 -1 743.6201782226562 594.7613525390625 -1 904.8825073242188 704.1593017578125
0.9996269399972472 -0.025204029609431494 -0.009361014908767711 0.004807194926853714 -5.048975368758237 0.5189181095795254 -0.21250504513962895
650.7614135742188 -1 881.4816284179688 694.1913452148438 -1 847.7183227539062 549.7775268554688
0.9995830982459157 -0.023343240983886668 -0.01641423014119355 0.004392704216773667 -5.143866219224057 0.5358832671517919 -0.2111453674568022
556.13134765625 -1 840.54248046875 577.8670043945312 30735 844.2301025390625 476.78375244140625
0.9991827487036533 -0.023856559109044634 -0.03102567620527307 0.010104785821302493 -5.275331861044727 0.5230833740463695 -0.30865673533340615
591.2852172851562 30735 792.0731811523438 492.408935546875 -1 779.9334716796875 500.8104553222656
0.9989426331053759 -0.024291317812924377 -0.03759082181711009 0.010510840048461081 -5.382753087666465 0.5633085662471926 -0.286203370217542
543.3438720703125 -1 779.9734497070312 536.79931640625 -1 781.2807006835938 546.9796142578125
0.9990618020611526 -0.025952141781976246 -0.034436990556424955 0.004011942256218632 -5.436321325588745 0.6574469395148382 -0.2229081806195163
556.6998291015625 -1 888.62109375 598.9207153320312 -1 888.62109375 598.9207153320312
0.9990916514793888 -0.026798449960982938 -0.03287854256516139 -0.00408857709565816 -5.443275367125114 0.7293959133708514 -0.16039921219081807
609.8386840820312 -1 838.3297729492188 622.6464233398438 -1 866.254150390625 590.7376098632812
0.999416122464618 -0.020910456258707612 -0.026650807871534076 -0.004461100383882095 -5.442773535412454 0.7016006991425445 -0.11153790372840476
501.6252746582031 30662 776.7056274414062 536.8804931640625 -1 882.3469848632812 590.80908203125
0.9995396361614846 -0.011833242264316582 -0.026474554149912857 0.008921216410581866 -5.383243371897113 0.5122607247494627 -0.12354655896692215
487.3629455566406 -1 768.3843383789062 560.53466796875 30849 757.4102172851562 484.22235107421875
0.9995538594609507 -0.0017468920515829973 -0.024354546585209427 0.01720135068845161 -5.319678402436556 0.3700694211959653 -0.13616257323149492
488.2486877441406 -1 809.7059936523438 488.2486877441406 -1 809.7286987304688 664.5555419921875
0.9994893765411118 0.004796041024964895 -0.026717618301759265 0.016856839686851904 -5.2626703096963 0.33260697786935844 -0.10986347982357889
508.3751220703125 -1 750.9512329101562 522.3433227539062 30842 921.61962890625 529.1921997070312
0.9993097722776949 0.007971455408615867 -0.027973055177478334 0.02310720911334713 -5.224110930744576 0.22116241639683354 -0.0896889835380692
627.7991333007812 30993 827.0675659179688 630.8839721679688 31008 839.9843139648438 465.8970947265625
0.9991563754398676 0.01439669787001423 -0.029363513002394977 0.02484062423660948 -5.2270581423929 0.17574752614962552 -0.1259927324860663
487.5638122558594 30849 814.7301635742188 604.4542236328125 31257 814.7301635742188 604.4542236328125
0.9987842210740531 0.020957345858735137 -0.03265012593244248 0.030411160199014475 -5.228489279118749 0.10961165744637671 -0.1011751059701877
595.1866455078125 -1 795.315673828125 600.4804077148438 -1 807.4506225585938 613.9046020507812
0.9984963309343058 0.02479223263975096 -0.03456400861270642 0.03457964169980109 -5.227655139461002 0.08279364124836054 -0.20045845459109626
533.0993041992188 -1 673.148193359375 533.0993041992188 -1 799.9247436523438 599.636474609375
0.9981158321011878 0.030036197053368945 -0.033652394157285326 0.041594818703865735 -5.224367947865223 0.04953745983964733 -0.2194824736377506
585.1607666015625 -1 819.8884887695312 604.300537109375 -1 823.1594848632812 604.8926391601562
0.9979091359682316 0.03130977760413054 -0.03412274918772755 0.04508538749294363 -5.215757886092863 0.06252379185633478 -0.2217359964524715
516.5244140625 -1 785.3919067382812 483.4830017089844 -1 795.5847778320312 616.427734375
0.997964762782452 0.030889815644562772 -0.031097041565709627 0.046315499995896514 -5.212016653683058 0.11558500778758422 -0.17366417991456698
484.7624816894531 -1 696.290283203125 567.7018432617188 31255 815.84912109375 587.5655517578125
0.998388367121766 0.029020504833061986 -0.025858564664978354 0.04134988910063743 -5.209626434521673 0.24185292977757633 -0.07360493591953689
653.1658325195312 -1 826.54052734375 665.9871826171875 -1 828.6744995117188 441.57305908203125
0.9988233329370217 0.02624067388328935 -0.02167095699792401 0.03455063295403312 -5.217310617012574 0.40233583856168775 -0.00512383364514188
501.7516784667969 30566 802.2921752929688 546.7742309570312 30568 798.1664428710938 548.4352416992188
0.9989696874579184 0.022502698871812162 -0.02059070972939841 0.033603790806291056 -5.21062466269681 0.49884148440291204 0.01133784688641207
561.6094360351562 -1 808.8580322265625 573.8741455078125 -1 845.610107421875 528.7924194335938
0.9990422486428877 0.021158758391046188 -0.01907061349099464 0.03321451596800773 -5.211421004415624 0.6032529502122608 0.000950853635837423
533.1488647460938 31581 847.3629760742188 555.9556884765625 30566 851.6774291992188 566.5263061523438
0.9990202844610705 0.018601815698905552 -0.019569962820437107 0.035063659866485936 -5.206961021072198 0.7021390831144415 -0.06275592545707363
440.562255859375 31556 848.3995971679688 589.3604736328125 30566 866.6853637695312 600.7717895507812
0.9989708266683625 0.017295551272443838 -0.021531253373228493 0.03597994580163669 -5.191469682992038 0.7904695565993455 -0.14711182917678703
613.81640625 30566 853.355712890625 624.5545043945312 30546 808.85400390625 656.0390014648438
0.9991039720336204 0.01557209898442399 -0.020428788600986233 0.03363669716482313 -5.184131153744312 0.9097798530342179 -0.15279695079241767
499.64093017578125 31556 852.37255859375 640.1878051757812 30566 870.7913818359375 654.6870727539062
0.9992443904530711 0.013382304488372514 -0.018672571318997664 0.03135119064705427 -5.169010698366892 1.025232310209894 -0.10460408279551152
647.7437133789062 31581 386.9866027832031 869.51904296875 -1 386.9866027832031 869.51904296875
0.9994673405270734 0.008506894991081043 -0.01446103235823189 0.02799190062293147 -5.163358140068823 1.1290286537031573 -0.10612050878180182
562.8707885742188 31580 790.4033203125 553.0814819335938 32222 941.5560302734375 565.8485107421875
0.9996137084243651 0.007589417025892105 -0.012573008259189533 0.02359563821153967 -5.157204598835163 1.2512118704682251 -0.14561636007735848
582.9159545898438 -1 770.0419921875 585.8451538085938 -1 716.126953125 582.5316772460938
0.9996631635066069 0.00650253393144822 -0.011867937139212402 0.022145623687159423 -5.161444602246918 1.3253512764376552 -0.15458269705114525
582.0308837890625 -1 770.4620971679688 598.0538940429688 32327 736.7672119140625 591.6436157226562
0.9997242492564972 0.009443278821096704 -0.013240454826197736 0.01693931195874108 -5.150626524391901 1.448440547249857 -0.19405514686332836
411.2957763671875 -1 827.9527587890625 513.7915649414062 -1 765.9193115234375 627.0021362304688
0.9997031343515463 0.01164066300208398 -0.014417432809581085 0.015820106312770237 -5.146087843292382 1.5281388702995062 -0.18887512355562008
516.5003051757812 32369 696.366455078125 618.1476440429688 32370 766.6334838867188 632.2919921875
0.9996601167153267 0.009200057741444908 -0.01544076366870547 0.018883664993339377 -5.152730861093029 1.577227174002065 -0.30858150029990583
582.0496826171875 -1 1378.3853759765625 694.1267700195312 -1 964.589599609375 517.6695556640625
0.9996243887965767 0.004497475809589591 -0.01729678435703355 0.02077679680121773 -5.157643038723866 1.6304219460893434 -0.3500773368845762
479.90576171875 -1 930.5693359375 267.1925048828125 32497 716.95068359375 311.7496643066406
0.999520939391103 0.0014209303891135265 -0.018954071501260522 0.024425721055511367 -5.158743946331242 1.6635918361751694 -0.35028391980560475
594.241455078125 -1 827.7766723632812 810.8558349609375 -1 933.0185546875 291.5916748046875
0.9993839796923624 -0.001452108828268163 -0.019392435902961826 0.029214481750601533 -5.163685398148916 1.6773652239241164 -0.36276348899432115
733.4708862304688 32534 938.5884399414062 314.0759582519531 32497 942.7263793945312 316.69598388671875
0.9995067339254371 -0.002351214182242463 -0.019784490469075933 0.02427621400576817 -5.142861339921886 1.7897448219829788 -0.3709583897302796
561.3167114257812 32664 829.8876953125 561.3167114257812 -1 936.427001953125 330.0147399902344
0.999634823472623 -0.0039567511477299555 -0.018021566671444285 0.01974302296811604 -5.144539761671498 1.891515352671232 -0.3712956257471939
585.9373168945312 -1 755.17578125 763.0993041992188 -1 827.7549438476562 549.3124389648438
0.9996422550002942 -0.006828221781760903 -0.019029981925922475 0.017509916993660266 -5.148510082249219 1.9641910322199105 -0.3875457521353011
574.0673217773438 32575 941.4361572265625 352.7272644042969 32698 924.5337524414062 365.0071105957031
0.9996258797323497 -0.008531991051963629 -0.021392474765676857 0.014753566396469287 -5.149540525302433 2.0468456976500784 -0.37026209620910133
582.2706298828125 32663 912.4868774414062 373.35040283203125 32786 815.3184204101562 612.4105834960938
0.9995923504439704 -0.009675968869305988 -0.02146463625597668 0.016148620706968285 -5.1515471632826975 2.0712564338593658 -0.43058104856368573
412.9309387207031 -1 928.7989501953125 361.9108581542969 32794 914.4375610351562 385.7377014160156
0.9995928256941017 -0.008052842814178734 -0.022532742008163523 0.015543811665262766 -5.125153312233713 2.111388004675449 -0.4154351373730648
449.2167663574219 -1 828.6502075195312 578.7359619140625 -1 776.9248046875 620.6320190429688
0.9996362398729838 -0.006612620842644679 -0.021581611155788463 0.01476127494880652 -5.1020797886694575 2.1374678256776996 -0.3625328352485003
603.9444580078125 32663 827.8658447265625 603.9444580078125 -1 907.8031005859375 624.946044921875
0.9996442569280933 -0.006587807067957285 -0.02182167939058695 0.013848274162864615 -5.08088425198149 2.158119115335223 -0.3228046482048238
365.4839172363281 -1 926.46728515625 403.85015869140625 32786 1136.5675048828125 416.1377258300781
0.9996267167400885 -0.009519905701415988 -0.02211043158470077 0.012920038312846242 -5.06714332718282 2.180143606798592 -0.32341747915934843
413.858154296875 32786 1119.0753173828125 456.3035583496094 -1 729.650634765625 463.9161376953125
0.9996143909918591 -0.012926973763952857 -0.022751259614684393 0.009292085730655954 -5.037186288497451 2.2211265473019233 -0.3211908951646969
468.5681457519531 -1 950.9091186523438 473.2044982910156 -1 1113.02001953125 475.337646484375
0.9995629647951871 -0.013107312063068928 -0.024266709742416195 0.010639764030004419 -5.014535149046653 2.2089552607542813 -0.29960936000394556
423.4888916015625 32786 953.9149169921875 468.44866943359375 -1 953.9149169921875 468.44866943359375
0.9995200917969587 -0.012010419486912748 -0.02649881209261194 0.010637146028347425 -4.979950734711627 2.206001625839 -0.3216398007788329
474.55023193359375 -1 824.1394653320312 572.8655395507812 -1 936.0572509765625 422.689453125
0.9994563080102454 -0.012091329490869234 -0.028704763010463746 0.01081317299342991 -4.947222525794231 2.199063964294823 -0.3078094418386235
590.4283447265625 -1 788.661865234375 590.4283447265625 -1 941.0758056640625 422.4537048339844
0.9993730229914071 -0.011733130517725203 -0.0313104052857065 0.011642726747441628 -4.913480555801243 2.1910276978111742 -0.34084267692146714
433.1290283203125 32572 968.5621337890625 453.1241455078125 32577 965.553466796875 464.016357421875
0.9993556854770506 -0.011819401513828374 -0.032193702287969764 0.01058684020578894 -4.878461436638939 2.1936233561768184 -0.3487854441668378
359.77532958984375 -1 1245.11083984375 359.77532958984375 -1 544.6426391601562 560.14892578125
0.9993433594155908 -0.012766188479711985 -0.032484042775397154 0.009729408441822332 -4.838250976145367 2.1972635154578932 -0.3728078103303906
433.8792419433594 32573 785.085205078125 539.1412353515625 -1 785.085205078125 539.1412353515625
0.9993423848761813 -0.013867290555281053 -0.032744677919055595 0.007090987986094312 -4.773900523882473 2.221827916640228 -0.361298746387657
430.80950927734375 32497 988.1570434570312 467.3256530761719 32945 976.2659301757812 421.5990295410156
0.9994074211300956 -0.014609907203610661 -0.03078198308398004 0.004881262030587434 -4.7127480450234644 2.2448138253093206 -0.34306144141245365
12.5 -1 743.60693359375 529.3309936523438 32798 606.499755859375 543.5878295898438
0.9994700336263644 -0.015482560549531135 -0.028127377442580138 0.005365896005960703 -4.644104829549439 2.2494656164041387 -0.32367547963048526
541.2129516601562 -1 752.0780639648438 587.9871826171875 -1 674.658203125 576.1663818359375
0.999575619189135 -0.014840136761691663 -0.024369770364328133 0.005870788357770541 -4.585839020670103 2.2641791071011146 -0.2876225847641727
605.6751098632812 -1 664.64013671875 608.894287109375 32933 664.64013671875 608.894287109375
0.9996119342116223 -0.017020744906975107 -0.0208184249300832 0.00727106649272071 -4.52200002401714 2.2563279856278973 -0.28032763536897254
433.7838439941406 -1 781.6048583984375 461.1349182128906 -1 729.2212524414062 488.8868713378906
0.9996811764504451 -0.018332369548594414 -0.016624322285774512 0.0050101482938727454 -4.4350729384111816 2.279173025677468 -0.18065806975582988
612.3373413085938 -1 782.005126953125 380.3422546386719 32808 682.7781372070312 579.778564453125
0.9997420829483 -0.017307129608588778 -0.01358959371316243 0.005617275996158789 -4.381752461685232 2.2816480974160616 -0.19956527799788576
613.5504150390625 -1 717.7330322265625 558.7758178710938 33098 708.4803466796875 569.6075439453125
0.9997783572072007 -0.015016163062235034 -0.012750077650324224 0.007428783673659439 -4.333823829520961 2.2757020164052104 -0.20428275578199936
567.404296875 -1 735.6154174804688 566.4150390625 33177 735.6154174804688 566.4150390625
0.9997558276828212 -0.014401489545574254 -0.012914888339420214 0.010681187775071651 -4.289090442299931 2.242766849600923 -0.22608226079692334
557.8674926757812 -1 869.960693359375 540.8696899414062 32798 862.3850708007812 594.62060546875
0.999748062082826 -0.013798576235620037 -0.013066145226636417 0.011945187500424984 -4.2512725431657294 2.2264801466983073 -0.2523077607077438
529.9291381835938 -1 1194.56494140625 529.9291381835938 -1 764.4327392578125 558.8611450195312
0.9997229815409663 -0.013943510122566291 -0.012752885256748557 0.014032199468766462 -4.2177846393957985 2.2154999859880338 -0.27373620968057766
888.151123046875 -1 758.5076293945312 888.151123046875 -1 841.7613525390625 493.1744079589844
0.9996966983576742 -0.01442888114772627 -0.012539785493888594 0.01552650834404446 -4.186038723532485 2.222383727416045 -0.29670983174683185
512.7786865234375 -1 814.78125 590.2904663085938 -1 701.877685546875 729.843994140625
0.9997072072292562 -0.014893350897535648 -0.012901349773127567 0.01404432579212 -4.1425147985318 2.2501636631905773 -0.2563432868509329
571.3641357421875 -1 802.575439453125 553.0123901367188 -1 768.5232543945312 560.4219360351562
0.999653541778207 -0.015587435281648873 -0.013604110569695495 0.016271338212777885 -4.1022632439426525 2.247925688170905 -0.28825050801746804
588.8701782226562 33313 801.0965576171875 570.1748657226562 -1 711.5654907226562 600.36669921875
0.9996294242193141 -0.016742926414738613 -0.014024522188699887 0.01624812073478045 -4.042104165498578 2.267669848125053 -0.2870118603588207
573.9725952148438 -1 705.9689331054688 586.6060791015625 33348 700.7415161132812 594.9356079101562
0.9996329085274642 -0.016326527921555554 -0.01395714501537461 0.016513351506249344 -3.9805030477456476 2.2985669224521983 -0.3494822070924157
581.0283203125 -1 806.2893676757812 647.18408203125 -1 719.581298828125 582.0222778320312
0.9996021568177895 -0.02042927181728842 -0.011869860821334144 0.015403874263351151 -3.9163770864557703 2.310542910883912 -0.3232461854539564
388.5213317871094 -1 730.7169799804688 608.5181884765625 33313 710.0794677734375 613.2852172851562
0.9996184275486413 -0.02061873330227745 -0.009558752269170957 0.015700235579378382 -3.859302250706983 2.3278084563002523 -0.32436236474949076
604.182373046875 33348 725.731201171875 618.0459594726562 33386 725.731201171875 618.0459594726562
0.9995702498845958 -0.023245959893882038 -0.0075776268614083635 0.016171594399073928 -3.814033249613302 2.336114327869429 -0.3454191933523583
340.0201416015625 33451 558.3396606445312 340.0201416015625 33450 756.5379028320312 592.2081909179688
0.9994806777165789 -0.02662082117174797 -0.0062884607387918585 0.017034142563886023 -3.767346365202267 2.34800970433316 -0.31210231858949544
617.4282836914062 -1 779.9006958007812 607.954345703125 33402 898.101318359375 611.2587280273438
0.9993994286047159 -0.028944241647178157 -0.004675939132076787 0.01847020772136314 -3.721724153742225 2.3556730066042384 -0.3171037484807799
615.3599243164062 33402 789.2511596679688 635.4150390625 33313 886.2070922851562 675.11767578125
0.9992562130974441 -0.03227802401264223 -0.0019628673719225796 0.021007067945698774 -3.66382731410345 2.344574173247271 -0.3134803576950019
615.5968017578125 33349 789.9113159179688 615.5968017578125 -1 793.874267578125 617.3773193359375
0.9992703576867153 -0.033264397517455406 0.0012340381305346367 0.01872723301390922 -3.5908989311899036 2.370156230492601 -0.3028608734206325
0.5 -1 0.5 0.5 -1 819.2847900390625 616.7197875976562
0.9992505010723236 -0.03305040023815468 0.004471222927844619 0.01964981720875859 -3.517617964670612 2.374031435513932 -0.2374948484774293
455.614990234375 33450 960.4810791015625 455.614990234375 33451 979.5146484375 458.9940185546875
0.9992500405092629 -0.0325413269040069 0.006681803957864005 0.019894021248399216 -3.456646272584145 2.372017612758224 -0.23336008493405408
540.14990234375 -1 843.2119140625 405.241943359375 -1 886.59912109375 422.8549499511719
0.9992550270761126 -0.03177250813263084 0.009292848466235015 0.019837881879449338 -3.4066586801133023 2.3721706433752314 -0.2043214061877164
469.02398681640625 -1 1101.58984375 469.02398681640625 -1 889.7689819335938 625.1192016601562
0.9992218612893125 -0.03127459607668249 0.01055214078859352 0.021592218194068816 -3.3543667938265203 2.362136606040725 -0.19299167561507086
589.3091430664062 -1 685.5581665039062 421.73828125 43140 685.5581665039062 421.73828125
0.9992146408445547 -0.031966971092167264 0.012064717214958701 0.0200663120578596 -3.2832381384175706 2.3596048724256717 -0.15635159692744013
526.6089477539062 33437 769.7127075195312 535.1428833007812 33453 740.6270141601562 538.1094360351562
0.9992194327462903 -0.02901224748640861 0.018817436764320652 0.019097612196027996 -3.226074392045963 2.3747774938576844 -0.01739848850293628
668.0607299804688 43117 609.9807739257812 668.0607299804688 -1 676.4271850585938 599.4986572265625
0.9991005142295144 -0.030315019578529515 0.0246871005514296 0.016422823162814532 -3.144407360479091 2.390796263572087 0.0005161871885314287
734.343994140625 -1 775.5924682617188 527.0825805664062 33437 770.9016723632812 532.8626098632812
0.9990043860558131 -0.03134794458013394 0.028421126299725066 0.014134446989679746 -3.0703327372370763 2.4066453885102006 -0.005260439298902506
736.8497924804688 -1 565.2662963867188 736.8497924804688 -1 570.0078125 737.3252563476562
0.9988954185896701 -0.03156344409000558 0.03227391695792397 0.013041702417167652 -2.9939168490671273 2.4130426466510153 0.05344650248778491
502.4000549316406 -1 763.1605224609375 515.3294677734375 -1 815.9879150390625 523.2333374023438
0.9988708168816315 -0.030366670120978906 0.03441196516785348 0.01227897313590284 -2.9131961967843716 2.4142357175844205 0.07764964634946102
512.4169921875 -1 832.9419555664062 515.9788818359375 -1 850.814697265625 888.541015625
0.9988368700105296 -0.029075934256185973 0.03666822723900043 0.01161629311990637 -2.8447035219303145 2.4194776615796374 0.09848443470955469
732.263427734375 -1 901.685302734375 890.1135864257812 -1 849.7738647460938 515.3969116210938
0.9987679214708132 -0.030118523126001905 0.037768682354908274 0.011359587965874923 -2.7823797943766393 2.4290968986389916 0.09758709102469884
32.0 -1 824.7156982421875 500.4554748535156 -1 864.7388305664062 518.1468505859375
0.9986702789129883 -0.03185768312661365 0.0392390318665873 0.010151867800140069 -2.7270237636570305 2.4501119006712866 0.09595435297284034
757.4185180664062 -1 939.6634521484375 757.4185180664062 -1 942.5326538085938 758.4359741210938
0.9985908644245215 -0.035054909687615834 0.03882424327077741 0.008950806060451752 -2.674559204416697 2.461992162760888 0.08127520457447776
771.502685546875 -1 990.8892211914062 772.5872192382812 -1 758.7437133789062 504.8108825683594
0.9984773383735047 -0.03740838321464771 0.03951195777419096 0.009078701045772582 -2.6301572945776623 2.4751646252143424 0.09130044380437306
535.6721801757812 -1 1011.27880859375 535.6721801757812 -1 1017.8782958984375 538.474609375
0.9983109790502949 -0.04291457277569807 0.03864399349671469 0.006338005817848302 -2.561239518182823 2.492330554481307 0.04942461246223883
583.1469116210938 -1 1101.482421875 583.1469116210938 -1 780.0880126953125 518.3870239257812
0.998155154799517 -0.043647295698084204 0.042022601234202775 0.003911714573881189 -2.5061783011558156 2.5187803038518886 0.0848233777576925
588.4727172851562 -1 291.9853210449219 589.1438598632812 -1 291.9853210449219 589.1438598632812
0.9980737335491535 -0.04317116921430526 0.04448614254462626 0.002460826979387348 -2.4442597122111023 2.523839698897141 0.11309939205442339
590.7343139648438 -1 424.9122314453125 590.7343139648438 -1 398.2015380859375 591.5611572265625
0.998126498481009 -0.042195117788397775 0.0443012794319493 0.0006794891876592971 -2.389703279955561 2.524083125718561 0.11659861076974261
587.2205810546875 -1 495.8017272949219 587.2205810546875 -1 490.277099609375 590.592041015625
0.9981445001068716 -0.042102437223226354 0.04398512644925601 -0.0005003373969036774 -2.333389858066984 2.5222960268882093 0.11010209821943445
540.0170288085938 -1 936.2164916992188 540.0170288085938 -1 584.6804809570312 582.3960571289062
0.9981602824069393 -0.0432609440419727 0.04247904694022535 -0.00026817335189628985 -2.2655251018673397 2.5128051397738256 0.10676451053244451
876.50244140625 43384 353.68524169921875 444.0935974121094 -1 360.35333251953125 444.26495361328125
0.9981959975660093 -0.043163451736509165 0.04170755907765637 -0.0014650573959265945 -2.188372077857249 2.511069949681571 0.13575403164825692
445.79119873046875 -1 515.2570190429688 452.3341369628906 -1 497.9168395996094 445.2961730957031
0.9981587893257204 -0.04078620237694881 0.044425584688752226 -0.006471816788277916 -2.081770179872614 2.5195190934851537 0.17433062168634822
441.8304748535156 -1 613.9295654296875 530.6465454101562 44101 619.6175537109375 862.05322265625
0.997938497799376 -0.04023883537386234 0.04998165125734709 -0.0011938489305502104 -2.0273485302856225 2.500604203395404 0.21131114365091258
442.62908935546875 -1 761.3136596679688 442.58074951171875 -1 761.3136596679688 442.58074951171875
0.997477779060158 -0.04486402463783127 0.054939028315029864 -0.00264626950840932 -1.944825137882742 2.504346260574491 0.17082581379368408
437.0257873535156 -1 881.98193359375 437.4269104003906 -1 893.4351806640625 436.78271484375
0.9968360646190233 -0.04762006906469655 0.06363055980346971 0.001158082997569475 -1.8793108803130874 2.493858543346816 0.1678639585384385
422.9390563964844 -1 1052.175537109375 428.5733642578125 -1 714.075439453125 879.97998046875
0.9964800150324847 -0.04752344755917975 0.06901543859277799 0.002443523847931417 -1.8162569884256319 2.4801281708072795 0.18012269203311893
473.8070068359375 -1 699.497802734375 473.8070068359375 -1 700.0872802734375 470.3747863769531
0.996628639811916 -0.04473364237191321 0.06861858660963989 0.004663166144107791 -1.7820123105906844 2.4469665963720524 0.1985054485871767
461.0179443359375 43886 831.8120727539062 881.76708984375 -1 681.7034301757812 460.929931640625
0.9970698898269781 -0.04195982241084079 0.06344489437288234 0.008108852057010361 -1.777640722190496 2.4086968164871196 0.2122850057654784
915.5756225585938 -1 727.3394775390625 440.974365234375 43760 711.68994140625 456.6268615722656
0.9977739513920066 -0.038088867020501724 0.054086753364493936 0.008426342217389648 -1.7712566868222726 2.3815206523149075 0.19726215278528758
485.14990234375 44225 806.6665649414062 826.292236328125 -1 804.4395141601562 828.8098754882812
0.9982247363355524 -0.03595499382258437 0.04639235960246598 0.010117467941652183 -1.7667946443513365 2.3591752364904472 0.16671706738418837
477.85821533203125 44225 713.7379150390625 477.85821533203125 -1 834.2015991210938 541.251708984375
0.9984268279435853 -0.03576200482622842 0.042652060066273555 0.0067638765085081196 -1.733330027332846 2.3701680164768835 0.14829804662502968
430.8761901855469 43886 797.291259765625 805.358642578125 -1 797.291259765625 805.358642578125
0.9984848379021246 -0.03676707377177398 0.0404753391815487 0.006160980763450259 -1.7022869362622182 2.3787782208345423 0.12422187184796427
488.8861389160156 -1 751.3204956054688 594.7906494140625 -1 798.6439208984375 711.9675903320312
0.9985540033415827 -0.03649555460368264 0.0393666305009787 0.002871464376837096 -1.655289071588428 2.39223057738051 0.11178803065792732
479.9735107421875 44225 697.9278564453125 489.8448791503906 -1 768.4603271484375 623.8319702148438
0.9986030230288327 -0.03603405617498804 0.03864173880743234 0.0006043303671007455 -1.6124489549246517 2.401125463144276 0.11809083343902281
438.82080078125 -1 679.0775146484375 470.0255126953125 -1 729.6557006835938 480.564453125
0.9986252129798188 -0.03599150013184627 0.03810896330638203 5.3244568146846044e-05 -1.572162949831353 2.404984747495456 0.1296737349515802
735.1362915039062 -1 639.3776245117188 834.3402099609375 44720 677.7098999023438 836.2321166992188
0.9985887543407287 -0.036540953265498846 0.0384915655162823 0.0019125435384119665 -1.532052839709019 2.402625167968023 0.13641664176623855
738.34814453125 -1 632.7457885742188 738.34814453125 -1 658.8358154296875 834.59228515625
0.9985563335587175 -0.03660428213939299 0.03928833625674915 0.0013423386337921036 -1.4703889262355543 2.404397118610753 0.14522423574072796
478.15576171875 -1 797.0567016601562 796.2066650390625 -1 865.961181640625 828.052001953125
0.9985111646463429 -0.035232622777355664 0.041497954353307914 0.00346931597336518 -1.411635218382563 2.3996233681197294 0.17406986529020224
825.8895263671875 44097 634.7071533203125 831.8309326171875 -1 731.5159301757812 451.85595703125
0.9985186782366979 -0.03428467690596877 0.04197757717979825 0.004784679300133027 -1.3505028178628142 2.3950478378421347 0.18347904974196724
828.742431640625 45051 709.7012939453125 896.916259765625 -1 835.1358642578125 898.0005493164062
0.998536870174231 -0.03326805682255763 0.0420520707156515 0.006998474578667479 -1.2990333701670818 2.390784445662338 0.2024266479682629
790.8693237304688 -1 795.3222045898438 827.8074951171875 -1 795.3222045898438 827.8074951171875
0.9984972343896874 -0.033370347906288 0.04247649464440602 0.00924338679721227 -1.2550298335741676 2.389851860080495 0.205366502173047
827.3795776367188 44720 792.9011840820312 452.3109130859375 44227 645.82080078125 782.6942749023438
0.9984551859628312 -0.03395854853365976 0.04305913769447468 0.008942553685802115 -1.2030571419385367 2.396965261135336 0.20173814804469253
830.8399658203125 44720 726.5087280273438 834.9569091796875 -1 720.8064575195312 858.5559692382812
0.998390277960759 -0.034419585049007086 0.04393827040412868 0.010078364569030239 -1.151779227949284 2.401786778745328 0.1983542345346404
834.6433715820312 44720 759.9451293945312 900.561767578125 -1 822.3231811523438 456.5474853515625
0.9983593008530647 -0.03517403661431505 0.04412024281629759 0.009741546194810767 -1.1017664237021587 2.409391625075304 0.18696204626648477
499.3689880371094 -1 837.2254638671875 839.1143188476562 44720 843.9791259765625 445.99957275390625
0.9983033345885133 -0.035769937756633056 0.04497910061962241 0.009372524195301567 -1.0152810149333478 2.420326604678179 0.17675728143260935
845.1630859375 44720 803.317626953125 855.6385498046875 45855 858.8397827148438 462.04156494140625
0.9982519051602698 -0.03634166881211125 0.04584109865509922 0.008426780282892106 -0.9490459638460192 2.4299994579490756 0.17421828025787411
848.8569946289062 44720 845.5895385742188 860.45654296875 45192 882.543212890625 451.0145568847656
0.9981987726924472 -0.037276039538632365 0.04629186691031448 0.008171299135656031 -0.8919851567904147 2.4386735590401183 0.17399580905878173
863.5183715820312 45855 851.6229248046875 891.6913452148438 -1 917.58984375 913.4312744140625
0.9979740687479142 -0.040029801216465585 0.04865920502151439 0.008812201085886505 -0.8343894520441905 2.4426623108681818 0.17477369813013466
657.0381469726562 -1 298.25897216796875 657.7938232421875 -1 744.9353637695312 987.1260986328125
0.9976998471607821 -0.04185196067398648 0.05208557633422397 0.01142458318832189 -0.7722821750329915 2.435813469458008 0.1857581045421594
658.4830322265625 -1 771.1627807617188 910.49365234375 -1 709.2781982421875 918.7603759765625
0.9974098041854728 -0.0426213287529947 0.05711076782410804 0.00977062170831261 -0.685078538401328 2.4311603986719166 0.2191863084998347
654.9871215820312 -1 538.0322265625 655.3505859375 -1 783.1074829101562 863.6303100585938
0.9972864260261947 -0.041484143637480375 0.06054313755126484 0.005777437668456101 -0.5929375017167456 2.433470320677833 0.25746150102790855
652.9573364257812 -1 646.5047607421875 653.1458740234375 -1 673.021484375 839.6483154296875
0.9973683717697843 -0.03933981720676078 0.06065020775587914 0.005501097581101828 -0.533416881691078 2.428288800462337 0.2508233627703823
649.7410278320312 -1 722.3238525390625 649.6656494140625 -1 737.5983276367188 848.5430908203125
0.9969811921226857 -0.04273171362459733 0.06153296833087131 0.020400907154489303 -0.540059747840947 2.4089587994610326 0.21947559047099113
906.9476928710938 -1 701.301513671875 876.0362548828125 -1 888.3489990234375 889.4851684570312
0.996560594383828 -0.04388421174384856 0.06851631748303538 0.01570579254722294 -0.4374999995188014 2.40671616879527 0.21699304539755984
854.5010375976562 -1 638.4818115234375 863.3568725585938 -1 676.1846313476562 933.5140991210938
0.9957862702605428 -0.04192304313095499 0.08004229112683796 0.01566505813599156 -0.33723276619058695 2.3941240342806953 0.27462682943606076
0.5 -1 0.5 0.5 -1 0.5 0.5
0.9953051037394559 -0.037153090612157956 0.08920613975686742 0.005446371070193308 -0.21649517200546667 2.3796543315636796 0.3174348389239359
811.4557495117188 46476 822.892578125 851.050048828125 -1 728.9060668945312 863.583740234375
0.9948720955446702 -0.03764029740345284 0.09360166402669161 0.0071728661893930516 -0.1709437482325036 2.36260140393685 0.30610101746129537
585.0438842773438 -1 1201.3660888671875 585.0438842773438 -1 800.5693359375 589.2630004882812
0.9951173570665105 -0.037022039884822465 0.09123166254806868 0.006899128672881017 -0.12104911351704936 2.3518784191452045 0.29658899010510675
550.82861328125 -1 797.0958862304688 569.4405517578125 -1 1256.575439453125 575.05419921875
0.9954974957801205 -0.03547084727503469 0.0878098057729686 0.003999112303203265 -0.05600712692155777 2.34485842203936 0.2987471003481818
828.4475708007812 -1 719.9602661132812 863.6456909179688 -1 794.026611328125 489.50701904296875
0.9956519726986939 -0.03406401208387353 0.08662421974301138 0.0036106641859587033 0.012387192511909317 2.3422921303689517 0.31022144669609225
864.7568969726562 -1 810.2342529296875 487.178466796875 46807 926.4056396484375 823.8499755859375
0.9956270434280919 -0.03318895826726639 0.08720343997526951 0.004565468239899514 0.0817092521844634 2.3492033048132686 0.315983115571549
827.0052490234375 -1 917.2409057617188 855.0868530273438 -1 769.7686157226562 875.7753295898438
0.9953000836574142 -0.03475620124942442 0.09032042329916089 0.0034599250445953777 0.18075290425837046 2.362928321281422 0.31220073548947114
564.0177001953125 47183 780.8370361328125 584.4281005859375 46601 798.5836791992188 819.2285766601562
0.9951378601974419 -0.03649660033419968 0.09142096894938141 0.003292992872567079 0.24863499759464752 2.3743737322633356 0.294053440803295
892.162841796875 -1 806.9306640625 569.242431640625 47183 957.642333984375 836.62255859375
0.9949467399918159 -0.037015912070877434 0.0933289118579623 0.0007218342105416912 0.32162312096446594 2.3763657899019677 0.2821052261867412
495.0538635253906 -1 827.9674072265625 555.572265625 -1 828.8848876953125 577.96923828125
0.9947737517360705 -0.037257246691544406 0.09503306581441787 -0.0024076602377792553 0.390803948736718 2.371805054761679 0.2795950897464791
582.6543579101562 -1 832.3090209960938 567.9837036132812 -1 838.4229125976562 570.6133422851562
0.99467490311338 -0.038118403255004894 0.09567360666816356 -0.003922427409451198 0.44497815247801975 2.3698237860705063 0.2850118596957506
492.4776916503906 -1 810.6549682617188 550.58447265625 -1 887.5384521484375 559.8637084960938
0.994619210000817 -0.0394309077184954 0.0956649798118618 -0.00510316092657454 0.502051681916729 2.3736241729204957 0.2988861556082967
589.8506469726562 -1 855.7738037109375 594.3728637695312 46601 885.2252197265625 834.881103515625
0.9945148693112218 -0.041136011462264074 0.09597809206855208 -0.006017401660246045 0.5545758699312133 2.3767559546071593 0.3017048176243104
580.8096923828125 -1 940.5202026367188 506.19476318359375 47112 940.5202026367188 506.19476318359375
0.9943809569033604 -0.04332339722438099 0.09641562646777528 -0.005798514785898644 0.5979668024229347 2.373792659946795 0.28623792590898894
706.0591430664062 47111 957.2978515625 503.2304992675781 -1 953.55322265625 508.0609436035156
0.9946404088521433 -0.04284005481348795 0.09400989485713442 -0.004162505371659414 0.6408365958934966 2.364671370989685 0.2803264097762095
565.0438232421875 -1 673.4708251953125 536.4806518554688 -1 673.4708251953125 536.4806518554688
0.994765235304537 -0.04262418499190698 0.09283231935482762 -0.002732392081697101 0.6870368247592614 2.3431017144284594 0.2769689673649245
494.5739440917969 46353 917.6644897460938 555.9225463867188 -1 917.6644897460938 555.9225463867188
0.9946572910429589 -0.04135517849511989 0.09454783514251429 -0.00270729691451733 0.7387958799255206 2.3275295777126144 0.28500054845324674
520.6985473632812 -1 674.7911376953125 520.6985473632812 -1 915.3179931640625 584.4962158203125
0.9945937072003821 -0.04206361633769013 0.09491543018057848 -0.002251864034991013 0.7833417699913058 2.325715662459914 0.28988568199841114
565.4633178710938 47183 715.8402709960938 428.87518310546875 47141 715.8402709960938 428.87518310546875
0.9945564801238975 -0.04557903086974746 0.09368814625675018 0.0015783027313823123 0.8251990682961904 2.3354794520424558 0.28802664525517263
497.245849609375 -1 1013.2813720703125 497.9053039550781 46353 1101.31787109375 913.1646728515625
0.994452824817417 -0.04971870606803053 0.09268364376348327 0.0011711781692119198 0.8925765304247222 2.3436216544514585 0.27395865200133956
577.5217895507812 47183 1028.356689453125 504.7148742675781 46353 759.7752685546875 533.38720703125
0.9946119029417791 -0.04897583911400801 0.0913655867866675 0.0009269631813741694 0.9535045954206341 2.3563828696969433 0.26634806869532046
0.5 -1 0.5 0.5 -1 1042.322265625 506.5489807128906
0.99517206490738 -0.04448544579163205 0.08748481395886734 -0.00011690715871170918 0.9841348848796684 2.3627019501618753 0.29570803389150335
551.794189453125 -1 740.6351928710938 551.794189453125 -1 691.510986328125 606.6358032226562
0.9953865448145042 -0.047356070853677684 0.08324747548444168 0.005734699731647019 0.9935291162811987 2.381139381082325 0.29989438988847955
583.0486450195312 47183 759.7055053710938 551.8074951171875 47272 751.7096557617188 570.8739624023438
0.9952288677969662 -0.0483525052264063 0.08472839132266276 0.0016234672071803393 1.082232387166871 2.378953773566195 0.28493309153625085
586.092529296875 -1 786.0184936523438 446.53741455078125 47141 795.5482177734375 539.4056396484375
0.9943503564083285 -0.04799527528644173 0.09467746100409709 -2.5271063451685694e-05 1.1600185108879124 2.3524947444637183 0.24747969927888674
625.8538818359375 47029 773.6309204101562 654.1494750976562 47089 1031.0784912109375 789.5100708007812
0.9936631211401232 -0.041594887773293156 0.10440955881444601 -0.0014529368082296585 1.2521111710535644 2.3275890957215504 0.20902895370871352
601.1607055664062 46976 832.594482421875 491.20367431640625 46986 997.0048217773438 587.6427612304688
0.9934318637998214 -0.03196818212584876 0.10971049193400517 -0.005897056755725092 1.3544845687599316 2.2552491531533563 0.24605815321515234
588.1131591796875 -1 829.37451171875 588.1131591796875 -1 725.5671997070312 665.2972412109375
0.9936469097475246 -0.023172614704165817 0.10935938143930406 -0.013014390810941374 1.4306487802976338 2.1848814559707552 0.278696064304687
578.5499877929688 -1 793.6072998046875 578.5499877929688 -1 837.1649169921875 569.49658203125
0.9940212788258509 -0.018516664590552054 0.10683199694848546 -0.012874579677018248 1.473277071323743 2.141574094118594 0.30862136862786504
550.0919189453125 -1 844.1912841796875 446.1324768066406 -1 744.5049438476562 628.3570556640625
0.9943209099412086 -0.016110614559404227 0.10433698016771424 -0.013422768778736261 1.5217096965931072 2.0959841474176355 0.34008231894726887
599.6301879882812 -1 1189.8363037109375 599.6301879882812 -1 1182.6302490234375 603.161376953125
0.9946475437600804 -0.01267795771469586 0.10166742654386726 -0.013389079885146855 1.595848448392972 2.069515363050311 0.37081327450676344
531.77978515625 47430 878.2603759765625 550.8589477539062 47167 768.8818969726562 605.50830078125
0.9944890412916314 -0.011081524585000403 0.10351496638923478 -0.012385406620688074 1.674031710182437 2.0576432319696707 0.3572640308660135
519.1527099609375 -1 950.268798828125 682.8116455078125 -1 888.3555297851562 526.8527221679688
0.9942016677963911 -0.009913881560024854 0.10620596547367372 -0.013603367270399992 1.7575981081862888 2.0484607523929323 0.3291559079583343
704.611328125 -1 798.6127319335938 470.77301025390625 -1 738.5775756835938 517.3558349609375
0.9940061515052196 -0.00758524420625665 0.108100770774133 -0.014438081526024979 1.8270723185233306 2.052281995346957 0.28871719910287225
514.1382446289062 -1 619.4278564453125 515.2449340820312 47625 619.4278564453125 515.2449340820312
0.9937387620095308 -0.006134879997192367 0.1104046166806252 -0.01601426685144641 1.892596894510499 2.0629382401381102 0.21620415234467946
518.5499877929688 47593 636.8367919921875 518.5499877929688 47625 776.6554565429688 491.8633728027344
0.9934290566893292 -0.009424084075227483 0.11269452545287292 -0.017602269673097793 1.9629117498016142 2.0633661151929092 0.23117751256529553
507.38232421875 -1 655.612548828125 524.03076171875 47625 964.2214965820312 529.4756469726562
0.99303282875314 -0.010536775955829721 0.11614195887136157 -0.016906293517992877 2.030085152092875 2.075374024944034 0.22617660462360933
513.7221069335938 -1 679.0786743164062 527.24560546875 47625 679.0786743164062 527.24560546875
0.992565686463581 -0.007719022283239054 0.12047300363317934 -0.015492906301622741 2.084114901962547 2.092278983339892 0.23080719369167094
581.2994995117188 -1 769.0238647460938 581.2994995117188 -1 827.2012329101562 598.142578125
0.992157812253643 -0.008322158257176977 0.12418041050297995 -0.01152575001111707 2.130481423324454 2.1107180457400987 0.26781380057558796
528.1016845703125 47625 720.5323486328125 528.1016845703125 47593 722.5119018554688 859.2064208984375
0.9918705563931801 -0.007222702896600803 0.12670853030824145 -0.009250960505603398 2.181333701806183 2.1346307991293103 0.21376264391794772
530.48583984375 47625 738.6007080078125 530.48583984375 47593 877.6329956054688 533.9864501953125
0.9914384166224071 -0.009326434138628006 0.13002032580892545 -0.007589370728395645 2.2403282347211775 2.150807525123729 0.13948909239721155
534.4716186523438 47625 849.7777709960938 546.25 47490 813.0278930664062 554.4241943359375
0.9910435619774992 -0.011304600601316158 0.13275475796164665 -0.009002139009164536 2.3030000996466673 2.147730134793779 0.09721899233746317
759.4514770507812 -1 1030.8447265625 759.4514770507812 -1 856.5040283203125 497.7406921386719
0.9905926977287455 -0.009546703259020548 0.13622726252069864 -0.008780695273571244 2.3662115272698108 2.153150549455296 0.1080533416573816
621.7236328125 -1 811.1693725585938 621.7236328125 -1 660.8513793945312 638.5476684570312
0.9903349430448887 -0.008624851937327949 0.13823354022977855 -0.007334907557601034 2.4202642343559577 2.1602859499559095 0.05296522891564335
590.096435546875 -1 834.2542114257812 503.4461364746094 -1 814.3033447265625 535.517578125
0.989599871661273 -0.008643043467567231 0.14347796049674655 -0.005609515068520566 2.471959484927961 2.1720671125179596 0.032090096928045646
815.0514526367188 -1 835.826171875 536.1126708984375 47593 835.826171875 536.1126708984375
0.988524816543646 -0.007160256766876139 0.15087328910387549 -0.002160656234104882 2.52333407311279 2.1998528456121846 -0.036205922409446804
507.0405578613281 47667 645.6987915039062 517.5031127929688 47685 861.1200561523438 538.0753784179688
0.9876998817597624 -0.005472556250633884 0.1562657398439886 -0.00011511231828056438 2.5874767420528797 2.2182733657772866 -0.09258167843260083
507.3292236328125 47667 738.733642578125 612.7554931640625 47696 728.4785766601562 881.947021484375
0.986665861346388 -0.005875139582622987 0.1626519698651467 0.0005454241124309834 2.676081394266501 2.223086844432354 -0.09618736600321168
567.8507690429688 -1 750.0785522460938 567.8507690429688 -1 773.6939086914062 507.6828308105469
0.9855701128879013 -0.009527657218808393 0.16897877044552417 0.0026365638185515826 2.740419925966969 2.2304028009209445 -0.01743482036506967
576.7294921875 -1 1329.314453125 325.5756530761719 -1 1329.314453125 325.5756530761719
0.9851530634623551 -0.011104357040315373 0.17129801125154476 0.0026694843553900236 2.8283044722422854 2.23702562371528 -0.07802254722451257
651.2993774414062 -1 807.0873413085938 572.6285400390625 47754 462.2803039550781 513.3600463867188
0.9841235026636748 -0.010897580390139137 0.17711084580161807 0.0037312928129718697 2.897404869787989 2.254786132602149 -0.12180070660059308
593.0935668945312 -1 849.7156372070312 416.4444885253906 47796 791.6549072265625 644.0997314453125
0.9832396323742097 -0.010616551715188669 0.18195513716559417 0.004409332983280017 2.9588086964735076 2.269902920353349 -0.17439753848206155
571.0925903320312 47912 713.9697875976562 581.1826782226562 48607 858.5755615234375 636.7794189453125
0.9824241306364552 -0.012667190798822874 0.18618809465622488 0.004045148792831124 3.0484044536991877 2.2829957779626016 -0.11426106239654168
576.1475219726562 47912 829.8129272460938 487.927001953125 47797 891.03466796875 523.2061157226562
0.9819289876838858 -0.014568038656100811 0.18868089427163506 0.001659979719644279 3.1211597752024747 2.2802595774722785 -0.12120892741916003
586.999267578125 -1 795.472900390625 597.255126953125 -1 868.7393798828125 618.7056274414062
0.9813262866578003 -0.017179541771860065 0.1915786376723085 0.001099111706843272 3.16389331893148 2.2880050310425624 -0.16687439177086663
428.36102294921875 -1 635.9862060546875 428.36102294921875 -1 735.5822143554688 565.1298828125
0.981188227381954 -0.016258161867669936 0.1923573818539101 -0.001993054453030814 3.2144202906956068 2.281436689809024 -0.18443242217246655
614.0790405273438 -1 358.7539367675781 644.9744262695312 -1 358.7539367675781 644.9744262695312
0.9813484092104088 -0.014467242428873107 0.1916597252497055 -0.00354236558133383 3.2544072734266916 2.273920087813697 -0.1423569428415212
599.7628173828125 -1 762.6441650390625 561.163818359375 -1 799.3202514648438 613.0752563476562
0.9813111273605479 -0.012501907093776961 0.1920010880245267 -0.002784929942951333 3.286938516703192 2.276581775751594 -0.12336783391968992
673.6325073242188 -1 796.5333862304688 707.5975341796875 47914 633.4846801757812 309.3368835449219
0.9811390878497226 -0.012495513498678699 0.19288799813170407 -0.002042697374178614 3.336114629977466 2.2769723710026915 -0.14985823995896155
652.8670654296875 48219 799.6365356445312 583.8414306640625 48038 636.9304809570312 501.40576171875
0.9807594057504296 -0.011306764199203838 0.19487853740363742 -0.0023453730677599266 3.386484382082302 2.277370154671741 -0.16842829731759026
534.8567504882812 48157 812.2763671875 583.9052734375 48038 812.2763671875 583.9052734375
0.9800027349634188 -0.009422895181640892 0.19875086657553553 -0.0019853327400286085 3.436095334178185 2.283286099099697 -0.2005149718271389
429.01129150390625 -1 850.6846313476562 608.1943969726562 -1 669.498291015625 500.5728759765625
0.9796619595990463 -0.008047233731001581 0.2004681890398289 -0.0031925110691249092 3.484857724586286 2.278749130948604 -0.2005152973047931
582.5643920898438 48038 839.5886840820312 582.5643920898438 48060 661.7964477539062 480.7008361816406
0.9794051966725056 -0.008579093855809775 0.2016659859895962 -0.004763399452901867 3.5387553788183688 2.2690545579354358 -0.17303912480812234
510.5493469238281 -1 752.0991821289062 679.9989624023438 48195 703.8502807617188 307.7627258300781
0.9797294744310818 -0.009353014623015313 0.20000506441359317 -0.006375912277646263 3.607155488232202 2.263270907816697 -0.17467677627532852
693.9173583984375 -1 816.8486328125 693.9173583984375 -1 861.51123046875 726.590576171875
0.9790408126123601 -0.006314443565101759 0.20342523545715 -0.007575527770124794 3.6436462771275817 2.2712979570754026 -0.14334396985571748
517.1348876953125 -1 744.1734008789062 602.4126586914062 -1 891.9287109375 673.57763671875
0.9797788109772724 -0.005656184387702831 0.19978352909045574 -0.009382464617452999 3.7190291915234592 2.2623949199341187 -0.1459686527367256
707.8414306640625 48195 705.7520751953125 607.479736328125 48291 738.7379760742188 316.1914367675781
0.9794305390486328 -0.0029636780017663544 0.2014568705901821 -0.01105283147511113 3.766815455411577 2.2530753118624047 -0.1915243695923511
543.7484741210938 48157 707.330078125 571.02294921875 48321 973.9532470703125 707.3375854492188
0.9790885051031682 -0.0032596980857788984 0.20301358512510717 -0.01267114035450959 3.8185656918227098 2.2317312745423523 -0.19007662000076697
0.5 -1 0.5 0.5 -1 0.5 0.5
0.9778862558727609 -0.0013136928463195535 0.2085157648422328 -0.01605990655382443 3.8765305721104424 2.1972382805513986 -0.2595465580181397
600.6229858398438 -1 775.0330810546875 499.2544250488281 47984 743.4664306640625 573.1427001953125
0.9766598059048033 0.0036927865891387334 0.21421148588446778 -0.015343603630421422 3.9295815227031072 2.205220054447785 -0.3177894053788766
536.6126098632812 48157 790.3133544921875 532.8248291015625 48019 790.3133544921875 532.8248291015625
0.9758378775266746 0.0053321687681007505 0.21787791644845386 -0.015531203576795348 3.981986856960296 2.1996830185181957 -0.3092278665196187
329.1556701660156 -1 809.4781494140625 487.990478515625 -1 787.815673828125 596.7667236328125
0.9751082877427989 0.004181124929751079 0.2211439385510861 -0.015546826420282609 4.012347101886481 2.1958175358699634 -0.31468189812273795
643.09228515625 -1 820.07958984375 518.864013671875 -1 811.8997192382812 533.4259643554688
0.9745663007561982 0.004620817539376139 0.22362089040533503 -0.013887795000381299 4.029008467699261 2.2063696012234093 -0.34573341627483756
594.1473388671875 -1 960.2085571289062 649.6734008789062 -1 960.2085571289062 649.6734008789062
0.9742086875447699 0.0059844041162650154 0.22526675337689744 -0.011683742666727151 4.052270869308344 2.2266026886098027 -0.3137464954665217
612.3485107421875 -1 730.6337280273438 612.3485107421875 -1 1038.2540283203125 667.903564453125
0.9733330434617474 0.0026105298814093104 0.22917812047945466 -0.00966233578049422 4.047759060796438 2.242892423651332 -0.3715907838815431
497.23046875 -1 800.4392700195312 546.4979858398438 48419 720.7744750976562 571.9523315429688
0.9733131816181301 -0.00020035719627145638 0.22939918074500854 -0.006117697189794858 4.020266093005096 2.2701063149869465 -0.3817720736746461
853.61181640625 -1 892.302978515625 425.4585876464844 -1 932.4637451171875 439.3385009765625
0.9743608916804061 -0.0016688005078059752 0.22495883316933907 -0.003404592151581517 3.991735843923579 2.27383403105548 -0.2969654402909287
632.24755859375 -1 796.0668334960938 520.5620727539062 -1 795.0028076171875 554.3540649414062
0.9748626478402665 -0.0016092983552354688 0.222790029075564 0.0021979420323664416 3.930963268817316 2.3012417485702 -0.2951201040898077
588.2024536132812 48291 802.2643432617188 403.0939636230469 -1 710.5518798828125 537.2080078125
0.9752543701247895 -0.0027411681827151013 0.22099497792867234 0.00571132907473278 3.872284949114863 2.308214817880469 -0.28612463143766936
582.8333129882812 48291 1002.855224609375 659.8590087890625 -1 1002.855224609375 659.8590087890625
0.9760051776932195 -0.0022483494530000105 0.21755853389973479 0.008781934192544614 3.8254728186239255 2.312646129843305 -0.30276269344639956
638.4383544921875 -1 1007.9865112304688 657.7346801757812 -1 590.3915405273438 720.019775390625
0.9766102902570022 -0.0029189895495866335 0.2145946163567374 0.01315184758306422 3.7637215983863923 2.319743615980295 -0.21054565914626724
621.4661254882812 -1 1043.5347900390625 627.1909790039062 -1 1041.708251953125 629.3154296875
0.9782187782354806 -0.0014570731945162704 0.20663103474846842 0.019736117246480757 3.6890705610622887 2.3516611071806315 -0.15132611176638897
498.8988342285156 48157 1050.2376708984375 594.0140380859375 -1 1047.0172119140625 601.8364868164062
0.978680864352071 -0.005170783827129111 0.20398892425139947 0.02335695888708832 3.6275629629163046 2.35853528171709 -0.12334787260175577
632.8795166015625 -1 1058.486083984375 632.8795166015625 -1 762.5134887695312 458.46502685546875
0.9786389829395932 -0.005231329289234116 0.20375486441341678 0.026876188209945875 3.5740124889907876 2.3771284131526347 -0.12693370401496668
625.0890502929688 -1 1027.4066162109375 625.0890502929688 -1 766.68359375 456.12322998046875
0.9786429527996716 -0.006955221766666734 0.20357462285263078 0.0276942007670477 3.5413694620590364 2.3698143655163126 -0.11071930311290504
0.5097351670265198 -1 743.59423828125 448.858642578125 -1 883.703125 691.9547729492188
0.97848952894629 -0.00986918183756243 0.20393894420951297 0.029491490756380186 3.4973308570081647 2.3661064123100264 -0.09876095964930309
596.928955078125 -1 721.996826171875 489.25299072265625 48157 963.87109375 605.1639404296875
0.9786592119923093 -0.010659673612839433 0.20326176518849914 0.028234251424741882 3.4677210517126054 2.3370702128209797 -0.07684297660223607
587.0025024414062 -1 914.6646728515625 587.0025024414062 -1 891.4121704101562 687.8484497070312
0.9783461900704152 -0.010428969064696706 0.20475036544397282 0.02841226547655319 3.4129997733018715 2.316820299031109 -0.11413256333969463
570.0772094726562 -1 882.48193359375 591.6213989257812 -1 716.9974975585938 448.30340576171875
0.9784415786368095 -0.012093765384481838 0.20424772344692982 0.028083545009130177 3.364145879644915 2.282101344894381 -0.03701545757265887
435.1896057128906 47984 679.7470092773438 472.11419677734375 48134 858.0930786132812 692.0339965820312
0.9786699331797494 -0.01044041260749867 0.20284268061242433 0.030838394843054243 3.3152258177551808 2.2776063555227153 -0.15517111274882067
463.5557861328125 47938 693.5606079101562 433.30267333984375 47985 693.5606079101562 433.30267333984375
0.9786556826430439 -0.00924908310050835 0.2024706076508633 0.0339582439146629 3.264736030516783 2.280070627724083 -0.06010236100212367
498.8314514160156 -1 850.1827392578125 605.5073852539062 47940 845.349609375 623.7111206054688
0.9786106126082871 -0.0134585711814959 0.20146342311859566 0.039403361500304955 3.2105200137247345 2.287279270185603 -0.07324635796882702
423.6569519042969 47985 681.4691162109375 423.6569519042969 48660 823.0440063476562 604.7210083007812
0.9781594716070035 -0.014068692317141031 0.20300573834955465 0.042364964288260885 3.159786224276428 2.291378467083414 -0.06406183228458961
544.2994384765625 -1 835.138671875 598.5322875976562 47940 816.08251953125 601.7099609375
0.9779875009164468 -0.017081055562889243 0.20360927715982155 0.042331404967417836 3.124992472792355 2.272092891211666 -0.0672682269070251
417.918701171875 47985 689.027587890625 509.13580322265625 -1 817.026611328125 594.3947143554688
0.9770902910221073 -0.019895533362270346 0.20655854084852487 0.04724722367603045 3.0547388371653414 2.2891020643885227 -0.1287859333522179
642.601806640625 48567 801.9312744140625 598.615966796875 48544 806.7501831054688 600.4961547851562
0.9773958066201035 -0.022172359463850606 0.2057022343422125 0.04350189034817491 2.9920122608015043 2.2382466321332153 -0.04352135732754874
562.4185791015625 -1 642.8402099609375 413.53704833984375 -1 627.6849365234375 444.2643737792969
0.9774689755968866 -0.024848469806983773 0.20516847131667418 0.04292847157078505 2.917297556786182 2.2179234148049405 0.05337351931560189
588.02734375 48525 773.2861938476562 645.08935546875 -1 610.7346801757812 444.195556640625
0.9767364047311162 -0.02628047359572738 0.20837509076804986 0.04330304755931713 2.8040878381175096 2.2231317517193174 0.1066225666469303
444.5 -1 760.5 526.5 48607 830.5 538.5
0.9767541131348556 -0.031204699119220934 0.20692794920978308 0.04645958526347419 2.6691042855196545 2.2341099118174403 0.28806933223780806
450.05706787109375 47793 717.9242553710938 552.748046875 48757 846.628662109375 818.6710205078125
0.9854462347357742 -0.0844161082997824 -0.14401379299805228 0.03208841739505277 4.538464408176263 2.2852335420704963 0.07111878897504466
553.0668334960938 -1 695.3895263671875 553.0668334960938 47336 818.6644287109375 817.1507568359375
0.9853309004086824 -0.08618860512558855 -0.14381783495176725 0.03179577638785939 4.469599780799998 2.2422616711417076 0.0293004833385792
524.6495971679688 43039 769.5758056640625 545.4056396484375 43059 681.12060546875 547.2313842773438
0.9859058996473798 -0.08501968447422042 -0.1406534757674351 0.03126995438011104 4.399321585973883 2.199329896981208 -0.03855148006774506
602.2252807617188 -1 687.3526611328125 515.33349609375 43039 669.6922607421875 537.912109375
0.986249841934172 -0.08368564169303137 -0.13927606558520694 0.03016853019872641 4.337572614508118 2.1506711814378083 0.006710678684375957
601.510009765625 -1 897.8641357421875 722.5756225585938 42865 761.0298461914062 779.0327758789062
0.9866139331468861 -0.08095490633789253 -0.13861747924926085 0.028713141709600366 4.289182455926752 2.1131017812987536 -0.07463600110664856
757.554931640625 -1 887.236083984375 712.0515747070312 42865 925.6919555664062 785.3483276367188
0.9867378543759534 -0.08253919388613103 -0.13736958674814417 0.025793116345482644 4.256355999879186 2.029393232034205 -0.10624460574513249
581.2797241210938 -1 650.3533935546875 581.2797241210938 -1 878.1290893554688 700.0718383789062
0.9870817960132575 -0.08368665082552491 -0.1343715436623029 0.02470547928412565 4.214213611892529 1.962661656415288 -0.06225304918473377
400.7979736328125 -1 756.0585327148438 400.7979736328125 -1 642.5716552734375 571.0025024414062
0.9873680927386143 -0.08429237093442908 -0.1320062569704727 0.023945641870906035 4.171505840261573 1.8924408866895288 -0.09416926402490342
556.9043579101562 -1 635.157958984375 556.9043579101562 -1 831.4928588867188 722.2991943359375
0.9877965103054898 -0.08280506152067015 -0.1299059593868884 0.022930715876891345 4.123951983250985 1.8353612643227502 -0.08321985687563133
658.1815795898438 42999 716.93798828125 718.2363891601562 42907 896.1763916015625 729.5390625
0.9885754724167269 -0.07942381255086219 -0.12676995017024542 0.018432934377478588 4.052955150931745 1.758552420606212 -0.15457430703440228
643.4595947265625 42865 881.65234375 714.2847900390625 -1 881.65234375 714.2847900390625
0.9881975126465908 -0.08166622211907315 -0.12774596312956432 0.021846580235570595 3.985119965541582 1.7201702982684612 -0.20584139918800634
634.2702026367188 -1 824.3326416015625 633.786376953125 42865 804.2156982421875 652.829833984375
0.9885365471869929 -0.08057486208043688 -0.12568523461173473 0.022503516990239808 3.9030944640046075 1.6847961129498823 -0.24591932719290677
622.5226440429688 42865 790.8038940429688 623.4647216796875 -1 774.9321899414062 665.1762084960938
0.9884458609101022 -0.08169736972144459 -0.12514013349154 0.025303494225188863 3.8303138979980065 1.6582691384288772 -0.2607795243989845
632.0966796875 -1 828.863525390625 650.3837280273438 42846 793.7393188476562 614.3089599609375
0.9885134918005399 -0.08175404295303401 -0.123987532740065 0.028007940198605242 3.7484560123592203 1.6296280921355137 -0.3024782945078243
0.5173274278640747 -1 811.9962768554688 650.3690795898438 -1 887.21435546875 750.3557739257812
0.9885626516060817 -0.08095461719446802 -0.12361500282465183 0.030158993370324388 3.6728651752356662 1.5878840068763709 -0.32281471918913995
706.0144653320312 42866 1322.546630859375 696.6373291015625 -1 1322.546630859375 696.6373291015625
0.9885853079008661 -0.07874781558666123 -0.12413650944347308 0.032984808110242056 3.6022349646235847 1.5714910274762504 -0.2820674590411837
608.7870483398438 -1 740.664794921875 685.641357421875 -1 748.0272827148438 575.556396484375
0.9882138573745398 -0.07952379633523407 -0.1241307045899795 0.04124204271565715 3.513736832679987 1.5813104727048555 -0.2806306672548982
587.7027587890625 -1 1163.8951416015625 594.1676635742188 -1 1163.8951416015625 594.1676635742188
0.988129338030898 -0.07806132395305304 -0.1254587299331063 0.042035081882731015 3.466677753115584 1.5517365131006375 -0.24944787562830378
648.1136474609375 -1 1097.0809326171875 531.1005859375 -1 1097.0809326171875 531.1005859375
0.9882599450263313 -0.07802911151137595 -0.12573921200438853 0.03799196464798113 3.4303681904466132 1.4838849539571564 -0.23531991953417275
0.5200656056404114 -1 1043.00634765625 482.1244201660156 -1 1043.00634765625 482.1244201660156
0.9886675129546987 -0.07707758781549803 -0.12478359553001017 0.03201013231958954 3.3892578486547813 1.4028431571413391 -0.23662732171453316
431.5087585449219 -1 967.9038696289062 431.5087585449219 -1 775.7430419921875 668.5379028320312
0.9882829565428575 -0.07875968568715451 -0.12645599478537536 0.03320528723276565 3.327622903804222 1.383819694944834 -0.23007937528825154
672.7932739257812 42785 608.4859008789062 657.600830078125 42849 604.3606567382812 662.6552124023438
0.9876804099693842 -0.08332360875268185 -0.12755285221768312 0.035705095970647145 3.24847302687367 1.3644120103597766 -0.21953244235320624
697.3648681640625 -1 716.0509643554688 590.0184326171875 42527 609.9219970703125 643.7822875976562
0.9873030404527003 -0.08817394535810831 -0.12724526267488995 0.03559079655805941 3.1799304707838854 1.3266163764154097 -0.2508095772102724
673.520751953125 -1 687.594482421875 698.2548217773438 -1 976.7389526367188 479.5121154785156
0.987746604461449 -0.0921615887992272 -0.1224703106398351 0.029392344864986188 3.1180208385881563 1.2406795600754117 -0.2688176021326181
653.9926147460938 42746 707.1360473632812 664.5700073242188 -1 707.1360473632812 664.5700073242188
0.9885620457336998 -0.09302266782289086 -0.11670631748572928 0.02171406145415352 3.0406903417526046 1.1545172235485213 -0.2751301791285465
682.5554809570312 -1 652.3176879882812 565.5253295898438 42654 705.9041137695312 670.59619140625
0.9886405388119227 -0.09373009072596845 -0.11498494033281823 0.024145778240326828 2.9538347941184884 1.134980924773068 -0.2785100864363963
558.7565307617188 42654 652.4071044921875 571.7091674804688 42527 848.818115234375 587.523681640625
0.9886575373929437 -0.09558463537992645 -0.11350472107948434 0.02316310704709411 2.8761429136543253 1.0949148485779323 -0.27234462155917044
553.3862915039062 42654 651.867919921875 639.286376953125 -1 649.6560668945312 641.8138427734375
0.988655404385108 -0.09614549622285805 -0.11318513400070813 0.022486893458647562 2.8199421293528326 1.06236014397077 -0.25173046542748884
645.1099243164062 -1 687.974365234375 740.8456420898438 -1 597.2169799804688 536.1666870117188
0.9890882987379492 -0.09614070589410573 -0.10980132163234377 0.020123909601344143 2.727419857554024 1.0026131951947923 -0.2644253579711078
551.4093627929688 42527 593.9375 580.4669799804688 -1 667.5167236328125 728.3951416015625
0.989221081931879 -0.0963123536441171 -0.10776609548050098 0.02349574986973516 2.640014823565274 0.9779841238800923 -0.29016083674939463
605.9424438476562 -1 860.315673828125 427.53155517578125 -1 905.6624755859375 442.6936340332031
0.9892844316541579 -0.09649078310826674 -0.106225478042366 0.026869869306232023 2.571456045436816 0.9559380674623451 -0.32288120057114
0.5192145109176636 -1 0.519121527671814 0.5192145109176636 -1 575.5957641601562 531.0728149414062
0.9895929110805587 -0.09558442823045493 -0.1038728164656178 0.02792714483190814 2.492963257774716 0.9282855410330931 -0.3398314922605647
534.414306640625 -1 843.388916015625 658.9282836914062 -1 827.454345703125 749.4041137695312
0.9897694469483505 -0.09551450621424555 -0.1016018705107954 0.03017417602707435 2.394964572025899 0.9056399238737989 -0.3668407268174159
595.4335327148438 -1 1175.392822265625 732.3896484375 -1 1155.26025390625 725.9985961914062
0.9899617936863242 -0.09703294632374863 -0.0988282054711419 0.028164519744565665 2.309920847255262 0.8723990202561873 -0.4092452042764871
712.6829833984375 -1 1135.09033203125 510.441162109375 -1 1134.0345458984375 547.433349609375
0.9899689186560795 -0.09841746480961426 -0.09637120080116583 0.03143460468182273 2.2100450395472357 0.8681047987192286 -0.44186098993260076
0.5273242592811584 -1 0.5271036624908447 0.5273242592811584 -1 0.5271036624908447 0.5273242592811584
0.9900659696953206 -0.09781367712038049 -0.09534754911439222 0.03332724257020145 2.105188660527779 0.8731060929682218 -0.4615643599138197
430.5777587890625 -1 1147.15771484375 433.50823974609375 -1 1140.0784912109375 439.255615234375
0.9898508128633337 -0.0979973305482255 -0.09648454565915189 0.03581373937704054 2.0003774569282102 0.8745566846970633 -0.45862681242942005
425.932373046875 -1 1108.9781494140625 553.9763793945312 -1 639.5947875976562 649.5040893554688
0.9894566097966581 -0.09850705278665911 -0.09884915520480239 0.03874044909764523 1.9015768323902804 0.8581717945448245 -0.41404552594813787
611.9371337890625 -1 522.1683349609375 614.9685668945312 -1 1028.419921875 335.3646240234375
0.9893794912895528 -0.09660253888401643 -0.0996647656839879 0.04316371367183086 1.8132976233702434 0.8443912711025046 -0.3661076540394232
308.9118347167969 -1 1025.20263671875 428.69793701171875 -1 447.0953674316406 565.7813720703125
0.9890801571430434 -0.09550615234174695 -0.10217552986428591 0.04646696361631815 1.7226247488088107 0.8115801975449489 -0.3298391633906366
552.9930419921875 -1 1104.8770751953125 555.0108642578125 -1 1116.131591796875 560.369140625
0.9883454796579998 -0.09669391000286465 -0.10645611701291913 0.04990586897838765 1.6428016249328947 0.7709889903799986 -0.3228352152520329
550.5059204101562 -1 846.6118774414062 604.2485961914062 -1 1061.4073486328125 554.378662109375
0.9879053452992772 -0.09690260665657725 -0.11064628242480345 0.04909494615382893 1.5406700876393613 0.7133359949489474 -0.3206936654606293
308.9797058105469 -1 1040.7408447265625 493.68023681640625 -1 1036.6519775390625 501.8388977050781
0.9873384808012821 -0.1007730267427172 -0.11295425872482691 0.04742211347096461 1.4199598400960614 0.6297232723487358 -0.27761590622812254
469.4341125488281 -1 776.3943481445312 602.9974365234375 -1 1030.66796875 494.8014221191406
0.9875887798939953 -0.10024388639298812 -0.11273499226859769 0.043707969370797316 1.3134222983490027 0.5655536084468159 -0.2509592608231786
253.1832275390625 -1 909.8977661132812 273.0670166015625 -1 977.8295288085938 369.0401916503906
0.9879863807753643 -0.10018322406582197 -0.11183969800461221 0.03658025380463609 1.200825994015173 0.47722420630168755 -0.2646050760020697
549.09619140625 -1 732.450927734375 576.2825317382812 41238 808.223876953125 612.5133056640625
0.9882711022845665 -0.09918378161886841 -0.1108536348150918 0.03455832029064935 1.0770787932912855 0.3968094294992365 -0.3045442745165269
201.40602111816406 -1 963.8742065429688 394.4697570800781 40972 960.14404296875 413.54156494140625
0.9883922069800957 -0.09600938939859714 -0.11076618125171375 0.039923619816305385 0.962802687664489 0.34823423485906485 -0.33452727012732997
372.2684326171875 40972 940.5216064453125 393.0383605957031 -1 902.2423706054688 522.5511474609375
0.9886546982828068 -0.0936346081152748 -0.10921050011941397 0.04321474736821457 0.8497634646052447 0.2971077042336428 -0.3535637731322048
207.63462829589844 -1 758.4281616210938 287.0793762207031 -1 903.970703125 366.68988037109375
0.9890708226082204 -0.09186654432416043 -0.10589860754887831 0.045661042675831244 0.7571640847953754 0.251687975835289 -0.3549577959565388
181.5755615234375 -1 672.1084594726562 181.5755615234375 -1 654.2669677734375 326.5245361328125
0.989657093104848 -0.0913041211748777 -0.10080151554228643 0.04562291078092147 0.6780773757463789 0.2105600929537042 -0.36746930246080634
226.7998809814453 -1 683.2315063476562 461.7388000488281 -1 739.6605834960938 464.70318603515625
0.990289501200024 -0.09149247844636951 -0.09473991846919123 0.04449919155669541 0.6028301479352907 0.1773735737122485 -0.3779445763796155
320.57177734375 40854 764.5697631835938 323.78875732421875 -1 688.0641479492188 358.898681640625
0.9908147204160777 -0.09230665900643753 -0.08873702960389779 0.043490344755544696 0.5190162835306696 0.15180510059278332 -0.3974270341671622
205.48870849609375 -1 839.503173828125 311.7723693847656 -1 839.2118530273438 314.7937927246094
0.9910854186223993 -0.0950733104866858 -0.08281017433822588 0.043049200378618334 0.42235719562141294 0.12322857747264335 -0.41038098230861997
310.7221374511719 40854 820.75341796875 311.7224426269531 40854 820.75341796875 311.7224426269531
0.9914401784075013 -0.09776780296882956 -0.07637937085368883 0.04066965760791323 0.31639676491725777 0.09346311092061675 -0.41555681102655656
339.1518859863281 -1 638.1530151367188 347.1115417480469 -1 799.9608764648438 407.32855224609375
0.99155226317985 -0.1001718519587931 -0.07135562578416865 0.04120781633395466 0.20991232603625762 0.06444545635301518 -0.4101693070911962
304.92828369140625 40854 972.4784545898438 385.225830078125 -1 797.0379638671875 624.831787109375
0.9911399316449867 -0.10275462126992939 -0.06986349369628535 0.046927773812462145 0.09915291067474177 0.03133960055764877 -0.4020436341411885
301.19989013671875 40854 711.1364135742188 338.7029113769531 -1 704.5945434570312 339.9020080566406
0.990857054017565 -0.1059927656611707 -0.07068849775994536 0.044395590046429755 0.01270526802389196 -0.010535211206306816 -0.3819945986110291
346.2161560058594 -1 675.0784912109375 351.0836486816406 -1 685.2412719726562 353.4307556152344
0.9903695879648695 -0.10880838057322655 -0.07160826431254744 0.046915584121599796 -0.06242527298519792 -0.06023447302555756 -0.36729146563852916
212.49024963378906 -1 664.66357421875 319.1834411621094 -1 661.1478881835938 345.2428894042969
0.9900663234076393 -0.10913274368599028 -0.07245413396478945 0.051079526045767966 -0.12088711893589862 -0.11718697168701848 -0.3385778916497831
622.98876953125 -1 907.2709350585938 186.63946533203125 -1 870.9680786132812 330.9253234863281
0.9900025348326547 -0.10875544844143256 -0.07407185870567681 0.05079953943794641 -0.17675692595293876 -0.1807340566741035 -0.3220585422032147
385.8896179199219 -1 687.3939208984375 423.59442138671875 41339 874.3778076171875 607.3465576171875
0.9903082078142317 -0.10655647915213876 -0.07586865651723164 0.04668315804157681 -0.25083443250180143 -0.2531076529272976 -0.2905513260232037
401.8612365722656 -1 668.3678588867188 401.8612365722656 -1 671.950927734375 405.31634521484375
0.99051535988819 -0.10355790242657771 -0.0800866522943542 0.04172781799783265 -0.349582894726741 -0.3197059196025816 -0.2773300902509396
0.5236678123474121 -1 0.5234984159469604 0.5236678123474121 -1 732.9390258789062 602.1138305664062
0.990439740880723 -0.10070982268242867 -0.08621132782328998 0.03813473815755694 -0.49510375576294663 -0.3934578247654955 -0.26236743189407996
475.5005798339844 -1 710.3534545898438 585.6282348632812 -1 928.724853515625 267.3374328613281
0.9905599086443049 -0.09830608621166934 -0.08793266358822355 0.03734738912709312 -0.6360828907717387 -0.4556569067230714 -0.25744947203560403
416.4259948730469 39225 792.1589965820312 559.03271484375 -1 682.89111328125 678.7894287109375
0.9901726614703577 -0.09878216657118971 -0.08834313259249313 0.04467297805111457 -0.7484901457777924 -0.5187076660971951 -0.2828860474664265
599.9527587890625 -1 806.1043090820312 495.83551025390625 39855 687.40625 523.4806518554688
0.9900011470116471 -0.09977647322632403 -0.08646099649998328 0.04966769966859552 -0.8549972298515393 -0.5710782797423843 -0.25302940354121
648.739990234375 -1 652.1316528320312 648.739990234375 39856 665.4065551757812 688.6945190429688
0.9900503669664112 -0.10048616184259782 -0.0840702261790005 0.051332243454085595 -0.9634135333693896 -0.6139643755446055 -0.22820828227286474
0.5 -1 0.5 0.5 -1 0.5 0.5
0.989977063084025 -0.10355879647330052 -0.0806133983062142 0.05217729634672427 -1.0770214668844276 -0.6596114495153244 -0.2477234109410214
615.8811645507812 39854 838.0675659179688 411.99493408203125 39694 737.3572998046875 470.0303955078125
0.9898263852526431 -0.10720591522358851 -0.07632908419936146 0.05407855123841622 -1.1677539827010235 -0.6994246638196818 -0.2376059880425334
701.4064331054688 -1 939.9312133789062 546.3510131835938 39696 827.4141845703125 575.2310180664062
0.9898295627724932 -0.10907476697203912 -0.07214793385244593 0.055989351777222425 -1.252236210836187 -0.7325906178619428 -0.22354722749344547
542.10498046875 -1 1055.3079833984375 542.10498046875 -1 1068.846435546875 546.2758178710938
0.9899053333520464 -0.10864148511420915 -0.06870465399195755 0.05970032858534766 -1.331886316507324 -0.7704196104288095 -0.21928555537588748
397.5085144042969 -1 914.0322265625 537.175048828125 39360 914.0322265625 537.175048828125
0.9899533998479361 -0.10756970566474118 -0.06588042474604812 0.06388109413585459 -1.3882063116950183 -0.8100043713122337 -0.1986005239030545
552.0313720703125 -1 563.1401977539062 300.2936096191406 -1 794.7273559570312 490.0802001953125
0.9900436874825865 -0.10659338692804045 -0.062204586002487496 0.06769000088159781 -1.4332344563095762 -0.851587040890117 -0.18496741366758002
584.978271484375 -1 834.9716186523438 584.978271484375 -1 695.5355224609375 195.91799926757812
0.9903089249029516 -0.10573242832486159 -0.05590539571034284 0.07059372201944208 -1.4905031818087626 -0.8864115106852262 -0.11545162135299121
476.49456787109375 -1 785.8668212890625 476.49456787109375 -1 658.9347534179688 296.8046875
0.9909073127872982 -0.10441899723371466 -0.04885916816288533 0.06936967758172187 -1.55269692142196 -0.9134887364725912 -0.07533016419598391
0.5254117846488953 -1 0.5252224802970886 0.5254117846488953 -1 777.013671875 539.8455200195312
0.9913648728359715 -0.10413528520460945 -0.042681637607726634 0.0673038564526255 -1.6076241224285126 -0.9318071949588886 -0.045060924818883734
513.9310913085938 -1 809.9677124023438 550.2820434570312 -1 809.9677124023438 550.2820434570312
0.9914415736020759 -0.10623263992399087 -0.03831507328193411 0.06549952295718851 -1.6637868637318372 -0.9551766543593079 -0.04490796118321951
570.1207885742188 -1 820.4628295898438 570.1207885742188 -1 880.552001953125 498.7153015136719
0.9911511417644765 -0.1101054117784153 -0.03875079353289267 0.06320275687540396 -1.7351477493446705 -0.9792358317520716 -0.02730728054326219
570.332275390625 -1 817.8573608398438 733.9702758789062 -1 1387.2437744140625 866.1892700195312
0.9911673363587191 -0.11076321930593089 -0.04380984056434199 0.05830538958171068 -1.8236958395962297 -0.9943880253077197 -0.07862861556763487
806.35107421875 -1 1261.02197265625 808.2276611328125 -1 800.901123046875 684.7374267578125
0.9909892977664287 -0.11273987866205305 -0.04714442092251276 0.05483917438790372 -1.9281810830114816 -1.0183466284187335 -0.03182159169408028
747.0698852539062 -1 1107.0142822265625 748.0819702148438 -1 1126.4193115234375 754.910888671875
0.9909306343392583 -0.11316751849664672 -0.050141679875447716 0.05230107670569134 -2.053714445404563 -1.0430769033495255 0.009680200997124777
701.8244018554688 -1 960.5886840820312 701.8244018554688 -1 957.8994140625 700.95703125
0.9908424602749812 -0.11533630351421749 -0.052000450891762674 0.04716682218415599 -2.2338752402884032 -1.0693391962359582 -0.02610103145557678
642.3626708984375 -1 748.5877685546875 709.9834594726562 39110 753.703857421875 711.3936157226562
0.9905216867475414 -0.11598077410474629 -0.05866595604599695 0.04442469720863257 -2.386561084175448 -1.1105894923922144 -0.22386283755743597
568.829345703125 -1 499.82464599609375 568.829345703125 -1 493.3157043457031 566.3923950195312
0.990405113195119 -0.11491788533709486 -0.05901926483662322 0.04907461425990431 -2.5367128554249234 -1.2034845073718548 -0.21807420328922772
456.22015380859375 -1 251.81387329101562 456.22015380859375 -1 256.8797302246094 458.8706359863281
0.9904757353954482 -0.11329449984036528 -0.0586731541228006 0.05176518988712117 -2.6601079810263863 -1.2783729932254917 -0.22012789804021335
534.4266967773438 -1 672.8681640625 648.5617065429688 -1 672.8681640625 648.5617065429688
0.990424443863822 -0.1131418950912243 -0.05952034490436669 0.0521120054754244 -2.7685643431692752 -1.3368845116757548 -0.2495730782646108
472.65386962890625 -1 893.908935546875 443.3984680175781 -1 873.54736328125 470.47265625
0.9907816204757577 -0.11287006067166393 -0.054486046497142344 0.05141401237520717 -2.891005840424086 -1.3964018660825446 -0.1811160718206403
558.4618530273438 -1 834.4906616210938 438.35101318359375 -1 858.883544921875 451.6138610839844
0.9911071325564731 -0.1120981961628706 -0.0512007916260712 0.05019088711688457 -2.9836300832981624 -1.4500980856080175 -0.16986442194210138
613.8904418945312 -1 799.1318359375 609.4462280273438 -1 799.1318359375 609.4462280273438
0.9912838516727982 -0.11279029402279366 -0.04708246818575858 0.04917231107575158 -3.10742390186184 -1.5091486514308197 -0.10541852307216432
628.8497314453125 37837 914.4379272460938 552.5836181640625 37770 914.4379272460938 552.5836181640625
0.9914489762348836 -0.11128273555027052 -0.049474463923282 0.046875982237750836 -3.2507877303019295 -1.5802100508743717 -0.17270443865745647
571.1576538085938 -1 738.1779174804688 571.1576538085938 -1 934.549072265625 643.8200073242188
0.9918202104051587 -0.10953183071045501 -0.04908441428049389 0.043430042226823715 -3.3601534300724927 -1.6214446251592347 -0.16819626404945576
588.5701904296875 37837 847.962158203125 505.4145202636719 -1 891.625732421875 671.2808837890625
0.9924200412925087 -0.10635652898686845 -0.04777259378792714 0.0388397948709104 -3.4713698699370172 -1.640856533278078 -0.17864768928298672
562.9434204101562 -1 800.792724609375 562.9434204101562 -1 622.4423828125 573.0953979492188
0.9928640685720663 -0.10492205328724097 -0.046581772026556126 0.03228687949273451 -3.5783479850224755 -1.635373324134516 -0.20346842708980717
575.7208251953125 -1 879.9608154296875 583.3219604492188 -1 600.4098510742188 562.15576171875
0.9931553195340722 -0.10425809741226863 -0.04430155880204509 0.02846282299522923 -3.672312322228872 -1.6435384659977514 -0.18531658574288734
567.3245239257812 -1 822.3223266601562 586.1280517578125 -1 582.6300048828125 553.9533081054688
0.9936061756963258 -0.10196167082957913 -0.040883640944928766 0.026059800514372133 -3.7797357184595683 -1.6613341782560904 -0.2183040844869011
699.7752075195312 -1 678.1572265625 424.776611328125 -1 739.45751953125 499.2581787109375
0.9939800213577649 -0.099844073077115 -0.038490816334589735 0.023523079536618547 -3.8816184814843413 -1.6754176040150581 -0.23284842215098228
591.0828857421875 -1 850.5704956054688 598.6895751953125 -1 937.159423828125 461.4142761230469
0.9943038172771141 -0.09787607651503008 -0.035550396388240736 0.022723598104666537 -4.018625221985363 -1.7058087699824418 -0.2266756668978892
570.1040649414062 -1 794.474365234375 570.9031982421875 -1 822.7914428710938 587.5834350585938
0.9943795769153073 -0.09703983725466438 -0.03545920606020935 0.02313377843981579 -4.137772417168916 -1.740798035879055 -0.22790848712857062
602.0140380859375 -1 758.37841796875 559.575439453125 -1 772.8932495117188 565.867431640625
0.9943571933356133 -0.09693253375484596 -0.03642382629042892 0.02304692690907152 -4.262090257839347 -1.775464435467647 -0.20751719518191858
567.2665405273438 37608 972.0899658203125 508.8227233886719 37416 679.2937622070312 560.73583984375
0.9942064874764591 -0.09855761694846157 -0.03616978307099507 0.0230565217185696 -4.397806249044994 -1.8219981057861243 -0.15746916394093585
594.197998046875 -1 715.3749389648438 567.427978515625 37609 703.2394409179688 628.5571899414062
0.9945445767721326 -0.09384270374765778 -0.03798807691436378 0.025130415412751832 -4.501034006283526 -1.8511109483779324 -0.2042143487417619
502.45709228515625 -1 794.8072509765625 612.3070678710938 -1 918.8557739257812 496.07965087890625
0.9946728407639596 -0.09272763731328887 -0.0387031059874153 0.02301292488530588 -4.6294895741221 -1.8616435516811431 -0.3147961104126969
470.36865234375 -1 836.5106811523438 555.2207641601562 -1 836.5106811523438 555.2207641601562
0.9949042745528489 -0.09134262816637541 -0.0364137770601816 0.022272081095852804 -4.75032025844169 -1.877125055586361 -0.25688828184387946
624.265380859375 36686 871.8631591796875 683.66259765625 -1 786.3021850585938 523.7683715820312
0.9952528563015969 -0.0887089562323255 -0.03397456955773791 0.021170775400316564 -4.858613194584685 -1.887452364123765 -0.22934678947515091
488.0675048828125 -1 837.08984375 576.3763427734375 -1 549.1091918945312 475.1983337402344
0.9956970447659981 -0.08491581372739758 -0.03193923019391894 0.01888346360951059 -4.967662858288677 -1.885734125904715 -0.17570300257869964
217.0 -1 427.5 222.0 -1 396.0 222.5
0.9961145294214261 -0.08087157444503244 -0.030661557368371638 0.01659824153513075 -5.043202935412546 -1.872368289615927 -0.12740542332810667
0.5149044394493103 -1 0.5148137807846069 0.5149044394493103 -1 0.5148137807846069 0.5149044394493103
0.9964674426597794 -0.07666092873553036 -0.029329570430622936 0.01776271439956932 -5.089510760135131 -1.8855941744094984 -0.12298396500040416
489.5427551269531 -1 726.752197265625 498.36346435546875 -1 801.6409301757812 629.7227172851562
0.99675980789098 -0.07197867918935132 -0.028790874093687944 0.02144855902420202 -5.112415940574194 -1.91799130904855 -0.09793415791620773
433.3048095703125 -1 730.5250244140625 434.231689453125 -1 775.3135375976562 441.53497314453125
0.9971452769313306 -0.0662661683218301 -0.03114144196658628 0.018447282231395107 -5.1504537198198905 -1.8615759278595423 -0.08402732253443204
431.63037109375 -1 820.8883056640625 448.33172607421875 -1 794.2028198242188 560.6246337890625
0.9973581634673447 -0.06401270481923842 -0.03065764789768608 0.015465316425854293 -5.200866229114254 -1.793522694699622 -0.041833140378671016
616.535888671875 37181 777.2003173828125 444.47882080078125 36797 751.6334228515625 452.9921569824219
0.9976517550827249 -0.06101948546611002 -0.02970478411548189 0.009231672354599962 -5.260095759688194 -1.6837875593503828 -0.0049569427221159475
465.20294189453125 -1 635.017333984375 438.1460876464844 -1 722.913330078125 444.75897216796875
0.997862926113802 -0.058767362915295704 -0.02771485831292269 0.006918408218478717 -5.29519520840335 -1.6037988540404844 0.04065886602089915
608.16455078125 36818 820.6723022460938 635.3546142578125 36820 885.4861450195312 640.0885009765625
0.9981144595839603 -0.055952484853301905 -0.02523413352522572 0.0002889868355801384 -5.3494143892963955 -1.4254295859690371 0.06696186233504738
494.1031188964844 -1 719.9572143554688 494.1031188964844 -1 724.0507202148438 502.2945556640625
0.9982059831755454 -0.05472240304991566 -0.02387877093004466 -0.004480854366729535 -5.370182117996852 -1.2622928690058965 0.08119039950325461
491.7035827636719 36502 780.3919677734375 525.069580078125 36616 716.959716796875 528.6826782226562
0.9981189048551459 -0.052859913502653025 -0.0296514689047705 -0.009234268083935532 -5.310180737781695 -1.0820614720893988 0.15656779130013695
460.03839111328125 -1 642.2452392578125 448.986083984375 -1 902.7999267578125 466.86492919921875
0.9980512987627354 -0.05066215350360869 -0.030025555109532413 -0.020625646190085178 -5.288764125599427 -0.808101411933627 0.1916255451175563
578.5147705078125 36637 866.3798217773438 477.00933837890625 36733 913.796875 501.2345275878906
0.9978411869263168 -0.05150865318886592 -0.032578910530887614 -0.024463011032346913 -5.288171613335798 -0.6614827876050785 0.14904997709119158
618.4473876953125 -1 757.3966064453125 618.4473876953125 -1 758.8390502929688 657.3452758789062
0.9979433021386993 -0.05009521473421998 -0.03329595065086338 -0.022158854832698485 -5.295004181438993 -0.5728508594234207 0.1745027598800956
640.9014282226562 -1 820.0101318359375 643.6963500976562 -1 742.3053588867188 697.4765014648438
0.998199281840335 -0.04818496894315719 -0.032465640727959294 -0.014912567636377704 -5.288596140888676 -0.527493396241844 0.14381450808258556
414.894287109375 36045 862.7255859375 552.5488891601562 -1 644.856201171875 567.1776733398438
0.9984201712535211 -0.047151049063787996 -0.028421219049721298 -0.011232742942022823 -5.291468471084259 -0.44872406887919375 0.31080338242757016
700.1856689453125 -1 755.4132690429688 723.1610717773438 -1 768.0768432617188 318.3954162597656
0.9986896711241452 -0.04237166709803311 -0.027742905523729374 -0.0073426024256889495 -5.253083416867127 -0.3602156577051557 0.26924685168951495
0.5158131122589111 -1 779.5228271484375 343.0667419433594 -1 898.7650146484375 598.474609375
0.9989215739155567 -0.038044876890864165 -0.026195755598190453 -0.004696690011688351 -5.210040982208358 -0.2700900606887698 0.2270036904335803
731.8247680664062 -1 789.38525390625 748.8961181640625 -1 785.6012573242188 753.7571411132812
0.9991736211851251 -0.034107318726889796 -0.021165614384738806 -0.006386102472023994 -5.220061273574421 -0.1392847921244005 0.17213665348061175
513.4451293945312 36160 818.881591796875 522.0367431640625 36177 915.5703125 641.7285766601562
0.9992706729177114 -0.0318587553758015 -0.018772770348952847 -0.009524969601777112 -5.231811241181532 0.014549358713728082 0.14433423113188854
337.2151794433594 35680 828.9366455078125 559.5059814453125 -1 827.9441528320312 567.6944580078125
0.9992803698603084 -0.03053909662702679 -0.019360807850207083 -0.011457098604694004 -5.225233040458519 0.14988885299089694 0.13707221245128248
580.851318359375 36122 837.117919921875 580.851318359375 -1 783.0885009765625 863.4048461914062
0.9993992117576137 -0.0274557861466935 -0.019478123080171918 -0.008246094020870332 -5.224719149586356 0.23230151818995115 0.10050617195575434
598.305908203125 36177 802.1411743164062 450.8627624511719 36019 802.1411743164062 450.8627624511719
0.9994098431664579 -0.025947521157751254 -0.020990308387437238 -0.00813009726660793 -5.231956783603978 0.34157848538173613 0.09545247006312287
623.3614501953125 36121 815.6634521484375 623.7785034179688 36177 834.6195678710938 633.6802368164062
0.9995169313538219 -0.02363455035617291 -0.01782043662969578 -0.009473331242375729 -5.245782108415294 0.4587557596565534 0.09737921267496111
641.7518310546875 -1 825.0427856445312 637.0094604492188 36160 837.8158569335938 439.6209411621094
0.999580394381219 -0.02177203273029487 -0.014864579262291467 -0.012002418207704197 -5.253320560049446 0.5755251923580845 0.11299729454659325
452.93115234375 36150 818.0455322265625 663.9331665039062 36177 851.6473388671875 488.8582763671875
0.9996114734180477 -0.020034674857769833 -0.013093553158221825 -0.014285407940836863 -5.259144791606676 0.6920827052861781 0.12543971754258093
0.5 -1 836.2095947265625 509.8152770996094 -1 845.0499877929688 515.910888671875
0.9997044838050622 -0.017134570344052556 -0.01076352103991261 -0.013472125816008707 -5.266054916666134 0.7874987016412486 0.11011519133474894
524.0037231445312 35828 843.1286010742188 531.3008422851562 -1 852.6017456054688 531.3102416992188
0.9997037254419622 -0.01590940177255659 -0.01130092909877011 -0.01454789586868265 -5.2609042682054215 0.9018343569177055 0.11820722325570482
519.3764038085938 36150 743.0910034179688 399.4958801269531 -1 903.9324951171875 420.46197509765625
0.9996648559579542 -0.015412129296615604 -0.014816011076482467 -0.014598898893027071 -5.2493428541001395 1.0030263289289272 0.15509224744253305
428.1060485839844 -1 837.3566284179688 546.186279296875 36150 787.6978149414062 572.1417846679688
0.9996804734280177 -0.013699336959222923 -0.013251302765500766 -0.01660367997249813 -5.249876853781799 1.1257449213689286 0.14812970864222505
596.4218139648438 -1 837.57421875 575.6016845703125 35950 1096.34033203125 586.782470703125
0.9996548444714295 -0.012200807470607321 -0.014210113752625096 -0.018422944634473627 -5.232221689154487 1.2457779102819633 0.14461948030011607
482.24810791015625 -1 718.0604858398438 482.24810791015625 35952 900.6259765625 561.7059326171875
0.9996703968687363 -0.01015368851709839 -0.015537351907065155 -0.017736711350110825 -5.213366094434884 1.3618890380054323 0.12907159733966864
524.8193969726562 35718 712.2086791992188 549.8555908203125 -1 847.609375 555.45361328125
0.9995694533009827 -0.00962527881078738 -0.01984294469286081 -0.019352508398276534 -5.178881307084204 1.4881260813987165 0.1569133711434003
650.8956909179688 -1 859.74755859375 684.125732421875 35825 908.5160522460938 620.5255126953125
0.9996256458274518 -0.006562101984352393 -0.020019102454012432 -0.017456877112831 -5.17624838626069 1.577702060487182 0.14933135292137426
669.4119873046875 36150 861.536865234375 708.1688232421875 35825 861.536865234375 708.1688232421875
0.999648722206592 -0.003807040236291418 -0.01976640177864793 -0.017240301508164076 -5.170351881772895 1.6712780804809617 0.16298435379811424
548.4636840820312 -1 856.0889282226562 548.4636840820312 -1 914.04638671875 670.939208984375
0.9996486531167948 -0.0014840639439385615 -0.020117365290400806 -0.01719475180865031 -5.166868554856088 1.7682740363619358 0.19871056313963992
110.5 -1 355.5 315.5 -1 426.5 319.0
0.9996618402099684 0.0005773293944844347 -0.021837443181784644 -0.014106664881258835 -5.17515252422743 1.8533316607401706 0.22122998769547933
473.1806335449219 -1 1272.9254150390625 473.1806335449219 -1 1272.612548828125 485.8550720214844
0.9995734431649604 0.0004029285866145313 -0.023574865307907686 -0.017233545590326797 -5.159994103926538 1.992888635855422 0.230722258907855
624.5753784179688 -1 708.63818359375 673.1615600585938 -1 1272.3062744140625 584.8108520507812
0.9995147297519643 0.0013033506136039556 -0.023007455419265598 -0.02095860876027807 -5.123673413659872 2.1466084978940794 0.20524216374131532
603.2726440429688 -1 879.4210815429688 277.5326232910156 35406 875.516845703125 278.509033203125
0.9994576254028704 0.0023317739812527393 -0.021248792485008664 -0.02505008327501256 -5.0728104030210055 2.2796366767059064 0.19170308972425149
298.4217224121094 35406 884.7864379882812 300.2806091308594 -1 696.0184326171875 435.673828125
0.9994767193497494 0.0017260509526874743 -0.019850225689220048 -0.025480909835760093 -5.035361851519187 2.37435515942534 0.10635831496374192
318.90771484375 35429 707.6458740234375 461.24359130859375 -1 910.1257934570312 324.9146728515625
0.9994376335530023 0.0021063283299976882 -0.019998886044977657 -0.02683327367096985 -4.985671627936649 2.485595243701886 0.08465134020344775
353.8410949707031 -1 915.4491577148438 354.57879638671875 35321 907.0476684570312 344.6455993652344
0.9994664881155183 0.00019783243134193653 -0.019095296718415873 -0.02649659675500494 -4.955761041828913 2.5604626621475544 0.1324782486133557
0.5 -1 0.5 0.5 -1 0.5 0.5
0.999465627050475 0.0010369821387209493 -0.019677278377584387 -0.026080447241104716 -4.927317663562335 2.644464622858656 0.1579000427970261
402.6631774902344 35281 926.1678466796875 402.4866943359375 35406 922.6044921875 394.8956604003906
0.9994953288437219 0.0020095879569098835 -0.01904754758433011 -0.02534245660638326 -4.918346328625127 2.747791286308748 0.08856531101386352
432.1171875 35281 1133.333740234375 520.3352661132812 -1 1133.333740234375 520.3352661132812
0.9995389220377247 0.0015438755055514623 -0.0190512692711024 -0.023592560675918632 -4.911731143942888 2.7960156639273728 0.11344502718108318
450.154052734375 35406 781.34814453125 634.2571411132812 -1 1140.538330078125 650.4437866210938
0.9994792867353068 0.0005890777809253917 -0.021426771923633008 -0.02411849537974918 -4.879936268238146 2.860455949658647 0.13323973745275627
461.9775695800781 -1 1143.464599609375 745.0327758789062 -1 1149.7528076171875 745.27734375
0.9994065796742311 -0.0044233948893494055 -0.025604978364048056 -0.022612102168627878 -4.861365776380998 2.8854778009443587 0.07909256275832777
480.5129699707031 -1 942.2034912109375 486.7930603027344 -1 794.5430297851562 530.4882202148438
0.9992718197729816 -0.006241964963693516 -0.02935652987728136 -0.023559758796518778 -4.8390561490615545 2.9139479040154974 0.0728179759078666
479.6776123046875 -1 933.99072265625 493.80426025390625 35406 953.5748901367188 537.116455078125
0.9991593311927883 -0.008904804686137274 -0.034456880732267894 -0.020348432718123994 -4.841200642761571 2.876672436786094 -0.01969706245274392
561.3692016601562 -1 997.5883178710938 439.36431884765625 -1 926.3274536132812 455.9203796386719
0.9989975535025679 -0.009982477853817222 -0.03974989154617845 -0.018005120212013878 -4.8258291488525344 2.8179589385046797 -0.041596544363834746
450.4848327636719 -1 910.8773803710938 450.94091796875 -1 945.110595703125 524.6353149414062
0.9988715326802257 -0.00976429832162447 -0.043105938650337045 -0.017383835377057878 -4.769399985137377 2.7678184053762718 -0.00033259847557321913
440.5 -1 951.0 473.5 -1 950.0 484.0
0.9989381782904713 -0.012145204031407451 -0.04107090687104149 -0.016976176882338483 -4.698912000207853 2.7027995454419553 0.007071625308761838
413.40655517578125 35213 959.1529541015625 462.429931640625 -1 955.2354736328125 468.58465576171875
0.9988043465497217 -0.012500564010151214 -0.04350635337024246 -0.018461051682805672 -4.602825767370062 2.677998129926812 0.13327033995749257
590.2159423828125 -1 741.421875 408.1341552734375 35213 972.1658935546875 464.41009521484375
0.9987314592462266 -0.012634020014575588 -0.04434888163400418 -0.020224503652431957 -4.511141637067985 2.6426249793696135 0.10674582571046266
455.66375732421875 -1 804.9614868164062 508.06317138671875 35160 750.6136474609375 557.0824584960938
0.9986546746098718 -0.00876471809248646 -0.04747409816826535 -0.018926980734397518 -4.420526431062144 2.5875204680979795 0.308626821090548
489.872314453125 35395 822.8633422851562 493.7466735839844 35160 820.7660522460938 489.44476318359375
0.9985687399169587 -0.009094308192330274 -0.05049298955718693 -0.015107058771912988 -4.343906159919804 2.4934081623908964 0.2908580907196497
603.1043090820312 33901 671.572021484375 606.1050415039062 35026 825.5202026367188 459.1693420410156
0.9985681688786652 -0.00839031340601272 -0.0510856126680702 -0.013471262805931429 -4.250075869774389 2.425124059285063 0.22665445956516883
590.6378173828125 -1 652.430908203125 590.6378173828125 -1 638.0242309570312 590.0348510742188
0.9985522363924303 -0.008759248879303252 -0.05194329974627037 -0.010890379525785277 -4.17360241775078 2.3617070457075617 0.17368025464517708
455.6482849121094 33761 728.6202392578125 574.0255126953125 -1 868.70654296875 439.0962829589844
0.998574796682233 -0.009353995990966108 -0.05171061816989449 -0.009321489072312577 -4.0753043592790394 2.3000108037320643 0.053506083249011356
703.8507690429688 34975 998.6201782226562 557.6864013671875 35029 744.4920654296875 570.27294921875
0.9985644791192817 -0.009992561482938422 -0.05215672671843653 -0.006986101506977871 -4.004858301141052 2.2382586313738195 -0.03310750287081511
524.6080932617188 -1 734.8450317382812 524.6080932617188 33868 915.27490234375 418.9384765625
0.99849889128581 -0.010526733443492874 -0.05341400928484031 -0.0060079610631873755 -3.915857708810477 2.1767464477992884 -0.1016861060686689
511.0720520019531 -1 677.6456909179688 671.856201171875 33856 795.6234130859375 539.6907958984375
0.9982867792522185 -0.009258079221731061 -0.05758506681770966 -0.00466416326432507 -3.7943557535876167 2.1192198497780246 -0.12019836276598693
532.0911865234375 33901 703.9617309570312 658.0487670898438 33856 977.4740600585938 412.5633239746094
0.9983539976753334 -0.0066059584354355196 -0.05683446940714499 -0.003936969143654967 -3.702825241599453 2.0930232784390066 -0.17153004563176424
527.4613037109375 35026 833.338623046875 527.4613037109375 33886 729.2191772460938 648.878662109375
0.9983029292476278 -0.008996094525077766 -0.057368805461805915 -0.004376288243187622 -3.6111613216771996 2.0642687635127865 -0.23495233838028087
571.9625244140625 33753 647.5945434570312 571.9625244140625 -1 687.5589599609375 593.9965209960938
0.9981531111541215 -0.011274304080977859 -0.05960945586408492 -0.003157456638744601 -3.54807500912115 2.0314877843063743 -0.2741041898763831
610.9929809570312 -1 790.1303100585938 525.5366821289062 -1 660.1580200195312 565.3941650390625
0.998007622585812 -0.01398939824728104 -0.06145212182164527 -0.002952748027243329 -3.492421647612203 2.0019203759965825 -0.2981910379019206
610.684326171875 33835 768.310302734375 610.684326171875 -1 768.3622436523438 614.2651977539062
0.9978248407629959 -0.01672328706187498 -0.06365236667796827 -0.003780878527777494 -3.427848971544912 1.9690340910758621 -0.3109710214670296
559.0866088867188 33753 732.1239013671875 724.2670288085938 -1 750.2562255859375 483.5768127441406
0.9975826280998801 -0.019252761929802437 -0.06660898652953995 -0.0046340246998002165 -3.3567890495107005 1.941237385299609 -0.30990780632679954
470.6450500488281 33868 874.6221313476562 470.6450500488281 -1 699.7660522460938 554.1863403320312
0.9973516369072144 -0.021911247916354994 -0.06904943848868259 -0.0064641022304644845 -3.292481911698681 1.9224599163159812 -0.29621110348691865
614.3433227539062 -1 900.2281494140625 589.0628662109375 -1 805.2719116210938 604.442138671875
0.9971090524556911 -0.025375227611024058 -0.07113145621460583 -0.008363687667063125 -3.2290594899771228 1.9092150753938508 -0.3021431494573153
548.4545288085938 -1 841.9287719726562 508.6946716308594 -1 767.9413452148438 595.85595703125
0.9969265913404853 -0.029222949516792326 -0.07232989995348518 -0.00719557311817022 -3.172711981144747 1.8938478931448883 -0.33309772819013667
0.5 -1 768.9383544921875 581.0062255859375 33732 835.75537109375 617.0889282226562
0.9964837031058434 -0.04033963383129624 -0.07249404184359703 -0.011728481743213448 -3.057863239863673 1.8660318151048612 -0.38696593358293735
574.922607421875 -1 860.4412841796875 622.077392578125 33856 860.4412841796875 622.077392578125
0.9962622236933266 -0.04455662209964022 -0.07301697449313602 -0.012033723636790502 -2.970292128212954 1.838287588874956 -0.3726217915818599
534.5177612304688 -1 805.1162109375 730.6632690429688 32142 865.133056640625 615.6036987304688
0.9961508657330187 -0.04628460469026506 -0.07284798172703065 -0.015308808781930541 -2.8703671476693797 1.800481082328013 -0.39134616544210027
692.6778564453125 32092 753.0065307617188 754.6266479492188 -1 705.95361328125 756.166015625
0.9963236667815127 -0.043980740171958126 -0.07134841395644625 -0.01772707902807419 -2.793268754405748 1.7521460344121984 -0.3862517465397402
746.6549682617188 32143 751.3438720703125 769.7867431640625 -1 921.2610473632812 587.4171142578125
0.9964373820790139 -0.04221099392003641 -0.07069835499347107 -0.01823508127267459 -2.740194782578386 1.7099472759329069 -0.39625406280555625
755.9190673828125 32113 755.2315063476562 683.7532348632812 -1 857.7125854492188 688.2117919921875
0.9963516688351735 -0.04054079582986303 -0.0732492250708418 -0.016563420823230438 -2.652614789885139 1.6702256378321012 -0.42225542780725295
669.6612548828125 -1 783.9115600585938 747.1499633789062 32113 65.4599609375 676.453125
0.9967356831771085 -0.040539687353618126 -0.06641019451402184 -0.02154524762780681 -2.572860964707985 1.6679387840019189 -0.37516421801231975
712.1726684570312 30444 832.1080322265625 699.9923706054688 -1 767.0752563476562 643.9356079101562
0.9971055191471497 -0.03942088887050854 -0.06144947973432078 -0.021225895677997462 -2.5002000181147985 1.6457504827999603 -0.3544713398529656
578.5540161132812 -1 817.8599243164062 706.2786254882812 30444 835.826904296875 732.731201171875
0.9972908873632313 -0.03894395812167162 -0.058410662676533255 -0.021964712467145712 -2.4358030912822417 1.6268634127538344 -0.36126049595163473
726.7415771484375 32113 829.41455078125 571.8446044921875 -1 867.0223388671875 724.6942138671875
0.9975311045984397 -0.03693149495289498 -0.05623389934826294 -0.020137244182122687 -2.3748256831444974 1.5979074384640297 -0.34201986345909763
720.3008422851562 32113 875.142822265625 720.3008422851562 -1 834.6988525390625 490.3589172363281
0.9977050806489037 -0.03456356612539126 -0.05361074295275921 -0.02271167506181766 -2.2710651638737174 1.5875171298929345 -0.3130627156616606
682.4212036132812 30444 403.47705078125 612.362060546875 30423 423.3594055175781 616.7042236328125
0.9980178007397615 -0.033665829214739616 -0.04905541891302531 -0.02050968612927502 -2.1656408375735103 1.557089354346264 -0.27899224877712403
563.17041015625 -1 402.3135986328125 575.004150390625 -1 387.9444580078125 575.9898071289062
0.9983358727957637 -0.032387149201608234 -0.04328837990365986 -0.020066734189446895 -2.0341670058713945 1.5204613900765676 -0.2502816007088864
0.5147895216941833 -1 359.29803466796875 541.57958984375 -1 359.29803466796875 541.57958984375
0.9983197795771376 -0.030890341955580394 -0.042596290984829185 -0.024268507849861284 -1.920509458997034 1.4978932491645638 -0.23400024992495128
551.5228881835938 -1 417.43743896484375 560.5056762695312 -1 391.891845703125 560.7864990234375
0.9983811518868206 -0.028757838005478032 -0.04301010232553156 -0.023626117081381022 -1.830165177877004 1.4418976020731975 -0.21058697314231734
441.1522216796875 -1 510.2455749511719 642.1959838867188 -1 510.2455749511719 642.1959838867188
0.9982240174187247 -0.027065000005255652 -0.04513749119418654 -0.02790884647978308 -1.7378687074645518 1.3948174697809115 -0.2010386870372009
438.7455749511719 -1 1118.33056640625 576.1946411132812 -1 1118.33056640625 576.1946411132812
0.9981282615389925 -0.026097471723140753 -0.04607242080550113 -0.030597835347119216 -1.6745854733317354 1.3497644587754871 -0.1881843966300538
540.9374389648438 -1 474.75091552734375 521.1640014648438 -1 720.1668090820312 682.4083251953125
0.9980784779284453 -0.025432299774330522 -0.04723811932004262 -0.03100177587384861 -1.6137286793315606 1.287654508871706 -0.18788010877806813
397.40643310546875 -1 544.3457641601562 376.4922180175781 -1 547.6055908203125 383.7781677246094
0.9980474126522421 -0.02325800277625458 -0.04797393851262517 -0.03254118357730353 -1.5483723734605113 1.2267717201657713 -0.18511737946697415
555.2677001953125 -1 495.10638427734375 555.2677001953125 -1 681.67724609375 630.9981689453125
0.998051879512768 -0.022157100886800098 -0.04877695873534276 -0.03197369196471066 -1.4772160315608007 1.1634260874559974 -0.18704795057732496
586.2290649414062 29745 708.5686645507812 638.1840209960938 -1 614.559814453125 362.9969177246094
0.9981654939436764 -0.020951624994286197 -0.048026270922208694 -0.030334030585831843 -1.3973547128443844 1.103752093387826 -0.17550533171101945
605.583251953125 -1 720.885986328125 605.583251953125 -1 764.5746459960938 643.7638549804688
0.998161051985489 -0.01959664283018844 -0.049260870205628596 -0.029391368726077872 -1.2955371011275716 1.0524845461177943 -0.17878490358085247
286.8565673828125 -1 691.6829833984375 294.9539794921875 -1 692.5042724609375 602.1932983398438
0.9981449313996381 -0.019477159876195863 -0.04968864971962292 -0.02929802473562784 -1.180507296628507 1.0029176149169816 -0.1644473416707258
575.1373291015625 -1 772.5226440429688 579.3270263671875 -1 772.5226440429688 579.3270263671875
0.9981942027961365 -0.019798730247025116 -0.0503222414696627 -0.02615369569028934 -1.0413156517115942 0.9514898108360433 -0.15538229519048805
581.7913208007812 -1 670.1898193359375 586.0947875976562 -1 688.1664428710938 509.51385498046875
0.9981509117064017 -0.021397748936204414 -0.05037298743332329 -0.02644722929126052 -0.9276564312323216 0.9255154179248987 -0.1465331189713247
538.7818603515625 -1 764.5478515625 245.20419311523438 -1 842.0411376953125 243.02975463867188
0.9982002055876871 -0.02379356772770995 -0.04862967329289876 -0.0257947780551068 -0.80462888827986 0.9020915774059297 -0.1327282869389532
543.984619140625 -1 784.0499267578125 332.8110656738281 -1 502.4320983886719 466.0601501464844
0.9981025614749823 -0.02497166318997328 -0.04906065719159403 -0.02758160130475914 -0.7032858190989415 0.8850940606652495 -0.12324557881793544
496.0212707519531 -1 656.9882202148438 553.3518676757812 29090 699.9510498046875 586.8287353515625
0.9976127279835602 -0.027736662860973475 -0.053278245269069685 -0.03407273220017404 -0.6010553588697966 0.8669577911490897 -0.13376807061149348
494.0245056152344 -1 526.7896728515625 501.1077880859375 -1 501.1532287597656 505.53680419921875
0.9974731456559127 -0.027996697381935266 -0.05469544032741019 -0.03566395152522235 -0.5316592530382442 0.8451803581079527 -0.14477848061166992
0.5269452929496765 -1 0.526862621307373 0.5269452929496765 -1 0.526862621307373 0.5269452929496765
0.9975569187590659 -0.026748725521767856 -0.05393771914295223 -0.035431934360622704 -0.4600360281512598 0.8154319726919212 -0.15185866291775127
353.04034423828125 -1 584.9793701171875 433.07159423828125 -1 937.19921875 533.281494140625
0.997797996692819 -0.027275121348523883 -0.052466459318580634 -0.030041574489236698 -0.3900820527442083 0.7841484222518655 -0.15846072738260691
352.4552001953125 -1 623.5125122070312 389.12396240234375 -1 624.8688354492188 426.98492431640625
0.9980313325574045 -0.028143754246067028 -0.047009700675986706 -0.030520097853425212 -0.29136358857957434 0.7593544021412808 -0.12064315417138244
316.3399963378906 -1 988.4693603515625 316.3399963378906 -1 695.5035400390625 558.1783447265625
0.9983719390396427 -0.031087054205561362 -0.03730370590128548 -0.029924904763008225 -0.178245978459019 0.7263363457695992 -0.08260092246539352
334.2945251464844 -1 548.4163818359375 465.9591064453125 -1 777.509765625 541.3519287109375
0.9985855731840093 -0.030307164497909062 -0.032503989408659076 -0.02918594664187243 -0.07080674617388467 0.7002952051471254 -0.08918622544977368
449.5935363769531 -1 565.705078125 332.1915588378906 -1 567.3180541992188 335.47369384765625
0.9989087747435674 -0.029327094043331503 -0.03077527551492978 -0.019340726776902597 0.061832535911832694 0.6560162973759894 -0.11644030123032828
380.77203369140625 -1 643.0250854492188 604.4888916015625 27421 802.9617309570312 392.24407958984375
0.9990925318069226 -0.024652021002759646 -0.028977540523410148 -0.019149226964218086 0.16065712065415938 0.6142985191746261 -0.12258965731725864
289.1355895996094 -1 809.9327392578125 504.3305969238281 -1 954.6318359375 510.98431396484375
0.9990515949431878 -0.02338775803898078 -0.029050271138120094 -0.022472319911047176 0.26578260041337565 0.5660888766208513 -0.11118829586278808
241.946044921875 -1 666.342041015625 241.946044921875 -1 662.0036010742188 276.1732177734375
0.998873360925826 -0.023332373277523237 -0.0331559244609242 -0.024663614153736794 0.3601984036807698 0.5123432636284794 -0.08566437334444678
348.57196044921875 -1 714.6371459960938 559.0953979492188 -1 697.8848876953125 588.2741088867188
0.998612756836445 -0.021936111324693457 -0.04008150022245486 -0.026169490697816686 0.4500695376535696 0.45506612937204766 -0.07113307138414937
322.6827087402344 -1 862.5303344726562 331.99151611328125 -1 888.529541015625 352.7883605957031
0.9983505208442268 -0.021714024375163628 -0.044957369337104404 -0.028347374089733545 0.517269666075457 0.4081795571603269 -0.061692336166694346
312.0759582519531 -1 849.6203002929688 313.5186767578125 -1 846.489990234375 317.5552062988281
0.9982267538319296 -0.022167839407307925 -0.048863569853853595 -0.025773753535674553 0.5955804755939588 0.3659412495842481 -0.0520080874040506
353.9683532714844 -1 840.3010864257812 489.47943115234375 -1 746.5650634765625 585.8531494140625
0.9981437717897063 -0.021974255359540514 -0.05177661906734394 -0.02335218740863023 0.6739917471302724 0.328517858579036 -0.043969919804023185
308.744140625 -1 900.6004638671875 308.744140625 -1 786.5816040039062 344.53778076171875
0.9980399264651052 -0.01965985693888018 -0.05461583918798056 -0.023386006851598647 0.7531779762775795 0.2912069840662891 -0.03031979140000588
280.9968566894531 -1 924.4559326171875 298.3097229003906 -1 927.0477905273438 300.0877990722656
0.9979229680415417 -0.018029896346953633 -0.05717927431137488 -0.023562752006141604 0.8352071833213874 0.2498591574186868 -0.006111362665339505
616.7345581054688 -1 954.9193115234375 348.8250732421875 27742 746.505859375 469.8205261230469
0.9977902173209897 -0.01567647228412612 -0.059431555247539646 -0.02523530614270075 0.9173035987791923 0.21450729712412045 0.017716697088976198
484.63885498046875 -1 804.3314819335938 512.6952514648438 -1 801.55908203125 281.27191162109375
0.9977125763963459 -0.013526680285362573 -0.06022577058474696 -0.027559034426059635 1.0153674341232508 0.18298789313663855 0.01553186983035129
463.0872802734375 27325 832.8717041015625 477.404052734375 27471 864.8988647460938 478.97967529296875
0.9975332928166881 -0.012322750810727121 -0.06171131130134831 -0.031099736208214077 1.1084224911411464 0.1509445024536677 0.03329810105275661
270.060302734375 -1 828.0390014648438 392.7975158691406 -1 840.7776489257812 462.514404296875
0.9973579232105655 -0.012270997084627583 -0.06251823323245946 -0.03490080447709972 1.1914208180518955 0.12651510685502873 0.04696791727409142
606.5 -1 663.0 606.5 -1 634.4814453125 507.10687255859375
0.9972708785617119 -0.013552081193918809 -0.062419468675058556 -0.03702628523614221 1.2697838862685111 0.1081343893916282 0.07367957225582465
596.3434448242188 -1 699.6714477539062 637.7483520507812 -1 579.8714599609375 503.38641357421875
0.9971745373771458 -0.015452649694537399 -0.06155922081269554 -0.040182333892236334 1.3550609758470036 0.08281864465711684 0.10666977190243021
643.96875 -1 899.6897583007812 487.34002685546875 27257 601.742919921875 503.97418212890625
0.9973083156933901 -0.018203535030771052 -0.05840440649094705 -0.040418808290661044 1.4275469068823652 0.06658631712954013 0.10712038095676778
521.8206787109375 28534 649.1160888671875 569.7286987304688 -1 674.798828125 532.7119140625
0.9975215955283393 -0.022033664155066503 -0.05665282304929207 -0.03543503547400218 1.5121573034968827 0.06940537370944823 0.09836318616779847
507.9788513183594 -1 639.8025512695312 666.1227416992188 -1 647.262939453125 505.0411071777344
0.9977655875134911 -0.024715088465185806 -0.052656619191896424 -0.032867571119507256 1.6218991443755841 0.05471762560632351 0.08329685311048371
502.0655517578125 28533 675.4278564453125 644.216064453125 31942 688.4036865234375 495.2080993652344
0.9982670614200987 -0.024808792088845198 -0.04477695718753781 -0.02902450729640404 1.7540785400529786 0.04254168983516796 0.03150503546837511
499.075439453125 -1 719.57421875 652.3794555664062 -1 651.6805419921875 663.4668579101562
0.9986514911981655 -0.026242424536364373 -0.03594499103737865 -0.026729981321659615 1.874230781878984 -0.001014015425443201 -0.031559087926033576
623.1839599609375 -1 772.205078125 640.2518920898438 -1 768.74755859375 479.2843933105469
0.9987642701461579 -0.026465490820906067 -0.031013156046218245 -0.028419968808465382 1.9917647354496169 -0.061380058375992017 -0.06421578424450222
490.5726013183594 -1 790.6471557617188 531.4324340820312 -1 730.6361083984375 612.0637817382812
0.9986355995573467 -0.02636826135483987 -0.02874432428444446 -0.03471912889593136 2.099476394322326 -0.1408615543012626 -0.06345516470141016
600.6788940429688 -1 816.1588745117188 637.66259765625 -1 849.440185546875 503.7727355957031
0.9984390387219196 -0.025699579580872923 -0.03163016709434632 -0.038190968762252094 2.1952036885610773 -0.21414314202343787 -0.035882256763879204
532.0184936523438 -1 793.7789916992188 580.0689697265625 -1 840.3563842773438 621.0391235351562
0.9981737355297132 -0.024845767084814098 -0.03792228860918893 -0.03992219411889363 2.2570423430586 -0.2789707620743079 -0.00881076252860022
532.7559814453125 -1 845.8851928710938 604.2598266601562 -1 705.2132568359375 651.3121948242188
0.9978804108847753 -0.024205344134628617 -0.046341875422951845 -0.03874554774473677 2.314146750442335 -0.3257670632764882 0.0707298573063384
537.6132202148438 -1 764.4267578125 555.5303955078125 -1 876.41259765625 462.30718994140625
0.997692544682879 -0.02313032671028255 -0.05080190312117042 -0.03864894448422219 2.3816879167629343 -0.3687765702981391 0.08992906740704294
465.98760986328125 -1 898.2750854492188 465.98760986328125 31816 777.4070434570312 524.0907592773438
0.9975602705571726 -0.026029185808928126 -0.05169319437656177 -0.03903590330928597 2.468736105708594 -0.40087563810035426 0.12212618283666644
450.53558349609375 -1 757.5555419921875 482.2547302246094 -1 753.4053344726562 520.5664672851562
0.9973598766091987 -0.030833248213635183 -0.051332986746804074 -0.0410793355147446 2.5551139097343065 -0.4357447433083617 0.12561822685440835
527.7686157226562 -1 984.9568481445312 560.5164794921875 -1 913.9832153320312 586.0699462890625
0.9972308521875545 -0.03502451461091708 -0.049979542565678985 -0.04249654275913652 2.6554319013577947 -0.4738096733503469 0.10703588136205146
572.8192749023438 -1 764.8863525390625 610.5783081054688 -1 770.2596435546875 618.5606689453125
0.9971682069334373 -0.03745015949351916 -0.04813025516121373 -0.04400603564489767 2.7586114741886116 -0.5274487446259585 0.12453398139864785
537.15673828125 32060 932.4257202148438 538.07080078125 -1 977.8212280273438 541.1355590820312
0.9973258352848888 -0.035804219647320716 -0.04541128827012562 -0.044688376860129525 2.885813166657495 -0.5762565864173749 0.10732459424805135
568.6005249023438 -1 718.02880859375 687.0111694335938 -1 834.5593872070312 523.4456787109375
0.9975821859467096 -0.0339827231518088 -0.04312397070360838 -0.042606102376614614 3.0084337539531565 -0.6152766156897675 0.13129442693475024
509.5492858886719 32060 841.835205078125 508.35113525390625 31893 863.3287963867188 588.215087890625
0.9979215352531717 -0.030886130644724407 -0.04076627006520673 -0.039201627985587614 3.1290991993656783 -0.6481690081656419 0.0943096558500028
670.6858520507812 -1 773.7088623046875 658.978515625 -1 942.7779541015625 429.760986328125
0.9982411788625215 -0.0281427906878057 -0.038401558662710396 -0.03532495502813978 3.23301269115126 -0.6634454298226135 0.06392274181267019
576.8550415039062 -1 721.51220703125 582.8019409179688 33596 805.633544921875 622.7180786132812
0.998509743355292 -0.026488631188735845 -0.036665570928501014 -0.03053327284755401 3.327908965010045 -0.6541876080412067 0.030538485956981044
476.2381286621094 32060 947.0140380859375 476.2381286621094 -1 768.1891479492188 559.572265625
0.9986711667360255 -0.026525571332716328 -0.03489739958770957 -0.02710103868109705 3.4196584887335537 -0.6498106838109659 0.013513720038721084
605.5840454101562 -1 828.6030883789062 605.5840454101562 -1 854.7496337890625 610.3164672851562
0.9988384084296856 -0.028422470923441995 -0.029021805955912618 -0.02591778870420638 3.521304505588454 -0.6653913878399214 0.05547322986599873
565.8756713867188 -1 1247.893798828125 824.7196655273438 -1 1247.893798828125 824.7196655273438
0.9990600884271684 -0.027911145055009703 -0.02312706241217284 -0.02377071050264093 3.6141660509472024 -0.6568523068041796 -0.012631163511325002
807.321533203125 -1 1394.232421875 808.4599609375 -1 1394.232421875 808.4599609375
0.9992804439006646 -0.026611696542239167 -0.017090958268472765 -0.02093588284023066 3.7075856931379576 -0.634938405042904 -0.19673815999005934
567.5648803710938 33945 882.8753662109375 526.5737915039062 33915 870.1119995117188 545.8870239257812
0.9993526750034752 -0.027449053038381934 -0.011047878666215927 -0.020462766862552672 3.805382663070252 -0.6428680193934362 -0.2666189820404499
544.3222045898438 33568 910.2616577148438 586.5054931640625 33569 703.6314697265625 605.21435546875
0.9992083377542558 -0.026943246466899447 -0.008680001503171093 -0.02795383347782562 3.885014182755838 -0.7152820142289236 -0.3195341206205634
389.2022399902344 34093 826.1643676757812 527.2423706054688 -1 826.1643676757812 527.2423706054688
0.999176475454899 -0.02559718479411433 -0.008724797200072775 -0.03024951143340029 3.9647243368168876 -0.7578871685470131 -0.3041512533220936
582.239990234375 34096 839.6910400390625 582.239990234375 -1 844.1879272460938 519.7940673828125
0.9991301972922003 -0.022856422740336606 -0.010510931765520497 -0.033255873342681756 4.017316209879726 -0.8061079020067905 -0.36101073982395604
577.2372436523438 -1 958.5208129882812 577.2372436523438 34202 808.2351684570312 344.7055969238281
0.9989981862181444 -0.025069943163586378 -0.015104253489872089 -0.03385237671340112 4.069129073966541 -0.8545570396824497 -0.26685163617021324
698.001953125 -1 937.8828125 609.1580200195312 -1 974.4510498046875 612.5111694335938
0.9989961099134559 -0.026286849421254924 -0.02127941616347074 -0.029376187176498866 4.127216561710578 -0.8499854881677599 -0.17722900713365247
499.44049072265625 -1 630.5050659179688 598.9838256835938 -1 776.4600830078125 782.2266235351562
0.9991220189446283 -0.02487878207145837 -0.026799535106811417 -0.02044559563107805 4.204268007084523 -0.818055467762873 -0.1224764792533273
783.4114379882812 -1 219.5899658203125 437.40673828125 -1 218.1822967529297 450.8081359863281
0.999132112319912 -0.024501515612413646 -0.029699038407115113 -0.015895439016851663 4.270633929359677 -0.8152865632814529 -0.1143058009811598
544.7048950195312 -1 613.2697143554688 738.400146484375 34342 654.8805541992188 583.1785888671875
0.9991630360241482 -0.02425468462729382 -0.030941240445330694 -0.0112950146676025 4.326355470369301 -0.8049902214093806 -0.11198688923658023
679.6281127929688 -1 802.817626953125 752.9690551757812 34280 666.05615234375 534.971923828125
0.9991350284063186 -0.02471287281673871 -0.032137786345668225 -0.009253735324115199 4.375770046520131 -0.8128870417745533 -0.11732479707756377
745.3533325195312 -1 807.9739379882812 756.5208129882812 -1 873.3438720703125 772.7144775390625
0.9991288272339776 -0.024050596859937164 -0.03335638267679946 -0.007106835825894104 4.412503140907077 -0.8213785820113666 -0.12673955699140607
626.4284057617188 34405 897.2095947265625 654.6599731445312 -1 814.6557006835938 749.0264892578125
0.9990850345619683 -0.024236760059252873 -0.03452452103949558 -0.007051994266466328 4.437938525799861 -0.8478632263600582 -0.11717283644298768
736.7843017578125 -1 614.367431640625 705.4015502929688 -1 619.7650146484375 706.2833862304688
0.9990634260644742 -0.024841664024134645 -0.03460038613201227 -0.007614178113401894 4.470329461524706 -0.8789450850631507 -0.11549962947611099
568.4511108398438 -1 833.7593383789062 494.97998046875 -1 1120.9542236328125 570.30419921875
0.9990272992788383 -0.025951152524910114 -0.03457603919669196 -0.00868852644170858 4.513940134071131 -0.9074175450384215 -0.025424814917597877
662.8328247070312 -1 843.2136840820312 526.3458862304688 33925 742.6340942382812 631.71044921875
0.9991059692784109 -0.027806811117162565 -0.02950265891555085 -0.01198484562497253 4.559414530243623 -0.9684731371387522 -0.07387833724408988
748.0394287109375 34653 749.334228515625 626.3616943359375 34371 658.7302856445312 690.8020629882812
0.9990566184538457 -0.027960490190533795 -0.026868551717270484 -0.019549041932747122 4.6090772908107285 -1.0652111132073019 -0.08889055749410717
601.8434448242188 34405 750.1497802734375 601.8434448242188 -1 782.382080078125 624.9340209960938
0.9991838151485668 -0.026102194414282517 -0.02335130323323102 -0.020126987584425587 4.650463090218948 -1.1119152284391791 -0.1771942228973355
687.3125610351562 -1 779.1671142578125 639.6996459960938 34406 780.8034057617188 642.9692993164062
0.9994107412769374 -0.018729088820303955 -0.022028351513056793 -0.01849711279797805 4.696767954558087 -1.1618969901170324 -0.24637119691558276
688.6953125 -1 920.459228515625 688.6953125 -1 791.6119384765625 612.4021606445312
0.9995088657763926 -0.013350651984894829 -0.021845452481023948 -0.018071068918771752 4.730495674355377 -1.2143583696965514 -0.28678948599906473
591.29248046875 34406 800.9595947265625 594.8193359375 34409 898.5177612304688 660.933837890625
0.9995773392055742 -0.008056399224928037 -0.019337927109657593 -0.020156437019841076 4.744289187115104 -1.2800696029073135 -0.3904176577888415
514.1199340820312 -1 806.46826171875 573.248291015625 34406 810.5758666992188 573.667724609375
0.9995572135145211 -0.0058136727435570655 -0.020405577536462938 -0.02086122061914372 4.759797889199159 -1.3205357514132228 -0.34160982600917383
582.3291625976562 -1 941.48046875 611.0765380859375 34798 730.392578125 611.9584350585938
0.9995962322733501 -0.008579176760208073 -0.019212153511963752 -0.019096159521549687 4.766263078603083 -1.3217496056826703 -0.3633118815323546
584.052490234375 34629 724.4506225585938 588.5474243164062 -1 923.9873657226562 605.1840209960938
0.9995014102992972 -0.01271364612993818 -0.02036746948759951 -0.020505126151049418 4.759552045023214 -1.3342536011934174 -0.36070620065703524
540.9363403320312 -1 413.7885437011719 540.9363403320312 -1 743.3623657226562 590.1497802734375
0.9993174784315003 -0.019144866633970036 -0.021241064941803063 -0.02338522061075038 4.746456502397747 -1.353073648742495 -0.3570606530900166
429.3126525878906 -1 410.4155578613281 567.2094116210938 -1 410.4155578613281 567.2094116210938
0.9990197213398496 -0.027534441846766962 -0.018660097028906756 -0.029210471839873155 4.711959065492615 -1.3791723715179802 -0.36547577380016893
616.4747924804688 -1 709.8906860351562 668.4398803710938 34661 740.6087646484375 616.2271118164062
0.9983819561934506 -0.04048384707295699 -0.01781249565755968 -0.03573853203423377 4.689323300768133 -1.4067599197923326 -0.32871710431307877
697.7352905273438 34661 754.0625 656.9227294921875 34342 773.406005859375 675.35791015625
0.9972693772473716 -0.05700483990244298 -0.018825121198136924 -0.043009908674767255 4.667911367439957 -1.4488164367932026 -0.18269243760399084
729.7620849609375 34661 754.0235595703125 688.0738525390625 34342 742.5463256835938 720.8587646484375
0.9964635013625754 -0.0665459324093965 -0.014340768091466158 -0.04925922961788412 4.628613915629682 -1.4709320532993893 -0.15960700444168208
702.7936401367188 -1 864.4712524414062 582.2611694335938 -1 973.3319091796875 688.73681640625
0.9951920192851305 -0.0756149131897101 -0.006569803954349882 -0.06190369399719615 4.578918803063963 -1.570770220098527 -0.21101950316628923
682.6387329101562 -1 1174.870849609375 682.6387329101562 -1 793.616455078125 744.4428100585938
0.993908409405657 -0.08287755771143057 -0.002272603849610146 -0.07261005035288502 4.529465967238235 -1.6618368049509797 -0.2138388169586089
511.7138671875 34794 793.3466796875 564.9801025390625 -1 824.4732055664062 706.2437133789062
0.9933268929483031 -0.08581227733401993 -0.003990101324247858 -0.07695463531095507 4.484561417763159 -1.7069017083641103 -0.19042916166041005
685.0062255859375 -1 746.1071166992188 737.1713256835938 -1 589.9467163085938 495.75396728515625
0.9935288980397895 -0.08048504090144475 -0.010423591917802223 -0.07945964813957808 4.433692637809833 -1.751809679874371 -0.18090313943233624
577.692138671875 -1 945.028076171875 702.866455078125 34476 742.595458984375 736.2326049804688
0.9943769246190651 -0.07023502276285129 -0.016519242219223525 -0.07751572743085494 4.395037711259816 -1.774737811427037 -0.16116912369134115
708.464111328125 34342 711.66259765625 736.803955078125 -1 881.55908203125 456.94110107421875
0.9949162794203996 -0.05865108704108031 -0.02185505297036981 -0.07889235446373326 4.38737228341801 -1.8474680567207644 -0.16669019989889924
674.8475952148438 -1 726.0723266601562 695.8639526367188 34312 900.7948608398438 696.5640258789062
0.9956221118617763 -0.04861414627665539 -0.01797473909892794 -0.07778292812702559 4.393839047584199 -1.9192724592576227 -0.24707456648258994
556.4756469726562 -1 764.5115356445312 556.4756469726562 -1 768.2733764648438 600.8660888671875
0.996048617744475 -0.04051772845044025 -0.007205085561376498 -0.07869912015131166 4.393179477641858 -1.9859628548698736 -0.3360517410433407
587.0650634765625 -1 782.0281982421875 575.9415283203125 34409 691.9044189453125 669.18505859375
0.9958145959094621 -0.03730464485384611 0.0026164893434654866 -0.08339549166183165 4.3717876355422725 -2.0460491111575583 -0.3926527609098551
565.2815551757812 -1 565.1170043945312 577.8916625976562 -1 565.1170043945312 577.8916625976562
