0.9958104823724058 0.08872321438890762 0.0104230766230169 -0.019520089637273613 4.071745141808026 -1.2589536371126158 -0.1998538677143926
0.5 -1 737.283203125 623.4758911132812 -1 747.0921630859375 784.1124267578125
0.9948187073324579 0.09029359549181154 0.04161179523057791 -0.021242990661083167 4.163255262371818 -1.294476747276692 -0.5768555073994827
489.7210388183594 -1 679.321533203125 473.8843688964844 -1 582.4134521484375 568.526611328125
0.9948836578687702 0.08762049060618363 0.04325259894189802 -0.025658714238221792 4.26667199487133 -1.3474783552130638 -0.5722662573339017
452.74700927734375 -1 685.6310424804688 600.3811645507812 -1 739.9151611328125 626.2124633789062
0.9954956669356926 0.08233113815186215 0.03990578111277391 -0.024849334732725388 4.306322885537518 -1.328842401897867 -0.49278456567461926
655.3369140625 -1 701.7199096679688 503.7328186035156 6880 739.1778564453125 626.6939697265625
0.9952695296557698 0.08984875368460274 0.03388547119387217 -0.014749225134760445 4.328955922434324 -1.1563552563071278 -0.26159669077622105
462.2380065917969 18953 705.7266235351562 462.2380065917969 18950 723.6088256835938 493.8016052246094
0.9964291060050131 0.08083223948048864 0.022986191251783278 -0.008174397736568981 4.349065261865979 -1.110778608832104 -0.1466382210445964
480.3538818359375 -1 681.0653686523438 531.3595581054688 6880 736.4696044921875 623.5480346679688
0.9976919377961285 0.06382473546237673 0.02087240528323109 -0.01007685950364114 4.307795096585568 -1.167812789092624 -0.17533925891626792
546.3815307617188 -1 636.1527099609375 546.3815307617188 -1 635.0836791992188 549.4328002929688
0.9979054330611904 0.0604421422451807 0.018281439796864602 -0.014045749062445914 4.274676533367123 -1.175509778665438 -0.13885687826221493
530.4005737304688 19007 688.7089233398438 536.7530517578125 7003 872.7782592773438 541.33837890625
0.9978140360675425 0.05984546516189164 0.020814671270002458 -0.01877283106193225 4.245076520977594 -1.2027621075876476 -0.20511872424517533
508.9425354003906 -1 632.7816772460938 547.9916381835938 7005 632.7816772460938 547.9916381835938
0.9976633933832736 0.05865289924350595 0.024203518995952373 -0.02533338867019747 4.224021635820589 -1.2573574429398031 -0.19685705631117023
513.1022338867188 6781 693.603515625 524.718017578125 -1 877.95556640625 537.7599487304688
0.9975186607717099 0.05854406679194662 0.025204853135733594 -0.029896973660898826 4.227196504421211 -1.2924603030407789 -0.20541863465660817
514.873046875 6781 694.0349731445312 514.873046875 -1 713.0750122070312 532.340087890625
0.9974267194598124 0.057568148864033976 0.027032238306165784 -0.033092380333908676 4.230275688583804 -1.3326284825055266 -0.20973369303950778
553.43408203125 7005 648.33544921875 553.43408203125 7004 681.6876220703125 577.4815673828125
0.9970330911603255 0.06015153542792516 0.029691403231105636 -0.03775219849382864 4.2312514810008075 -1.371907117973007 -0.22933058482102625
974.3871459960938 -1 873.6047973632812 562.1846313476562 -1 682.1377563476562 568.1152954101562
0.9969517469873057 0.06191403450030397 0.02892688747855677 -0.037644411160986053 4.274469373643867 -1.3658754311576693 -0.1750050426207486
509.0389404296875 6781 905.286865234375 542.6911010742188 18965 692.5410766601562 566.964599609375
0.9964750573775393 0.06229186422740175 0.03748761380174355 -0.04185525638382929 4.2592450143502525 -1.3973189772501389 -0.2540987271439749
534.0302124023438 19007 714.1583251953125 513.3518676757812 18950 714.1583251953125 513.3518676757812
0.9958452611083841 0.06224948846298985 0.045798744836682476 -0.04816318184521033 4.2365946038856395 -1.4466007443327271 -0.3312755910482326
487.61578369140625 -1 773.2490234375 534.1249389648438 19007 778.8593139648438 530.7802124023438
0.9954015810249527 0.06288411610737386 0.05201310577772475 -0.050158920061880184 4.24911539094994 -1.439633115621933 -0.3530208698625121
534.816162109375 6608 745.1781005859375 574.4638061523438 18952 766.7276611328125 614.662841796875
0.9952402405582251 0.05993342006714803 0.05690761305772636 -0.05163692776234168 4.276036733433722 -1.4439510933648678 -0.5119206927351488
620.3873291015625 -1 937.535888671875 496.17462158203125 6242 785.5809326171875 525.9429931640625
0.9956802756842411 0.05128810142201835 0.058580439942498126 -0.050583113012367446 4.326165728845027 -1.446579227825245 -0.28676353796156884
570.3834838867188 7004 737.8858642578125 570.3834838867188 7005 779.9494018554688 590.1001586914062
0.9956678341896987 0.04370208590772739 0.06472293675917147 -0.05046417644801703 4.302723652773431 -1.448815811730313 -0.33900569133695563
550.9708251953125 -1 811.5897827148438 555.9327392578125 -1 823.8567504882812 562.5904541015625
0.9953494550344897 0.03445787979766733 0.07440986948060929 -0.05054985861773262 4.209558213905312 -1.4675252872544353 -0.5171719954086698
557.2283935546875 -1 970.8436279296875 577.382568359375 18965 859.7210693359375 491.751953125
0.9965980958733276 0.032561574488447376 0.05980996563179418 -0.04641925440606295 4.235746620080713 -1.437673823127654 -0.3853103314647637
626.9652709960938 -1 747.1945190429688 553.9252319335938 18953 747.1945190429688 553.9252319335938
0.9960163771171217 0.04657042973840048 0.06330258010159104 -0.042134961029364336 4.145564538078427 -1.3132568973806091 -0.4210966390330951
623.1758422851562 -1 820.0606079101562 499.5350036621094 6629 723.4003295898438 557.5849609375
0.9962454025159562 0.04614115454620406 0.060937153208452645 -0.0406540918212841 4.099116469035884 -1.2991063755470593 -0.4247888534498394
623.2686157226562 -1 706.0001220703125 558.3154296875 18950 706.0001220703125 558.3154296875
0.9964199070617062 0.04455019375650365 0.06012859337524036 -0.039334479863267276 4.048749485497937 -1.2924371049650267 -0.4668547917975302
583.0739135742188 6719 889.5087890625 588.4793701171875 18965 736.7489013671875 623.4100952148438
0.9966853332946001 0.044795303637383044 0.05941917478996433 -0.03287991537012072 3.9985249293728495 -1.2469240281292462 -0.4944417599097803
612.1682739257812 -1 698.1788330078125 556.187255859375 18959 913.9100952148438 580.4024658203125
0.9968002029915474 0.04429661972329963 0.059723833414256404 -0.02932965256196365 3.960548088328163 -1.2308608352972312 -0.48407439460865975
605.3938598632812 18952 1142.3712158203125 684.5365600585938 -1 761.8296508789062 497.77032470703125
0.9970645884903058 0.04073156478255453 0.05947308439010115 -0.02580887913393287 3.903925775316089 -1.2046191634133998 -0.47685647863857344
574.1299438476562 -1 834.8304443359375 583.478515625 18954 745.126708984375 502.3508605957031
0.9971804999129037 0.033424724840889576 0.06249267140881599 -0.024667881606493754 3.835728760095426 -1.2030886430652696 -0.47827534861813403
596.6072998046875 -1 820.7551879882812 596.6072998046875 18965 813.1900634765625 574.6649169921875
0.9973321308422561 0.03068077501393647 0.06149118667424076 -0.024620008033767782 3.803310299610957 -1.1865375495530166 -0.42828432699491115
602.1771850585938 6546 808.1705932617188 606.0047607421875 18965 808.1705932617188 606.0047607421875
0.9974592076691788 0.026769018536949334 0.06191028259503593 -0.022927398272487968 3.779484532695009 -1.1603067221702272 -0.4430166907442231
563.9844360351562 6526 1166.5770263671875 571.9871215820312 -1 1166.5770263671875 571.9871215820312
0.9975128460399397 0.023654340198831794 0.06318121972012955 -0.020413908242528707 3.753033164221536 -1.1198145196462221 -0.41188651642846674
613.09716796875 -1 1108.1572265625 613.09716796875 -1 630.2920532226562 589.985595703125
0.9971877179095716 0.027559471044876875 0.06756169406019734 -0.017104043432581876 3.6973706137816964 -1.0309073835788838 -0.30801516714890526
562.5115356445312 -1 846.6957397460938 562.5115356445312 -1 771.0247802734375 631.4334716796875
0.9974862193646958 0.02284211146105377 0.06600124093962596 -0.01197147927184264 3.6521714835308194 -0.9993493576358007 -0.4211351582410164
648.7062377929688 18986 769.9443359375 604.599853515625 -1 806.7952270507812 606.6940307617188
0.9975538183623909 0.02176157921041296 0.06599170531446356 -0.007609728679269912 3.620171157565197 -0.9744356243944647 -0.468155594198491
500.4451599121094 -1 813.6158447265625 604.0342407226562 6415 748.6863403320312 616.973388671875
0.9974123566009476 0.021184922381429595 0.06817896085901903 -0.008450991635381242 3.578557329073446 -0.9850015864050505 -0.5236231476210016
0.5017839670181274 -1 0.5017629861831665 0.5017839670181274 -1 736.5615844726562 622.9610595703125
0.9972993346685868 0.02112738465639391 0.06933744085059489 -0.011831736282774329 3.534729677641235 -1.0208510800134265 -0.5275485423955114
547.4710693359375 -1 1186.656005859375 794.3845825195312 -1 1170.5186767578125 795.472900390625
0.9970729323897259 0.026020758236472007 0.07099617436269906 -0.011315072355653348 3.480386542943903 -1.0114427165921374 -0.6427288474414811
623.0458374023438 -1 729.6350708007812 649.3366088867188 18027 729.6350708007812 649.3366088867188
0.9972580782497312 0.027957385102443114 0.06834504683025175 -0.0048646230745669075 3.4538886410667327 -0.9668340440348381 -0.5356908784475752
534.2575073242188 -1 800.7557983398438 589.289794921875 -1 800.7557983398438 589.289794921875
0.9974726174064157 0.024169574937064207 0.06678671080239992 0.0019350534753932627 3.4342232669407102 -0.9392180431723784 -0.6482829884011182
0.5 -1 0.5 0.5 -1 360.74493408203125 509.20281982421875
0.9966758895662362 0.03431797281930239 0.07388103342259753 0.0010201957333130405 3.373946894926376 -0.8994207529476773 -0.6058005454862863
0.5009825229644775 -1 0.5009787678718567 0.5009825229644775 -1 769.5001220703125 536.61181640625
0.9963108118688128 0.03732019436070882 0.07725865284146462 -0.0017520865584660591 3.3285259228089097 -0.9044473387189117 -0.6210149695833985
0.5 -1 697.8622436523438 610.027587890625 -1 697.8622436523438 610.027587890625
0.9961649617941448 0.03736275505859344 0.07896594801921042 -0.0048757031830211975 3.2697140399177558 -0.9240628346233724 -0.6547335003069207
540.0537719726562 -1 736.64013671875 623.0008544921875 -1 453.5430908203125 626.66748046875
0.9960076777710402 0.04212114198012714 0.0782516567477065 -0.00843762026101596 3.212161815129364 -0.9297873139094157 -0.6470849787244494
623.0187377929688 -1 46.52790832519531 540.6356811523438 -1 651.9962158203125 621.091064453125
0.9963494913603412 0.04329110859711834 0.07254601665945673 -0.012273811521599126 3.182513590056351 -0.9541919419736707 -0.6295768846914541
396.4100646972656 -1 1287.0087890625 396.4100646972656 -1 891.47607421875 448.52435302734375
0.9968596911355594 0.03961203018749448 0.06754240041349924 -0.011818096290213942 3.14984680179413 -0.962223204088288 -0.6189379752618742
427.5646057128906 -1 1211.50439453125 427.5646057128906 -1 928.0559692382812 656.8439331054688
0.997161309278582 0.03764781703853924 0.06430276675623167 -0.010822168800677292 3.1170001872408957 -0.9518779802507186 -0.5606395264498638
835.0919799804688 -1 376.0026550292969 835.0919799804688 -1 604.1661987304688 628.4319458007812
0.9973834917043206 0.03545570276779219 0.06260901015398092 -0.0070125219770090655 3.0899714295329446 -0.9287582827415023 -0.5624888780295143
458.283447265625 5802 843.9334716796875 460.97064208984375 6297 848.2117309570312 464.0816650390625
0.9974496848759908 0.03687550576225066 0.06082611484856838 -0.005874263187306743 3.033745285137593 -0.918919680509926 -0.5730627645364244
476.6543273925781 -1 877.4764404296875 495.39910888671875 5804 736.4581298828125 622.9708862304688
0.9974896782315243 0.03622085024968278 0.060522275532630815 -0.006280604518084316 2.988421320263738 -0.939794261234594 -0.5256091085604893
717.9905395507812 -1 1190.20654296875 857.5684814453125 -1 1190.20654296875 857.5684814453125
0.9973262780155248 0.041458104138798656 0.05953739383758058 -0.008764674320566454 2.9243945432551355 -0.9519959786869099 -0.5743690453702794
623.1035766601562 -1 275.140380859375 728.4552612304688 -1 290.3157653808594 735.4423217773438
0.9974666072466398 0.04251118761604764 0.056231272443825524 -0.009550411231937315 2.852879231102764 -0.9804215821016378 -0.5256238709606098
727.830810546875 -1 736.3256225585938 623.0462646484375 -1 162.19488525390625 726.1693725585938
0.9976772854363739 0.042259424592801416 0.052929623507397085 -0.007254661450322056 2.7924963268412504 -0.9899899473333778 -0.4328445216985458
623.4918212890625 -1 973.0289306640625 565.6469116210938 -1 973.0289306640625 565.6469116210938
0.997820719106595 0.042597727895004926 0.05019002841522804 -0.004495236084955901 2.7486565232887847 -0.9813118158397468 -0.4283154280058744
515.1129150390625 5310 736.4698486328125 623.0651245117188 -1 961.5177612304688 465.623291015625
0.9979037269660967 0.04395060483216611 0.0473658809645761 -0.0036013001138920694 2.7179853814186377 -0.9796481642510909 -0.3848518245073305
603.8175659179688 -1 973.8121337890625 614.3427124023438 17650 827.6019897460938 429.4899597167969
0.9979395755282876 0.04445928424276834 0.046124799895573436 -0.0035324883064671584 2.6852803266210254 -0.9888890627087769 -0.4085308669090437
588.539306640625 -1 979.5852661132812 587.8370971679688 5043 736.8157348632812 623.3810424804688
0.998029950708726 0.04470749836164155 0.043716394320868254 -0.005131661150561719 2.6525312160494496 -1.0066456917289617 -0.4172009873103371
623.2737426757812 -1 736.5560302734375 623.2737426757812 -1 761.590087890625 630.24072265625
0.9981021097560466 0.04462583379753709 0.042078644851832776 -0.005486447469597717 2.615648491678546 -1.0118826495652093 -0.38148319797902897
0.5016486644744873 -1 807.3194580078125 605.7650146484375 -1 833.2870483398438 623.2415771484375
0.998185885830788 0.04439749359760538 0.040278867449145384 -0.005604705832589424 2.5789119769813853 -1.0131152735324926 -0.3995661859141452
477.53936767578125 17776 922.1494750976562 606.9220581054688 17650 734.9671020507812 626.56396484375
0.9981755980253203 0.04578242909592802 0.03903110822135246 -0.005100714056268751 2.538954587340334 -1.0061041253543959 -0.4006164324157928
637.9697265625 -1 875.3963623046875 436.095703125 -1 883.6505126953125 456.7411193847656
0.9982467260377275 0.046240087313847746 0.036714412324714896 -0.004168957641542431 2.500136054720518 -1.0115096315167977 -0.38014091656571397
582.7940673828125 5185 849.1701049804688 634.7884521484375 -1 921.819580078125 425.94183349609375
0.9982987955721624 0.04733357749287615 0.033733193142490805 -0.00459552840348394 2.450764013213488 -1.0211520029265835 -0.38394383349048533
464.049072265625 -1 892.59130859375 576.5319213867188 5043 850.8895263671875 450.3800048828125
0.9984113944170705 0.04834653921180476 0.02854792052666882 -0.0047239684593922086 2.4075936856054243 -1.027699997364414 -0.36874044227870784
628.3932495117188 -1 861.709716796875 593.8408813476562 -1 736.3630981445312 623.2769165039062
0.9984795975786084 0.048868045362741044 0.025318976593430836 -0.0030588863900119687 2.369030722746907 -1.0279449204183442 -0.3578755252262596
548.8734130859375 -1 836.9917602539062 593.4147338867188 17650 851.5372924804688 612.1049194335938
0.9985309143183705 0.04911635656170809 0.022882161676196652 -5.7841566070637214e-05 2.336382858657836 -1.0248383248627413 -0.36487865317851104
590.1339111328125 17650 823.0084838867188 674.7767333984375 -1 823.0084838867188 674.7767333984375
0.9985305489050635 0.049928912424603296 0.02085849124932425 0.002961410179420154 2.313531114715008 -1.0190604283807583 -0.3661112749732718
633.491455078125 -1 821.4170532226562 461.59375 17681 780.3722534179688 486.9361267089844
0.9985422518704599 0.049556116641012796 0.021141399803568404 0.0032563395521737685 2.263982551919936 -1.0228222222254735 -0.3591126624478058
617.3306884765625 -1 747.8555297851562 622.488037109375 -1 742.9334106445312 631.4700317382812
0.9984628784115825 0.050510703972348546 0.02278985084499101 0.001082551032626494 2.2202375761026314 -1.0366602695895586 -0.3794578514806288
582.8702392578125 17650 744.0350341796875 611.75439453125 -1 813.4326782226562 681.781494140625
0.9984268929437882 0.050786169365980655 0.023585185782923984 -0.0028711425127497833 2.168243266395711 -1.0629824126383027 -0.3932362528084906
0.5015053749084473 -1 786.8294677734375 455.1511535644531 17681 776.8909912109375 571.5336303710938
0.9984229611121905 0.050559236728506284 0.023565250154536838 -0.006327186622055629 2.106538024585513 -1.0820407988695806 -0.3823039847774238
614.549560546875 -1 761.4243774414062 570.913818359375 5232 758.3582153320312 579.6968994140625
0.9984142127810777 0.051058206707448074 0.022817054762434178 -0.006442146888165147 2.062025023307511 -1.077261977248203 -0.3897580965815625
623.0628662109375 -1 711.9882202148438 551.1159057617188 5349 764.6591796875 557.6519775390625
0.9985515081199311 0.048399007360088814 0.022773850231560294 -0.005811494093588093 2.0241447779280404 -1.0779097532733084 -0.3785346139111649
574.6040649414062 5232 748.8055419921875 602.0282592773438 5143 761.7654418945312 681.6447143554688
0.9985646941416351 0.048419127821917825 0.022410613211761545 -0.004680180579887026 1.9896481286791583 -1.0611986666490296 -0.384855662600275
584.425048828125 5172 727.9369506835938 584.425048828125 -1 720.908447265625 586.6106567382812
0.998749966703924 0.04512742462474006 0.021109821705365756 -0.004049071895722167 1.9472694348360255 -1.064264065467824 -0.3413081888957369
534.1504516601562 4952 877.38623046875 534.1504516601562 -1 706.43212890625 589.8802490234375
0.9988040744730664 0.04454694891943705 0.019818050813668376 -0.0036379966901313493 1.9033229303262131 -1.059739931024706 -0.34848563508635944
567.1201171875 -1 691.385986328125 591.5982666015625 17650 738.52978515625 685.0108032226562
0.9989220033718359 0.04297284241680247 0.0172784374484722 -0.0031018693650916676 1.8587363558064536 -1.0590409190312626 -0.3422090040162897
593.2037963867188 17650 844.88134765625 538.1139526367188 4952 718.50439453125 686.8849487304688
0.9990349642602041 0.041234630117785775 0.01456267033601559 -0.004095619287310602 1.8148545321187883 -1.06859182233265 -0.30524973703214103
569.958740234375 -1 827.676025390625 538.9794921875 4952 630.4531860351562 542.8836669921875
0.9991643704661405 0.03904610431504179 0.011719339159206903 -0.002935918679326536 1.772301947343994 -1.0758235308160267 -0.30527128908006407
575.0731201171875 4904 736.7103881835938 623.05908203125 -1 741.0078735351562 646.4393310546875
0.9992253618904138 0.037803632011057735 0.010404492873747525 -0.0033627503303838326 1.7307383053105003 -1.0885059299226654 -0.2856484560133087
537.4537353515625 4951 795.5968017578125 537.4537353515625 4952 827.4129028320312 573.7325439453125
0.9992474216248326 0.03734017274982463 0.009613554688404007 -0.004228645337527841 1.6849696576552404 -1.1015713573438526 -0.291567481507533
535.53662109375 4951 781.6190185546875 535.53662109375 4952 823.5764770507812 594.05224609375
0.9992671907406107 0.037287532125357736 0.007462904198516292 -0.00436193973966226 1.6573321483067656 -1.1157569000875742 -0.2714680233034348
555.2657470703125 -1 992.0957641601562 593.4749755859375 -1 797.0526733398438 600.0430908203125
0.9992897112090485 0.03702374268784291 0.006831069787798783 -0.001628506885202173 1.6273048159929708 -1.1282784020973682 -0.25754253455497333
525.765380859375 4951 755.3272094726562 532.7085571289062 -1 755.3291015625 532.6874389648438
0.9994180455961554 0.03383807115871716 0.004280721004853634 0.000480109047113869 1.5875655926445666 -1.15157216259785 -0.26090211253635776
202.0 -1 311.5 202.0 -1 319.0 220.5
0.9993826961338147 0.03512278102549749 -0.0006187034178781527 0.0004838671543256062 1.523075611493632 -1.1503416784969633 -0.25240704639736156
623.2621459960938 -1 766.69970703125 616.1376342773438 -1 596.8781127929688 401.63250732421875
0.9993719175699509 0.035049329055037576 -0.00486200996746193 0.001917228318998845 1.4563176511370344 -1.1597541531318563 -0.2689845439260742
623.2642822265625 -1 731.4434814453125 568.5868530273438 -1 572.2704467773438 397.45782470703125
0.9992930412155977 0.03554819413372847 -0.012005559805110234 0.002368587274834164 1.395916187116466 -1.170246585753827 -0.23483707535947307
627.8464965820312 -1 736.6846923828125 623.1575927734375 -1 735.2357788085938 691.7340698242188
0.9992280530505542 0.03475970751896038 -0.01801284739780462 0.003255465960276491 1.3412432028335366 -1.1757213585737543 -0.2715175239189341
624.70458984375 4523 790.1580200195312 648.8060913085938 -1 790.1580200195312 648.8060913085938
0.9992735420087723 0.03224669918965011 -0.020054498663454757 0.0032180298277201236 1.2866965820624277 -1.1926139277189527 -0.2282773785478942
617.2990112304688 -1 881.5502319335938 476.44720458984375 4405 784.1998291015625 516.98876953125
0.9992390672470918 0.03240997521289056 -0.021697517891887605 -0.0003125878963517669 1.236132975666827 -1.2015921144802213 -0.20474957735999819
622.9693603515625 -1 711.7357788085938 626.0980224609375 4791 951.9000854492188 365.9296569824219
0.9991880315239571 0.03305718378992902 -0.022399221323569342 -0.005364246755719339 1.1840532456752835 -1.2005402296416554 -0.23136656696242577
0.5 -1 0.5 0.5 -1 799.1737060546875 431.5346984863281
0.9991054624542249 0.03478815603430059 -0.021958592881153195 -0.009791797206957303 1.1319164255603757 -1.1704010561689362 -0.23602543525134195
684.3221435546875 -1 736.5977783203125 622.7730102539062 -1 708.0103149414062 470.1797790527344
0.9992546099826974 0.030278020085077746 -0.02178672120032321 -0.009940055703791723 1.088068675561855 -1.1446151284418378 -0.16580041666056822
500.2871398925781 -1 821.278076171875 573.7377319335938 4522 940.1621704101562 617.2747192382812
0.9992770616267918 0.02938807767883662 -0.02296192079086901 -0.007378698425992282 1.0441905697695044 -1.1157935503119543 -0.13851070341282504
524.8824462890625 -1 736.6064453125 622.9334716796875 -1 732.2984619140625 685.5132446289062
0.9992218715136905 0.030441664949098113 -0.02480344837976027 -0.003707488675277548 1.0168279771215456 -1.0809485125492182 -0.14474474024739656
573.6123657226562 -1 949.0496826171875 388.2322692871094 -1 847.2657470703125 535.4776611328125
0.9992093461475893 0.03091078147409583 -0.024972221869215466 0.001262653904513055 0.9924717155589149 -1.0381043553012597 -0.18510321824593223
386.66400146484375 4154 1106.049560546875 630.1156005859375 -1 1106.049560546875 630.1156005859375
0.9991662545326225 0.03070570217228445 -0.025907214996236202 0.0072644248565587235 0.9756984591562902 -1.0087504595801793 -0.1816167031856489
389.2052917480469 4103 939.310546875 392.5309143066406 4154 888.2508544921875 399.0595703125
0.9989220485108443 0.03467610031335335 -0.028103372366254487 0.01274792248173286 0.9369269527159387 -0.9762738230435791 -0.18970942298077711
0.5015124082565308 -1 0.5015543699264526 0.5015124082565308 -1 924.0122680664062 390.5387878417969
0.9989070568247901 0.036198721503200776 -0.02771624887313087 0.010303103201072061 0.8814221297970284 -0.9749328908863736 -0.19336635722561468
0.5009143352508545 -1 896.7745361328125 390.1214599609375 4177 859.8624267578125 398.996337890625
0.998962037831592 0.03802117079502102 -0.024514482831084813 0.005317675643884712 0.8341079878202585 -0.968311683852427 -0.18204948609810143
0.5018610954284668 -1 0.5018543004989624 0.5018610954284668 -1 0.5018543004989624 0.5018610954284668
0.999156724823496 0.03469436415144214 -0.0219311249724043 0.0010798581186840738 0.8006069838956124 -0.9707883266484225 -0.1645233426990885
0.5017931461334229 -1 883.7553100585938 395.0475158691406 4177 893.8963012695312 402.01068115234375
0.9992759311551093 0.032333132476823886 -0.019849411222073805 -0.0028605650600224022 0.7356875962967944 -0.9680633593320408 -0.1974370287177535
0.5014075040817261 -1 883.6369018554688 401.9515380859375 4154 736.5450439453125 623.0621948242188
0.9992062594688852 0.03268967076232618 -0.02260715340822927 -0.002674523962605953 0.6797636191541051 -0.9653433479048558 -0.19045801684628577
401.94000244140625 -1 816.639892578125 423.0782165527344 4358 759.5556030273438 495.93756103515625
0.9992198253706456 0.032233299087063585 -0.02252871806432835 -0.003634814795634215 0.5830384497374649 -0.9620058557726697 -0.23855245373093362
402.4343566894531 4154 736.5403442382812 623.0011596679688 -1 789.258544921875 423.8610534667969
0.9992236597589845 0.02961624771760043 -0.02551820530946479 -0.004876150815440366 0.4959847419393978 -0.9603086323347074 -0.2161994654096054
404.4669494628906 4103 806.40283203125 404.4669494628906 -1 808.5008544921875 407.4028015136719
0.9991375925633602 0.029263045846071718 -0.0287160664412383 -0.0065675568247395635 0.412614039672226 -0.948764435389453 -0.2143059638251352
415.9510498046875 4155 857.1314086914062 583.09521484375 4290 736.579833984375 622.9341430664062
0.9990516143019592 0.030588115725462283 -0.030429349556434445 -0.005856092774833713 0.3452720242474865 -0.9356887032559021 -0.17115795343951343
419.63470458984375 -1 761.2465209960938 414.8004150390625 4154 736.8838500976562 623.1250610351562
0.9990703465274471 0.028329883539089284 -0.03208976291585216 -0.005109550292620477 0.28621825281166696 -0.9498846583069674 -0.1348042924025451
419.14495849609375 4155 736.7359619140625 623.0839233398438 -1 883.261962890625 634.4404296875
0.9990571652892608 0.030235714894611694 -0.030617895044664868 -0.0057555653095346946 0.2157621711381482 -0.956057000408557 -0.17080599169974411
411.93505859375 4154 722.0567626953125 408.11962890625 4103 722.0567626953125 408.11962890625
0.9990600836746415 0.030699203459711243 -0.029940711171566076 -0.006329449383522782 0.1592683989571525 -0.9687388049089853 -0.15409247137902662
405.4962463378906 4177 710.5982055664062 407.42230224609375 4154 706.6397705078125 412.1909484863281
0.9990917492374739 0.028912384178631775 -0.030256091366585927 -0.008019948997878898 0.10770460450008501 -0.9873827398530926 -0.13987147082918375
402.8765869140625 4103 693.4985961914062 402.8765869140625 -1 696.501953125 405.61749267578125
0.9990390923255621 0.028126137403902855 -0.03237053573897105 -0.00905322130658458 0.07068669484045773 -0.9974515675027777 -0.11376445779761024
404.4913635253906 4154 679.5225830078125 409.3933410644531 4155 818.2136840820312 462.9041748046875
0.9990377434250378 0.027530125654950596 -0.03286972545620642 -0.009233663523472593 0.03273721607948609 -1.003904923455011 -0.07354940434267146
404.8938903808594 4154 672.2715454101562 404.8938903808594 4193 669.7152709960938 409.1465148925781
0.9990770782250958 0.02754360803145841 -0.03156899590356221 -0.00947311561504035 -0.01642983422513243 -1.00439706107261 -0.07235920443297096
405.97821044921875 4154 662.1693725585938 405.97821044921875 4193 658.09619140625 410.6203918457031
0.9990720286202188 0.027981031868849905 -0.0312386497509245 -0.009812759345577661 -0.05062746805126494 -1.0041213314358872 -0.090615935701205
619.0468139648438 -1 654.3629760742188 406.23065185546875 4154 650.9271240234375 411.380615234375
0.9990935590754114 0.026953358185018803 -0.03142884408524431 -0.009889613543669261 -0.09344124377102804 -1.0114201359179171 -0.04598760794030179
0.5 -1 0.5 0.5 -1 0.5 0.5
0.9990853626814135 0.025558354153696203 -0.03296064715536512 -0.009423605881101976 -0.13804490883275575 -1.0179599383881945 -0.04390167916294695
0.501754105091095 -1 800.0147094726562 570.5242919921875 -1 736.6612548828125 623.2276611328125
0.9990790000729484 0.02600511473651491 -0.03248096269456864 -0.010482017134715508 -0.20032921848401145 -1.0138673953340762 -0.020836808265989423
570.851318359375 -1 787.2615356445312 570.851318359375 -1 1330.0894775390625 825.1458129882812
0.9991293291110542 0.02537249494658744 -0.03123223555427134 -0.011016699712829986 -0.24837158128650574 -1.0180814553198263 -0.06313643677991386
626.149169921875 -1 736.4761962890625 623.0656127929688 -1 739.1234741210938 626.328857421875
0.9991131647586099 0.024003387905539592 -0.032280669862228224 -0.012437030527301014 -0.29519726510664895 -1.0364118253279502 -0.012037272770073945
0.5017922520637512 -1 0.5018085241317749 0.5017922520637512 -1 839.727783203125 582.52099609375
0.9990509563718165 0.026157383001941512 -0.03243197754935988 -0.012694278998287116 -0.36193939603050707 -1.0433771324678498 -0.09746996228837768
0.5014245510101318 -1 687.4300537109375 461.4117431640625 4004 710.9542846679688 469.2613525390625
0.9989656762129804 0.02681775029614027 -0.03494481546932097 -0.011280331963729356 -0.41320012828045644 -1.0537207553857404 -0.08311854517145127
0.5 -1 0.5 0.5 -1 0.5 0.5
0.99891572976664 0.027568663465442178 -0.03654787549698219 -0.008460875614698042 -0.4468723218931615 -1.0631254771005554 -0.08644760321210937
571.6881103515625 -1 907.4777221679688 619.0899047851562 3624 851.1676635742188 732.9949340820312
0.9988968068328493 0.027584506967316316 -0.03732251746832873 -0.007161980475668141 -0.48370699327152594 -1.0670997398262898 -0.06596007770754048
615.2140502929688 -1 857.2177734375 424.66790771484375 3832 857.2177734375 424.66790771484375
0.9989079742677065 0.027500956690513032 -0.037219668549132674 -0.006422818585835839 -0.5201832526525348 -1.0649700017106518 -0.06658630505591391
616.6531372070312 -1 940.3776245117188 607.1546630859375 3470 902.4119262695312 612.0812377929688
0.9989662421478696 0.025450170405516562 -0.03721603779523222 -0.00580537734503133 -0.5455531899483198 -1.0701821752047171 -0.04649528672561227
589.9962158203125 -1 711.5760498046875 620.0101318359375 -1 657.6577758789062 719.07958984375
0.9990248172051636 0.02437813770967121 -0.03657187850695674 -0.0041974650052581655 -0.5737141150980805 -1.0749085581874605 -0.04090528450337056
711.9901733398438 3870 595.78369140625 713.1196899414062 3803 585.4677734375 717.0421142578125
0.9990464158898146 0.02270198679317039 -0.0372119979143342 -0.0024790935000772838 -0.6110475959197434 -1.082732923455375 -0.03160670227107858
592.3218383789062 -1 507.37982177734375 698.7303466796875 3802 510.2579040527344 699.36279296875
0.9989858578083157 0.022386653577902756 -0.03899413655208809 0.0023560465028538984 -0.6384318456654242 -1.0989775642800972 -0.056976049065520236
225.0 -1 291.5 228.5 -1 308.5 232.0
0.9988685796824933 0.02057953000626331 -0.04180541075023861 0.009505319552943675 -0.661045983588427 -1.1319714551928817 -0.03390202187379667
423.17437744140625 3832 796.3742065429688 423.17437744140625 3831 851.9376220703125 611.7625732421875
0.9988896629795349 0.017640962136845722 -0.04060073296968233 0.01611887495584939 -0.665340035399565 -1.1651932657712725 0.005331418735951529
621.1583251953125 3589 806.0048828125 638.465087890625 -1 862.4553833007812 546.3217163085938
0.9989587188028534 0.017062636166380287 -0.037958822163141066 0.018694180773774806 -0.6629974041716685 -1.1894610296882886 0.0035298575024313213
0.5 -1 0.5 0.5 -1 0.5 0.5
0.9991326553135067 0.01771361515908372 -0.03340376753368179 0.017445722648637748 -0.6842884341473177 -1.2071755455691995 0.041813348559442715
500.3705139160156 -1 850.4730224609375 608.172607421875 -1 747.7232666015625 639.4452514648438
0.9992684238843704 0.01591432474506766 -0.031958570486686565 0.013711348146780001 -0.7218819932125067 -1.220730028700053 0.030041210996424712
0.5018966197967529 -1 255.3073272705078 489.66754150390625 4029 255.3073272705078 489.66754150390625
0.9992607733618416 0.01779903880073574 -0.032809393925622585 0.009200255882170242 -0.7746334539914583 -1.2162990961270497 0.061907808634881684
482.55462646484375 -1 210.32687377929688 482.55462646484375 -1 834.0582885742188 594.7258911132812
0.999208148241401 0.018623019923204018 -0.03488782297730122 0.004370288873148739 -0.8251621784017217 -1.202517958622418 0.03723309616862703
0.501961350440979 -1 791.4637451171875 593.8980102539062 3658 822.5968627929688 594.138427734375
0.9991388585769214 0.01674743688768886 -0.03794921178228612 0.0009601897743498805 -0.8710868268679521 -1.1903786572386459 0.022591719364351868
0.5 -1 0.5 0.5 -1 0.5 0.5
0.9990666804391944 0.016334019790172457 -0.039987095790906466 -1.977800350471658e-06 -0.918547090492172 -1.1900602615965759 0.0629679294105172
0.5018975734710693 -1 730.3240356445312 596.917724609375 -1 764.4420166015625 597.2396850585938
0.9989290935861984 0.020578286689921035 -0.04137693416912968 0.0022692339516043325 -0.9573614083401916 -1.1698136657758214 0.07002519893896678
0.5018767714500427 -1 767.0670166015625 606.0588989257812 3624 762.3961181640625 607.482666015625
0.9988425900739272 0.021288489966873082 -0.043071406857767155 0.0022659127591074585 -0.9980851792082647 -1.154431577752719 0.10421652964392722
0.5000603795051575 -1 0.500048816204071 0.5000603795051575 -1 933.1343994140625 547.3897094726562
0.9988371018697317 0.01959616576403842 -0.04390310600610594 -0.003598819089667882 -1.0553847901597415 -1.140305724698213 0.10353677884140289
605.1344604492188 3465 927.6824340820312 601.2316284179688 2170 743.5447998046875 611.8367919921875
0.99889739831263 0.02047478460951876 -0.041451035479830915 -0.008159809869281033 -1.1238844777830999 -1.1112044688860065 0.07245817048205899
603.4519653320312 2170 748.453369140625 607.1016235351562 3465 857.9921264648438 614.88623046875
0.9989075239108278 0.02088097338412651 -0.04001192003893214 -0.012115687337854161 -1.207494492488142 -1.0829283134971255 0.046953536204183056
578.4505615234375 3869 736.70556640625 623.4666137695312 -1 745.8345947265625 612.8788452148438
0.9990288564885087 0.01731594043215419 -0.03805315289827471 -0.013908977845747487 -1.311395621399812 -1.079574590067895 0.13172893024072782
0.5 -1 745.8900756835938 612.242431640625 -1 736.5105590820312 623.3536376953125
0.9990801953665811 0.017753898312360263 -0.0368162363414126 -0.012966382018203213 -1.4132032691099088 -1.0624117930668826 0.09961771014659858
625.775634765625 -1 917.5630493164062 556.437744140625 -1 736.271484375 623.4526977539062
0.9991317735628763 0.01424021973117133 -0.03787499250672152 -0.009919684557739833 -1.497894529959879 -1.0637077924081173 0.1724189255635063
593.8876953125 3869 736.1911010742188 623.439697265625 -1 736.1911010742188 623.439697265625
0.9991255392534615 0.013806341826248375 -0.03877723177992475 -0.007339484473896742 -1.5629004421775625 -1.0326908336482854 0.15670726408611393
623.6644897460938 -1 874.3611450195312 573.6987915039062 -1 828.8936767578125 498.08880615234375
0.9991255253979981 0.011212193877010676 -0.039921397144701935 -0.005362206323305396 -1.618234494699052 -1.0148292833993633 0.15589358935503608
489.1255187988281 2344 822.5214233398438 491.7049255371094 2346 821.9443359375 506.0774230957031
0.9990678820253708 0.01120865910803289 -0.04115395519460752 -0.006639656480587615 -1.6719070855594325 -0.9955421187670815 0.1828757476992735
0.5 -1 0.5 0.5 -1 812.7368774414062 492.08441162109375
0.9991153947629721 0.010727721936784907 -0.040103724075332726 -0.006710830423075166 -1.7309139631761403 -0.9918837480091648 0.21542832487203384
548.5234375 2169 699.0934448242188 659.2645874023438 2367 799.6586303710938 493.155029296875
0.9991968826020202 0.012279213572165326 -0.03752194987231279 -0.006849378821003897 -1.7948735324399843 -0.9842709673411726 0.2313931830823633
596.6804809570312 2327 737.101318359375 618.2973022460938 -1 787.401611328125 493.0412902832031
0.9992250213136101 0.012431342453010889 -0.036712230968265765 -0.006857886187746546 -1.8476441176100102 -0.9823403257506588 0.22532372160597225
510.33734130859375 3107 718.3739013671875 597.1622314453125 2327 657.99365234375 620.2686157226562
0.9992487814809455 0.01185150983477193 -0.03608849966342992 -0.0076833986962034926 -1.8997725648796384 -0.9840018694420998 0.2425081144966666
0.5018014311790466 -1 759.5133666992188 495.4363708496094 2346 855.1602172851562 578.058349609375
0.999295415286287 0.013119797393696469 -0.03413836076315558 -0.008433043849071878 -1.9557550799183971 -0.9777786982658337 0.24307491331615116
0.5 -1 0.5 0.5 -1 0.5 0.5
0.9993266884334625 0.013949441656777204 -0.03286430716143427 -0.008456960261960885 -2.0063680421164283 -0.970771453140638 0.27630114736794587
0.5 -1 0.5 0.5 -1 0.5 0.5
0.9993401963826325 0.014175062174161219 -0.0325531065768063 -0.0076508011658516974 -2.0631291876504854 -0.9651815382684685 0.2742276401707157
0.5 -1 0.5 0.5 -1 0.5 0.5
0.9993857256820418 0.013522656355323834 -0.031785950202779543 -0.005912904343993528 -2.1243476771279406 -0.9694405425819697 0.2869492585863477
0.5 -1 0.5 0.5 -1 860.6293334960938 502.18487548828125
0.9994213503412187 0.012847508257574776 -0.031175611352447893 -0.004470712527956599 -2.1743518393446775 -0.9790678849074093 0.27794431271120434
0.5014854669570923 -1 694.2554321289062 511.9051208496094 -1 736.446533203125 623.0914916992188
0.9994561761699238 0.01411876826083057 -0.029614983317298244 -0.003311353455528836 -2.221873371428398 -0.9833045181656145 0.2779734105669428
0.5 -1 0.5 0.5 -1 0.5 0.5
0.999521106405306 0.014868771710449155 -0.026919559189476455 -0.003437267981956001 -2.281112478354191 -0.9900813122062583 0.31880333875095884
0.5 -1 0.5 0.5 -1 0.5 0.5
0.999530783392256 0.015815030080481105 -0.026013304318484358 -0.003377258244559635 -2.3280898985378964 -0.9953970337072832 0.3049280730450052
606.5123291015625 -1 736.4119262695312 623.0114135742188 -1 840.9252319335938 669.1852416992188
0.9994694046610709 0.017636304467681847 -0.027247781903142598 -0.0027254894104644847 -2.3689909251178687 -0.99836179460732 0.24192927952288296
666.9555053710938 1827 695.0280151367188 492.9963073730469 2128 800.5036010742188 493.8887023925781
0.9995956288650798 0.015900934491583574 -0.0234938594695433 -0.0019436057587526195 -2.4311776472967033 -1.0101551240876976 0.335071974288037
520.3768920898438 -1 693.886962890625 520.3768920898438 2090 768.6976928710938 525.4269409179688
0.9996508458078159 0.014745147844289631 -0.021873166301223414 -0.0015269861581500245 -2.4854572365893928 -1.0139904697289672 0.33753918245645914
528.1435546875 2091 713.9680786132812 450.3183898925781 2155 667.5718383789062 493.74066162109375
0.9996934400243253 0.014916266609903254 -0.019761856228491834 1.0758593261771211e-06 -2.5470306534080316 -1.023757792492433 0.3619853537892125
494.2609558105469 1873 761.3346557617188 494.2609558105469 2065 742.1446533203125 526.2162475585938
0.9996897561530841 0.015179336203812803 -0.01974758113701933 0.00011060848054810587 -2.610298383884445 -1.0308085239743356 0.3567351206466111
590.5355834960938 1971 615.022216796875 606.5478515625 -1 615.022216796875 606.5478515625
0.9997089775059024 0.01605146904247476 -0.0179941541740684 -0.0007218387920536667 -2.68399725243136 -1.0231715682053653 0.3451640510400671
668.8316040039062 -1 1015.4202880859375 500.26568603515625 47290 766.8870849609375 532.4630126953125
0.9996736599870769 0.015524487691195552 -0.020278868240830573 -0.000575597810233182 -2.742668271566312 -1.0184353584715398 0.34877756656610814
503.056396484375 47290 989.15869140625 515.3784790039062 46756 748.5146484375 534.5250244140625
0.9996649650690682 0.016029080175440417 -0.020308942030649035 -0.0007570176905369423 -2.811697834751289 -1.0061549030334864 0.35700290470221374
518.2208251953125 -1 618.426513671875 595.1008911132812 1971 736.6607666015625 623.1011962890625
0.9996342768207214 0.015957016549217284 -0.021648525758086366 0.0028332949833903428 -2.8595605785732756 -1.020402210623968 0.31755117319101384
0.5 -1 0.5 0.5 -1 0.5 0.5
0.9996341914779341 0.01499455700515699 -0.022073324674282052 0.0044062258566773815 -2.894042252403288 -1.0215491535312833 0.32644493816583103
0.5 -1 0.5 0.5 -1 0.5 0.5
0.9996849660172648 0.012927540941470795 -0.02116736435192761 0.0038457886914942153 -2.912459969057533 -1.012229967545913 0.343301699467243
0.5012584328651428 -1 602.71044921875 399.9850769042969 -1 602.71044921875 399.9850769042969
0.9996846947217988 0.011365915082931726 -0.02238139742829663 -0.0006325839615136119 -2.964781732570218 -0.9758395485483079 0.34905693762462026
0.5 -1 0.5 0.5 -1 923.7219848632812 516.7544555664062
0.9995561634856819 0.011126981306104913 -0.026841372512674013 -0.006573206708625447 -3.0148927369328957 -0.9223059972962778 0.2877012942269158
0.5 -1 999.8369750976562 427.79901123046875 47387 968.6404418945312 496.5359802246094
0.9994560700657279 0.010135845087469234 -0.030715154356799758 -0.006434900618643349 -3.0502269600226555 -0.9149379013682697 0.2983056517590529
0.501783013343811 -1 0.5017621517181396 0.501783013343811 -1 444.3384094238281 472.46087646484375
0.9992341093775291 0.011410565026038131 -0.03523553448709044 -0.012627381822529092 -3.0991424925044537 -0.8702472977158504 0.27978459607070855
0.5 -1 0.5 0.5 -1 0.5 0.5
0.9988752280668846 0.014559464766342296 -0.03919998061675465 -0.02235312639639359 -3.141028267236976 -0.8152674674878563 0.2854988351525213
484.22412109375 -1 840.916748046875 546.6558227539062 -1 910.9371948242188 576.7888793945312
0.9987726558129109 0.015292742058489905 -0.039289940037728954 -0.02599258841648731 -3.162854103200046 -0.7969387175889207 0.2789956559881568
516.2411499023438 1749 779.4244384765625 608.5315551757812 -1 835.9155883789062 626.9074096679688
0.99887455490148 0.016032268871810213 -0.04024272926446873 -0.019316124521729525 -3.168697510614418 -0.8376288983884466 0.24775872035518506
515.9368896484375 1749 830.1665649414062 546.8779296875 -1 935.5604248046875 600.8636474609375
0.9989360360535843 0.018400925511851067 -0.04095121820351325 -0.010545119321637287 -3.176871979143808 -0.8842005961106414 0.24406044122183876
624.0259399414062 -1 840.583251953125 624.2935791015625 -1 855.0750122070312 628.1481323242188
0.9990298929417045 0.017401477996083832 -0.04024281481259195 -0.00412036750761257 -3.195535112680029 -0.911139922235832 0.26720578419374036
579.0188598632812 -1 1177.7152099609375 518.9700317382812 -1 1170.444580078125 523.9619750976562
0.9991199173841026 0.015682986369709887 -0.03888896683695216 -0.0010406167720690463 -3.2366938006127453 -0.8960021030309668 0.24587103590537235
571.8782348632812 -1 1096.5244140625 571.8782348632812 -1 1086.9947509765625 577.2615356445312
0.999243674421066 0.012374299438059783 -0.036860666528997534 -0.0004970975175995672 -3.2895923289816547 -0.8781371571924961 0.30001707019755264
544.6395263671875 1749 718.623779296875 432.5778503417969 1671 1010.4132080078125 509.3515625
0.9993778859985197 0.012032944878208508 -0.03312437504155744 -0.0013509229415473135 -3.335559099450795 -0.8590247886711245 0.30464420572134737
526.3783569335938 -1 789.8762817382812 538.0445556640625 -1 766.1049194335938 548.6173095703125
0.9994668948877172 0.011855781685504893 -0.03041768756746642 -0.00036158979297943006 -3.3771745275768437 -0.8577489074952416 0.32951165386547676
548.5269165039062 -1 1023.0639038085938 562.607177734375 -1 771.7349853515625 580.44482421875
0.9995123601802363 0.011162917461664965 -0.02904358854525222 0.002626991642872917 -3.431368251407504 -0.8858095216049607 0.35554954744014317
568.8299560546875 46957 943.6939697265625 568.8299560546875 47105 992.4407348632812 594.05859375
0.9995325624535811 0.010713675102937869 -0.0278166491124178 0.006790271932933232 -3.4826478875757743 -0.934375757818639 0.3774197065709109
0.5 -1 0.5 0.5 -1 0.5 0.5
0.9995617125344315 0.010341593223110608 -0.026609839800278673 0.007832669445712467 -3.5272591449157646 -0.9524829206289669 0.4073701414487611
566.7509155273438 -1 726.4131469726562 573.9838256835938 -1 938.9251098632812 523.7025146484375
0.9996150743357385 0.010008395176507227 -0.024079395822186916 0.009471952469542506 -3.5564881159348882 -0.9627843950567426 0.42784264760225327
0.5034477710723877 -1 0.503440797328949 0.5034477710723877 -1 0.503440797328949 0.5034477710723877
0.9996555354194284 0.009288567718473119 -0.021803488603961214 0.011275677351371855 -3.5941109793018353 -0.9803513878483553 0.44433829337892783
505.0671081542969 -1 728.5254516601562 575.6878662109375 -1 728.5254516601562 575.6878662109375
0.9996554785985468 0.00872877383616646 -0.020971160730248142 0.01315078069369621 -3.6226628818113764 -1.00653901699365 0.4400397380973678
0.5029807686805725 -1 0.5030063390731812 0.5029807686805725 -1 0.5030063390731812 0.5029807686805725
0.9996403190753719 0.008514695745618089 -0.020519025639108332 0.01502338251093416 -3.6527583351671598 -1.0370173774944793 0.46080168373298186
0.5038003921508789 -1 0.5038052797317505 0.5038003921508789 -1 849.6113891601562 504.39239501953125
0.9996383185577743 0.007923425211225474 -0.019590353648884846 0.01663338353491781 -3.6953785061771875 -1.0712981438494291 0.496110753607468
580.1195678710938 9154 841.4390258789062 496.0616760253906 -1 839.1635131835938 499.0014953613281
0.9996243440858175 0.006431551285359347 -0.01967362307980775 0.017965367070466785 -3.741285806166231 -1.1010400263565914 0.5010855237626541
576.3640747070312 650 752.0780639648438 493.2370910644531 -1 775.9659423828125 507.0791320800781
0.9995879137314698 0.006574204374559391 -0.02079096607667886 0.01866864452518159 -3.7939468941817407 -1.111454792304152 0.49903138262934554
639.3521118164062 722 810.3178100585938 493.057861328125 602 921.1956176757812 524.0216674804688
0.9995839523991839 0.006115577240786129 -0.02066221772859429 0.01917275618094964 -3.843995800695919 -1.1137009444046155 0.5018607954491121
594.5382080078125 773 879.8844604492188 498.06292724609375 -1 838.1946411132812 548.042724609375
0.9995433785908671 0.006866250546127132 -0.0216575032227231 0.019920880320666183 -3.892669425247942 -1.1105861641491637 0.42266209255698084
559.0399169921875 46674 878.2466430664062 808.2747192382812 -1 869.9964599609375 503.129638671875
0.9995545512269471 0.007628573450776451 -0.02094588762299678 0.019843734030853027 -3.965121394685313 -1.1058274055461876 0.41779375073240066
553.8016357421875 -1 735.2421875 627.0117797851562 -1 763.3027954101562 495.5163269042969
0.9995661172006994 0.007796079529834388 -0.019891457975022567 0.020276301139760578 -4.004266233467799 -1.104787878095734 0.39218800143050847
0.5039239525794983 -1 0.5039085745811462 0.5039239525794983 -1 0.5039085745811462 0.5039239525794983
0.999585130727034 0.008095412412900026 -0.019312846666662536 0.019774849706467992 -4.04289280420771 -1.097292486878839 0.4059268175486036
500.72125244140625 -1 815.6257934570312 546.7491455078125 -1 866.8428955078125 561.487060546875
0.9995864555420191 0.008163796782097839 -0.018488699234356473 0.020455764949401836 -4.077637449869811 -1.1003495270706145 0.4001055859128699
505.4355773925781 -1 813.0250244140625 542.9833984375 -1 775.89501953125 552.5582275390625
0.9996068502552604 0.008841992016850722 -0.017566671509209278 0.01998439771469198 -4.109683299257174 -1.0985659082913304 0.40302709583930985
530.0452270507812 -1 849.9151611328125 561.1360473632812 46674 782.5894775390625 566.7653198242188
0.9995988311164693 0.00966000740370834 -0.018133746882108608 0.0194943148523924 -4.146807025235526 -1.0933394541410784 0.3896025725713154
560.389892578125 46674 818.4349365234375 597.2278442382812 773 729.5880126953125 495.7357177734375
0.9996358805266281 0.008628104363548536 -0.015762087469515972 0.020130046633029832 -4.194444148673353 -1.106028076827406 0.38706286723455674
639.8458862304688 -1 685.8847045898438 695.8919677734375 -1 859.7337036132812 745.553466796875
0.9996224690952168 0.00863660473940741 -0.015300841856396886 0.021123744389750176 -4.233523123002408 -1.125176641351857 0.38615329229850054
508.71923828125 1458 915.0700073242188 604.1834106445312 -1 915.0700073242188 604.1834106445312
0.999647486346531 0.008659242284415789 -0.013584470935514268 0.02110409234068232 -4.274532120836241 -1.143592077882092 0.3774599010183621
0.5020215511322021 -1 0.5020154714584351 0.5020215511322021 -1 0.5020154714584351 0.5020215511322021
0.9996422502184295 0.010871369365742704 -0.01583996738188563 0.018608609289500828 -4.304518777388065 -1.1265096208822618 0.3445145200959568
0.5048037767410278 -1 0.5049101114273071 0.5048037767410278 -1 676.7081298828125 482.6837158203125
0.9996874092221675 0.010007934054387067 -0.01662856046628812 0.015761220620650107 -4.35343948635228 -1.1018167814842115 0.350005204634946
0.5 -1 0.5 0.5 -1 0.5 0.5
0.9996850442547988 0.010397147672855449 -0.018976191016224428 0.012712819831403217 -4.400567110368607 -1.071646523195934 0.30766676102746776
490.2549133300781 -1 803.0099487304688 495.2199401855469 -1 754.1022338867188 509.14776611328125
0.9996558830096071 0.009724370660132287 -0.020822608347700423 0.012647970633490617 -4.430581200590019 -1.0703225481184133 0.3147791381520624
0.5040059089660645 -1 0.5040140151977539 0.5040059089660645 -1 0.5040140151977539 0.5040059089660645
0.9996598986366709 0.009517453751821375 -0.019916015914273714 0.013887312263554476 -4.462693711552524 -1.0799437396344669 0.3195568411197116
0.5040937662124634 -1 0.5041030645370483 0.5040937662124634 -1 0.5041030645370483 0.5040937662124634
0.9996565373506601 0.009462075223727712 -0.01878929778494478 0.015628139790066206 -4.479337971019019 -1.0985790658596815 0.3307438520643345
0.5042195320129395 -1 0.5042204260826111 0.5042195320129395 -1 0.5042204260826111 0.5042195320129395
0.9996450507531882 0.010267583469939568 -0.018667341653429752 0.015996236742993955 -4.514031832633128 -1.1033160117995882 0.3448585620999606
0.5 -1 0.5 0.5 -1 0.5 0.5
0.9996066021643992 0.009093188056247599 -0.01996076401703942 0.017479208797149853 -4.551356345097022 -1.1239150805752827 0.33385030538855326
0.5045782923698425 -1 767.9461669921875 493.6650390625 -1 738.5051879882812 496.5896911621094
0.9995433875415465 0.01194493060144119 -0.021478850617581723 0.01757822604941685 -4.591364899041079 -1.1164037368991417 0.30176082255558745
0.5 -1 0.5 0.5 -1 0.5 0.5
0.9995469528324392 0.010718974781072973 -0.02257011886170898 0.016780417086490054 -4.629297689393822 -1.119283840661041 0.2740795317567575
0.5028693675994873 -1 0.5027879476547241 0.5028693675994873 -1 0.5027879476547241 0.5028693675994873
0.9995314444881882 0.010014712044938635 -0.02374077540143998 0.01652188262128135 -4.648423345406244 -1.120317987197873 0.2813660048570506
430.8244934082031 -1 733.3583984375 507.2953186035156 -1 726.4035034179688 510.2467956542969
0.9996160293455632 0.009444542960058293 -0.0219384337228375 0.014046337938213999 -4.668722088424377 -1.1007521840044687 0.30610797938685197
494.7510070800781 1381 699.1231689453125 495.9477233886719 1458 722.8153076171875 502.2819519042969
0.9996752636067063 0.009329607510660514 -0.020916542479667916 0.01117246648038715 -4.669891864798133 -1.0800609476650984 0.30062217828846505
494.78485107421875 1458 662.6990356445312 502.121826171875 -1 733.7496337890625 506.1502685546875
0.9997318926905737 0.009754122892034844 -0.018963299512060567 0.009021812209648846 -4.659929912438822 -1.0691059533195846 0.32819135959627455
501.6306457519531 1263 739.8596801757812 503.87255859375 -1 646.4666748046875 553.5613403320312
0.999763392892176 0.009091960424642293 -0.01781489087862612 0.008551266066727192 -4.641830391888661 -1.0667713786837882 0.3507688857883126
504.1375732421875 -1 731.5429077148438 505.25799560546875 47432 731.5429077148438 505.25799560546875
0.9998106075678692 0.007489714190627994 -0.016083844339120006 0.007997695129597129 -4.634589713747549 -1.0503794134523514 0.35761131698150855
493.1208801269531 -1 724.0062255859375 616.9076538085938 -1 726.7647705078125 707.3267822265625
0.9997989114961212 0.003644103986554695 -0.016258829166126768 0.011158295185783889 -4.6083811081835515 -1.07084714616837 0.40145505203772747
505.79296875 1458 666.6978149414062 539.1620483398438 -1 695.4274291992188 539.4310913085938
0.99978977122495 0.0029755125444599576 -0.015678571704255764 0.01287408514707872 -4.582138417185695 -1.0769901572534653 0.3802879071346329
508.6826477050781 1458 708.1129760742188 517.9814453125 1263 595.86279296875 423.2070617675781
0.9997900814948243 0.002415274815324884 -0.01670424610568126 0.011615832048539828 -4.562957359924057 -1.053016032315601 0.38201282671677844
512.984375 1458 714.5511474609375 519.1690063476562 -1 734.3925170898438 620.0827026367188
0.9997190684094087 -0.0007679804658489865 -0.019767949187212395 0.01305460261976146 -4.526336175126447 -1.0589320547760495 0.39681673955468416
0.5042068958282471 -1 0.5041759610176086 0.5042068958282471 -1 886.8226318359375 448.9222412109375
0.9996850597238961 -0.0013802077238278974 -0.020125274884317076 0.014928151335657171 -4.490553840507786 -1.0617421017060935 0.35616411611906273
0.5035825967788696 -1 0.5036110877990723 0.5035825967788696 -1 914.6910400390625 444.93634033203125
0.999622879426821 -0.0018956387997937731 -0.022014679758819104 0.016305194113798292 -4.43562733909707 -1.0696312924126805 0.3337527022144455
0.5038710832595825 -1 0.5038926005363464 0.5038710832595825 -1 739.6748046875 532.9825439453125
0.9996710813236 -0.0047905158311006835 -0.021098333840690656 0.013770999692215204 -4.396516742664837 -1.0530047570421384 0.3293938433707473
525.910888671875 1458 848.41015625 658.2339477539062 -1 648.5335693359375 511.1417236328125
0.9996805296745374 -0.002112609683052736 -0.02271774611700704 0.01087563705384287 -4.3639915091424015 -1.0173535774580842 0.3684123885801832
0.502880871295929 -1 0.502832293510437 0.502880871295929 -1 0.502832293510437 0.502880871295929
0.9996664886334145 -0.002426204841141966 -0.023951098907062526 0.00934718645114599 -4.329757138868169 -1.0136810529728528 0.3392220972217632
505.817138671875 -1 825.509521484375 534.525146484375 -1 738.11962890625 619.2269897460938
0.999682033382124 -0.0031937962788027097 -0.02371702029467825 0.007945737640605466 -4.293132466962118 -1.0063996420232144 0.3254693742513821
530.260986328125 -1 837.380126953125 534.0989990234375 -1 849.1959838867188 588.1395263671875
0.9996797386284706 -0.003160999480012142 -0.024353281447320057 0.006111132525797037 -4.2586726488223166 -0.9912620375290657 0.30935288482327944
0.5035600066184998 -1 0.5034652948379517 0.5035600066184998 -1 0.5034652948379517 0.5035600066184998
0.9996758766772914 -0.0035961275765980095 -0.024347309514906042 0.0065129083616417525 -4.217614142196613 -1.0012540713025477 0.3152212956038365
0.504029393196106 -1 0.5039675235748291 0.504029393196106 -1 0.5039675235748291 0.504029393196106
0.9996356670307716 -0.001272335479253992 -0.02624459723556838 0.006175392968516099 -4.164640592341119 -0.9919999674141398 0.3231025920342618
532.1940307617188 997 774.6448364257812 533.1835327148438 1441 844.1133422851562 728.5310668945312
0.9996756245992239 -0.0008397566339457852 -0.0249094032763581 0.005240421677997275 -4.105456641262961 -0.9823065708792043 0.32921645690804785
535.5372924804688 47328 842.8626098632812 566.56982421875 10068 781.5645751953125 577.1051025390625
0.9996511611183996 0.0006176274823884483 -0.02603718396447039 0.004386303925739376 -4.025524030453975 -0.9721950885503634 0.3081200215286523
560.6038208007812 1357 859.91650390625 560.6038208007812 -1 748.7070922851562 590.9342041015625
0.9996241123667154 0.001725602186032099 -0.02717647178281501 0.00317736582559319 -3.9512865365253442 -0.9625084788661907 0.35663473213879165
0.5 -1 0.5 0.5 -1 0.5 0.5
0.9996634315742954 0.0015789657157046178 -0.025754317647196042 0.002691758328709951 -3.900782657219743 -0.9581335296049779 0.3891540446552686
618.5125732421875 -1 890.776123046875 528.1626586914062 1263 890.776123046875 528.1626586914062
0.9996277240330156 0.0023911780308612913 -0.027099116652169086 0.002081703357825552 -3.83894398728449 -0.9442712160452024 0.4028239525268884
549.529052734375 -1 865.9949951171875 553.486328125 46711 838.4671630859375 561.3492431640625
0.9996347896975981 0.0017877793096379466 -0.026956908272144694 0.0006451106774085436 -3.798316743006503 -0.9288117375434706 0.4358541076034271
531.4049072265625 1263 831.81591796875 638.28466796875 -1 896.0501098632812 514.1527709960938
0.9996099452692244 0.00311487473708563 -0.027752732503636517 -0.00020177416078208033 -3.7575858594934375 -0.915598187565114 0.36261772225087613
537.0205688476562 46813 931.0413818359375 537.0205688476562 -1 878.1292724609375 584.3613891601562
0.9996035419737207 0.0031252555032600686 -0.02796898059274842 -0.0008530980213293578 -3.7234593894951598 -0.9143964741852388 0.37133391766918944
0.5032192468643188 -1 0.5031909942626953 0.5032192468643188 -1 0.5031909942626953 0.5032192468643188
0.9995907591398249 0.0043833535674201625 -0.028223695013711806 -0.0015885507686282034 -3.6891220053971425 -0.9057225181004491 0.36372306236943486
0.5029615163803101 -1 0.5029211044311523 0.5029615163803101 -1 0.5029211044311523 0.5029615163803101
0.9995347243238663 0.0048735707233682835 -0.030065272413188415 -0.0016317395435064181 -3.6524016099119656 -0.9055390853371067 0.36961866218440054
0.5029674172401428 -1 0.5029922723770142 0.5029674172401428 -1 0.5029922723770142 0.5029674172401428
0.9994677884731568 0.006530711811786554 -0.03194163983998624 -0.001105102774138037 -3.6280837648981104 -0.905277488718188 0.3376900207158051
0.503806471824646 -1 0.5037880539894104 0.503806471824646 -1 0.5037880539894104 0.503806471824646
0.9993831682373805 0.006554399698763788 -0.03450105617436787 -3.355223570975477e-06 -3.5995506419226633 -0.9133293442452567 0.34751513401233014
0.5040304064750671 -1 0.5040569305419922 0.5040304064750671 -1 0.5040569305419922 0.5040304064750671
0.9993485681918566 0.007526636786822358 -0.03529544462989004 -0.00014345711497009762 -3.565581403906024 -0.9105269347297934 0.32502641184800174
0.5027880668640137 -1 0.5028237104415894 0.5027880668640137 -1 860.641845703125 506.54449462890625
0.9992361737637216 0.010303937729556302 -0.03769349608848219 -0.0003134675909151747 -3.5012476641457115 -0.9007354662684739 0.2791388216245009
0.5037846565246582 -1 429.9883117675781 341.2429504394531 -1 429.9883117675781 341.2429504394531
0.999301134074399 0.009308864654429146 -0.036200553864409374 -0.0003292056740471931 -3.454255492515847 -0.9083956617988379 0.3421132892292928
579.3798828125 -1 838.19482421875 630.6527099609375 47326 762.4443359375 560.6998901367188
0.9992674177988596 0.009716577252505323 -0.037015878507940754 -0.00020147054560989378 -3.3896148460226314 -0.9106402129890405 0.28014186461976426
546.3720092773438 -1 789.2534790039062 593.9528198242188 -1 826.75 602.130126953125
0.9992338327873804 0.009955989277047146 -0.0378289820168188 -0.0012624619312628976 -3.324453269410266 -0.9101699683060712 0.30450186364601733
448.1154479980469 47365 964.9669799804688 554.0740356445312 47165 964.9669799804688 554.0740356445312
0.9992146997123985 0.009647465976515082 -0.03837025830371403 -0.002152569766520191 -3.2501903640971292 -0.9174062936099273 0.29851057588177676
558.3987426757812 46820 736.9693603515625 623.1722412109375 -1 729.4278564453125 669.39013671875
0.9992291015863168 0.008921905795950022 -0.03793438997834897 -0.004752283339740554 -3.1607844838948624 -0.9171830645805853 0.2829162344682596
545.4267578125 3297 1008.501953125 546.5762939453125 47164 1008.501953125 546.5762939453125
0.9991638253740848 0.010675030578801755 -0.03852728602952023 -0.008563995397403962 -3.0993960149343596 -0.9048568825693817 0.27214915669966044
574.7261352539062 -1 818.7421264648438 457.64459228515625 -1 796.2772216796875 605.1019897460938
0.999056610280756 0.009688968227664298 -0.040541681561270713 -0.012181354817660195 -3.0476986682478144 -0.9032165571361156 0.2765398821487056
0.5030832290649414 -1 0.5031217336654663 0.5030832290649414 -1 1037.1668701171875 533.62060546875
0.9989568670880675 0.009082463034319248 -0.041855894913355104 -0.015835738815272313 -3.008577618056667 -0.8821970390657737 0.25324049562634277
533.3847045898438 -1 876.2274169921875 564.3221435546875 -1 737.2107543945312 623.5140380859375
0.9987115127685765 0.00835642983346478 -0.04520650065542015 -0.02149085020262117 -2.947920413695949 -0.8518362177297045 0.19119881844738756
531.5411987304688 3297 737.0607299804688 623.218505859375 47099 811.2461547851562 406.9026184082031
0.9985166597481103 0.009452202759682497 -0.045253078750400993 -0.028762735128572418 -2.8857273820850646 -0.8105623014124959 0.2113507169418825
574.6461791992188 -1 927.6840209960938 527.597900390625 46756 893.0576782226562 550.9728393554688
0.9983602106859291 0.00855174825959152 -0.043856750983290234 -0.03578187689377804 -2.818809459998455 -0.7716751933904967 0.19197576825178658
526.379150390625 3297 859.1514282226562 687.3882446289062 3298 852.57763671875 404.91424560546875
0.9980435445449616 0.006929832035772812 -0.0443917061938851 -0.04347915640029254 -2.767317679507516 -0.7429413997995475 0.22505388831780593
0.5 -1 0.5 0.5 -1 0.5 0.5
0.9976395268748354 0.0063976812431518065 -0.046034744233906986 -0.05054944524903015 -2.727812473971052 -0.7112709609990014 0.22461487272074276
588.3485107421875 47033 892.2698974609375 679.971435546875 3298 892.2698974609375 679.971435546875
0.9974853993637609 0.005429483511788157 -0.04769082427494322 -0.052143878306950706 -2.673297622276167 -0.7051024478601631 0.2441934371146407
449.0433349609375 -1 990.673828125 517.7886352539062 3297 299.001953125 398.43365478515625
0.9974066037489969 0.0028982421036401074 -0.0494085088829109 -0.05225386340326831 -2.6081254206531743 -0.6997983877305561 0.26185319374324856
546.8123779296875 3459 769.03466796875 563.51416015625 3179 769.1823120117188 581.5020751953125
0.9974831340628012 -0.0019815110490676423 -0.05145662908237178 -0.04874101145537953 -2.5438454157962034 -0.7161988671721929 0.2481398166728618
699.8952026367188 3140 783.3672485351562 701.1168823242188 3141 342.6556701660156 715.2723388671875
0.9975151799723777 -0.005436895352057222 -0.05317745077487783 -0.045891879703179955 -2.495870782144917 -0.7304344444518076 0.280921705467505
707.4661865234375 -1 594.027099609375 486.0327453613281 -1 594.027099609375 486.0327453613281
0.9976450507962779 -0.005850504880954505 -0.05357059687891023 -0.04243012331313245 -2.448391237405649 -0.7407259909086457 0.20337327571588426
488.21136474609375 -1 642.53955078125 488.21136474609375 -1 744.6041259765625 611.1583251953125
0.997821588893712 -0.008341628122279957 -0.05440253659945173 -0.036371114767669126 -2.3866889286778434 -0.7804142686278012 0.22534225711669356
675.6135864257812 -1 594.2825317382812 675.6135864257812 -1 670.5633544921875 547.6702880859375
0.9977533730911746 -0.0076943964593184895 -0.056231798387174015 -0.0355947692569367 -2.328928920659305 -0.7804598329312424 0.2515536517973393
622.9014892578125 -1 736.66796875 622.9014892578125 -1 824.9650268554688 709.5510864257812
0.9973992962696235 -0.006952211379304323 -0.061969675093881765 -0.03613958946302741 -2.2312846008429927 -0.7734988269306653 0.1269795350901598
507.50750732421875 -1 732.6154174804688 511.66705322265625 -1 732.6154174804688 511.66705322265625
0.9970749906472482 -0.007669822059627377 -0.06534405449749606 -0.038894619129024435 -2.1489967031211967 -0.763709093979161 0.10930757521220139
560.3824462890625 3107 736.5208740234375 582.6326904296875 2091 868.1172485351562 578.2415161132812
0.9970057059878802 -0.007985873945588882 -0.06649501762570628 -0.038655668095260325 -2.0705102761458987 -0.7798534023800381 0.18485431307144357
625.1840209960938 -1 1180.5128173828125 627.0568237304688 -1 1180.5128173828125 627.0568237304688
0.9969414128239694 -0.004664015265652013 -0.06567537305100485 -0.042104770902605546 -1.9962671697870373 -0.7729078430226224 0.1568265534986994
0.5 -1 0.5 0.5 -1 0.5 0.5
0.9967755420225392 -0.004589626751300514 -0.06624604919191078 -0.04504348030980751 -1.9349085438523772 -0.7763632468261253 0.16063377046390387
623.0979614257812 -1 736.5502319335938 623.0979614257812 -1 703.130615234375 687.6973876953125
0.9965242965284663 -0.0037923884022065405 -0.06855125710727371 -0.047177000409783315 -1.900233630518267 -0.774734337423316 0.07452503871822252
570.4144897460938 -1 818.4911499023438 584.8037719726562 -1 927.0639038085938 691.9136962890625
0.9966088669836805 -0.0033718514819466644 -0.0696029716930171 -0.0437586928345618 -1.8647910493665494 -0.7928398002034034 0.08817772884001909
703.1732788085938 -1 754.7613525390625 598.91552734375 -1 781.71826171875 635.18359375
0.9968169578117206 -0.0023884645837024803 -0.07080284977343651 -0.03656780441698855 -1.8064137053291325 -0.8262821677131642 0.08499081815662222
680.0407104492188 2170 663.7098388671875 695.0280151367188 3360 750.6444702148438 523.2019653320312
0.9972443251093903 -0.0014545807310750766 -0.0677038207213826 -0.030295756992364472 -1.7625619601085252 -0.8536095029007988 0.09034584142391507
669.669921875 -1 638.0479736328125 669.669921875 -1 758.4423217773438 538.0
0.9974893710355729 -0.0009006308333316647 -0.06712084555275906 -0.022559601668511405 -1.7216905422283488 -0.8840726872381008 0.06837786227238987
521.8624267578125 2436 804.6390991210938 524.2814331054688 -1 892.8021240234375 655.308837890625
0.9975121352586465 0.0015128134989431956 -0.06667037971815483 -0.02285414350375696 -1.7122026644792643 -0.8837415367731176 0.07701221667470406
518.1959838867188 2436 808.2409057617188 520.322509765625 -1 688.6557006835938 509.219970703125
0.9976089641529156 0.0018002584187300338 -0.06669524048993614 -0.018023834424517347 -1.6774611927948004 -0.9044660116851142 0.06209345693738889
647.7567749023438 2379 826.7760620117188 485.53192138671875 -1 817.3240356445312 546.4010620117188
0.9978074721623492 0.0023707551949936905 -0.06498083173716321 -0.012333674372815486 -1.641416187739933 -0.9187922775462679 0.04606363709919549
517.3327026367188 2436 794.0152587890625 528.226318359375 2381 794.0152587890625 528.226318359375
0.997926243433808 0.0008968208731276006 -0.06408993908411617 -0.005906613801843997 -1.5838393199803773 -0.9354977161602481 0.06716633317285334
534.921875 2437 799.4669189453125 534.921875 3107 771.23388671875 675.207763671875
0.9980275510781377 -0.0018772217110127841 -0.06274686332664252 0.0005607765068418467 -1.510996973474079 -0.9506044940686167 0.024641203336862667
0.5 -1 0.5 0.5 -1 0.5 0.5
0.9978986296071495 -0.00304211115849403 -0.06471024019133466 0.0012866243632779688 -1.4603598982965627 -0.9396564205727269 0.014451106581584792
530.6911010742188 2436 828.3656616210938 544.9609985351562 3107 828.3656616210938 544.9609985351562
0.9976360034798902 -0.0035631838828171767 -0.06854606420405572 0.003338467226653509 -1.400130999773421 -0.9374444804475236 0.0021570025838237757
0.5 -1 0.5 0.5 -1 0.5 0.5
0.9974869627226494 -0.0028319371343068288 -0.07063873534422363 0.004680640915521757 -1.3246346888746403 -0.9371429173165969 0.0011512901725498294
548.4428100585938 3107 853.279296875 548.4428100585938 2437 810.0418701171875 638.0765380859375
0.9972150724660005 -0.005074854552405603 -0.07433121028408193 0.003349070856986627 -1.2259707260562447 -0.9533891505912682 0.021561512058332132
623.1176147460938 -1 816.971435546875 534.3269653320312 2560 875.4368286132812 545.9454956054688
0.9973295867519405 -0.0002909993075917545 -0.07293033100313825 0.0038441550930662905 -1.1104364812625762 -0.9443111037734773 -0.05502250562622759
663.3628540039062 -1 736.7423706054688 623.3966674804688 -1 665.1290283203125 459.9080505371094
0.9974311834210263 0.002312412758924556 -0.07154437523167598 0.002662603851967367 -1.0237532769584574 -0.9491268567492301 -0.07172725998365459
689.1311645507812 -1 839.6331176757812 690.8748779296875 -1 691.5567016601562 699.262451171875
0.9973290918732061 0.005499457759664681 -0.07281560153787951 0.0015253328793285205 -0.9273395859221845 -0.962841954335899 -0.02297585023044929
679.5372924804688 -1 746.9389038085938 491.54168701171875 -1 737.3945922851562 618.4720458984375
0.9975151376572288 0.008116278749219831 -0.06996279666168938 0.0016980127267951916 -0.8483349489273025 -0.9814696371858483 -0.03373295959740129
623.2872924804688 -1 741.0809326171875 681.3128051757812 2562 741.0809326171875 681.3128051757812
0.9974454729029746 0.009853955306338003 -0.07074900507014577 8.019829520794669e-05 -0.7511175793232892 -0.9974150562122636 -0.014926230474826415
470.9281921386719 -1 737.4677734375 470.9281921386719 -1 737.0001831054688 623.2119140625
0.9977264241070044 0.009409528482305406 -0.06666924837954172 -0.002941892740713563 -0.6640687784879006 -1.0086827598073604 -0.015165683104905793
670.783203125 2562 737.1202392578125 623.1583862304688 -1 803.9842529296875 653.9013671875
0.9979273432872421 0.008887233406868223 -0.0632080753812655 -0.0081715242540825 -0.591592905140253 -1.0096650280534352 -0.011731284981364049
623.1386108398438 -1 736.7044677734375 623.1386108398438 -1 667.4822998046875 649.1728515625
0.9979922167596709 0.010798019883482014 -0.061537218404045885 -0.01039753840130954 -0.5293018595362798 -1.0150295063003794 -0.015410405004554593
599.4256591796875 -1 813.9743041992188 455.84783935546875 2594 643.168701171875 478.1036376953125
0.9979130695212128 0.012343188788767216 -0.06211583426082261 -0.01260057551694192 -0.48471822696534195 -1.0141431831902954 0.005695923923348673
639.983154296875 -1 868.6998291015625 648.9302978515625 2870 849.0120849609375 674.4854125976562
0.9978131836365506 0.01191551302426047 -0.06305588175049343 -0.015837515181618474 -0.43227166792908256 -1.0004831341231892 -0.007286589533415155
651.448486328125 2870 813.4844970703125 699.219482421875 2946 840.5543212890625 456.4688415527344
0.9978108245043118 0.01211873724783515 -0.0635344142596623 -0.013786693375328488 -0.3780184451192613 -0.9771773835231061 0.007196515934774592
586.1707763671875 -1 968.6622924804688 648.9725952148438 -1 894.6661376953125 657.4953002929688
0.9978816102483574 0.009514486046338571 -0.06358779644199178 -0.009917591797977214 -0.3154905647224761 -0.9681363228742232 0.009472011869860929
470.1689147949219 2594 658.12353515625 496.98883056640625 2969 608.2345581054688 605.2371215820312
0.998020201407144 0.005792046233616695 -0.062486403515367814 -0.0041927508137340475 -0.253829406997153 -0.9646766956965749 -0.023108507007325908
515.0159912109375 -1 736.756591796875 623.0028076171875 -1 854.9641723632812 720.873291015625
0.998011896400423 0.0039656896111482254 -0.06287363091962407 0.001853236121590332 -0.18500868805273077 -0.9497155339529371 -0.013398015258708419
615.9175415039062 -1 736.6748657226562 623.09423828125 -1 906.3228149414062 487.2547302246094
0.998018272400242 0.0014175536866834098 -0.06224230162711041 0.009133147592239143 -0.10039874017015263 -0.9365438403747349 -0.02832849612320519
623.145263671875 -1 804.4842529296875 628.8358154296875 -1 711.5188598632812 515.9790649414062
0.9980775344341318 -0.0018772947678708325 -0.059324047180073 0.01784288229001743 -0.006979464855730682 -0.9396627014943987 -0.017132368850561096
453.8104248046875 6120 818.72119140625 694.6883544921875 -1 623.5540771484375 450.00555419921875
0.9981471084843389 -0.002118164139769867 -0.057508758619759716 0.019763751846369443 0.08530396201972236 -0.9501672691208431 0.0054081831732116
455.4118347167969 -1 649.5348510742188 448.5206604003906 3015 650.3287353515625 451.96026611328125
0.9982947006358733 0.0010422366451155187 -0.05464563892688011 0.020505086475814952 0.18751093470897973 -0.9519402808771641 -0.03307132331154434
447.88177490234375 6120 749.3484497070312 616.47265625 -1 737.0411376953125 623.0194702148438
0.9983890124340434 0.0074669548760811204 -0.05303989485054472 0.01871881380048603 0.3011224818814995 -0.9400793678466252 -0.14404969609926943
615.4266967773438 -1 714.5286254882812 442.4133605957031 6120 714.5286254882812 442.4133605957031
0.9987608279101452 0.010187145600413752 -0.04793391009022361 0.00868164501805788 0.3921114126806367 -0.9566245571542714 -0.08521553369997181
437.1409606933594 6120 745.1688842773438 437.86016845703125 -1 749.7864379882812 433.0721740722656
0.9989784544425553 0.01313248949475659 -0.043222291008035804 -0.0011911503894584026 0.4713244380709359 -0.9742642620184617 -0.161556144422502
431.027099609375 6120 737.033447265625 623.0856323242188 -1 737.033447265625 623.0856323242188
0.9991113791297781 0.013334623284852978 -0.0392338055661044 -0.007703792315802066 0.5508489293283972 -0.988271673341285 -0.14202347291906786
432.294921875 7118 922.6422729492188 533.3646240234375 2973 881.5193481445312 593.9795532226562
0.9991634818929044 0.014367956642093043 -0.03623708295509328 -0.012360100828248023 0.5997046944302915 -0.9858154015183761 -0.1336947657349622
428.06976318359375 6120 807.06396484375 437.8266906738281 -1 736.763427734375 623.07177734375
0.9990928562262463 0.015114141837843431 -0.036771295829499985 -0.01526103394945051 0.6624139526366241 -0.987001360715647 -0.12485704528027577
0.5022839903831482 -1 838.0691528320312 431.6860656738281 7118 792.6476440429688 435.9439697265625
0.9990297285022404 0.015844270279766877 -0.03739724090337776 -0.017029593091334772 0.7121970158578333 -0.97777834940759 -0.17187555026699824
604.6765747070312 -1 809.7808227539062 604.6765747070312 -1 855.0328979492188 428.6495361328125
0.998999303366239 0.012866038661337188 -0.040056413450413525 -0.015176978105792376 0.7578914506540374 -0.9734612114466851 -0.1645898585779509
451.532470703125 -1 862.6051635742188 430.2937316894531 3015 850.8421020507812 430.94049072265625
0.9988885343978856 0.009409278409381274 -0.04371916671397587 -0.014892810013379906 0.7816777356919831 -0.9584232287074144 -0.12678174533648737
458.9347839355469 -1 820.7613525390625 459.938232421875 -1 824.9868774414062 703.0501098632812
0.9988025719518113 0.0027138550001961294 -0.04787834821808304 -0.009680962007606932 0.80499846156037 -0.9408103684482553 -0.10356121817303739
451.80877685546875 7208 865.7850952148438 454.8209533691406 6120 862.1961059570312 458.5207824707031
0.9986105301351185 -0.0033575916006561325 -0.05258687579294566 -0.0005968050253472676 0.8532434774164532 -0.9164566912162692 -0.09336409640558499
640.9689331054688 -1 825.3431396484375 457.900390625 7291 871.2601318359375 467.6668395996094
0.998591895613592 -0.005679359505402057 -0.05246106464318964 0.005459632493537701 0.9011508999616659 -0.8923634076268266 -0.08286837493606047
473.5559387207031 7208 763.748291015625 565.4261474609375 -1 736.787841796875 623.243408203125
0.998646547527688 -0.005272009587001271 -0.05100151819637653 0.008724916481458619 0.9652144594345312 -0.8702119266677691 -0.07603006215134964
485.1636657714844 7118 899.9585571289062 477.84515380859375 3015 899.1966552734375 481.5293884277344
0.9987208593630277 -0.0013072264304397503 -0.04968372296367689 0.009298596921232156 1.0314561039050985 -0.8541043246103409 -0.06908665290337095
0.5 -1 0.5 0.5 -1 0.5 0.5
0.9987702538219723 0.0008327082203637496 -0.049308928206837 0.00509080312974949 1.1278622504909233 -0.8734000550215163 -0.04576770366117606
555.4550170898438 -1 798.9317626953125 609.834228515625 -1 736.8133544921875 623.3031005859375
0.9990759325043124 0.004874535200867124 -0.04240502491783641 -0.0050332751694989195 1.1926031688140402 -0.8983578778228335 -0.07689056969223071
623.2097778320312 -1 832.4956665039062 603.0498046875 -1 912.4384155273438 486.9532165527344
0.999214154693549 0.009068727872283648 -0.03674805887611395 -0.011764837596519386 1.2739746870438455 -0.9157061317396974 -0.1148840281069055
276.5 -1 439.5 276.5 -1 878.256591796875 552.3914184570312
0.9992151570629404 0.012049254611467384 -0.03066187028470726 -0.02199397803116278 1.3396502572190323 -0.9612865820984173 -0.1106159224161267
0.5 -1 896.378173828125 584.7841186523438 7295 967.770751953125 475.1704406738281
0.9991398262293005 0.017730836333186804 -0.027405084579480894 -0.025577068334749247 1.3917214723041338 -0.9875145698088028 -0.15677045352475943
603.8269653320312 -1 736.9616088867188 623.1070556640625 -1 862.0953979492188 529.0252685546875
0.9992371002110229 0.02473751667202551 -0.022857575875516813 -0.019768764651911814 1.4628222517571075 -0.9939438925337979 -0.20169392493806057
622.9423828125 -1 908.2615966796875 645.6369018554688 7498 893.6843872070312 750.49462890625
0.9992770632468266 0.0282106584198289 -0.018916437566702513 -0.017078583375165195 1.5255393502571586 -0.9972242343527131 -0.24822108812993846
577.3905029296875 -1 864.3045654296875 577.3905029296875 -1 697.6367797851562 602.1255493164062
0.9992748305133683 0.032677259822644605 -0.011587652209673045 -0.015739634977666204 1.616181007411007 -0.9928441188776702 -0.2824927069254668
623.153076171875 -1 935.9784545898438 493.5653076171875 7495 891.06396484375 590.6975708007812
0.9994443405449084 0.02991033931630951 0.0007799591212006245 -0.014689227975143956 1.707079745488996 -1.0193261617306706 -0.2738504067905746
623.3651733398438 -1 645.1767578125 719.8565673828125 4835 652.8739624023438 460.5902404785156
0.9991206854373125 0.033749597201198946 0.015969144071986442 -0.01907372689434105 1.8036072357728208 -1.0229134639918516 -0.35840924143687186
623.2974853515625 -1 854.2631225585938 664.8565673828125 -1 700.1859741210938 718.4122314453125
0.9989077778929204 0.032375162330632444 0.024240499498096195 -0.023398681868346278 1.898677364152619 -1.0417470136326965 -0.4046313332427956
623.3301391601562 -1 713.6066284179688 632.6732788085938 -1 677.7112426757812 588.5550537109375
0.9988870756437153 0.030307881670082505 0.026817561417786732 -0.024225210426787998 1.9616190043520447 -1.0527729205989371 -0.3992842506391473
164.0 -1 465.0 164.0 -1 444.5 171.0
0.9990406752346217 0.02993526310128557 0.024633082568828794 -0.020367142484041145 2.0204072986176524 -1.029015383838094 -0.3894337397821873
495.3371887207031 -1 814.684814453125 524.230224609375 -1 680.3065795898438 546.2405395507812
0.99907722809937 0.028915322099273257 0.022721761005943083 -0.02218824053329946 2.046696801642211 -1.028463215003077 -0.37836017558157825
509.59234619140625 16598 726.6849975585938 520.8748779296875 16656 801.885986328125 559.5514526367188
0.9988182214017903 0.023554211709846402 0.02165115877710476 -0.03658670564700436 2.044351146286672 -1.072849206402731 -0.3236331748767265
0.5 -1 0.5 0.5 -1 0.5 0.5
0.9989443464388829 0.010784873653150551 0.023310092169581405 -0.03808567737515559 2.0847324917537233 -1.0588625583306226 -0.29004292692902744
504.4914855957031 17703 735.9657592773438 551.4526977539062 5591 787.2210083007812 553.8547973632812
0.9992991520612419 0.0006589135178660179 0.023208117056614085 -0.029362456050976832 2.153941773747451 -0.9806768332168885 -0.27838550344774604
567.5105590820312 5519 792.6665649414062 805.3164672851562 -1 798.7256469726562 549.00048828125
0.9996351887809672 -0.005636758209041833 0.012949586843559822 -0.023022261146851065 2.212471237542791 -0.939530946933957 -0.18230858636890523
416.0916748046875 -1 760.0899658203125 550.2451171875 -1 760.0899658203125 550.2451171875
0.9999003663702966 -0.004078478966037224 -0.0006098921942617539 -0.013500050865896264 2.2694369365272697 -0.8945602466179454 -0.08404103535392451
720.0371704101562 17650 776.2297973632812 413.2123107910156 -1 961.9649658203125 415.3849792480469
0.9997016572234583 -0.0001164763179396082 -0.010258336732106969 -0.022166404882823287 2.296213069848346 -0.9500464247858252 -0.006354392041713572
556.4786376953125 -1 779.0462646484375 574.4479370117188 -1 757.9347534179688 548.4375610351562
0.9994451134554361 0.005038131714588544 -0.010162580146923795 -0.03131779659609435 2.3372881101251495 -1.0132267765515923 -0.025462220808132558
568.488037109375 17776 737.10986328125 623.119140625 -1 768.1259765625 645.9051513671875
0.9992172433433628 0.007443353883464001 -0.008546648828067573 -0.03790055252982488 2.4217636730988765 -1.0797645566515002 -0.06369495707355131
537.9829711914062 -1 799.9712524414062 537.9829711914062 -1 828.9225463867188 559.832763671875
0.999002173369296 0.011771392671271773 -0.007554440664261238 -0.0424148835227951 2.493988003198636 -1.124265222326605 -0.08589643546600034
566.1137084960938 -1 774.8812866210938 622.8034057617188 5865 821.0913696289062 546.666259765625
0.9989275669482344 0.012608433271209484 -0.006765499983189817 -0.04403375309127798 2.5519973938558183 -1.1569613624916284 -0.061159881308377885
656.5654907226562 -1 999.7355346679688 598.3101806640625 5969 841.2801513671875 613.2142333984375
0.9989074588669017 0.017253956743208475 -0.0038379063493904656 -0.043260375306118495 2.6160689896026 -1.1574177771956875 -0.1279730714822559
563.401123046875 -1 814.7481079101562 611.303955078125 -1 861.8516845703125 509.8959045410156
0.9989172298295025 0.017011962523065062 -0.0029557118537614554 -0.043199824632794315 2.6628281407591383 -1.1694719248203487 -0.11534609561111688
486.71728515625 -1 855.4352416992188 507.8502502441406 -1 864.58349609375 546.9652709960938
0.9990779033482593 0.01571702322023638 -0.0037229258414282203 -0.03978012123561369 2.6857975426306804 -1.1520015917557873 -0.1279862316126959
432.72503662109375 -1 863.7994384765625 511.8576965332031 5928 883.6116943359375 520.8298950195312
0.9992700413745242 0.012496245918994096 -0.006511333211875994 -0.035508179185826036 2.6982606625091683 -1.1173189310312992 -0.07453939775361523
501.3719787597656 6019 764.5692138671875 501.3719787597656 -1 907.8299560546875 538.201416015625
0.9992682185113795 0.006008447411783074 -0.012163185478737579 -0.03576287113478866 2.6972966089320325 -1.1064527230774608 -0.014844211849271921
531.8256225585938 -1 845.0385131835938 698.1416625976562 16383 855.967041015625 537.0866088867188
0.9994764898664835 0.0027620388476464 -0.01606965135598358 -0.0279442954979074 2.712390530890774 -1.0396522652532292 -0.014263996475290811
521.625244140625 -1 748.5626220703125 512.7215576171875 5929 650.3290405273438 516.9973754882812
0.9995643354284794 -0.0004462475960590649 -0.02028186807192776 -0.02143795769232928 2.7421646354909877 -0.9954326696276675 0.04471627478630087
589.3572998046875 -1 905.80322265625 423.6615295410156 -1 679.0093383789062 470.5491943359375
0.9995239672557327 0.0007490868798794207 -0.02140788435495616 -0.0222031582810288 2.773016170236266 -0.9938249886013386 0.042120471825710326
584.996826171875 -1 814.0955810546875 519.522705078125 6053 818.6983032226562 599.7344360351562
0.9995454624236263 0.0013094373466208673 -0.02017936149295058 -0.022359501155240397 2.8342672254789556 -1.005577565204539 0.06671101955495456
623.0400390625 -1 733.790283203125 718.204833984375 6018 937.3047485351562 518.6080322265625
0.9994856977256998 0.007069551122042407 -0.01710428142546052 -0.026187879746602617 2.885761931428739 -1.0245800774121538 0.004886815754277869
516.906005859375 17783 850.8401489257812 579.1581420898438 17626 909.4691772460938 633.9329833984375
0.999237292365376 0.011193691890056643 -0.014535687803254819 -0.03447098182919969 2.932411532090572 -1.0908998503388965 0.0006534053007272701
623.0305786132812 -1 895.8419189453125 409.3216247558594 17657 895.8419189453125 409.3216247558594
0.9990434109203855 0.014537367294391321 -0.013864908292613078 -0.03884188933030067 2.9991756125156903 -1.1460557395697633 -0.045204067746708196
494.7219543457031 18843 736.8272705078125 622.9757690429688 -1 843.4963989257812 492.9820556640625
0.9989983922418698 0.020278819372122118 -0.010071900707491364 -0.038594541054022456 3.058272239713284 -1.1670047998862987 -0.07542895330252662
0.5 -1 756.0181884765625 496.7554016113281 18605 795.688232421875 511.86871337890625
0.9987542974808354 0.025693011489161095 -0.011074566177640577 -0.041316781193091096 3.1227794128059125 -1.2055273229730439 -0.10008351316807634
462.6984558105469 6025 812.5553588867188 498.6734619140625 6027 842.2360229492188 499.1641540527344
0.9986351627223514 0.028040002998741192 -0.011128687659481638 -0.04263475480533771 3.19423820304765 -1.2347284211886294 -0.08594345411845195
0.5 -1 0.5 0.5 -1 0.5 0.5
0.9985593792402492 0.02968585118840811 -0.008776774551116941 -0.043827897497219194 3.251631920446942 -1.2573580945625071 -0.07724843499541545
622.9436645507812 -1 821.8811645507812 651.567138671875 -1 1346.85400390625 683.6184692382812
0.9983320255790866 0.03383928528666305 -0.007449845885517306 -0.04617974957411353 3.3096028868916045 -1.277944230635802 -0.07047360741214402
623.0094604492188 -1 749.6893310546875 616.5809936523438 -1 736.5864868164062 622.8384399414062
0.9983125853505876 0.033091563150294004 -0.006722135702609634 -0.04724133010925365 3.361729355013821 -1.2888845579337784 -0.09845565478817032
531.6788330078125 -1 1095.2801513671875 531.6788330078125 -1 736.748291015625 622.909423828125
0.9985174447085214 0.030484097841788096 -0.004348714430966741 -0.044885644412608366 3.4183890174293072 -1.2717141114984807 -0.09053341560241465
627.0332641601562 -1 666.8377685546875 598.150634765625 -1 736.7930297851562 622.9073486328125
0.9986213668288778 0.027450314152942842 -0.0005572106452740701 -0.04473852346720276 3.454065526627234 -1.2579835393204977 -0.1199564445481926
548.9965209960938 -1 718.5320434570312 548.9965209960938 -1 736.7098999023438 623.1292724609375
0.9984005369722337 0.0221786642595325 0.0013749012176346466 -0.051986385447154 3.4687226218398055 -1.2961314136251751 -0.11708265717231592
594.7979736328125 -1 824.0751342773438 594.7979736328125 -1 737.723876953125 619.0481567382812
0.9987140769286101 0.016714952410591274 0.004936050219649199 -0.047607124664013366 3.504913923246391 -1.249464416726498 -0.13504679475061074
623.248779296875 -1 725.9171752929688 697.199462890625 19064 694.2784423828125 594.389892578125
0.9990606286936341 0.011016320070989294 0.006238348029830843 -0.04144374380087966 3.5603681258573157 -1.1893308013580304 -0.13605711813537713
577.9227294921875 -1 736.7448120117188 623.1185302734375 -1 875.3157348632812 485.61114501953125
0.9990392384899741 0.009056930757448711 0.008255048853086871 -0.04207643201437859 3.592808542213509 -1.1815559302577405 -0.12507187325103478
573.8670043945312 -1 736.7075805664062 623.14453125 -1 771.0868530273438 590.3872680664062
0.9990096894061911 0.011816155689685916 0.01169227620085569 -0.04127117171229719 3.635372331728205 -1.1645897180972005 -0.15306128966875476
622.8700561523438 -1 692.2219848632812 680.5263671875 19089 692.2219848632812 680.5263671875
0.999005840538217 0.015205660503630918 0.015279608381996618 -0.03902117408372211 3.680114916673926 -1.1537841385004852 -0.22646312643943112
675.930908203125 -1 736.830322265625 622.8818359375 -1 692.9247436523438 675.5260009765625
0.9990362697734934 0.019934782940636688 0.016053454890627344 -0.03565701462893688 3.724877250179898 -1.140065998895556 -0.21383266961392633
613.1767578125 -1 736.7865600585938 622.8226928710938 -1 726.5659790039062 670.1914672851562
0.9991189210305036 0.021103523259041006 0.011952909042491595 -0.03425129063727961 3.782494586490409 -1.1705630067665242 -0.17410303819818035
531.6404418945312 -1 736.7066650390625 622.7926025390625 -1 735.2578125 646.36865234375
0.9991989762484044 0.02293288942197365 0.011928892452742984 -0.03054815823828034 3.8293434277696052 -1.169042314929956 -0.18101185062003258
603.0909423828125 -1 736.6722412109375 623.0618286132812 -1 745.8038330078125 646.7691040039062
0.9992878426983827 0.02478734353133099 0.01511844909505527 -0.024100363748969438 3.8927161385388427 -1.1318992250930295 -0.19855698897982113
622.483154296875 19315 736.7630615234375 622.8289794921875 -1 763.2010498046875 628.7877197265625
0.9993567508157924 0.025620514314355674 0.0152621045438351 -0.019918383721149468 3.9722435253231465 -1.1040985679583835 -0.19004727460016352
630.9612426757812 -1 846.4082641601562 634.201171875 -1 846.4082641601562 634.201171875
0.9993041116520418 0.026780495033805786 0.016969902874308503 -0.01964993428753244 4.026273812017796 -1.1073706753717174 -0.22789112634420702
616.4071655273438 -1 802.881103515625 622.0035400390625 19206 807.294677734375 618.5628662109375
0.9991951778947601 0.028848320050003356 0.019725144783575763 -0.019689834062740753 4.069686777351788 -1.105563579101708 -0.23453396599143947
611.6526489257812 -1 820.1270751953125 625.3868408203125 19269 711.5972900390625 532.6744384765625
0.9989968167486372 0.0328420456874048 0.022384612198363806 -0.02063223928431606 4.105617139242471 -1.0917160355230284 -0.3695558895679575
614.3298950195312 19315 810.0306396484375 617.1748046875 19333 860.3807983398438 618.2135620117188
0.998925033391264 0.03183808181858565 0.024436371392607095 -0.023194351974947822 4.139156185254368 -1.104423996616172 -0.2956582056545815
601.215087890625 19379 874.571533203125 617.6376342773438 19315 737.2314453125 623.33984375
0.9988560786239773 0.03162768340654566 0.026766089496370785 -0.02387048996854941 4.167956828032427 -1.0879534978314376 -0.314104957279419
606.669189453125 -1 736.9324340820312 623.5341186523438 -1 661.0753173828125 656.2198486328125
0.9987589929179581 0.03228455152329407 0.027275662945371867 -0.02634805513385123 4.193853164327019 -1.0820771819676656 -0.3146977672468706
627.4241943359375 -1 898.9561157226562 630.4559936523438 -1 772.783203125 552.1937255859375
0.9985762929491021 0.03319114701521812 0.030309266158168285 -0.028724263346457054 4.205606074729952 -1.073395272122832 -0.3275894218971547
621.6514892578125 19379 780.327880859375 565.656494140625 -1 786.8490600585938 566.58447265625
0.9983786601133909 0.03537102011667166 0.03215568043748456 -0.030902332949126983 4.216054803804843 -1.0544985794795252 -0.30308914235665185
0.5 -1 0.5 0.5 -1 0.5 0.5
0.9984400517889722 0.03312718580418494 0.03209805917224403 -0.03146056486626758 4.218725162236635 -1.0445093078164545 -0.36711337929212173
250.5608673095703 -1 789.8641357421875 250.5608673095703 -1 756.1688232421875 549.657958984375
0.9983944968555241 0.03264422965378753 0.033598853331840046 -0.03184179601877751 4.201865932150255 -1.0272623252331092 -0.41153293667396035
0.5 -1 0.5 0.5 -1 0.5 0.5
0.9984965483198524 0.03286160452034456 0.03162618439697637 -0.03040628885901263 4.213877848855864 -0.9844865693113517 -0.37821309030101163
493.1830139160156 -1 874.4384765625 619.71533203125 19121 736.7783813476562 623.1303100585938
0.9985574331185261 0.03146743044706274 0.03104117231606527 -0.0304844092290502 4.231636301527106 -0.95604704614834 -0.3250709456719157
623.0048828125 -1 878.3492431640625 630.7988891601562 19121 733.7957763671875 680.0961303710938
0.9984895221802211 0.030400466444207682 0.03379161289169932 -0.030864423442953034 4.23348452583146 -0.9182272803903923 -0.41465144606478377
656.4405517578125 -1 695.5863037109375 726.8539428710938 19292 813.8926391601562 340.5775451660156
0.9985210578858352 0.02796942215924101 0.03658091417639821 -0.02890060727129776 4.220887789078769 -0.8719436763623708 -0.449732615424819
716.5471801757812 -1 754.6168823242188 487.8503723144531 -1 754.6168823242188 487.8503723144531
0.9986234763630193 0.026588889555988655 0.0360355333364598 -0.027306111879483636 4.225061879730239 -0.8160530172770344 -0.4282576106391335
626.369140625 19349 708.8370971679688 680.6492309570312 19478 708.8370971679688 680.6492309570312
0.9987143067922415 0.023561461815095625 0.035861608514397084 -0.026991405305921503 4.2267498718193215 -0.78611509866355 -0.4147638930528518
468.36102294921875 19571 760.9630737304688 618.9798583984375 19488 786.2035522460938 643.206298828125
0.9987852683933925 0.025345247301261642 0.03358416321045949 -0.02564585855513438 4.235576902448164 -0.738328967456334 -0.4245652148494005
461.8061828613281 -1 428.1361083984375 524.73486328125 -1 428.1361083984375 524.73486328125
0.9988938516708546 0.026005894365493484 0.03141808232760461 -0.023402364309430577 4.243037914195226 -0.6746174449834567 -0.3964457404731328
737.3607788085938 19379 825.0838623046875 493.4498291015625 19540 498.3785400390625 554.50244140625
0.9989909869826582 0.024758157130327002 0.02925247323148784 -0.02341654100770623 4.249834677553143 -0.6396396552393928 -0.3925535613743133
0.5 -1 977.3552856445312 473.2807922363281 18508 977.3552856445312 473.2807922363281
0.9990102505664211 0.024513347576310577 0.02900633831663261 -0.023157016027123608 4.253121347795568 -0.5871175830760265 -0.40266494503863537
564.1903686523438 -1 884.5277709960938 495.9999084472656 -1 811.0042114257812 486.5894775390625
0.9990890555207461 0.023513214385526112 0.026677283255746413 -0.023590473628488064 4.264463664268843 -0.5571154488732024 -0.39469073786959175
497.19488525390625 19660 810.9837646484375 497.19488525390625 -1 772.6517944335938 731.8312377929688
0.9991470419802512 0.022541918813737977 0.025484513199369556 -0.023400640702770634 4.263024829829592 -0.5149678885588742 -0.40131196765567284
621.376953125 -1 835.7957763671875 633.1128540039062 -1 877.5939331054688 533.3088989257812
0.9991975582751511 0.023591547361095817 0.023943899303717976 -0.021779993485278166 4.271529470219146 -0.4632554143755597 -0.3953964880675865
549.643798828125 -1 862.188232421875 602.6495971679688 -1 1180.489013671875 622.4478759765625
0.9991962637853845 0.024643419583481582 0.024936499642720936 -0.01943448723608254 4.275081586031421 -0.40758285525340565 -0.3883086441294314
478.0 19816 597.5 478.0 -1 594.5 499.5
0.9992205325986088 0.024637166947423815 0.024701618149539247 -0.018470714630244016 4.280852391720593 -0.3687890777633674 -0.3901733066688337
623.23486328125 -1 855.4055786132812 728.3928833007812 -1 855.4055786132812 728.3928833007812
0.99922891601539 0.02337521917522881 0.02595983800800374 -0.017923708818682667 4.274715868518042 -0.33405217475463017 -0.40929849015651065
407.25152587890625 -1 851.1680908203125 507.2131042480469 19803 851.1680908203125 507.2131042480469
0.9992269846816881 0.0230815727854066 0.026245648070469946 -0.017995556091834616 4.270774789430432 -0.3060368736462721 -0.4562755598382976
595.1010131835938 -1 594.5436401367188 506.9557800292969 19816 783.451416015625 548.3114624023438
0.999257144431639 0.020794818555990274 0.027482976353290153 -0.017245893259399146 4.260805307903458 -0.27993662560800775 -0.4345489804145614
468.8097229003906 -1 697.9441528320312 468.8097229003906 -1 697.8472290039062 474.95037841796875
0.9992813946777793 0.020950966935249574 0.0261514384624972 -0.01771591097439406 4.263177735693167 -0.2464279083100367 -0.4223972948199959
0.5 -1 0.5 0.5 -1 0.5 0.5
0.9992628457353205 0.020354913909051656 0.02750032873162808 -0.017411907774756673 4.259643806737772 -0.22188156295916617 -0.4155936610811554
0.5 -1 0.5 0.5 -1 0.5 0.5
0.999192952922731 0.021658327158535096 0.029073958557576343 -0.01729348513282538 4.263977156322497 -0.19102576175787025 -0.4009707284313784
555.8374633789062 -1 736.6780395507812 623.38330078125 -1 603.8200073242188 624.9514770507812
0.9991097122599935 0.02200349126295902 0.030500530036896373 -0.01911405000156621 4.273452354210801 -0.17857796049342908 -0.3527727274326654
0.5 -1 0.5 0.5 -1 960.2047119140625 419.4454345703125
0.9989756423108486 0.021375410323031308 0.03377763872245299 -0.021209173144780418 4.268645964314702 -0.1731574269664975 -0.3757951914480102
547.05517578125 -1 746.1697387695312 547.05517578125 -1 736.6495971679688 623.4653930664062
0.9988752088637299 0.022593057460388845 0.033923286738254885 -0.024229764524358235 4.269015173114784 -0.15469307226521245 -0.42244147928825665
559.9706420898438 -1 823.536865234375 615.382568359375 19660 736.66162109375 623.3628540039062
0.9989149964532302 0.023327195810860086 0.03290870699590109 -0.023274208908202827 4.270780451734184 -0.12543589423969664 -0.39572559136027163
565.5979614257812 -1 736.7531127929688 623.1679077148438 -1 617.260986328125 660.3006591796875
0.9989270599520103 0.025164130239435523 0.03161761091844943 -0.0226234861313471 4.267637737953609 -0.09243263038670335 -0.36599799720679593
623.1067504882812 -1 737.0885009765625 721.0087280273438 -1 551.0258178710938 376.31854248046875
0.999002283058653 0.024430889955674984 0.02982650431409966 -0.02253773946014855 4.261971292207042 -0.07436718576612864 -0.37115762561488347
550.7069702148438 19901 736.8026123046875 623.0758666992188 -1 739.339599609375 626.3074951171875
0.9990704290807645 0.0258133587111145 0.027083086715654743 -0.021411554412997965 4.259296084789968 -0.02853063174458103 -0.36868218673415054
461.4128112792969 -1 519.9909057617188 461.4128112792969 -1 894.7300415039062 461.88934326171875
0.9991180286888182 0.026137856807578817 0.0262309549625624 -0.019796822781157797 4.242775856063211 0.018581421085881306 -0.41459698463480227
0.5 -1 866.0116577148438 429.73187255859375 19899 489.5021057128906 523.5706787109375
0.9990254438497783 0.030092505899109615 0.024536693988426412 -0.020989384878645607 4.236353572976371 0.05918710846297613 -0.39439907913323563
508.992431640625 19925 753.9622192382812 550.3294067382812 19783 753.9622192382812 550.3294067382812
0.9989779628009313 0.031647109209576155 0.02268057999730889 -0.022958257942710277 4.24050220399073 0.08966532008689004 -0.32452932163299186
623.3427734375 -1 736.9629516601562 623.3427734375 -1 859.042724609375 449.5830078125
0.9987859232243991 0.03428107534665888 0.02440110419772356 -0.02561393284510152 4.227330442327877 0.1237346222859006 -0.34823275192855757
484.1105651855469 -1 745.3272094726562 540.1678466796875 -1 877.279052734375 450.4763488769531
0.9987329416870551 0.036165523997553836 0.022784956963592198 -0.026559589591544884 4.229923846137135 0.16516582448872114 -0.37687765052929095
546.3272705078125 19925 749.05810546875 586.097412109375 19783 854.6621704101562 473.30792236328125
0.9988164180794982 0.03613243365246625 0.021856127678258903 -0.024135448951757385 4.224078861685068 0.22939673695078225 -0.2825320605730122
486.5517883300781 19899 769.0587158203125 490.57843017578125 19954 868.8331298828125 502.0346984863281
0.9984239491026116 0.049711415025690826 0.010619488816377625 -0.023782757026213523 4.273800252596427 0.3484825609073549 -0.09286282973240173
462.1437683105469 19968 849.3594360351562 501.91015625 19899 927.730712890625 545.4716186523438
0.9987878785289378 0.04387669120692914 0.010670400223090267 -0.019589594979853957 4.271549668184521 0.4072478684547338 -0.10510605920267767
516.9641723632812 19899 799.1656494140625 342.7315368652344 20096 736.2732543945312 490.2743835449219
0.9992747084201059 0.033399767694208236 0.008746986582125476 -0.016062467295454713 4.295366196011146 0.4279190750671893 -0.1258743635509881
623.0333251953125 20055 1283.56396484375 643.8678588867188 -1 855.6342163085938 529.5006713867188
0.9992424357721329 0.03310375375668286 0.012134902421920349 -0.016475441802949804 4.3086758727917145 0.4688205691454547 -0.0963699143815559
0.5 -1 864.3619995117188 542.0880737304688 19899 864.3619995117188 542.0880737304688
0.9995440354269682 0.011753435995634767 0.022263945952722686 -0.016670173822801573 4.2813322983622095 0.413315183712814 -0.21930680321996127
598.2536010742188 -1 770.2139892578125 621.7335815429688 20140 736.9765014648438 622.7949829101562
0.999335722988615 0.02922656443951784 0.013532269283446696 -0.01705281143757652 4.340133299030082 0.5366189680806045 -0.1552343842730905
489.9898986816406 -1 473.9544982910156 489.9898986816406 -1 475.92803955078125 496.2108459472656
0.9994862731447774 0.024136850713655324 0.012495863349653434 -0.0169839816279014 4.352864456639362 0.5479873757726488 -0.13702047820800536
565.865478515625 -1 1167.498291015625 565.865478515625 -1 1170.3883056640625 575.9273681640625
0.9992686981037111 0.031211835065632867 0.01335990252166164 -0.017589864881853837 4.356088768596077 0.6067439876140455 -0.13542821553852322
605.1173095703125 -1 1176.4019775390625 610.1585693359375 -1 1176.4019775390625 610.1585693359375
0.9994153248229042 0.026946587749737724 0.012058572611154998 -0.017247630108398606 4.363422296487286 0.6237188877834412 -0.12808057038235046
702.9886474609375 -1 767.55126953125 441.8699035644531 20225 764.1622314453125 444.9271545410156
0.9994321920744861 0.02567462734478474 0.012228707737132177 -0.01807112788328409 4.356387809551701 0.6489230098691527 -0.13607779035436796
0.5 -1 0.5 0.5 -1 0.5 0.5
0.9994981176587191 0.022801770226687758 0.010604328322434185 -0.019265001739860968 4.355050084813257 0.6576100033428747 -0.09506547779524047
357.4308166503906 -1 428.0605163574219 357.4308166503906 -1 899.0099487304688 661.0604858398438
0.9994824406939381 0.02264647004197272 0.010454683237262336 -0.02031471726446452 4.345818610001851 0.677281669810801 -0.1350294087680727
397.9953918457031 -1 783.7781982421875 434.33441162109375 20382 783.7781982421875 434.33441162109375
0.9995123944755311 0.021373405324187543 0.010788786637881452 -0.020043775031682035 4.33185560721773 0.7026801289770935 -0.14159627768294122
480.8848876953125 -1 744.82080078125 396.0136413574219 20299 744.82080078125 396.0136413574219
0.9995093093807775 0.02066009331698306 0.011685272837709782 -0.020439065634295567 4.320395249731656 0.7245418275072774 -0.15937344686929966
602.5065307617188 -1 768.36767578125 470.53277587890625 20379 574.8861083984375 525.0355834960938
0.9994472862357713 0.02155506756144101 0.013093052770358823 -0.02165809473445656 4.314318488442343 0.7384059353160938 -0.15927153924015022
476.9867858886719 20379 759.5433959960938 492.5863037109375 20304 775.5781860351562 495.86358642578125
0.9994422967382407 0.021958308014611596 0.01382313416945862 -0.02102020840665032 4.314235891635163 0.7724779610671858 -0.15898255433797828
0.5 -1 0.5 0.5 -1 0.5 0.5
0.9994668476827818 0.02039704601005965 0.01568768204779233 -0.020096704433164147 4.3174117130497764 0.8081410470663285 -0.1713309718691196
514.5161743164062 20442 769.5260620117188 535.4404296875 20420 410.11724853515625 618.5675048828125
0.999452568237108 0.01939757499122463 0.017837175340242515 -0.020003327337976752 4.324054921982518 0.8378457316796841 -0.16564649733828885
0.5 -1 0.5 0.5 -1 0.5 0.5
0.9994132497491385 0.018529996218777288 0.020708690004474336 -0.02002362665195262 4.3306666064328265 0.8955067285464635 -0.2718008548412203
466.0977478027344 20443 810.0027465820312 515.001220703125 -1 810.0027465820312 515.001220703125
0.999438087046758 0.01766244501387075 0.02120186562228297 -0.01902706205865136 4.330646917528796 0.9333469949991595 -0.23024060317663936
432.2651062011719 20535 782.2982788085938 443.138916015625 -1 810.7218017578125 460.2861022949219
0.9994572188028862 0.017780895141717615 0.021082845435707737 -0.01801724671232848 4.328778565509419 0.9861318540603228 -0.2783684362154383
474.5346374511719 20531 790.9396362304688 494.0877990722656 -1 790.9396362304688 494.0877990722656
0.9995471068595362 0.016066567104793487 0.0191950085854582 -0.016703240272545276 4.332236295840159 1.039570279666977 -0.25430235460930034
545.525634765625 -1 818.44140625 577.061279296875 20578 809.7850341796875 490.6643371582031
0.9996087566458023 0.013923220065826851 0.018456003076946746 -0.01574336464849407 4.32873045158429 1.0833576102199818 -0.3356653548028807
561.156982421875 -1 1062.202392578125 569.095703125 -1 1062.202392578125 569.095703125
0.9996818204816802 0.013309400637794812 0.016250660151755022 -0.013965446563880256 4.324914256368233 1.1208042799717557 -0.25980302298428554
545.903076171875 -1 780.4802856445312 549.5503540039062 -1 780.4802856445312 549.5503540039062
0.9997081755850403 0.014271351655594896 0.015253480913713926 -0.012133569564122534 4.314641241195089 1.160099916990505 -0.2419178536933765
540.060791015625 -1 774.9157104492188 591.4318237304688 -1 770.42529296875 613.482177734375
0.999744693927544 0.015056229360229956 0.014292235271208119 -0.008921262922141493 4.304253986256611 1.2253725916441884 -0.22507841014899693
533.1324462890625 -1 807.4585571289062 616.9859008789062 20578 807.9159545898438 505.44610595703125
0.9997498320223456 0.013293718522503746 0.016137967191356326 -0.00794458520420867 4.2919695874918125 1.2783931658799517 -0.2574045430610805
530.0247192382812 -1 800.5350341796875 532.833251953125 -1 799.7625122070312 547.8978881835938
0.9997123364387672 0.011638385083160648 0.01826508119305482 -0.010304327916380236 4.299376957203804 1.2964692105206788 -0.30264722317327525
533.6327514648438 20535 777.0786743164062 540.3685302734375 20722 781.5651245117188 559.9224243164062
0.9996539114418027 0.009699054687972726 0.022334751583222515 -0.00995713558109299 4.300711503216493 1.337399966734365 -0.3147844061194774
547.8269653320312 20535 780.5816650390625 550.6034545898438 -1 778.0260620117188 595.0113525390625
0.9995371730989392 0.008959091522205915 0.02534092040782887 -0.014248228850007608 4.31698621722643 1.3490959734726315 -0.36576956450243125
609.780517578125 -1 791.3914184570312 574.87548828125 -1 784.3656005859375 611.489013671875
0.9994892856416617 0.006412388477408848 0.029314341945096575 -0.010987197907635231 4.306545107648377 1.4315996020777637 -0.401106830094415
640.3466796875 -1 799.9185180664062 640.3466796875 -1 800.9930419921875 541.8058471679688
0.9994263423698673 0.0022887357978553175 0.030270651045326436 -0.015014511344985488 4.32228180868773 1.4398923329248774 -0.4494002641712221
654.2525634765625 -1 804.6685791015625 617.1402587890625 -1 804.6685791015625 617.1402587890625
0.9994227352358287 -0.0002608579838299181 0.03002415444448541 -0.015895860994000137 4.326356869530929 1.4762791059686415 -0.4650882857304439
599.5513916015625 -1 827.2315673828125 656.6763916015625 20531 788.1490478515625 627.39208984375
0.9994247224595266 0.0004562365932841535 0.03029448515475485 -0.015240083794967248 4.317674340805269 1.5282846883116343 -0.4706625096980595
642.54345703125 -1 941.124755859375 566.6115112304688 -1 1161.877197265625 582.2444458007812
0.9994599531393568 -0.0019132617749949004 0.02904481579182503 -0.015249268037332325 4.316115967974394 1.5539562694974063 -0.5104802676930243
529.112060546875 -1 636.293212890625 535.4046630859375 -1 692.2206420898438 601.811279296875
0.9995153285935812 -0.0020695325879411188 0.027958293588239033 -0.013533615960522391 4.309519723484716 1.6059562930694218 -0.500920014916003
554.3048095703125 -1 796.6041259765625 712.3099975585938 -1 1228.829345703125 481.548583984375
0.9995253519514328 -0.002111577909614772 0.02790366312487997 -0.012884006725753452 4.301473280659591 1.644248329902022 -0.49017166941203766
195.0 -1 376.5 197.0 -1 291.0 205.0
0.9995334605509878 -0.004368719108232615 0.027103016108854773 -0.013386636998277003 4.301828972507837 1.6684465955756564 -0.49102155262242103
360.79095458984375 21003 744.4865112304688 389.21392822265625 21008 744.4865112304688 389.21392822265625
0.9995676191966488 -0.004228425681881852 0.026382784161546696 -0.012273702362420678 4.298222864175031 1.7296092093107203 -0.4318908206267222
623.0467529296875 -1 1146.8829345703125 741.2191162109375 -1 1146.8829345703125 741.2191162109375
0.9995551949118783 -0.00869861695360002 0.026729605275583927 -0.009963663461955674 4.286855241934102 1.7772594442651675 -0.4725012099619934
0.5025566220283508 -1 746.1542358398438 470.357666015625 -1 1136.670166015625 803.8580932617188
0.9995484942467306 -0.009463653844588197 0.026863067133800978 -0.009571965794354528 4.2814899314727874 1.8172214332459542 -0.47494698529049134
407.8604736328125 21124 858.48388671875 465.95159912109375 -1 736.6598510742188 622.9798583984375
0.9995678580182864 -0.008734412214695036 0.02676426311694402 -0.008454672069689641 4.274801453383342 1.8662258183391087 -0.45929487089478227
616.4682006835938 -1 917.418701171875 616.4682006835938 -1 754.9981689453125 420.3958740234375
0.9995902479546029 -0.01095069418437228 0.025261850748889623 -0.007826709888370077 4.276814628834209 1.9035831594051922 -0.4595146485672931
0.5 -1 0.5 0.5 -1 740.9244384765625 430.75311279296875
0.9995700850687876 -0.013698810031155056 0.024720975915077464 -0.007801345339969933 4.273448006283673 1.9366316856623778 -0.4847102435550845
513.0238037109375 21138 736.5359497070312 623.2171020507812 -1 733.878173828125 439.763427734375
0.9995193941296119 -0.015648627616539047 0.02534096681948573 -0.008598640191693919 4.271453155591849 1.9680430488934795 -0.5035663951577058
622.8834838867188 -1 771.4000854492188 377.25494384765625 21180 738.4188842773438 458.8726806640625
0.9994706163981784 -0.015483414753401679 0.027243070323033865 -0.008750196774578814 4.2684938044932 2.0247314663924794 -0.5517616625519692
544.0015869140625 21138 749.37744140625 475.70648193359375 -1 849.5042114257812 720.53955078125
0.9994090827160342 -0.016896578367910076 0.027827461472959242 -0.011028300509293753 4.274919731171254 2.0355565582579143 -0.5673806059272388
0.5 -1 0.5 0.5 -1 699.5177001953125 397.5927429199219
0.9993537158231657 -0.019802137747124877 0.028150300623971412 -0.010372395376939536 4.2659639175202875 2.075939741377455 -0.5732206410450492
427.7337341308594 21392 719.3873901367188 514.5247802734375 -1 719.3873901367188 514.5247802734375
0.9992803468950161 -0.023231739199543258 0.027750703064148997 -0.011356631656705104 4.258534431043171 2.0947601896886594 -0.574501384022669
403.0348205566406 -1 740.4556884765625 403.0348205566406 -1 749.55615234375 624.5183715820312
0.9992153271340982 -0.02652321602008369 0.026428908852560943 -0.01291362881269748 4.255525593592545 2.0952940182024657 -0.5788211343740295
540.0362548828125 21371 860.3496704101562 596.00732421875 -1 858.608154296875 445.18438720703125
0.9992484505136355 -0.02778887175120808 0.02421349512188712 -0.01200080859258718 4.24983515228761 2.1131358751876426 -0.5348546315622035
354.88885498046875 -1 770.90087890625 359.75469970703125 -1 770.90087890625 359.75469970703125
0.999269797978271 -0.027316051024597478 0.024093979212753826 -0.011540553304872546 4.244708253536118 2.1185659535555788 -0.5344874432802981
342.76971435546875 -1 723.9727172851562 345.9561462402344 -1 758.8074340820312 355.3705749511719
0.9992612042307817 -0.027099645620537873 0.024949114612286768 -0.010963421297771905 4.243793313326039 2.109523655531575 -0.5503224855743888
447.08465576171875 -1 723.164306640625 471.1749572753906 -1 788.0214233398438 533.8291015625
0.9992078718528092 -0.028715883434547493 0.02536921620118346 -0.010743823122665605 4.247304388279297 2.076616490386172 -0.5302281868304662
615.376953125 -1 813.1279907226562 440.140625 -1 695.9424438476562 514.8338012695312
0.9992301480305643 -0.0280104063135748 0.025524818875634032 -0.01014948404260276 4.2461339512448335 2.0605726541608096 -0.5129608219115678
516.2250366210938 -1 714.516357421875 536.1190795898438 -1 702.6714477539062 539.8910522460938
0.9991350766990726 -0.030876335185045685 0.025004817456071575 -0.012268232923588515 4.256346880450896 1.994805364489329 -0.49383523801987295
426.6639709472656 21180 711.83056640625 546.5084228515625 21004 744.847412109375 611.51416015625
0.999133507934559 -0.029059047218536825 0.026403423460985977 -0.01380812538592205 4.257688948944358 1.9506524677563135 -0.4884797161076435
509.86468505859375 -1 753.8561401367188 423.5579833984375 21392 878.3232421875 591.509033203125
0.999240140673801 -0.02587734510615487 0.025041745658776596 -0.014913592820658857 4.2762546234198275 1.9041367566260736 -0.3926687280147171
622.80712890625 -1 733.2223510742188 478.64190673828125 21003 746.2549438476562 480.2997741699219
0.9991946742367068 -0.026609639559178316 0.02594340263034709 -0.015128447358930729 4.267070149965523 1.8426984638595432 -0.41321904343930277
622.6397705078125 -1 731.86376953125 462.896240234375 21003 745.1074829101562 465.08441162109375
0.9993518491581292 -0.023776275722263887 0.02215334012172261 -0.015485471205550917 4.269504470533054 1.7836307810435406 -0.3214597412135896
443.32110595703125 21003 736.6685791015625 622.702392578125 -1 905.0619506835938 587.5742797851562
0.9995554554693159 -0.01775826395104114 0.01958584766558828 -0.01378151204309459 4.254839032338972 1.738756550429255 -0.3381151227337908
622.7991333007812 -1 736.87890625 622.7991333007812 -1 690.2799682617188 457.39947509765625
0.9995915665916584 -0.016012759268328527 0.019594531935721856 -0.01327952776528501 4.241343220303317 1.6701964628958097 -0.30783082601382483
623.1122436523438 -1 736.8279418945312 623.1122436523438 -1 867.029052734375 678.159423828125
0.9995728576720918 -0.013440115080753238 0.02241832403874674 -0.013072270619828718 4.227035492093163 1.6122994799635892 -0.30537942147745734
0.5 -1 908.985107421875 588.1448364257812 -1 764.9692993164062 636.1689453125
0.9995598295741579 -0.01227234788640712 0.02281398960999448 -0.014458853934901044 4.234244271399832 1.536268751195617 -0.258025678422781
623.0639038085938 -1 736.7802124023438 623.0639038085938 -1 732.518310546875 689.169677734375
0.9995148650332923 -0.010415138050305316 0.02497035753527715 -0.01542856835332111 4.230598875479548 1.467079571245711 -0.2737956476332044
622.8819580078125 -1 736.5074462890625 622.8819580078125 -1 768.4152221679688 645.7407836914062
0.9995487304132123 -0.0065021034510213925 0.025423822483007084 -0.014618051525433145 4.230770268123624 1.424194946332921 -0.20161845992148789
623.1113891601562 -1 736.9909057617188 623.1113891601562 -1 869.8937377929688 596.2348022460938
0.9996385713425274 -0.005292990674000031 0.02353552591010559 -0.011865494264063052 4.235839259417711 1.3772648919463055 -0.33244933251015946
623.12451171875 -1 736.4931030273438 623.12451171875 -1 773.1364135742188 666.3513793945312
0.9996412687421863 -0.002058748943289795 0.024205181920329576 -0.011278499390627781 4.2398004890334136 1.318970102909499 -0.30330231018060166
623.2991333007812 21506 765.1395263671875 555.7880249023438 -1 790.0913696289062 593.038330078125
0.9995750109098943 0.0021814919797872425 0.027350126218111084 -0.00984932754458273 4.233567117075261 1.2803365014003185 -0.27934436856385175
623.0177612304688 -1 736.5885009765625 623.0177612304688 -1 820.1685180664062 644.28369140625
0.9995179647066591 0.003104360895540727 0.028859717369141225 -0.011014439861445692 4.234754771721377 1.2182911717874136 -0.12436510192295765
554.6233520507812 21457 817.4486083984375 610.40771484375 -1 749.5173950195312 621.060791015625
0.9994544819456695 0.005184712168057552 0.029766074056270297 -0.013335595739389297 4.233519859733451 1.1577218040821358 -0.18402292166478518
556.9620361328125 -1 778.7252197265625 556.9620361328125 -1 736.8692016601562 623.1245727539062
0.9994447593761145 0.00451356164878883 0.0287431440986108 -0.016236760273828966 4.229742883065209 1.0852467840832205 -0.07368016822507253
615.5623779296875 -1 736.7601318359375 623.0099487304688 -1 736.7601318359375 623.0099487304688
0.9993927337125471 0.006038847252371331 0.027652034756857215 -0.020323904650190974 4.225283579853585 1.0134902927883835 -0.07515504691008333
534.397705078125 21549 866.1661376953125 475.7273864746094 21927 764.2720947265625 506.7102355957031
0.9993745009597045 0.007269731663825181 0.027624468404513252 -0.020848179259728407 4.2201406449131635 0.9733963198658689 -0.050685159459194856
524.1638793945312 -1 781.6075439453125 500.3180236816406 21457 731.2854614257812 507.80279541015625
0.9991615332815428 -0.011976408667454216 0.03164199365027333 -0.02305602489031749 4.2076989433831935 0.8183136608288041 0.007058532484890589
484.0715637207031 -1 736.978759765625 487.38201904296875 -1 815.4785766601562 543.4647827148438
0.9992327547871251 0.006404344388742016 0.03255484526098668 -0.020810290327550423 4.2277345609924915 0.8952103485637107 -0.05761305410082686
566.6122436523438 -1 781.0928344726562 566.6122436523438 -1 737.1349487304688 622.8973999023438
0.9992613307830446 0.007919194976742523 0.03173623852198552 -0.020171522428783062 4.249616699563559 0.8746183029273209 0.025097166725949853
556.1041259765625 -1 787.3779907226562 520.6909790039062 -1 736.8323974609375 623.391845703125
0.9993030350445281 0.010070190556648428 0.029876154547219827 -0.0199862653444353 4.2677091136657035 0.8400074672572508 -0.14997882458464443
623.1270751953125 -1 421.7450866699219 808.722412109375 -1 799.443115234375 455.13153076171875
0.9990988383807365 0.019402582372506604 0.03261530802331147 -0.019007699126550814 4.25730555427693 0.8496617239180793 0.038505524138029656
623.2752075195312 -1 461.8592224121094 641.6395263671875 -1 460.0273132324219 651.052001953125
0.999308288062858 0.005140303321105802 0.031292455542486955 -0.019424338258187426 4.264569519386931 0.7302229131307285 -0.00978150871705377
676.5357666015625 20227 760.0718994140625 440.8897705078125 20299 769.229248046875 443.21051025390625
0.9987831432362674 0.02681066093877364 0.037105786401778 -0.018346167518409395 4.234676760112115 0.8216098893520867 0.06388043671717925
509.3480224609375 -1 789.9893798828125 637.6118774414062 21670 759.9628295898438 431.7870178222656
0.9990750466404897 0.008163222006075395 0.037238655689153626 -0.01989209665288048 4.23402846074732 0.6638663742288178 -0.21476742688611916
623.031494140625 -1 732.5674438476562 661.3348388671875 21602 732.5674438476562 661.3348388671875
0.9989542073860642 0.007471876217654173 0.04045948690738864 -0.01994222983166633 4.207547964221247 0.5801021135889765 -0.13716289411824342
600.1595458984375 21670 736.8140869140625 622.8612060546875 -1 766.25244140625 464.397705078125
0.9987432671250629 0.008044278526835215 0.04387251623309031 -0.022855596135638853 4.183337327206065 0.4948084242273828 -0.24257283751470177
0.5 -1 823.2100219726562 440.8345947265625 20096 823.2100219726562 440.8345947265625
0.9986743301706232 0.007034057227285315 0.04471483094772909 -0.02450894103172065 4.17617006716308 0.44525729307757234 -0.1691838528162152
504.3714294433594 -1 870.7169799804688 590.2928466796875 19899 727.6669921875 613.43505859375
0.9985981955987501 0.006075263601019455 0.04629915243659675 -0.024922347456676996 4.163308816581791 0.4135714753533612 -0.1594276338027497
583.8668823242188 19899 663.1491088867188 507.54010009765625 -1 807.2391357421875 548.190673828125
0.99861641719355 0.005262689032622393 0.0470274234963232 -0.02293418529098718 4.161975903902981 0.3841889615281262 -0.09274424072043586
573.0255126953125 19899 945.0377197265625 614.1614990234375 46553 736.8661499023438 622.7681884765625
0.9987213771926154 0.004092315651852739 0.047203000046646675 -0.01762783247276097 4.163285890325744 0.36974819090997635 -0.1495610651491854
273.0 -1 388.0 277.0 -1 0.5 0.5
0.9988324542623691 0.0027184428127741407 0.04555907691527831 -0.015833789550005528 4.175266388481419 0.3368166987634725 -0.08524987038485911
566.8540649414062 -1 944.372802734375 590.6357421875 -1 944.372802734375 590.6357421875
0.9988871603156159 0.0015118399523971961 0.04478221308981556 -0.014721028746045436 4.180379857580048 0.29498203679820056 -0.179885305635632
591.6884765625 46591 946.4097900390625 594.0256958007812 47238 946.4097900390625 594.0256958007812
0.9988163919884863 -0.0011182868324516526 0.046822075254845184 -0.013124701843956508 4.1602336223855065 0.24681154731495308 -0.25721176396416456
566.6549072265625 46553 737.1478881835938 622.9987182617188 -1 966.5783081054688 532.4240112304688
0.9988360393546745 -0.002831963952912226 0.04640211996928344 -0.012860393803957254 4.1476308383727885 0.1948691036068798 -0.24147242022478754
586.0261840820312 -1 965.702880859375 586.0261840820312 -1 853.4949340820312 521.6806030273438
0.9988557137468015 -0.004815572280664869 0.04554153618623218 -0.013785567118393478 4.137594254097501 0.13079215343409506 -0.1864349087268548
518.4130249023438 -1 933.0245971679688 542.6409912109375 -1 933.0245971679688 542.6409912109375
0.9988976954970359 -0.00604717322639011 0.0445420172615167 -0.01352162434606368 4.135836191681299 0.08089392232409073 -0.20082852598557446
702.4066772460938 -1 755.2648315429688 506.8382873535156 -1 755.2648315429688 506.8382873535156
0.9988909978800506 -0.007405192230133446 0.04429004916980961 -0.014153763696178573 4.132620113814047 0.020341714010928744 -0.24433185604345597
517.269287109375 46600 226.4112548828125 598.4983520507812 -1 226.4112548828125 598.4983520507812
0.9990248076756694 -0.002216579196707141 0.041375011420251614 -0.015252175426170224 4.140341321625022 -0.007258981407167251 -0.27584418868714017
0.5 -1 928.9891967773438 503.8105773925781 46600 926.6994018554688 522.5934448242188
0.998904331932328 -0.00022606055807981377 0.0434329403767149 -0.017425964354559186 4.116158658560903 -0.06167410835188064 -0.23541511558014042
623.0276489257812 -1 775.0750732421875 480.8074645996094 47239 840.8262329101562 460.4452819824219
0.9989379748408526 -0.0030508118946498044 0.041710469104456915 -0.019335245918422273 4.1103537464019855 -0.13252528713880501 -0.25205890427830335
479.8829040527344 46600 949.5270385742188 509.5921630859375 46598 736.88671875 623.1647338867188
0.9990092674736183 -0.0002805285901933916 0.04077423324767367 -0.01782881680312068 4.095890703737353 -0.13768753040179912 -0.31703100724523003
598.3797607421875 -1 736.684326171875 622.875 -1 1073.2744140625 651.662841796875
0.9990130453539217 -0.004542193127584634 0.040734188566926434 -0.01711810667302551 4.082746935754073 -0.18512071103307862 -0.3034194934904588
564.269775390625 -1 736.6593627929688 623.18896484375 -1 941.7001342773438 492.4856872558594
0.9990479105347562 -0.0015541813230270324 0.04097058196712649 -0.014908668278158147 4.083997597228439 -0.1870186079901855 -0.30064716210513165
622.9004516601562 -1 914.6146240234375 452.8409118652344 46600 718.037841796875 503.2028503417969
0.9990845814893486 -0.0020634992873498504 0.04085513530388919 -0.01251394902678525 4.080972029256821 -0.2141918916704142 -0.3707118673609783
623.1190185546875 -1 914.5792846679688 440.27044677734375 -1 714.2495727539062 697.5073852539062
0.9991153327989686 -0.0010975190110962807 0.040508745474328145 -0.011242275486865858 4.0613969926163085 -0.25163703515999847 -0.39504005807660003
623.0162963867188 -1 706.8777465820312 682.5228881835938 45751 1234.6944580078125 636.1622314453125
0.999295525365878 0.003990965856874633 0.035800369941909736 -0.010528945212401804 4.0545239245380476 -0.2808191881540852 -0.3642518586734974
623.3388061523438 -1 930.18896484375 438.2356872558594 46598 900.4383544921875 408.8860168457031
0.9993676640742739 0.005507852419507733 0.03365300276349125 -0.010070301358686794 4.0510474193281025 -0.30890354341514015 -0.4504458503719926
623.133544921875 -1 698.078125 449.05841064453125 18598 698.078125 449.05841064453125
0.9992120137517135 0.003980977306724679 0.03788937543136367 -0.01113097584896032 4.027223079889381 -0.35513053220059154 -0.3788626989276306
623.380615234375 -1 895.824462890625 390.6274108886719 46600 895.824462890625 390.6274108886719
0.9992224641907291 0.003341468249301556 0.03737302331645973 -0.012106146155294588 4.023804668826372 -0.3981314533637016 -0.3554487790925722
615.6790161132812 -1 810.6142578125 615.6790161132812 -1 736.54638671875 623.219970703125
0.9991739193482712 0.0029785242534793085 0.03877521559243615 -0.01179363994898126 4.00876599860353 -0.427176288508147 -0.4010533153095989
623.1780395507812 -1 693.1954956054688 425.0481262207031 -1 693.1954956054688 425.0481262207031
0.9991644339807321 0.0033949228700919172 0.03965582643299053 -0.009291060035650759 4.005517377765072 -0.4407624682421693 -0.4260936163430128
0.5 -1 0.5 0.5 -1 0.5 0.5
0.999249055817487 0.005128780526730061 0.038270321394075275 -0.003225299763348445 4.020652240910876 -0.41737505601329256 -0.4475166615285708
814.009765625 -1 696.8028564453125 583.6925048828125 -1 736.9773559570312 623.0975952148438
0.9992061411077635 0.0014239367361495144 0.039595944273897184 -0.004149840209243386 4.011089580459885 -0.47152353540369996 -0.38580628970489317
768.7847290039062 -1 854.8439331054688 549.5498046875 19687 737.0743408203125 622.9942626953125
0.999120567516776 0.0017708190782207026 0.04170480722579376 -0.003957880620612792 4.010016802401242 -0.4991279506447745 -0.37653913777626374
744.0530395507812 -1 736.9493408203125 622.8475952148438 -1 369.3117980957031 675.3450927734375
0.9991040924691682 0.007534271288469509 0.0413458580346674 -0.004976664634954084 4.029955631128639 -0.527006465982641 -0.418543590998919
693.090576171875 -1 390.95025634765625 597.5194091796875 18537 390.95025634765625 597.5194091796875
0.9991735508479987 0.010593292728437429 0.03821452381130265 -0.008924550680377742 4.0375643825297205 -0.5872225900427117 -0.3675127573353763
648.2781982421875 -1 728.1719360351562 637.4801635742188 -1 931.9585571289062 481.2223815917969
0.9993484551430075 0.012008415089146221 0.03289608756110258 -0.008735593483173845 4.04246185254829 -0.6180331773369594 -0.3187085612282593
623.1420288085938 -1 855.589599609375 716.403564453125 18984 855.589599609375 716.403564453125
0.9994242965994891 0.010993038279666223 0.031818407201152775 -0.0042210708570296135 4.039196822422419 -0.6171778566952163 -0.32418887436419896
550.6464233398438 -1 723.0036010742188 552.0255126953125 -1 725.1035766601562 557.5786743164062
0.9994871459623103 0.01207599471350406 0.028771241780217165 -0.007199378738427396 4.049054462138292 -0.6713591922596241 -0.292121107804131
689.232177734375 -1 734.3040161132812 511.0727844238281 -1 697.3355102539062 618.606201171875
0.999509968732856 0.011151367310163439 0.028054271328787864 -0.008272077790357246 4.062333776187968 -0.706688005408021 -0.28552685964273494
468.76507568359375 -1 753.4112548828125 468.76507568359375 -1 826.5703735351562 724.222412109375
0.9994187371548144 0.008604212703418103 0.031608840704075304 -0.009435917389142994 4.071873582838924 -0.746876974770793 -0.26109721997376184
428.7852783203125 -1 781.54052734375 428.7852783203125 -1 778.9701538085938 433.0167236328125
0.9991452120062422 0.006586003406906981 0.03765920815591527 -0.015724310006963105 4.080802695477432 -0.8368960193136536 -0.3157802816679494
588.476806640625 -1 737.884521484375 609.9140014648438 -1 645.4716186523438 740.9024658203125
0.9987260162741763 0.005815903127121881 0.04522318453329059 -0.021619048744056204 4.0617777006957345 -0.9099680784101212 -0.38537427629156734
608.8396606445312 -1 763.4741821289062 621.9176025390625 -1 882.748779296875 706.8709106445312
0.9984149461520482 0.004961550221842675 0.049859091326281225 -0.025632973524669016 4.048167624923449 -0.9604442162327894 -0.4368508373373705
671.7205200195312 -1 1128.703857421875 562.5648193359375 -1 1128.703857421875 562.5648193359375
0.9984199735962614 0.005833051492522409 0.05180976073076151 -0.02095902019054389 4.066104845409125 -0.9272007258222481 -0.40369685783505
574.9750366210938 -1 1202.4017333984375 574.9750366210938 -1 743.404296875 593.0457763671875
0.9985134311294982 0.003125195311919939 0.05152765150085595 -0.017494631721349962 4.089101856872635 -0.9164861885833924 -0.3920446747460486
0.5038972496986389 -1 405.5122375488281 581.5303955078125 -1 405.5122375488281 581.5303955078125
0.9986270382355714 0.0014074390164906382 0.050942862201593 -0.012119505393164713 4.113066047641019 -0.8767674301228894 -0.3719397406947433
664.6871337890625 -1 721.760986328125 685.6659545898438 -1 721.760986328125 685.6659545898438
0.9986309784984345 -4.227577725531888e-05 0.051627072498316016 -0.00841500928530581 4.1181861024492745 -0.8513051586735904 -0.3876784879336799
663.9966430664062 -1 694.468505859375 675.51904296875 -1 721.33984375 688.9892578125
0.998579016987796 0.0013973442383116744 0.05312534907568483 -0.003961255653624727 4.108768120811833 -0.8183995934604174 -0.40256123535489485
682.6852416992188 18102 873.6591186523438 693.368408203125 18236 719.633056640625 696.1019287109375
0.9984896263742309 0.0014032668192210855 0.05490550255321154 -0.0013720986342474527 4.084207254055332 -0.8173017240577173 -0.40094323590382386
638.9432983398438 -1 927.07177734375 711.1134643554688 17964 872.065673828125 722.9749145507812
0.9984810623958383 0.0029264603244148783 0.05493784985822306 -0.0029726284334013445 4.051722547735285 -0.8420557605707018 -0.40155992726069917
674.8245239257812 -1 736.6085815429688 623.0797119140625 -1 739.5299682617188 631.9609375
0.9984460339901658 0.0033988535485475076 0.0553035796129414 -0.005956432309627089 4.011792716146666 -0.8751091187113654 -0.4331377909791557
622.98193359375 -1 736.73291015625 622.98193359375 -1 872.582763671875 683.5885009765625
0.9984605459389203 0.005766885450752807 0.054838384920020154 -0.006002730621554277 3.98003352735154 -0.8677989943440877 -0.4085691328847453
588.3451538085938 -1 736.5425415039062 622.949951171875 -1 821.0393676757812 683.7684326171875
0.9984786937859812 0.006856380189269404 0.05437034861284783 -0.006095350511533825 3.9350579875886535 -0.8716913383170121 -0.4146708168220893
580.3414306640625 -1 736.7307739257812 623.1533203125 -1 736.7307739257812 623.1533203125
0.9985108623235538 0.006199978793433368 0.05397981876507516 -0.004878242606069713 3.892449321125629 -0.8685188377954238 -0.4568412114527899
572.708740234375 -1 737.0075073242188 623.0707397460938 -1 737.0075073242188 623.0707397460938
0.9985433382602448 0.006315514292958253 0.053442264673829044 -0.0039038752329277043 3.8653521038015417 -0.8529673320995936 -0.46999204516784426
554.6458740234375 -1 895.8226318359375 604.9388427734375 17506 736.870361328125 623.1433715820312
0.9984748616612391 0.005570258738441132 0.05483493398760127 -0.0031706249749354487 3.8376823036926044 -0.8456420839013195 -0.49409521998799166
484.3069763183594 -1 704.7529296875 599.0702514648438 -1 638.4862670898438 675.562255859375
0.9983781137540828 0.004145362106890908 0.05674800044663888 -0.0019032590865789014 3.8061898787454127 -0.8376000585677422 -0.5222334755125815
545.375244140625 -1 661.9489135742188 545.375244140625 -1 657.6633911132812 545.2427978515625
0.9983102896904107 0.004266187575921594 0.05794083227487643 -0.0011068410500695849 3.7685001738641772 -0.8164889838617957 -0.5287959687707959
585.1695556640625 -1 770.05224609375 585.1695556640625 -1 751.8861083984375 697.7433471679688
0.9983068536068043 0.002123848966349736 0.05810844704182199 -0.0015243653232026879 3.7283697053298783 -0.82364421363669 -0.55369131707329
555.9995727539062 18025 778.2329711914062 663.1705322265625 -1 763.7101440429688 702.6527099609375
0.9983328472690292 0.0034471149224620224 0.057614748096134774 -0.0004292601120814971 3.6894331536874496 -0.8083204705562741 -0.5421931140848427
0.502236008644104 -1 0.5023108124732971 0.502236008644104 -1 861.7467651367188 556.020263671875
0.9982583297163664 0.0026711485113855094 0.05892768731163962 0.0008365319014824537 3.636964390295151 -0.8073353764645389 -0.5342414243510715
614.5722045898438 18106 736.7991943359375 623.2239379882812 -1 833.5281982421875 613.829833984375
0.9983139982068384 0.0015039712587196891 0.05802498645364803 1.3355178549939512e-06 3.593397183171965 -0.829680146497383 -0.4983253554346282
675.5248413085938 -1 808.4854736328125 602.2948608398438 -1 808.1874389648438 607.1306762695312
0.9983070349975957 0.0022413931927569427 0.058069235068738186 0.0024502998584812847 3.5534075674324566 -0.8219953499997663 -0.4743750022297226
547.8861694335938 18025 735.2400512695312 683.0134887695312 18004 735.2400512695312 683.0134887695312
0.9984589555379276 0.00238058925431668 0.05522351949650715 0.004940627018070984 3.526035944518913 -0.8199766560745313 -0.47664224928897736
0.5 -1 922.678466796875 509.91552734375 17555 951.8304443359375 517.0208740234375
0.9985143471325659 0.0011560464860891682 0.053841673686311035 0.008296764526270269 3.4880540895549266 -0.8121390265012615 -0.44360700170649076
533.5728759765625 17556 768.2902221679688 608.1504516601562 -1 961.799072265625 511.3841552734375
0.9986537791085024 0.00042951736201318297 0.05080803173269959 0.010439774834314113 3.449348551446435 -0.8054733093380048 -0.4486570006275933
543.679931640625 -1 838.3906860351562 599.5366821289062 17912 838.3906860351562 599.5366821289062
0.9987598508192748 0.0007082735640911932 0.048506499795708896 0.011197241516888237 3.420251463076455 -0.8084277425266339 -0.44537894971490777
580.6355590820312 -1 747.7337646484375 580.6355590820312 -1 900.4412231445312 560.6405029296875
0.998716407154766 0.0009130361317751639 0.0493227288264888 0.011487944376896249 3.389686540515087 -0.819575686610385 -0.4573604203130946
530.1583251953125 -1 798.7537841796875 535.6214599609375 17810 851.2395629882812 566.6865844726562
0.998607208419689 0.002231746818492765 0.05150847414735284 0.011204449535144824 3.3648389501260874 -0.8323823842158159 -0.47791208161000986
534.0 -1 798.6022338867188 548.4977416992188 -1 791.6361083984375 545.0184326171875
0.9984346276954461 0.003915081188410049 0.055138686058739346 0.008525940280114799 3.3322164434863395 -0.8508352922291649 -0.4980208782458798
574.421875 -1 753.0234375 593.4739379882812 -1 815.8638305664062 640.1079711914062
0.9983136060271736 0.00372499926732476 0.05781982968923001 0.0035966228865738762 3.29568759685061 -0.8790204898560903 -0.5094466589198762
632.6549682617188 -1 790.299072265625 531.1754150390625 -1 818.2778930664062 541.07373046875
0.9981367708023682 -0.0004158715173710504 0.06091524409540632 0.0034852345543815214 3.265855806095707 -0.8756785248414489 -0.5269311524597723
481.00439453125 -1 909.278076171875 481.00439453125 -1 697.9545288085938 579.5983276367188
0.9978683441587287 0.0015725108031430799 0.06425887631548147 0.011273497698700683 3.2399200658713774 -0.7867209283325705 -0.40212128796137575
558.0838623046875 -1 779.454345703125 558.8655395507812 -1 849.9852905273438 508.0591125488281
0.997888723798836 -0.003089880744681831 0.06291333502669787 0.015825922656602 3.22044945553781 -0.7691754216370135 -0.5215530470954798
568.8922119140625 -1 781.8182983398438 607.9557495117188 17848 736.6332397460938 623.2651977539062
0.9980737721779405 -0.006885675436072234 0.059446751571905564 0.016352874115386197 3.18441997410411 -0.7616240085259695 -0.5121870928828889
607.0910034179688 17506 792.2965698242188 544.1871948242188 17569 1317.8785400390625 597.7211303710938
0.9983047044885087 -0.010199650028638312 0.054438461594552186 0.01789240158902775 3.14768803635095 -0.7509368698120974 -0.4659614795317251
530.0519409179688 -1 736.7177124023438 623.0643920898438 -1 816.3539428710938 466.2143859863281
0.9983565296995184 -0.025042568565809775 0.04910874222467322 0.015666550452226615 3.090364609357724 -0.830959846645563 -0.2248812096890851
528.8922119140625 -1 824.6358032226562 531.740478515625 -1 837.16796875 535.0525512695312
0.9983035750353656 -0.01313185597234839 0.05209999621647779 0.02243026581592326 3.016186147581349 -0.7638313920373901 -0.3688848898966292
510.2248840332031 17423 1181.382080078125 414.246337890625 -1 1181.382080078125 414.246337890625
0.9993501634090337 -0.008781361534953288 0.03323634345250661 0.010839006312256965 3.0330998376284914 -0.8396348813584981 -0.323725615638754
0.5 -1 0.5 0.5 -1 0.5 0.5
0.9994798612960648 -0.0027315955898133877 0.031220948353861973 0.007602475453319963 2.9969203189267812 -0.8837725939294281 -0.3232734211161416
503.2716369628906 17090 889.41748046875 513.1707153320312 -1 736.6915893554688 622.810302734375
0.9995400162648124 0.003450002365061671 0.02994517819675085 -0.0033376146848700244 2.9638182660180363 -0.9787109085762332 -0.32219833644596996
598.1203002929688 -1 1357.501220703125 598.1203002929688 -1 739.5179443359375 626.0562744140625
0.9994459120072519 0.007842127451539928 0.031343301352123744 -0.007997966577602504 2.932501697286104 -1.037218251612622 -0.3391256451547304
483.10638427734375 17213 872.94482421875 486.5272216796875 17421 796.8386840820312 720.7218017578125
0.9993807046080883 0.013604826463176824 0.030320448832563945 -0.011566604365154567 2.90584331309444 -1.06709971528397 -0.33762796966992686
635.5256958007812 17214 772.8305053710938 648.63330078125 17210 783.7931518554688 665.8146362304688
0.9993291913456083 0.016180211316153745 0.03109276457419119 -0.010611695313718474 2.871034191687358 -1.0676065744070418 -0.35337393490246954
461.7390441894531 -1 971.4625854492188 466.094970703125 -1 953.572998046875 485.3039245605469
0.9993031169335518 0.01677901067584796 0.032269384567640814 -0.008392383883831133 2.844306868611317 -1.0605683118558338 -0.3522604344655936
475.0182189941406 -1 867.3989868164062 475.0182189941406 -1 1017.1416015625 657.2681274414062
0.9992363955537418 0.01720431331615246 0.03485965048519455 -0.003929652928169851 2.8335324579890497 -1.04012785763956 -0.34544571938166235
456.98443603515625 -1 904.1622924804688 617.091064453125 -1 904.1622924804688 617.091064453125
0.9990951700223725 0.019392142417530282 0.03773124736268434 -0.0030230816861105945 2.8189676980719014 -1.0261202551316353 -0.4001178774050727
463.9909973144531 17421 856.2398681640625 465.1036682128906 -1 735.0601196289062 502.25506591796875
0.9990100613322288 0.019938009840785517 0.03972332943107677 -0.001852085169565877 2.8052172749586166 -1.0220637090155846 -0.4006621791518237
478.1139221191406 -1 785.9033813476562 650.9227905273438 -1 837.5332641601562 450.6912536621094
0.998957970416261 0.021572359638616857 0.04019396189547154 -0.001432504307894756 2.7802515191302866 -1.0312455088619357 -0.41167099342506935
442.7748718261719 -1 776.2925415039062 537.8207397460938 -1 776.2925415039062 537.8207397460938
0.9988988033513625 0.02459021469705067 0.03994885953325283 -0.0007685221933070973 2.756395702855607 -1.0356662579680895 -0.42344579841416136
457.695556640625 -1 857.7236328125 611.0265502929688 16707 857.7236328125 611.0265502929688
0.9989595826235442 0.025752434214443124 0.03762893410370316 0.0007922971944893709 2.737292157576655 -1.0399236062364532 -0.36454510891927544
605.3535766601562 16707 833.6943359375 614.4896850585938 16882 757.296875 616.176513671875
0.9990370365710056 0.026232771478024164 0.035166441825744084 0.0004032732591919107 2.703273098901248 -1.0437358595273312 -0.34467050120982823
630.5906982421875 -1 832.1970825195312 604.3858032226562 16707 736.7264404296875 623.3580322265625
0.9991330013220409 0.025816015776637145 0.03266148480070846 8.005775545792408e-05 2.6620980983426965 -1.0383385811646253 -0.32577212408530365
0.5 -1 0.5 0.5 -1 0.5 0.5
0.9992221910018797 0.025168089928818665 0.030350661931789404 0.0006462035595264401 2.6236435823399327 -1.031220803430887 -0.3075572116444688
640.7434692382812 16256 874.7357177734375 347.3826599121094 17657 928.889404296875 462.6946105957031
0.9992820901625022 0.02736719475171534 0.02612812752995406 0.001913604886299046 2.583392909154243 -1.0248547016803702 -0.2795140337574693
0.5 -1 0.5 0.5 -1 0.5 0.5
0.9992769058019837 0.02977530768772596 0.023370875608107654 0.0035914838472463112 2.5383558778165245 -1.0228747769745787 -0.30353392228409637
474.13177490234375 16598 857.2493896484375 486.72698974609375 16656 857.2493896484375 486.72698974609375
0.9992378531322078 0.03142300165202418 0.022614478090681053 0.0049893101326211374 2.494712716509585 -1.0269109850748501 -0.30024881894844574
695.3945922851562 -1 874.32421875 596.9117431640625 17766 866.5220947265625 607.8193969726562
0.9992134427713071 0.03296736293706146 0.021301437618196164 0.00564778907946772 2.4594907672284934 -1.0324450374539655 -0.32140415689029317
448.2158508300781 16609 861.6689453125 591.7196655273438 17766 855.0101928710938 594.1322631835938
0.9992018118977636 0.0341040482642092 0.019866154391841542 0.006163513762304696 2.4273596044490904 -1.0352406321969316 -0.3098094281216
489.97564697265625 -1 737.147705078125 445.1773376464844 16609 821.75 469.8725280761719
0.9992174650093075 0.03383815756853467 0.019877268809737315 0.004932635949048128 2.3843735348699298 -1.0453307894746264 -0.3445660687639132
586.2836303710938 16707 811.7791137695312 460.4855041503906 16598 764.38671875 498.1920471191406
0.9992377200538103 0.03370813074617894 0.01922265190031525 0.004269706919794667 2.347933278743562 -1.0469166496671285 -0.3581217056071547
591.1720581054688 -1 825.269775390625 599.8348388671875 -1 842.9081420898438 695.1845092773438
0.9992395375144152 0.033809714519100795 0.01893838538808396 0.004311314301577283 2.314653065954562 -1.044955311450949 -0.3459544247213181
587.412841796875 16707 841.30615234375 707.5185546875 16673 779.1026000976562 426.4332275390625
0.9992169009037093 0.034254447036762455 0.019323095143795804 0.004340023117013286 2.2759722759790315 -1.037320360062643 -0.3735052953334422
540.4337158203125 -1 1170.9229736328125 550.9852905273438 -1 1170.9229736328125 550.9852905273438
0.9992023068877477 0.033632203012674645 0.021165250913747474 0.00395689075863863 2.24477048503368 -1.0353363187196567 -0.38329543874622146
548.0835571289062 -1 807.0116577148438 577.9818115234375 -1 766.779296875 610.395263671875
0.9991931617882017 0.03402603854350946 0.021275947709674208 0.0016087839467772026 2.206891016634025 -1.0417343931212635 -0.40254826715068026
535.9003295898438 -1 770.6958618164062 558.257568359375 16375 763.8383178710938 465.30218505859375
0.9991592555378529 0.03379828048256608 0.02254833285188608 0.005480054294062213 2.175116650968506 -1.0198358094843163 -0.41461299379145816
593.8591918945312 -1 782.0578002929688 600.9991455078125 16549 692.083251953125 418.4029235839844
0.9991647239017134 0.03206454055764315 0.02351017289368132 0.00943353166895636 2.14870027454028 -0.9965894434271413 -0.4097967178001043
551.09521484375 16438 790.4456176757812 554.5385131835938 -1 743.8587036132812 615.5474243164062
0.9992167177700582 0.030224414651579365 0.023269062543852168 0.010535009071272163 2.1245590224260646 -0.9868619924216382 -0.4041823411068175
562.489013671875 -1 739.0625 473.8206787109375 16598 767.4072265625 486.0272216796875
0.999265102539136 0.028954548003315733 0.02382703934267071 0.007947401684614398 2.0780458003385887 -0.9909052844504296 -0.4084832216071373
612.18505859375 -1 737.1597900390625 623.2256469726562 -1 746.4619140625 632.33251953125
0.999397705727608 0.026264968947280202 0.02205574496504115 0.005284061565595448 2.041452928838253 -0.9922434242180418 -0.3869144794654365
372.55694580078125 -1 713.0565185546875 480.0355529785156 16443 780.2552490234375 552.399658203125
0.9994663874144165 0.02353269679491058 0.02103939298448451 0.00839622255414897 2.013825598676102 -0.9649485492434079 -0.36389885775932007
506.3957214355469 17681 776.4058227539062 550.3589477539062 16264 771.0173950195312 560.1890869140625
0.9995543283677875 0.020267428433348552 0.018881719505357927 0.01112909045885559 1.9907233363477277 -0.9457834365849054 -0.3326552134945684
566.145263671875 16371 430.7159118652344 446.2901916503906 -1 424.7162780761719 450.9845275878906
0.9995336237519685 0.017198352102483418 0.0179161094342253 0.017769769186968893 1.9731825540630628 -0.9103521726453863 -0.3115698593572197
459.520263671875 -1 715.7099609375 519.0648193359375 17681 749.1716918945312 532.9268798828125
0.9995203567016873 0.017921867946576485 0.014969872183198611 0.02034124172847557 1.9434157216937156 -0.8848369860824785 -0.302836308588882
600.40771484375 15710 736.7742919921875 623.2332153320312 -1 693.1929321289062 667.1217651367188
0.9994508851506937 0.01788404732471903 0.01113798299105456 0.025574095441939032 1.9220211246805803 -0.8564599288242113 -0.2817300409568286
571.9219970703125 -1 805.8778686523438 601.8582153320312 16116 681.6051635742188 630.9862060546875
0.9994182926256897 0.016551308432244734 0.0075323858336084305 0.028851234254116776 1.8932206729252383 -0.8427372875367856 -0.24933417020792492
605.7535400390625 15710 744.5415649414062 616.1712646484375 -1 736.7731323242188 623.4700317382812
0.9993832398538216 0.01705459201586312 0.004939584972058435 0.030296555757300222 1.8595957653656376 -0.8340908060806554 -0.2316492122434774
606.0844116210938 15710 736.8302612304688 609.5497436523438 -1 648.9757080078125 622.6925659179688
0.9992848102620827 0.017404085675969124 -0.0008910382786553434 0.033558483756611586 1.8378473531516972 -0.8325541044306282 -0.21351161619426867
602.4937133789062 15710 760.4885864257812 558.5384521484375 15955 595.8937377929688 589.9513549804688
0.9990170762681615 0.02121946411914808 -0.005391118128638254 0.03854285293583801 1.8264918154919874 -0.8231918215742567 -0.20350925196093395
591.5071411132812 -1 958.0971069335938 510.0523681640625 -1 775.4912719726562 557.14697265625
0.9990259708114578 0.0247074808517035 -0.008374493493707258 0.03558817068789714 1.8027285531729862 -0.8608530280314585 -0.20500657306002076
626.8097534179688 -1 887.57421875 507.4218444824219 -1 770.4557495117188 581.3295288085938
0.9989553638192119 0.03145154123339757 -0.009602250171446013 0.03172977217874571 1.777172727468884 -0.8987359540003788 -0.2325164724792202
577.090576171875 -1 736.0794677734375 609.6637573242188 -1 658.4136962890625 472.7178955078125
0.9990454080689881 0.034372940528533714 -0.010693569506475754 0.024747144217080567 1.7441306713308675 -0.9465398319670102 -0.22381556868056413
626.5288696289062 -1 731.9367065429688 523.5389404296875 -1 755.60546875 554.3076171875
0.999159427197356 0.036574179464847104 -0.013458746532963117 0.012713401625294662 1.6963050197967113 -0.9979817530179541 -0.21512463908231327
734.0504760742188 -1 800.6846313476562 589.2651977539062 -1 846.5393676757812 596.0269775390625
0.9991654259865307 0.03788546113904133 -0.014831651390600177 0.003628424515479881 1.649134225427085 -1.0322114452942361 -0.23119230318989079
547.1123046875 15710 732.8502807617188 547.1123046875 15684 765.803466796875 584.0083618164062
0.9990860114712915 0.03958645741116277 -0.016122402617649113 0.00034957954069557537 1.6164897029308445 -1.0455888397018323 -0.23234347432830973
0.5035330057144165 -1 736.3937377929688 623.2161865234375 -1 650.7398071289062 653.2706298828125
0.9989776772219812 0.041728863464195416 -0.01678619207267325 -0.004530576327728554 1.5729692694679627 -1.0584495586151845 -0.22951200997880264
578.9354248046875 15734 817.9661865234375 586.4003295898438 -1 937.961669921875 602.740234375
0.9988949975437301 0.04269876595029098 -0.01913761075106855 -0.004398991154152547 1.5169698448619684 -1.0458453320131549 -0.22835092736668197
532.044921875 -1 791.1521606445312 532.044921875 -1 831.379150390625 444.5634765625
0.999034602532459 0.03897299258883292 -0.02021683941547672 -0.001499398389793927 1.4823976459950812 -1.0394033413993629 -0.21168589506298033
545.4194946289062 15503 844.7796020507812 545.4194946289062 15802 676.9806518554688 549.1494750976562
0.9990335914766016 0.03858573512845482 -0.02104529269042324 -0.0003461235816104764 1.449176618357157 -1.018832959032016 -0.20657759031139178
550.8750610351562 15503 846.3726196289062 561.9300537109375 -1 737.2879638671875 623.2128295898438
0.999087252591336 0.03747197614496383 -0.02050064035125668 -0.0004862699619908071 1.4169918780447812 -1.0100757445244684 -0.20444519071589579
566.189208984375 15672 770.8540649414062 483.1820068359375 -1 794.3739624023438 511.0931091308594
0.9991053016919974 0.037148783488768884 -0.020108686616489093 0.002050545977841474 1.4023089483181703 -0.9943821188179149 -0.20061282439125563
498.713134765625 15502 806.4277954101562 568.9344482421875 15672 758.2730102539062 484.6884765625
0.9991197562700752 0.03744371164828399 -0.01838523465293419 0.004434437459507359 1.3867643054185124 -0.9843052472023175 -0.2063174535466005
518.6638793945312 15753 764.969482421875 553.3595581054688 -1 806.8700561523438 567.0823364257812
0.9991040274973932 0.03851933548268253 -0.01650583299389176 0.005912741296443947 1.3642456833439296 -0.9773138504477719 -0.19925893461822455
514.8106079101562 -1 799.2953491210938 568.9930419921875 15672 830.3235473632812 498.6197509765625
0.9991599292283939 0.03719063671087486 -0.01523164237119936 0.008018069345318938 1.3338076142568138 -0.9784981507733008 -0.20049330229463405
553.8154907226562 15729 741.6153564453125 484.8216552734375 -1 1196.593994140625 487.1062927246094
0.9991556444489956 0.03729263065148473 -0.0145311274334453 0.00927923489934324 1.3085879761236199 -0.9746874889161785 -0.19278199559147552
566.3269653320312 15642 787.4501342773438 568.9180908203125 15672 735.2210083007812 483.7141418457031
0.9992052080895457 0.035934386760482294 -0.013354606773432346 0.010923664806411154 1.2815260811045448 -0.9808931159861326 -0.19248759686426725
515.6983642578125 15753 1090.2017822265625 480.58184814453125 -1 827.718017578125 488.9666748046875
0.9991516831069253 0.03689846721759068 -0.013252623008002933 0.012601001745834452 1.2561010321192023 -0.9763408848848306 -0.1979768323349254
192.0 -1 495.5 200.0 -1 492.0 206.0
0.9991742791084021 0.035881646830176146 -0.013405319700625189 0.01354860851466499 1.2307142002129114 -0.978252742165365 -0.19444751458286133
537.6265869140625 -1 934.8208618164062 537.6265869140625 -1 779.9369506835938 549.9415893554688
0.9991500551688903 0.03599794276568641 -0.013474949107333824 0.01489097442065174 1.2001916358575697 -0.9769167988542335 -0.19794820412948
555.0208740234375 15533 773.8341064453125 555.4727172851562 15503 761.3439331054688 563.7546997070312
0.9991511075328176 0.03624861737213657 -0.012728568722694943 0.014868947266846193 1.1619522717284734 -0.9904850510121147 -0.18770356566082502
543.8834228515625 -1 869.6452026367188 550.619384765625 -1 739.2924194335938 612.31591796875
0.999186059617094 0.03630814982038958 -0.011265377836771447 0.013491767329750347 1.1308663242046342 -0.9971753161109153 -0.19177188686640922
465.3045654296875 -1 770.6824340820312 491.8301696777344 15502 840.3638305664062 513.863525390625
0.999247173422066 0.03559110558330213 -0.00982180059986789 0.011911836312934219 1.0966414788900163 -0.9944879994305299 -0.1824387635678374
392.6563720703125 15371 956.9259643554688 397.9823303222656 -1 860.7191162109375 468.3977966308594
0.9993049234590189 0.0344778104655196 -0.009540984175094268 0.010484281426919142 1.066994499519509 -0.99172878776846 -0.1987976293377539
557.1527099609375 15503 936.966064453125 395.63653564453125 15371 946.3516845703125 409.5677490234375
0.9994263964634583 0.032237568307182676 -0.0046739613965478925 0.00926128104365166 1.01173091868329 -0.9985740031353846 -0.16965522551729134
602.5056762695312 -1 847.0223999023438 473.3257751464844 15470 816.451416015625 521.6918334960938
0.999442514307217 0.032589105713088685 -0.001862137028103539 0.007010223233125098 0.9682272607532649 -1.0069347069852093 -0.1775655447958376
568.871826171875 -1 802.9414672851562 609.861083984375 -1 920.1151733398438 395.6244812011719
0.9993726749541264 0.03424607876844745 -0.0012264786498776895 0.008941945769276228 0.9175162042328111 -1.005136073655769 -0.18152109441571287
606.94189453125 -1 754.9133911132812 478.01025390625 15436 798.0887451171875 524.1353759765625
0.9992844580053526 0.0367220730351631 -0.003548640273768284 0.008334776131136574 0.8510452285842263 -1.0012852928136513 -0.1599266522346846
617.0574951171875 -1 754.7681884765625 617.0574951171875 15475 734.8900756835938 626.8543701171875
0.9992736034856824 0.036598985659566326 -0.004316353982080071 0.009703026009001746 0.7915014352206836 -0.9983501564192893 -0.19086650377040093
670.1033325195312 15372 800.9761962890625 483.2830505371094 -1 870.4808349609375 404.102783203125
0.9992990749350624 0.03291223541419391 -0.010338609383167972 0.01453467405865851 0.7390717873727444 -0.9922242966797306 -0.15979584009795642
0.5 -1 0.5 0.5 -1 0.5 0.5
0.9992599509432489 0.030772810338497693 -0.015046148175348162 0.017498514504150197 0.7077229085964646 -0.9860689168582483 -0.17250316318426062
392.35174560546875 15149 875.0431518554688 399.447021484375 15165 761.2357788085938 534.1669921875
0.9991672578246231 0.02795690533495029 -0.01802579112933355 0.023627805430836014 0.6769505916816878 -0.9850881402370747 -0.12813442921714097
395.6436767578125 15149 850.7568969726562 395.9989318847656 -1 864.7745361328125 398.77630615234375
0.9988229091039343 0.02475896708240481 -0.020543365018047818 0.0363009635120244 0.6485276400100969 -0.9732196263124091 -0.1400225992220956
404.64630126953125 14848 846.0556030273438 409.1909484863281 15165 843.0669555664062 414.2612609863281
0.9984082074348621 0.0225580875768687 -0.02478744558938472 0.04536261183764841 0.6152660468799772 -0.9668716931200815 -0.16805752050823702
408.1409606933594 14848 736.6719970703125 623.150390625 -1 834.8927001953125 404.0898132324219
0.998229406070435 0.022362803621101605 -0.031005479969350977 0.0455699251956922 0.5672972305640922 -0.9789424869701254 -0.14031461658371328
403.4347229003906 15149 810.8148803710938 403.4347229003906 -1 808.9880981445312 406.9913024902344
0.9978292668118787 0.024800877012161753 -0.036683724525539724 0.04874397550498509 0.5322587050200885 -0.9756356456790237 -0.12096497462941767
403.2763366699219 14848 736.9365234375 623.0117797851562 -1 794.4531860351562 399.732177734375
0.9979974299078598 0.02456498751617195 -0.04082563150617691 0.041604796571535964 0.4740246279568773 -0.9746391788278783 -0.10473741136492716
0.5 -1 0.5 0.5 -1 0.5 0.5
0.9979810150240758 0.025138674984171997 -0.047750734753047794 0.03349340236672962 0.41740600834133 -0.9656042948661374 -0.07816674657637243
407.2220764160156 14848 736.902587890625 623.1469116210938 -1 752.8782958984375 403.2586364746094
0.998021784075089 0.024513512271212914 -0.0507143417246942 0.027922424162967804 0.346296662591875 -0.9672399293943478 -0.044049192680310496
410.0877990722656 14848 736.7055053710938 623.2445678710938 -1 871.5735473632812 476.7268371582031
0.9980699376841768 0.024108373324144197 -0.0533103260093647 0.020813336290522868 0.2615657559616657 -0.9675624562590098 -0.05855070179025033
412.1612548828125 14848 704.37841796875 415.38787841796875 15165 736.6796264648438 623.442138671875
0.9978472502309641 0.02318177980392432 -0.060532092029386045 0.009966751033926965 0.1791389564347626 -0.9712127265319329 -0.012464180565635393
413.8376159667969 14848 676.7596435546875 413.8376159667969 -1 736.7581176757812 623.2975463867188
0.997789148399753 0.023852374797706112 -0.06197259837605721 0.0026975178823022963 0.09199602459762837 -0.9784229155637237 -0.03502067175633485
409.9862976074219 -1 647.2491455078125 409.9862976074219 15149 736.9945678710938 623.154052734375
0.9977301626608218 0.022778504932965942 -0.06335907713677431 0.0011355942080361948 0.015290620916301796 -0.9955524370368007 -0.06450702122018762
580.9049072265625 -1 736.7730712890625 623.1345825195312 -1 1195.274169921875 408.82830810546875
0.997648037281937 0.02249983828055447 -0.06473351148592674 0.0013128120769059929 -0.05242212694803253 -1.0073616437660495 -0.10898076845099688
470.80023193359375 14786 736.580322265625 622.8817749023438 -1 941.4796752929688 449.3044128417969
0.9976397883611788 0.022140690356189017 -0.06489714529281815 0.003605973108133596 -0.10489890308100275 -1.0092002769099504 -0.08354877672493717
409.3106689453125 -1 952.0697631835938 410.1075744628906 14903 736.6551513671875 623.0050048828125
0.9977092836736391 0.020974851135542854 -0.06423934252185588 0.0030899455716050577 -0.14560675535585632 -1.0052160345673964 -0.07286976116642725
691.6975708007812 14702 580.9909057617188 407.0927429199219 14848 881.106689453125 420.81329345703125
0.9979090253707703 0.019602031829944543 -0.06150253707640869 0.0032825850883195905 -0.1699938701493797 -0.9948734223973004 -0.055944259222846376
609.58740234375 -1 877.2169189453125 696.99072265625 14702 577.9443969726562 412.23590087890625
0.998223885895696 0.018162609105812688 -0.05671912284715021 0.00146094531582551 -0.1996616668638692 -0.9842946638556351 -0.05777463540140184
642.981201171875 -1 874.4492797851562 699.77001953125 -1 788.6661376953125 453.3293762207031
0.998518234203566 0.01707323334619547 -0.051656779596910236 0.001190708938069835 -0.22652470717291118 -0.9853783361690786 -0.05422983623090528
503.03900146484375 -1 774.6182250976562 653.738037109375 -1 740.0198974609375 465.3334655761719
0.9986003636853342 0.017202768355197687 -0.050006255809143835 0.0008676337857476651 -0.25465727563002694 -0.9845073706457785 -0.05359419464348919
421.3312683105469 14848 904.418701171875 465.76025390625 -1 694.0826416015625 472.35498046875
0.9986618697549653 0.01404784667488517 -0.04975196695691265 0.0013673643384532325 -0.2914310620147712 -0.9961149083217381 -0.04363335370795799
654.467041015625 -1 625.4551391601562 474.1212463378906 14701 616.8521728515625 474.8710021972656
0.9987540941474601 0.01367505865831291 -0.047842233706058813 0.0037911566036127288 -0.31829845179873834 -0.9984077508665541 -0.031014463834939873
489.7101745605469 -1 753.8989868164062 637.0966796875 -1 713.3884887695312 668.8177490234375
0.998854191872574 0.013566818711193392 -0.045815281853225864 0.0026841679072415895 -0.34991697130123234 -0.9984251965634668 -0.018205214305505826
651.1917114257812 14744 519.5662231445312 480.3323059082031 14701 511.63079833984375 481.2788391113281
0.99889909187702 0.013053850631277788 -0.04505363512947631 0.000609255760002159 -0.3794106550514802 -1.0007235110999857 0.013172443110673459
0.5 -1 0.5 0.5 -1 0.5 0.5
0.9989720977422896 0.011542082406173552 -0.04342106218963844 0.00601162410852614 -0.39623547998045877 -1.0068994309003225 0.04134099067588192
616.9412231445312 -1 424.2930908203125 490.7699279785156 14613 816.4767456054688 608.7822265625
0.9990461472463703 0.009168771889532362 -0.04235334167625517 0.005378079868873549 -0.42786290026596735 -0.992678615347999 0.03945756870386423
666.4981689453125 14340 718.4837646484375 687.7139282226562 -1 689.39599609375 489.61773681640625
0.9990447613228001 0.007039092601854736 -0.04212404445505797 0.009250996030710595 -0.4499121549532172 -0.9804139934647963 0.04220654312695573
608.1664428710938 14645 736.7649536132812 622.9627075195312 -1 890.2244873046875 674.3955078125
0.9989901928788962 0.0049434632466776405 -0.04234615007601613 0.01417604587513263 -0.47437639964066075 -0.974151480077307 0.04554956605802567
569.92529296875 -1 736.758544921875 623.0020141601562 -1 736.758544921875 623.0020141601562
0.9989763487030237 0.0019483720542660132 -0.041888119727243024 0.01696596605057324 -0.5125212656762994 -0.9873427310680203 0.05931730742810946
707.5518798828125 -1 885.6166381835938 506.343017578125 -1 727.9583129882812 414.7575378417969
0.998800204677495 0.001697882494738488 -0.04217187803291742 0.024835479347195454 -0.5417205033958583 -1.008872314915087 0.07772547544360582
623.1392211914062 -1 824.631591796875 487.3551025390625 14203 901.8734741210938 656.9342651367188
0.998396347518334 0.0035770091798590507 -0.044234879815503725 0.035145606767922805 -0.5590283296164573 -1.0345481816573885 0.07644150303301352
609.4003295898438 -1 736.4901123046875 622.9915161132812 -1 736.4901123046875 622.9915161132812
0.9980399094219572 0.002417570395272036 -0.048341355776385875 0.03966872667601448 -0.5746862838120758 -1.0697052661931368 0.082815338823516
466.8740234375 -1 736.5592651367188 623.2921752929688 -1 736.5592651367188 623.2921752929688
0.9981490058221053 0.00775025384609579 -0.04825735772046741 0.03619009764428139 -0.6339940263759077 -1.0686701656979913 0.07182496629641771
623.2400512695312 -1 788.6940307617188 468.36822509765625 14203 689.2267456054688 578.228271484375
0.9978910970711852 0.012660382929054623 -0.05225749752354194 0.03636243999971894 -0.6690961579011375 -1.0934547649388717 0.05864301337920703
685.2855834960938 -1 779.3026733398438 669.8545532226562 -1 779.3026733398438 669.8545532226562
0.9975872095622732 0.020616206454517078 -0.05471549453628533 0.03742921328096002 -0.7076594268776671 -1.123997553755761 -0.00030719958863742187
623.2813110351562 -1 844.068603515625 703.0359497070312 -1 931.82763671875 575.1123657226562
0.9976851805390787 0.02621281637825318 -0.056501393405041685 0.02729031574596649 -0.7854625361994324 -1.1459514205237626 0.00996334982035808
626.2913818359375 -1 837.03955078125 689.42919921875 -1 739.095703125 416.0343933105469
0.9973296924099674 0.03724195000359398 -0.060358342759100556 0.017418158821892172 -0.8426122813254948 -1.1325739315621994 -0.08500147521348403
601.60595703125 14340 779.2466430664062 620.176513671875 -1 779.2466430664062 620.176513671875
0.9973772688875937 0.03873079548325933 -0.060279368425323 0.010242398635220166 -0.8941221661468183 -1.1584309390768155 -0.04720893986272802
582.3317260742188 14744 863.7216186523438 568.337158203125 13931 754.0615844726562 588.5809936523438
0.9976345327746446 0.03918211527370761 -0.05643742403620708 0.002217662362002564 -0.9694899509985441 -1.1683617642352058 0.043633132275445116
616.7842407226562 -1 804.0267333984375 751.4424438476562 -1 1019.4384765625 549.585693359375
0.9971888785276037 0.03971600248326024 -0.06352847945849659 0.00105450713660685 -0.9796940486356401 -1.1639297751046986 -0.06930763670977397
548.0353393554688 -1 956.7994995117188 549.9622192382812 -1 805.0123901367188 604.9492797851562
0.997365681686194 0.03873806341006599 -0.06130579587642637 -0.0016305918647396061 -1.0646795986778959 -1.145740661258074 -0.00394638639612719
567.215087890625 -1 846.65234375 586.9506225585938 -1 713.1723022460938 588.5611572265625
0.9973108760946626 0.037428639829424334 -0.06299942474168878 -0.0010889563958352232 -1.1342071300745613 -1.1181394512805012 0.031002882414194053
626.0491333007812 -1 739.6864624023438 626.0491333007812 -1 738.1506958007812 619.2254028320312
0.997244993791389 0.035256396872711676 -0.0650740753103415 0.004977304498456726 -1.1799437292723558 -1.1098181862230097 0.01693153348367071
582.9357299804688 13931 804.6798706054688 607.1788940429688 14036 620.3298950195312 402.59027099609375
0.9972141967032774 0.03364181710900213 -0.06654987295537135 0.0017856216468568648 -1.254165950786573 -1.0818160556249699 0.06475666596508688
611.885986328125 -1 785.8600463867188 613.5646362304688 14036 845.6910400390625 602.3868408203125
0.9974225686822183 0.032295546277490116 -0.06372327493019075 0.006675433032796262 -1.310349847797334 -1.0725776206944841 0.05334603719444844
557.8831176757812 -1 735.3995971679688 627.0382080078125 -1 747.7060546875 579.8597412109375
0.9974975164066892 0.029108404284637002 -0.06362644835619528 0.010152863244697304 -1.3557446035448673 -1.0688363990223777 0.06214152894382817
604.7567749023438 13931 819.3135375976562 617.75048828125 13820 819.3135375976562 617.75048828125
0.9975849068876398 0.028621936205202366 -0.06269331531145132 0.008642137068074205 -1.4247583298802413 -1.052999327095402 0.06241224656422053
485.0274963378906 13842 736.175537109375 623.4061889648438 -1 736.175537109375 623.4061889648438
0.9974990226677964 0.02758003892538417 -0.06452395847974118 0.008467585947009228 -1.4743236286460173 -1.0465835993081432 0.06256938040671764
487.9143371582031 13842 823.0540161132812 487.9143371582031 -1 775.0115356445312 573.8952026367188
0.997602891595334 0.02571915065176092 -0.06321263772400375 0.011452440890667007 -1.5221214920966923 -1.0455208791323223 0.08790837606795703
492.9405212402344 13842 854.0023803710938 508.6280517578125 -1 761.810546875 579.0960083007812
0.9975784732756496 0.023284071166260082 -0.06463090222623712 0.010857631618870269 -1.5613332255880064 -1.0320567018853624 0.0887222653554547
484.97119140625 -1 801.0628662109375 498.6307373046875 13842 654.2405395507812 615.5961303710938
0.9977938482887773 0.020638725334891108 -0.06139915262174979 0.014547281222090659 -1.603666978474651 -1.028364874195091 0.09987810400702976
491.5132751464844 -1 865.03955078125 550.1303100585938 13840 758.1821899414062 642.6483154296875
0.9979743640489778 0.01922050859698819 -0.059118484916991204 0.01351833907812018 -1.6689116297159643 -1.0087835668861502 0.12300472432277913
622.9928588867188 -1 677.1768798828125 660.2749633789062 14036 862.3749389648438 460.8983154296875
0.9981007449860688 0.017777836116825194 -0.05776755356851485 0.011906349397130723 -1.7092409778839912 -1.0058918803265617 0.1702186904287407
586.4778442382812 -1 868.5062255859375 618.5340576171875 -1 655.8726196289062 621.1270141601562
0.9981759332948221 0.01773321860428648 -0.055136437281867456 0.0170385572395713 -1.7404254622313196 -1.0241539340116144 0.17531912543595926
561.4149169921875 -1 805.652587890625 489.4297790527344 13962 805.652587890625 489.4297790527344
0.9981235810156588 0.016490454897322978 -0.055682947592536065 0.019411111899216398 -1.7729645990244491 -1.0382820615923338 0.19351023408694792
558.5486450195312 -1 818.5513916015625 558.5486450195312 -1 803.7766723632812 572.2569580078125
0.99802954804611 0.01622288039974026 -0.055690861278197036 0.023924200059895498 -1.8157473366150432 -1.0403853823666127 0.20534316285751222
623.0462646484375 -1 751.1812744140625 515.1979370117188 14025 744.1194458007812 517.6782836914062
0.9977300139943868 0.011252305348812155 -0.05697466641794726 0.03408947323825564 -1.8486476588778091 -1.0597878750153962 0.2442924117037512
0.5032645463943481 -1 731.1448974609375 527.6732788085938 13842 736.7401123046875 622.7272338867188
0.9976061668321495 0.007195552637184916 -0.05741627225809172 0.03786200735164211 -1.8963049933215337 -1.0541909322949208 0.28332717191639084
625.6795654296875 -1 788.1341552734375 564.1110229492188 13789 770.3700561523438 586.1834106445312
0.9976271676324385 0.0081002130247701 -0.05742807825868945 0.03710036088969261 -1.955316269048254 -1.0521407454324743 0.2929162374586002
492.92852783203125 -1 736.7485961914062 623.007568359375 -1 791.420166015625 379.8657531738281
0.9977269613395912 0.011712461940653233 -0.05717456898147841 0.03368675575262474 -1.9911546582295092 -1.0477088160332835 0.2795050234591401
515.3794555664062 -1 763.7500610351562 556.3167114257812 13789 763.7500610351562 556.3167114257812
0.9979915621159162 0.013445165970192371 -0.055079082585680034 0.028255337884855947 -2.0253306920831595 -1.0357218044350542 0.26770808475029617
561.8319702148438 -1 741.6242065429688 573.799072265625 13840 741.6242065429688 573.799072265625
0.9981828115300135 0.017136800943757986 -0.05394774621196961 0.020665079194148308 -2.064618740800581 -1.0146609402336042 0.23430692531337136
623.1105346679688 -1 620.459228515625 636.2539672851562 -1 762.4126586914062 477.52471923828125
0.998058831098188 0.022529220342708486 -0.05663486690847259 0.012786545582287548 -2.0945495111698498 -0.9929932331241316 0.17143430814854457
622.87939453125 13782 644.5317993164062 646.5303955078125 13820 644.5317993164062 646.5303955078125
0.9981656582049073 0.022200163517751927 -0.05593306557610337 0.0066305124544527696 -2.1468383536516993 -0.9847426915751972 0.15441698485418748
682.0718994140625 -1 768.1309814453125 586.2540283203125 -1 736.5296630859375 622.9558715820312
0.9982403690065678 0.023229427834172797 -0.054251091021114424 0.005777412149675527 -2.2266233543313176 -0.9900121760259257 0.23242026505687613
622.9014282226562 13782 838.005859375 548.8770751953125 8750 674.379638671875 588.133056640625
0.9982408955463022 0.02421883926971343 -0.05398119972418178 0.0038199947228053756 -2.353253041072869 -0.9924776970412296 0.1400096521420906
0.5 -1 805.8276977539062 544.84130859375 8750 688.4404907226562 534.3474731445312
0.9984089966603567 0.0228922507634585 -0.051116215013616025 0.006523251131504231 -2.4509279528318446 -1.0219607179956316 0.19932879467077494
671.54736328125 -1 1033.170654296875 515.5699462890625 -1 787.0726928710938 533.4327392578125
0.9984457265674447 0.022811270369302715 -0.05016114604588996 0.008344846955408668 -2.545357143369482 -1.0433698145097237 0.1697603467423957
517.3192138671875 7553 755.87451171875 537.968505859375 8750 969.2128295898438 537.9077758789062
0.9985531619367799 0.02230688772814118 -0.04769869147373969 0.010900476027969935 -2.608734071100815 -1.06638211524615 0.19238863126144407
461.3049621582031 -1 1156.7703857421875 461.3049621582031 -1 1185.7054443359375 461.4720764160156
0.998633572207671 0.021949204043295045 -0.04605526038507779 0.0113196242196881 -2.666874694345716 -1.0727672786877873 0.1980999610518392
563.3302001953125 -1 736.6659545898438 623.2703247070312 13782 736.6659545898438 623.2703247070312
0.998757932756371 0.020597602257279708 -0.04342413779414611 0.01314057815722903 -2.7398276132046555 -1.0882140295132208 0.1883524146897627
576.3938598632812 -1 954.426513671875 515.917236328125 7553 624.0796508789062 563.76416015625
0.9988291155471469 0.020130300669272058 -0.04139618857113094 0.014883699205926025 -2.7998594691125374 -1.0996279535904063 0.19930439978743233
674.5826416015625 -1 943.6575317382812 504.1713562011719 47290 693.9228515625 534.9939575195312
0.9988322015792284 0.01963935198777462 -0.04066835599193249 0.01716431655515223 -2.8523545693128503 -1.1232710735965572 0.22995310514624945
502.09857177734375 47290 929.95751953125 506.5591735839844 8245 929.95751953125 506.5591735839844
0.9988381266277884 0.01991949414832566 -0.03928270025628941 0.019557096107028583 -2.90207208959118 -1.143227404416151 0.22068192716053156
613.7343139648438 8499 912.8507690429688 500.4693298339844 47290 671.41259765625 521.6271362304688
0.9988742094036195 0.02112043519361812 -0.0373654558732312 0.02020058694473387 -2.9640436906098606 -1.1435154397312073 0.2159079087033626
711.2290649414062 -1 494.49896240234375 711.2290649414062 -1 793.8301391601562 630.9329833984375
0.9989299172246411 0.021504922180817752 -0.0351535709992983 0.020994886081281968 -3.0046908978778455 -1.1397486747498653 0.26584169037980604
403.0626220703125 -1 866.0679321289062 546.1525268554688 8645 802.2135620117188 587.80078125
0.998971193060997 0.021598965990273566 -0.03334253061609862 0.021870431055511726 -3.0383536726083333 -1.138727236689464 0.2958664183334991
521.8893432617188 -1 1259.82275390625 521.8893432617188 8667 1038.433837890625 529.0284423828125
0.9990242968959637 0.022185603863139728 -0.031108315241911644 0.02214781965708862 -3.0725490136957916 -1.1476237575202466 0.30488926327644017
546.6336059570312 -1 1283.6556396484375 710.8564453125 -1 1283.6556396484375 710.8564453125
0.9991056517466794 0.022744873855841313 -0.027967359718015943 0.02209964143437553 -3.108869159383558 -1.156818011192158 0.32082193991299846
514.8467407226562 7808 842.760009765625 525.7144775390625 8457 826.4752807617188 605.7188720703125
0.9992015051446516 0.022254344880792427 -0.025852156192904503 0.0208029389935009 -3.146605858804216 -1.1555553862560883 0.3319733034934331
636.4736938476562 -1 796.8550415039062 641.3589477539062 -1 796.8550415039062 641.3589477539062
0.9993027169217471 0.021551729406979823 -0.023556866725984053 0.019356573623377702 -3.188096300794922 -1.1541656959061082 0.360642861899339
517.5287475585938 -1 849.7112426757812 605.3065795898438 8566 923.5682373046875 674.7476196289062
0.999408728584056 0.02142468358191105 -0.02123575297677261 0.016499059334556185 -3.238877266005448 -1.141402397221125 0.37530794519067256
524.1109619140625 -1 877.4528198242188 611.9181518554688 7525 872.0404052734375 693.754638671875
0.9994936934374469 0.02095681380858931 -0.01878284293789644 0.014844983830689839 -3.3041669036112986 -1.1361756882358365 0.39233924571542955
582.1156005859375 -1 933.9202880859375 630.91455078125 -1 1307.6580810546875 459.6199951171875
0.9994309514057896 0.02543505195670992 -0.017553248046511056 0.013517210773506146 -3.3679767689752294 -1.1189812888330195 0.33082352111549
600.8374633789062 -1 774.18505859375 600.8374633789062 -1 797.2914428710938 491.9778747558594
0.9994262401510436 0.026249325758912683 -0.017488424404153866 0.01234173434373614 -3.4325879003841036 -1.1278794566577814 0.3609183951178208
510.0680847167969 8045 804.3782348632812 598.940673828125 -1 776.5597534179688 485.16351318359375
0.9994533105710935 0.026312272060135238 -0.016602002688320378 0.011185608354123059 -3.4994234844760554 -1.1326242900865846 0.3467516874551121
495.6913146972656 7808 1007.29931640625 494.7935485839844 -1 803.7572631835938 598.3955688476562
0.9993947976089287 0.027098123919144273 -0.017250454476848275 0.013347359761889506 -3.5699389591560493 -1.1474590700496436 0.3450238077450134
505.00469970703125 8457 770.9928588867188 510.8755798339844 -1 970.5177001953125 527.0211181640625
0.9993088926870469 0.02793871154818802 -0.018222062690000037 0.016404932945217634 -3.6227086937884287 -1.173582139440424 0.3406849306038382
0.5030918121337891 -1 994.2523193359375 472.5036926269531 47328 717.2108764648438 477.5255126953125
0.9992489509208641 0.02923326384833691 -0.0170537124316767 0.018871175390626115 -3.660273636377172 -1.1989486177664126 0.3445568473230176
582.716796875 8566 817.1412353515625 610.3944091796875 -1 922.1773071289062 631.3570556640625
0.999240637243927 0.03156331016596866 -0.013835275061889047 0.018179425064609928 -3.69988237042342 -1.2037283545138553 0.36647889853976423
510.931396484375 -1 864.8135375976562 567.2735595703125 -1 845.814208984375 434.7412414550781
0.9991908846611177 0.035644357675712335 -0.010017131785147161 0.015707095429075665 -3.739359651808051 -1.1947540910545593 0.4200455918780696
480.2723693847656 -1 883.9813842773438 485.81646728515625 -1 860.330810546875 560.2255859375
0.9991466307391645 0.03811977736320575 -0.006551238700296982 0.014490484044600445 -3.772198769128516 -1.19403598635553 0.4106680428394098
597.2208251953125 -1 791.8460693359375 752.2279052734375 7803 930.2220458984375 439.6897277832031
0.9991560590053526 0.03917683692579354 -0.004130911687420438 0.011631026180560444 -3.8191542607695763 -1.1792978377150536 0.4293364740652346
630.3345947265625 -1 959.7896118164062 630.3345947265625 -1 938.3018798828125 441.76959228515625
0.9991246599890223 0.040500279361410915 -0.0019616824525570983 0.01028557122495846 -3.865206595054577 -1.1707774552927834 0.43104938565297773
510.92095947265625 7908 691.0130615234375 566.5576171875 -1 863.7864990234375 746.3843383789062
0.9990320744393768 0.041651907946276406 0.0008089466607487526 0.014120142035064768 -3.9006038549561257 -1.207748006486503 0.44819922347919794
497.735107421875 -1 1155.2435302734375 497.735107421875 -1 665.8773803710938 556.6670532226562
0.9989034181452152 0.04304324727519724 0.0026117870346650026 0.01823235174894079 -3.927883917929466 -1.2380308395675477 0.45213854355764566
472.4685363769531 -1 1072.953857421875 509.9924621582031 -1 905.6627197265625 516.1304321289062
0.9989086465183049 0.04294328915956061 0.003966845293385712 0.017934713980019026 -3.964051337746458 -1.2151319123480002 0.5001155064117692
419.3446044921875 -1 838.8732299804688 587.5996704101562 46832 808.0258178710938 618.0392456054688
0.9989799326634967 0.041022068344262 0.007134231938479001 0.017475319139924984 -4.00030606766008 -1.1864483765205251 0.5417343102141202
591.5541381835938 -1 848.8491821289062 444.29364013671875 1381 938.7093505859375 453.28265380859375
0.9990237808353631 0.04136075902837116 0.009559937443048958 0.012222132960262514 -4.048469656748283 -1.1015252776805513 0.5687155427002288
502.01153564453125 -1 777.2998657226562 595.4092407226562 -1 778.0408935546875 443.13726806640625
0.999195241841182 0.03765064419090038 0.012860771197099628 0.005089031162021346 -4.115073300316521 -1.0192827106763702 0.6086100351797256
600.89794921875 -1 827.388671875 468.7178649902344 1381 893.0126953125 477.953125
0.9992126347582473 0.03806477071735941 0.01111053703269709 0.0013189907359364688 -4.181491843907397 -0.9535877198914327 0.590178671248489
0.5036318898200989 -1 0.5035967826843262 0.5036318898200989 -1 0.5035967826843262 0.5036318898200989
0.9991910970802012 0.0390486483609692 0.009498117069633749 0.0014629931568998812 -4.234160852814664 -0.93044971293387 0.6153682686644726
494.61553955078125 -1 786.3528442382812 631.3111572265625 -1 836.8859252929688 492.9368896484375
0.999160821992243 0.03987121616856004 0.008783301658028484 0.003285046272008502 -4.267953661686389 -0.9285151304759212 0.6066868104007355
489.0185852050781 -1 828.5045166015625 494.1473083496094 -1 791.3994750976562 531.5134887695312
0.9990916424297778 0.04178451639042052 0.008363023535635648 6.367362205333647e-05 -4.317995468737874 -0.8925026974064432 0.6158637902277495
523.0244750976562 -1 807.33642578125 523.0244750976562 -1 1226.4364013671875 564.33349609375
0.9990149144976957 0.04336869129784237 0.0032719021210766332 -0.008812030570998964 -4.411808337472012 -0.8088031486659746 0.4978537996218579
489.3134460449219 -1 821.6289672851562 499.1422119140625 -1 821.6289672851562 499.1422119140625
0.9987692149745019 0.04674650934638529 -0.006877794435001815 -0.015083601256178452 -4.50471812507985 -0.76492991914032 0.3835082886883466
479.1924133300781 -1 788.9041748046875 491.0311279296875 47432 774.549560546875 526.4708862304688
0.998159677520567 0.05608499785852401 -0.01603264927260259 -0.01657363401759133 -4.588190639424722 -0.7561378403396459 0.37280492069021315
484.6208801269531 9985 671.2984008789062 617.7224731445312 46832 696.6787719726562 464.84735107421875
0.9978199101904458 0.061195158497826606 -0.019580714301720384 -0.015072326674776494 -4.642500888796803 -0.7772496636976549 0.27472500160242225
512.9361572265625 8945 746.5318603515625 623.1195068359375 -1 742.953857421875 697.0859985351562
0.9973112882239203 0.06737985371349843 -0.025405810642740896 -0.013590234739592182 -4.665643222891173 -0.7757389115514418 0.23930801931042925
501.7788391113281 -1 709.308837890625 448.76446533203125 8889 701.1951293945312 461.205810546875
0.9971493624979083 0.06879518987831376 -0.0266442893084019 -0.01582569325092187 -4.687974879719595 -0.7444165057928531 0.1708184344186674
462.9591064453125 -1 673.1536865234375 500.6343078613281 -1 675.39599609375 539.5059204101562
0.9969155050303163 0.07111792997462835 -0.027156808147914293 -0.019084644023158587 -4.701099565530005 -0.6832191535129402 0.16961364295647538
367.00958251953125 9187 837.2273559570312 388.1370849609375 9190 706.6591796875 455.96868896484375
0.9966755745517626 0.07178615998539353 -0.029835020228014052 -0.024380686915253753 -4.715456786699605 -0.5997480568408572 0.14234277378039886
475.67340087890625 -1 707.9031372070312 633.5338134765625 -1 702.8081665039062 662.362060546875
0.9965000136169675 0.07342265738577332 -0.029238746422215894 -0.027238427844725955 -4.7363871047378465 -0.5421527926329941 0.1322701787846796
595.35595703125 -1 695.9041748046875 595.35595703125 -1 744.332275390625 615.46337890625
0.996280074264601 0.07498194168015875 -0.032866052075346604 -0.026898785589225985 -4.735391242534417 -0.4976769454303012 0.07130628791974018
534.8528442382812 8312 881.8613891601562 474.378173828125 9192 679.7605590820312 481.4998779296875
0.9960119283151245 0.07734463978982749 -0.035837244139970775 -0.026338892957398025 -4.743793523697993 -0.4511832915202859 0.010526377652875476
518.7771606445312 -1 667.5994873046875 495.5754699707031 9160 664.1614379882812 505.17669677734375
0.9959433697480501 0.07820928897943145 -0.03791708251076213 -0.02328961627212303 -4.754324855099844 -0.42530233293030456 0.025990194001473493
497.0818786621094 9192 620.9603881835938 504.97406005859375 9560 620.9603881835938 504.97406005859375
0.9959208322852666 0.07796505056379832 -0.03903701293029902 -0.023221936445651885 -4.755027975905548 -0.37367502877883185 0.032158924799262856
0.5038566589355469 -1 806.2210083007812 451.22698974609375 9190 799.572509765625 571.7788696289062
0.9959455362283186 0.07676787614830635 -0.03865127468382197 -0.026556751003859437 -4.762202852096122 -0.2907981989551744 0.039814371527689255
443.71673583984375 9296 808.0921020507812 584.7129516601562 9186 808.0921020507812 584.7129516601562
0.9959035943813415 0.07735255083010716 -0.03776527717911635 -0.027683883722932137 -4.771618504152843 -0.22421667735244746 0.08316130281222628
437.2792053222656 9455 632.335205078125 567.9214477539062 7521 749.2152099609375 616.7904052734375
0.9959148827687944 0.0774174159741849 -0.03670143213281905 -0.02851481830380215 -4.777510172890317 -0.17519389457291687 0.04344709255563314
469.2708740234375 -1 657.5609741210938 569.9722290039062 9160 677.3644409179688 579.9517211914062
0.9955347774619618 0.08050950931423514 -0.04069912539516183 -0.027790411400560464 -4.75470436719973 -0.13094948819493235 0.07702156948583273
484.8005676269531 9502 800.8115844726562 502.1817626953125 -1 678.2401123046875 590.1697387695312
0.9955134631071735 0.08071510097261557 -0.04029862242007219 -0.02853135605587752 -4.758832765401948 -0.07017909825956614 0.12985438147536163
463.6141662597656 -1 815.4296875 506.4527587890625 9390 815.4296875 506.4527587890625
0.9955971967982299 0.08010076140498826 -0.039995908910659995 -0.02775638701736973 -4.7607645478110685 -0.024227334554100893 0.09749321885716512
523.8759765625 -1 743.969482421875 615.1669311523438 -1 823.0867919921875 502.9920959472656
0.995569935159932 0.08010148067189683 -0.04152506280500109 -0.02645611760745426 -4.7455026190794305 0.016173687979879378 0.07604167837046366
474.66192626953125 9566 798.9868774414062 502.65216064453125 9455 806.1759643554688 526.2667236328125
0.9957014607667701 0.07880678293687597 -0.040146900699496904 -0.027501242777100726 -4.735224060175003 0.06516949044286308 0.04658182588922672
559.490966796875 -1 803.764404296875 516.5546264648438 9455 792.9932861328125 525.992919921875
0.9957259018954214 0.0784453466189935 -0.03958139520212366 -0.028452926777906486 -4.716180910544211 0.11930954647248548 0.06974227993762484
626.0106811523438 -1 678.22998046875 670.1694946289062 9084 678.22998046875 670.1694946289062
0.9956379050774996 0.07966680347123631 -0.037676316182078805 -0.030640783222874432 -4.711468787594484 0.18668258996668963 0.10581420363608789
575.6646728515625 9601 739.6369018554688 626.0941772460938 -1 817.8784790039062 519.6548461914062
0.9957217181884924 0.07730840185944261 -0.038152249714604354 -0.03325773250553955 -4.700898096514051 0.24371082489131493 0.1278251657231204
526.69921875 9566 780.6641235351562 526.69921875 9636 815.3701171875 553.1724853515625
0.995378026034485 0.07867739827968205 -0.03950276829802568 -0.03836643825565679 -4.684235390103491 0.3345017910173141 0.09571880700314206
536.435791015625 9566 782.4705200195312 536.435791015625 9636 778.5863037109375 551.7300415039062
0.9950999896377876 0.07846148744625125 -0.04136389835519323 -0.043690199398241716 -4.661835960491549 0.4160029579708205 0.07304779448415925
343.2392272949219 -1 800.4996948242188 534.6250610351562 -1 829.906005859375 598.513671875
0.9950087934997854 0.07686600519778876 -0.0404900780403575 -0.04908840681179696 -4.636198701777599 0.488088823171512 0.08099838040335613
562.09619140625 -1 788.8653564453125 569.4033813476562 -1 830.7564086914062 604.6480102539062
0.9949092568075291 0.07507575697620571 -0.04130303209726631 -0.05304018262329277 -4.578769082058555 0.5467416347065575 0.09323069509580148
423.18505859375 -1 1038.066162109375 425.2255859375 -1 1042.5106201171875 426.9532470703125
0.9948353664123378 0.07514125551546115 -0.043104329774342046 -0.052899926365680715 -4.509907611208434 0.562015528123949 0.015540159629496253
446.54937744140625 9779 1113.1561279296875 446.54937744140625 9780 1127.0338134765625 449.19293212890625
0.9946749842237655 0.0761338890983617 -0.0455950284739624 -0.05240610716957226 -4.45271248718345 0.5658640008103818 0.012783523702122324
457.9021911621094 -1 1193.4984130859375 458.86181640625 -1 799.981201171875 484.7281188964844
0.9946681378768698 0.0758302297573921 -0.0479460779458157 -0.05085514091136794 -4.408089550293135 0.5455033806210559 0.04142429665682732
463.06231689453125 9964 1237.3741455078125 467.9220886230469 9779 1237.3741455078125 467.9220886230469
0.9944118843125962 0.07822833869363113 -0.047928369492570115 -0.05223220042167608 -4.364853082743513 0.5589071508875557 0.04598012808970526
0.5028316974639893 -1 0.502861499786377 0.5028316974639893 -1 0.502861499786377 0.5028316974639893
0.9943793109177855 0.07667382653576944 -0.04818634538215527 -0.05485422920563557 -4.324027661834796 0.5640998236844172 0.044462177632998305
0.5034737586975098 -1 1327.9482421875 455.8565979003906 -1 1327.9482421875 455.8565979003906
0.9942114429474691 0.07560089056403116 -0.05048263016671929 -0.057267932647224684 -4.277893824126587 0.5679457637211417 0.04378212251632691
0.503585934638977 -1 1357.75439453125 442.1645202636719 -1 688.8123779296875 509.4258117675781
0.9941424703802708 0.0755075746166356 -0.05311667909254921 -0.05619584650047439 -4.240319700300345 0.5442668295348264 0.05723726010304158
0.5035426616668701 -1 790.3385620117188 509.6954650878906 -1 881.2522583007812 552.147705078125
0.9939421229244974 0.07519276511576979 -0.056517856942301915 -0.05684044508303716 -4.19787315613718 0.5342105998260083 0.04003233473523491
0.5040518641471863 -1 0.5040872097015381 0.5040518641471863 -1 0.5040872097015381 0.5040518641471863
0.9940297572028365 0.07440584326590984 -0.058802002185383506 -0.05395309835541465 -4.156200425230807 0.5088046696121694 0.008947945200779791
0.5 -1 0.5 0.5 -1 0.5 0.5
0.9938914936136977 0.07393236294770059 -0.06043328086080274 -0.055331032845068635 -4.103544718081049 0.5262553884737811 0.014213840491712388
550.3780517578125 9566 907.95068359375 550.3780517578125 9636 781.0948486328125 703.495361328125
0.9937621064564006 0.07323731557210111 -0.061884716707165166 -0.05695132322610073 -4.04946545432646 0.5566224125956296 0.007798771332917661
562.463134765625 9599 795.056884765625 705.2399291992188 9560 763.9949951171875 709.3517456054688
0.9938372540927227 0.0668080222399619 -0.05988572071962076 -0.0650991627881123 -4.000978686589351 0.6151481323331551 -0.010800930409469296
89.5 -1 737.1915893554688 618.7365112304688 -1 871.0572509765625 468.1774597167969
0.9940972015074349 0.06274116733732878 -0.05770948655937716 -0.06711121394587329 -3.955325660475542 0.6375735339014226 -0.01946482339113423
734.5271606445312 -1 737.486083984375 618.8060913085938 -1 737.013671875 623.2966918945312
0.9941503041202489 0.060016381257217415 -0.05643486217078622 -0.06984492200704147 -3.8948931332490786 0.673336992745684 -0.02950744879215723
626.83349609375 -1 736.8488159179688 623.0111083984375 -1 868.443603515625 721.9507446289062
0.9943902873197038 0.0556544292653452 -0.054384792787657406 -0.07164380853101826 -3.8477642380711266 0.6868424714614085 -0.03476478337674212
627.130859375 -1 731.6015625 431.6013488769531 9838 1000.5186157226562 582.0432739257812
0.9951235350721754 0.05082339679806493 -0.05337615798147609 -0.0655524068398713 -3.808472068460863 0.6295562993082902 -0.009509387657243755
625.3858642578125 -1 1014.5070190429688 588.4197998046875 9599 700.6097412109375 593.391845703125
0.9956837037667948 0.04871235258306534 -0.05106925957009806 -0.06027436840003186 -3.7739495586930074 0.5770955683562037 -0.0022838778168250418
632.11279296875 -1 697.8197021484375 632.11279296875 -1 722.3760375976562 677.379150390625
0.9960968124626262 0.04717786329226261 -0.04934556242857007 -0.05595002131885788 -3.7345715157707304 0.5382481775972533 0.023295928607761775
683.5572509765625 10171 731.8150024414062 590.873291015625 -1 731.8150024414062 590.873291015625
0.9962434638806341 0.04707871005602151 -0.04953561655319323 -0.05318626164031224 -3.6805945245636957 0.5223609018595168 0.012973634500177994
704.0949096679688 -1 816.5886840820312 730.7953491210938 -1 792.904541015625 436.6781311035156
0.9963963482423425 0.04314283278422086 -0.049579941992841714 -0.05361755813783229 -3.627643769783606 0.5115175746621462 -0.014751581534238658
531.4967041015625 10224 834.7482299804688 685.9104614257812 10171 803.690673828125 433.5736083984375
0.9963254027074573 0.04293896907343791 -0.05122715115660659 -0.053551058244555354 -3.5710035385158756 0.5087583061452584 -0.040097668069010384
582.8931884765625 -1 934.7786865234375 733.5498657226562 -1 799.4411010742188 761.6202392578125
0.9963261475807001 0.04394562028324662 -0.05284531758300447 -0.05109170690506561 -3.5242626369151555 0.490955489191985 -0.015364914579490135
0.5 -1 0.5 0.5 -1 826.706787109375 433.0483093261719
0.9963553613981825 0.04369817911894724 -0.05493347780265951 -0.04846417203760146 -3.4779049020388557 0.46735298602362635 -0.025196146430909786
618.6322021484375 -1 738.1801147460938 618.6322021484375 -1 807.8406372070312 676.3841552734375
0.9964479849693205 0.043373227568755536 -0.05610714476736334 -0.04541106348572106 -3.4384972095507806 0.4451461487848656 -0.02758824630794908
690.3735961914062 -1 839.3356323242188 690.3735961914062 -1 602.5576782226562 447.5109558105469
0.9964790335543428 0.04312847073903381 -0.057041851588298914 -0.04376868590321032 -3.4064123498495436 0.4327591999545806 -0.05035102426799492
623.1142578125 10410 883.796142578125 683.0768432617188 -1 737.11474609375 696.4679565429688
0.9964605793673116 0.0431933632726536 -0.058554157161929285 -0.04209581707503151 -3.3776471044717833 0.4177325431492375 -0.041587642959362625
637.4852294921875 -1 871.8305053710938 665.8958129882812 -1 834.0980834960938 667.8802490234375
0.9964068005544796 0.04290785982066319 -0.059719746921539224 -0.04202326976834541 -3.355022068926678 0.40531425124122306 -0.03573810198391612
0.5 -1 0.5 0.5 -1 863.9219360351562 432.3320617675781
0.9963783814446913 0.0420496373576524 -0.060849698085228256 -0.04194357198288975 -3.327005141859549 0.3764175245952601 -0.06899301656807262
623.0321655273438 10410 821.2564697265625 651.559326171875 10395 869.3399658203125 425.7996826171875
0.9963177986634558 0.041936509064015824 -0.061788935371990185 -0.04212244935334669 -3.2912477331891634 0.35300102685137924 -0.06197748719631123
407.84014892578125 -1 712.1825561523438 407.84014892578125 -1 736.8587036132812 622.9452514648438
0.9962427189283427 0.040166718571037006 -0.06408376784297827 -0.04219419865983507 -3.243030938896511 0.32053648363037224 -0.05223703528749913
623.2232666015625 10410 756.522705078125 626.5989990234375 -1 889.709716796875 417.49102783203125
0.9961563109937903 0.04544821508715054 -0.06235353501284004 -0.04146203666051491 -3.2115551574784442 0.31391943316565357 -0.064655734895391
0.5 -1 898.8023681640625 411.6241455078125 9838 869.0008544921875 483.6972961425781
0.9961435460414577 0.04718118085995365 -0.06274899885868424 -0.039173141242993016 -3.147772412265404 0.2757622633223293 -0.04631210085959915
0.5 -1 0.5 0.5 -1 0.5 0.5
0.9962208411047827 0.046527311527613746 -0.06174008797218533 -0.03959048582271246 -3.1055002938824368 0.26442171212464566 -0.0434359684601234
0.5 -1 631.7134399414062 498.2134094238281 10516 736.7434692382812 623.1165161132812
0.9959826495843564 0.047804150691616226 -0.06543303983045066 -0.03810304715012912 -3.03647389312624 0.2556237792908288 -0.04131395161984112
0.5 -1 0.5 0.5 -1 644.70458984375 495.8531494140625
0.9961597851098479 0.04787043554168449 -0.06331130429186202 -0.036956497125873046 -2.9960240707920085 0.23706921110438928 -0.07063776295253178
0.5 -1 0.5 0.5 -1 0.5 0.5
0.9961341550078743 0.04914946458522391 -0.06250260501759833 -0.03734300100083514 -2.9363012136975613 0.2342027691877537 -0.06617102980982789
0.5 -1 737.0452880859375 623.1199951171875 -1 677.563232421875 489.47430419921875
0.9962891033064039 0.04926830621949955 -0.05945193071993392 -0.0380279445783696 -2.8827653221566014 0.23331719695574935 -0.0470301021149403
0.5 -1 693.664794921875 514.5281982421875 10449 736.9537963867188 623.0223388671875
0.9962901363715306 0.0497667120686309 -0.0591369527611112 -0.03784256012487816 -2.810473672880088 0.22675675622390878 -0.02144433368408658
623.1864624023438 -1 720.7357177734375 486.5932312011719 10515 714.4871826171875 512.9252319335938
0.9963537200319694 0.04870235010718767 -0.059261086570237195 -0.03735598065916091 -2.767228389505523 0.21327283581446818 -0.025649584892456036
0.5 -1 0.5 0.5 -1 731.5931396484375 485.0989990234375
0.9963606365064056 0.048157509475728104 -0.05996237215705777 -0.03675391444382421 -2.7234178280042793 0.20983132975673802 -0.01966139951560586
0.5 -1 743.5731811523438 485.82177734375 10515 734.4640502929688 508.34442138671875
0.9963875933641664 0.0459203759794744 -0.05996175239564561 -0.03882874076649387 -2.677417000968418 0.21424194440238534 -0.02143997270753458
0.5 -1 755.1480712890625 487.230224609375 10515 747.2522583007812 509.5729675292969
0.9964616829379233 0.04331691409084879 -0.05949992159204424 -0.04058963809531016 -2.624375472626419 0.21196744818896132 -0.03043193820906911
623.6236572265625 10667 736.6633911132812 623.3284301757812 -1 775.928466796875 488.1025695800781
0.9964663615915479 0.04291139149836833 -0.0583386365449597 -0.04254416742928837 -2.5729213963214073 0.21731042638070758 0.00723891246999526
518.0872802734375 -1 736.58984375 623.2257690429688 -1 787.2471923828125 487.2052917480469
0.9963605474122507 0.04334059769471894 -0.05895629412529477 -0.04371964701180254 -2.5100902570621004 0.21508769750040355 0.020710690847623447
735.9075317382812 -1 547.0618896484375 735.9075317382812 -1 736.6926879882812 623.2529907226562
0.9962632321007926 0.04349340196176901 -0.06043997813048679 -0.04375963200782824 -2.4428064378500083 0.20333692175818122 0.027248949663537084
623.1432495117188 -1 810.6046752929688 503.1890563964844 10495 677.1405639648438 420.9012451171875
0.9962315393323069 0.04597116187155885 -0.05960845266354303 -0.04308369397834022 -2.385034587041895 0.20111511408910787 0.06070487427810771
623.0762939453125 -1 838.9904174804688 478.1271057128906 10515 827.4273071289062 500.43096923828125
0.9963050445320084 0.0467119276812537 -0.05810875584752294 -0.042633631633101896 -2.3229948471253237 0.19302886744533065 0.09004197060804511
476.0444641113281 10515 847.2103881835938 498.3681640625 10495 810.4686889648438 615.1052856445312
0.9963620429289255 0.047798528672149926 -0.05549458876584091 -0.043569836871237236 -2.2669492224796817 0.19184094019827252 0.08126721916086034
0.5 -1 874.999755859375 473.8092956542969 10515 865.2158813476562 495.9210205078125
0.9964067806835598 0.0472755020936443 -0.054535959749656214 -0.04432136509407357 -2.2286281256882416 0.19037172239589956 0.10085459693431835
383.9154357910156 -1 721.5761108398438 563.341796875 -1 614.4329223632812 595.5941772460938
0.9963677285821279 0.04648585651382011 -0.05568772005183707 -0.04460148450103463 -2.1948394454432463 0.18874007669985224 0.09803304554323611
549.5699462890625 -1 990.4357299804688 549.5699462890625 -1 728.7362670898438 605.5922241210938
0.9965233772011172 0.04564730922239874 -0.05607351038572029 -0.04139134312217128 -2.1682203116326666 0.1755750811097476 0.10464576656240453
595.3444213867188 10813 824.3463134765625 607.767822265625 -1 422.1697998046875 730.3041381835938
0.9966530267737438 0.044305872816818255 -0.05608818125857366 -0.0396717756065997 -2.1388939141220615 0.167768440408376 0.12101206682898341
684.5618286132812 -1 677.0831909179688 596.55810546875 10813 636.4505004882812 597.9622192382812
0.9967082129994312 0.043183613017330404 -0.057380406131350335 -0.03762183805253951 -2.1071185825241985 0.1574303453774073 0.139464426681055
589.4392700195312 -1 784.3464965820312 589.4392700195312 -1 681.399169921875 597.9240112304688
0.9966929769406059 0.04082285521935201 -0.06003107116166878 -0.036508556588769614 -2.063603665098689 0.14557313169178968 0.13339105170722138
598.6317138671875 -1 252.69520568847656 598.6317138671875 -1 736.7911987304688 623.1676635742188
0.9968759810499878 0.03874363160925846 -0.05843046155043892 -0.036374312067079126 -2.020739149968664 0.1397469760648688 0.18091069951886563
592.4794921875 -1 347.43255615234375 592.4794921875 -1 736.6983642578125 623.083984375
0.996923380171202 0.03668515544987801 -0.05908834457086764 -0.036146105924675105 -1.9604220959187943 0.13598213704999682 0.15384498391607404
586.0929565429688 -1 426.9795837402344 586.0929565429688 -1 418.6426696777344 586.9552612304688
0.9973195803728506 0.03419744948734269 -0.054389597958795395 -0.035013721415502255 -1.893815891594366 0.11995634211934773 0.15736220085674735
623.1093139648438 -1 747.2840576171875 600.4857177734375 -1 740.784912109375 601.6812744140625
0.9976647375576959 0.033315648463231616 -0.05123194923098122 -0.03050289132856506 -1.8286209281891228 0.08895937638179087 0.10389262814792777
0.5029759407043457 -1 736.5966186523438 623.0796508789062 -1 758.1072387695312 730.610595703125
0.9979078905198168 0.03271668172990965 -0.04908536160191938 -0.02645917707114483 -1.77121721568146 0.057605931710630325 0.14570313053614062
0.5 -1 716.212158203125 496.6163635253906 10814 738.2628784179688 521.4411010742188
0.9980193297298431 0.032770701960377846 -0.04786652034760337 -0.024337107643087257 -1.7209636857031472 0.036167612727609176 0.2356810313186757
0.503962516784668 -1 725.2481079101562 572.2199096679688 -1 761.7949829101562 590.4765014648438
0.9978109880769213 0.03527434570516235 -0.05065625191040857 -0.023725445210153198 -1.6608751866237428 0.02837847380534665 0.228539658423112
0.5039589405059814 -1 0.5040422677993774 0.5039589405059814 -1 741.6276245117188 719.1932983398438
0.9977927500788014 0.036230975448013285 -0.050993353828027964 -0.022285021284208416 -1.6115929294536986 0.006419918718013034 0.21964220891088737
707.7476806640625 11167 753.5165405273438 713.060546875 11071 756.7264404296875 484.9923400878906
0.9976285484159865 0.03901367474749228 -0.053330567752224355 -0.019262998503190357 -1.5533486509258083 -0.02035119010879871 0.2008524173863245
0.5 -1 0.5 0.5 -1 0.5 0.5
0.9973135618062181 0.04104382185596398 -0.05738933146588069 -0.019685750144457115 -1.5013257277026513 -0.043640294611466054 0.1662391367414319
0.5 -1 0.5 0.5 -1 0.5 0.5
0.9971789621081197 0.0436731805602574 -0.05822378555926511 -0.01835106601461947 -1.4568385610472927 -0.06772852139923544 0.1525377773399344
450.8155517578125 11207 861.238525390625 594.0743408203125 -1 743.7029418945312 614.9784545898438
0.9969958227014204 0.04551247526897726 -0.059853776089160315 -0.018586812493736678 -1.395564735048363 -0.08098541010202602 0.15493214160528898
0.503710925579071 -1 736.4830932617188 623.0958251953125 -1 794.9155883789062 684.0264892578125
0.996961478616369 0.0470469100792179 -0.05804473665994695 -0.022027413673393174 -1.3520858494600025 -0.07548350656889317 0.10099963981477172
521.1032104492188 -1 787.5263671875 521.1032104492188 -1 765.6984252929688 575.6043701171875
0.9968542057675515 0.048286870310292496 -0.057685670273312235 -0.02494862810456986 -1.317216363021341 -0.06733022841144361 0.1047960195014611
0.5037971138954163 -1 0.5038132667541504 0.5037971138954163 -1 824.92236328125 439.44598388671875
0.9967395715761157 0.04929181933194484 -0.05864766867844546 -0.025317858515120664 -1.2867968985928238 -0.060344287075950784 0.10465760413831748
481.9700927734375 11302 809.47509765625 493.2215270996094 -1 718.46630859375 508.4075012207031
0.9967368287560853 0.04812363514198702 -0.05968108880019674 -0.025258218100376987 -1.2621036708460827 -0.05419729674933179 0.13854339897140858
604.7490844726562 -1 649.4701538085938 641.5492553710938 11228 838.0106201171875 676.074462890625
0.9966251817416563 0.04735494890520879 -0.061526207787662 -0.026651110443381542 -1.2337612062883272 -0.04268087488875006 0.08493883142947371
484.4999694824219 -1 831.4779052734375 690.2887573242188 -1 840.5844116210938 445.49249267578125
0.9965747824067512 0.045482706158161024 -0.06365032308079376 -0.026807888450556917 -1.1929046365363598 -0.040637057194113466 0.10690852814065512
0.5 -1 0.5 0.5 -1 0.5 0.5
0.9966516656961688 0.04222158423654099 -0.06494050475352398 -0.02618255014253686 -1.1559782841374473 -0.037899082650934196 0.1258504541249437
527.3366088867188 11282 843.1658935546875 584.36962890625 -1 843.1658935546875 584.36962890625
0.9968765790177698 0.03736593605248701 -0.06483928812031718 -0.025233702558291556 -1.1361672780575218 -0.03742016803493827 0.138289197137337
443.69775390625 11301 860.9706420898438 461.9837646484375 11098 755.1461181640625 504.3343200683594
0.99677317852062 0.036265553416775294 -0.06608159761400992 -0.027590989001035994 -1.1194333997694423 -0.02089949177024285 0.11540419081280871
615.9205322265625 -1 752.5968017578125 448.0771179199219 11301 756.0816040039062 534.7866821289062
0.9967643057401934 0.035352399810514704 -0.06670720874593888 -0.02759121112299185 -1.0928481585700964 -0.020628295284549843 0.12489559371220343
448.3258361816406 11301 759.6629028320312 448.3258361816406 -1 738.5717163085938 539.900390625
0.9968696673951216 0.0357611400465466 -0.0663585854174634 -0.023844186534756725 -1.049642022277941 -0.028201619087806176 0.11674638222301216
616.0686645507812 -1 959.7948608398438 702.6051635742188 -1 715.197265625 321.4607849121094
0.9969564312902335 0.03502590525535525 -0.06603560115067682 -0.022144061297640114 -1.0027412734869983 -0.03705230407569325 0.14316786766582332
663.5223999023438 11228 792.2091064453125 515.8897094726562 11168 788.5516357421875 534.9430541992188
0.9974369828091848 0.03284436770258462 -0.060869734140245 -0.01831906931106196 -0.9669091952520315 -0.04596741785135179 0.13716920074538533
707.5048828125 11071 809.1467895507812 518.5930786132812 11168 805.9795532226562 537.57080078125
0.9977730182651946 0.03035065289043443 -0.05806160613240195 -0.01251765890308878 -0.9291139313559208 -0.053319177974788384 0.1602143470323219
616.3966674804688 -1 919.1064453125 707.5252685546875 11167 823.3848266601562 523.2366943359375
0.9979442138717465 0.027681395846661558 -0.057511596120704424 -0.005788146122147406 -0.883253391181243 -0.0678296650994209 0.15585800384667498
597.9342651367188 -1 973.993896484375 715.619873046875 -1 827.8287353515625 550.0773315429688
0.9981198441247063 0.027066361382570403 -0.05499259204517571 6.0548599086707147e-05 -0.8478031269145587 -0.07497362148500311 0.18691540263233644
536.4950561523438 11561 674.919921875 536.4950561523438 11562 736.67822265625 623.1851196289062
0.9981579716539243 0.027640449951332097 -0.05371388313486752 0.005611408805752988 -0.7925132889662215 -0.08627349669548262 0.1691625783089629
0.5 -1 692.7567749023438 534.4428100585938 11561 692.7567749023438 534.4428100585938
0.9980906530285231 0.03147727000246278 -0.05302926825928316 0.003482315059464477 -0.7341487122480727 -0.08946158230521675 0.15449754398376686
0.5 -1 0.5 0.5 -1 710.0714721679688 528.115966796875
0.998008176154351 0.034734469701296636 -0.05264803058733821 0.0011755079372719618 -0.6756963270038162 -0.10009523568666846 0.1631737534396735
0.5 -1 0.5 0.5 -1 0.5 0.5
0.997897414029678 0.03601354425892169 -0.05376082068984199 -0.0036810136575031053 -0.6165589748135711 -0.10910336482204076 0.1562887336575801
0.5 -1 0.5 0.5 -1 0.5 0.5
0.9975969611562342 0.040838132062131535 -0.05564883545566483 -0.005979730257397659 -0.5609523658309076 -0.10518736353727745 0.13970999762856928
0.5 -1 0.5 0.5 -1 0.5 0.5
0.9974013299170656 0.042187668468788804 -0.05801177416295517 -0.006739567293433474 -0.5096772106749291 -0.12265938439937649 0.11954206587955216
0.5 -1 0.5 0.5 -1 0.5 0.5
0.9972440500528165 0.04347120364956804 -0.05980875943298877 -0.006121387310105285 -0.45297186518063237 -0.14067231880945943 0.10260790652292023
0.5 -1 0.5 0.5 -1 0.5 0.5
0.9972364181056292 0.0443448883724701 -0.05918411760563289 -0.007092073203975788 -0.39462196456332566 -0.1511366197768933 0.10192893881609225
0.5 -1 0.5 0.5 -1 0.5 0.5
0.9973653005617583 0.043921592387100646 -0.05713723336620857 -0.008287793481393715 -0.34928859056625755 -0.15354183548928274 0.09236839502290095
0.5 -1 0.5 0.5 -1 0.5 0.5
0.9975197387004942 0.04282875529922164 -0.05547638158054705 -0.0065145766667475 -0.3055469790092029 -0.14899579428139725 0.09002726923085094
457.7051696777344 11865 780.218505859375 543.2490844726562 11591 764.701171875 582.4012451171875
0.9976965738530156 0.04140368389717818 -0.0532584920622523 -0.007128429346762815 -0.2587656851721074 -0.13999592052253385 0.07260716318627496
543.285400390625 11864 794.7464599609375 547.17578125 11591 794.2506103515625 565.5208740234375
0.9980670749951809 0.039746911468841184 -0.047592675055997506 -0.004151399796022396 -0.20451047072127015 -0.13454040210541746 0.050867355741790375
551.85400390625 11591 831.9047241210938 600.5353393554688 -1 832.3519897460938 604.7658081054688
0.9984273312908085 0.036512550474589525 -0.042311132809729965 -0.00441200971350205 -0.15130917025912483 -0.13737663367602213 0.07529911209228579
594.2516479492188 11404 825.0558471679688 598.4019775390625 11866 736.6978759765625 622.911376953125
0.9986202266177682 0.035017491201630724 -0.0387623969833938 -0.00537539579221875 -0.10129596021698527 -0.14049556555522982 0.08038436608379987
584.5621337890625 -1 631.7310791015625 604.551025390625 -1 271.19329833984375 520.205810546875
0.9987940217605138 0.03335272590665209 -0.03561759696273868 -0.00542996838426819 -0.058570058687386475 -0.15670041554681252 0.09912174897422277
560.9746704101562 -1 814.854736328125 562.2705078125 -1 810.6756591796875 530.4856567382812
0.9988289034041845 0.03388107440138028 -0.03391054806114299 -0.006555093591658853 -0.020183327291148665 -0.17118133959440293 0.12310109777015614
497.90924072265625 -1 448.1769714355469 497.90924072265625 -1 825.132568359375 566.4479370117188
0.9986396336273664 0.03681047239648287 -0.03521449145178417 -0.01112703295311234 0.02230872348117782 -0.1740994478041953 0.1124816882090732
485.875732421875 -1 518.282958984375 485.875732421875 -1 838.8331298828125 492.1672058105469
0.9986729098814979 0.033759215563474713 -0.03704624695007297 -0.011845253069254418 0.04657284993715981 -0.18712756441001677 0.09318156619176453
447.1640930175781 -1 616.765625 627.3915405273438 12080 616.765625 627.3915405273438
0.9990223868664354 0.029986452620865394 -0.03178270748745597 -0.006703931956223422 0.0603464400146098 -0.1903839470802747 0.1135902064546702
590.6116943359375 11866 668.1447143554688 597.1345825195312 -1 680.6594848632812 602.5760498046875
0.999220622179147 0.027912692085979258 -0.02763278774569842 -0.003931777439403356 0.10782906696822236 -0.18796428536570645 0.1069877746945798
622.6265258789062 11954 693.2957153320312 623.5403442382812 11953 739.2976684570312 626.5687255859375
0.9993651987509835 0.026630498989665928 -0.023566451633490082 -0.0021536959802376356 0.15562598772818176 -0.1834766325268463 0.13001240021947763
623.2509155273438 11860 710.341552734375 625.928955078125 11953 856.7296142578125 522.0805053710938
0.9994690860911031 0.025105597409839114 -0.020486904981725885 0.0033973005725099264 0.20838141643352734 -0.1752873698571017 0.07064979992042991
610.5762939453125 -1 737.1178588867188 623.3093872070312 -1 755.3192138671875 575.26416015625
0.9995662748924959 0.02178313216529633 -0.018750879860914824 0.0064157427512524946 0.25973116538157054 -0.16799896572432407 0.10163448101036977
630.8699951171875 -1 740.015869140625 632.108642578125 -1 769.6451416015625 577.0222778320312
0.9996037088952623 0.020803442727956218 -0.01839131366498885 0.004626177166574653 0.2933574360179777 -0.1735269595500732 0.07607689585114043
611.54052734375 12152 748.339111328125 638.0426025390625 11999 700.299072265625 648.1234741210938
0.9995776257325351 0.02151074849615959 -0.019331751994500383 0.0028532786170104275 0.3150982722363675 -0.18668004510307515 0.05350538581645803
0.503652811050415 -1 0.5036048889160156 0.503652811050415 -1 0.5036048889160156 0.503652811050415
0.9994473490852069 0.026444107700394258 -0.02014115168663585 -0.0001989553180228643 0.3275274150366064 -0.18368616738720128 0.06039110887873931
528.0787353515625 -1 1052.4444580078125 535.459228515625 -1 784.3252563476562 568.2880249023438
0.999328931913642 0.026991599952814572 -0.024642363812665807 -0.00242760747468415 0.35002044389228304 -0.1949201622778084 0.078728091208817
527.8688354492188 -1 783.8375854492188 565.424072265625 12208 724.1520385742188 587.9635009765625
0.9992421393854187 0.02785549484284597 -0.02686882946967184 -0.004157437484940709 0.37112454704310555 -0.2048713317579744 0.0868236800937188
588.0134887695312 12151 794.8895874023438 589.2567749023438 -1 740.2401733398438 605.607421875
0.9991856103029368 0.02776664609373495 -0.028738994821062878 -0.005585669604250887 0.40599171468966666 -0.22299038478818706 0.06951624253246186
585.4315185546875 -1 736.0154418945312 623.7926635742188 -1 765.6346435546875 624.0156860351562
0.9990369632860171 0.030539001469437506 -0.03061973126229049 -0.007412653703514892 0.45401310255978616 -0.23575530578759724 0.07953992914730491
581.1685180664062 -1 782.8925170898438 608.31494140625 11953 740.3721313476562 632.8978271484375
0.9989023221216161 0.03337098699844067 -0.03124823033637854 -0.010201773749585058 0.5008859507793987 -0.24972179202835593 0.09462072003458481
0.5031471848487854 -1 1372.1009521484375 450.0898742675781 12241 1372.1009521484375 450.0898742675781
0.9989356098354343 0.033720579051615684 -0.02894045178180529 -0.01237013345918081 0.534893326874782 -0.26670189223670715 0.06314632143811462
0.5026774406433105 -1 0.5026541948318481 0.5026774406433105 -1 0.5026541948318481 0.5026774406433105
0.9988960064789573 0.03432098444687332 -0.029154235908396345 -0.013374183922241897 0.5926320330383564 -0.2802658942815062 0.08446605187236977
0.5030246376991272 -1 0.5029481649398804 0.5030246376991272 -1 0.5029481649398804 0.5030246376991272
0.9988027607553722 0.03595737841936274 -0.02890527979025297 -0.016266433072459036 0.6502259024537417 -0.2896898750962294 0.11631352704347181
0.5 -1 0.5 0.5 -1 0.5 0.5
0.9987926120958626 0.035957264246578476 -0.027996852844099113 -0.01834582790313092 0.6983223729636151 -0.3149173507051526 0.1885204794265738
0.5026177763938904 -1 0.5025804042816162 0.5026177763938904 -1 818.679443359375 551.9589233398438
0.9986584939107969 0.03889187255616773 -0.027548602671318992 -0.02024127663344057 0.7412579822316606 -0.32874285959049704 0.16757355647225367
0.5028845071792603 -1 0.5028530955314636 0.5028845071792603 -1 0.5028530955314636 0.5028845071792603
0.9987068787113034 0.03859042853776695 -0.026518027221144408 -0.019802612764385448 0.788987394274206 -0.3470713243175625 0.2946733941381955
0.5037714242935181 -1 0.5037425756454468 0.5037714242935181 -1 0.5037425756454468 0.5037714242935181
0.9986220117731595 0.04179376553826453 -0.02479017119186878 -0.019819338448554324 0.8329166468098167 -0.3377653659581673 0.3425388314816606
0.502779483795166 -1 0.5027735233306885 0.502779483795166 -1 0.5027735233306885 0.502779483795166
0.998788823585375 0.03771684163944606 -0.022599604215181396 -0.02208129586335445 0.8653618358318758 -0.33573115612666715 0.3685998787049351
0.5030454993247986 -1 0.5030332207679749 0.5030454993247986 -1 891.8980102539062 575.1428833007812
0.9989378269505856 0.03519681042189665 -0.021634758427594922 -0.020404402739280732 0.8966024602685938 -0.31198746614595674 0.3912495509130782
584.8988037109375 11953 869.9334106445312 604.196044921875 -1 863.6320190429688 564.425048828125
0.9990421923091425 0.0330729569652297 -0.021580743767379125 -0.01884539737350658 0.9329352516027463 -0.30110892200428396 0.4111739120290012
569.7003784179688 12152 911.2543334960938 589.28759765625 12423 879.0264892578125 609.5763549804688
0.9991487911707053 0.03193068237046115 -0.020053420937993092 -0.01673275034651776 0.9950223892301814 -0.2800679624355279 0.41083405245651444
0.5 -1 0.5 0.5 -1 0.5 0.5
0.9993019895643784 0.030978593183465766 -0.019581710999514397 -0.007239959349331521 1.0839809975096135 -0.23920933121730273 0.3678286349214515
623.0525512695312 -1 736.8525390625 623.0525512695312 -1 926.7924194335938 626.3108520507812
0.9994072633463235 0.029784494650381604 -0.016249360104968198 -0.005827876561233865 1.1662986012437704 -0.21848949852171987 0.38260394130505904
574.113037109375 -1 648.5303344726562 458.7355041503906 12554 945.229736328125 569.9688110351562
0.9994030979308391 0.029679220662994353 -0.015318237637797088 -0.008828550433172716 1.2648222228888797 -0.21438958518315815 0.3396627710560429
463.89459228515625 12537 702.6520385742188 468.1257629394531 12579 736.8056030273438 623.1578979492188
0.9994150220523603 0.02781840835974559 -0.016069378166041485 -0.01172710270132305 1.3596005723028888 -0.21850854802970343 0.3441597556976081
0.5 -1 0.5 0.5 -1 0.5 0.5
0.9993518270578978 0.027655189631826137 -0.018895157560553013 -0.013194289038483468 1.4340965252371494 -0.21147708259096754 0.3538911914352569
439.16754150390625 12663 647.3461303710938 600.3737182617188 -1 697.2852783203125 449.47845458984375
0.9992116450096676 0.027853562753515186 -0.025413529948355586 -0.01242658499242404 1.5014747290919555 -0.20305665382919544 0.3503261690229494
559.8759155273438 12799 658.4535522460938 603.1734008789062 -1 651.1995239257812 608.5636596679688
0.9990639409032177 0.028005329164490216 -0.03083520307798862 -0.011667637998314662 1.564966532479533 -0.1967767174536006 0.3700253785482174
0.5026365518569946 -1 0.5025995969772339 0.5026365518569946 -1 0.5025995969772339 0.5026365518569946
0.9989381140434552 0.028521923486389312 -0.034701329321891246 -0.010245093227252986 1.625853086535858 -0.18647638029776134 0.3965235088836163
562.329833984375 12799 652.27587890625 431.7347717285156 -1 749.8836669921875 443.1979064941406
0.9988264017985647 0.02882312446697338 -0.037543115355632616 -0.01027429099681293 1.6846091197471411 -0.1848297795995475 0.40606779526450315
502.3575744628906 -1 640.5050048828125 512.6194458007812 -1 640.5050048828125 512.6194458007812
0.9986420804489126 0.029875278176473886 -0.041524615183034325 -0.00985744614222829 1.7409361823748102 -0.18072840834243478 0.43927021719830633
489.4006652832031 -1 634.3818359375 554.2975463867188 12982 689.6206665039062 596.962158203125
0.998588761946224 0.029124205316882406 -0.043182517471201706 -0.010369925950416822 1.7842343562389547 -0.1862903836045303 0.464006840366588
555.8932495117188 -1 1296.1917724609375 575.6141357421875 -1 1296.1917724609375 575.6141357421875
0.9984581874141234 0.029703122539131408 -0.045640062920459516 -0.010768340343111426 1.832547637020659 -0.18580595509492795 0.4665156635430088
0.5031104683876038 -1 0.503087043762207 0.5031104683876038 -1 0.503087043762207 0.5031104683876038
0.9983468836792287 0.029412014553518225 -0.04733857506857286 -0.014053204558153017 1.8843492571346874 -0.20023498039373863 0.46932864584199624
478.5828552246094 -1 821.6055908203125 496.62652587890625 -1 821.6055908203125 496.62652587890625
0.9982404859392804 0.02825729341288171 -0.04802807669869646 -0.020267250659914447 1.9325122345795487 -0.23927561288749277 0.4942823532452591
452.7349548339844 -1 424.5269470214844 470.90789794921875 -1 797.2235107421875 543.8258056640625
0.9982287653184552 0.02982796502779092 -0.04666197925560049 -0.021732102637424235 1.976476484090821 -0.25730588719611647 0.48680495394272366
543.563232421875 -1 778.9417114257812 592.6792602539062 12905 778.9417114257812 592.6792602539062
0.9981912864235928 0.030096812450011334 -0.04672430164725956 -0.0229167454918401 2.0129586942029745 -0.28204424772082604 0.46923075163867245
434.5279235839844 -1 828.6424560546875 446.9610595703125 12717 771.7553100585938 522.8910522460938
0.9981009059418026 0.030770249903295615 -0.04722421215983913 -0.024852506210125424 2.0400488337521168 -0.3029092321765868 0.48337651120491215
442.71826171875 12717 754.1091918945312 488.6922302246094 -1 729.4132690429688 490.12396240234375
0.9980687105447925 0.03043887325577502 -0.04804374372668168 -0.024982448140622858 2.0600219116907827 -0.3132755394821949 0.48381795442802733
0.5032081604003906 -1 0.5031848549842834 0.5032081604003906 -1 0.5031848549842834 0.5032081604003906
0.9980833788677062 0.030483410745842852 -0.04876889924999059 -0.022845677124292196 2.083875997334838 -0.3130844720354103 0.4907401408091904
0.503460168838501 -1 0.5034530162811279 0.503460168838501 -1 0.5034530162811279 0.503460168838501
0.9981735029215264 0.030453475679790197 -0.04875645307014506 -0.018575579894275187 2.1213345459685002 -0.30366367165815467 0.4911277740919428
572.9450073242188 -1 826.1878051757812 572.9450073242188 12904 870.3696899414062 447.173828125
0.9983089723487171 0.029371684989083695 -0.04749700894232011 -0.01614106534537509 2.171314004927385 -0.2954844278449655 0.5164193995412101
0.5029206871986389 -1 0.502913236618042 0.5029206871986389 -1 0.502913236618042 0.5029206871986389
0.998558937534355 0.027971423938633576 -0.044344039216759425 -0.011456609404536548 2.226550111443292 -0.27128702464032795 0.48588044103646666
0.5022720694541931 -1 742.0298461914062 483.3841857910156 12918 780.191162109375 530.5552978515625
0.9986833648775364 0.02732583208873583 -0.04228709330528006 -0.009830430170158326 2.2945966485233438 -0.25792571045259877 0.46469548935772553
0.5028688311576843 -1 817.008056640625 485.6523742675781 12718 868.6530151367188 574.631591796875
0.9986613309850395 0.027068844677639998 -0.04260957591128669 -0.011280411502577598 2.352555300310937 -0.2661943642588486 0.482943748694863
0.5031934380531311 -1 0.5031652450561523 0.5031934380531311 -1 0.5031652450561523 0.5031934380531311
0.9985882683848117 0.028027301388973927 -0.04384877232584749 -0.010640760620880783 2.4247580991698876 -0.2609306703853752 0.4927647389792584
0.5041875839233398 -1 0.5041922330856323 0.5041875839233398 -1 0.5041922330856323 0.5041875839233398
0.9984790406353987 0.02856456960015456 -0.04565810966791195 -0.011790156781180158 2.496853122439671 -0.2689394685645216 0.5462430414012126
485.1170349121094 12918 860.8015747070312 531.2801513671875 12982 873.0791625976562 484.97027587890625
0.9982764452068477 0.029508464633575503 -0.04863759199878259 -0.014414371464228418 2.5587948269680183 -0.2856335553279745 0.5600145679637758
0.5 -1 0.5 0.5 -1 0.5 0.5
0.9981121188502237 0.030566814094841046 -0.05067668961919592 -0.01642380009766458 2.6081056177444215 -0.30301797799081714 0.5591375963355384
479.31298828125 12718 793.5105590820312 579.9655151367188 -1 766.1017456054688 451.45599365234375
0.9978981442007443 0.03176839659877397 -0.05368403806808601 -0.01755240254089803 2.6668691929398483 -0.32215572559374633 0.5975995052932056
490.8116760253906 13060 819.4450073242188 533.6926879882812 13414 700.213134765625 551.6614990234375
0.9977613226500319 0.03244641450960559 -0.05511749684630064 -0.019535474156723524 2.7171470858150393 -0.3469595821120274 0.6068985373359564
556.8145751953125 -1 752.6355590820312 556.8145751953125 -1 876.3447265625 469.2952575683594
0.9977435663030387 0.03264503668633868 -0.05498316838457849 -0.020467747190020945 2.7650188928259887 -0.3660192042229052 0.6066260401490862
502.76123046875 -1 904.30322265625 514.093994140625 -1 854.6284790039062 540.760986328125
0.9976875350525395 0.034042169348467995 -0.054685384786433304 -0.02168459816546416 2.8082396237940093 -0.38359156401343825 0.5981473803110777
610.4207153320312 13415 755.378173828125 620.010009765625 -1 697.131103515625 626.3165283203125
0.9975434344120486 0.034749600669829635 -0.05596759651379945 -0.023815748049786756 2.849371087393793 -0.40834887319165386 0.6027212259021861
539.9219970703125 13638 798.432861328125 485.1712646484375 13317 798.432861328125 485.1712646484375
0.9974028924905364 0.03480838087329947 -0.057451415301839816 -0.025984255854395975 2.8899586157655404 -0.43354590066298776 0.5993494651985418
537.1268310546875 13638 782.6072387695312 460.28424072265625 13411 877.9987182617188 484.0887145996094
0.9972900506539575 0.03424529167238846 -0.05960365097981692 -0.026214874685496548 2.9317112662907454 -0.43838305999908683 0.6162643228955851
541.3587646484375 -1 947.2579345703125 504.5003662109375 13671 839.0430297851562 588.7550048828125
0.9972397670490639 0.033298651455560914 -0.059819995069431975 -0.028733517311027697 2.962071311942483 -0.4525352473498356 0.6145920649063427
527.749755859375 13101 812.548095703125 542.43310546875 -1 812.548095703125 542.43310546875
0.9972868272897448 0.0314800142540427 -0.05917070524460548 -0.030443726082331393 2.99866129823846 -0.4604814457173076 0.6280573474663588
0.5 -1 784.1001586914062 535.9531860351562 13608 784.1001586914062 535.9531860351562
0.9971724570384759 0.029552228346702413 -0.06055071727522545 -0.0332771296996763 3.035393772443693 -0.4807478216443528 0.6728625746226439
537.2025146484375 13608 793.4336547851562 537.2025146484375 -1 850.818359375 605.9268798828125
0.9971611795729433 0.029817149492941623 -0.061425451127525836 -0.03174009298335487 3.056810490772813 -0.4771466327040055 0.6857664056446398
540.0523071289062 13638 695.7630004882812 622.86962890625 -1 695.7630004882812 622.86962890625
0.9971300814109287 0.02821638562883746 -0.06300028386558151 -0.031086983776749847 3.0690532590064428 -0.47678268242790106 0.6921290980957906
541.491943359375 13638 818.87353515625 568.0361938476562 -1 1294.435302734375 574.0225219726562
0.9971333788681336 0.02624644420675471 -0.06488228470694747 -0.028747835478996668 3.085753945769231 -0.45955256557381574 0.6781848731732283
545.0921020507812 13638 824.0877685546875 383.9463195800781 -1 824.0877685546875 383.9463195800781
0.9971980541058312 0.025051744425148056 -0.06527981417056335 -0.026589412378945295 3.1153980068370313 -0.440897673449086 0.7012304085616563
648.1676025390625 -1 833.465087890625 649.7379760742188 13351 877.2494506835938 406.129150390625
0.9975128009251393 0.025326570166962836 -0.06221499624201359 -0.021355820674183165 3.1691329770984225 -0.3924660423660214 0.6910216060529039
0.5 -1 718.930419921875 614.7072143554688 -1 877.555908203125 616.967529296875
0.9977589841239851 0.022395210792383095 -0.06075947903220089 -0.016844875813541032 3.2428410020376326 -0.36173604987882213 0.6826469941378753
0.5 -1 718.38427734375 580.4612426757812 13619 799.2868041992188 633.6588134765625
0.9982764087215291 0.022211307559707287 -0.05358940826220047 -0.00889072149163925 3.3199498416195965 -0.29853516145181613 0.6262422245967778
0.5 -1 0.5 0.5 -1 748.6373291015625 616.1102905273438
0.9984857560427146 0.02124843748167701 -0.04985196602766256 -0.00945940630127887 3.387070142880379 -0.2967560646456592 0.5960832162416916
0.5 -1 974.26953125 421.1245422363281 12979 712.31005859375 574.6871948242188
0.9987089920602801 0.018520185151491807 -0.04693420665514536 -0.005876407537444725 3.4465793828122275 -0.264789823455002 0.640082290096204
0.5 -1 0.5 0.5 -1 0.5 0.5
0.9986289429908478 0.018177581891463825 -0.04908503415380745 -0.0006849523201876664 3.525372190687121 -0.20621513256370974 0.6635526131696
0.5 -1 779.8231811523438 574.5926513671875 18671 758.6551513671875 595.74072265625
0.998442896940089 0.017209371544140914 -0.05293416884048218 -0.003686848261857583 3.603330278781809 -0.20404788287808753 0.772946496759513
623.2778930664062 21752 736.7822265625 623.2778930664062 21752 712.3250732421875 428.22137451171875
0.9982676681290413 0.017431470250907723 -0.055147102880407375 -0.010798317322431196 3.6668450265977155 -0.23296984675738788 0.7941295363071631
595.868896484375 13611 736.7197265625 623.3355712890625 21752 736.7197265625 623.3355712890625
0.9980092636610812 0.017034229874249903 -0.058352921676915546 -0.01680122587865364 3.7245913269248225 -0.2676818028342612 0.740916099815235
478.1196594238281 -1 55.60999298095703 478.45947265625 -1 792.24951171875 614.9523315429688
0.9978328222126803 0.01629328301150817 -0.060914119374686444 -0.018805794441902036 3.771212003777403 -0.2883056958354266 0.6886498648864251
438.08074951171875 18656 688.4324951171875 439.0438537597656 18732 836.4246215820312 589.9119873046875
0.9976597524541567 0.015399411094798515 -0.063483423547602 -0.02019236008296126 3.8204827389777316 -0.3146472864052606 0.6466377055633664
611.9658813476562 -1 755.1564331054688 434.4356689453125 18656 983.8907470703125 504.659912109375
0.9974775946957948 0.01451379214604797 -0.06582938368702357 -0.022232637288899106 3.873814939347498 -0.3568196419785831 0.6221101298059044
605.7845458984375 -1 740.244140625 466.350830078125 -1 736.9894409179688 623.257568359375
0.9972916669445339 0.013408705041935672 -0.0679765990546048 -0.02467224458903395 3.9378401174290505 -0.41182334730246645 0.6154625684572418
623.3101196289062 21752 736.9170532226562 623.3101196289062 21752 846.4295654296875 588.4728393554688
0.997150575317632 0.012890481409980954 -0.06969732443996116 -0.02582341183200372 3.9902606493597523 -0.4412621526909399 0.6294851859921549
0.5 -1 0.5 0.5 -1 0.5 0.5
0.99700688988379 0.013064917324273145 -0.0707162348569043 -0.02838632746984913 4.034128816559233 -0.4805513432638431 0.6483024015547272
876.7242431640625 -1 873.6882934570312 577.2341918945312 18683 746.6320190429688 413.56890869140625
0.996957122468613 0.012094282601239811 -0.07171298829062173 -0.028061924344096226 4.070936229758593 -0.5005376072281175 0.7007545746432813
623.3551025390625 21752 736.7708740234375 623.3551025390625 21752 875.8798828125 557.090087890625
0.9968662282661369 0.013128137764051792 -0.07223217946618023 -0.02945992516725132 4.116229582636043 -0.5187745686225571 0.7096733446662913
406.6576232910156 18732 888.0400390625 553.970458984375 18700 886.8307495117188 611.5682983398438
0.9968217553266786 0.01290560948040062 -0.07268841755973017 -0.02993705570093604 4.174280356395919 -0.5257138118275995 0.6960632683657856
0.5 -1 0.5 0.5 -1 369.36285400390625 549.6725463867188
0.9966820919256392 0.013386261741415979 -0.07376436985565497 -0.03169279683335394 4.231369395050368 -0.5460962484368279 0.7670346968095554
623.1859130859375 21752 736.7612915039062 623.1859130859375 21752 466.4395751953125 543.6105346679688
0.9966441557996002 0.013675861961475185 -0.07414987276986183 -0.03186210724867999 4.286704858056418 -0.5561979824985164 0.8228125042091247
623.2371215820312 21752 1476.4287109375 585.6495971679688 -1 1463.058349609375 586.6845703125
0.9965450358982285 0.014020179709596126 -0.07510378994844316 -0.03257064203986616 4.365101517963283 -0.5677365390825874 0.8682967416610667
623.3790283203125 21752 953.4343872070312 545.3330688476562 18700 851.9866943359375 673.423095703125
0.9964212604362905 0.015283252206561893 -0.07635390393455528 -0.032881230306933046 4.447119031487239 -0.5668186637105515 0.8857813970676619
644.0242919921875 -1 736.7547607421875 623.09716796875 21752 759.9263916015625 619.9635620117188
0.9963362764667356 0.014798482422438848 -0.07636372091636184 -0.03554730991511836 4.506508303672599 -0.5922888252947968 1.149988082685287
642.8190307617188 21767 736.7382202148438 623.2098999023438 21752 1511.1444091796875 622.8756713867188
0.9961995507076729 0.015078479045680585 -0.07775173096999656 -0.03624586832549399 4.571657868315976 -0.5936482247428634 1.0412264500104036
556.8230590820312 -1 1042.32080078125 556.2940673828125 21753 736.76416015625 623.3847045898438
0.9961105973499058 0.015367907705612015 -0.07827179104771262 -0.03743036182231 4.6251659887713386 -0.5964157973507077 1.0654128612577547
568.9737548828125 -1 1125.373291015625 568.9737548828125 -1 1132.7156982421875 573.0310668945312
0.9958685418636591 0.01788214557922929 -0.08003422173740107 -0.03899486564563584 4.675730084393508 -0.5947474416884881 1.0415587655947098
588.5506591796875 -1 798.0324096679688 584.0855102539062 -1 798.0324096679688 584.0855102539062
0.9957097907305041 0.016073454608722757 -0.08190199518013833 -0.039946462745398294 4.729237174511361 -0.5991665040056824 1.608955971651592
635.5969848632812 -1 736.623779296875 623.4174194335938 -1 1299.230712890625 631.485595703125
0.9951630988198272 0.025043378501423356 -0.08551471582920805 -0.041357820508375456 4.78864461738436 -0.5490504674166713 1.0822895743614511
0.5 -1 866.4833984375 421.8807678222656 -1 866.4833984375 421.8807678222656
0.9955132269503226 0.020911714125218327 -0.08195382445304403 -0.042422704261049195 4.814320582226123 -0.5479793454566928 1.0735423672948128
0.5 -1 0.5 0.5 -1 911.2489013671875 387.44891357421875
0.9954246822077997 0.02275119131032207 -0.08185890630530905 -0.04371732841746601 4.8314197852988245 -0.5230749633409766 1.226986900605673
0.5 -1 734.18408203125 671.67529296875 21834 734.18408203125 671.67529296875
0.9953850030436985 0.02572830864067842 -0.08161284608883546 -0.04342917456579717 4.833765833285801 -0.46552092636044473 1.0914075072481897
0.5 -1 0.5 0.5 -1 917.1109619140625 404.6324157714844
0.9954488536633984 0.028956062805959266 -0.08057699886784016 -0.04183865940079395 4.828027338504018 -0.38551528941687874 0.9949487133461973
0.5 -1 716.7132568359375 484.36083984375 -1 716.7132568359375 484.36083984375
0.9953989342205718 0.03230602220880144 -0.07979291304494886 -0.042075809075947886 4.8196796832310955 -0.3164958865874011 1.0510453430150206
0.5 -1 0.5 0.5 -1 834.4874877929688 428.1329345703125
0.99534981579766 0.03508246479707289 -0.07954578997289415 -0.04147809244546905 4.808872718418245 -0.2569850990921681 1.0727357543535723
0.5 -1 848.6795654296875 427.328369140625 21905 809.93505859375 559.932373046875
0.9948635603813347 0.03350634817955344 -0.08674959418730968 -0.03997910410929769 4.82692196207833 -0.21027100023366935 1.1329005211084138
623.2015991210938 21877 910.2235717773438 456.7553405761719 22010 725.1946411132812 735.3050537109375
0.9947932198563653 0.03607884460040821 -0.08638811754807219 -0.04027232109781571 4.821267357292465 -0.1693695579953709 1.104840089793858
602.6583251953125 -1 818.3366088867188 602.6583251953125 -1 750.0612182617188 622.169189453125
0.9947999952410223 0.0386926926252177 -0.085631648502346 -0.039281875981722766 4.819402464831799 -0.12862741783782689 1.1506360909311806
0.5 -1 933.94384765625 432.1929016113281 21878 846.8722534179688 452.02496337890625
0.9947006597170526 0.04087973780745978 -0.0865611909848837 -0.03750473050872741 4.831774443946837 -0.0784773960662349 1.1122545885457948
616.4230346679688 -1 912.597900390625 476.40435791015625 22010 864.9471435546875 489.1410827636719
0.9946811471060952 0.04225779327530373 -0.0871059348361079 -0.03516035573671104 4.842536713147955 -0.02262449591385144 1.095039554398351
447.7024841308594 21986 853.440673828125 465.0472717285156 21905 692.2306518554688 467.0868225097656
0.9945987333806314 0.04403988063601163 -0.0877611450143952 -0.033642679693684174 4.8546471010077905 0.03435965676153632 1.0694286786519465
0.5 -1 1063.1121826171875 418.25714111328125 -1 742.0631713867188 568.1068115234375
0.9944431376083974 0.04688850709634498 -0.08784232389594727 -0.03417660162159958 4.860460996460529 0.08324543745486926 1.0695858713851962
479.5936279296875 -1 1073.3668212890625 479.5936279296875 -1 1073.9674072265625 494.6154479980469
0.9941929735265373 0.05028003947443594 -0.08857665908045673 -0.03473362185341251 4.866904220850821 0.13772680189659375 1.062840617313003
573.117919921875 -1 1075.7027587890625 567.6351318359375 -1 1075.7027587890625 567.6351318359375
0.9941048427395625 0.05228595542153301 -0.08838527176377539 -0.034781952829749704 4.873632423695223 0.19819139230745147 1.0745183923923534
492.36956787109375 21986 832.2085571289062 530.3455200195312 -1 1082.695068359375 680.9453735351562
0.9939944375443439 0.055658263797127155 -0.08698451183339924 -0.036206498078357796 4.870518569438518 0.2334819103654105 1.16388414737258
500.55889892578125 21986 862.8629150390625 515.9249267578125 22014 958.792724609375 557.19921875
0.9939221671179435 0.058505623099493 -0.08589949037908602 -0.036291808027768935 4.865906202536066 0.28205755594254167 1.1933882512984761
550.4849243164062 -1 704.664306640625 585.6394653320312 22013 704.664306640625 585.6394653320312
0.9937569693309848 0.0616245742067583 -0.08547391797703684 -0.036656610666928324 4.865254499501868 0.32957680856384536 1.2843788501787587
535.334716796875 22014 870.6056518554688 559.7781982421875 -1 736.8781127929688 623.0824584960938
0.99354099524533 0.06394653996172425 -0.08612698637590091 -0.037003689162680015 4.877448819499867 0.37056612069257755 1.2810244752064393
612.5261840820312 -1 848.6332397460938 529.2962646484375 21986 866.3382568359375 544.461181640625
0.9934779978569018 0.0660373247659314 -0.08553200861652512 -0.03639800837990287 4.883161138207076 0.413334347141048 1.275237303523319
515.5405883789062 -1 778.6514892578125 575.253173828125 -1 876.1515502929688 576.244140625
0.9933884560040276 0.06823598745025138 -0.08541432238192045 -0.03503739468996702 4.887074516097021 0.4713667084048296 1.2809332460898224
811.6456909179688 -1 991.4845581054688 811.6456909179688 -1 852.697509765625 545.8926391601562
0.9931641032354434 0.07069899812416061 -0.08661791806744565 -0.03352688441294475 4.888516332354263 0.5414987361352556 1.1878330452710748
558.5480346679688 21986 770.5326538085938 564.3211669921875 22041 837.2896118164062 591.774169921875
0.9928436852473176 0.07375038198664914 -0.08802551155540891 -0.03276899657843545 4.888951629888885 0.6171664042415819 1.1257813581279668
763.7644653320312 -1 794.7421875 408.9781494140625 22124 738.7308959960938 549.6211547851562
0.992654514099504 0.07574424824978199 -0.088737993920839 -0.03202175713258497 4.872430309350396 0.6839945232516602 1.013503060189315
612.5594482421875 -1 734.6119384765625 562.9432373046875 22101 846.8283081054688 587.8228759765625
0.9926881405345351 0.07464831281452677 -0.09055123957646075 -0.028255230439659215 4.839094284970157 0.7449324717314125 1.0753526008344108
612.9022216796875 22014 765.7619018554688 509.1076354980469 -1 765.7619018554688 509.1076354980469
0.993083438948868 0.08059374463579466 -0.08201866683949026 -0.023724879366248813 4.767408704810737 0.8444359454165344 0.9627575050172565
621.4656982421875 22014 1103.0047607421875 423.8499450683594 -1 1103.0047607421875 423.8499450683594
0.9932328137184321 0.08214108163801268 -0.08064604988295812 -0.015415417560979021 4.744437875391927 0.9567976716359177 0.9169282940700387
0.5 -1 0.5 0.5 -1 0.5 0.5
0.9935063937682156 0.0881517444131519 -0.07086580492412828 -0.012343143483299335 4.720039728300475 1.0639359000978463 0.852755247096618
0.5 -1 0.5 0.5 -1 0.5 0.5
0.9936495867761582 0.08943630066930311 -0.06818165202617539 -0.0035929304393099016 4.688282934854096 1.1873642772820125 0.7540135845670018
0.503144383430481 -1 892.4705200195312 593.5238647460938 -1 844.9088745117188 652.8094482421875
0.994044131793196 0.08868834216119716 -0.06331080405078018 -0.0015440539671939355 4.58258634493583 1.2180427015702422 0.8879634460724177
0.5 -1 995.3626708984375 511.6689758300781 24047 911.1458129882812 723.94970703125
0.9938167129166104 0.08914478154465408 -0.06586882963509551 -0.006545711075375197 4.512266027955599 1.1876242451179388 0.6583633306360344
0.5038145780563354 -1 736.6876831054688 623.1552734375 -1 1029.6236572265625 551.5294799804688
0.9939667474774283 0.08764942917872547 -0.06534495468930278 -0.008815859030112743 4.451231097352813 1.1801784715648715 0.6738970353139032
0.5 -1 952.1925048828125 551.6450805664062 22872 1011.2944946289062 555.6607666015625
0.9941502380206061 0.0879046197400323 -0.061460272202734235 -0.012677421374172769 4.39224434730305 1.165083692898974 0.6522787620904004
0.5 -1 0.5 0.5 -1 0.5 0.5
0.9940444925388924 0.0878946969429745 -0.06278243206958395 -0.014437289421038528 4.360289560588491 1.1538053918588325 0.5910214106841959
0.5019135475158691 -1 914.2138061523438 536.2767333984375 22407 921.3057250976562 543.6827392578125
0.9941231121664199 0.08806758182286818 -0.06171469521915832 -0.01243524356137341 4.3222268509941895 1.1770244178966385 0.633940645043513
0.5 -1 0.5 0.5 -1 0.5 0.5
0.9942045477745831 0.08839799195673217 -0.060796590187553685 -0.0068473954114674366 4.282435549389741 1.2377386889033124 0.5974809820160055
510.8968200683594 -1 906.49560546875 514.85791015625 22510 918.764404296875 550.534423828125
0.9943162921657838 0.08885046624996634 -0.058265028032345234 -0.0067743847869341026 4.247636362879686 1.2466508458572236 0.5866000039904798
576.2560424804688 -1 898.9546508789062 552.1663818359375 22427 878.37890625 560.3004760742188
0.9944178464483063 0.08937422669220173 -0.0557120224296898 -0.006447078801868356 4.21517258774269 1.2587922295635836 0.603176328712962
495.04132080078125 22512 738.9314575195312 626.5618896484375 -1 646.2130126953125 668.3203125
0.9945222593084293 0.09033076142995945 -0.05225981187184909 -0.0058941787095322315 4.179038619878613 1.2718458397606531 0.6003710835497059
626.6734619140625 -1 738.9296875 626.6734619140625 -1 607.617431640625 674.4703979492188
0.9946918947595097 0.0895228526175194 -0.05031496967054992 -0.0064882344293299655 4.145881165667041 1.2626013835208245 0.5329304060025215
546.7251586914062 -1 938.057861328125 570.2628784179688 22511 1185.49072265625 613.592529296875
0.9945750016873761 0.09132371281712466 -0.04937031202683501 -0.006566413497802105 4.1087055090385505 1.2680930654675184 0.5425501625545378
701.1043090820312 -1 380.785400390625 701.1043090820312 -1 862.5928955078125 493.8313293457031
0.9949009079831823 0.09020974758552605 -0.044823478406903844 -0.005023994257657479 4.04350475548372 1.27176415658258 0.5659516701908847
597.9351806640625 -1 1090.11181640625 617.09765625 -1 1090.11181640625 617.09765625
0.9949858477274519 0.0902086193799633 -0.04288696654466528 -0.005126003535103875 3.995034521979685 1.2651273239280199 0.5695875487111695
484.4810485839844 22554 875.5115356445312 501.63787841796875 22454 836.6672973632812 503.96942138671875
0.9950795467100254 0.09027899805906672 -0.040627346671943086 -0.003977050567848446 3.9425509266462178 1.2720904451396606 0.5353370002955887
473.65179443359375 -1 864.2095947265625 500.9468994140625 22454 826.4443359375 503.4139709472656
0.9951156245315729 0.09096068248740638 -0.038229923026978765 -0.0030856182385845237 3.8929287457211235 1.2836746628704119 0.5435122722438228
0.5 -1 0.5 0.5 -1 0.5 0.5
0.9952291893251493 0.09087137009845596 -0.03536979850948627 -0.003198775552304099 3.845048209352205 1.2865631763680148 0.5310098548940337
566.0570678710938 22535 876.9404296875 566.5315551757812 22511 884.8833618164062 568.9902954101562
0.9952776830424517 0.09099811405107154 -0.033539964554764386 -0.004092389822883677 3.806575928202422 1.2837832932229762 0.5099949663955338
0.5017811059951782 -1 0.5017470121383667 0.5017811059951782 -1 0.5017470121383667 0.5017811059951782
0.995482194168478 0.0900387868251271 -0.029847330414003902 -0.004165912592600867 3.7568202594521085 1.2846130417250254 0.5226931373221649
576.4312744140625 22537 873.2947998046875 576.4312744140625 -1 846.051513671875 599.9358520507812
0.995455273921596 0.09088772039143339 -0.028073462708640164 -0.004483368741846347 3.7096079745465156 1.294282624057737 0.5553589194523039
0.5033223032951355 -1 969.4761962890625 488.5740661621094 22682 783.9346313476562 543.8223876953125
0.9955737528556347 0.09045376944965328 -0.02498177202869906 -0.005189343272786087 3.652806125567556 1.2969084129074373 0.5488200473687503
534.0504150390625 -1 781.572998046875 548.530517578125 -1 778.5159912109375 550.8556518554688
0.9956319090555974 0.09069470042457793 -0.021704280794508517 -0.004527381185178111 3.595625416461807 1.3067797582745804 0.54796292509328
548.40185546875 -1 766.7648315429688 554.2423706054688 -1 837.1265869140625 569.9447021484375
0.9957640696997146 0.09026734533121901 -0.016776459644495336 -0.0049268918917441075 3.524600198046839 1.3011223338107398 0.5494879180085065
570.4025268554688 22265 952.17626953125 486.0009765625 22701 776.1578979492188 507.03271484375
0.9958209912420772 0.09011979938839766 -0.014059657497404027 -0.004615321321152853 3.460207954773882 1.2963821856177042 0.5857258226865705
567.9083862304688 22265 820.9562377929688 568.0978393554688 23231 862.11279296875 466.21209716796875
0.9958644435521349 0.08998019183139173 -0.011635901753286633 -0.004709664209956445 3.403395265405141 1.2924258267991955 0.5520546263699934
568.0408935546875 22535 762.643310546875 576.6677856445312 -1 796.8994750976562 592.6651000976562
0.9960275513290687 0.08867494468585273 -0.007922718609821201 -0.0017611667183602857 3.3253257029166714 1.304195715277753 0.4954041912024613
0.5 -1 0.5 0.5 -1 0.5 0.5
0.9961228130217692 0.08769823712532153 -0.004228127372469421 0.0055211884255584615 3.223315095187812 1.349982919317683 0.4508072761597811
0.5031267404556274 -1 0.5031538605690002 0.5031267404556274 -1 0.5031538605690002 0.5031267404556274
0.9961000807938389 0.08730814548548468 -0.0021527141378875425 0.012541235833585825 3.131205853478395 1.3857515201049997 0.4349520047187725
0.5 -1 0.5 0.5 -1 0.5 0.5
0.9959742665646057 0.08811695555988013 0.0007715235365278454 0.016433722505462336 3.0560112497767946 1.3978341101094485 0.4123835385686604
0.5039602518081665 -1 0.5039376020431519 0.5039602518081665 -1 0.5039376020431519 0.5039602518081665
0.9957648888677647 0.08992775061861162 0.00316109550231931 0.01884922391162185 3.0070948290739983 1.412203790191434 0.3983704051016504
0.5029667615890503 -1 0.5029826164245605 0.5029667615890503 -1 0.5029826164245605 0.5029667615890503
0.9956111837051248 0.09118240379112168 0.006582868492527475 0.020020138924671277 2.9629437422812335 1.4247912579614337 0.3642399218592318
0.50303053855896 -1 0.5030446648597717 0.50303053855896 -1 0.5030446648597717 0.50303053855896
0.9955686123149938 0.09145841073656108 0.009297971960083471 0.019800126165493787 2.935957701845072 1.435162339664399 0.3539125293429948
0.5024881362915039 -1 0.5024645924568176 0.5024881362915039 -1 0.5024645924568176 0.5024881362915039
0.9955798451294547 0.09135187702559365 0.011672816608977944 0.018421506136175436 2.914819100874225 1.4454586928537554 0.33104271062788054
479.3453369140625 -1 806.0507202148438 480.4378662109375 -1 824.3612670898438 487.3913269042969
0.995613244321747 0.09063554109753458 0.013706077034356626 0.018751263248402233 2.876861399722664 1.4695464681636976 0.32300476687789254
466.3724670410156 -1 843.8348999023438 534.0344848632812 -1 843.8348999023438 534.0344848632812
0.9955372357198127 0.09119048790618739 0.013944397387782801 0.019886201051917997 2.820443471104741 1.4936744410328326 0.3546955784707468
506.4849548339844 22454 827.083740234375 545.9495849609375 -1 803.0040893554688 553.3757934570312
0.995463395064551 0.09015435208853499 0.01335776080267981 0.027320177751852935 2.7496686004060615 1.5521117149063355 0.37395429587660317
510.8667297363281 22454 826.847900390625 541.9894409179688 -1 826.5000610351562 549.7547607421875
0.9953802388011168 0.08992022942965984 0.012789138050802125 0.031128290853605935 2.6917083182561568 1.5899685117806865 0.39943645933553
561.7310791015625 -1 796.8055419921875 566.6200561523438 23256 813.9140625 575.6271362304688
0.9955353792127665 0.0900856867580344 0.013478602905322148 0.024742777547141055 2.663464803864103 1.573219377353736 0.4347643626622898
554.689697265625 -1 777.6602172851562 557.9929809570312 22912 1195.4207763671875 563.0714111328125
0.99571847696196 0.08900375399463048 0.015580874209203328 0.019500840245872533 2.634855770071532 1.5580959366753862 0.40585150960071203
514.1094970703125 23167 762.6493530273438 567.2198486328125 -1 757.599609375 569.922607421875
0.9958741841893315 0.08812074119309059 0.017738260691933117 0.012437778919040594 2.602556958232794 1.5196803947778832 0.42520360089571274
577.6658325195312 -1 1073.4361572265625 577.6658325195312 -1 1079.2266845703125 577.9563598632812
0.9958363023008683 0.08908902894952718 0.017444200457153784 0.008300831944723345 2.5492804509016893 1.4876728717066727 0.44434207264456616
518.8055419921875 22682 773.8383178710938 570.1748046875 23424 792.0272827148438 603.0833129882812
0.9956512416145906 0.09104789051054414 0.01763197570150887 0.008831768665753578 2.473529470529459 1.4727723717107497 0.45644537578009686
558.2988891601562 -1 736.4178466796875 609.4022216796875 -1 783.6808471679688 588.3739624023438
0.9955728695006495 0.09133484190735501 0.01962664116857016 0.010363547869402155 2.3903719493789612 1.4492532960112794 0.4504355887786881
542.4257202148438 -1 748.906982421875 616.5518798828125 -1 736.6671142578125 623.074462890625
0.9954497050563119 0.09166187981505722 0.023587469014577707 0.011027955275472397 2.31962108080847 1.4263475604836229 0.3992086012527972
608.535400390625 -1 734.0858154296875 619.9395141601562 -1 697.5643310546875 490.4475402832031
0.995250004426418 0.09234303191166938 0.028610470121924948 0.01147319249284847 2.25555895379581 1.4045792475493477 0.3708495456869615
503.28790283203125 -1 689.2448120117188 503.6695251464844 23716 698.8866577148438 528.2190551757812
0.9951394966887471 0.09251244263875746 0.03185244049899626 0.011146843559305647 2.203609181669124 1.3837648832348028 0.3495458616329747
544.1202392578125 22902 690.9500122070312 544.1202392578125 -1 744.1827392578125 611.8313598632812
0.9950729155872626 0.09186019792440851 0.03581784153973933 0.010424918675325945 2.1538893315197303 1.3718398067996285 0.3215615753904327
492.89471435546875 -1 633.1212158203125 555.5086059570312 23141 653.4993286132812 596.9300537109375
0.9950813257140234 0.09097109337087868 0.03829777335972395 0.008408087881074942 2.115407001973119 1.3606670113027783 0.3131274634099944
553.39306640625 -1 642.0624389648438 598.7702026367188 -1 744.77978515625 648.5665893554688
0.9949293021437241 0.09147831266843286 0.041026273539084696 0.008015418057404996 2.067514913010829 1.3621270364099143 0.2939411868638306
476.1390380859375 -1 528.9935913085938 476.1390380859375 -1 657.70361328125 543.1187133789062
0.9948381371360167 0.09171527211885763 0.04214634546900775 0.01044391322786835 2.017004882076468 1.3753771715833012 0.2907026423827371
553.4364013671875 -1 669.165771484375 644.8665161132812 -1 644.5856323242188 476.41961669921875
0.9948277324912274 0.09116756150689989 0.04331939688365997 0.011388074854192626 1.9747786438991508 1.3751654911922124 0.3038695805752373
482.63067626953125 -1 636.5466918945312 475.57623291015625 22701 440.39788818359375 483.1895751953125
0.9946854636306537 0.09134359554921473 0.04573689991930696 0.012857370640395356 1.9199720256949289 1.3818617590506195 0.3178793970912616
540.7966918945312 -1 604.1924438476562 563.032470703125 23143 845.9805297851562 697.4299926757812
0.9945835265173267 0.0910376837864841 0.04773489227961385 0.015398992506130709 1.8667458055860036 1.3990002895585354 0.32069468989271427
679.1798706054688 -1 619.013916015625 476.6905822753906 22701 365.49884033203125 497.1350402832031
0.9944840622608033 0.09070907386664448 0.04928248211397218 0.018562079199064833 1.8123017774508008 1.4197753143164569 0.320730857254166
724.7954711914062 -1 598.1338500976562 536.0758056640625 22764 604.70263671875 551.6825561523438
0.9943142583009148 0.09129139173018329 0.05150930379199693 0.018757109540967834 1.759936805628761 1.4286383421399822 0.31927843895344427
0.5 -1 0.5 0.5 -1 0.5 0.5
0.9941748753833344 0.09097144927812217 0.054603030916139265 0.01894786498634936 1.7083908061903683 1.4376423807470027 0.3370757486508753
482.0999755859375 22701 592.5006713867188 568.3190307617188 23596 628.9247436523438 590.3154296875
0.994068485587337 0.09103545616006965 0.056805721700097025 0.01770597825475311 1.662271819819369 1.4375421806645152 0.30872513494676324
0.5 -1 0.5 0.5 -1 0.5 0.5
0.99390703795721 0.09085748136716998 0.06038100020356784 0.015743341232292037 1.5843290464017832 1.4288992282790047 0.28982348880532127
0.5023194551467896 -1 736.5647583007812 623.2738647460938 23679 779.6641845703125 705.2958984375
0.9938028764614139 0.09029260884723729 0.06282043377286173 0.01602125541802018 1.510432886306267 1.4194004588597098 0.27036473212428047
0.5 -1 0.5 0.5 -1 0.5 0.5
0.9936707744809624 0.09160539865917934 0.06356568049770916 0.013647239345764024 1.4507848741847547 1.4064347701074278 0.25928625670004557
0.502059280872345 -1 736.9384155273438 623.3836669921875 23679 739.297607421875 626.412841796875
0.993662885503631 0.0906088623183518 0.06515190714194609 0.013391528581132248 1.388876347221845 1.3905898322222467 0.22868541784430998
675.3358154296875 -1 274.0597839355469 675.3358154296875 -1 278.5648498535156 675.7684936523438
0.9935049975325392 0.09034771973190557 0.06832108008534929 0.010832332762869013 1.334258774847772 1.3739363355243144 0.219077645113314
509.7741394042969 -1 1106.139892578125 513.2532348632812 24068 805.3594970703125 686.554443359375
0.9933176437980112 0.09011454397663404 0.07158977506194941 0.008621577003674939 1.285897594381181 1.3617369902145888 0.21676827916059202
504.67230224609375 -1 1094.2032470703125 507.101806640625 -1 1094.269287109375 510.8042907714844
0.9930510164557735 0.08980054728122586 0.07579813264426667 0.00633904659940607 1.2283904500971365 1.3575235732003377 0.19162180527243133
503.4271240234375 -1 1080.1298828125 503.4271240234375 -1 1082.47998046875 506.7896423339844
0.9930199216248705 0.08818685899509358 0.07816001759311957 0.005052208087463924 1.1627511178048142 1.351894719784903 0.18277890586417486
0.5 -1 0.5 0.5 -1 0.5 0.5
0.993047598114123 0.08725339944779137 0.07876037227256956 0.006333713291704877 1.0843564377350132 1.3569143863738602 0.17930469528854345
410.4010314941406 -1 1063.15673828125 537.839111328125 -1 1091.123291015625 398.9176940917969
0.9932544606324133 0.08647762005247893 0.07696216144602872 0.0066350108838192055 1.0073189240014813 1.3572740919974906 0.17129041835366202
378.4263610839844 -1 1066.5224609375 378.4263610839844 -1 1070.447998046875 378.34600830078125
0.9933076764334802 0.0867212015241835 0.07559205884073782 0.010253476714806406 0.9308193502538852 1.3617621704985927 0.1600702766360123
378.632568359375 -1 1021.6588134765625 522.3529052734375 -1 1082.4501953125 576.3416748046875
0.9934197013216322 0.08684834789783209 0.07356588874548414 0.0127562340266774 0.8805903270619182 1.3586448347322848 0.1823706868764773
382.8919982910156 -1 1005.1895141601562 461.868408203125 -1 1013.492919921875 517.4448852539062
0.9934433667665221 0.08753988652061065 0.07182924506230165 0.015735464700354505 0.8415790242229942 1.3629795934296272 0.1704362699523988
272.11810302734375 -1 946.0441284179688 298.27294921875 -1 981.0039672851562 322.1195373535156
0.9931721347491734 0.0893731815619227 0.07177680051356682 0.02167108865066629 0.8048758684340058 1.3694219231094054 0.1840491331373978
298.09344482421875 -1 930.1361694335938 320.6779479980469 -1 997.6096801757812 527.95263671875
0.9927109698616672 0.09335798577315804 0.07306848331823718 0.021684408091057837 0.778798474821726 1.372672962594521 0.19789664190211426
268.90435791015625 -1 929.8734130859375 295.2845153808594 -1 1041.949951171875 317.0176086425781
0.9927951003785935 0.09290493501674772 0.0730102000011574 0.019901568018204883 0.7615235968619175 1.3655793760893917 0.2177144852126749
530.5027465820312 -1 852.6233520507812 608.4415893554688 -1 1088.43359375 634.5677490234375
0.9930551934694953 0.09070975094546944 0.07416890345061974 0.0105876138769272 0.7323170146895175 1.3468505241479998 0.211149729391694
374.6541748046875 24502 1047.9195556640625 474.93865966796875 -1 1081.774658203125 532.4415893554688
0.9929574714787618 0.09017223580274338 0.07682285649482248 0.0016359843563700286 0.6738762289284568 1.3373679424846632 0.18855207552404818
520.0555419921875 -1 1065.8194580078125 524.8320922851562 -1 1067.8797607421875 531.1155395507812
0.9930840130082947 0.0877818624393323 0.07795232290310938 -0.0013867544962615302 0.5909086759868525 1.3192651658677776 0.1909832223860871
523.0841064453125 -1 1040.095703125 529.0755615234375 24742 1036.5543212890625 531.2117309570312
0.9932810305476122 0.08567348384535181 0.07775085054058276 0.002766543021492284 0.48996310183124825 1.3126523096432459 0.2045326141215827
534.0665283203125 -1 547.3020629882812 575.076416015625 -1 547.3020629882812 575.076416015625
0.9932827190350063 0.08607448228315175 0.07729837184291942 0.0023633189683009348 0.4041470389728868 1.3032287640373406 0.2119700585195627
0.5038454532623291 -1 0.5038676261901855 0.5038454532623291 -1 972.0506591796875 290.98297119140625
0.9932482475409559 0.08568348486765015 0.07791886930004574 0.006701416623187266 0.30009665070389036 1.30135820363544 0.20953420227533476
454.039306640625 -1 329.1887512207031 560.3091430664062 -1 329.1887512207031 560.3091430664062
0.9933189542284705 0.08330052661978035 0.07924799024713157 0.009911280296485143 0.23667707336647886 1.2900047588631391 0.2082441861782731
0.5047675371170044 -1 0.504753589630127 0.5047675371170044 -1 0.504753589630127 0.5047675371170044
0.9930435820092867 0.08429419789059069 0.08129610202239997 0.012242394704908666 0.18505672166731466 1.2977619312724478 0.19201871023910747
243.0597686767578 -1 859.2418823242188 242.9425048828125 -1 843.8148803710938 248.53736877441406
0.9927091010322263 0.08539879103116123 0.08412733396937781 0.012580894141913433 0.1449074914017337 1.3033543985125464 0.17870544471668695
0.5043094754219055 -1 0.5043303370475769 0.5043094754219055 -1 0.5043303370475769 0.5043094754219055
0.9923820098440301 0.08659037381229358 0.0869507372317618 0.010937229805749385 0.08905433691723562 1.3090302281022457 0.17286115484891398
0.5053035020828247 -1 0.5052856206893921 0.5053035020828247 -1 0.5052856206893921 0.5053035020828247
0.9921736125707593 0.08726848622777836 0.08873365166712156 0.010103112966752762 0.025233971315785354 1.317072981397929 0.17022396424405833
0.5061321258544922 -1 0.5061779022216797 0.5061321258544922 -1 0.5061779022216797 0.5061321258544922
0.9920549996457203 0.0858425893306434 0.09143021758532606 0.009921836888417574 -0.047636056326027305 1.3144669908154958 0.1844731942972239
0.5058486461639404 -1 0.5058045387268066 0.5058486461639404 -1 0.5058045387268066 0.5058486461639404
0.9918075003501569 0.08596869365332484 0.09394879508698989 0.010044394576937173 -0.10959314428004531 1.3208300732276232 0.188359745126081
0.5043492317199707 -1 0.5043309926986694 0.5043492317199707 -1 0.5043309926986694 0.5043492317199707
0.9916531888865371 0.08581919389665583 0.09566115991278117 0.010390448220916526 -0.15734715534978994 1.3231893280858116 0.18663410867297553
252.25869750976562 -1 734.0401000976562 252.25869750976562 -1 841.1389770507812 312.3119812011719
0.9914883324951107 0.08533703990741494 0.0974013397911734 0.013470529046380285 -0.2049551416747022 1.3246415141971035 0.18779129805436437
243.36631774902344 26078 733.0936279296875 244.0696563720703 26079 848.3836059570312 246.49436950683594
0.9913257028911984 0.08503978969556902 0.09916896694655607 0.014391002416711311 -0.23721757425422954 1.3247078753150685 0.19426775951040873
245.29722595214844 26079 712.0321655273438 251.80380249023438 -1 831.3504638671875 251.71542358398438
0.991027751717274 0.08506586342214098 0.10201780819413679 0.014837823887459576 -0.262312553467327 1.3190060390284155 0.20874552016070536
221.2686767578125 -1 805.1863403320312 227.52780151367188 -1 850.6461181640625 232.51754760742188
0.9907178111456393 0.08497167743695695 0.10523501345842783 0.013550817493701055 -0.2794742842052563 1.3123710969302707 0.22021586064109705
230.86126708984375 -1 845.2058715820312 231.28515625 -1 699.3983764648438 256.8799743652344
0.9903679632617882 0.08552525780331251 0.10822606101843024 0.011993637430300236 -0.31042975269940926 1.305829619902976 0.21839811045279
239.33482360839844 -1 766.411865234375 239.33482360839844 -1 701.838134765625 244.6227264404297
0.9900400509765439 0.08631512185731402 0.11069497833304451 0.01081753081651331 -0.35258671386756585 1.2972212612857503 0.20746920458762602
299.0320739746094 -1 653.2493286132812 328.10015869140625 -1 842.2420654296875 330.061767578125
0.9897342562724999 0.0864832082553493 0.11340137296449272 0.009321226333027177 -0.40698194307660107 1.2826328614748106 0.19788937754218774
289.0038146972656 -1 819.2975463867188 322.0301513671875 26066 603.8922729492188 332.4940185546875
0.989502117882647 0.08695920288003578 0.11505743461898714 0.009243510108313853 -0.4690123151331188 1.2731280644267833 0.17259230563677244
330.5028991699219 -1 211.03221130371094 552.3556518554688 -1 971.0606079101562 554.8231811523438
0.9894426564606253 0.08671333729934076 0.11579538841754243 0.008686468314686209 -0.5330180123850091 1.2659166472159769 0.15624210802377778
344.6399230957031 -1 650.499267578125 372.0944519042969 -1 574.4310913085938 381.55731201171875
0.989482926825498 0.08558446262706862 0.11623409051167859 0.009406034265563277 -0.5940324914569244 1.2577735658743554 0.14429996459382471
304.69891357421875 -1 1007.1168823242188 371.35260009765625 -1 739.9656372070312 375.5657653808594
0.9894103710243909 0.0848983662026041 0.11740206915041904 0.008725782756060767 -0.6471344066164094 1.2567397570810337 0.1347593458262567
363.4951171875 27257 845.80322265625 387.28741455078125 27963 1076.589111328125 396.0966796875
0.9896176496240311 0.08183093837344005 0.11767012022629796 0.01069335697802117 -0.6957785629214654 1.2528117808838894 0.1242762891320567
276.1539306640625 26975 795.6261596679688 304.0578308105469 -1 722.7816772460938 310.3437194824219
0.9899363756290336 0.07686091669680013 0.1181173202036111 0.012910087486076104 -0.7454053781117345 1.251202584897669 0.11759339302426117
238.60382080078125 -1 705.8834228515625 301.9456787109375 -1 891.2669677734375 312.3869934082031
0.9901381334593965 0.07326813873893437 0.11816545928781906 0.017180824967777106 -0.7877728460873826 1.2468785396922077 0.1348654914695406
219.08746337890625 -1 662.1737060546875 238.63111877441406 -1 662.1737060546875 238.63111877441406
0.9901274751705775 0.07230742781828357 0.11805503819938044 0.021959661891384697 -0.8205117026355713 1.2415048226785323 0.14375316036389787
230.78562927246094 -1 901.0652465820312 238.52783203125 -1 908.8351440429688 238.32861328125
0.9900869785012447 0.07286081920012016 0.11814857455309863 0.021447385827514386 -0.8470737650000224 1.2422131383667612 0.15521027790011496
248.33580017089844 27237 855.5897216796875 264.8193054199219 -1 765.5517578125 265.2418212890625
0.9901307639147653 0.07366010070760678 0.11749228310289896 0.02026877708636776 -0.8727545946907966 1.2369288487741206 0.15908112130029792
269.0589294433594 -1 996.0243530273438 306.79339599609375 -1 1016.8428344726562 321.1156311035156
0.9901582127084113 0.0742223338612554 0.11680075793935395 0.020864848599147435 -0.9193227472027224 1.227640610240646 0.14348647689834704
328.47015380859375 -1 1012.73095703125 352.5300598144531 -1 756.8682861328125 358.40802001953125
0.9901471225644884 0.07579150415805036 0.11631399657006773 0.018313322380780445 -0.9646904778490105 1.2207949704340875 0.1281187648482739
308.4733581542969 -1 523.0693359375 517.8844604492188 27845 1024.5162353515625 559.6982421875
0.9902731167919901 0.07520574092059804 0.11637318768019873 0.012670117632077016 -1.01790370803677 1.2101813705097977 0.12431142920875679
391.6413879394531 27963 762.88671875 558.6002197265625 -1 1031.3055419921875 569.0542602539062
0.990362861549208 0.07555246125945547 0.11559785110711197 0.01050546910522075 -1.07902796178603 1.1994684619108287 0.11718497446173982
0.5058911442756653 -1 0.5060212016105652 0.5058911442756653 -1 0.5060212016105652 0.5058911442756653
0.990338989154249 0.07547640329273698 0.11561565678472119 0.01284597264398879 -1.1558250767996519 1.1787739501588015 0.1277111298516852
0.5063111782073975 -1 0.5063139200210571 0.5063111782073975 -1 0.5063139200210571 0.5063111782073975
0.990064981087199 0.07581982538766237 0.1174359994233941 0.015214248006959374 -1.2294322510445839 1.1533940142126933 0.1563718004575202
0.5042702555656433 -1 0.5042533278465271 0.5042702555656433 -1 0.5042533278465271 0.5042702555656433
0.9895041055812103 0.07712185214022567 0.12091060512683519 0.017733316899351446 -1.2865328590513965 1.1256808751382805 0.19162302877875476
0.5049236416816711 -1 0.5049467086791992 0.5049236416816711 -1 0.5049467086791992 0.5049236416816711
0.9890332056383431 0.07908452238974865 0.12392451468655849 0.014201095831994182 -1.3331640906535314 1.1117668125441302 0.21730356026436456
0.5052007436752319 -1 0.5052326917648315 0.5052007436752319 -1 0.5052326917648315 0.5052007436752319
0.9884826907303305 0.0815504785958081 0.12645300336746634 0.0161594401718632 -1.3810666792979365 1.093717686279826 0.2326205403862472
0.504114031791687 -1 0.5041038990020752 0.504114031791687 -1 0.5041038990020752 0.504114031791687
0.9879515662139652 0.08372488615319171 0.12945135560089335 0.013571764332592594 -1.4256087895700893 1.0892071012717117 0.24689990342188683
0.5056602358818054 -1 0.505677342414856 0.5056602358818054 -1 0.505677342414856 0.5056602358818054
0.9874192905258983 0.08516712571256531 0.1326234472565709 0.012677800794119658 -1.4683871255273835 1.0927790956619168 0.25829274198533664
0.5059890747070312 -1 0.506007194519043 0.5059890747070312 -1 0.506007194519043 0.5059890747070312
0.98697649553464 0.08584035029489132 0.13569037848524115 0.00984645672021812 -1.5194110965497496 1.1072670642247862 0.27739079196394706
277.5456237792969 -1 732.9888916015625 565.2582397460938 28670 740.71533203125 567.525146484375
0.9863698873473098 0.08773137499059079 0.13898339588987318 0.007827313947614522 -1.5815355904789081 1.1306159139866363 0.28073680939465234
0.5047060251235962 -1 0.504768967628479 0.5047060251235962 -1 0.504768967628479 0.5047060251235962
0.9858447249793254 0.08777747466052785 0.1427722868552945 0.004622475394019378 -1.6605830612271504 1.1497217320108553 0.2916855825490806
287.1045837402344 -1 832.4608154296875 289.3125915527344 -1 688.6921997070312 275.3777160644531
0.9854656791171479 0.08578263469321605 0.14650750713752703 0.0058553581970984345 -1.7419843732774933 1.1584586567034132 0.2902648369392468
275.993408203125 -1 819.1868286132812 575.7416381835938 -1 819.1868286132812 575.7416381835938
0.9852353219640483 0.0847526670014618 0.14865683372041433 0.005430614952161367 -1.8049674233513355 1.1702565730710466 0.29305216908189535
580.1370239257812 28670 849.8452758789062 602.8085327148438 -1 738.4342041015625 612.3657836914062
0.9848802460773887 0.08469139099743374 0.15101885003550886 0.005619262532990921 -1.8650114062375067 1.172946922037147 0.308038232472176
264.2958984375 28955 804.6989135742188 605.616455078125 28788 906.1622924804688 612.9921875
0.9843669065708408 0.08345049837669158 0.15504887532842698 0.004201645894797141 -1.9213999137764508 1.1783744154863807 0.32204560119984904
324.62591552734375 -1 644.032470703125 575.5318603515625 -1 829.484375 581.1843872070312
0.9839026527158925 0.08211059039223274 0.15871943915743958 0.0012492228050284648 -1.9797085050437198 1.1847251352388863 0.337214164512805
590.8875122070312 -1 780.5524291992188 269.6116638183594 28955 720.0443725585938 287.0873107910156
0.9836141907409647 0.08170989014880164 0.16070295976438798 -0.0010845957004670685 -2.0389004938779207 1.1829795724754077 0.35134024318120705
363.8444519042969 -1 792.8545532226562 605.1881713867188 28272 774.9087524414062 608.39892578125
0.9834959277695395 0.08113095518351715 0.16170104605167593 -0.002509955684184324 -2.1188027681003625 1.1782010010010011 0.3569227900531114
304.2728576660156 -1 616.5647583007812 377.0663757324219 -1 616.1614990234375 379.97784423828125
0.9835627450551095 0.08080765674681188 0.1614258555176093 -0.004017750758227565 -2.1894371162105246 1.1820732059289027 0.3679772433980157
502.703125 -1 599.2667236328125 502.703125 -1 762.259521484375 558.1594848632812
0.9837316187591147 0.07972480623326932 0.16098080763983505 -0.0011122482931776967 -2.258865054894871 1.168759798311323 0.36417406835086585
323.12908935546875 -1 622.8865966796875 378.12762451171875 -1 563.77099609375 378.44427490234375
0.9839408737947285 0.0792042890023658 0.15995264231489245 -0.001479762203829162 -2.3140451703484706 1.1659957465340713 0.3473523138440623
376.8550109863281 29213 545.3697509765625 376.8550109863281 -1 570.4375610351562 508.9452819824219
0.9841147236532882 0.07726866251840966 0.15983368984034935 -0.0009777900835424192 -2.3641594680121485 1.1592615756621156 0.34726751372030784
0.5049026608467102 -1 0.5049353837966919 0.5049026608467102 -1 0.5049353837966919 0.5049026608467102
0.9841620040749032 0.07403661108688145 0.16106616502143398 0.0011918218525938692 -2.4171304553353474 1.1470371088195805 0.35870304152014815
332.8846435546875 -1 515.8758544921875 381.945068359375 -1 515.8758544921875 381.945068359375
0.9843157695263822 0.0739445806410658 0.16015283246046866 -0.002394809051294569 -2.4825821605701943 1.1561561017348558 0.3666122713501435
326.0716247558594 29454 566.2582397460938 329.45184326171875 29453 565.79248046875 332.5426940917969
0.9843985272928589 0.076367833467152 0.15849535501536421 -0.002591508004551144 -2.5437706275949497 1.148249480945483 0.36695530841298235
320.7977294921875 -1 590.9295654296875 565.178955078125 -1 544.6390380859375 299.3924560546875
0.9844406556418608 0.0774666367920387 0.15771881656883338 -0.0005390766926049474 -2.5872177147301536 1.1411452085308877 0.3564781023936041
314.34661865234375 -1 514.03515625 317.5050964355469 -1 519.5260620117188 317.8225402832031
0.9845500563451458 0.07786735181855144 0.15682836972533237 -0.001650612259358549 -2.61742177117069 1.1553071671629798 0.3430549394748744
350.8254699707031 -1 544.741943359375 372.6698303222656 -1 544.741943359375 372.6698303222656
0.9845588204997423 0.07700420075080489 0.1571920399187748 -0.0022236521895911687 -2.6548935295561122 1.173962060649939 0.34131001525022014
0.5041768550872803 -1 479.4140319824219 323.3723449707031 -1 532.558837890625 337.3581237792969
0.9845392439301531 0.07648025689541256 0.15730642111712756 -0.009377491240999451 -2.694350379052645 1.2476445788868507 0.3254062986202706
0.5033838748931885 -1 447.7820129394531 365.33673095703125 -1 447.7820129394531 365.33673095703125
0.9844495195093232 0.07555157252442937 0.15808936991641634 -0.01260375128202343 -2.743372009711278 1.2770097406349168 0.3605638074856035
415.4982604980469 -1 456.423828125 417.47650146484375 -1 584.435302734375 499.26458740234375
0.9842502976117318 0.07515787057629816 0.15921673526642238 -0.015895828155710216 -2.796600566225672 1.3019010004652865 0.398752595082155
0.5040202736854553 -1 0.5039994716644287 0.5040202736854553 -1 0.5039994716644287 0.5040202736854553
0.9840507216095999 0.07523048785937765 0.16048447500460988 -0.015142135865209832 -2.8883060616040157 1.3062318845953624 0.41648398571614337
0.5035949349403381 -1 0.5036162734031677 0.5035949349403381 -1 472.1032409667969 411.4962463378906
0.9838448013203375 0.07649863140186074 0.16114914199973654 -0.015110272708879439 -2.951288250747277 1.3012398520034334 0.4245546254392079
0.5 -1 0.5 0.5 -1 0.5 0.5
0.9835137708979611 0.07698494575285435 0.16282662970487252 -0.016170010527369383 -3.0207351558740707 1.2912344352012213 0.45284377319629826
0.5 -1 506.40472412109375 536.8364868164062 29824 838.3986206054688 596.87744140625
0.9832975333576823 0.07738742903796265 0.16409656784453408 -0.014472841505252939 -3.098287147784842 1.2649460646048813 0.42891678921440185
0.5 -1 0.5 0.5 -1 0.5 0.5
0.9828143106241868 0.07846833549842326 0.16643631040776752 -0.014754854599785611 -3.172260237104072 1.2517863466861883 0.446139416890186
0.5034725666046143 -1 0.5034745335578918 0.5034725666046143 -1 0.5034745335578918 0.5034725666046143
0.9824037718287063 0.07994251229523389 0.16833026484458424 -0.012527799567744632 -3.238359051721222 1.228152989018657 0.4508525774246965
545.1400756835938 -1 906.4903564453125 598.3453979492188 29740 906.4903564453125 598.3453979492188
0.982108541775782 0.08020509638601368 0.17004231340878712 -0.010750178386670823 -3.3017833139442256 1.214685684770505 0.4585468546512452
616.8375854492188 -1 877.2449951171875 449.43707275390625 -1 871.2190551757812 556.4508056640625
0.9820674362737098 0.07997644137329975 0.17035572523734652 -0.011235938541298415 -3.3538879140337934 1.2167852805979829 0.4558695226355624
551.6087646484375 -1 809.674072265625 561.4303588867188 -1 778.3062744140625 564.2952880859375
0.9818572769256451 0.07953930189775242 0.1717747612357052 -0.011100387569440574 -3.4218830065079087 1.208743981811921 0.45281399732952937
603.8521118164062 -1 825.7177734375 603.8521118164062 -1 884.5382080078125 609.2083740234375
0.9814895422460619 0.07913972883344438 0.17407122477888257 -0.01069534879116246 -3.4863792183349886 1.1969870869982853 0.48802163380920355
607.6614990234375 32982 857.5977172851562 629.5792236328125 32960 828.690673828125 554.5894165039062
0.9813580919450535 0.0784290393721383 0.17519836555965404 -0.009524382518229195 -3.5481170510449345 1.1873557050799661 0.5054362694481153
604.8817749023438 33011 844.2914428710938 630.041748046875 32960 815.30712890625 554.8929443359375
0.9811911338031548 0.07772545364702675 0.176491216623717 -0.008576902478383426 -3.6112112916603514 1.1765964701077989 0.4927246764567795
605.7389526367188 33011 830.1527709960938 630.1599731445312 32960 845.7889404296875 551.436279296875
0.981152510419745 0.0776113202953325 0.1767191395670636 -0.009304835824675575 -3.652021441723299 1.1784923835320176 0.4498000911848031
558.7239379882812 -1 797.0266723632812 565.1681518554688 32729 857.5962524414062 571.7652587890625
0.9810336463827729 0.07707761170634977 0.17765146417537486 -0.008484321711909687 -3.6905138730512728 1.1695073001185234 0.4587634359695225
543.0831298828125 -1 830.9024658203125 550.6558837890625 33200 789.3282470703125 565.162353515625
0.9809128793813272 0.07739859198408269 0.17805008899895497 -0.010841901594253323 -3.7229276626573777 1.181465154398612 0.46264493917469507
564.1767578125 32729 792.7787475585938 613.5372314453125 -1 555.0344848632812 722.868408203125
0.9805522676091878 0.07718950941067364 0.18005422766566576 -0.01181123292209489 -3.778462040591118 1.1759900098160299 0.542757522809177
568.50146484375 33235 804.0849609375 584.158447265625 33129 804.0849609375 584.158447265625
0.9803186480935496 0.07878606175820722 0.18062619693077736 -0.011928187414323471 -3.8276400829526867 1.1849033326830187 0.6124707873731781
611.9055786132812 -1 410.6540832519531 715.68994140625 -1 410.6540832519531 715.68994140625
0.9803888535117452 0.0770553829141359 0.18096788501112454 -0.012279595615581741 -3.8874201792066656 1.1801747929273907 0.5283905238689032
568.3218994140625 33097 827.8973388671875 593.0430297851562 -1 796.8289794921875 599.4298706054688
0.981034442613676 0.07755073843010775 0.17734845320476708 -0.01023872650752384 -3.9246072347412864 1.172018065097231 0.4629200455725083
547.7535400390625 32961 779.8009033203125 568.28759765625 33097 733.703125 601.6607666015625
0.980863475049931 0.07804134811873331 0.17817483380963067 -0.008373762218663518 -3.96485545086154 1.1553929756596062 0.5741261441827831
545.7662963867188 33200 771.3159790039062 583.59228515625 -1 793.0423583984375 587.3720092773438
0.9805598796544835 0.07670131892051646 0.1803929084822045 -0.008810712636841612 -3.993837541470281 1.1504350771047263 0.5943484011286136
545.577880859375 33200 751.8424072265625 546.2061157226562 32961 735.7258911132812 576.0243530273438
0.9797888148057674 0.07813919629927177 0.18386019243907714 -0.010177132183438945 -4.044277335700075 1.1731568319185504 0.6078828250215403
568.1199340820312 33201 701.8641357421875 587.7045288085938 -1 786.9859008789062 623.2404174804688
0.9802930883500381 0.07360759236115691 0.18300013779524385 -0.010878090221169884 -4.080624610457573 1.1688262274673176 0.6394550592384313
508.95635986328125 33316 710.4902954101562 596.7503662109375 33304 765.7354125976562 631.9735717773438
0.9804048530262479 0.07237850101857578 0.18306029903965876 -0.007523540947990353 -4.129374760279672 1.1624790759696375 0.5380923972252031
0.5026652216911316 -1 0.502670168876648 0.5026652216911316 -1 0.502670168876648 0.5026652216911316
0.980674713010235 0.06752498188678613 0.18343733152500113 -0.008260114192274974 -4.155137529014574 1.1522391654891986 0.6345504327428758
518.8109741210938 33316 745.5496215820312 554.54248046875 -1 823.4798583984375 579.9096069335938
0.9802490226614174 0.06734663407270629 0.18578927282045885 -0.007657059178177927 -4.176861011091598 1.1449663265806238 0.7169981774561491
562.4404907226562 -1 683.8208618164062 590.7161865234375 -1 697.0819091796875 640.6699829101562
0.9797729790665404 0.06771871454614029 0.18804028290054167 -0.0099968594058079 -4.205725438487586 1.1736671902120668 0.6530313930194683
0.5032511353492737 -1 0.5032311677932739 0.5032511353492737 -1 0.5032311677932739 0.5032511353492737
0.9794997479222002 0.06666704525192717 0.18970208706067035 -0.012201109070478012 -4.260815118044232 1.1950550369296093 0.6864870787637563
0.5 -1 0.5 0.5 -1 0.5 0.5
0.9799117731332438 0.0674259082533253 0.1868957490352891 -0.01722332034233468 -4.331609031365685 1.254023817534859 0.740512093321647
0.5030150413513184 -1 0.502971887588501 0.5030150413513184 -1 0.502971887588501 0.5030150413513184
0.9802010475460761 0.06869868226345734 0.184779876734533 -0.018514713036137997 -4.436487413137346 1.2719079942684222 0.5692027414769456
623.1272583007812 -1 650.8394775390625 641.428955078125 33755 793.7470703125 529.7896118164062
0.9798113378521067 0.06731182551859514 0.18703355088738452 -0.0213848358486868 -4.550795351683752 1.276547613861154 0.6746120377727485
600.318359375 -1 736.2476806640625 622.9928588867188 -1 758.2723999023438 431.1758728027344
0.9790747864791555 0.06796998139132535 0.1911825849271262 -0.015551955859033652 -4.661409545142018 1.2253829237582625 0.7419189932502839
545.8917236328125 33318 733.5228881835938 578.2423095703125 -1 736.3250732421875 622.8458862304688
0.9791181448302936 0.06850106992686053 0.19098549695405304 -0.012641275100753463 -4.728776091083254 1.1865163202449487 0.781422657950433
549.1787719726562 33767 556.8014526367188 629.4022216796875 -1 737.995361328125 429.1164245605469
0.9778413438590065 0.07144298801366605 0.19641331018326147 -0.012000720251115883 -4.804383065998451 1.1735470951246902 0.7571328038847615
0.5 35582 639.8079833984375 512.5403442382812 33316 713.767578125 535.3109741210938
0.9771264865821956 0.07097650251654569 0.200064961556485 -0.012656084207034471 -4.870434589656206 1.1579091475276388 0.840345909541332
627.0704956054688 -1 736.4171142578125 622.8148193359375 -1 757.309326171875 466.8892517089844
0.9760441113020517 0.07255570044995008 0.20479632584746965 -0.011490345694640804 -4.961754538473695 1.139255394711833 0.8395216527544792
622.9982299804688 35544 739.7091674804688 462.2698669433594 33769 739.7091674804688 462.2698669433594
0.9754298761572159 0.07178895140623617 0.20802578803283148 -0.010400705227592542 -5.049501537639703 1.0933654594647613 0.9479026048645202
530.63330078125 32855 736.5154418945312 623.07177734375 35544 721.7107543945312 454.9414367675781
0.9753123340317553 0.07091062390721108 0.20894698108241044 -0.008870941278504957 -5.1103058069666 1.05651353235097 0.8697363622569824
509.9823303222656 -1 836.362060546875 512.2274169921875 -1 596.9952392578125 522.1971435546875
0.9746730762448668 0.07133316003969077 0.2117894569493684 -0.008318692638377619 -5.170588477909473 1.0484970855512281 0.9835160831787507
524.47314453125 32855 840.8435668945312 542.6591186523438 -1 736.8049926757812 623.0925903320312
0.974083282163083 0.07129650157469791 0.21442930016062337 -0.009931943728700814 -5.2252443776353985 1.0631522328286591 1.0536158248876895
518.1878051757812 -1 568.9102172851562 525.4910888671875 32855 736.5991821289062 623.2494506835938
0.9728273223123213 0.0687850127844768 0.2207635493776349 -0.011793143985675826 -5.304137073709656 1.0488746726216334 1.0248690867566614
0.5 35582 1472.260009765625 463.2865295410156 35656 1472.260009765625 463.2865295410156
0.9710227032182697 0.0717723313634154 0.22765189937199992 -0.01175818853671931 -5.385346262709283 1.0469622616396446 1.0470890034653313
623.04345703125 35705 736.6930541992188 623.04345703125 -1 1371.21337890625 443.64202880859375
0.9704324792310441 0.07024977245127347 0.23045301643286403 -0.014737026193493662 -5.449316511342547 1.055537310652695 1.113502294509585
0.5 35582 1025.4609375 646.0501708984375 35632 1270.7227783203125 814.134521484375
0.969714941902975 0.07199564591001652 0.2327793460693304 -0.016832541805809474 -5.51544424700221 1.07792920618926 1.1294312172653196
424.10101318359375 -1 1201.85009765625 424.10101318359375 -1 736.70703125 622.6681518554688
0.9690808044118358 0.07127674292838095 0.23562797182958808 -0.016777345722899697 -5.582308060120707 1.0650839435544426 1.2136219454819683
431.49566650390625 35879 1098.6483154296875 431.49566650390625 -1 902.8320922851562 480.6972351074219
0.9684351976991689 0.07222182297980889 0.23796442015122002 -0.01703557703568197 -5.635755402430039 1.077616592943131 1.2381349547327358
481.865234375 35680 881.61083984375 492.9923095703125 -1 873.9183349609375 497.68231201171875
0.9677126929992175 0.07314772802592275 0.24058200957904538 -0.0173738412493027 -5.690145935268756 1.1019211920460763 1.2620796688113347
482.1343994140625 -1 876.1124267578125 486.9723815917969 35680 868.600830078125 497.4088439941406
0.9669050077877852 0.07391826317858266 0.24346831548671174 -0.01881424028835517 -5.745887089443497 1.1354297552216635 1.3600971610767456
505.64111328125 35703 862.0574340820312 490.5776062011719 35680 784.5744018554688 531.0988159179688
0.9664959856340517 0.07498537310379157 0.24478381234302482 -0.01853614815874446 -5.81560166857036 1.1546461410708901 1.290524774090888
495.3383483886719 35680 857.3522338867188 513.1253662109375 35768 839.9642333984375 536.4912109375
0.96595045408195 0.07475077055662126 0.24717242706500642 -0.016057205823560326 -5.894758778989091 1.1356140474450234 1.357185090316466
0.5029691457748413 -1 839.6922607421875 516.8343505859375 35768 827.34375 510.010498046875
0.9652851556716633 0.07423110316501778 0.2500810968576662 -0.013181675056840354 -5.982835932861699 1.1184162304811844 1.3953320248820658
0.5018916130065918 -1 820.4796752929688 521.8766479492188 35768 821.801513671875 524.9461669921875
0.9650983253983954 0.07412120213431235 0.25094585181094814 -0.010837396654886259 -6.053117756356344 1.1422854846043344 1.3468585884637505
0.5030438899993896 -1 1138.9617919921875 366.2012939453125 -1 1138.9617919921875 366.2012939453125
0.9650590397124177 0.07200794068853043 0.2515445012515225 -0.014186974211087262 -6.072990819083408 1.2117422374292761 1.290214446073088
0.5035225749015808 -1 1111.8748779296875 396.1845397949219 -1 438.1016845703125 668.956298828125
0.9650295086663979 0.06818284595644422 0.25253833570772477 -0.017132889958881337 -6.0881557877807255 1.257123203282895 1.3444447177997476
549.3609619140625 -1 911.931640625 549.3609619140625 -1 761.1246337890625 556.0590209960938
0.9654735484545822 0.0674572346453331 0.2509593891350274 -0.018158571901332 -6.114930794039333 1.275073904353022 1.28322496368744
0.5034188032150269 -1 793.1026000976562 553.031005859375 35837 773.0931396484375 556.8525390625
0.9667927005262072 0.069500621998621 0.24550317656922316 -0.014481990383542125 -6.178174052929848 1.2391772316777065 1.1532278466350387
0.5036436319351196 -1 752.6264038085938 553.8648071289062 35960 736.8370971679688 623.02783203125
0.9676623189041718 0.07321764583451207 0.2408234463799322 -0.016519097588706216 -6.24022364902669 1.2502480969294971 1.1617895916574714
0.5036333799362183 -1 728.9196166992188 543.7862548828125 35960 880.9231567382812 593.5752563476562
0.9673887738232464 0.07788590887934448 0.24017871581440975 -0.02017250476602816 -6.316896480755546 1.255193784866808 1.0665537286486018
659.214599609375 -1 807.9935302734375 676.7753295898438 -1 804.9767456054688 575.4935913085938
0.9671543792270796 0.07988677666104528 0.24079446350858505 -0.015765024586195515 -6.3838496314702 1.1393997790724073 1.2028764416871662
622.9967651367188 -1 736.6973266601562 622.9967651367188 -1 790.64306640625 651.3297729492188
0.9668418124396605 0.08417573628978813 0.2407574632338581 -0.012930546611109133 -6.403334195544133 1.0591819567188223 1.1496599964731156
601.697021484375 36141 794.063232421875 601.697021484375 -1 736.7486572265625 623.1397094726562
0.9664939465510242 0.08817828120192102 0.2405175535478854 -0.01628951932504827 -6.376458693833622 1.0716786788088495 1.132668777598
511.85009765625 -1 622.2402954101562 511.85009765625 -1 1285.35986328125 582.931396484375
0.96545241535212 0.08781481913328101 0.245082839323158 -0.011162127962263624 -6.344010162859853 0.9913005396537671 1.2050719377652186
442.58380126953125 35680 708.4819946289062 461.8911437988281 35768 709.7091674804688 465.2051696777344
0.9646688748452331 0.08726409829382299 0.24842305064574724 -0.009215582545808818 -6.299268303235821 0.9716923219411772 1.301107442247968
661.4156494140625 -1 916.3699951171875 663.8450927734375 -1 698.198974609375 510.3955383300781
0.9642298418337717 0.08199961171277459 0.25206383266529425 -0.0008366948406763764 -6.276682261835425 0.8708093992095232 1.3604281515451877
0.5026774406433105 -1 0.5026422739028931 0.5026774406433105 -1 0.5026422739028931 0.5026774406433105
0.9650551690297575 0.07995767416019016 0.24954642672372684 -0.0013682036612672906 -6.279156765329831 0.9186939444517288 1.3669664510099628
609.1292114257812 -1 834.8412475585938 634.7386474609375 36395 933.8140258789062 731.4059448242188
0.9659794095166346 0.07799580135576076 0.24648594399669824 -0.006716753145923293 -6.314970966494739 1.0329635263847377 1.4137247083988218
657.0725708007812 36142 694.7742919921875 510.26220703125 35629 736.8214111328125 623.1773681640625
0.9661965503575984 0.08013559250099349 0.24488633700874043 -0.008555398180870494 -6.361787037066445 1.1447392293218521 1.4332806381204117
0.5 -1 0.5 0.5 -1 811.5526123046875 482.03070068359375
0.9676083749962358 0.08161749624098048 0.23850473295128014 -0.013715294540625532 -6.363432833950656 1.3168283295062493 1.3137997070624339
554.0384521484375 35681 688.8031616210938 554.0384521484375 36508 842.9637451171875 603.3785400390625
0.9672445295231173 0.08286121695188801 0.23912323986213221 -0.019801893613812783 -6.355261768441102 1.4537120813385762 1.347905162847497
659.0643310546875 -1 693.0166015625 659.0643310546875 -1 812.6589965820312 721.9976196289062
0.9669776122777617 0.08642378897104093 0.23842470506010496 -0.02527619572819037 -6.318505478512996 1.5772138987285842 1.3451900098427232
585.6173706054688 36356 703.7559814453125 591.8169555664062 35768 835.2987670898438 614.777099609375
0.9670028998774493 0.0918563676624272 0.23676272624760064 -0.02027833346881848 -6.314913533914447 1.5522294883260601 1.2255767843704262
572.9996337890625 35680 810.3956298828125 660.8016357421875 -1 839.9901733398438 532.6014404296875
0.967986527157295 0.0979766855686558 0.23032434022669399 -0.018797622883710688 -6.302403038107798 1.5551468502298937 1.219469773634903
566.5737915039062 35680 678.4119262695312 577.9239501953125 36356 1179.9844970703125 461.4803161621094
0.968260825751697 0.10283504420112913 0.22718147361867252 -0.016867277291910038 -6.27132676777384 1.5323483861170668 1.1808768824623785
0.5 -1 0.5 0.5 -1 0.5 0.5
0.9672729358838293 0.10786107395056732 0.2287560083673041 -0.02048767602159156 -6.200727033449808 1.57370470655935 1.2688540469641565
550.3289184570312 35680 1271.3128662109375 441.1134948730469 -1 1074.8824462890625 539.7387084960938
0.9659983899619041 0.11221491509014567 0.2311924073920524 -0.0283724194701059 -6.137001495095013 1.6701297596041742 1.3060075803506788
439.2304992675781 -1 709.0480346679688 563.987060546875 35703 1109.2177734375 540.6181030273438
0.9657234790754974 0.1152085934552677 0.23066098338793606 -0.030010876343195193 -6.1178864074451065 1.710210947235361 1.3377584305508052
549.630615234375 35680 711.7162475585938 566.0015869140625 35703 729.7306518554688 560.0555419921875
0.9668945222748391 0.11519483200751889 0.22588351743466273 -0.028666531443735654 -6.154594202890517 1.7173422799868083 1.2697652199268972
514.9224243164062 -1 699.50048828125 569.8463134765625 35703 728.019775390625 571.0133666992188
0.9668847060405465 0.1196868582893741 0.22390220804684088 -0.02601581075912055 -6.205643921146844 1.727380635762604 1.2300631073919728
538.5960083007812 -1 682.8101806640625 573.04052734375 35703 705.6256713867188 575.0848388671875
0.9673336300902995 0.12337151323564134 0.2199836780967408 -0.025540148576330468 -6.229020661896227 1.7642197651966607 1.2081866137149626
0.5046263337135315 -1 0.5046943426132202 0.5046263337135315 -1 0.5046943426132202 0.5046263337135315
0.9669549322173845 0.12719933975956998 0.21904764819633096 -0.02892429506244272 -6.2330894607882215 1.843085898824126 1.14241643973203
0.5028858184814453 -1 821.3139038085938 546.7152709960938 -1 669.58935546875 579.1911010742188
0.9665815196477233 0.12893453644753353 0.2205934514320819 -0.020846591372195872 -6.2453924665954945 1.7773013326618827 1.1109837782782648
564.4269409179688 -1 814.4172973632812 564.4269409179688 -1 816.0895385742188 566.997314453125
0.9664027867033567 0.1295341936655596 0.22151139564474465 -0.014807029510247866 -6.241292046350021 1.7310878548892077 1.1062699551036874
0.5 -1 0.5 0.5 -1 0.5 0.5
0.9661201479818281 0.1306933276667446 0.22202130157206867 -0.015416076517971587 -6.201939096990985 1.7905383094947622 1.1118927242738987
0.5 -1 0.5 0.5 -1 902.35546875 472.05474853515625
0.9656976237189688 0.12819750525465753 0.22435127000819088 -0.0256905981972204 -6.125654777199318 1.966390746081193 1.2206702853043319
790.8027954101562 36245 701.2001342773438 633.8405151367188 35629 877.4066772460938 672.382080078125
0.9661969107066937 0.12748962662723387 0.2224446325233797 -0.026987224844888205 -6.103779746726998 2.084617643394884 1.1724057302972037
0.5 -1 0.5 0.5 -1 804.0776977539062 750.3079833984375
0.9666807994723906 0.1266281724309076 0.22064344709927414 -0.028460624209216006 -6.140229236864693 2.2176750443507967 1.1488852065811268
684.5070190429688 -1 736.66650390625 623.0458984375 36676 693.1077880859375 693.6043090820312
0.968060796054104 0.1233373848542611 0.21646921855216344 -0.02805819060135812 -6.157468195751451 2.289665399169597 1.0858710807588743
704.958251953125 35837 737.0087890625 623.1557006835938 -1 701.7778930664062 711.96044921875
0.9685374820418833 0.12372468663924956 0.2139106043988056 -0.029489000012307677 -6.172313387922294 2.3839128480810596 1.0482273158027002
623.197998046875 -1 740.048828125 625.9507446289062 -1 844.0431518554688 328.3817443847656
0.9686528733265544 0.12307411752433317 0.21395272634475623 -0.028082084706496473 -6.176065665431829 2.4349803125734524 1.01197864693071
635.0562744140625 -1 845.7661743164062 340.4648132324219 36723 845.3456420898438 347.37353515625
0.9676524450373749 0.1269180525784851 0.21562892733039704 -0.03232211690495488 -6.132375988998402 2.543941975002612 1.0468295441854212
400.5128479003906 36848 896.896728515625 454.0649108886719 -1 803.048095703125 570.1444702148438
0.9661866073955779 0.13102411891437057 0.21976656582087975 -0.0319182784534685 -6.1215852605021945 2.5993290729570777 1.1401190647617498
372.34033203125 36796 943.47216796875 781.341552734375 -1 871.2286987304688 358.5216064453125
0.9658793690675836 0.1324612239689445 0.2201841919374496 -0.03240355189030942 -6.104069968568469 2.662397201416613 1.1266853260894167
464.42529296875 36851 1305.0855712890625 534.6220092773438 -1 1305.0855712890625 534.6220092773438
0.9656252800068094 0.13348983215923754 0.22108253374310746 -0.02950926287790661 -6.097882717068798 2.691860446434618 1.1237551720287549
488.4942321777344 -1 534.3905639648438 499.4020080566406 -1 875.8422241210938 395.32843017578125
0.9653444511738304 0.13448619067262632 0.2214991320338092 -0.031011120820301948 -6.067398444057877 2.778466957903584 1.1407310685973402
560.8699340820312 -1 552.1566772460938 569.457275390625 -1 690.4819946289062 529.0628051757812
0.964278685092114 0.13900382835205852 0.22303054232799813 -0.033195336560638354 -6.031298610009852 2.8832913698593043 1.1773191381501253
416.9535217285156 36953 898.7515258789062 458.5259704589844 36847 902.1209106445312 466.0589904785156
0.9626239809240075 0.1429349034103093 0.22631569986308564 -0.04130240589340329 -5.975804389413523 3.043816522973526 1.2238842609465428
442.006591796875 36796 702.0349731445312 561.1736450195312 36891 736.6513061523438 623.0684814453125
0.9619218794598984 0.14564514709488485 0.22695557577271422 -0.04455284019815201 -5.94367039889868 3.1495443059779356 1.3064641727297956
484.3521423339844 36847 706.1455078125 577.32421875 36891 736.498046875 623.1328125
0.9613359633120547 0.14909277388894332 0.22618444433550614 -0.04944802885477586 -5.902246568970001 3.279546146996284 1.3411468105449822
459.4164733886719 36953 736.7470092773438 623.0636596679688 37016 980.8499145507812 449.2299499511719
0.9609718827216629 0.15187415343631974 0.22507659026319818 -0.052988778546747634 -5.838578213885354 3.386941846171468 1.3761434415949187
509.8603820800781 -1 916.96142578125 517.0376586914062 36848 736.5988159179688 622.984130859375
0.9607757194107078 0.1543647380400726 0.22396166556407313 -0.05406215865485693 -5.784825133002441 3.433319078923145 1.3620778308690475
415.89739990234375 -1 899.2872314453125 438.19061279296875 -1 926.1737670898438 521.2964477539062
0.9602425021087237 0.15870121538592333 0.22286080950194115 -0.05550964751417639 -5.709714861969302 3.496736093010544 1.3255897397096137
431.39459228515625 37119 736.4655151367188 623.0814819335938 -1 919.296630859375 476.548095703125
0.9606085543050813 0.1583552334080274 0.22131225012140304 -0.05635346834394944 -5.623174023856332 3.542894524578318 1.407145547844235
0.5 -1 0.5 0.5 -1 938.3090209960938 496.452880859375
0.9612178224323451 0.1583207896584562 0.21854099854248563 -0.056874048180141565 -5.550341514081371 3.573804401125395 1.3185528755601759
0.5 -1 0.5 0.5 -1 0.5 0.5
0.9615693836709257 0.15814975974863651 0.2171224034866277 -0.056840441433494926 -5.5066503851864335 3.5663622546620206 1.326209238192289
0.5044405460357666 -1 996.8540649414062 431.25494384765625 -1 958.1636352539062 452.9902038574219
0.9616547027408049 0.15854906781175326 0.21620202314297474 -0.0577850411560202 -5.461189039340496 3.5681125229711936 1.3667152929702104
0.5 -1 0.5 0.5 -1 0.5 0.5
0.9618161285663641 0.1577519345575227 0.21561335973985615 -0.059455370444240936 -5.394835544981891 3.575545831907257 1.4056626801275867
0.5 -1 0.5 0.5 -1 984.6719360351562 488.0915832519531
0.9620498316102651 0.15914437699623687 0.21365803474806083 -0.05902061467603285 -5.3294154043030755 3.575981622574123 1.4457757348183062
0.5034905076026917 -1 780.3023681640625 487.4670104980469 -1 736.7841796875 623.2578125
0.9630553207728179 0.15808470774070588 0.21012441699428278 -0.058149838284498365 -5.267901391792798 3.5577257821584074 1.347228323039684
623.2958374023438 37016 718.11572265625 445.039794921875 -1 771.1168212890625 448.9175109863281
0.963706660733455 0.1568335529166199 0.20883369813454183 -0.05532806937689116 -5.218404067824298 3.5082290206383173 1.372213731503384
5.0 -1 789.13525390625 444.5171203613281 37148 650.8978271484375 647.4426879882812
0.9642193262533627 0.15667330548772873 0.20723453087054625 -0.05280544897948231 -5.168996844005246 3.4661883097443162 1.3064990976237287
0.5 -1 0.5 0.5 -1 0.5 0.5
0.9655322837989871 0.15739554522340635 0.20178975124888998 -0.04748628830146727 -5.081830559545973 3.410729001959944 1.3091911678192987
0.5 -1 690.00439453125 627.4232177734375 -1 715.845947265625 675.5620727539062
0.9658879645028544 0.15494612118995574 0.20239487981680865 -0.045699586219788334 -5.018986396933398 3.3754525059728735 1.2813617199116392
622.980712890625 37016 782.2713012695312 552.0077514648438 -1 749.5927124023438 617.6484375
0.9662508243185621 0.15415669187959716 0.2013009847726018 -0.045529906457394013 -4.946667706498342 3.3711628613603577 1.2979890708656077
622.947021484375 37016 736.7850952148438 622.947021484375 -1 851.4868774414062 594.6928100585938
0.9667097429678859 0.15303878813539892 0.20028275613537225 -0.044025217453539704 -4.864447361757614 3.3541459732018337 1.3504309888997046
0.5 -1 0.5 0.5 -1 916.1307373046875 527.543212890625
0.968780533011926 0.14622665732725607 0.19574772592851267 -0.042010371788900616 -4.788336795398396 3.305129788166768 1.1941592933397183
436.0015563964844 -1 659.0502319335938 650.0580444335938 41412 793.1262817382812 657.4801635742188
0.969003288070525 0.14535492474653333 0.19569868756564185 -0.04008238073675389 -4.7209098012448205 3.2931929723423714 1.2348182371081613
623.0725708007812 -1 737.0606079101562 623.0725708007812 -1 792.7613525390625 628.1116943359375
0.9676475688393096 0.15198356118835932 0.19754269646730951 -0.03919263604687058 -4.635301742015479 3.325978495304895 1.4860384311561352
670.3070068359375 -1 737.1880493164062 623.23681640625 37016 737.1880493164062 623.23681640625
0.9680466394430952 0.15039506540537576 0.19664072946125424 -0.03999314543254376 -4.535896903130343 3.317866330749025 1.4680559400492885
0.5 -1 800.2919921875 683.3605346679688 41375 889.0390014648438 405.2566833496094
0.9688011226273983 0.1511420098741737 0.19267781168881454 -0.038154141713553046 -4.4370299340633785 3.2968953930685307 1.5014644374560515
623.2515869140625 37016 837.3650512695312 681.1339721679688 37245 912.2085571289062 401.6070861816406
0.969599581886648 0.14986063249101272 0.1902456779138627 -0.035000338137307165 -4.3763747760458775 3.249503186829244 1.4527670041268392
0.5031589865684509 -1 737.2845458984375 623.2998657226562 37016 734.8143310546875 626.7073974609375
0.9702157432517088 0.1501067966872623 0.1872653156042608 -0.032879518038743144 -4.307740264242246 3.2216083636443735 1.3971998096448985
0.5 -1 737.0687866210938 609.731201171875 -1 738.2532348632812 618.8497924804688
0.9713890440354837 0.1484835845963743 0.183042679508589 -0.029177520654716866 -4.245728737356366 3.1782027709814913 1.4283712958650527
623.1732788085938 -1 780.8718872070312 635.2191162109375 41449 790.8292846679688 636.4306030273438
0.9725683891673751 0.14888965115599595 0.17679556226180299 -0.026190252682177197 -4.153396788291921 3.162650752621677 1.4859922218014634
616.0 -1 814.3185424804688 615.9667358398438 41460 798.39599609375 634.7918090820312
0.973451802076929 0.1499935736789942 0.17114680711703983 -0.0245415423685282 -4.066614067820383 3.1708431850446255 1.4005896195851364
0.5 -1 817.269287109375 547.9031372070312 -1 829.85595703125 617.7886352539062
0.9760630677259073 0.14738980720509878 0.15867176527768237 -0.020010083887850347 -3.9588263223401348 3.1594320206689743 1.9346843061371777
566.0321044921875 -1 1294.800537109375 566.0321044921875 -1 768.1297607421875 574.5125732421875
0.9771506119953696 0.15035315546326483 0.1493494835783247 -0.01628931779424423 -3.859304078079463 3.196302464252408 2.0221544442526183
627.0750732421875 -1 736.4923706054688 623.0771484375 -1 809.41796875 753.3179321289062
0.9780280948573613 0.15242537983953464 0.1416675205026371 -0.012564349767851134 -3.7824919090416085 3.2208523620407994 1.6538682126855038
658.8300170898438 -1 736.5169067382812 623.0514526367188 -1 867.1251831054688 382.9897155761719
0.9791464547395291 0.15567067313545993 0.1302411488980363 -0.008723808244316318 -3.6683471557527327 3.2622030410590344 2.0665606840204545
0.5 45777 1139.6424560546875 545.8578491210938 -1 1139.6424560546875 545.8578491210938
0.97990651568667 0.15736842960499847 0.12241304751012853 -0.005783050903260691 -3.585825272569897 3.28597446837756 2.2809337170547996
0.5 45768 1254.366943359375 573.871826171875 -1 1244.544921875 575.4295043945312
0.9806069873332546 0.1596703469008013 0.11351790468154781 -0.005385353329839538 -3.471477365140969 3.329406997283872 1.9491616032904813
0.5 45777 714.7507934570312 581.9666137695312 -1 714.7507934570312 581.9666137695312
0.9815893908629232 0.16030273754795296 0.1036807110907127 -0.0059674305787124045 -3.3263928925422523 3.36063212267119 2.429514868056949
0.5 -1 0.5 0.5 -1 899.4041137695312 447.26019287109375
0.9825835313969882 0.1592448132778398 0.09572245592862874 -0.0028115302811136376 -3.2343640552978514 3.337943223887538 2.1103619950067882
0.5 45777 740.40478515625 551.9771728515625 -1 724.4373168945312 471.173095703125
0.9832746124276697 0.15890783243259848 0.08898676057788994 -0.0008329397593721549 -3.141103646398514 3.321644290084213 2.097134985774089
0.5 45768 740.3163452148438 469.4442138671875 45778 777.5121459960938 582.0800170898438
0.984256528015648 0.1567961463417906 0.08152840048206446 0.0026787059902263098 -3.0543784662247595 3.2877002592718907 1.9743948319159663
0.5 45768 624.6527099609375 567.0745849609375 -1 782.5282592773438 568.458251953125
0.9850851611491332 0.15480753458014082 0.07472582973306836 0.007609394963403941 -2.9605742313723766 3.2381439984329723 2.234070098479809
0.5 -1 800.4791259765625 564.599609375 45866 749.7858276367188 616.75146484375
0.9856299407158332 0.15353347968436723 0.06970057281152216 0.010144985473563578 -2.866454929051782 3.2146036378107907 2.6040286245738247
623.0823364257812 46297 782.6184692382812 580.9590454101562 41567 356.480224609375 514.1217651367188
0.9859961258731733 0.15335050624676533 0.06457292079667065 0.011207135974064699 -2.7632691551293935 3.213387427885158 2.7200540352658944
622.926513671875 46297 798.2835693359375 585.89111328125 41541 854.4678344726562 594.0145874023438
0.9859897563277046 0.15466750549025182 0.06125019635822142 0.012270966071826218 -2.6760590194904736 3.221528224466043 3.0204696642639273
625.5074462890625 -1 740.3515625 625.5074462890625 -1 737.3924560546875 609.4827880859375
0.9863313010642004 0.15429332308479557 0.055923778797169144 0.014719577354587477 -2.5743617563307284 3.2097986868851143 2.953787543176148
622.7611694335938 46297 871.6876831054688 564.25537109375 45866 651.1261596679688 556.9478149414062
0.9868138178740329 0.15283436019656363 0.0505577254424511 0.01685418625350947 -2.46447018742121 3.179066028825992 3.020461407716756
556.1624145507812 -1 736.8726806640625 622.9494018554688 46297 893.0100708007812 560.6982421875
0.9872379238870916 0.15207890395866794 0.04370773499590739 0.01797004483475201 -2.333482588452671 3.1578149586227555 2.962322804591155
0.5 -1 1132.085693359375 497.3043212890625 -1 1132.085693359375 497.3043212890625
0.9878009687221245 0.14981621421432656 0.03842949644890985 0.0180975675935336 -2.1930293563590944 3.139540208769593 3.4353467878055
623.1040649414062 46297 736.5553588867188 623.1040649414062 46297 1346.1256103515625 488.8321838378906
0.9886646073881793 0.1460164005111755 0.029440860503499592 0.018834558995386518 -2.020853423062865 3.111768751414115 3.2153214855591292
623.1597290039062 -1 735.19580078125 627.1268920898438 -1 735.19580078125 627.1268920898438
0.9885183715776152 0.1479584008274744 0.023073290219412474 0.020183259314766624 -1.899995719261594 3.1089785897487547 2.939240133870812
623.2466430664062 46297 736.6466064453125 623.2466430664062 46297 566.6865234375 512.779541015625
0.9887937398784579 0.14667759996212634 0.01863967543486021 0.02061999384592875 -1.8049834010921177 3.0818795484842245 2.850701140826577
515.971923828125 -1 576.4967651367188 472.0289306640625 45996 736.9168701171875 623.0809326171875
0.9889878426536782 0.14489506982526454 0.014551728882487017 0.026395321746208 -1.7480712562323055 3.0357830679613054 2.805304648576288
859.9039306640625 46072 591.8699951171875 464.7306213378906 45996 736.904052734375 623.2828979492188
0.9889683952607128 0.14444361691592073 0.010547982447582371 0.031085282272853502 -1.6886968601855004 3.016169407698958 2.868375204798717
853.6014404296875 46072 1254.9012451171875 443.748046875 -1 1254.9012451171875 443.748046875
0.9891681765103806 0.14475292431577066 0.005682359104458359 0.023677421231405527 -1.562097805402289 3.0467730365207846 2.8670386716506697
458.1376037597656 -1 700.787109375 833.4681396484375 -1 654.9064331054688 854.0838012695312
0.9891834627088884 0.1447523910231057 0.002918561672546589 0.02354366993717936 -1.5079883505680458 3.0435020576957608 2.9624931087553636
515.1028442382812 46212 617.6468505859375 815.0116577148438 -1 523.8392333984375 849.3071899414062
0.9890981842084976 0.14445491432316027 0.00024903329568076775 0.028591916790572932 -1.480786036283698 3.0174875380847785 2.9578681009024774
562.5 -1 658.4847412109375 466.56243896484375 46242 655.5020751953125 506.13067626953125
0.9892197314126865 0.14297938727231743 -0.004621069362343822 0.031302771714233055 -1.4305072421883687 2.9970128780605103 2.8132347151721753
825.4829711914062 -1 730.2135009765625 828.443359375 -1 682.9658203125 849.7030029296875
0.9894443847746615 0.142242626064531 -0.00957427984317176 0.025984186222437842 -1.3186949146891376 2.9891282646073556 2.675232485158463
823.5050659179688 -1 650.0472412109375 826.040771484375 -1 748.627197265625 826.765869140625
0.9897587240627017 0.14023248374345898 -0.013541144279190663 0.02300339228295147 -1.2157864311068385 2.9363282116018015 2.57149283914573
0.5 -1 0.5 0.5 -1 0.5 0.5
0.9898301756831435 0.1402349847997472 -0.01661288917814624 0.017157629744425563 -1.1254725519535327 2.8776290383449608 2.5431196045110505
786.6593627929688 -1 768.006591796875 916.1124877929688 -1 760.8792724609375 963.2357788085938
0.9896579984114208 0.14108897349936647 -0.017846064656397043 0.018774070242625996 -1.1022222866618303 2.818012848799641 2.6393514015432715
440.497802734375 -1 711.5765380859375 440.497802734375 -1 627.951171875 793.69873046875
0.9895565349665704 0.14166472079128925 -0.019802146473721357 0.01780016806420898 -1.0852528618850104 2.796581746284824 2.792848883543124
0.5042339563369751 -1 0.5042047500610352 0.5042339563369751 -1 0.5042047500610352 0.5042339563369751
0.9895796610937492 0.14111413087372582 -0.021663163777702225 0.018697693774205316 -1.0901101056234574 2.8099411356977297 2.7629830442822483
0.5050157308578491 -1 0.5049916505813599 0.5050157308578491 -1 0.5049916505813599 0.5050157308578491
0.9895227847790479 0.14051260439579846 -0.025351128256366928 0.021405296194101607 -1.0880916508115894 2.8417896520015486 2.705856884778935
0.5044130086898804 -1 0.5044423341751099 0.5044130086898804 -1 0.5044423341751099 0.5044130086898804
0.9890939315175717 0.14150270139270796 -0.02995415618867909 0.02780159457124023 -1.0729796048839484 2.8783755228744243 2.8088506680963308
0.5033392906188965 -1 0.5033642053604126 0.5033392906188965 -1 0.5033642053604126 0.5033392906188965
0.9888082021360814 0.1422227037380619 -0.03505282445874341 0.02832563198430882 -1.0083836697309856 2.926471633979486 2.7997915334924603
0.5040632486343384 -1 0.504063606262207 0.5040632486343384 -1 0.504063606262207 0.5040632486343384
0.9883739681547691 0.14391459376445198 -0.04055662644826604 0.02757986270350448 -0.912033662795689 2.973213522244639 2.882822028148626
481.736083984375 -1 736.8821411132812 623.2080078125 -1 723.4539184570312 820.4443359375
0.9878389185133618 0.1461895753542067 -0.04571082352584505 0.026709544000181787 -0.7998457836726787 3.021675933359536 3.0640914018549994
0.5 -1 0.5 0.5 -1 0.5 0.5
0.9874121602213115 0.14720762130727336 -0.051171040243667 0.026993827378097975 -0.6640720755061441 3.0512959631747765 3.1814858799524885
0.5 -1 0.5 0.5 -1 0.5 0.5
0.9870205496390462 0.14825072069253684 -0.057480875576580354 0.022541236597140798 -0.48285795946611537 3.073625069404478 3.139278042612911
0.5 -1 0.5 0.5 -1 789.52392578125 451.45831298828125
0.9864759698917294 0.1487480416484289 -0.06446933209269884 0.0241430352576165 -0.3192025642934261 3.0825672872628407 3.0550244522930847
0.5 -1 0.5 0.5 -1 0.5 0.5
0.985914041474994 0.14957726135787797 -0.07155379387265363 0.02191347278618306 -0.14403695737643146 3.0923764934427687 3.1186098174272727
0.5 -1 0.5 0.5 -1 0.5 0.5
0.9856115011758686 0.14871648591517825 -0.07785242444047104 0.01980847231949284 0.00032526587629523623 3.1029221421282216 3.2241250126623258
817.5357666015625 -1 689.4255981445312 933.326416015625 -1 783.9041137695312 857.4241943359375
0.9848489891421 0.14898267863065792 -0.08529099363955123 0.02453724633687264 0.12738090839955654 3.1389042545040033 3.3462047224305684
984.3760986328125 -1 736.9403686523438 623.14208984375 49088 736.9403686523438 623.14208984375
0.9843355655045214 0.14845195609605596 -0.09096063553925375 0.027779020797068326 0.2256869320515501 3.1747492317682924 3.2999262767881876
523.2713012695312 49103 911.4266967773438 527.702392578125 49096 736.6367797851562 623.1516723632812
0.9837358793833664 0.1485427904462371 -0.09761235323187092 0.025895704601665844 0.3930123163482962 3.223143668013772 3.2943609091773904
0.5 -1 930.8563842773438 530.44921875 49072 937.4558715820312 538.5056762695312
0.9832764477829745 0.14757340027836283 -0.10371450265965321 0.025155927803171087 0.5468316511746472 3.2453444661830093 3.367114993133033
0.5 -1 0.5 0.5 -1 0.5 0.5
0.982820365112143 0.1470334038807506 -0.10854140993313395 0.02576956332190414 0.669753322470794 3.252804817709312 3.3936208394477974
494.56085205078125 47999 979.7111206054688 539.6253662109375 -1 992.722900390625 542.6488647460938
0.9824194070272189 0.14540973720415284 -0.11436636501341524 0.0250689364777441 0.754348227916231 3.239341902052635 3.187902701353426
904.2841796875 -1 873.8731079101562 987.5634765625 -1 667.1260375976562 521.7005004882812
0.981560222812784 0.14627248063245862 -0.11829836160290326 0.033902625907351734 0.7204564192305861 3.203001520156231 2.9756840366812876
968.2286987304688 -1 877.6693115234375 971.6942749023438 -1 837.1199340820312 904.5028686523438
0.9808483702957549 0.14356900398003106 -0.12590242920529213 0.038379602714854195 0.8204168113855609 3.1385858671431923 2.904196177082743
622.9697265625 48730 737.4880981445312 881.6767578125 -1 712.9627685546875 589.7184448242188
0.9808244516166282 0.1412558572660962 -0.12982367339108986 0.0342927357643671 0.973114298437625 3.098640487158247 3.03045300622389
622.962646484375 -1 628.6260986328125 877.5071411132812 -1 676.9789428710938 516.9586791992188
0.9810142987184466 0.1390001488005712 -0.13281258656378023 0.02550923741729607 1.1158350438419427 3.0439512327160405 3.1071523464394457
529.1710815429688 -1 498.0723571777344 526.8391723632812 -1 498.0723571777344 526.8391723632812
0.9810499793322879 0.13762778728166994 -0.13429070621979844 0.023781010135335737 1.143273163720333 3.0155810236737572 3.0250332782699054
558.2205200195312 -1 860.5225219726562 897.0631713867188 -1 860.5225219726562 897.0631713867188
0.9807437657726229 0.13672486510391127 -0.136955177429811 0.026291757940863147 1.1311645021951693 3.0029572727424823 2.939092064289192
829.5348510742188 -1 825.14794921875 829.5348510742188 -1 788.34423828125 833.9228515625
0.979974851069684 0.136306679438721 -0.1424152066608565 0.028065803446296177 1.1650571081767844 3.009716187024116 2.8860817415119087
591.22265625 -1 775.196044921875 610.92041015625 -1 835.9571533203125 872.7510986328125
0.9791523265053631 0.13630572475990424 -0.14825699614232568 0.02648271118421691 1.2566570406010864 3.032775290089364 2.8589368368132324
623.2264404296875 48730 928.9098510742188 925.2999267578125 -1 1059.010986328125 938.6655883789062
0.9780638331676974 0.13726077849250168 -0.1544159249849638 0.02657703986491284 1.3539403865600834 3.061872513572324 2.849748028003285
623.1620483398438 48730 842.1759033203125 941.1148681640625 -1 734.6707153320312 481.69403076171875
0.9768206304397564 0.13887306612072298 -0.16083597240607792 0.02583635875462712 1.452969575419211 3.0854194591264235 2.842398527801497
0.5 -1 0.5 0.5 -1 714.73974609375 515.3497314453125
0.9756680374948383 0.139572203128117 -0.1671073062397957 0.025819158123640096 1.5548317425093958 3.1106467420823525 2.8426628556933626
631.9671630859375 -1 736.5320434570312 623.3410034179688 48730 736.5320434570312 623.3410034179688
0.9747814114980982 0.1390134338563303 -0.17274049992352272 0.02524251753329238 1.663816431675469 3.114449510935015 2.8427923211576154
0.5 -1 0.5 0.5 -1 0.5 0.5
0.9740532357583519 0.13886654368258533 -0.17691275471771714 0.025263692772954094 1.750393004810955 3.1042510903931744 2.9415813890913003
0.5031496286392212 -1 0.5031682848930359 0.5031496286392212 -1 817.6740112304688 574.25439453125
0.9732976579401353 0.1385605635391107 -0.18097465774483354 0.02721787159407798 1.8094347279293292 3.09523529548374 3.091360589638098
0.5 -1 0.5 0.5 -1 0.5 0.5
0.9725287196211799 0.13779889070234086 -0.18537064232950384 0.02893233823146718 1.874917973479314 3.0907613667623317 3.2305819348495626
0.5027186870574951 -1 0.5027140378952026 0.5027186870574951 -1 769.8150634765625 592.8583984375
0.9710517380062095 0.13626832763111504 -0.19365822920704157 0.031399924524305546 2.013815686086302 3.08562570821551 3.343278740393191
0.5 -1 0.5 0.5 -1 0.5 0.5
0.9696965110054278 0.13664115630214485 -0.1998775851240539 0.03266223986945523 2.121734338820536 3.0858772961929395 3.672114704594054
0.5 -1 0.5 0.5 -1 865.3067626953125 566.5057373046875
0.9682176066145518 0.13647808594094746 -0.20640399555383107 0.036411384468303346 2.234453965527932 3.090693689349715 3.7484966658735455
0.5 -1 0.5 0.5 -1 865.1791381835938 531.6375732421875
0.9657723521409481 0.13664813275935325 -0.21643388841849834 0.04204073735761211 2.4248370449755825 3.1061707442248334 3.822809705967579
0.5 -1 0.5 0.5 -1 903.4644775390625 527.685302734375
0.9645413450052426 0.13382239025348056 -0.2238845825215265 0.0403392532340967 2.632699329132619 3.065730571206634 3.8402371299538727
648.768798828125 -1 737.6935424804688 618.6287231445312 -1 737.296875 623.3516845703125
0.962649409848351 0.13600194104393618 -0.23076930014874633 0.0394349573318039 2.793923273199276 3.057984828860871 4.2272760417245765
600.0308227539062 48886 737.3041381835938 623.2593994140625 -1 912.83984375 575.9642333984375
0.959758205851605 0.14134855431312107 -0.2395424410692364 0.03878390672289543 2.9506901260449223 3.070317681883041 4.50506378750517
0.5 -1 0.5 0.5 -1 0.5 0.5
0.9589641881355967 0.14102480904882578 -0.24348383933511517 0.03486128352212867 3.1011804431955086 3.030794185008419 4.2281467052187445
623.0399169921875 -1 947.1690673828125 590.4620971679688 48886 737.9228515625 618.5288696289062
0.9554124975673469 0.14489188560769722 -0.25478730937810135 0.035731330188477406 3.2499705048606993 3.0463516947910523 5.369384649894757
623.1661987304688 -1 736.8275146484375 623.1661987304688 -1 844.3289184570312 679.9075317382812
0.9471071935622112 0.15258715886393243 -0.2795354917405156 0.03956048166963475 3.5120268514693875 3.126137440005193 7.110558760812937
0.5 -1 795.4558715820312 451.0480041503906 -1 795.4558715820312 451.0480041503906
0.9456997924894902 0.15305746121167088 -0.28397684974799536 0.03978020688706562 3.5722908490657166 3.1120041721209684 6.903340287887304
0.5 -1 788.7168579101562 575.3482055664062 -1 788.7168579101562 575.3482055664062
0.9966984080861226 0.015742802212688187 0.04973879387374312 -0.06221334166452111 2.147391469700677 2.202755528884896 -0.20744866757677757
0.5 -1 725.8485717773438 725.95654296875 45677 691.91748046875 737.4918823242188
0.9963784541856777 0.01906227594343483 0.05224704650434767 -0.0643183628677565 2.044912680812841 2.2058897323606477 -8.030326898435326e-05
623.4741821289062 -1 1249.1607666015625 387.73895263671875 -1 666.3804321289062 708.2759399414062
0.995790005075432 0.01038660182484825 0.05077088451700792 -0.07560887236141092 2.0049237067382473 2.1033214331097305 0.13769049724926632
623.1704711914062 -1 736.5682983398438 623.1704711914062 -1 860.0829467773438 694.1785278320312
0.9961481904149443 0.009572563854116568 0.050997282499591255 -0.07068540112319943 1.8996169298653987 2.1059402662115625 0.09077857735184831
0.5 -1 978.3184814453125 614.2261352539062 45202 642.61083984375 731.0906372070312
0.9960693133473337 0.009426081927491947 0.051597872785943216 -0.07137738795468075 1.8081260513752835 2.0693060851197775 0.10429766270956577
0.5 -1 955.2894897460938 605.5917358398438 45202 588.4156494140625 749.675537109375
0.9964677287000523 0.008729339733734926 0.05038252672441294 -0.0666143024285013 1.7226781876513888 2.048577447176632 0.2476661251259997
351.5 -1 395.5 351.5 -1 935.4715576171875 597.5614624023438
0.996484277759908 0.011809847406582632 0.050839254446232045 -0.06553611133489018 1.6611784730243826 2.032865172370323 0.17945615609803386
688.3464965820312 -1 920.3797607421875 587.8101196289062 45202 736.78759765625 623.0928955078125
0.9966369697660323 0.009002009612298509 0.05028484822932646 -0.06407143167648512 1.6179555787279116 1.9948893888803143 0.14954164552674484
0.5024826526641846 -1 736.5481567382812 623.1347045898438 -1 862.872802734375 363.76068115234375
0.9967929014701041 0.0072428133329220995 0.051029633375817354 -0.06121625398017634 1.5791714962694854 1.9726517837507 0.12137372549188086
560.7229614257812 45618 796.8329467773438 564.888916015625 -1 796.8329467773438 564.888916015625
0.9967191445362378 0.009241635054432009 0.052675778690932255 -0.06075196651776075 1.5563826154959806 1.9567750790562786 0.15117267865022888
553.5451049804688 45618 793.7261352539062 557.8872680664062 -1 773.308837890625 482.14892578125
0.9967618581194798 0.00878911197460669 0.05409925059369798 -0.05883723985793605 1.5095268404265691 1.9222639815615647 0.12947213279598843
543.3955078125 45618 757.9384155273438 568.7005615234375 -1 757.9384155273438 568.7005615234375
0.996865021116584 0.007552545317038286 0.05488234474200512 -0.05648908716810977 1.4466085599733598 1.8938926639224107 0.07657386523268754
622.9303588867188 45476 743.6448364257812 628.353271484375 -1 759.8602905273438 647.9917602539062
0.9970540809616524 0.0068904719948593585 0.05534832226812927 -0.05265210589811272 1.3814740166933874 1.8679620062035311 0.02576743692077941
525.6431274414062 45618 860.2525024414062 542.2649536132812 -1 860.2525024414062 542.2649536132812
0.9970222409812088 0.007512914128100355 0.05583361435688465 -0.05265752195041885 1.338114587087744 1.8364323809255385 0.014760714717389283
0.5 -1 0.5 0.5 -1 0.5 0.5
0.9969259330952197 0.0063389875274847875 0.05788335370698077 -0.05242154636201081 1.2936737337758077 1.8160117723436215 -0.0038594002376227334
0.5 -1 0.5 0.5 -1 818.4470825195312 487.0994567871094
0.9969045389303817 0.005173930308429438 0.05882925677824729 -0.05190076350195439 1.244309999765269 1.799433474571038 -0.0005291449068715359
0.5 -1 0.5 0.5 -1 0.5 0.5
0.9968891650213823 0.0043117739057217845 0.059648374374511696 -0.05133685521372919 1.1794743434658919 1.7797179538400412 0.0021735860188315482
0.5034746527671814 -1 0.5035042762756348 0.5034746527671814 -1 356.9219055175781 481.0612487792969
0.99692875358283 0.0031532683684244575 0.05988627944565354 -0.05036616634744843 1.1205011439974626 1.7690257003176724 -0.0010149937713957952
0.5034342408180237 -1 1145.2763671875 513.6924438476562 -1 744.46337890625 602.4216918945312
0.9968439484842196 0.003352608538057315 0.06126922069288941 -0.05036849195744537 1.0353209033431887 1.757391314140778 -0.025050517214644526
503.7816162109375 -1 1081.0157470703125 541.9443359375 -1 1085.0751953125 544.4104614257812
0.996801108487893 0.003590540145408562 0.062460729482335636 -0.049732438220001604 0.9843073578049384 1.7449372925231477 -0.01731575762857613
0.5029433369636536 -1 1136.005859375 469.51605224609375 -1 1171.1180419921875 489.7141418457031
0.9966712264584189 0.0032109356220255438 0.06509387033704363 -0.04897901884324262 0.9275015052676083 1.7247985030124544 0.008301819291473495
667.8948364257812 -1 1060.4736328125 474.025634765625 -1 1181.652587890625 491.781494140625
0.9966617422453456 0.00169788247510744 0.06700402027884979 -0.046614911842074724 0.8682680217997094 1.7130771943236978 0.03361774729659479
563.4921875 -1 1168.6807861328125 574.84814453125 -1 1136.4278564453125 579.0638427734375
0.9966130425022468 0.0006689503919253718 0.06801579825726059 -0.046215227005995514 0.8002074230937437 1.7011691417208772 0.03253703640379911
0.5036312341690063 -1 1124.3157958984375 464.986083984375 -1 1109.3759765625 508.4929504394531
0.9964987239016213 -0.0006230248402924204 0.0698858740737865 -0.04588975601843565 0.7310131811200101 1.6844600359165784 0.0022568421316530333
457.70928955078125 -1 733.4754638671875 603.020751953125 -1 744.0919189453125 612.271240234375
0.9963594678680453 -0.0012679203616954165 0.07191118166718649 -0.045771007405246804 0.6653124838743816 1.660778066231271 -0.004466419009727547
673.74560546875 45200 1106.8712158203125 684.3677978515625 45201 1108.8089599609375 493.9429016113281
0.9962850871571336 -0.0023627875405619132 0.07464988178946187 -0.042870006906465384 0.573749417860263 1.6239485389597812 -0.012506867899037087
665.9010009765625 -1 1085.7972412109375 665.9010009765625 -1 1114.45751953125 490.52374267578125
0.9964612971103257 -0.0035810443669667966 0.07544601389109191 -0.036877614760097537 0.48184613954233596 1.5845369510576535 -0.00898019883894021
636.8753051757812 -1 1056.2196044921875 651.3954467773438 -1 1057.1229248046875 654.333251953125
0.996624047686913 -0.003883551905173474 0.07533678634256095 -0.032400528087195776 0.3850918967167342 1.5501973824399484 -0.026886327743126565
610.1712036132812 -1 1038.984619140625 656.0632934570312 45201 1038.984619140625 656.0632934570312
0.9968776860342042 -0.005036346227340691 0.07394681809136142 -0.027228338141207755 0.28831705599247903 1.5168927926712836 -0.06291998543016548
602.3654174804688 -1 746.6153564453125 617.8146362304688 -1 1050.3062744140625 391.4612121582031
0.9969446161139912 -0.006126883051647474 0.07333265770954801 -0.02619570611096992 0.20043093393739042 1.4832121445689155 -0.04847639666620101
432.3535461425781 -1 1100.157470703125 432.3535461425781 -1 1035.8302001953125 596.94384765625
0.9966412613342487 -0.004097009420240825 0.07685168723132828 -0.027986226783658735 0.14095596241980465 1.4652903675455526 -0.021921674245522365
480.6044006347656 -1 1006.1414794921875 336.25701904296875 -1 775.4957885742188 380.7186584472656
0.9964856544094925 -0.0035418072271214142 0.07821968811278247 -0.029756957996244303 0.0838574676982739 1.4563154201890172 -0.002067385002369347
422.6553955078125 -1 993.1536254882812 439.77880859375 -1 1011.0499267578125 509.4391784667969
0.9965156559932628 -0.003482537286052043 0.07626135463463143 -0.03359501575620733 0.016047260204256106 1.4494101607851244 -0.022223271738774676
331.365234375 -1 665.2706909179688 391.0043029785156 -1 1028.900146484375 330.0770263671875
0.9966071657114245 -0.00450089615377222 0.07557009609299606 -0.0322964357623188 -0.07569342231211997 1.4452045623683982 -0.03505006065492582
407.13238525390625 -1 682.8892822265625 450.0115051269531 -1 663.4905395507812 454.4423522949219
0.9962588734292905 -0.007290949651765246 0.07712752350800332 -0.03829418081247549 -0.13601523666511 1.4439034764935004 -0.06775646381055256
355.61395263671875 -1 1062.5819091796875 377.1156311035156 -1 1109.3275146484375 374.9684143066406
0.9957233655070667 -0.01005767110123008 0.07897714299320827 -0.04686612337211434 -0.19981634231565013 1.4394069294854805 -0.06669500484549648
434.79510498046875 -1 995.6942749023438 491.56182861328125 -1 1128.6153564453125 509.12347412109375
0.9953749026534819 -0.013562598779461341 0.08038199860370554 -0.05082906041225595 -0.2980035864227489 1.4296333243509092 -0.07168186195607089
370.70074462890625 -1 942.3106689453125 436.6592712402344 -1 942.3106689453125 436.6592712402344
0.9950161783115521 -0.014166562843162303 0.0806890176990574 -0.0568453676058627 -0.39191368517025793 1.4077688554322323 -0.0666333967495504
0.5086195468902588 -1 0.5087207555770874 0.5086195468902588 -1 502.9911193847656 365.1107177734375
0.9953579900280054 -0.014711962697627323 0.08166451779178872 -0.04875383446281326 -0.5080618199013741 1.368104158015052 -0.059193406776292694
378.6067199707031 -1 597.9530029296875 378.6067199707031 -1 554.2539672851562 407.5024719238281
0.9953494347883668 -0.014456847320758234 0.08309626333869245 -0.046535075493328436 -0.5846874679510937 1.3269025384068562 -0.044557958039814174
354.6498107910156 -1 592.25439453125 427.4078063964844 -1 772.1367797851562 669.1197509765625
0.9950645745975872 -0.014013253077665334 0.08718351740470565 -0.04526759781618088 -0.6443857842031321 1.2827137562337267 -0.010989357878669455
278.9728698730469 -1 693.6842651367188 283.3038635253906 -1 927.0215454101562 295.88885498046875
0.9947239902724321 -0.014556216491223217 0.09085806527505426 -0.04535539342156728 -0.6856102138895933 1.2461558425814856 0.012001866684088602
288.0799560546875 -1 630.3770141601562 310.8070983886719 -1 528.669677734375 365.4307861328125
0.9940267590550507 -0.01408729713930872 0.09609309903211122 -0.04978420090978617 -0.7135335469585904 1.2141993465862584 0.0199090631505119
0.5066812038421631 -1 0.5066115856170654 0.5066812038421631 -1 0.5066115856170654 0.5066812038421631
0.9935735217642342 -0.014297961851991087 0.10005067998110168 -0.05096161860866678 -0.7555938651235673 1.1790870558131579 0.03587887320899949
0.5067682266235352 -1 0.5067944526672363 0.5067682266235352 -1 0.5067944526672363 0.5067682266235352
0.9934901506849664 -0.01536394688412235 0.10212288103813463 -0.04808520350976844 -0.8201569242617662 1.1398475480797698 0.04707604066849705
336.1295166015625 -1 569.3706665039062 407.10015869140625 -1 1065.51318359375 577.0147705078125
0.9933078340686046 -0.01625921636170433 0.10359148949636238 -0.048414749458877006 -0.8726370654819123 1.110307494582428 0.03214060014000755
0.506560206413269 -1 0.5066360235214233 0.506560206413269 -1 0.5066360235214233 0.506560206413269
0.9932044823723182 -0.01689941833129277 0.10575878168647966 -0.04554498821814806 -0.931543450087651 1.0773683116201735 0.0025507659334476174
0.5065600872039795 -1 0.5065886974334717 0.5065600872039795 -1 0.5065886974334717 0.5065600872039795
0.9931249902855065 -0.017820871004632102 0.10733681357090537 -0.0431738193757946 -0.9934393456324216 1.0496690525425851 -0.025581733536734378
312.5501708984375 -1 1072.6258544921875 376.5672302246094 -1 1067.8291015625 507.0555725097656
0.9929893170290732 -0.019380614066932856 0.10961784900292033 -0.03975594602693106 -1.056676504161619 1.022825200416338 -0.03392692423350032
304.0332336425781 -1 857.3956298828125 318.5647888183594 43976 608.6232299804688 346.5727233886719
0.9928809447200274 -0.021903512727094763 0.11258677428927029 -0.03212295125321967 -1.1252716359605992 0.9856853229094031 -0.01802246581473573
0.5069739818572998 -1 0.5069180727005005 0.5069739818572998 -1 0.5069180727005005 0.5069739818572998
0.9926025502595043 -0.02417527683565142 0.114306786758584 -0.03301047877834662 -1.1888420195140175 0.9657315079075489 -0.009356727258024965
329.5813903808594 -1 672.3135986328125 433.6161804199219 -1 801.819091796875 602.8599243164062
0.9925434438201636 -0.02499511312124122 0.11535796699244608 -0.030418676845580896 -1.266330145655623 0.9313646630335208 0.018905643900006288
450.8772888183594 -1 508.6774597167969 469.09075927734375 -1 602.1348876953125 474.07574462890625
0.9925726398620913 -0.027208814778549383 0.11605376113620715 -0.0243055450810293 -1.3725185352133624 0.8634569955745689 0.05944689072279237
455.995849609375 -1 1003.9916381835938 486.5738525390625 -1 1003.9916381835938 486.5738525390625
0.9926777794325493 -0.02934447850453946 0.1155959700639496 -0.019165059539022943 -1.447973278322823 0.7941816936408465 0.09445620654385622
465.65521240234375 -1 748.1923217773438 567.4000244140625 -1 744.6766967773438 615.866943359375
0.9926703379818901 -0.03100988122973624 0.11512100178107326 -0.019777317966803005 -1.5071757791251141 0.7397863824400112 0.12748576006393536
265.7118225097656 -1 753.8748779296875 265.7118225097656 -1 752.9413452148438 294.8691101074219
0.9927757946793186 -0.032952714256088894 0.11472341543386311 -0.012201560276994112 -1.5535663505810813 0.6773872703785506 0.14507217872678294
271.64471435546875 -1 749.9326171875 273.33172607421875 -1 749.9326171875 273.33172607421875
0.9927948203873436 -0.035199041166424166 0.11407692695985226 -0.010292076973246014 -1.6015381468362886 0.635988318553555 0.175538756638379
489.0651550292969 42094 923.592041015625 489.0651550292969 42677 941.673583984375 312.7196960449219
0.9930616100566612 -0.03536940476752227 0.1117692664316365 -0.009234442018713884 -1.6551550313171388 0.6086468861490807 0.1736050076579825
276.5720520019531 -1 732.2762451171875 281.2816162109375 -1 709.2658081054688 340.92791748046875
0.9930807637605704 -0.03659359678658906 0.1114394074688628 -0.0057239659268210645 -1.7066818547252804 0.5787928377793067 0.16628459285078617
273.4856872558594 -1 908.8676147460938 276.4742431640625 42602 913.1785888671875 335.8663635253906
0.9928297373927568 -0.03767884414531169 0.11301030768761955 -0.009903918863372115 -1.7445406401899355 0.5672125370083978 0.19297889163395587
316.5061950683594 -1 752.6041259765625 318.2482604980469 -1 754.1046142578125 321.6178894042969
0.9925219506823488 -0.03810576757757904 0.11485258988718212 -0.016031546626424358 -1.787623685653444 0.5596114371397826 0.18706489109274552
255.15975952148438 -1 735.4169921875 312.9444885253906 -1 832.32421875 252.83621215820312
0.9923975289342102 -0.03771156113992093 0.11584782562266219 -0.01744316542846947 -1.8544568919970563 0.534049387500487 0.1579605820541935
383.2397155761719 -1 807.568603515625 234.8304443359375 -1 812.5494384765625 237.6700897216797
0.9922296343542695 -0.038214010895400004 0.11722750246607033 -0.01666597570041285 -1.9373555663792725 0.4811931478495492 0.15997559269640704
545.8994750976562 42416 771.1605834960938 244.3185577392578 -1 779.3331909179688 274.1036376953125
0.9920624451203776 -0.03950417841383686 0.11863056362559579 -0.01335343564402807 -2.0263389761109436 0.41069022967873636 0.1715631751715068
224.9734344482422 -1 739.053466796875 224.9734344482422 -1 655.6224975585938 290.0469665527344
0.9917979342701528 -0.04270619352845577 0.12017362059665572 -0.008446272814608571 -2.118547980900842 0.31822236195905107 0.20811726412362558
417.97064208984375 -1 745.5609130859375 238.48333740234375 -1 745.1688232421875 422.3042907714844
0.9914597888295918 -0.04532947127467951 0.12219417946773548 -0.004616131729699921 -2.2004931459339034 0.23779365176901449 0.2179797403899475
381.14508056640625 -1 729.0673217773438 388.5821533203125 -1 726.5139770507812 400.5983581542969
0.991063643381221 -0.04702756651993727 0.12482230707434551 -0.0008089572243119819 -2.291204685117821 0.15564799616134592 0.22075755638272646
382.83447265625 -1 698.4415283203125 389.6462707519531 -1 706.5445556640625 390.0269470214844
0.9906847190484362 -0.04812624170832849 0.12735991910025093 -0.0026652035063679325 -2.3695738191223192 0.12093914019576966 0.24135096095130334
398.16375732421875 -1 702.09716796875 387.5653076171875 42157 694.4695434570312 390.2474670410156
0.9903980284138514 -0.04911196260721799 0.12922595276701254 0.0006430974119303789 -2.465286833959377 0.060351438910926494 0.25402818672920285
371.7378845214844 -1 657.8831787109375 365.1478271484375 -1 661.8171997070312 366.8641052246094
0.990289179686049 -0.04980450875753217 0.12976549888263275 0.0027868986157689713 -2.5336061995024144 0.024801756865876646 0.23987680524357166
0.5047787427902222 -1 0.5047426223754883 0.5047787427902222 -1 641.9937744140625 359.4085388183594
0.9901401519912469 -0.05137856870655806 0.12996019987625762 0.009647203767886043 -2.581171010204424 -0.02785692902978306 0.25421898761573264
0.5 -1 0.5 0.5 -1 0.5 0.5
0.9897761225976222 -0.054431655103667195 0.13099316454902943 0.0148732276162 -2.639880111095831 -0.07748319136839886 0.25434843073401764
0.5059013366699219 -1 0.5059071779251099 0.5059013366699219 -1 0.5059071779251099 0.5059013366699219
0.989644335920506 -0.05864552727552897 0.12990619197395828 0.017005052127562276 -2.719978357224183 -0.12020547470362879 0.2420845665464274
0.5045285224914551 -1 697.5816650390625 622.5511474609375 41959 676.8175659179688 688.5277099609375
0.9895666407761989 -0.06031048353346059 0.13006027355402416 0.01431203276693791 -2.793444066540815 -0.14094706120640577 0.25129211239318194
0.5036400556564331 -1 677.7627563476562 518.287841796875 42009 772.596923828125 522.0985107421875
0.989514427161613 -0.06107594588677412 0.13045273431885437 0.01063068115387181 -2.861470514266481 -0.16739078168699506 0.2743814455255194
0.5 -1 631.9855346679688 472.64031982421875 41999 974.5746459960938 482.864013671875
0.9886632110604079 -0.062295212299701 0.13646453947260356 0.006464602601005687 -2.954194376848605 -0.19401252123227966 0.31062725576561323
622.9528198242188 -1 713.0825805664062 688.2352905273438 42033 968.9362182617188 476.4814147949219
0.9888799149994555 -0.060546180812925766 0.1358233162482928 0.0016433085390020444 -3.008317417223881 -0.21486421189870955 0.3242322844709727
622.8233642578125 -1 736.7252807617188 622.8233642578125 -1 952.6212158203125 460.59619140625
0.9885142593867203 -0.05931737088400029 0.13899912973654546 0.0005004328294816605 -3.0850630997871367 -0.27379909433859634 0.4095230315909426
622.9620971679688 -1 736.3886108398438 622.9620971679688 -1 739.1692504882812 612.5332641601562
0.9880791098874697 -0.05806789174389201 0.1425325029662531 -0.0035040192037560933 -3.1580237629922254 -0.2963974483202942 0.33415915044938915
622.9742431640625 42082 737.13134765625 622.9742431640625 -1 911.0706787109375 420.58355712890625
0.9878262596138341 -0.05766760832258118 0.14431383660111516 -0.006873451328267386 -3.2101393626197097 -0.3144878261307155 0.36290538748477136
622.96240234375 42082 736.9720458984375 622.96240234375 -1 891.81103515625 428.0563049316406
0.9872217325036016 -0.05592759428590687 0.14898270709056396 -0.008337149269714525 -3.2882993731461423 -0.3404917769016614 0.3053661883361546
395.3993225097656 41726 885.3080444335938 395.3993225097656 -1 878.1895751953125 414.76873779296875
0.9868609967094576 -0.05631259206010233 0.1511999312362481 -0.008534983493971547 -3.3380592279010997 -0.3809252144156301 0.3792032307731949
403.5318908691406 41768 765.652587890625 534.2531127929688 -1 736.5550537109375 623.0020141601562
0.98639692263805 -0.05748851701684446 0.15373130273363309 -0.009103185223258637 -3.409157458525152 -0.42961646667437003 0.384933942825368
376.98773193359375 -1 736.3358764648438 623.011962890625 41262 853.2848510742188 391.44281005859375
0.9860331419531638 -0.058233989185983145 0.15586791437969444 -0.007255256052194043 -3.4732148285988624 -0.4799559191468722 0.40225461306579213
608.0362548828125 41341 928.76025390625 626.3309326171875 41725 839.7616577148438 382.9345703125
0.9855765391066198 -0.057949904772210355 0.15860997427729365 -0.011116211551858983 -3.5735826392852337 -0.5018885878574814 0.469989953369902
613.0523071289062 41725 736.4357299804688 622.89208984375 41262 742.2454833984375 631.0991821289062
0.985217200157497 -0.059345989103235394 0.16030608312840094 -0.01127305651593007 -3.6460824911191487 -0.5527866698494667 0.4989654949508968
583.8018188476562 41341 894.10107421875 606.4093017578125 41642 736.6864013671875 622.841796875
0.9844222243492016 -0.06099605066478454 0.16443954690462592 -0.012328885775719955 -3.7439192985361123 -0.6133209284464023 0.6252989402880167
568.668701171875 41341 736.580810546875 622.7138671875 41262 736.580810546875 622.7138671875
0.983776433096175 -0.06424830713746407 0.16690297778643381 -0.014123764390509575 -3.8649042186547518 -0.6901854044112326 0.651912648774237
0.5 -1 0.5 0.5 -1 859.5084228515625 549.6348266601562
0.9827917753815548 -0.06872277551945022 0.17067561848842347 -0.016350523565592464 -3.9916847806725237 -0.7697851074805129 0.6856032298070447
531.7484741210938 41341 736.4205932617188 623.0637817382812 -1 812.9573974609375 556.0062866210938
0.9820536313640563 -0.07221782749892683 0.1730935670076248 -0.01984609726325074 -4.137700755999252 -0.8482240802912505 0.8045196319345946
631.2285766601562 -1 926.8036499023438 795.19091796875 41303 806.8721313476562 495.4569091796875
0.9813000564654398 -0.07050247009220585 0.1777130910094058 -0.022308253533273942 -4.246931013323062 -0.8739483780948235 0.8651856959438782
494.4969177246094 -1 774.2161865234375 494.4969177246094 41341 717.6971435546875 690.465576171875
0.981053344066949 -0.06874567082484134 0.1794402160614678 -0.024689627330378418 -4.3246272750084325 -0.8988455292392963 0.8042237543828523
700.9725952148438 -1 1152.20556640625 700.9725952148438 -1 1168.140380859375 714.8848876953125
0.9803821775828475 -0.07029698692651634 0.1822431857879294 -0.026392058290962712 -4.4049394354512 -0.9476531123667661 0.885940763393971
0.5045208930969238 -1 0.5044852495193481 0.5045208930969238 -1 0.5044852495193481 0.5045208930969238
0.9797150653386805 -0.07014848925412936 0.18554907417348165 -0.028445057165560672 -4.480004678249487 -0.9930166514588727 1.0403939108796216
623.128662109375 -1 710.220947265625 476.35205078125 -1 855.3543701171875 728.5076293945312
0.9792095455982727 -0.07110436461345887 0.18727093138284415 -0.03197551252353538 -4.547446229117634 -1.0384809869071907 1.0568590190613854
622.7606811523438 41262 864.8955078125 723.2620849609375 40963 707.58544921875 566.5549926757812
0.9786460905937273 -0.06992763681327593 0.1904555089744804 -0.032994758320017255 -4.620085806481091 -1.0774940311555554 0.9921784560548021
0.5 -1 848.8447875976562 705.9327392578125 40963 616.7136840820312 539.3461303710938
0.978073094353183 -0.07208993070242163 0.19214350744306521 -0.0354533008503605 -4.7047542784308565 -1.1141281900915128 1.0307986591550184
0.5 -1 0.5 0.5 -1 827.989990234375 686.7646484375
0.977822432236487 -0.07171155032191928 0.1930557751505131 -0.038081652361499026 -4.799450441574327 -1.1309770470398175 1.1505485998854863
0.5 -1 0.5 0.5 -1 0.5 0.5
0.9772432655957477 -0.07536336949852762 0.19442591708772206 -0.038916900572703715 -4.8787892804198325 -1.1855659501414948 1.089485843291934
0.5 -1 0.5 0.5 -1 1001.9352416992188 659.2806396484375
0.9764573741600426 -0.07571927081920912 0.19777269195572156 -0.04103109542370166 -4.9619882807936655 -1.2134624896963786 1.1528154067048928
0.5 -1 991.3348999023438 644.6171264648438 39758 785.9730224609375 646.1355590820312
0.9759141234632945 -0.07687010181091 0.19936407706487974 -0.04400654324664044 -5.036580508179439 -1.254242169948722 1.1309602560523653
0.5046796798706055 -1 742.3037719726562 653.7415161132812 -1 703.949462890625 675.8910522460938
0.9751147177758299 -0.0759018828118663 0.20311801575226013 -0.04618726057520412 -5.111275594907525 -1.281378375103602 1.2411731326729631
0.5 -1 0.5 0.5 -1 0.5 0.5
0.9743801037319466 -0.0772943429293044 0.20556450711129146 -0.04849980843817679 -5.185219774723771 -1.329198598345168 1.2574828703855405
587.5112915039062 41014 792.6082153320312 587.5112915039062 -1 910.0714111328125 613.4197387695312
0.9735075436542816 -0.07778606699090375 0.20890321512435747 -0.05091008682962673 -5.262976089405572 -1.3652716423376206 1.2429275170873304
560.5332641601562 -1 843.5172119140625 560.5332641601562 -1 780.604248046875 574.1326904296875
0.9722845208712199 -0.08010197929053904 0.2130710237684877 -0.053359368607667684 -5.34764569744003 -1.4059749270277422 1.2684416229230528
558.3851928710938 41014 821.6295166015625 534.6168212890625 -1 671.07763671875 585.950439453125
0.9711113493074661 -0.08068779144927674 0.21708096446071717 -0.057515931932599004 -5.435143788155736 -1.418761516909491 1.310498851304425
584.8878173828125 -1 654.6975708007812 572.251708984375 -1 943.4549560546875 574.416259765625
0.969865073054086 -0.08126285812255922 0.2213914214944 -0.061187633131493266 -5.5171901028227905 -1.4346079508834193 1.3608972649390747
618.6206665039062 -1 806.9249267578125 523.0598754882812 -1 630.074462890625 565.4739379882812
0.9691223523897838 -0.08403504491592684 0.22229789913131193 -0.06575424979630753 -5.5982417548342704 -1.461998005776411 1.4066458253075367
532.124755859375 -1 449.6957092285156 527.9642333984375 -1 449.6957092285156 527.9642333984375
0.9684804631235484 -0.08556652004863599 0.2237963040963458 -0.06811150760025644 -5.675594444088449 -1.4956303489006006 1.4535379028435107
467.7525939941406 -1 808.3493041992188 558.5621337890625 -1 744.4293823242188 615.3197021484375
0.9681189849577119 -0.08451236707445912 0.2247685897342824 -0.07129075567549827 -5.756206203752705 -1.5048049127754421 1.397758943194393
622.8043212890625 -1 592.664794921875 628.2401733398438 -1 825.2769775390625 482.93194580078125
0.9674805829801221 -0.08302049814492765 0.2276187792605321 -0.07265404167805414 -5.854150334683546 -1.539154102309701 1.458049372532843
607.0296630859375 40962 1303.6160888671875 627.4080200195312 -1 1303.6160888671875 627.4080200195312
0.9658680248825008 -0.08231702368867105 0.23306777498168413 -0.07747437244471606 -5.973598147231002 -1.5375624198994047 1.4457982097399038
0.5041501522064209 -1 796.8679809570312 549.195068359375 40706 1208.260498046875 552.5205688476562
0.9648967912760716 -0.08109173455454127 0.2361013667367366 -0.0815748576285733 -6.061446920764038 -1.536035089485939 1.4615591857691783
494.1481628417969 40705 1130.904541015625 496.878173828125 40834 1130.904541015625 496.878173828125
0.9636352676118756 -0.08028388763387827 0.2409527794332173 -0.08308625929952056 -6.116462354234524 -1.5501660136043955 1.5099938158740345
444.4165344238281 40797 1058.84033203125 446.1590576171875 -1 1058.84033203125 446.1590576171875
0.9628682009041538 -0.07838115072214612 0.24350819939483537 -0.08628429594402136 -6.1603254984715985 -1.5320829224131007 1.5971024535867129
415.611083984375 39847 347.0159606933594 747.1707763671875 -1 794.4664916992188 422.5954284667969
0.9620387499320779 -0.07752763349067891 0.24635236698988353 -0.08821236281237257 -6.226902137343214 -1.5255001853375068 1.6179987378666765
0.5039950609207153 -1 749.42626953125 427.5967712402344 40498 895.1624145507812 482.10479736328125
0.9629737008249549 -0.07264404735938933 0.244946600869017 -0.0860561248572778 -6.265370628429777 -1.5276645630591195 1.6046640985346385
415.6631774902344 39848 794.7376708984375 427.6182861328125 -1 735.2275390625 505.69537353515625
0.9624341811735034 -0.06934718079374552 0.2471488776188572 -0.08848077597188439 -6.306186098931278 -1.4672672032282341 1.5956986428134583
474.5563659667969 -1 727.0184936523438 508.2882995605469 40706 764.15576171875 540.809326171875
0.9612843130249166 -0.06494658946354019 0.2512287095322834 -0.0927283427869392 -6.358063313021516 -1.357018849337284 1.680339158001522
0.5 -1 0.5 0.5 -1 0.5 0.5
0.9602550521648274 -0.06130432834927976 0.2545013419484702 -0.09685598104400307 -6.407019516845999 -1.235468355691541 1.7405596179296197
450.800048828125 -1 748.715576171875 563.4981689453125 -1 668.622802734375 590.9342041015625
0.9594756519665505 -0.05825552187839332 0.2571854791176951 -0.09933980463560683 -6.4367492984711925 -1.1216497948521456 1.7505488568414869
516.5919189453125 -1 813.0233764648438 566.6318969726562 -1 744.4805908203125 619.8395385742188
0.9591467987241292 -0.05526962997556074 0.25815992940865506 -0.10166679569720742 -6.4461740434708386 -1.0101808065584725 1.7617510640425245
478.69134521484375 39848 698.9534301757812 572.0535278320312 -1 698.9534301757812 572.0535278320312
0.9589212257495506 -0.05261319156809792 0.2593922942182047 -0.10206651057136432 -6.447516590445684 -0.9282357277546394 1.7275780209460294
504.61431884765625 40498 724.9579467773438 733.6099853515625 -1 724.9579467773438 733.6099853515625
0.9590120740965329 -0.05020169575409074 0.2601345789049387 -0.10052677423666861 -6.44254926322227 -0.8751857599037973 1.7255268693256942
508.23858642578125 39848 694.2910766601562 517.79052734375 -1 708.5665283203125 519.0094604492188
0.9591377433337765 -0.04868262328277808 0.2604974667082885 -0.09912548280569387 -6.439129771707382 -0.8279810273068919 1.7545507945800833
0.5049670934677124 -1 689.850830078125 515.3433837890625 39847 735.1533203125 523.5962524414062
0.9587602673181875 -0.04750009387125831 0.262457975152997 -0.09817485509420446 -6.453036513897008 -0.7743366839740813 1.799175858217692
0.5039002895355225 -1 875.814453125 468.7500305175781 39846 687.47216796875 530.5059814453125
0.9602338771784616 -0.0413332981503212 0.2590831003936511 -0.09549034858690872 -6.448725640067948 -0.7162965550529746 1.773154750586571
0.5037323236465454 -1 0.5037773847579956 0.5037323236465454 -1 0.5037773847579956 0.5037323236465454
0.9602839299775333 -0.03780034900976093 0.2601048307394244 -0.09365566970375962 -6.469839551589181 -0.6612370858071362 1.8101635010384816
0.5033870935440063 -1 0.5034230351448059 0.5033870935440063 -1 0.5034230351448059 0.5033870935440063
0.9604402313888554 -0.03632481671842925 0.26051515072936104 -0.09147090171498835 -6.484886974473647 -0.6242032357334197 1.7592142638392474
0.5036547183990479 -1 820.4230346679688 488.23480224609375 39751 875.909912109375 500.9499816894531
0.9607486001132934 -0.031077892236823782 0.2604568761592259 -0.09032445768362535 -6.487624319853054 -0.5478215673006742 1.7479837190300314
0.5049773454666138 -1 0.5050266981124878 0.5049773454666138 -1 819.2321166992188 501.8605041503906
0.9603176886293732 -0.02870972896641189 0.26239877184423427 -0.09006982237603835 -6.501488323210266 -0.49125741290547786 1.751545077433236
502.36663818359375 -1 748.0700073242188 624.3355712890625 -1 740.0343017578125 625.5602416992188
0.9599545151418645 -0.02485586963348905 0.2639955530365141 -0.09042047655512657 -6.522139542644205 -0.406741077678728 1.8307551138835834
560.281982421875 -1 838.94970703125 487.38250732421875 39983 813.7073974609375 491.6550598144531
0.960435871589047 -0.019246806382363067 0.2627399024976855 -0.09033405030537699 -6.526197379248463 -0.32245483851651885 1.7305446034990284
518.9732666015625 39749 751.0506591796875 583.803466796875 -1 739.8168334960938 625.8941650390625
0.9599773102416701 -0.01839650209142614 0.2644081254792134 -0.09051781986182142 -6.530940912779568 -0.25333330746472815 1.7439658751662066
600.1420288085938 -1 709.4931030273438 654.0247192382812 39848 795.9147338867188 526.6214599609375
0.9599403337481827 -0.015489336273104885 0.26426205096058225 -0.09187058575710255 -6.515382535477285 -0.1565927198888486 1.655994216045277
0.5 -1 0.5 0.5 -1 0.5 0.5
0.9599141743709056 -0.011590959650120587 0.2636774120806464 -0.09436445228297029 -6.48932292250042 -0.051144570003549404 1.6209541569029149
685.2593994140625 39848 825.3464965820312 535.9923095703125 39723 825.3464965820312 535.9923095703125
0.9593759498672545 -0.008368357196647377 0.264877198570345 -0.09678753582801163 -6.479966816143608 0.051674252534809555 1.5923550684136565
550.2320556640625 39748 828.288818359375 550.2320556640625 -1 861.0664672851562 577.718994140625
0.9598981612759685 -0.0057482095493464535 0.26323846325536154 -0.0962703979889322 -6.4869926316765945 0.10224858021236768 1.5807577564110065
587.652587890625 39749 819.9033813476562 608.1640625 39751 830.0308837890625 624.9442749023438
0.9596568461304051 -0.00233300084609912 0.26421147377066634 -0.09615400100894668 -6.505218243676507 0.1677007202010097 1.6446492082902144
572.4010620117188 39723 820.0294799804688 572.4010620117188 39748 871.4573364257812 632.4727172851562
0.9598250045977358 -0.0005767629527784958 0.26367291749463706 -0.09598031294655797 -6.50770388859421 0.2147150814112269 1.625705827386795
489.370849609375 -1 818.7382202148438 582.6805419921875 39723 818.7382202148438 582.6805419921875
0.9598880553906516 0.0020529285460513767 0.264198144497272 -0.09386185086038482 -6.506128543139006 0.2441529806110703 1.6702312134472135
654.5379638671875 -1 738.52197265625 484.7408447265625 39237 756.6732788085938 503.7560729980469
0.9598367141704818 0.0045942866511937686 0.2647428689612958 -0.09275552810868858 -6.495787584574371 0.2820998931409364 1.6835671053748418
332.8175354003906 -1 878.6398315429688 332.8175354003906 39506 879.711669921875 574.7852783203125
0.960295403116706 0.007295135784993985 0.2635894492494984 -0.09110500530238493 -6.46782327191675 0.3194067632176657 1.656359351655754
368.50048828125 -1 898.3348388671875 368.50048828125 -1 903.2197265625 376.4927062988281
0.9606194201234686 0.01069009995925055 0.26315188434840986 -0.08858406859245835 -6.439080774473929 0.36454419057182885 1.6807511008647404
414.6683349609375 -1 924.6333618164062 414.6683349609375 -1 926.8478393554688 417.6042785644531
0.9612480398855842 0.013807293747061541 0.26150718330619577 -0.08617167478217244 -6.401287030312494 0.407035976335815 1.6955671876526797
456.3942565917969 -1 957.6995849609375 458.91705322265625 -1 782.84765625 552.322998046875
0.9619046118295718 0.016796286646455962 0.25977687644732483 -0.0835067479857903 -6.359021825329538 0.4498936394417547 1.597707184850135
517.92333984375 -1 990.5529174804688 520.236083984375 -1 992.7550659179688 524.1146240234375
0.9623825812603323 0.020362671498433092 0.258701464870946 -0.08049025388066343 -6.33012638246092 0.5009967624939112 1.6143277771170648
578.3574829101562 -1 1015.7142944335938 584.4379272460938 -1 793.1865234375 584.4868774414062
0.9626316906636531 0.0231080446755554 0.2578088722685617 -0.0796293399503099 -6.314369263919099 0.5834065155495118 1.631135797410475
587.6928100585938 39237 736.6709594726562 623.0614624023438 39184 1019.009765625 645.4435424804688
0.9626216906939942 0.028570834249399803 0.25806732818102646 -0.07710020856804456 -6.308359949858403 0.6665871979137586 1.6366427980099847
466.6372375488281 39002 789.0072021484375 610.4340209960938 39237 744.7738037109375 616.1693725585938
0.9628511537774068 0.031121238133735105 0.2577619421549192 -0.07421526381455623 -6.301891896980148 0.7140331415988868 1.620560920264774
0.5 -1 0.5 0.5 -1 0.5 0.5
0.9629985174245982 0.03561681841090731 0.25753405352180553 -0.071003584141495 -6.293477222407414 0.7710560063365146 1.6557586018424306
0.5023095607757568 -1 765.2045288085938 440.93212890625 -1 765.2045288085938 440.93212890625
0.9631894786341808 0.03916897595077748 0.2572642957378329 -0.06743071785098645 -6.291496720257698 0.8207309546201702 1.5953643701687579
0.5 -1 0.5 0.5 -1 0.5 0.5
0.962803644985595 0.04345915949640972 0.2581244241300847 -0.06702405781381936 -6.30050943887456 0.9032931920898942 1.578631880321244
0.5 -1 0.5 0.5 -1 794.6326293945312 463.3551025390625
0.9627973349011557 0.04552867467909048 0.2593247466516968 -0.06082028825343255 -6.3171607962242655 0.9158695110286775 1.5723588422484711
0.5 -1 0.5 0.5 -1 0.5 0.5
0.962616253930879 0.04934806436841336 0.25956706025329834 -0.05966286485438925 -6.317319068983719 0.9837101569102972 1.5716285110240582
0.5031528472900391 -1 796.8062744140625 439.9665222167969 -1 796.8062744140625 439.9665222167969
0.9626936767256337 0.05136280607155654 0.2598289708445769 -0.055422494122737184 -6.318416664869734 0.9998216161345549 1.5627829424599473
450.93145751953125 -1 807.0925903320312 523.81103515625 39183 807.0925903320312 523.81103515625
0.9626196649980513 0.05477412520106321 0.2594511438481372 -0.05521122823657314 -6.303691701357576 1.0701548525027755 1.5502173921733584
612.941650390625 -1 846.900634765625 440.9197082519531 38945 859.7140502929688 501.347412109375
0.9625568822264371 0.058245575624985634 0.25902413095924737 -0.05475583055202153 -6.283206135419868 1.137298301251679 1.615464494726489
477.8634338378906 -1 816.298828125 544.3997192382812 38770 736.6797485351562 623.1723022460938
0.9620154759742748 0.06340159072185353 0.25965503695448333 -0.05554929400176174 -6.269110902466728 1.2425803723635462 1.7669063063837422
662.3662719726562 39123 858.7987060546875 499.3968200683594 39062 831.7345581054688 600.8175659179688
0.9615932377256746 0.06744509805482385 0.26036623581270574 -0.0547633742327126 -6.259883102233755 1.3258181551267425 2.054666476421386
452.6409912109375 -1 821.2754516601562 581.6513671875 38770 768.5691528320312 608.4518432617188
0.9622584829671083 0.07213721480639261 0.25681467129864266 -0.05386147791869429 -6.234731469434857 1.4012723687184425 1.6455198259476334
0.5 -1 0.5 0.5 -1 0.5 0.5
0.9613625773009197 0.07600696903236379 0.2591078352386122 -0.05355432141113117 -6.227969941383471 1.4711403021858598 1.8816791854178085
617.92333984375 39183 867.5565795898438 544.8142700195312 39062 894.003173828125 594.5704956054688
0.9607901443449358 0.08146069877202981 0.2599747901377442 -0.05157093733922337 -6.215340945974563 1.5544537983602986 1.7923974290337115
638.763916015625 -1 828.0745239257812 654.5214233398438 -1 899.594970703125 524.9584350585938
0.9602254854797012 0.08788696801544811 0.26019188559528766 -0.050428965473156374 -6.20082599849199 1.67963061518364 1.7164917046567167
612.5140380859375 -1 846.9536743164062 513.8505859375 -1 846.9536743164062 513.8505859375
0.960028919027638 0.09471107648621085 0.25886310031834436 -0.048622853834620505 -6.1779508095142965 1.799211763493698 1.5972150392893267
0.5 -1 0.5 0.5 -1 744.9699096679688 577.8780517578125
0.9597003636168904 0.10143814403173183 0.25786977219631274 -0.04678349705214403 -6.153282463383331 1.9284796616259219 1.5637053030902228
623.4986572265625 38253 913.1058349609375 605.0443725585938 38660 751.0673217773438 609.23193359375
0.9594994466597416 0.10646823623910906 0.25721732295927424 -0.04318072835707558 -6.147468106062386 2.010339530850062 1.6255244648468727
615.915283203125 -1 848.8231811523438 739.5892944335938 38770 799.1276245117188 740.0304565429688
0.9590624340593918 0.11004358866290652 0.2578270871224269 -0.04018518777146829 -6.155463243623521 2.051762105469519 1.572406084523072
437.77203369140625 38194 750.6798706054688 526.897705078125 -1 763.8773193359375 540.5354614257812
0.9585086754240292 0.11351058909385131 0.25837610880418893 -0.04022749929644971 -6.159642946131201 2.1023631568562204 1.6023962719370572
535.6557006835938 -1 790.9690551757812 558.82861328125 -1 783.8880615234375 635.1879272460938
0.9580317182079892 0.11740054358949333 0.2587925193617786 -0.03766657928088385 -6.171752120040362 2.133825493420268 1.657343637978579
554.8028564453125 -1 782.1548461914062 563.156982421875 -1 723.8172607421875 676.0804443359375
0.9576066419142969 0.12213916193951033 0.25833872456382634 -0.03650544990920235 -6.165010666423755 2.213146438477304 1.674662585919274
0.5 -1 0.5 0.5 -1 784.1626586914062 554.091552734375
0.9576193487408627 0.1246119182947477 0.25782582437014984 -0.031030582074493246 -6.159077162695054 2.2383403823743224 1.7128166267729508
595.1845703125 38747 899.6412353515625 288.49176025390625 38050 737.10302734375 623.2154541015625
0.9575296422403917 0.1283785092829722 0.25644414996906206 -0.029872069428059814 -6.14511664175884 2.2982838409695865 1.7293297326082324
720.9163208007812 38195 919.8577270507812 335.5386657714844 38532 851.6112060546875 448.0647277832031
0.9578009023146073 0.13371227468931635 0.25269609304778967 -0.029717733445128257 -6.127555217599751 2.3585212512441953 1.6748382645572553
601.1319580078125 -1 861.2066650390625 616.8429565429688 -1 788.5266723632812 624.5882568359375
0.9571369947660968 0.1381313246075335 0.25284852010122427 -0.029599599573544137 -6.130738711918405 2.415523566157112 1.7022725100020286
0.5034193396568298 -1 0.503473162651062 0.5034193396568298 -1 944.938720703125 420.933349609375
0.9564947455933654 0.14284026246831832 0.252512879734947 -0.030849742919986878 -6.131625438448998 2.502803090352107 1.6181713635594104
0.5 -1 0.5 0.5 -1 0.5 0.5
0.9559624628812378 0.14764423271312252 0.25156799989437584 -0.03241128719651282 -6.1108868150151165 2.589171670529485 1.575347396206372
0.5 -1 0.5 0.5 -1 0.5 0.5
0.9555744162412496 0.15170899432288532 0.25065740559283856 -0.032136911615791 -6.083644525273418 2.6423391552233424 1.5822946707640548
0.5045360326766968 -1 899.33837890625 331.4717712402344 38193 689.5376586914062 464.8009338378906
0.954951846790049 0.1552647111572097 0.250868703536411 -0.0320114568163274 -6.06371511845973 2.6955825642128812 1.6091895152738678
0.5031517744064331 -1 0.5031358003616333 0.5031517744064331 -1 810.8619995117188 475.6048583984375
0.9543090247634313 0.15718017023319072 0.25148203084708176 -0.03668061479257986 -6.015428128877095 2.7962104066605113 1.636598624649704
0.502419114112854 -1 0.5024436712265015 0.502419114112854 -1 929.8275756835938 357.22235107421875
0.954695608816303 0.15674935383434774 0.24987293701417748 -0.03936305281976889 -5.965911339490331 2.828151874805146 1.6649142575223772
0.5038801431655884 -1 0.5039269328117371 0.5038801431655884 -1 0.5039269328117371 0.5038801431655884
0.9551875415878183 0.15601949057534886 0.2485199535185333 -0.03889102286100054 -5.946597336368052 2.798366185311852 1.674466123763441
410.7255859375 -1 959.86962890625 414.7859802246094 -1 959.86962890625 414.7859802246094
0.9564441845203684 0.15408942257101674 0.2448988084474621 -0.03867228167449587 -5.921146013217363 2.7657862160214868 1.641118996474003
583.8724365234375 -1 923.9984130859375 347.4262390136719 38193 950.7372436523438 405.9593505859375
0.9577585566473974 0.1506741860393319 0.2419990322196195 -0.037845808682685986 -5.890225300933236 2.73620622872691 1.6224629086436977
591.5025634765625 -1 839.2290649414062 564.1104736328125 38194 877.6640625 579.5657348632812
0.9589201329394238 0.14809782743845523 0.23880261967602737 -0.03889114278745554 -5.834280098186744 2.7415523185865154 1.6449394141781444
520.6890258789062 -1 542.9320678710938 520.6890258789062 -1 849.987060546875 565.9496459960938
0.9605466613101609 0.14505660128983766 0.234306412019512 -0.037539301467751564 -5.797672935801777 2.7239844135528473 1.6060325810305378
775.9212036132812 -1 1118.1778564453125 775.9212036132812 -1 948.9384765625 359.6318359375
0.9631827112492137 0.1327816110388823 0.23079410365590622 -0.03717781916949385 -5.780170097773212 2.65313875956886 1.4247745884902403
541.4224243164062 -1 1086.6851806640625 541.4224243164062 -1 1079.0875244140625 539.8150634765625
0.9641238002968346 0.1317751675607203 0.2275466897948161 -0.036374536133884854 -5.743864132339363 2.657246352461332 1.455964424428386
552.9904174804688 -1 1118.59326171875 552.9904174804688 -1 1149.5465087890625 593.8162841796875
0.9650532271896611 0.13284390643333485 0.22363734810529418 -0.03179782613298212 -5.6801880676669 2.6432513506599706 1.5004474929792173
623.08056640625 37976 734.8139038085938 671.5703735351562 38044 1350.6505126953125 541.6782836914062
0.9667271331507385 0.1318442102709648 0.2165594903928276 -0.03402559873064243 -5.58555151294687 2.668619507989853 1.400742373890893
0.5 -1 989.1515502929688 394.23455810546875 38050 614.4202880859375 533.7583618164062
0.967462433491359 0.13093622477878936 0.21337925019314025 -0.036625679661538665 -5.511588544488843 2.6825742045751 1.6041126188452421
507.25128173828125 37957 627.9765625 532.8407592773438 -1 627.9765625 532.8407592773438
0.9680885871460149 0.13194065630541 0.2086260077717485 -0.04325898210259855 -5.421045984608805 2.7475185594858678 1.4958758193555468
0.5 -1 626.1051025390625 506.6750793457031 37957 606.196044921875 527.6620483398438
0.968164684792866 0.13587879180201806 0.2022370452558577 -0.057395771486534415 -5.270699030366104 2.896571431647672 1.2302525680536514
507.03179931640625 37957 774.6870727539062 520.96875 38054 615.6821899414062 528.5286865234375
0.9680829712384839 0.13668473170172643 0.19857638346533849 -0.0685570189515462 -5.145363215124358 2.994574028951833 1.2753297429986363
0.5 -1 0.5 0.5 -1 0.5 0.5
0.9690649885201481 0.13545996581482783 0.19455392997967477 -0.06864702481065665 -5.065142881674839 2.9784135905593625 1.1976056944031765
531.5524291992188 37943 736.820556640625 622.7408447265625 -1 846.576416015625 423.265869140625
0.9693940402994694 0.13540612102303912 0.19067616929008402 -0.07471931133397934 -4.955286771321514 3.010949540253961 1.1665577363274493
0.5 -1 0.5 0.5 -1 0.5 0.5
0.9704531188368208 0.132604699460964 0.18922887759648332 -0.0694922276541055 -4.918610486312937 2.9269558509169498 1.0929912013869414
626.3699951171875 -1 736.9105834960938 622.8385620117188 -1 725.1302490234375 631.916748046875
0.9707520753556248 0.1311068338042928 0.18758631094286193 -0.07254503614589182 -4.8257128629212485 2.895945720317005 1.1028825807675815
622.8556518554688 -1 821.7037963867188 597.7412109375 -1 750.4999389648438 624.6289672851562
0.9709617438352355 0.12989736707070085 0.18566127630967277 -0.07674540061529057 -4.727149471695918 2.901254627741304 1.1009921051364386
0.5 -1 708.2588500976562 528.7800903320312 37832 739.51025390625 626.1871337890625
0.9712752327299221 0.1285826269360831 0.18382103421348472 -0.07937731235269072 -4.652555992019232 2.9118159661618073 1.0686853051841825
618.863525390625 -1 778.6632690429688 623.17578125 -1 732.5691528320312 494.90234375
0.9717169328308537 0.12715039276063309 0.18116038599606424 -0.08234011547460814 -4.578754049355291 2.9183313948521548 1.0442982126286053
492.8841552734375 37740 672.1611938476562 596.5714721679688 37577 788.6121215820312 621.060791015625
0.9723971989125817 0.1248653255864444 0.1796218577365066 -0.0811685052002471 -4.5313996468265 2.8870986525181928 1.089596016660829
0.5 -1 0.5 0.5 -1 757.4966430664062 490.68603515625
0.973035544616109 0.12250036950762178 0.1767424150681657 -0.08341227187890822 -4.460960490712031 2.86610795138957 1.0717638907340765
0.5 -1 0.5 0.5 -1 760.3827514648438 516.5740356445312
0.9737271427180038 0.11958223582774687 0.1734089861151321 -0.08651510817881206 -4.352679178954188 2.8488722775674975 1.0242474467950462
623.0961303710938 -1 737.1034545898438 623.0961303710938 -1 719.3115234375 610.5880126953125
0.9728621663010913 0.11623209583504873 0.1766019199211905 -0.09402694910444143 -4.268763069853442 2.886946761615708 1.03630043086026
0.5038220882415771 -1 846.05615234375 600.2279052734375 -1 738.3941040039062 611.6422119140625
0.9732396864164634 0.11287695460622046 0.17584923537538305 -0.09560518982096348 -4.2045651625513205 2.8744995465730874 0.8656267060445714
0.5033285617828369 -1 647.82861328125 579.5509033203125 -1 736.8414306640625 623.43701171875
0.9740229086329886 0.10909034216716089 0.17544434129737346 -0.09272515198539985 -4.16493438495673 2.8201367198868597 0.7970334099095913
0.5 -1 0.5 0.5 -1 0.5 0.5
0.9750071048107801 0.10753126906762883 0.17181176228511064 -0.09098840630371671 -4.151747325630643 2.7644671154443503 0.8021102708060536
0.5 -1 0.5 0.5 -1 0.5 0.5
0.976848859945209 0.10430692174404116 0.16831140250200147 -0.08097927319899335 -4.1935722062378264 2.650101310715327 0.7196068490765986
0.5 -1 0.5 0.5 -1 0.5 0.5
0.9784502315012032 0.10116104445658763 0.1621266290020843 -0.07820833541326937 -4.208451320553135 2.5879650118072557 0.6763786327737171
0.5 -1 0.5 0.5 -1 0.5 0.5
0.9803691510550254 0.09811696223411076 0.15501097114028878 -0.07225640599797017 -4.206108964231985 2.493463800020135 0.6253872689723466
529.1856689453125 -1 735.0916748046875 626.603515625 -1 736.78759765625 623.2793579101562
0.9812640576715408 0.09615404269018885 0.1533450519994371 -0.06603441696272008 -4.18627868310884 2.386831868299231 0.7071097441650126
476.3895263671875 -1 494.36114501953125 476.3895263671875 -1 788.2578735351562 612.1094360351562
0.9826336231441011 0.09262456689697644 0.14613723470674886 -0.06705043554003812 -4.065012755570303 2.318048758876314 0.5056645359277702
433.88824462890625 -1 601.3521728515625 434.9007263183594 -1 624.5089111328125 428.47747802734375
0.984043927615213 0.08734535272084508 0.1402318375146684 -0.06605580692835726 -3.94790919682242 2.255616029055373 0.48027603561398763
0.5 -1 736.8555908203125 623.1508178710938 -1 767.261474609375 676.282470703125
0.9840677366089099 0.08617914322385974 0.1382110247797721 -0.07128504519142853 -3.832117894440715 2.280447285309836 0.3977384644253868
589.6642456054688 37540 736.9415893554688 623.0338134765625 -1 739.59521484375 625.8507690429688
0.9842904498151811 0.08535383801101402 0.13598582583149846 -0.0734499006966204 -3.755638284333382 2.292030074415058 0.37364848333335565
630.9254150390625 -1 803.8224487304688 677.9828491210938 -1 719.0408325195312 722.0281982421875
0.9843582017356236 0.08525684793115995 0.13353166974964467 -0.07706811098323454 -3.6947986023150685 2.3056310562953057 0.3449073708114934
0.5035828351974487 -1 0.5035977363586426 0.5035828351974487 -1 1009.7682495117188 408.3560791015625
0.9846656762138989 0.09042597883667884 0.12850168585535832 -0.0757889515033988 -3.6298422102313417 2.3098270078204397 0.288129082667619
390.1360168457031 -1 677.2266845703125 638.401123046875 -1 720.536376953125 712.5401000976562
0.9849206629149243 0.09095641589390237 0.12567607639012482 -0.07657507423532284 -3.569802830301057 2.2841040659291547 0.24933124700240564
703.664306640625 37469 698.3471069335938 591.1407470703125 37475 714.6755981445312 684.66455078125
0.9845043219907709 0.09231887426252573 0.12722249891758 -0.07773609975782778 -3.528698577193686 2.2561763091310234 0.28497455304605324
0.5030790567398071 -1 737.1900634765625 623.2637329101562 37566 731.220458984375 735.5864868164062
0.9851163315966396 0.09084990900595612 0.12486669222141905 -0.07550110216990588 -3.459884649684842 2.1838754492993036 0.30670992227574306
626.047607421875 -1 737.1238403320312 623.387939453125 37566 740.57080078125 724.0389404296875
0.9843754299530683 0.09957092316624098 0.1258834942040385 -0.07241539927057285 -3.381505492631327 2.153968470024138 0.10320751854180701
705.7745971679688 37347 737.2296752929688 623.145751953125 -1 737.2296752929688 623.145751953125
0.98478890861198 0.09942867518651637 0.12334019228191369 -0.0713578376447889 -3.243763423924384 2.0713664052806844 0.2339042207015195
618.9024658203125 -1 774.171630859375 534.5458374023438 -1 737.1428833007812 623.1190185546875
0.984246345943413 0.10070332908858469 0.1269025852952628 -0.07080751268682055 -3.151833730444878 2.0318817743636677 -0.05797666847812512
0.5 -1 0.5 0.5 -1 0.5 0.5
0.9833398896775245 0.10257810604941768 0.13187498069800643 -0.07161971093357335 -3.035745732629084 2.004099779100884 0.06777343340888406
528.9220581054688 -1 1023.2404174804688 528.9220581054688 -1 1036.64892578125 524.1422119140625
0.9836374161142883 0.09887918475996524 0.133062758343711 -0.07053114760993343 -2.9391603917212668 1.9405934693331557 0.16973711070091996
484.8219909667969 -1 1150.3837890625 484.8219909667969 -1 1140.4635009765625 488.31365966796875
0.9838363973638172 0.10173059027471497 0.13055477732943618 -0.06835408064632681 -2.841534489550821 1.9108887116586026 0.26037100975694727
509.06805419921875 -1 910.2094116210938 636.1398315429688 -1 925.2171020507812 644.0328979492188
0.9842676289894308 0.10006495765693174 0.12865243555527797 -0.06821135974554188 -2.7514545191349042 1.8760959383847604 0.3022505554773266
614.4857177734375 -1 940.2644653320312 641.5696411132812 29740 413.44482421875 504.03192138671875
0.9841166347081902 0.0979082304063479 0.13095915014900325 -0.06912400958838363 -2.6665525092890436 1.8415177692669333 0.3127942941407954
0.5034833550453186 -1 432.38720703125 502.18328857421875 -1 428.2086181640625 502.91448974609375
0.9839340870190318 0.09850676983515338 0.13134099579207947 -0.07014037013741421 -2.5815133981565372 1.8086819440425748 0.3208580365882546
0.504065215587616 -1 485.48046875 480.9846496582031 -1 479.94110107421875 494.05218505859375
0.9844116669131929 0.09841788639527517 0.12768940440081927 -0.07030651240418374 -2.5024453885476188 1.7596453007675796 0.2672323904518992
0.502936840057373 -1 500.4113464355469 464.8323059082031 29739 556.911865234375 478.5625915527344
0.985105514262762 0.09704172897353829 0.1239433029946595 -0.06919599879833738 -2.4599239174909577 1.709925688902338 0.2352623332202908
0.5029534101486206 -1 0.5028977394104004 0.5029534101486206 -1 571.193359375 397.3468017578125
0.9858103035873076 0.09549786261811265 0.11834355864190713 -0.07108449693457836 -2.4062629474262707 1.6773082186401453 0.21439036067827705
0.5028171539306641 -1 0.502800703048706 0.5028171539306641 -1 0.502800703048706 0.5028171539306641
0.9870262743246655 0.09250870167378397 0.11227318701409346 -0.06794119063645893 -2.3475303819023323 1.6267625167654851 0.20166975704945939
0.5038219690322876 -1 0.5038238763809204 0.5038219690322876 -1 458.7223205566406 386.2666015625
0.9879700165976267 0.08907491565284306 0.10907899112168128 -0.06389584807638292 -2.2644781108419343 1.5816998702548108 0.18910498941648649
0.5034424662590027 -1 0.5034983158111572 0.5034424662590027 -1 0.5034983158111572 0.5034424662590027
0.9878271037118882 0.08538732764134445 0.1096963424792209 -0.06980923933931572 -2.1754398677931515 1.5805591526977734 0.1735362087578186
0.504456639289856 -1 514.6610717773438 333.918701171875 -1 518.1644287109375 336.8603210449219
0.9896690977593754 0.07718010633419826 0.06918905659958506 -0.09905141378721043 -0.5453597114743807 0.9312620755046617 0.050096669740254215
0.5044687986373901 -1 0.5044022798538208 0.5044687986373901 -1 651.0991821289062 379.8453063964844
0.9868374199506671 0.08218739147990653 0.11206835103562289 -0.08269113593968615 -2.0444046522892383 1.573415655999683 0.14661572190875505
0.5 -1 0.5 0.5 -1 0.5 0.5
0.9870992876203211 0.08299597488941517 0.11196521904729337 -0.07880643536730951 -2.0332905747628716 1.519158045803171 0.13583276097643385
344.1002502441406 -1 693.1348266601562 490.8774108886719 -1 605.3406982421875 330.5553283691406
0.9871230622470432 0.08548922383648333 0.1122564470872801 -0.0753534516475303 -2.0200496201134226 1.4709723658143403 0.12795882129667702
587.3642578125 -1 687.7428588867188 603.0894775390625 -1 783.61865234375 627.4131469726562
0.987094424664916 0.08469820552483986 0.11193828141266592 -0.07707549500774828 -1.9742620050008572 1.454862647437753 0.10964497253123148
409.131591796875 -1 479.0447082519531 420.8553466796875 -1 490.3583068847656 430.2904968261719
0.9873555243212011 0.08231661782732987 0.11190438911990513 -0.07635738810080121 -1.9066178398173264 1.4346341966284204 0.10685591276161677
0.5045512914657593 -1 0.5044964551925659 0.5045512914657593 -1 0.5044964551925659 0.5045512914657593
0.9874122948677624 0.07830874424992357 0.1133420958217358 -0.07770630497402241 -1.8277362547239697 1.4234502537194955 0.11421627537963114
0.5047044157981873 -1 0.5047096014022827 0.5047044157981873 -1 0.5047096014022827 0.5047044157981873
0.9869612229879858 0.07736045114677509 0.11328334647093392 -0.08420088080758599 -1.7413045034640724 1.4232310245574349 0.13157732942446432
309.8809509277344 -1 623.9876708984375 313.1094665527344 -1 576.540283203125 383.4630126953125
0.9873651420799358 0.07574254690218866 0.11248219596242945 -0.08198108553628437 -1.7016386131488053 1.375467669064769 0.12332664075155972
293.95977783203125 30585 653.8616943359375 299.9681701660156 -1 653.8616943359375 299.9681701660156
0.9877209349396997 0.07530979749569738 0.10865992760566165 -0.08323946909810895 -1.6424681911273036 1.3305099655253787 0.12082945126287928
280.4644470214844 -1 735.6610717773438 284.3549499511719 -1 735.6610717773438 284.3549499511719
0.9877004856789013 0.0762880343299004 0.1046269095370737 -0.08764186333290501 -1.5484607512740025 1.296359717005525 0.11178694523490916
348.39593505859375 -1 763.8518676757812 588.81689453125 -1 757.0332641601562 274.583740234375
0.987763951936503 0.07670088587121117 0.10154337443945557 -0.09015704336767973 -1.4722141929913184 1.2758322765093584 0.09797114686873808
554.0498046875 -1 640.734130859375 345.8883972167969 30391 702.5692749023438 444.4711608886719
0.9878602899199027 0.07805564315555862 0.09668800418598278 -0.09322442822280703 -1.3820595538666622 1.2536407421681508 0.06848255468549534
331.9450988769531 -1 662.5134887695312 331.9450988769531 30391 833.7739868164062 516.2715454101562
0.9881347927047485 0.0793417508312464 0.09158252604937961 -0.09437774601986952 -1.3019608239882254 1.2164567587492838 0.05726026594449693
286.9956359863281 -1 627.070556640625 286.9956359863281 -1 794.2039184570312 487.5888671875
0.9883442033946152 0.08007003054369709 0.08686272605049129 -0.09601766841614283 -1.222729160523631 1.1782840821761817 0.0298284361105549
0.5047008991241455 -1 0.504768967628479 0.5047008991241455 -1 814.7420043945312 244.04771423339844
0.9882625236881765 0.08127463334114653 0.0831633152890554 -0.09907311057432272 -1.1258002411792658 1.1482824558967188 0.022533282946578068
360.9398498535156 -1 877.5527954101562 482.9678039550781 29251 681.63916015625 279.99566650390625
0.9884802104313459 0.08121067532194351 0.08074931395946794 -0.0989507356942397 -1.0246899510985459 1.1143112963037982 0.01759800850358749
294.88787841796875 -1 886.0679931640625 505.1796569824219 -1 758.64404296875 535.0526733398438
0.988637618429087 0.08080895535637175 0.07788313832545449 -0.09999894462269718 -0.9280990503761629 1.088857739838184 0.0001981384007991366
272.7366638183594 -1 863.8120727539062 272.7366638183594 -1 697.4129638671875 297.2128601074219
0.9889252432331854 0.07967712107077171 0.07551317288004501 -0.09988083097195051 -0.8359776367375396 1.0562161498262128 -0.00952604899455335
261.0766296386719 -1 711.7247924804688 482.68133544921875 -1 791.0433349609375 530.3344116210938
0.9889430310372751 0.0787310340287488 0.07416742087559171 -0.10145097005072973 -0.7383219187750334 1.0273192776094051 0.01076895337300855
413.34869384765625 -1 934.2839965820312 413.34869384765625 -1 969.9022827148438 431.18463134765625
0.9893586183394293 0.07759432335845667 0.07192991807230882 -0.09987358102195912 -0.6402086826857711 0.9869637318747918 0.025728821688918026
398.5931091308594 -1 954.6066284179688 399.70184326171875 -1 959.6847534179688 466.0365295410156
0.9870244948752482 0.08297373946356675 0.11083133683159557 -0.08132908367745663 -2.084281367142875 1.6024863787357775 0.16575218326229058
0.5041358470916748 -1 0.5040959119796753 0.5041358470916748 -1 0.5040959119796753 0.5041358470916748
0.989768070858357 0.07714277764392061 0.06745654588001854 -0.09928631418601443 -0.4404165546300814 0.8765517170962541 0.07420250558263286
0.5 -1 0.5 0.5 -1 0.5 0.5
0.9902393304763253 0.07691841787946246 0.06559113437384356 -0.0959553461786886 -0.35027579781997137 0.8310072042941824 0.06728692897390132
0.505483865737915 -1 698.5977783203125 357.9074401855469 -1 671.8997802734375 387.4593505859375
0.9907437516482452 0.07539443158849936 0.06325655539890872 -0.09349388458328178 -0.25663283476220666 0.7862667823529806 0.11859127209182839
0.5035650730133057 -1 0.503568172454834 0.5035650730133057 -1 0.503568172454834 0.5035650730133057
0.9962435129098073 0.05124237242567245 0.010138076528584705 -0.0690673704263892 1.4365183888663067 0.27012161861748546 0.45370167288022184
0.5041542053222656 -1 726.2763061523438 533.34130859375 -1 726.2763061523438 533.34130859375
0.9919172471464516 0.07215005516201692 0.05752599420813739 -0.087093652718718 -0.06160246571948031 0.7394570741661569 0.1612806977800984
0.504603922367096 -1 0.5046210885047913 0.504603922367096 -1 0.5046210885047913 0.504603922367096
0.9924515171156648 0.06955150895025194 0.05397601511050365 -0.08537659849366903 0.02360912261694894 0.728583199217312 0.16647833778741175
0.5 -1 0.5 0.5 -1 0.5 0.5
0.9926375737408392 0.06862037266673565 0.051129324060047075 -0.08571863201277355 0.09959712067680698 0.715703956807925 0.15747256801496815
381.168212890625 -1 692.6021728515625 380.8935852050781 32140 780.5817260742188 383.9637145996094
0.9928678708499288 0.06838255828408493 0.04898303221928975 -0.08448597109021583 0.17684538964485957 0.6966637482956249 0.17302612327103442
367.0852966308594 -1 796.7974853515625 374.4209289550781 -1 806.6581420898438 382.8929443359375
0.9932866664960015 0.06661420467922027 0.04697734351273907 -0.08208090577413467 0.2570600471408687 0.6805357015322208 0.20304439484448214
0.5044267177581787 -1 0.5043332576751709 0.5044267177581787 -1 0.5043332576751709 0.5044267177581787
0.993625594781113 0.06554763121807351 0.04377144166989534 -0.08059619303489406 0.33381334821015884 0.6676014010823642 0.209830203835675
342.5197448730469 32075 844.991943359375 378.1269226074219 -1 845.1990966796875 380.64385986328125
0.9940567107832722 0.06424735665915982 0.04070212100208705 -0.07789011654237102 0.3938398217891167 0.6488426027788038 0.23936895973487915
363.26214599609375 32242 858.31884765625 363.26214599609375 -1 770.2028198242188 370.0802307128906
0.9949536278932893 0.061729698816904516 0.03517795353230491 -0.07084655398278195 0.4934777468714829 0.6346089331789543 0.28654916587231993
366.4351806640625 32242 775.4426879882812 380.410400390625 32176 774.4364013671875 383.47393798828125
0.9952825385024944 0.060923237484052234 0.03194262567521218 -0.06841561482195302 0.5415851169104325 0.6212875290656553 0.2843154518049937
353.9443664550781 -1 745.6046142578125 369.63751220703125 31968 808.8014526367188 369.6840515136719
0.995667489341441 0.059501076692716495 0.03072179011236855 -0.06451390666523363 0.5821701032102495 0.6113235109618658 0.3020731119004034
379.4750061035156 31678 804.179443359375 388.1334533691406 32177 798.8214721679688 389.2392272949219
0.9956115073633702 0.05683053381363611 0.03230337672814949 -0.0669664743289826 0.6496724077381406 0.5797749625736675 0.33410961012169377
383.7972106933594 -1 815.3468627929688 387.51751708984375 32080 813.7078247070312 390.2793884277344
0.9956725398977223 0.055996207681808796 0.035699464991969077 -0.0650089702899651 0.7397040664985577 0.5677191831649332 0.31279395415393746
378.2543640136719 32263 848.4833374023438 384.00390625 32080 841.817138671875 387.9029846191406
0.9958011694759321 0.057925088664505964 0.04080130742719822 -0.05796523342320209 0.8257971110602094 0.5739807833327608 0.2984486501585411
547.1853637695312 -1 635.60546875 547.1853637695312 -1 736.427001953125 623.1038208007812
0.9958528318952128 0.05615068182457326 0.043104483723220156 -0.05715104215913639 0.9217435426844548 0.5531602076655523 0.31904140627456307
0.5032859444618225 -1 911.92529296875 381.9892578125 32290 880.2723388671875 364.9045715332031
0.9962273166672221 0.05335477494832272 0.040347631559887416 -0.05528535198176742 1.0075911432113807 0.5325750105149568 0.3696403408931436
661.0068359375 32489 897.5023803710938 360.7724609375 -1 896.8594360351562 378.2620544433594
0.9965112956639134 0.05351206862437315 0.03335709102678074 -0.05467175325522333 1.0757475280074826 0.5183031457106694 0.3916476612136839
583.355712890625 -1 691.1165771484375 670.2757568359375 -1 691.1165771484375 670.2757568359375
0.9967867092149256 0.051897537539840534 0.026423173912169272 -0.05499743457823698 1.1422241117315837 0.4917581998813033 0.3626541170016877
367.3287353515625 -1 969.6643676757812 367.3287353515625 -1 713.9889526367188 674.6128540039062
0.996781358589723 0.04990419369320521 0.020080856536050122 -0.059441179502392465 1.2189362734594988 0.4291654086073749 0.3824621363791945
353.28094482421875 32439 975.552490234375 363.519287109375 32084 918.529296875 367.6691589355469
0.9966540889766958 0.05275330649498164 0.01625827703276002 -0.06027755807765466 1.2818502557857785 0.3923726664030038 0.41444678869608825
0.5 -1 0.5 0.5 -1 928.77978515625 355.63726806640625
0.9965394289247266 0.0522032393927683 0.012169388756345942 -0.06352868936612838 1.3566680950326482 0.3293353525744541 0.4205698485674788
599.6632690429688 33065 732.5457763671875 612.7467041015625 -1 736.8968505859375 622.8648071289062
0.9915026928248949 0.07382179216623758 0.06016335809751263 -0.08861785071179247 -0.1456225697842207 0.751959562061619 0.15691819322905773
384.364501953125 -1 715.4391479492188 386.821044921875 -1 727.4056396484375 386.95263671875
0.9957158311244743 0.051173770617181945 0.009014211507046654 -0.07648511515205936 1.5196890582841112 0.20586421250716969 0.4829455097809523
0.5 -1 0.5 0.5 -1 0.5 0.5
0.995469734562045 0.05184986236967875 0.008854601816944974 -0.07920350604537926 1.606622627641729 0.1489244590924647 0.4675385299087659
0.5026408433914185 -1 717.4889526367188 557.2920532226562 32495 731.040283203125 569.8920288085938
0.9950241925689557 0.05247395015329501 0.00685642977526636 -0.08441759371448639 1.6781294760128773 0.08647728420464873 0.5035827382773723
0.5029820799827576 -1 744.3556518554688 559.96484375 33065 744.3556518554688 559.96484375
0.9945702737155679 0.0532376409833624 0.004972424901797105 -0.08928045258881069 1.7549252923011325 0.0401458157395678 0.4860886738655511
0.5031012892723083 -1 0.5030984878540039 0.5031012892723083 -1 0.5030984878540039 0.5031012892723083
0.9946542884276377 0.05237829048076828 0.004476848551062934 -0.08887811331184328 1.8305591570754227 0.014791654562865708 0.5135654224283441
0.5035940408706665 -1 765.3724365234375 534.4757080078125 32495 778.1612548828125 547.1433715820312
0.9940660495094176 0.05146499291099173 0.00343376324121694 -0.09577187994090582 1.8921207675153509 -0.036961248852032634 0.5349469116133546
0.502453088760376 -1 0.5024048089981079 0.502453088760376 -1 0.5024048089981079 0.502453088760376
0.9952397249747218 0.030420113666787672 -0.03610510015170417 -0.085258009944962 3.65890801286733 -0.806382495176889 0.8337768430791128
0.5029840469360352 -1 1267.3426513671875 420.55047607421875 -1 1267.3426513671875 420.55047607421875
0.9945279422585853 0.04933315917573134 -0.00021631011314977164 -0.09208889554436506 1.9715053593311749 -0.05291550736356686 0.5460762207303553
482.635498046875 -1 817.3560791015625 521.611328125 -1 873.3155517578125 566.5582885742188
0.9948814382208475 0.04739345089162493 -0.004122475967558993 -0.08915037794702882 2.002233744771986 -0.049294068847376825 0.5323012265558956
0.502970814704895 -1 0.5029669404029846 0.502970814704895 -1 0.5029669404029846 0.502970814704895
0.9950984866015053 0.04680604552532122 -0.007319894584365137 -0.08680216131496388 2.061219056473237 -0.056684725688345046 0.535623364800577
0.5034056901931763 -1 0.5034656524658203 0.5034056901931763 -1 0.5034656524658203 0.5034056901931763
0.9950531319922766 0.04687922977960467 -0.0062263105265431135 -0.0873660997461776 2.1531431523091062 -0.08265618305239866 0.5081190170692914
0.5031614303588867 -1 0.5031236410140991 0.5031614303588867 -1 836.4132080078125 618.29052734375
0.9950425448080314 0.049220698241210524 -0.0027917556739423663 -0.0863704983594612 2.260961369871645 -0.10772573764427328 0.49654258789095046
577.7149658203125 -1 740.2348022460938 625.3981323242188 -1 837.7582397460938 460.9870300292969
0.9951571844629615 0.05072852631087603 0.0027070638907987837 -0.08415145058267967 2.3775876834877265 -0.15339369174803635 0.5238415502462728
597.8008422851562 33848 908.8604736328125 583.039794921875 -1 905.9144287109375 589.4315185546875
0.9956440031306506 0.050637585319101376 0.010145711820691506 -0.07762678992896152 2.50103689559318 -0.189918920857301 0.5167422821232097
0.5 -1 816.1386108398438 516.5556640625 33875 953.029052734375 553.4514770507812
0.9952618220567623 0.054144898747264684 0.015909537667402097 -0.07917778796551421 2.6042297918230504 -0.24910383521823742 0.4475946653844078
0.5 -1 0.5 0.5 -1 0.5 0.5
0.995770104231007 0.05530421482290884 0.015620399622864878 -0.07168923530219214 2.7085968367381312 -0.2871464772631907 0.46951528526252007
567.1002807617188 -1 803.2213134765625 462.2760314941406 34028 868.0679321289062 510.32171630859375
0.9960919192563885 0.05387329585434376 0.010781766981238295 -0.06915424706174596 2.7702304084911864 -0.3274430726919457 0.5032193910680985
523.0430297851562 -1 765.2781372070312 385.0242614746094 -1 1025.38818359375 527.6915283203125
0.9963809954002028 0.051211721289811385 0.006172059850561555 -0.06755869511052573 2.8555606122746497 -0.34419331200512143 0.5833434003729354
524.3001098632812 -1 681.8974609375 626.6076049804688 34027 832.0342407226562 446.506103515625
0.9964099550485981 0.05018769964350846 0.00139486933031468 -0.06816487822988597 2.930217659024078 -0.366051338125956 0.6204881366973835
601.1090087890625 34150 826.083740234375 601.1090087890625 -1 797.4260864257812 379.1939697265625
0.9962267255760106 0.04888098332735113 -0.004000688911677496 -0.07160275976024555 2.9981316219082994 -0.4104110411269573 0.6862022212901407
544.78515625 -1 877.651123046875 460.03155517578125 -1 909.4927978515625 484.16876220703125
0.9960183823999947 0.04774137874018718 -0.00909981946390662 -0.07473510529201233 3.0614617669972475 -0.4558530224849586 0.7455718060188667
684.9639892578125 -1 826.447021484375 701.0147705078125 -1 839.241455078125 521.5908203125
0.9958255005356479 0.045673213675535056 -0.014879853213730018 -0.07761520472055192 3.141316247638211 -0.5179659389363386 0.8042213695420304
623.0962524414062 34180 834.0252685546875 675.641845703125 34036 731.2922973632812 686.1092529296875
0.9956064549374201 0.04198104202649961 -0.023338336121205925 -0.08037848632815792 3.2925003105771413 -0.5945863646224936 0.9644600578012543
623.273681640625 34180 794.4229125976562 670.982177734375 -1 725.4511108398438 597.1103515625
0.9954872815473961 0.0389203943716245 -0.027733785459799442 -0.08198239032501045 3.397551786991778 -0.6447484389984794 0.9436232182347646
0.5 -1 0.5 0.5 -1 0.5 0.5
0.995370505425324 0.036712046935778224 -0.03284224450546912 -0.08252980985657994 3.4790821704416732 -0.7026068129149174 0.9737313514649951
582.9080200195312 34027 736.4926147460938 623.3818969726562 -1 736.4926147460938 623.3818969726562
0.9952357416658563 0.03455317056224046 -0.037243183190658946 -0.08321563687635097 3.550253701750389 -0.7508200296788038 0.9840698941267495
564.4883422851562 -1 770.3426513671875 565.4764404296875 34296 824.9371948242188 572.5064697265625
0.9951806617176416 0.031956589344939175 -0.03885711819328636 -0.08416858859686749 3.6171932636586432 -0.7778708770723921 0.9564251536769512
0.5 -1 946.2630615234375 475.6006164550781 -1 786.9210205078125 563.3778076171875
0.9940205746254247 0.05042733594835351 0.0022022779949422287 -0.09682629282444687 1.939687025947751 -0.06298983368183976 0.5315827462062235
540.2128295898438 -1 861.405517578125 560.5056762695312 -1 861.405517578125 560.5056762695312
0.9952614921153492 0.029550098027828108 -0.037850112818428976 -0.08455012110284947 3.7161996465159697 -0.823717630426642 0.7932910904697894
0.5026606321334839 -1 814.4569702148438 554.3480834960938 34296 797.5674438476562 561.8914794921875
0.9953472671547927 0.028695419937634144 -0.039043199145393295 -0.08328276678029999 3.778663220682292 -0.8312647609747109 0.8045917044939289
0.5 -1 0.5 0.5 -1 0.5 0.5
0.9951323458361694 0.028654786525805925 -0.040303064234910195 -0.0852418940019509 3.819998321576255 -0.8618848778552212 0.850210398389058
0.5 -1 0.5 0.5 -1 864.3968505859375 546.8697509765625
0.9953378289414088 0.0286439259294542 -0.04133271383316133 -0.08230272506264352 3.874286457586786 -0.8632043405005758 0.8271725263622941
0.5 -1 0.5 0.5 -1 847.4607543945312 559.8564453125
0.9956140757653302 0.02847464181789739 -0.0420235976733502 -0.0785864119926488 3.9409249836843894 -0.8675989582117368 0.8082774063763477
0.5 -1 862.6029052734375 556.116455078125 34214 831.9456176757812 609.3508911132812
0.9956539144884516 0.02813945840826326 -0.043402454893314936 -0.07744469222320116 3.997222621420144 -0.8838526265375233 0.8835206822240504
0.5 -1 710.8795166015625 364.88983154296875 -1 844.182861328125 603.9512329101562
0.9955583834218729 0.027350472497937917 -0.044207639461433586 -0.07849293895513657 4.037593472747493 -0.9231359767070001 0.8676411342278337
0.5 -1 0.5 0.5 -1 880.4447631835938 586.3284912109375
0.9955466558691473 0.026294352579286334 -0.044318211673591984 -0.07893895821613653 4.075657513451029 -0.9676239305827877 0.7758542784580986
0.5 -1 0.5 0.5 -1 0.5 0.5
0.9952775042707486 0.026007034470825793 -0.04538721107768584 -0.08176994998905811 4.117000809205831 -1.0260721254955725 0.8592616553368374
0.5 -1 899.5776977539062 508.612548828125 34428 875.228271484375 578.394287109375
0.9951918318071052 0.025990434594065373 -0.046215581641267336 -0.08235189874914546 4.17399783223503 -1.0464882470441625 0.8988018555249025
607.4425048828125 34494 889.1861572265625 574.3037719726562 34396 736.9562377929688 623.3267211914062
0.9957151127639826 0.024298837142126363 -0.04755727349245578 -0.07549361870326193 4.245152157588706 -1.011410416213442 0.8446230865718997
0.5 -1 0.5 0.5 -1 821.2805786132812 500.5898742675781
0.9960285629125405 0.02476542987323672 -0.04904433379092713 -0.07006017890768783 4.304589401624529 -1.0069599028167981 0.8911489511128632
0.5 -1 945.6876831054688 480.5178527832031 -1 832.4566040039062 490.3913269042969
0.9964446673908588 0.024148856391672965 -0.05031932355071694 -0.06310961290242213 4.387031995588029 -0.9967792042573145 0.8742313162228722
623.0533447265625 34584 736.9779663085938 623.0533447265625 34584 854.7724609375 627.5875244140625
0.9967344968567765 0.024282568547345295 -0.0511843436678213 -0.05754009561780765 4.467891775171214 -0.980394523889469 0.9681917722216546
604.638427734375 -1 736.880126953125 623.0178833007812 34584 766.7288208007812 780.6549072265625
0.9969956556321052 0.02278946029298225 -0.05245358474148438 -0.052239109851062795 4.545463770291945 -0.9777011207251955 0.8836910745349815
519.3729858398438 -1 1323.02294921875 596.216796875 -1 1323.02294921875 596.216796875
0.997165832519189 0.02388932900375124 -0.05454115180946953 -0.04598766329527775 4.629450660011214 -0.976673356540524 0.9853783967144861
623.1157836914062 -1 640.3275146484375 754.05615234375 -1 741.8602905273438 636.4562377929688
0.9972709396960088 0.023816927935359118 -0.05614531372512512 -0.04160685674584142 4.705019429904558 -0.9844628726897715 1.0129100194854896
626.4466552734375 -1 736.6835327148438 623.1058959960938 -1 694.8598022460938 669.5737915039062
0.9971439718045753 0.028331478853330948 -0.05614296285492838 -0.04182337291096901 4.752362889068446 -1.0129799658445353 1.0184785544872008
0.5 -1 0.5 0.5 -1 697.8735961914062 602.402099609375
0.9970326692399861 0.026529119129945898 -0.05620250626447631 -0.045424009025722835 4.788708740823148 -1.110947455650569 1.057795630621085
695.878173828125 -1 822.6824340820312 710.784912109375 -1 736.6406860351562 622.9564208984375
0.997125339044692 0.0284765437141849 -0.055352180479087895 -0.0432004723274252 4.83221547946981 -1.1334135077808476 1.0031021506965707
622.80859375 -1 843.4821166992188 636.1048583984375 -1 673.0982666015625 655.005126953125
0.9972405912122374 0.027794454638616014 -0.05549242174683121 -0.040734047904438075 4.870893851844261 -1.1563361622701271 0.9692868639622539
662.9042358398438 35094 736.633056640625 622.8934936523438 35358 739.6468505859375 625.7317504882812
0.9971399335741299 0.025518535720339998 -0.05700804759055648 -0.042553962405190306 4.899375288774629 -1.2102201049409487 1.0202256015532838
582.6688232421875 -1 852.6952514648438 632.4046630859375 -1 667.4146728515625 637.015625
0.9970800248600601 0.02315356446233144 -0.058512457760581504 -0.04326232500186314 4.907379008147226 -1.2198487519503063 1.0303878062624157
0.5036077499389648 -1 0.5036173462867737 0.5036077499389648 -1 0.5036173462867737 0.5036077499389648
0.9970152820617731 0.018117620930440514 -0.06089646816236705 -0.043862276644671114 4.91500261952495 -1.2347623219620805 1.054641201388009
601.1653442382812 35016 735.0524291992188 626.462158203125 -1 865.966796875 630.7207641601562
0.9970124168308704 0.018036511357374836 -0.06249344489050589 -0.04165926414183765 4.951548173572756 -1.2031089722848407 1.127141625772892
0.502458930015564 -1 0.5024226903915405 0.502458930015564 -1 0.5024226903915405 0.502458930015564
0.9971902496532753 0.016193613575075008 -0.059189445770333755 -0.04296489712801011 4.994728845679472 -1.2089853248601372 1.053147043055878
0.5 -1 0.5 0.5 -1 0.5 0.5
0.9971430854312531 0.012842890471218315 -0.05717289669694709 -0.04766536713658484 5.041642257601476 -1.2531445604196187 1.066168998916844
0.5045713186264038 -1 700.4110107421875 719.3820190429688 -1 700.4110107421875 719.3820190429688
0.9972431574170607 0.011367989097347845 -0.05519047846728269 -0.04827903163161898 5.084222848318649 -1.2685566485430555 0.992815139209305
0.5033900737762451 -1 0.5034313201904297 0.5033900737762451 -1 0.5034313201904297 0.5033900737762451
0.9972385661304548 0.013169884676057982 -0.05546728178495324 -0.047593875772862254 5.098222391783054 -1.2885319405694722 0.9971267034075075
0.5 -1 0.5 0.5 -1 0.5 0.5
0.9973200458707429 0.004968003994549626 -0.05087930748579823 -0.052338715215938615 5.317512273621689 -1.6510443534456012 1.3008754124254276
0.5 -1 0.5 0.5 -1 857.5722045898438 422.38934326171875
0.9974481678328404 0.004202728027089708 -0.04897699524915011 -0.051775896905847045 5.358469601573372 -1.651220648261577 1.353703694494186
0.5 -1 0.5 0.5 -1 0.5 0.5
0.9972953611534867 0.017316086120774753 -0.05763220044733815 -0.042197692529241645 5.1449439645843995 -1.3890130134653127 0.975052696051933
0.5 -1 0.5 0.5 -1 0.5 0.5
0.997358327371083 0.01930160807248134 -0.05673835908326971 -0.041043554401515386 5.152614899078894 -1.418288078059072 0.9479477435202327
0.5047674179077148 -1 0.5048093795776367 0.5047674179077148 -1 802.38671875 516.5381469726562
0.9973725799116123 0.020249924726893128 -0.059224212825631894 -0.03647423754095386 5.154708854312891 -1.4018751251058275 0.9567681693557114
0.5041396617889404 -1 827.0123291015625 513.8243408203125 -1 820.6273803710938 525.041015625
0.9973340894123585 0.021254906247714343 -0.0636330207490766 -0.02870159798286915 5.15599726668529 -1.3424923445576402 1.0684146191023025
529.65087890625 -1 629.9791259765625 529.65087890625 -1 726.6693725585938 558.3836059570312
0.9972277341157455 0.02064706233586212 -0.06711248203040089 -0.0246264062135383 5.158491294050277 -1.2976227398187603 1.130001319343295
568.3491821289062 -1 764.0023803710938 575.9349975585938 35018 742.6109008789062 602.355712890625
0.997019860707575 0.012315238719745466 -0.07077292474645938 -0.028123395469886504 5.140069999184348 -1.3068501143814855 1.2096875576711592
504.5234069824219 35369 1234.1485595703125 504.5234069824219 35181 791.9588623046875 562.9351196289062
0.9969917663370848 0.007278957698022797 -0.07351517407833755 -0.02345109402825602 5.117585319439974 -1.2039574444071877 1.300649495257135
632.3934326171875 -1 746.6976318359375 632.3934326171875 -1 710.5228271484375 621.51123046875
0.9968369368801362 -0.00065248732579515 -0.07926755180675867 -0.005687773051012053 5.113295573875704 -0.9583629750040178 1.3713342864505618
0.5 -1 0.5 0.5 -1 0.5 0.5
0.9961976070476046 -0.007964007466957126 -0.08652669979495721 0.006327125752343236 5.094691595479167 -0.7610804744473407 1.3883781820670777
690.8427734375 34883 653.3981323242188 718.6679077148438 34879 752.2537231445312 606.2515258789062
0.99600508281674 -0.012251017759609177 -0.08768892081915244 0.011594858026079687 5.098539166213155 -0.6520904609968677 1.5057558659406987
0.5 -1 736.8843383789062 622.9964599609375 -1 736.8843383789062 622.9964599609375
0.9956812581433361 -0.01782479330786899 -0.0905411181236717 0.010169309443145752 5.1519455910347745 -0.647246545649492 1.674581296549637
639.75634765625 35012 736.7184448242188 623.0599975585938 -1 736.7184448242188 623.0599975585938
0.9966733803235068 -0.014120262542718766 -0.0802565381189934 0.0012958508376880364 5.162642182763382 -0.7078897118642814 1.4801890815726442
443.1640319824219 35378 760.7230834960938 617.3215942382812 34801 792.3905639648438 643.348876953125
0.9965050089941857 -0.015403009518515741 -0.08150169310481005 -0.009898907430609932 5.173071586615258 -0.8430388591512138 1.4754858492538108
685.62646484375 -1 798.7955322265625 639.1217041015625 34948 784.2999877929688 664.52197265625
0.9970996107879458 -0.011898437654529104 -0.07343007590197144 -0.01608779975444648 5.163794893158693 -0.9405632430280537 1.488709301669616
656.7696533203125 -1 724.0120849609375 690.3607788085938 35094 703.834716796875 735.5570068359375
0.9974799572498209 0.0010370347285648708 -0.0676901855387051 -0.021229654391979765 5.17133855437911 -1.0230922061354295 1.4057850004185233
623.07080078125 35402 743.0006103515625 657.2843017578125 34808 321.2395324707031 678.0106201171875
0.997185584164909 -0.003243732375671514 -0.07021508313421035 -0.02608123912739319 5.192115077406548 -1.1826691809507168 1.381591048160809
622.9005737304688 -1 741.137451171875 643.7083740234375 35094 736.7721557617188 618.3954467773438
0.9971638280486729 -0.0009489706344993075 -0.06467482580684453 -0.03847812876045362 5.18209497499214 -1.3883109007325627 1.3302641364585772
610.7965698242188 -1 761.1109619140625 610.451904296875 34808 736.7510986328125 623.1614379882812
0.9970670622703043 0.0035017011704057254 -0.06033058463495649 -0.04695989759553277 5.212146990013422 -1.5392475410113757 1.370468120998785
590.7393798828125 -1 843.4837646484375 536.7567749023438 35029 749.0951538085938 589.3033447265625
0.9972674472425672 0.004598046399052587 -0.05516599517803863 -0.04892044169488084 5.265614216270197 -1.5979026127312397 1.3489048575182554
574.013916015625 -1 767.7501831054688 574.8953857421875 -1 811.6270141601562 601.5872192382812
0.9973143644291115 0.013736640691719733 -0.05793993909718117 -0.042641841696612386 5.1145378742956815 -1.2823831775218337 1.0062310769138731
638.177734375 35018 736.0589599609375 651.4471435546875 35094 792.6533203125 563.917724609375
0.9973618405616126 0.014663091145762067 -0.05909018204590502 -0.039531040150562045 5.132586036630028 -1.2993062013154992 1.0320896994371584
550.4913330078125 35095 835.068603515625 576.1596069335938 -1 744.1884765625 734.287109375
0.9976894401481698 0.0025582588086331547 -0.04870835218377771 -0.047294109107167734 5.392531539345437 -1.6039315707055042 1.329655141367274
568.1207885742188 -1 828.4673461914062 580.8563232421875 -1 826.818115234375 586.50537109375
0.9976494544974629 0.0031600419576931216 -0.048355298686309126 -0.04844940830080764 5.389164192501508 -1.6064275161275827 1.3374099700177733
571.0067138671875 35472 845.0338745117188 587.9088134765625 -1 809.0135498046875 595.8284301757812
0.9976626396650377 0.001176314207294583 -0.04701096646155547 -0.04957663495867403 5.398976567298202 -1.6137312870183824 1.333693200817358
376.32269287109375 -1 1123.8204345703125 376.32269287109375 -1 828.6126098632812 574.2714233398438
0.9976943775631335 -0.0003602715253002432 -0.04662388035455375 -0.04931544346372826 5.429730045892024 -1.6014773029210034 1.3793962190336795
0.5 -1 0.5 0.5 -1 0.5 0.5
0.9977233518046585 0.000272021784441057 -0.04520296765162365 -0.050047287472076436 5.449025726691355 -1.5895486333968902 1.3896204825099872
0.5041572451591492 -1 0.504168689250946 0.5041572451591492 -1 0.504168689250946 0.5041572451591492
0.9977613204565605 -0.0015723491824363297 -0.04305698944541839 -0.0511465617488262 5.459653643427326 -1.6003400898416649 1.3513153461463328
0.5050106048583984 -1 0.5050932765007019 0.5050106048583984 -1 0.5050932765007019 0.5050106048583984
0.997886319447436 -0.0013433115887402033 -0.04289528147111039 -0.048796350285030765 5.472474478300506 -1.583989968910735 1.3991240777535
0.5042973756790161 -1 0.5042815208435059 0.5042973756790161 -1 0.5042815208435059 0.5042973756790161
0.9979758852205018 0.0014820689787236035 -0.041194530061717916 -0.04842464953814533 5.461746392134366 -1.5855794603401392 1.3922089010670997
0.5041148662567139 -1 863.2050170898438 583.2789916992188 35017 415.4789733886719 585.8192749023438
0.9980737866247633 0.0024560100903265603 -0.038024009973931454 -0.04895772801555494 5.437081482004453 -1.6032475270062443 1.341811604717963
574.4096069335938 35472 861.5244750976562 591.1026000976562 -1 818.2319946289062 616.8367919921875
0.9978685383244575 0.0015042117570304454 -0.04118834769108113 -0.050592860995195964 5.430702397197906 -1.6272800865532226 1.5729480231557342
0.5045487284660339 -1 0.5045555233955383 0.5045487284660339 -1 0.5045555233955383 0.5045487284660339
0.9978304155392981 0.0013309818083894187 -0.04107062016826255 -0.0514382588263991 5.411133844550457 -1.6336449113628249 1.5854067807101118
0.5028249025344849 -1 845.3470458984375 586.301025390625 -1 1007.4380493164062 608.1289672851562
0.9975683495755234 0.0022129691229929313 -0.041448689454373314 -0.0559865772783271 5.387186388883549 -1.6633416351224932 1.6431048443190208
616.1580810546875 35008 781.9837646484375 616.1580810546875 -1 854.66064453125 604.4750366210938
0.9972444447322115 7.398939216691998e-05 -0.03958688653863711 -0.06274065978685568 5.3495472662673835 -1.7091320362444447 1.6127445066379988
0.5 -1 0.5 0.5 -1 0.5 0.5
0.9968041989424795 2.9321064950663845e-05 -0.041145135073297284 -0.06847237377743837 5.320330916612696 -1.7091576708146319 1.7499971186010297
0.5 -1 0.5 0.5 -1 757.69482421875 742.09375
0.9963078448838225 -0.006233171435513927 -0.03788425674696113 -0.07678938004398228 5.232214381964924 -1.7630468207815175 1.704315610941119
0.5 -1 803.0675048828125 639.00146484375 -1 773.9453735351562 646.0274047851562
