0.9983583497494205 0.009886699386243189 -0.055649953966792134 -0.009270452219492156 4.6212253753513535 -0.2439874702245532 -0.8096786232252341
540.4386596679688 -1 800.1336669921875 574.4208374023438 -1 801.9989013671875 629.6475219726562
0.9988337121103426 0.008906406491287993 -0.046510396480616736 -0.009416713572214989 4.725334129499936 -0.262509368520445 -0.8800836138271344
530.6636962890625 -1 857.9728393554688 575.5867309570312 -1 630.4259033203125 600.6896362304688
0.998997417214696 0.011495479333439484 -0.042435811989931925 -0.008438969961806103 4.792157212666607 -0.26076929370087226 -0.8521628462929967
485.33477783203125 -1 675.0952758789062 527.3531494140625 -1 298.84912109375 556.1586303710938
0.9991242660212146 0.01140629956336755 -0.038413905711813065 -0.012040316682042602 4.842881459602207 -0.3004505957107493 -0.8065394497020151
483.6253356933594 -1 909.0900268554688 550.3939819335938 -1 947.2740478515625 588.5971069335938
0.9990564764130994 0.009822451608003185 -0.03730052115501953 -0.019958644819092985 4.885502938220447 -0.3845471072093018 -0.6598629888621003
486.00634765625 -1 814.9663696289062 486.00634765625 -1 924.3453369140625 534.948486328125
0.9990813664473609 0.006092226703746775 -0.034294216842860346 -0.024964268116638978 4.909431798150256 -0.44103301798095373 -0.5434242863123633
564.439208984375 -1 944.1731567382812 591.0157470703125 -1 755.8713989257812 543.998046875
0.9990695809549743 -0.000753047448750675 -0.03416954600371228 -0.026302993287687804 4.924512518669758 -0.47557516386400484 -0.40336503551031905
554.0690307617188 3467 749.1203002929688 572.3754272460938 -1 1069.9027099609375 740.9757080078125
0.9989442545995036 -0.0032283384086119987 -0.034505850637035866 -0.030154606705714203 4.922317411530308 -0.5138016310766335 -0.32859676021423423
559.2327270507812 3467 718.1098022460938 604.6879272460938 3468 799.0536499023438 488.47149658203125
0.9989353055404963 -0.004882604621689817 -0.03572786631798089 -0.028773861144937293 4.927221899696967 -0.5093747939303963 -0.25209984327924206
560.306396484375 3467 759.2122192382812 571.6921997070312 -1 718.7931518554688 604.6649780273438
0.9989055757721453 -0.006392517800241107 -0.03515894843954662 -0.030176725337881818 4.941112355292575 -0.5498366510167197 -0.22389820470960625
537.054443359375 -1 752.0142211914062 556.85302734375 3467 802.39599609375 489.25128173828125
0.9988840649445998 -0.006316327664873675 -0.03490628674036735 -0.031181403922559317 4.962345135109684 -0.5706612630780739 -0.11335656108828931
554.623779296875 3467 1205.030029296875 559.5272827148438 -1 738.42138671875 618.582275390625
0.9988314486916273 -0.0070220837292614266 -0.034614573561706795 -0.03298876690368631 4.9614563715301365 -0.6044846086398578 -0.153293442605992
552.5806884765625 3467 1147.899169921875 554.8757934570312 -1 1147.899169921875 554.8757934570312
0.9989234004801579 -0.004259386038841985 -0.032414891133018146 -0.03291158514208764 4.936569923228945 -0.6020469149170723 -0.13947318341909673
559.622314453125 -1 1063.533203125 564.2941284179688 -1 703.1510620117188 586.2581176757812
0.9990646706534737 -0.00405760878031932 -0.029816261825346774 -0.031053344325762608 4.915112983144984 -0.5902445139499328 -0.24287462211323355
545.7413330078125 3467 776.1950073242188 561.728759765625 -1 940.279296875 586.3762817382812
0.9991032477848019 -0.003457817652896798 -0.03021602106892669 -0.029457356189961894 4.909664690201832 -0.5700619087184671 -0.23126623076512015
545.8107299804688 3467 803.0780639648438 478.2413330078125 -1 763.1587524414062 557.3843383789062
0.9990254802469547 -0.004060887216023247 -0.02897136628913282 -0.033049341108428006 4.887114281401151 -0.6038055615072724 -0.2705624443508155
546.8230590820312 3467 1163.3826904296875 496.3827819824219 -1 760.8299560546875 558.1670532226562
0.9989050015262063 -0.00488611183500018 -0.029807360494459034 -0.035727371823563794 4.866314335796033 -0.6305366975074223 -0.20199413911109437
548.4688720703125 3467 760.4929809570312 564.1702880859375 -1 781.2261962890625 572.2725830078125
0.9992480663478938 -0.008550366443448029 -0.03190681615746325 -0.020301433850147533 4.887651901604544 -0.49119492922804964 -0.11708069100381643
562.546875 -1 690.7982788085938 587.62890625 3454 690.7982788085938 587.62890625
0.9994429970199886 -0.00887432973859452 -0.030594467961886952 -0.009945879022126642 4.895806206743198 -0.38266119382863883 -0.16988696091202676
569.0113525390625 3874 758.9497680664062 575.8926391601562 -1 693.4925537109375 588.4517822265625
0.9994853922514451 -0.008878165079110958 -0.030421367227292585 -0.004966817575188856 4.899743996340611 -0.3395038182744339 -0.1733087816762726
557.9595947265625 -1 778.0059814453125 590.0759887695312 -1 973.8240356445312 464.79876708984375
0.9995126245363413 -0.009495129760661677 -0.027882818601262675 -0.010339455022017762 4.879388509861832 -0.4061489007839352 -0.16638457977832902
491.35888671875 -1 747.4750366210938 549.5462036132812 3467 694.0601196289062 584.6129760742188
0.9993957666343505 -0.010486552482755552 -0.02947739376742735 -0.015139917669697875 4.870510302333168 -0.45832670438226436 -0.11270675154928196
567.2227783203125 -1 690.596435546875 586.0879516601562 3454 690.596435546875 586.0879516601562
0.9994712972644578 -0.0106014595166074 -0.024095072529172923 -0.01908304169762854 4.791976758979876 -0.49431738354016685 -0.2809068078850639
5.5 -1 0.5 0.5 -1 0.5 0.5
0.9994325140682394 -0.0076704250096125345 -0.027216344216871285 -0.018305327390657017 4.752997240611842 -0.480503316447087 -0.2816190455780839
468.53509521484375 -1 1108.748291015625 468.53509521484375 -1 1101.7080078125 469.1148681640625
0.9994294876935361 -0.007718438321395616 -0.028747433133363205 -0.015959634292727964 4.693275726366681 -0.47619959179819243 -0.25592472230050833
28.0 -1 20.5 28.0 -1 758.2012329101562 402.27410888671875
0.9994388117624565 -0.008249502975313568 -0.029382717310659973 -0.013808083391663825 4.6363732800748565 -0.4682907099901623 -0.24053877820381644
0.5 -1 0.5 0.5 -1 0.5 0.5
0.9994519466940518 -0.006349842210400735 -0.030077624433467096 -0.012280971533740557 4.581112830438697 -0.45198376995815187 -0.23141452189015116
495.29388427734375 3264 658.9166870117188 596.7424926757812 3177 865.3005981445312 603.8087158203125
0.9995468693197033 -0.002917409835921102 -0.027827150154321263 -0.01109930030759386 4.531645356428086 -0.4294929314096873 -0.3047165383483454
580.9969482421875 -1 853.1049194335938 582.8243408203125 -1 853.1049194335938 582.8243408203125
0.9995857069510077 -0.0037594548647915016 -0.026446267019365997 -0.010718018432257257 4.492838848233785 -0.4445411317232019 -0.2592150589484689
545.4970092773438 3857 827.4015502929688 597.7557983398438 3289 783.025146484375 632.3404541015625
0.9996217604800581 -0.0017407415248742516 -0.025778286425179014 -0.009422618673933672 4.449032129628195 -0.42887851626250806 -0.24967174526047814
560.3109741210938 -1 841.8587646484375 563.5529174804688 -1 856.7579956054688 568.0560913085938
0.9997284901526972 -0.0007183159291384273 -0.021721435927938664 -0.008402929278714413 4.400823655306751 -0.4187299893707753 -0.3365293683436357
497.2510986328125 -1 1058.623046875 497.2510986328125 -1 830.0014038085938 561.9466552734375
0.9997944629080691 -0.00019098828712072645 -0.01942232961332763 -0.005811073414701225 4.3801441755493205 -0.39745641758796313 -0.36577464439346313
592.77001953125 -1 762.2324829101562 600.578125 -1 850.689208984375 600.2994384765625
0.999824312108744 -0.00042628508214859765 -0.018086663503995817 -0.004902632007307034 4.35311240431834 -0.3939411999866418 -0.32911246710532094
574.5722045898438 3140 670.3433227539062 552.9794921875 3962 845.69580078125 564.9898071289062
0.9998639502982428 -0.0003628118348154833 -0.016015711472927577 -0.0039301714442878674 4.309177649092635 -0.3978557717069759 -0.357424712376093
540.2903442382812 -1 787.9362182617188 563.396728515625 3145 836.9512939453125 562.516357421875
0.9999081931349559 0.0025527650953830485 -0.012691517390552142 -0.0040017593982039626 4.255127097790282 -0.4020242275432812 -0.38946918643688916
552.7022705078125 3559 780.0606079101562 590.27294921875 3195 783.1486206054688 594.8569946289062
0.9999303330018895 0.0029813901633664684 -0.009652127668184246 -0.0061054800713259295 4.200980658160112 -0.42513568053969436 -0.40852957068969353
547.5438232421875 -1 800.7200927734375 550.3539428710938 3559 822.2874755859375 554.903076171875
0.9999381395334652 0.0037872879635981677 -0.007890157750803439 -0.006864325669762454 4.133998585772521 -0.43385186134998266 -0.43176083868130466
553.218017578125 3176 840.8916625976562 590.2988891601562 2924 697.7315063476562 484.45269775390625
0.9999130614656245 0.005179850206029367 -0.00873748537018294 -0.008408032569578375 4.064054745775632 -0.44664725104929426 -0.43478052965535235
516.5863037109375 3144 755.1118774414062 544.5117797851562 -1 757.7844848632812 557.8331298828125
0.9999040157976608 0.0059111222110589225 -0.009734137391382592 -0.007890779122699892 3.9999534702676702 -0.4355049133140122 -0.4967877127257831
557.9251708984375 3119 800.3497314453125 557.9251708984375 3146 555.1116333007812 571.5765991210938
0.9999053038009339 0.0027899749801091845 -0.010786227414478941 -0.008078166161693304 3.954413154899258 -0.44760824441951225 -0.4986921389880907
530.5792236328125 -1 736.1862182617188 563.4697265625 3140 742.9160766601562 581.7540893554688
0.9999224846522546 0.0020292492917233975 -0.010830994022970084 -0.0057962403890836935 3.91086708691758 -0.42687446558218745 -0.4576200158720054
0.5 -1 0.5 0.5 -1 0.5 0.5
0.9999365106036121 0.0008661718004361223 -0.01029634178705216 -0.004495537130172592 3.8586142195857698 -0.4142878274313838 -0.4812538535000852
571.0363159179688 3143 767.4367065429688 571.0363159179688 3142 770.311767578125 621.2916259765625
0.9999545536973793 0.0003500905129035595 -0.009046823429312081 -0.0029871327969853345 3.807105335825747 -0.3949398001935084 -0.4868898766053121
564.6488647460938 3117 703.9417114257812 569.8836669921875 3140 704.9298095703125 577.5523681640625
0.9999547022888475 -0.0004328383131756015 -0.009359253638494866 -0.0016764226040568656 3.756200137088471 -0.379488342290381 -0.5035992020126964
588.6958618164062 -1 669.8707885742188 588.6958618164062 -1 766.8501586914062 617.09716796875
0.9999414144899542 -0.0006298754268429895 -0.010789800690278458 -0.0005924912154902844 3.698150273508539 -0.3718138333425873 -0.4928888307572175
569.463623046875 2881 670.5476684570312 589.8648681640625 3893 653.0763549804688 789.7200317382812
0.9999154620757025 -0.0016126030430303729 -0.01280049958869317 -0.0016172271455286637 3.646276935944442 -0.3878230675805209 -0.45859909043839375
571.8302001953125 3140 751.459716796875 619.8483276367188 -1 751.459716796875 619.8483276367188
0.9999208109227383 -0.005137904308652314 -0.011077384614506686 -0.0030439075266557743 3.599094935961314 -0.4110440071012332 -0.4769274909576673
597.31591796875 1951 916.7694702148438 597.31591796875 1055 828.7807006835938 609.5414428710938
0.9999180258657591 -0.00555329034016162 -0.010789326500478329 -0.004085700525880423 3.545980999353826 -0.4123980997732698 -0.4729001739804826
596.0447998046875 2879 817.7219848632812 611.2664184570312 2880 633.2369995117188 574.1507568359375
0.9999126144785166 -0.006771615850180247 -0.011342945440922231 0.0004961997979198201 3.507001491769188 -0.3848767236694027 -0.47687811702489674
600.767333984375 1055 894.9085083007812 600.767333984375 1951 903.5021362304688 610.1681518554688
0.9998818534494529 -0.00733410894892183 -0.013268802473447692 0.002535521511009565 3.4881684053472344 -0.3696397157198949 -0.5124239497315667
558.3147583007812 -1 803.9140625 555.9891357421875 -1 857.506591796875 582.3980712890625
0.9998750827620336 -0.009079895677076079 -0.012188630938445636 0.004337238978462683 3.4649889834681167 -0.363246449933705 -0.5032751407912789
619.5994873046875 -1 768.975341796875 620.1174926757812 -1 768.975341796875 620.1174926757812
0.9998181599944348 -0.011986450254609905 -0.013351928612085489 0.006457395603069927 3.415611488178451 -0.35097328905816516 -0.5450036756340816
419.447021484375 779 666.6287841796875 552.3942260742188 -1 805.96630859375 571.208740234375
0.9997541102474052 -0.01277354298335258 -0.016534397050291166 0.007427607774703463 3.363891304041218 -0.3442157320985072 -0.5369018638860511
430.1597900390625 -1 766.7410888671875 537.3336791992188 1044 845.37158203125 629.2588500976562
0.9996903595471528 -0.010221950254686939 -0.02071937109416066 0.009241451343683742 3.3045691451766523 -0.33240576680213946 -0.48721250500517965
0.5 -1 0.5 0.5 -1 0.5 0.5
0.9995479530266903 -0.009174877149932347 -0.028057115891172768 0.005701708279657837 3.259873309595279 -0.35488515973166335 -0.4466180012004932
591.2390747070312 -1 819.3244018554688 603.9767456054688 1951 819.3244018554688 603.9767456054688
0.9994756287325425 -0.010182279519256479 -0.030644468654743535 0.0023885757993394245 3.218419659501614 -0.3735924167124559 -0.4255129815889175
622.4576416015625 -1 805.8701171875 605.5855712890625 1055 837.0241088867188 619.5130004882812
0.9994292119585899 -0.012069885062477251 -0.031526548640171 0.0012825323581163778 3.197949783006151 -0.3851812760024201 -0.4260385350567186
596.5919799804688 -1 930.2120971679688 596.4046020507812 -1 930.2120971679688 596.4046020507812
0.9994194413609819 -0.010326783149469563 -0.0323483199049533 -0.00277920470883601 3.1732945088273565 -0.4005407167649663 -0.39094491411234394
622.4324951171875 -1 795.6732177734375 606.8056640625 1055 795.6732177734375 606.8056640625
0.9992774602722121 -0.010190909582794963 -0.036180701301793634 -0.005626687045101344 3.151925917674885 -0.4162597944866646 -0.3568802645280373
614.8920288085938 1053 785.9474487304688 614.8920288085938 -1 945.17236328125 361.9951477050781
0.9992422102456169 -0.010445908857699077 -0.0373505899307325 -0.003289632717669313 3.1216920711704748 -0.40625438493738203 -0.33693910803436494
615.1179809570312 2829 786.4917602539062 615.1179809570312 -1 804.3080444335938 360.725830078125
0.9992882404975416 -0.01000652523201823 -0.03630375100087668 -0.0022179989573731275 3.0874676034580366 -0.4043162020123504 -0.3536677595939594
592.7489013671875 1019 883.9313354492188 601.7981567382812 777 771.9529418945312 604.5252685546875
0.9993593024660399 -0.0076382131315738495 -0.034764974259995036 -0.0037468439317387497 3.038395753736541 -0.41285632990185034 -0.35740172977706264
589.012451171875 1019 789.28125 603.614013671875 914 793.6279907226562 614.7625732421875
0.9993646204576419 -0.005815887127257855 -0.034412433658977774 -0.007232927771165521 2.9511718598166006 -0.45245137123374607 -0.38223887483899815
465.12762451171875 265 771.4885864257812 596.6646728515625 914 746.0570068359375 603.6822509765625
0.9993803986154958 -0.002930748149199077 -0.03362591572319424 -0.009976340521227952 2.895455043038844 -0.4698455511817341 -0.4183307690197445
465.6654968261719 -1 740.1782836914062 465.6654968261719 -1 852.9012451171875 575.3338623046875
0.9993890318542048 -0.0007200027330326967 -0.032515404569926395 -0.01279816671378181 2.8331744347566654 -0.49012673013258945 -0.42174160037317615
0.5002295970916748 -1 841.775146484375 558.3800659179688 -1 839.08642578125 570.6756591796875
0.9993648443012672 0.0006401170290768354 -0.03283249183752574 -0.013839281218047249 2.7739482759289746 -0.4950141161370777 -0.4192855819368142
424.9439697265625 688 858.5830078125 469.9703674316406 726 910.2713623046875 525.6860961914062
0.999333020278204 0.0011614416195172602 -0.03407282372928847 -0.013084659648611241 2.733281429599288 -0.48343226172921405 -0.4093520967783126
614.28564453125 262 666.2635498046875 752.0824584960938 1132 817.4615478515625 425.9964294433594
0.9993712550101717 0.0002741834369572954 -0.03376214014526392 -0.010823002155086851 2.6856866565824404 -0.4699926061856316 -0.4178732581592946
600.3311767578125 913 881.4423217773438 616.6234130859375 -1 873.4387817382812 429.5807800292969
0.9993655706429926 0.00022720282821708893 -0.03447163265041735 -0.008950482372219312 2.6504616961070937 -0.455928222473878 -0.4055850391568706
709.8858032226562 -1 826.6928100585938 527.3677978515625 871 826.6928100585938 527.3677978515625
0.9994363806609474 -0.0004769408566801071 -0.03269415639798997 -0.007601689035266598 2.60673357928082 -0.4498296280574725 -0.39866357082446285
476.5956726074219 -1 791.1091918945312 431.1607360839844 688 874.6964111328125 459.0143737792969
0.9994568559606353 0.0001293542325426747 -0.03230199306031685 -0.006523617485399895 2.5664257356275963 -0.43247571877153357 -0.37989258827116706
513.131591796875 -1 852.3851928710938 621.5369873046875 -1 873.9119873046875 681.460205078125
0.9995051676674378 0.00024661947643975256 -0.030945118853595313 -0.00563547726973787 2.512247074656355 -0.4213475958388936 -0.35636862459302854
451.01556396484375 259 805.9495239257812 479.8019104003906 726 796.39111328125 532.8007202148438
0.9994744543628162 0.001435623394013681 -0.03184970500537526 -0.005860917393377505 2.474748877272863 -0.4234276583004966 -0.350161787898478
645.000732421875 -1 890.5609130859375 682.1347045898438 687 761.4871826171875 434.2267761230469
0.9994765578017312 0.002062648337539677 -0.03181595881941007 -0.005486406022149456 2.4295282583867923 -0.42651115419121965 -0.36412384253325575
545.8572387695312 -1 691.681640625 545.942138671875 -1 691.681640625 545.942138671875
0.9994573970024917 0.0012106048741933545 -0.032523722591621514 -0.005064926616021501 2.37620443422636 -0.4316128192347745 -0.36656289632919253
543.4948120117188 -1 715.8717041015625 675.6515502929688 -1 715.8717041015625 675.6515502929688
0.9993896674158198 0.0021705546258279948 -0.03452143303676365 -0.004883852598291174 2.3297227705892056 -0.42857443259192834 -0.3846734826462484
559.8954467773438 -1 807.8953247070312 484.08221435546875 668 802.3970336914062 489.38751220703125
0.9993705232305643 0.0022141643667179024 -0.03517122686157823 -0.004079163526625382 2.2952306782534593 -0.4319800781755081 -0.3500330199590543
483.620361328125 668 799.514404296875 483.620361328125 -1 822.8264770507812 581.3697509765625
0.9993476559802043 0.00225887010886044 -0.03600672341867755 -0.0016358060256205834 2.2665138253144566 -0.4312140918077384 -0.3811411508165875
628.9794311523438 -1 788.364501953125 700.7691040039062 -1 793.9165649414062 444.85015869140625
0.9993408723005667 0.004062635884351972 -0.036073411238506076 0.00015792666426014281 2.2273565136823565 -0.4210402304663141 -0.3652798289105967
24.5 -1 18.0 24.5 -1 0.5 0.5
0.9994050846493948 0.002078606496605647 -0.034350500264410014 0.002280198139003191 2.1970057206032543 -0.43138939952188965 -0.37350179883390305
540.6558227539062 -1 773.4612426757812 408.93438720703125 690 780.554443359375 440.8497009277344
0.9994725429698518 0.003910701448628879 -0.03172663464539498 0.005723890078884623 2.1603057551582627 -0.41863363525467423 -0.3742250634185682
474.9537658691406 668 773.6265869140625 474.9537658691406 -1 796.892578125 557.7783813476562
0.9994054109814877 0.003139146648590513 -0.03048847942577555 0.01579312766827381 2.1251981365169197 -0.37674697678940217 -0.3877418667959652
574.22900390625 417 773.0271606445312 592.0775146484375 -1 771.0507202148438 439.71173095703125
0.9993317482537536 -0.001601184343109122 -0.030543246433100142 0.020015075271474655 2.0829601575063146 -0.36254727421028804 -0.3541470185731357
559.3701171875 -1 1281.642578125 558.971435546875 -1 1283.28076171875 561.8837890625
0.9993325297263697 -0.003909159747305787 -0.03270362427560718 0.015801470184905284 2.00931343827715 -0.3881796287939869 -0.3335320719696526
582.6637573242188 260 1061.53369140625 421.85418701171875 497 1061.53369140625 421.85418701171875
0.9992765521608331 -0.0043852746222899875 -0.034957790695567766 0.01432112208347534 1.9542993596165932 -0.3879724616844528 -0.3536948497909903
604.3163452148438 14137 1140.9564208984375 569.9075927734375 -1 1140.9564208984375 569.9075927734375
0.9992357841711508 -0.007096339149183612 -0.03643957734662724 0.012233021104552896 1.9006189296779423 -0.38371844489253587 -0.33371861495101385
585.4521484375 1289 722.160888671875 590.7877197265625 417 718.6727905273438 594.061279296875
0.999192375172421 -0.008370679927278572 -0.03824743500507292 0.009036748883529547 1.8654610128319715 -0.38581075873312487 -0.3371662191048236
689.429443359375 -1 842.5540161132812 542.3497314453125 -1 714.2456665039062 571.36376953125
0.9990722924205625 -0.011097872860156044 -0.04160386015108605 0.0007145320361213546 1.8043941874906544 -0.41990526631321734 -0.31339856152073853
600.9136962890625 260 826.929443359375 550.4749145507812 590 860.0440063476562 550.491943359375
0.9988694950232629 -0.011675477786875485 -0.046037848439726005 -0.001982836720648915 1.7409935159317058 -0.4398668717095733 -0.30179499523223874
592.06982421875 -1 899.8341674804688 592.06982421875 -1 715.11767578125 576.5580444335938
0.9986497949916548 -0.009160565327450977 -0.05098805661839268 -0.003858638138905881 1.6800479725151558 -0.46103712046133255 -0.28215843227628506
542.7171020507812 -1 824.5794067382812 569.9078979492188 -1 823.0643920898438 572.0859985351562
0.9986591994087292 -0.005541368655736425 -0.05130486319639993 -0.004111895200042458 1.6139992053342322 -0.4775765463298891 -0.25790458829289176
544.2710571289062 -1 748.9691162109375 545.9819946289062 -1 733.169189453125 547.146484375
0.9986413526785531 0.0005863550516878818 -0.051540525159269476 -0.0076602333130108904 1.5455525418602947 -0.47999076221462367 -0.23011578075332448
531.5288696289062 -1 655.6527099609375 532.9239501953125 1244 646.71435546875 528.9441528320312
0.9986004594975966 0.0013831423879719575 -0.05204726316035133 -0.009289327523607761 1.4699498439910517 -0.5003481429836992 -0.2092192215960752
516.408935546875 1244 579.6958618164062 518.3352661132812 -1 580.4303588867188 521.3765258789062
0.9986005755215875 0.0035159669254702726 -0.05169233983377484 -0.01060332716852963 1.3991801981566085 -0.5088163057067807 -0.23644252916280656
510.3824157714844 -1 486.9588623046875 515.0654296875 1302 835.4607543945312 629.4471435546875
0.9985494881921605 0.005104073140424255 -0.05213265912827864 -0.012452064919770684 1.3303922439850833 -0.5151883128968364 -0.22373363152788348
510.4163513183594 1400 390.2368469238281 510.4163513183594 1401 404.9889221191406 513.7701416015625
0.9985850455445608 0.006819488314972702 -0.05102439569703525 -0.013338382122344075 1.2535034854731384 -0.510524675147434 -0.25906701878715394
0.5 -1 0.5 0.5 -1 0.5 0.5
0.9985554892122512 0.008721033701964667 -0.05068410453387696 -0.01555635184900092 1.1870545113087583 -0.5087468308059635 -0.2714877229553275
519.0702514648438 -1 849.0315551757812 625.7875366210938 1513 246.76849365234375 516.1708374023438
0.9986364764961528 0.008749215217714322 -0.049367876642022177 -0.01454138233735144 1.1371405046192002 -0.5172846632555212 -0.22380124867400006
509.9030456542969 1434 717.43896484375 544.906982421875 -1 717.43896484375 544.906982421875
0.9987320681345976 0.009849738331122562 -0.04744538878274613 -0.013644552673211073 1.082882054925693 -0.4888366186318563 -0.1877432264094321
434.397705078125 1429 817.0999145507812 484.2177429199219 -1 836.4014282226562 512.5032958984375
0.9988230355305088 0.008984261904367897 -0.04580570730316318 -0.01317816034622405 1.0261041776833844 -0.4712231572746964 -0.2060669829841619
519.655517578125 1434 927.6027221679688 483.8245544433594 1435 789.8451538085938 502.0397644042969
0.9988419621738468 0.005314008396618543 -0.0467461572467483 -0.010064427361889358 0.9820652596455184 -0.4737629340112824 -0.21058628406696328
635.9484252929688 -1 823.4126586914062 523.0594482421875 1434 794.2538452148438 427.1523132324219
0.9988569767353125 0.006650333978711568 -0.04641589165807983 -0.00927782769555843 0.9416661955883562 -0.46761101068152605 -0.21870437127251544
640.27978515625 -1 821.5888061523438 496.5970153808594 -1 644.2855224609375 521.0748901367188
0.9990071250143531 0.005775570888866219 -0.042973311880064924 -0.010232371060671094 0.9051383599049986 -0.48744252112835285 -0.20347990601705046
635.8073120117188 -1 752.1284790039062 444.4639892578125 -1 896.89453125 478.2165832519531
0.9991603371561074 0.010685228152867446 -0.0389725705385039 -0.006751688606297037 0.8721980610715998 -0.47272699650882577 -0.25799795058385044
527.226318359375 -1 786.5227661132812 627.4842529296875 1513 779.1945190429688 418.74505615234375
0.9993583668749059 0.012745508172882768 -0.03346930159714736 -0.0004609003529687106 0.7708597988133324 -0.5257501293835509 -0.2970566295344495
613.1836547851562 -1 764.8604736328125 401.437744140625 1373 769.4307250976562 610.51220703125
0.9991730560560085 0.012650081633982135 -0.036504074716756055 0.012674068621555765 0.6937387492590611 -0.525728704753043 -0.2211201243935257
13.0 -1 31.0 15.0 -1 849.06298828125 536.8075561523438
0.9991202542989585 0.011766372572952648 -0.03736299157517582 0.01497587348412024 0.6254017657190751 -0.5325485873589512 -0.13574387990042033
603.7451171875 1513 813.1388549804688 559.7702026367188 1477 795.7324829101562 411.8121643066406
0.9989987872852092 0.012095573093308444 -0.04110446284154381 0.012866361130245314 0.5892642094761281 -0.5442375139015968 -0.14394106931811373
601.3164672851562 1513 713.117919921875 394.2916259765625 1373 786.8235473632812 414.6324768066406
0.9990147816323038 0.013339083733636998 -0.04181999487392384 0.006528625739935663 0.5402990519326007 -0.5440767672756504 -0.21308280901992888
458.418212890625 -1 736.3112182617188 468.9320373535156 -1 808.1473999023438 533.7320556640625
0.9989535857848897 0.012057581300067512 -0.04397419626145848 0.00355221675324001 0.4921977893017134 -0.5313486517383638 -0.1493680298047212
464.0447998046875 1435 808.4237670898438 530.591552734375 -1 690.3999633789062 607.61962890625
0.9988645499731719 0.007370598792843584 -0.04702623632092225 -0.0019540158178834584 0.42844987458565853 -0.5386746441554461 -0.07865394795464212
469.6083068847656 1435 735.9039916992188 419.5371398925781 1851 774.900146484375 561.6924438476562
0.9987664559683299 0.0064809642826672825 -0.048956140111723286 -0.005182651810628321 0.35356920030344735 -0.5151661676553912 -0.1535506621449289
476.44671630859375 1435 741.856201171875 569.3701171875 1353 716.1527099609375 426.6330261230469
0.9988443830368193 0.006462171973468343 -0.04744444569553354 -0.00414287120542916 0.26456225190704347 -0.4934733007475854 -0.19468670448770967
0.5 -1 783.7495727539062 486.99871826171875 -1 752.3213500976562 548.2030029296875
0.9989370180356437 0.005652043665260216 -0.045367894075908514 -0.005885795407519809 0.191598015697862 -0.4912217469494145 -0.2508382406283113
630.4929809570312 1513 728.7239379882812 483.8667907714844 1435 925.4539184570312 534.2991943359375
0.9989996206736487 0.0032272655273689237 -0.044017826545716975 -0.007195387224687187 0.10611351565528333 -0.4997310429807837 -0.22942878261988559
506.3460388183594 -1 754.5326538085938 506.3460388183594 1842 724.4730224609375 512.8574829101562
0.9989991282214109 0.0030732165841486107 -0.043862415378594415 -0.008208877502053822 0.02804555909846742 -0.4980654789685058 -0.23973331519985205
730.845703125 2058 855.1167602539062 344.9932861328125 2342 797.6073608398438 360.56146240234375
0.9988934012138961 0.0026308233744329244 -0.0463185432337536 -0.007722974324055834 -0.05144931479696955 -0.5069308042560542 -0.20327598758055315
0.5 -1 814.361328125 378.03131103515625 2127 725.174072265625 447.17425537109375
0.9988196468235399 0.003046957901948314 -0.04783998497040348 -0.007833581867484956 -0.1269358347470857 -0.5168312267059214 -0.13503712925655081
440.4095458984375 -1 757.9381103515625 357.32745361328125 2153 921.8191528320312 422.114013671875
0.9987298699077277 0.005077947444900152 -0.04929148492462838 -0.009122001850754145 -0.17294425214332768 -0.5193108390768394 -0.18276933388219752
342.93463134765625 2270 799.0357666015625 342.93463134765625 -1 890.0491943359375 585.666748046875
0.9988299718330795 0.007003019892865654 -0.046846684160656134 -0.00974850057502927 -0.22911921269312627 -0.5259678647448012 -0.17035708200859037
590.8833618164062 2328 779.4708251953125 725.8523559570312 2175 788.5899658203125 334.97955322265625
0.9987930002900647 0.008475196695097777 -0.04731079202494836 -0.010119415522778402 -0.2738580351831508 -0.5338433243981566 -0.1468784989166669
551.92236328125 2375 935.92529296875 598.5116577148438 -1 704.0397338867188 331.93853759765625
0.998892509170279 0.008243337558856107 -0.04522292452213267 -0.010034421112371386 -0.3167779731932559 -0.5385569189279787 -0.16171653690790536
560.3790893554688 -1 769.8858032226562 330.35491943359375 2342 771.9947509765625 333.33062744140625
0.9990031591872791 0.008778636021860594 -0.042528848593421154 -0.010340237944525875 -0.3536157434889615 -0.5277952818388659 -0.137880118571436
600.8440551757812 -1 767.45751953125 335.18212890625 2270 763.3380737304688 340.4484558105469
0.9991531663370952 0.009378160510502824 -0.039046208419337244 -0.008966265224164244 -0.40180208343233004 -0.5226285986252011 -0.1531560479665725
333.4109191894531 2271 759.279541015625 333.2983703613281 2342 759.279541015625 333.2983703613281
0.9992145925354877 0.009951032776494883 -0.037534257457027854 -0.007896488331531457 -0.44562826570895453 -0.5143802727424223 -0.16356482427740734
559.9844360351562 2414 739.1013793945312 334.3515930175781 2271 754.2994384765625 337.0208740234375
0.9992928161405376 0.008501188999479844 -0.03612525256497795 -0.00604677787135063 -0.47563905567081455 -0.5094312325499915 -0.17568280404789055
5.0 -1 0.5 0.5 -1 0.5 0.5
0.9993322563641934 0.007534736843865095 -0.03526675678886008 -0.0058757975066419 -0.5244531388101515 -0.51270411467608 -0.15589937680334445
341.3706359863281 2270 737.4707641601562 337.487548828125 2342 843.8505859375 420.3680419921875
0.9992767440773049 0.008543304048146487 -0.03666293918331349 -0.005369319569747735 -0.567544493456514 -0.5099867019890786 -0.17097659519043618
665.7940063476562 2305 726.2991943359375 337.2082824707031 2342 869.51123046875 409.3183898925781
0.9993396229775292 0.007371408064620835 -0.0350844081485199 -0.00592153655252991 -0.6287859018086326 -0.5220157626113212 -0.15613812062162988
562.562255859375 2414 715.6564331054688 340.0243835449219 2270 715.6564331054688 340.0243835449219
0.999423278290981 0.007101553931344354 -0.03276083019310454 -0.005422798809403928 -0.6966742094966906 -0.5301286040140188 -0.1414541461385925
0.5 -1 0.5 0.5 -1 0.5 0.5
0.9995233829533042 0.007531178029023229 -0.029938062014754453 2.7016259614313923e-05 -0.7776869163305951 -0.5379529748947983 -0.1445658001665922
25.0 -1 694.264892578125 332.4627380371094 2342 839.2334594726562 401.5839538574219
0.9994776343848174 0.008264564505539628 -0.031158000152018927 0.0023096243395789666 -0.8283558053980031 -0.5420694694655307 -0.12420711459353645
564.5253295898438 -1 869.9515380859375 575.904296875 -1 811.5213623046875 564.7280883789062
0.9995436549595738 0.008339902349764994 -0.029033219854521515 -1.931913532177279e-06 -0.8946940928333105 -0.5377461399010656 -0.12743975410285852
578.0568237304688 2638 822.3175048828125 580.5697021484375 -1 845.8912963867188 601.4799194335938
0.9996269561013984 0.0041722193034973275 -0.026986879191948105 -0.0004995728332223858 -0.9844634600317905 -0.5292369500992559 -0.15905218971537785
576.2443237304688 -1 763.1982421875 421.3848571777344 2306 770.32373046875 423.6960144042969
0.999559835237092 0.002178685363677554 -0.02956465589057499 -0.001149013905696351 -1.0702446291629748 -0.5086128908891023 -0.1273458359282844
436.33233642578125 2512 758.4447631835938 497.2336120605469 2325 758.4447631835938 497.2336120605469
0.9994534258516856 0.00014949222559053614 -0.033050902112204746 -0.0006819640556168959 -1.1268541587138836 -0.4908936312830067 -0.09359011993776976
11.0 -1 22.5 11.0 -1 703.845947265625 469.04510498046875
0.9993336522832469 -0.0040764083495509005 -0.03622300799197394 -0.0018782974226302714 -1.1694557334724769 -0.47580146721239047 -0.059978609028483815
605.7066650390625 -1 787.0291137695312 632.378173828125 -1 925.6837158203125 413.6708679199219
0.999237288888992 -0.00814059636107387 -0.038185704267009096 -0.0006505184822844875 -1.230094130546449 -0.4627202879717584 -0.0658328017741518
428.0517883300781 -1 773.3796997070312 616.2736206054688 2638 908.9401245117188 423.2655334472656
0.9990744893136023 -0.009660649810529724 -0.04099761893751311 -0.00871962668109641 -1.3179207146719798 -0.43051814984290365 -0.11633885298352505
463.20501708984375 2511 751.6009521484375 620.916748046875 2638 895.0040283203125 650.581298828125
0.9990319989160665 -0.009413283998427306 -0.04168788194102286 -0.010419967629742467 -1.3841702385074153 -0.42507591880234474 -0.10425660543309542
430.6202697753906 -1 866.809814453125 430.6202697753906 -1 884.17822265625 614.8810424804688
0.9990664014056536 -0.009505694310675501 -0.04120498108130382 -0.008838376101907804 -1.481515528767673 -0.45318896987269786 -0.07038405930500033
423.0218811035156 2662 1250.50634765625 519.1368408203125 -1 1250.50634765625 519.1368408203125
0.9991626965038801 -0.008243303374571881 -0.03999425933046354 -0.0025324069929332626 -1.5890476110519924 -0.4857112954448873 -0.07114264919691345
605.6251831054688 -1 696.1412353515625 605.6251831054688 2231 1003.8042602539062 605.3330688476562
0.9991175796444732 -0.008210166124594659 -0.04118095980600253 0.0008853061803085892 -1.690379665134356 -0.5285311321462963 -0.06551551978006236
623.3334350585938 2720 819.4761962890625 623.3334350585938 2581 761.04296875 628.4404296875
0.998983611507086 -0.008483146002363514 -0.04424604620695288 -0.0014379044524415899 -1.794311551406672 -0.5612253663534766 -0.01843158224529359
566.4472045898438 3958 759.2980346679688 601.0435791015625 3971 761.0886840820312 597.2925415039062
0.9989671671170302 -0.0056272358578181554 -0.0450860488936517 -0.00042595062551566815 -1.8747441570758057 -0.5958318160726376 0.016013123730696147
592.5662231445312 3966 798.5259399414062 605.198486328125 -1 701.8296508789062 626.6751098632812
0.998992235004165 -0.002832046323939759 -0.044755285032960106 -0.0018596711055421122 -1.9324630324584045 -0.6091213822151281 -0.00730414639207184
649.9830322265625 -1 813.0053100585938 649.9830322265625 -1 764.7379760742188 575.186767578125
0.9991068177704622 -0.002255130404363801 -0.042063755970336285 -0.0033348920683975896 -1.9954528997033687 -0.6285956095330728 0.03017851458859876
579.991943359375 3966 790.99658203125 573.5215454101562 3964 726.2029418945312 378.83917236328125
0.9991544191108557 -0.0015078208417904707 -0.04098773541147793 -0.0028598589819076935 -2.0551533501475676 -0.6464307884009926 -0.007949982995755228
576.083740234375 4058 779.9732666015625 569.154052734375 3964 794.8238525390625 570.211181640625
0.9990719091289701 -0.0008200092130336884 -0.043049537115765354 -0.0011769997467236154 -2.1263978691943035 -0.6616699901552924 -0.037189245268812114
599.8887329101562 -1 745.565673828125 573.93505859375 3966 871.9497680664062 576.484619140625
0.9990088576893811 -0.0011161680305126671 -0.04448835159688131 0.0009181499213607999 -2.162247272808865 -0.6740318517048236 -0.031042010856101983
580.0335083007812 -1 799.619140625 561.1405029296875 3967 789.5953979492188 562.9833984375
0.999034030474961 -0.0004363033854241519 -0.043831160332204494 0.003105636205895653 -2.2042920773867714 -0.6771188941256395 -0.04981553227007403
573.8089599609375 4154 854.6492309570312 573.8089599609375 -1 808.080078125 544.7932739257812
0.9990806075678638 0.0009380828438790917 -0.042567903768959435 0.0050033140140210335 -2.2409308281708396 -0.6708575666638574 0.013507784464063331
559.8953247070312 -1 820.5989379882812 559.8953247070312 -1 899.0550537109375 517.05126953125
0.9991739930365543 0.0007569513749515842 -0.04007278111144117 0.006703049902710364 -2.2925738816426966 -0.675994214909612 -0.017291222392802886
570.9837646484375 -1 840.1173706054688 577.0755615234375 4154 834.8905639648438 556.72265625
0.9992015577028629 -0.00045062484436669896 -0.03884581878646735 0.009329865177540156 -2.3533797186494296 -0.684242623829476 -0.03760145272085215
608.4008178710938 -1 792.322509765625 621.893310546875 4116 719.2388916015625 569.7599487304688
0.9991383394366237 -0.0018018417609675238 -0.04019852094964999 0.010169117343968331 -2.4121506167925317 -0.6803100038753772 -0.10689504332121409
588.1124267578125 -1 705.4829711914062 573.1511840820312 3964 873.5944213867188 579.673095703125
0.9991159920250025 -0.004047903387656223 -0.04029750824733168 0.011267643370101242 -2.487374213768312 -0.6860642446041523 -0.054192215072558586
589.24169921875 4056 1099.5587158203125 630.9380493164062 -1 1267.78076171875 734.0890502929688
0.9991013324750644 -0.0025906032519772736 -0.040772902777352404 0.011286568143161892 -2.559094944853534 -0.6734500882926219 -0.07070338401040092
528.44775390625 4434 754.7032470703125 547.3744506835938 3958 764.0819702148438 572.5953979492188
0.9990428838800489 -0.0024768631519941258 -0.04203695617330115 0.011835355222618377 -2.629979975756441 -0.6733190204826981 -0.1141039428983079
603.1288452148438 -1 1075.90380859375 744.56298828125 -1 1075.90380859375 744.56298828125
0.9990094338182565 -0.002752445735136234 -0.0427564876416078 0.012019066068337666 -2.706450399874949 -0.6654069331512507 -0.10070764452146173
448.8780212402344 -1 879.4508056640625 530.3963012695312 4156 808.9999389648438 586.3472900390625
0.99890766460605 -0.005841699981655687 -0.04435062808115214 0.013504588902252285 -2.776521249243941 -0.6770019301201888 -0.047886370000869774
610.450927734375 -1 858.1287841796875 768.6923217773438 -1 858.1287841796875 768.6923217773438
0.9987796397562009 -0.0051237501462776565 -0.04701289639836886 0.014239591467046812 -2.8360004299008392 -0.6701955768130611 -0.05262975510516424
454.1422424316406 -1 815.150634765625 454.1422424316406 -1 775.46728515625 590.8395385742188
0.9987337091678211 -0.006353587941574837 -0.047696618833146166 0.014684775927481535 -2.9099523322266063 -0.6698957389727803 -0.042444914528939295
616.3781127929688 4548 675.709228515625 783.7825317382812 -1 675.709228515625 783.7825317382812
0.9986958749109807 -0.00620096280657918 -0.048399775991963906 0.015018627766544942 -2.9551663569140776 -0.6684837277167613 -0.08241369904879584
581.1705932617188 -1 788.6566162109375 457.1744689941406 4408 881.4194946289062 563.545166015625
0.998708920853972 -0.005800206238685791 -0.04825274956152719 0.014782461704190796 -3.0079971043413543 -0.6691417525999861 -0.06983348886353456
558.2733154296875 4471 548.4820556640625 784.0796508789062 -1 548.4820556640625 784.0796508789062
0.9987349920472745 -0.006801759168323501 -0.04737038112020584 0.01543368799326353 -3.0649636261362834 -0.6806362836985493 -0.07765451506458419
22.5 -1 0.5 0.5 -1 0.5 0.5
0.9986989620770096 -0.008518203608158102 -0.047521079604701866 0.01641859758924076 -3.11621663309295 -0.6954388495589865 -0.09523299993321599
471.0990295410156 4603 780.0745239257812 537.4052734375 4156 631.227783203125 557.9669189453125
0.9987046181587605 -0.006834169155051479 -0.0475560517240495 0.01675714011232172 -3.1677967055531067 -0.69586355703715 -0.07904050731762603
602.3414306640625 -1 745.6962280273438 454.43817138671875 4549 797.2552490234375 499.69561767578125
0.9987390735670637 -0.0065211701633029655 -0.046883565237339116 0.01672329455403185 -3.2129144943954078 -0.7063399049912107 -0.08835545514673691
451.5740661621094 4549 811.6087646484375 495.6321716308594 4550 673.6373291015625 533.2606811523438
0.9987449379718168 -0.005201000268455312 -0.04672271067029601 0.017276769938248636 -3.255525467988874 -0.711402588536958 -0.08543948559535722
610.04248046875 4548 728.3831176757812 449.34588623046875 4549 801.2742919921875 493.3995361328125
0.9987909011750905 -0.006071356642088034 -0.04572151920671372 0.017012261454766427 -3.3184377354746557 -0.7222048933148162 -0.09280544990830641
814.1784057617188 -1 716.594970703125 447.9202575683594 4549 789.8179931640625 601.158935546875
0.9987111925483687 -0.006306275981374938 -0.04757291127794392 0.016522798625017647 -3.3678742530039862 -0.7339127899770415 -0.07421461227234928
562.9295043945312 -1 809.8098754882812 559.6790771484375 4474 664.07666015625 581.3599243164062
0.9986051912718289 -0.005472661051510001 -0.0493341380677786 0.017996243137903982 -3.4206308741774123 -0.7550054700750096 -0.07244298143076133
548.040283203125 4472 870.9536743164062 617.0125732421875 4553 861.7685546875 618.6830444335938
0.9984645803258896 -0.0052646725033484686 -0.05160727827819023 0.01942817250271195 -3.462464217278248 -0.7672453431628627 -0.13808822658619044
570.7626342773438 -1 697.38623046875 521.4580688476562 4156 778.9404296875 570.98681640625
0.9983682666618119 -0.008783946036909976 -0.052472771778104214 0.020742580279055345 -3.5167497110787056 -0.7835359564744737 -0.11757129292044508
621.97021484375 4902 720.5122680664062 464.6669921875 4409 720.5122680664062 464.6669921875
0.9977318841283819 -0.0123898202345726 -0.062333305323507004 0.022184201487336908 -3.5750709612720777 -0.789608041606562 -0.21318467130491917
592.864013671875 4440 808.8505859375 626.6690673828125 6931 822.0140380859375 627.8571166992188
0.9975549855840606 -0.013642108428600206 -0.0650024460744978 0.021739954423569616 -3.6164549438754467 -0.780786876762448 -0.15498455917698847
473.1773681640625 4409 679.402099609375 473.1773681640625 -1 758.8806762695312 484.87896728515625
0.9977016740093856 -0.016550319582360955 -0.06398543770681761 0.01494390718849484 -3.6598662486255056 -0.7177721799020264 -0.13089249509411616
797.4065551757812 -1 751.729736328125 491.17315673828125 4984 721.538818359375 573.072998046875
0.997869531964307 -0.019383255978473624 -0.06227783073907613 0.0014691369720864454 -3.6872115440040627 -0.6009923321135587 -0.15936565752894982
629.1514282226562 4548 792.3847045898438 642.142333984375 6931 796.214111328125 642.3602905273438
0.9980637168285038 -0.023184599080696183 -0.05731330506030177 -0.006817373321480227 -3.739453364190572 -0.5237039321837016 -0.10546742692503265
467.1983642578125 -1 733.4874267578125 467.1983642578125 -1 744.6923828125 507.8984069824219
0.998251348730201 -0.023331949437464337 -0.05387690925678598 -0.006866115547994109 -3.814640559633983 -0.5086930310420275 -0.031623658902279944
513.9631958007812 4989 704.7594604492188 609.9821166992188 4990 779.3007202148438 815.708740234375
0.9984720265490564 -0.022692326976270657 -0.05028653076721027 -0.003152034076709972 -3.916457330904041 -0.5313795815343363 0.02906523056622655
511.04559326171875 4984 983.6636962890625 524.7987670898438 6865 662.6468505859375 575.8365478515625
0.99865743924286 -0.021186411409903756 -0.04724310827343083 -0.0015949097556454284 -4.019128441281244 -0.5441680712758832 0.07561454427601097
22.5 -1 1005.1651000976562 489.1350402832031 5088 755.9335327148438 517.0248413085938
0.9988416188539152 -0.018728569688629123 -0.04418369688194348 -0.003530163247349949 -4.126916932448337 -0.5233999978725533 0.11197227780403934
600.5135498046875 -1 868.4462890625 653.4605712890625 6846 982.3710327148438 486.0064697265625
0.9989829382466575 -0.017593892309746346 -0.04136723479339895 -0.0035065554345881803 -4.221504483254717 -0.5321417564667594 0.12322541777704282
482.29345703125 5088 964.4254760742188 487.13543701171875 5109 958.83642578125 494.7286071777344
0.9990165858266089 -0.015545892182611478 -0.041453994356632565 -0.0023985060918951416 -4.315278352103113 -0.5526062920961426 0.07288771200162343
812.6019897460938 -1 1222.95556640625 812.6019897460938 -1 946.5325317382812 475.50238037109375
0.9990564387320567 -0.01364549149797718 -0.04121690826849499 0.001095108481127964 -4.405311204245933 -0.5958392691501041 0.0378682114462338
451.32489013671875 -1 825.2103881835938 566.2210083007812 -1 885.3860473632812 587.0564575195312
0.9990716945183078 -0.011392868243515727 -0.041424874171813626 0.0031514386163373365 -4.4799692942854445 -0.6101395548600141 0.005811502800936065
470.1165466308594 5088 658.926513671875 496.8579406738281 4634 878.086181640625 578.6431884765625
0.9989709714909826 -0.010272587221992396 -0.04365826426278898 0.0067400320243879005 -4.546934562833869 -0.646641009658844 -0.025717322778128215
585.9419555664062 5424 922.30224609375 597.389404296875 -1 922.30224609375 597.389404296875
0.9990235074909644 -0.00917130601811657 -0.04215691055700052 0.009524364475502095 -4.618525778710141 -0.6815226934968145 0.017375688079578722
493.5453186035156 -1 831.58984375 577.4653930664062 -1 826.9696044921875 580.6572875976562
0.9991270028427578 -0.008867772063414946 -0.0396764013240302 0.009611346786678637 -4.692240180773455 -0.6847420154847098 0.09417986465238469
571.3660278320312 -1 807.2376708984375 572.598876953125 -1 807.2376708984375 572.598876953125
0.9991818874318807 -0.008672978549447945 -0.038727978664805145 0.007776820666818604 -4.755208021594252 -0.6650026969913726 0.13694092617915346
493.0859069824219 -1 1003.5809936523438 494.3212890625 -1 1030.4404296875 511.6270751953125
0.9992139303546498 -0.008293449276328116 -0.0382019797187182 0.0065839828284007 -4.823924143330367 -0.6542033531664455 0.15539502658284543
466.22662353515625 -1 583.073974609375 466.22662353515625 -1 782.5598754882812 579.8873901367188
0.9991896031988017 -0.007752943694061384 -0.03924448552057474 0.004460838455189341 -4.8960919514071275 -0.6286840946976496 0.1754463320785607
707.0090942382812 -1 1329.4246826171875 707.0090942382812 -1 382.2191467285156 759.4696044921875
0.9991488610054103 -0.007389624138800093 -0.04052130777996313 0.0022294892867752384 -4.965531211203444 -0.5961813636934147 0.17854420814409547
497.12799072265625 -1 1171.890869140625 709.840576171875 -1 1017.406982421875 538.5797729492188
0.9991060312703713 -0.007445192220009708 -0.04161083571912068 0.0004957244510163286 -5.024963741836008 -0.5759565485478033 0.1871795562378332
706.5978393554688 -1 722.6640625 503.420654296875 6865 782.3037719726562 584.9283447265625
0.9991034558469444 -0.007394549225071396 -0.04167836234151513 -0.0007206032057492763 -5.086525552570292 -0.5688469654490932 0.20120048093990195
586.0540771484375 -1 764.1690673828125 578.9306030273438 5291 766.34912109375 583.57958984375
0.9990274877963411 -0.006943958686443017 -0.04351993646473248 -0.0013693776682704058 -5.151646080484719 -0.5687310259118759 0.20411490563268375
480.6038818359375 5843 766.906982421875 584.7587280273438 5676 911.338134765625 601.4072875976562
0.9988896403061696 -0.006507901736405222 -0.04664626664241118 -0.0011222799675008638 -5.213083569473288 -0.5785681052453949 0.10702557949300073
487.233154296875 5290 717.2334594726562 587.3871459960938 5208 926.1598510742188 654.5701293945312
0.9988026315952018 -0.006592223901808597 -0.04847200112280029 0.0005575030757209487 -5.265273497132919 -0.6061198209584656 0.12266482851072653
377.1131896972656 -1 693.5162963867188 480.3666687011719 -1 934.0244750976562 515.719482421875
0.9986852469022937 -0.006615485915834733 -0.05079203715493927 0.0020449761498762104 -5.314863813416987 -0.6280977385080628 0.0904574778405305
489.1484680175781 5764 640.7025756835938 494.0206298828125 6865 920.2730102539062 514.5003662109375
0.9986100425280935 -0.005485648290267793 -0.052353630534961525 0.0026434815459368704 -5.369716978821891 -0.6365267346815647 0.021660570185502843
486.9615478515625 5764 844.7756958007812 486.9615478515625 -1 891.2369384765625 513.4266357421875
0.9985688532802401 -0.005206308892380757 -0.053183689148993234 0.0021528620036120293 -5.415234554366805 -0.628860741810862 0.02300817773410468
447.65216064453125 -1 931.7867431640625 462.4347839355469 5725 639.4742431640625 470.7516174316406
0.9986275322201159 -0.005332052601873834 -0.05210195649731699 8.506564519458758e-05 -5.476121244494651 -0.6037393057248497 -0.006243262137377843
459.2963562011719 5088 822.5568237304688 486.8634338378906 5764 883.3692626953125 532.1953125
0.9986548778665942 -0.00556214395680136 -0.051495037525207184 -0.0023997037607190732 -5.543364025932558 -0.5793148998615408 0.028384023341391822
479.05657958984375 -1 869.3414306640625 479.05657958984375 5845 869.0665893554688 530.7667846679688
0.9985833656593732 -0.004017634086259375 -0.052958484698794085 -0.0032433536894743266 -5.60466705903772 -0.5667256928897983 0.009530520333758162
455.2292175292969 5842 587.6458129882812 470.2320251464844 5843 619.1640014648438 573.5352783203125
0.9985287300849708 -0.0032049186122695174 -0.054022140036772116 -0.003422291254649871 -5.666775530160109 -0.5608101539124158 -0.06580383472467712
486.079833984375 -1 837.697509765625 528.664306640625 5875 1004.4913940429688 604.9265747070312
0.9987460690631432 -0.0016515629778834282 -0.049893307738824416 -0.0037709035426862956 -5.754219544251245 -0.5446929233372393 -0.05376141833942371
529.629150390625 5875 782.7420654296875 443.1972961425781 6041 828.3546142578125 452.0306091308594
0.9985412437192591 -0.0007300867909708844 -0.053946527308447054 -0.002150292127102868 -5.794641544464511 -0.5514034032807954 -0.05509417272728098
581.6876220703125 5957 838.7034912109375 651.0628662109375 5727 754.505126953125 596.1924438476562
0.9984446084658262 -0.0016157658103241783 -0.05572074328545824 -0.0009756505959634996 -5.902265327154179 -0.5543289033068949 -0.1075106073165566
457.8905944824219 5992 780.3563232421875 482.7978820800781 6232 780.3563232421875 482.7978820800781
0.9983873850714198 -0.0015377471303156796 -0.05674584593713677 0.0004166928059443502 -5.955352402044832 -0.5645227402933356 -0.12408085222747771
582.7954711914062 -1 802.3073120117188 447.96881103515625 6249 771.9381103515625 458.3180847167969
0.9983109941315456 -0.0016312966202370028 -0.05807245027735001 -0.0002972981782068967 -5.99267260606028 -0.5534595267664918 -0.1343161669241341
449.9593505859375 6041 818.38232421875 462.38421630859375 -1 757.9984741210938 537.0811767578125
0.9982574872438483 -0.0018854011621448812 -0.058977196535492805 -0.00035314709352269306 -6.022801605569283 -0.5592536546491336 -0.1877095562467489
447.9925842285156 -1 709.0394287109375 512.353759765625 -1 750.145263671875 535.9793090820312
0.9981681248571701 -0.0004248886320531317 -0.06049425336067304 -0.0008119723554192172 -6.028251709212372 -0.5625685664782263 -0.16275809554710277
445.6317443847656 6123 806.6109619140625 458.10711669921875 -1 716.463134765625 479.82147216796875
0.9982109707020459 0.0005401743615809311 -0.05977493588216022 -0.0012341888114317941 -6.008910067007334 -0.564982747367876 -0.1742084176366412
529.4712524414062 5875 638.8286743164062 606.828125 -1 577.0260620117188 638.5515747070312
0.9982533921282667 0.0015141343351960628 -0.05900344777253312 -0.0025427647507938137 -5.9715938615581345 -0.5612881403835027 -0.1277061705248275
474.3311767578125 -1 741.115234375 610.1167602539062 -1 741.115234375 610.1167602539062
0.9983424533440614 0.003029939536333678 -0.05737521765365175 -0.003354059713716342 -5.944010019585674 -0.5665121804422055 -0.12429475127668305
436.13555908203125 6123 806.3344116210938 552.0611572265625 -1 674.9420166015625 604.3606567382812
0.9981295644682752 0.005726620140990639 -0.060759314428596695 -0.0035894381592551355 -5.90284719463027 -0.5731423031425708 -0.13517863369557423
422.87994384765625 5878 803.8611450195312 430.6896667480469 6123 788.2623291015625 566.2078247070312
0.9979752147887478 0.005726013969865261 -0.06324274028242785 -0.0036109878065292943 -5.868884695684421 -0.5796101484775108 -0.13170168243613206
492.3613586425781 6078 816.109619140625 545.5018920898438 -1 764.7210693359375 555.8367309570312
0.997870477608125 0.005064144609999589 -0.0649697642821465 -0.0027917891439013776 -5.8303548243571965 -0.585883342335723 -0.14832612690753938
471.0260314941406 -1 775.5093994140625 603.1539916992188 -1 632.9421997070312 640.9261474609375
0.9976615602139901 0.005226206963845155 -0.06801951512006314 -0.004176553003336299 -5.7904800193001185 -0.5546354341411234 -0.20242040542582573
432.7073059082031 6249 790.5551147460938 519.5524291992188 5875 582.0575561523438 565.9506225585938
0.9974676199945396 0.005410579312396131 -0.07060222105661593 -0.00666326314997051 -5.735091700539777 -0.5163625575823859 -0.19875889224328425
612.8667602539062 -1 854.5435180664062 626.40966796875 -1 814.2569580078125 634.6945190429688
0.9973374384385765 0.00558818080463755 -0.07229319888014452 -0.007778143721310427 -5.671234070221659 -0.49435169586208877 -0.22596210779793569
491.5229797363281 -1 919.5596313476562 639.228515625 -1 853.4107055664062 677.1505126953125
0.9971023313053059 0.004495422089996883 -0.07533188879861832 -0.009583246620510195 -5.5870245480648615 -0.4635042877626309 -0.2552706773995892
604.57861328125 -1 724.0843505859375 428.70147705078125 -1 810.9349365234375 434.07159423828125
0.9969084390611226 0.0021027038321206636 -0.07783104036726232 -0.010558026361977208 -5.519991195107222 -0.4617085409352203 -0.27016580442892746
452.44580078125 6042 836.919921875 527.9662475585938 5875 605.5968627929688 568.9633178710938
0.9969307793038484 0.00010325312159161058 -0.07713727913344497 -0.013373510507849056 -5.425184912247142 -0.456441643303729 -0.1865213435493439
480.99395751953125 -1 1140.069580078125 626.8916015625 -1 1140.069580078125 626.8916015625
0.9965829911404845 0.0012360333602230782 -0.08059836920851816 -0.018019902106975693 -5.3295763324559955 -0.41752696713164883 -0.22510679454531668
434.2367858886719 10964 909.0730590820312 451.5148010253906 5725 628.6893920898438 455.61968994140625
0.9964294399783254 0.002422890951773875 -0.08189943237193655 -0.02037114923294993 -5.249630598808035 -0.402373174556122 -0.24812355340378753
0.5 -1 0.5 0.5 -1 0.5 0.5
0.9963213220970752 0.002862269616196007 -0.08259137388120048 -0.022678084306131385 -5.175741598139161 -0.39289749427354465 -0.24625221331960215
604.4340209960938 -1 693.6677856445312 560.829345703125 5424 784.7764892578125 582.0596313476562
0.9960747368191184 0.0031648082616102546 -0.08467114212805843 -0.02561055153879803 -5.075501080159376 -0.381926673664143 -0.25307750569944504
556.6807861328125 -1 716.06689453125 556.2679443359375 5424 804.65869140625 577.2930908203125
0.9959414835370075 0.004795104104816421 -0.08462257786570587 -0.030275198795236644 -4.94612769704901 -0.3548168904302488 -0.2393691920540454
549.5508422851562 5424 719.0084228515625 441.1827697753906 5426 719.0084228515625 441.1827697753906
0.9959713728462194 0.0030938174462875954 -0.08312376284207945 -0.03349466846230429 -4.862123883276669 -0.34171298759883706 -0.21167156608696186
5.0 -1 0.5 0.5 -1 0.5 0.5
0.9959269237125848 0.0025184274763444038 -0.08323221456640216 -0.03457771834297446 -4.775833003502148 -0.3433745389542375 -0.20181045708594694
58.0 -1 94.0 59.5 -1 127.0 60.5
0.9957671830232614 0.0025350946143985536 -0.08503401264446088 -0.03479234402560909 -4.684899061529518 -0.3547478348991026 -0.2216293563096943
441.8243103027344 -1 769.9240112304688 536.0127563476562 5167 681.4990844726562 602.01953125
0.995525327784505 0.0025858545425178226 -0.08783736963122084 -0.03474523840913086 -4.609153869254346 -0.371753553421455 -0.2564039895836319
0.5 -1 0.5 0.5 -1 0.5 0.5
0.9954156862573645 0.001734945730917877 -0.08873644294910027 -0.03564330524561145 -4.515465378567175 -0.37609297326823227 -0.2672918899617432
443.74713134765625 6593 975.7603149414062 443.44744873046875 -1 803.23193359375 475.85699462890625
0.995220557508672 0.001508913523880985 -0.08914084470619055 -0.039845638370748955 -4.444293890994458 -0.34292992352753576 -0.29030926386845235
682.93603515625 -1 833.90380859375 421.21063232421875 5088 854.5337524414062 441.8909912109375
0.9950743760766182 0.0012529964002242935 -0.08987431264329317 -0.04180937697031366 -4.38791706671064 -0.33102605292462817 -0.26224169794967717
528.7747802734375 -1 771.1889038085938 589.921875 -1 837.9052124023438 526.8532104492188
0.9949761142033317 0.0016160581422085148 -0.0916052085388719 -0.040353516444909775 -4.329061647003914 -0.34795786757287295 -0.29973941770263807
541.8935546875 -1 788.4171752929688 512.5543212890625 -1 652.3718872070312 541.7545166015625
0.9952828554236581 0.00318923047487184 -0.09042983137136743 -0.034990171575086264 -4.288417888502613 -0.4018214030003636 -0.27444798172784785
0.5 -1 0.5 0.5 -1 0.5 0.5
0.9955677668411693 0.004196928663466452 -0.0900342254924313 -0.026852293322154868 -4.238160648508868 -0.4783947858274115 -0.276593792391724
532.979736328125 -1 828.3617553710938 560.0707397460938 -1 1038.1171875 577.6270141601562
0.9958041855589028 0.002465275692057568 -0.08913426523015527 -0.020567673689868102 -4.189069085165355 -0.5457256636143527 -0.2888634652413951
571.7103881835938 -1 1089.80859375 571.7103881835938 -1 825.5166625976562 498.9590759277344
0.9961087438282133 0.0017159210600207505 -0.08738741742534943 -0.01130775661314899 -4.11860453247386 -0.6306708762758941 -0.2778031728075681
609.1592407226562 -1 1391.2591552734375 609.0553588867188 -1 1371.42041015625 610.0748901367188
0.9961651305281767 0.0006188188290770724 -0.0872835075629734 -0.006019891240039735 -4.0358909945925365 -0.6844085205741287 -0.27629593923039375
594.8352661132812 6784 829.79296875 511.73150634765625 -1 825.585693359375 606.6337890625
0.9960869042059802 -0.00031550576720223707 -0.08832252269421355 -0.0031482868972800286 -3.9641985073446637 -0.7067058859890148 -0.2843409777184537
626.1591796875 -1 1131.9803466796875 626.1591796875 -1 1135.3482666015625 627.0216064453125
0.9959723563004763 -0.0012888776651401239 -0.08964594954051977 -0.001003997320726683 -3.9038461392134125 -0.6977735401052804 -0.3081020303983685
635.5540161132812 -1 840.7225341796875 635.5540161132812 -1 1199.85595703125 657.0833740234375
0.9954997094886968 -0.005930783270162524 -0.0945718104109441 0.0011519085550297336 -3.845797570670245 -0.6898571604937267 -0.33688376385198787
20.5 -1 30.0 27.5 -1 30.0 27.5
0.9950072379231918 -0.01024047013191639 -0.09926038238308084 -0.0017623112956102447 -3.7723324247670247 -0.6361963380977145 -0.36858937573173073
620.0305786132812 -1 720.3971557617188 617.5769653320312 6931 900.3587646484375 625.5323486328125
0.9947321053828987 -0.011505121799861148 -0.10174604614542451 -0.004838676125690115 -3.6674740329256554 -0.5748837539143367 -0.35153726641657607
628.50927734375 6931 757.4273681640625 491.9850158691406 4634 752.0152587890625 499.81451416015625
0.9945580510519159 -0.014712179142990422 -0.10260285269698308 -0.010511398152511767 -3.5789865605429476 -0.5285122507248435 -0.33360031456059
0.5 -1 600.6029052734375 545.6444702148438 8360 912.4236450195312 634.3257446289062
0.9943732752968321 -0.015265798314264754 -0.10318968023871061 -0.018456290784222257 -3.4552559720145735 -0.4678766086692667 -0.3825019780918591
592.6470336914062 8361 631.4067993164062 550.4407958984375 8360 690.173095703125 559.0926513671875
0.9941449480017761 -0.01402375025380625 -0.10397210486543862 -0.02586422628294077 -3.3506579624390467 -0.41206633780233903 -0.3909235490202989
792.1301879882812 8276 782.2884521484375 459.3620300292969 4497 655.9161376953125 550.7653198242188
0.9942008129248164 -0.016200068136501565 -0.10129897278118703 -0.032261734074335746 -3.241753560285359 -0.38439349399089934 -0.3731750181118179
472.1962585449219 -1 740.7623291015625 495.58544921875 8324 740.7623291015625 495.58544921875
0.9940759760967978 -0.014776051922400028 -0.10144704087500413 -0.03609875253372042 -3.152756327929392 -0.36566268893194814 -0.34382969906222977
469.9539794921875 8380 703.1068115234375 548.1611938476562 8360 760.6370849609375 555.594482421875
0.9942302995208584 -0.011977575885135157 -0.09930346858193974 -0.0387488105388533 -3.0941632264359513 -0.34888847484212226 -0.3468412439496268
466.9430847167969 8380 632.7354736328125 553.8170776367188 -1 804.7550048828125 568.5848388671875
0.9941176444456395 -0.011749147776429093 -0.10058455016788824 -0.03840331751169709 -3.0453492297170572 -0.35721024164721416 -0.32577782611963796
586.0215454101562 -1 882.6307373046875 620.5197143554688 -1 698.8348388671875 448.2630920410156
0.9939132076653325 -0.011182251831839504 -0.10363862842274207 -0.035644460593922234 -3.002407893148218 -0.374178832998554 -0.3133643103902454
615.6887817382812 -1 647.9603271484375 551.5840454101562 -1 647.9603271484375 551.5840454101562
0.9937544388654531 -0.011500797271710701 -0.10562746031504057 -0.034098189463928244 -2.9790017525137245 -0.38502383414013336 -0.33293876950278345
599.9275512695312 -1 697.61376953125 605.9894409179688 -1 887.9454956054688 621.0768432617188
0.993798410635745 -0.011884243032050663 -0.10647231799738786 -0.029784715638821534 -2.9387475372112135 -0.41881196924282016 -0.33901678169131505
582.3112182617188 8361 708.3428955078125 464.4361267089844 8321 708.3428955078125 464.4361267089844
0.9941537444238125 -0.011627998679528065 -0.10288960619070815 -0.030608022359224156 -2.9168247252089934 -0.4226596358317608 -0.33478960690398546
558.5227661132812 8274 605.7052001953125 572.9849243164062 -1 768.5023193359375 590.8720703125
0.9945126339377149 -0.012175175006504018 -0.1008661266436953 -0.024948157201044097 -2.8804991566190266 -0.47702897993292737 -0.3387879722483905
458.3926696777344 8321 729.486328125 458.3926696777344 -1 847.8991088867188 577.06494140625
0.9949842351063076 -0.011549447152123068 -0.09778647537385562 -0.017629163177942473 -2.8510560748013667 -0.5288198074623773 -0.31698773619209925
599.939453125 -1 642.7606811523438 602.3585205078125 -1 624.3363037109375 562.7448120117188
0.9953553555869161 -0.009934856343218989 -0.09469915010749225 -0.014180469061428171 -2.813124602843015 -0.5449699262767876 -0.3170142337222765
454.01348876953125 8384 752.8346557617188 454.07379150390625 -1 777.4732666015625 569.1016235351562
0.9954951482546918 -0.00948669548963601 -0.09345183671788557 -0.012890563374421385 -2.7587224240246755 -0.550201981367833 -0.3208270941579248
599.867431640625 -1 771.4014282226562 437.2395324707031 8147 849.2640991210938 472.0770568847656
0.9956769020154183 -0.00747259545840134 -0.09194213519887623 -0.01087708072810311 -2.6878993183257585 -0.5390497798951367 -0.3047438134643584
0.5 -1 817.7434692382812 534.8696899414062 8360 701.9371337890625 601.6686401367188
0.9957641225723579 -0.009262500357402174 -0.09027352588817339 -0.014788806866976567 -2.6040286281089067 -0.5230416011827647 -0.3041156175880626
535.5003662109375 8360 830.79736328125 536.8500366210938 8152 892.9323120117188 545.427001953125
0.9960251091851094 -0.009549651411493491 -0.08628765875813414 -0.019930528762424248 -2.519294691725732 -0.49331937018930033 -0.26997237256130957
19.0 -1 863.6417236328125 535.3591918945312 8360 947.9160766601562 579.7122802734375
0.995876160832806 -0.008576623459120688 -0.0862409893072188 -0.026825465108064828 -2.4175319868791774 -0.4474566227855428 -0.3097109194837457
594.1952514648438 4100 969.1156005859375 578.4677124023438 8350 748.14453125 643.40869140625
0.9956677753502601 -0.005706157694973732 -0.087110863968095 -0.03201278294925832 -2.2891298165013376 -0.3941226269189628 -0.2994625703437455
607.1263427734375 7115 910.0517578125 561.2863159179688 8208 778.4033203125 587.46533203125
0.9954524057269778 -0.012558982493561606 -0.08696894954780107 -0.0367856181904133 -2.180793435782652 -0.40902872797420486 -0.18766846122980818
536.9520263671875 -1 801.5044555664062 588.0413818359375 -1 667.9108276367188 626.10986328125
0.9952379977805575 -0.013214413755968666 -0.08778428987826489 -0.040256993099359 -2.068409740360965 -0.40605519944143975 -0.18327027865375659
416.7665710449219 2662 912.749267578125 442.08258056640625 8147 912.749267578125 442.08258056640625
0.9950642422434322 -0.01403403296258249 -0.08910191968557672 -0.041364811563144456 -1.9767903814228902 -0.4217798416840327 -0.19297503043548364
0.5 -1 0.5 0.5 -1 802.6558227539062 575.3568725585938
0.9948794090541944 -0.013733699620505285 -0.09099247098747199 -0.041793745444802376 -1.8880490807922246 -0.43761890727729263 -0.16692817825349085
578.7232666015625 4663 918.7681884765625 586.5665893554688 4100 801.141357421875 588.8754272460938
0.9947718587292389 -0.013339730838893617 -0.09127102741407134 -0.043824653065383044 -1.8093819012338015 -0.44031227183734273 -0.16480698670714905
0.5 -1 0.5 0.5 -1 0.5 0.5
0.9945796527254323 -0.011904807832797052 -0.09282643513710871 -0.04530830911388348 -1.7550427710010406 -0.4293564065088112 -0.17557363857601724
725.2989501953125 -1 815.4398193359375 587.4805297851562 4044 793.4041137695312 593.3349609375
0.9947280043829666 -0.009324604055077403 -0.09189120735397706 -0.0445562012129107 -1.7403395125502241 -0.41997809023926763 -0.20217687478240864
556.0593872070312 -1 896.889404296875 594.016357421875 -1 770.3798828125 611.8369750976562
0.9947073049216776 -0.009594434283061545 -0.09345991158400725 -0.041600111693965366 -1.7072582130430296 -0.42862588729778406 -0.23971648489387182
600.9723510742188 4704 826.3208618164062 600.9723510742188 -1 774.320556640625 612.4712524414062
0.9947698060771788 -0.00922311324364075 -0.0935082653968423 -0.04005210858045783 -1.6706538061781693 -0.4290868494508382 -0.224007162014188
662.2770385742188 4705 956.8139038085938 584.6948852539062 4100 830.335693359375 588.5693359375
0.9949316377270043 -0.006949119295123011 -0.0934878015871828 -0.036370000622474544 -1.6298579981177952 -0.4342805595126696 -0.24193023150155363
685.3895263671875 -1 964.7276000976562 585.175537109375 4100 964.7276000976562 585.175537109375
0.9950772452307441 -0.005522033352050913 -0.09462627455041195 -0.02892492586615104 -1.5817141662427199 -0.4488544414113956 -0.19917473818836062
602.5087280273438 3966 808.645263671875 594.7208251953125 3964 921.3469848632812 600.2555541992188
0.9953497088901483 -0.008085751582101373 -0.09336355164928575 -0.022289568346671573 -1.538663271299828 -0.47703702421885585 -0.2194451606013538
574.3324584960938 -1 802.2510986328125 605.3985595703125 3966 1083.624267578125 657.4947509765625
0.9954269510823013 -0.008463829170639444 -0.09296580806297966 -0.02027084571401002 -1.4800247937042559 -0.4616887591301727 -0.24758557126991862
648.3278198242188 4722 503.6573181152344 759.5438842773438 -1 503.6573181152344 759.5438842773438
0.9953043420925142 -0.011309396209723904 -0.09384467241466993 -0.02084566210372037 -1.4044630522803396 -0.43938599027997416 -0.15630095569643454
727.5926513671875 -1 808.0150146484375 607.1566162109375 -1 1277.5360107421875 729.8727416992188
0.995188131230527 -0.008943615275285368 -0.09508120739208989 -0.02191253532938524 -1.3140084973521908 -0.39225627806230723 -0.15619126611273978
647.714599609375 -1 823.1732788085938 647.714599609375 -1 1410.5037841796875 765.7694091796875
0.9951641690132289 -0.010282736680717 -0.09451933270040583 -0.02467058540923959 -1.201444530038393 -0.36932761597539415 -0.10623353412000541
469.62249755859375 8039 834.734619140625 435.57470703125 2662 657.0875854492188 593.6864624023438
0.9947132408727343 -0.011544070637603853 -0.09760662807095132 -0.029753134661658978 -1.0613899839738656 -0.36174232919557037 -0.06200519250555522
436.92266845703125 2662 648.5760498046875 472.8503723144531 8039 740.8616943359375 624.5828247070312
0.9948655980104302 -0.01088251804229097 -0.09586792790746461 -0.030550828059770548 -0.9226087899192897 -0.3659866014074113 -0.156442475444845
397.153564453125 -1 562.044921875 397.153564453125 -1 674.9288330078125 632.82177734375
0.9947706928280524 -0.008031158471373584 -0.09716899995373163 -0.030413066796953516 -0.8102345996994189 -0.36668078462659 -0.0656045474151979
453.6962890625 -1 792.1044311523438 614.9412841796875 -1 694.8385620117188 470.890869140625
0.9947798380923997 -0.004303574252675311 -0.09700084173380129 -0.031390917101049645 -0.6925268039963705 -0.3672848616996086 -0.017034331173517485
0.5 -1 0.5 0.5 -1 0.5 0.5
0.9951369635661248 -0.0034633693133908723 -0.09258645262740667 -0.03343916277757555 -0.6058868709661936 -0.3803605885877755 -0.13273261406395104
93.0 -1 745.2738647460938 466.0188903808594 7912 760.1707763671875 492.9934387207031
0.9951328052786207 -0.007502960534096727 -0.09146230468755158 -0.03590337397471563 -0.5155146879186412 -0.4283296720089286 -0.1990568578287166
381.7323303222656 7751 657.928466796875 381.7323303222656 -1 654.947265625 386.4244079589844
0.9950989451446851 -0.004298700190041853 -0.09054381403843315 -0.03951491222291636 -0.46801793897397265 -0.42641366648573015 -0.1948323244262745
0.5 -1 0.5 0.5 -1 0.5 0.5
0.9948052189190295 -0.004771238636864166 -0.09212294134320861 -0.043048523454442614 -0.41871813102763056 -0.43580473697167005 -0.18558678007193666
545.4113159179688 -1 673.7655029296875 379.76470947265625 7833 1183.21435546875 445.2211608886719
0.9946461415750073 -0.006116427032213721 -0.09175010909880316 -0.047154637636905465 -0.3879675762613519 -0.446650100506718 -0.19526425322526067
11.5 -1 682.5664672851562 370.6708068847656 8023 669.0254516601562 371.8526611328125
0.9945518555157544 -0.00523326618634081 -0.09132091039054 -0.04999710932279732 -0.35025699233941127 -0.44520078234541216 -0.26363339111310047
398.058837890625 -1 677.4943237304688 371.4814758300781 7995 692.0872802734375 373.2756042480469
0.9944021042072965 -0.006065392474387629 -0.0907063787127611 -0.05385182469563919 -0.32045240917923906 -0.44140816828079443 -0.20842319471896065
374.38922119140625 7751 694.9308471679688 379.7578430175781 7833 784.4776000976562 489.54241943359375
0.9944500477937028 -0.011302474614675206 -0.09131088608255107 -0.05102625396309387 -0.2908932625850616 -0.4470250539371903 -0.21747264630877633
579.304931640625 -1 702.0471801757812 385.5840759277344 7833 606.10302734375 541.17333984375
0.994448553466824 -0.014765204399294933 -0.09295469457198625 -0.047047720495439746 -0.26106527751415587 -0.45201174182326487 -0.1774481587871451
385.8389587402344 -1 713.2969360351562 385.8389587402344 -1 661.7987060546875 395.2693786621094
0.9947532926208008 -0.013470021631235866 -0.0907101777282688 -0.045344338057087395 -0.23900980539179367 -0.4581723035491015 -0.15931499714402741
381.0709533691406 8023 720.1023559570312 384.19561767578125 7751 716.6104736328125 388.8167724609375
0.9949797677131684 -0.013137730939435523 -0.08911913835917813 -0.043594048278751005 -0.1892122002111083 -0.47421536893065186 -0.17453450033017925
24.5 -1 40.0 33.5 -1 54.5 42.0
0.995576223829676 -0.011338409641149757 -0.08387951683045575 -0.040787861774572394 -0.140061682577406 -0.4818600838115876 -0.14795252169795534
370.4611511230469 8023 763.3167114257812 751.210205078125 7681 696.18310546875 379.9386901855469
0.9960849603775477 -0.010494975022814422 -0.078812196760133 -0.0386425264543071 -0.08223272577782202 -0.5046307018462142 -0.2313650115108456
161.0 -1 352.0 161.0 -1 716.5995483398438 650.3179321289062
0.9963188478876742 -0.008550328060809928 -0.07814937427088109 -0.03418070413112921 -0.018799226482480925 -0.5138339983932829 -0.20975536407450626
357.42620849609375 8023 788.6450805664062 360.4603271484375 7751 788.6450805664062 360.4603271484375
0.9962403413653704 -0.006544252192702372 -0.07995007149357268 -0.032716067422923004 0.05948185816998491 -0.5102757079773457 -0.19290830189303065
358.8049011230469 7751 757.39453125 379.8204345703125 7489 1360.7166748046875 430.911376953125
0.9959300478293729 -0.007293075101578347 -0.08370700576117512 -0.03260809826783045 0.151730410507275 -0.510162071904739 -0.1608068101570861
0.5 -1 0.5 0.5 -1 0.5 0.5
0.9958457650716049 -0.010604215019810048 -0.08396303957395253 -0.033600160688106645 0.2586790296729674 -0.5057008282872009 -0.23406436982018344
379.8805236816406 7536 797.6982421875 388.7760314941406 7489 853.1358642578125 740.9680786132812
0.9960263014048678 -0.012921019334177448 -0.07868016854344637 -0.03967474318858304 0.34668713507037247 -0.5152254298269355 -0.22782796079532605
61.5 -1 96.5 65.5 -1 129.5 76.5
0.9959021972843073 -0.011699490462453877 -0.07886314404034624 -0.04269121548139927 0.4561393851754693 -0.521175969143303 -0.18666578047645474
381.2523193359375 7646 838.8618774414062 381.2523193359375 -1 817.560546875 583.0791015625
0.9958395959489453 -0.013039005311257115 -0.0785842067952326 -0.04424936070835825 0.5452510168738961 -0.5402370922737747 -0.14320860891067427
81.0 -1 217.5 96.0 -1 216.0 102.0
0.9956761827535205 -0.011860277345007808 -0.07975174128386164 -0.04612952070929706 0.6066035913111972 -0.5458767626719092 -0.1074354810736635
50.5 -1 112.5 50.5 -1 95.5 55.0
0.9954851705271314 -0.010434054033337309 -0.08192240339835276 -0.04678809248553698 0.661625019439619 -0.5457458124981046 -0.09462784507632166
0.5 -1 0.5 0.5 -1 0.5 0.5
0.9953051722020727 -0.01177752844235474 -0.08402334816955537 -0.0465723198259408 0.7074098549298374 -0.5586615435170872 -0.10835683020637835
0.5 -1 0.5 0.5 -1 0.5 0.5
0.995106088075987 -0.012821276556912047 -0.08646268322937878 -0.04608354099169713 0.7437144758468344 -0.5671300435540901 -0.07736624733914373
621.8924560546875 -1 1566.70703125 630.5213012695312 -1 900.1575317382812 353.88409423828125
0.9948711293300858 -0.012167374940143178 -0.0882825732060094 -0.047849537935820606 0.7768811948103118 -0.5740218273507801 -0.06180846146584224
0.5 -1 0.5 0.5 -1 0.5 0.5
0.9945053649127025 -0.011415249434764733 -0.09152426495347685 -0.04951848306360201 0.8209212537469305 -0.569222573927441 -0.05827184947211618
0.5003319978713989 -1 917.6192016601562 374.09735107421875 -1 732.75390625 541.1300659179688
0.9940734757920077 -0.011824740794163624 -0.09405838054024086 -0.053208282081785144 0.8624761772839316 -0.5695215575670121 -0.02693032168604806
0.5 -1 0.5 0.5 -1 701.1017456054688 452.0538330078125
0.9937129362468718 -0.011354179955884041 -0.09582623783567074 -0.056771604481566436 0.9034076870692083 -0.5674600764807707 -0.02558140886587267
462.0810852050781 -1 448.345703125 462.0810852050781 -1 784.4470825195312 462.478759765625
0.9932144841671386 -0.012224289890617995 -0.09872814304369555 -0.0602354459468722 0.9492319742674977 -0.5792663073717697 -0.009297934603522283
464.56756591796875 -1 498.1085510253906 464.56756591796875 -1 492.85504150390625 464.7655029296875
0.9934018179271922 -0.011213873294216236 -0.09845308616725243 -0.05774138038559988 1.0015280900824794 -0.5848442769645266 -0.02998931054956643
67.5 -1 849.9234619140625 501.93988037109375 7400 825.0303344726562 597.693359375
0.9936455593629459 -0.009697464728969013 -0.09528459181199167 -0.05912113073471249 1.0685108590161165 -0.6085699071550404 -0.02783166242698
566.0667724609375 7380 846.1605224609375 590.2987060546875 7550 777.9281005859375 548.69873046875
0.9944458329893995 -0.007607413992218694 -0.08973624298617712 -0.05447035154188138 1.1281745032569155 -0.6213544538910272 -0.07516820636321961
0.5 -1 797.7731323242188 540.5241088867188 7283 679.3342895507812 541.8941650390625
0.9943793166692225 -0.00801863287312233 -0.09243393706548425 -0.05100434673506102 1.215613624144371 -0.6405332348403674 -0.001761492712847629
581.013427734375 -1 339.1040344238281 581.013427734375 -1 593.5274658203125 643.7303466796875
0.994782027247022 -0.008324598720334152 -0.0940822171953158 -0.03857402921739179 1.303040516773441 -0.6080600254252806 -0.017745318610971644
570.2347412109375 -1 716.161376953125 577.8939819335938 -1 696.3817749023438 616.5542602539062
0.9949902575407884 -0.008977786230004574 -0.09550436105651049 -0.02815499551610543 1.3919055807113683 -0.5645759262770885 0.02399904410917092
542.6094970703125 -1 559.26171875 416.5887451171875 1652 578.029296875 455.4383544921875
0.9950072577735991 -0.008835490078337314 -0.09695107458658561 -0.021976811175521735 1.4898179964723417 -0.5240865828238079 0.03854186513508686
651.12060546875 7261 664.0584106445312 651.12060546875 -1 592.041015625 694.0064086914062
0.9945725898580472 -0.01331061948679962 -0.10080580652282561 -0.02205403099700649 1.5869037347566015 -0.5362197747545304 0.20396867994393614
468.1498718261719 -1 325.1278991699219 468.1498718261719 -1 313.57958984375 465.8915710449219
0.9947028836570574 -0.011235270413660795 -0.09914599167561944 -0.024698467112850852 1.6700491442062626 -0.5049430942137073 0.06023287634056942
460.44500732421875 -1 194.4508514404297 460.44500732421875 -1 171.72042846679688 454.66278076171875
0.9946290016062374 -0.012246754737023757 -0.09947217147661598 -0.025854463133422406 1.7883829739131398 -0.485261656681414 0.0007739641201495778
504.1777038574219 -1 387.6351013183594 504.1777038574219 -1 320.5604553222656 584.0924072265625
0.9950399088443168 -0.013922391134803086 -0.09334179387298547 -0.03144926626737657 1.850810804053746 -0.48807194305170265 -0.09536721632870171
532.9467163085938 1936 502.2789001464844 532.9467163085938 7179 511.4075012207031 535.000732421875
0.9946029916933354 -0.014444022823367243 -0.0964152105014227 -0.03550163803701842 1.9663838692640865 -0.4880208656219915 -0.0013336012176150378
562.7909545898438 -1 665.0226440429688 563.4347534179688 -1 665.0226440429688 563.4347534179688
0.9946190068710025 -0.015441969801610816 -0.09576962090558847 -0.03636971887692854 2.0483625127992338 -0.4825113020144026 -0.013832233364524856
578.5823364257812 -1 799.743408203125 581.5460205078125 -1 1137.0723876953125 632.7972412109375
0.9946841041773729 -0.014650100096525981 -0.09452561503208329 -0.038128933460372036 2.128115230908669 -0.48099026060327393 -0.03700024721590722
579.1248779296875 -1 1271.1968994140625 631.1937255859375 -1 1274.1849365234375 630.9866333007812
0.9946596322613334 -0.015135848465316546 -0.09401963348597774 -0.03979234298387871 2.2126773082093107 -0.5054345363790868 -0.006317717948204669
565.061767578125 -1 1002.1151123046875 565.061767578125 -1 1402.3702392578125 611.1156005859375
0.9945583385325477 -0.015828490160020765 -0.09482105584848315 -0.040151432383058634 2.294886770388589 -0.5361070774797458 0.021324314901947135
500.48919677734375 265 1099.3154296875 540.31396484375 -1 1099.3154296875 540.31396484375
0.9947195152342336 -0.014040491553000096 -0.09376769800990194 -0.03928828602834682 2.3596816309365587 -0.5469453807945984 0.006695992826608814
0.5 -1 0.5 0.5 -1 0.5 0.5
0.9946736926507851 -0.01368628311062573 -0.09436418312254209 -0.03914500921806965 2.438292074665418 -0.5814622365697216 0.025146089221707243
605.9072875976562 14110 787.6045532226562 605.9072875976562 1580 751.994384765625 463.48004150390625
0.9946264479440484 -0.010550283168237706 -0.09364703842420709 -0.04286202013030196 2.498612089199035 -0.6197819932839524 0.022556404943768153
581.06201171875 -1 823.0699462890625 581.06201171875 -1 798.155517578125 590.4800415039062
0.9947139083404414 -0.008981528193833741 -0.09169651113454402 -0.04533566533249519 2.5522024041390488 -0.6551206822216593 0.027714090462990115
14.0 -1 0.5 0.5 -1 781.0198974609375 446.4524841308594
0.9949840209456371 -0.009270061719965106 -0.0899689466865056 -0.042737017334867955 2.6021849876297583 -0.659673526632197 0.00990050309837267
568.4421997070312 427 794.2282104492188 621.0838012695312 -1 794.2282104492188 621.0838012695312
0.9950468723100279 -0.007389326014363941 -0.08885901039512563 -0.043945375623420484 2.648089092083005 -0.6817034926631572 0.02670051458124354
577.86181640625 14110 845.7974853515625 577.86181640625 1580 839.339599609375 580.5311889648438
0.9956566471003137 -0.002324715260305771 -0.08449132560375629 -0.0390339939237619 2.710829407564608 -0.6545811024044327 -0.06548396361545768
591.49853515625 -1 742.590087890625 568.9669799804688 -1 864.1183471679688 572.4251708984375
0.9958732934623072 -0.005250460173971399 -0.07967795245916809 -0.043130498819435696 2.7320992129014687 -0.6912873212925794 -0.04362418187334677
694.451171875 -1 875.7391967773438 662.1047973632812 1691 901.4937133789062 663.8627319335938
0.9962125800913109 -0.00492289053223956 -0.07904312271116871 -0.035894918424317274 2.7926418368030745 -0.63430892726789 -0.09137423557918035
573.909912109375 -1 769.4757690429688 573.909912109375 -1 916.3673706054688 667.5320434570312
0.9964511215951335 -0.006346321427008281 -0.07704124368838104 -0.03330965696450948 2.862615181062125 -0.597979514585853 -0.07112518822241976
581.3167724609375 -1 788.6219482421875 581.3167724609375 -1 903.66162109375 587.2930297851562
0.9965082310606723 -0.008978173373096233 -0.07723528291111853 -0.030421191706634407 2.9212951085994265 -0.5663564317077848 -0.03165758518450595
588.8340454101562 -1 723.0226440429688 628.0359497070312 1725 905.802001953125 710.7938842773438
0.9964099545277246 -0.013222221972218463 -0.07635174648618785 -0.03409965062407523 2.987963110552684 -0.5688531017278052 -0.09189642550524571
434.35986328125 1581 776.947509765625 444.3096618652344 -1 776.947509765625 444.3096618652344
0.9963921691972776 -0.015145427707377413 -0.0743203764434387 -0.03807548853541127 3.078902543858882 -0.5606036913740287 -0.09948144723210794
65.5 -1 91.5 80.5 -1 101.5 84.5
0.9961410629324106 -0.021433132583653737 -0.07249400638846691 -0.044589489852293926 3.190053018439394 -0.6056784811630317 -0.13783004846644809
628.761962890625 -1 865.4826049804688 483.64398193359375 14138 842.6005859375 451.3425598144531
0.9961869751249974 -0.01816129577315789 -0.06970650156752368 -0.04922074325286651 3.291733223268642 -0.6220742967200021 -0.23415097220493486
0.5 -1 0.5 0.5 -1 974.9991455078125 364.68768310546875
0.9960572507936203 -0.014455514845127079 -0.06990437174543815 -0.05267228913663116 3.398810670030769 -0.6526048287644749 -0.2739540500024331
346.29046630859375 -1 1088.021240234375 346.29046630859375 -1 1080.2608642578125 347.45880126953125
0.9964012326570318 -0.011721880402678369 -0.06878492772809444 -0.04812291342815476 3.5127335392931447 -0.6230091243276448 -0.280167931843722
587.9597778320312 8399 849.8502807617188 750.9290771484375 -1 727.3414306640625 558.4146118164062
0.9967466636363577 -0.012336691957013824 -0.06737875500569261 -0.04247349685662969 3.6175080805494484 -0.5914947659512028 -0.319111001034971
561.2149047851562 8436 765.5950927734375 626.9076538085938 -1 737.6117553710938 585.24755859375
0.997017841875399 -0.010140364156199436 -0.06556339524451643 -0.03942127852965842 3.703493005731095 -0.5699204946080996 -0.3569288742855064
0.5 -1 0.5 0.5 -1 782.5367431640625 564.0567016601562
0.997298506850723 -0.007008973561553187 -0.063641522964781 -0.0360044313613648 3.7955969731816075 -0.5428862801167254 -0.329057539411307
567.2728881835938 -1 879.0740966796875 636.3313598632812 -1 667.2000732421875 544.111572265625
0.997559610378803 -0.0064093225977550315 -0.06142224876981164 -0.032573788247425746 3.8839515891515206 -0.5204542577269559 -0.3187679790390731
598.7711791992188 8549 649.977294921875 618.79052734375 8604 644.6930541992188 629.409912109375
0.9977757101239914 -0.006424285444225478 -0.05874978141903873 -0.030835434589299687 3.962275210373877 -0.5142523441275114 -0.31994795416917876
596.6478881835938 8549 716.23779296875 572.9841918945312 -1 644.867919921875 600.1134033203125
0.9980071855727392 -0.00534476727643006 -0.054526953725907226 -0.03130339159442824 4.037360829302077 -0.5215405345145658 -0.33204576379070266
558.5081176757812 -1 721.7081909179688 593.8956909179688 -1 693.3294067382812 605.7044677734375
0.9981451944706127 -0.005754858478464792 -0.05146976506625243 -0.03199868189692386 4.12161369061082 -0.5426946762218139 -0.41923335563093367
590.9127197265625 8549 720.0269775390625 602.5732421875 8601 624.9579467773438 521.8367919921875
0.9982981021455739 -0.005175775000065916 -0.047577818584324305 -0.03332359201003393 4.2023536142806766 -0.5541016779735837 -0.3947825168470141
589.181640625 8549 773.162841796875 592.4706420898438 -1 773.9053344726562 573.968017578125
0.9984877189228122 -0.005393110134351037 -0.04241910418898192 -0.03455154299307487 4.3052297363139616 -0.5789191534270716 -0.42307303558943177
606.5537109375 -1 808.9646606445312 586.0077514648438 8549 803.3158569335938 571.6466674804688
0.9986094348276292 -0.0034700699571647265 -0.03981134903678639 -0.03438330664155034 4.3817414138150355 -0.5809306529376068 -0.4555301110453149
581.8681030273438 8549 827.1215209960938 582.5677490234375 -1 807.6292724609375 616.961669921875
0.9987179728034327 -0.003444041540255118 -0.03719470027623189 -0.03416289871530453 4.453450660259563 -0.5877102045029214 -0.4917063747791971
579.5885009765625 8549 824.3389282226562 585.5723876953125 8759 723.054443359375 511.5402526855469
0.9987166609426035 -0.0024772220150258662 -0.035242341955325315 -0.0362887291076577 4.5550926664923 -0.604923497943451 -0.4899265644890143
15.0 -1 0.5054508447647095 0.5054447650909424 -1 0.5054508447647095 0.5054447650909424
0.9987557164943048 -0.0030916315797156124 -0.031677901143461876 -0.038392332089472514 4.620358064849234 -0.6232365115260821 -0.5236554470972189
620.64404296875 -1 728.2859497070312 386.35552978515625 -1 844.2410888671875 579.8042602539062
0.9988510892627416 -0.0039900276181753175 -0.0304240374704552 -0.03680976911415686 4.676071505859113 -0.6026980887049735 -0.5314440550685632
15.0 -1 768.6478271484375 490.4595642089844 8856 769.7048950195312 502.374755859375
0.9988821659423083 -0.005923543107668905 -0.031148110261932156 -0.035058885130095474 4.759308319027396 -0.5799606569914222 -0.5218557082659829
621.168212890625 -1 481.0335998535156 621.168212890625 -1 803.7083740234375 398.4181823730469
0.9990096970041666 -0.004139482274978692 -0.030326628046025247 -0.03229219115353329 4.8134031022801675 -0.5369206071955558 -0.5399076628764721
403.1922302246094 -1 837.2002563476562 403.1922302246094 -1 729.3707275390625 558.3247680664062
0.9990906885376373 -0.0002556969091807223 -0.030318536766022135 -0.029975273557517168 4.864459630125325 -0.48614805053023685 -0.5059723837893462
604.9117431640625 9020 835.2869262695312 629.6802368164062 -1 826.5548095703125 512.4208374023438
0.9992227506877557 0.002626249402948996 -0.026364373910011556 -0.029187619128701502 4.874736284220383 -0.44988922381260793 -0.5433570579360442
561.726806640625 -1 752.1650390625 564.8049926757812 -1 789.25244140625 569.4765625
0.9992179869807718 0.0055452549935903666 -0.0250501388029156 -0.03008579709937667 4.890675654753205 -0.4214025193914997 -0.5828718217351024
573.8529663085938 9067 764.6170654296875 578.3992919921875 -1 764.6170654296875 578.3992919921875
0.9991767319283309 0.007163253376628191 -0.02275235123886641 -0.0328157993531441 4.894019942110024 -0.413970652476578 -0.588550662932383
455.8247985839844 -1 769.0294189453125 584.20654296875 -1 766.2974243164062 584.6987915039062
0.9990866589053281 0.009208734526317382 -0.022692446077555245 -0.03501571214226338 4.900535222143401 -0.3971847341466718 -0.6083237770452736
578.6687622070312 9022 821.1522216796875 596.5408935546875 -1 749.9105224609375 604.1788940429688
0.9989321017757239 0.01176567262348695 -0.02568341103944107 -0.03655936797909614 4.900469955855446 -0.37530387519703146 -0.5423619538554972
580.1943359375 9084 796.8250732421875 589.2713012695312 9067 771.5849609375 595.5606079101562
0.9988736891610354 0.01387300046292914 -0.027003964925160377 -0.036464761596640145 4.893190174985142 -0.33165070947745856 -0.49666485177475805
591.6712646484375 9022 771.296630859375 596.362548828125 -1 774.3785400390625 608.3949584960938
0.9988723702825006 0.01333121299430514 -0.025525067095094885 -0.03774569639191004 4.889008162746106 -0.31368852621985777 -0.4949625130489726
599.7159423828125 9022 758.1731567382812 643.2401733398438 -1 758.1731567382812 643.2401733398438
0.998686657224526 0.01579283278531674 -0.024069554559109464 -0.04238164293232951 4.893503374918899 -0.29452501782985274 -0.4630381624094102
584.3082275390625 9112 779.7288208007812 628.1719360351562 -1 749.5858154296875 672.3855590820312
0.9985612586155888 0.016118563550796453 -0.026258098876999973 -0.043887548854727364 4.89443366868803 -0.2411451451552036 -0.39263741390794493
577.62255859375 -1 890.5894165039062 577.62255859375 -1 891.2051391601562 573.6448364257812
0.9987359637913116 0.013785355640411334 -0.02636799971943935 -0.04051132175704848 4.872957954086114 -0.14536602053489608 -0.3801939135331414
610.0709838867188 -1 757.9199829101562 660.4542236328125 9083 884.5105590820312 606.0399169921875
0.9987433157502069 0.012814477448013369 -0.029157116688678545 -0.03869678227475493 4.865127167018426 -0.05301519831215123 -0.37691900348688
669.5208129882812 8875 751.5043334960938 680.3199462890625 9083 288.6446228027344 506.4324951171875
0.9986441441767057 0.013327741783378299 -0.03101072685173232 -0.03963053646694725 4.851552318159759 0.020857992297571636 -0.36227188092663054
688.8504638671875 -1 733.114013671875 681.8995361328125 -1 753.2050170898438 689.276123046875
0.9985479380248705 0.012337104593135598 -0.03258437449734176 -0.041086127283480836 4.849185677216621 0.07605631316976928 -0.3355689894291823
0.5 -1 0.5 0.5 -1 641.22900390625 470.7601623535156
0.9985968827018383 0.011226553208579767 -0.03104550900212547 -0.0414053949627949 4.845140344634078 0.13249429328483145 -0.4414505897600962
486.9820251464844 -1 793.0568237304688 569.8064575195312 -1 745.300537109375 754.9038696289062
0.9985483305629973 0.007993187011489707 -0.029864779296898444 -0.04410709068617108 4.857667418287333 0.15412261176677047 -0.4641024933887432
490.917724609375 9189 765.7102661132812 628.1231689453125 9268 728.0363159179688 741.5768432617188
0.9985478063102052 0.006508005374842332 -0.02742604709627726 -0.04591008952061592 4.866682221950312 0.20625326777032388 -0.5215680995819212
540.9805908203125 9220 792.9082641601562 562.109130859375 9211 803.8001098632812 606.7874755859375
0.9987112852926908 0.004956990949963561 -0.02394924279169777 -0.04447055924370668 4.860642652495207 0.28635881606219876 -0.5829602597621026
487.3388366699219 9274 726.68701171875 568.4807739257812 -1 726.68701171875 568.4807739257812
0.998821902769757 0.0002058309874545572 -0.02173901498266145 -0.043384091653395955 4.849034514300375 0.34674742749188286 -0.6638072701477478
0.5 -1 0.5 0.5 -1 0.5 0.5
0.9987927405996493 -0.002907735465603447 -0.02014888381160892 -0.044706027345877045 4.838903038930405 0.37917614935802185 -0.6498575300127721
0.5 -1 0.5 0.5 -1 637.5537719726562 525.2718505859375
0.9988219056484251 -0.0016023494385030345 -0.019247759237470144 -0.044516929784766436 4.839891144942905 0.4502316332602506 -0.683151493970712
603.2359619140625 -1 604.8281860351562 565.2030639648438 -1 611.476318359375 570.1598510742188
0.9989203576238225 -0.005198578545957758 -0.015201291761566867 -0.043589157305182535 4.828556171409692 0.5069460182109319 -0.7561019142834744
0.5 -1 841.0779418945312 566.2782592773438 9301 637.97021484375 568.2144165039062
0.9988511917692894 -0.008174326855102245 -0.013870980918368643 -0.04513394476332089 4.8378694950492935 0.554416488115857 -0.7132420690996484
591.4472045898438 9327 641.8539428710938 591.4472045898438 -1 619.2310791015625 610.0996704101562
0.9989842379673971 -0.01024338137888971 -0.01295586557262404 -0.04192506383882565 4.836412610601853 0.643394001282405 -0.6833952591272939
549.2335815429688 -1 1075.60498046875 549.2335815429688 -1 650.1522827148438 600.53955078125
0.9989975578422737 -0.016297789631927267 -0.013495134520274593 -0.03944797615298201 4.841726193451544 0.7323289003405326 -0.7248322347184943
21.5 -1 43.5 26.0 -1 43.5 26.0
0.9990481948821615 -0.01734525183057916 -0.015428340491463006 -0.03692983687085791 4.845047891505227 0.8491333649401427 -0.6835800349995227
500.6802062988281 -1 651.22705078125 654.6773681640625 9274 813.7612915039062 456.1080627441406
0.9990854130000137 -0.022848991313229997 -0.013438942007090938 -0.0335507967757852 4.820181071506154 0.9304464198624602 -0.7194568588136788
503.61614990234375 -1 828.0292358398438 521.9464721679688 -1 828.0292358398438 521.9464721679688
0.9991343819779922 -0.02210148442058286 -0.016469315861423483 -0.031157226624313115 4.8317478251722425 1.050748677691769 -0.5637023037392828
471.2374267578125 -1 949.5176391601562 471.2374267578125 -1 812.9088745117188 500.8164978027344
0.9991202572746004 -0.022536042462623473 -0.01957548372650889 -0.029455707944848347 4.844788786592483 1.139052803050761 -0.5494791020951186
605.8010864257812 -1 758.207275390625 605.8010864257812 -1 800.3237915039062 515.4938354492188
0.9991468777227585 -0.023466741735228353 -0.020027911661571175 -0.027453807088846965 4.863127046673784 1.246668331972392 -0.4703128820221986
0.5 -1 0.5 0.5 -1 649.5899047851562 377.9031677246094
0.9989790664062093 -0.029142553393220312 -0.01598838775689139 -0.03059261219375105 4.870410460286764 1.2657277467529489 -0.5164775773713078
484.24920654296875 -1 672.4308471679688 484.24920654296875 -1 673.2757568359375 489.07354736328125
0.9989411632244692 -0.02827384152989206 -0.014018786011626325 -0.03347560215510902 4.883878699648415 1.3138873660916484 -0.49182800053784875
613.253662109375 -1 689.6913452148438 626.24609375 -1 689.6913452148438 626.24609375
0.998827018768724 -0.029194725821885502 -0.011141110562751562 -0.03698824431081391 4.879238275318591 1.3283864692148124 -0.4998608324142466
0.5 -1 0.5 0.5 -1 0.5 0.5
0.9986985847358599 -0.031169918468064505 -0.013694847853211607 -0.03797399335811445 4.888008282529401 1.3667796455251404 -0.4688607418448314
793.8338623046875 -1 672.9209594726562 793.8338623046875 -1 670.9133911132812 802.1971435546875
0.9985779687650345 -0.03474335717853094 -0.01397604757685688 -0.037942186589503074 4.868748650859612 1.4044489279101537 -0.4197455310648355
876.8893432617188 -1 652.712646484375 876.8893432617188 -1 307.4825134277344 431.1461181640625
0.9984957410660124 -0.034061994119710656 -0.013444910627702856 -0.04080771995390988 4.859846507790926 1.4469774475534611 -0.5299367497443548
616.7572631835938 -1 815.2221069335938 468.8294677734375 9671 815.2221069335938 468.8294677734375
0.9985848232746893 -0.03273101788914076 -0.012127652004025715 -0.0401241978146303 4.865884749099366 1.5048583758517227 -0.502159976013507
495.5971984863281 -1 835.1041259765625 495.5971984863281 -1 861.68896484375 594.4384765625
0.9988870000627953 -0.030279326718546003 -0.008152220527267435 -0.035234426055997255 4.864124337795898 1.626635155965238 -0.6199319947398969
408.2025146484375 9703 851.5161743164062 445.18048095703125 9648 857.378662109375 446.3688659667969
0.9989648520635854 -0.03024349244145374 -0.00673197628054198 -0.03330519481824194 4.879594480499157 1.7083297695006294 -0.6316745454352105
508.7114562988281 9670 838.2835693359375 508.7114562988281 9671 840.0980224609375 420.91552734375
0.9990614633554242 -0.03187455922136376 -0.004190851922315231 -0.029028290902627745 4.872421170647143 1.8145693103604237 -0.7131323752403921
0.5 -1 847.8889770507812 440.1253356933594 9712 841.9339599609375 441.5667419433594
0.9989386117149879 -0.035891190799906415 -0.005990936858158138 -0.028241478776069265 4.891822000859042 1.8800038192207993 -0.7211261286769601
544.6150512695312 9756 849.9525146484375 550.9646606445312 9670 738.6024169921875 618.14697265625
0.9989264904898882 -0.03753103426528333 -0.00433648999950361 -0.026804531688090816 4.874602153845717 1.9635796498927265 -0.7520753027465757
0.5 -1 0.5 0.5 -1 661.8156127929688 435.19793701171875
0.9990322824135963 -0.03821874852857824 -0.0030788674771847534 -0.02154870138657072 4.844905897584045 2.096893036333878 -0.8095881964308975
696.206298828125 -1 864.4176635742188 467.7719421386719 -1 864.4176635742188 467.7719421386719
0.9991415388571963 -0.03607794249097232 -0.0034127058733942764 -0.020072888041174526 4.823588125854051 2.2190325193311207 -0.7701245653704918
492.9431457519531 -1 860.52587890625 492.9431457519531 -1 832.6558227539062 499.6244812011719
0.9991806684941977 -0.03657274101610801 -0.003994963820985691 -0.016866137261560454 4.794622092902506 2.3281900156845294 -0.7028422180044529
527.12109375 -1 869.0277709960938 527.12109375 9802 831.3692626953125 552.4861450195312
0.9992888493134474 -0.03505526332038754 -0.003337231470924646 -0.01348284233587556 4.762719531229351 2.4635389200355786 -0.7070598324310251
535.6087036132812 -1 823.3527221679688 551.0935668945312 -1 823.3527221679688 551.0935668945312
0.9992550084528209 -0.03658551357833833 -0.0033319964343967445 -0.011824807733036425 4.749353238899279 2.5401009155243988 -0.6998927838415652
606.1207885742188 -1 853.531005859375 606.1207885742188 -1 859.1697387695312 469.36859130859375
0.9991648590806756 -0.03861786042855945 -0.0015286642939016614 -0.01326304714951917 4.751533962390517 2.58936672751416 -0.7788179541136512
589.5853881835938 -1 855.5577392578125 628.3946533203125 -1 817.2614135742188 535.8419189453125
0.9992317233541084 -0.03759898020174817 0.002078016352482189 -0.010861011859208061 4.733866542285024 2.691451828621787 -0.820869491705588
575.8899536132812 -1 838.6082153320312 618.4510498046875 -1 870.93994140625 656.064697265625
0.9991947740180656 -0.03918650812020064 0.0018357357809525813 -0.008417317296787583 4.7374543624319765 2.7944235574323524 -0.8917572196426933
597.8885498046875 -1 815.75244140625 342.46624755859375 9970 905.7612915039062 557.2442626953125
0.9990884980221952 -0.04165493609224121 0.0029859569335758864 -0.008838748785668604 4.73443615948314 2.8615645939749386 -0.8694916477217356
0.5 -1 843.3869018554688 684.1121826171875 -1 843.3869018554688 684.1121826171875
0.9990589766847442 -0.04267891699846776 0.0026435229930192638 -0.007258301154895237 4.722806535723858 2.956845671230091 -0.8768165950525301
677.513427734375 -1 822.01953125 651.53271484375 10145 795.1762084960938 379.3654479980469
0.9989857771919342 -0.04463258155248052 0.0023505422846069454 -0.005461188804358102 4.700818550807397 3.0342146127345258 -0.8875345860214721
397.532470703125 10061 1296.5489501953125 690.8494262695312 -1 1296.5489501953125 690.8494262695312
0.9991045431011546 -0.04214151931054312 -9.719241602596073e-06 -0.0037688473527769805 4.688404959373813 3.1207977666261724 -0.82527337469729
665.1242065429688 -1 813.993408203125 404.20953369140625 -1 813.993408203125 404.20953369140625
0.9992123700583172 -0.03957691989381583 -5.3638587555847126e-05 -0.002881676085343247 4.666644084249874 3.178447517235494 -0.8273670149008833
488.1419372558594 -1 694.640625 485.9529724121094 10252 838.5206298828125 621.86279296875
0.9992674803325834 -0.03802108512648598 0.00048479637925096127 -0.004320278699984982 4.661754003737315 3.21282687361201 -0.8313180064408481
508.01171875 -1 811.3564453125 679.9711303710938 10265 1031.5556640625 355.85430908203125
0.9992690708254154 -0.0381181436432042 0.0005145111038235388 -0.0028401576067885845 4.655226503733378 3.2801963239292653 -0.840520103111385
526.0777587890625 -1 716.1224975585938 675.525634765625 -1 716.1224975585938 675.525634765625
0.9992769217511823 -0.03791818362936241 0.0024817382598642354 -0.0012984532879194459 4.642240335534843 3.3305457747892433 -0.8609691700307487
526.7946166992188 -1 812.8533935546875 594.2752075195312 -1 834.302978515625 418.4983825683594
0.9993219633074647 -0.03659336837856834 0.0039493397939971715 -0.0009704417634960981 4.641625503640902 3.362605849828566 -0.8498202519005692
537.5691528320312 -1 604.28662109375 661.1629638671875 -1 604.28662109375 661.1629638671875
0.9993338247077691 -0.03611365741933719 0.0049771639385243985 -0.0017141708986258618 4.644418272711807 3.3780093648950027 -0.8601116420684731
503.76629638671875 -1 763.091796875 609.7131958007812 -1 666.2012329101562 417.5384826660156
0.9993463540568513 -0.035673747175467015 0.005586394511179391 -0.001743729366807446 4.6460813488296875 3.4085328951352594 -0.8408288350558066
488.5564270019531 -1 680.3963623046875 521.3374633789062 -1 788.0430297851562 544.8352661132812
0.9993550316860585 -0.035337685118662136 0.006287875567750055 -0.001109628341265465 4.633266806733806 3.4190602999508912 -0.7943055363706939
459.0316162109375 10357 686.1815795898438 495.96771240234375 -1 773.4243774414062 534.5895385742188
0.9992809198353377 -0.037565531440365146 0.005089904173820212 -0.0007529781839802889 4.61988508865634 3.3993181552036655 -0.7644680858409735
569.5391845703125 -1 998.1001586914062 569.5391845703125 -1 798.1217651367188 438.49554443359375
0.9992315842459228 -0.0388872991162508 0.004476550857609398 -0.001994869731520781 4.615943017508187 3.368323607797007 -0.6905657410381263
5.0 -1 0.5 0.5 -1 0.5 0.5
0.9991879518956404 -0.03996198967163606 0.004698471888670863 -0.0020977440241347236 4.610195691030466 3.337030833410428 -0.6732979266794069
455.9710693359375 10357 792.740966796875 455.9710693359375 -1 792.0613403320312 434.6559753417969
0.999209716671806 -0.03933254467167703 0.0055627810352605 -0.0013958887682460576 4.594369127804728 3.296612122479336 -0.6784676071473831
424.7822265625 10188 809.9573364257812 429.54803466796875 10189 827.6234741210938 450.5581970214844
0.9992599342316241 -0.03804709744466356 0.005505786431639448 -0.0012994349602886625 4.582428540414575 3.2291404206283194 -0.7193687049318708
447.0524597167969 9970 649.0364379882812 677.2001342773438 9801 649.0364379882812 677.2001342773438
0.9994217618336154 -0.033867396701728884 0.0027114921480787387 -0.0013376189183387749 4.5947612182683315 3.1594099798883493 -0.6475531957726558
423.461181640625 9970 794.0948486328125 467.5229797363281 9943 768.6561889648438 423.5072326660156
0.9994841672041371 -0.031949021214525815 0.0032360009966545663 -0.0004334157772622874 4.577463559365733 3.085807881349299 -0.6469571664391018
400.3929748535156 9970 892.7271118164062 483.9790954589844 10326 892.7271118164062 483.9790954589844
0.9995292587185935 -0.03059636274232664 0.002199817614187977 0.0005332493444027964 4.570834760582044 3.0274704878866534 -0.5709403019173998
677.5335083007812 -1 791.708251953125 380.9403076171875 9970 780.6547241210938 384.6374816894531
0.9995198360703885 -0.03068948292840874 0.0040078872077486715 0.0014797903705805284 4.553000549569362 2.958931789878173 -0.6184896815077359
0.5 -1 791.8153076171875 362.124755859375 9970 891.0958862304688 445.1627502441406
0.9995187677529637 -0.030754492911099832 0.003570922824001495 0.0019085558842253652 4.560164527876867 2.8924930130808524 -0.6061473693549243
571.2841796875 10007 835.7029418945312 616.9491577148438 -1 639.8947143554688 617.8798217773438
0.9995683466519867 -0.029236437013202936 0.002629968669003264 0.0011976589610227868 4.582989184592504 2.8369397760319783 -0.5758815439628333
695.8154907226562 -1 848.6085205078125 555.945068359375 10007 945.1486206054688 584.5031127929688
0.9994652480573897 -0.031935117038410926 0.00687498040535443 0.0014494377357275139 4.571025963104291 2.7724322464060807 -0.6313437277843854
544.6155395507812 -1 1205.143798828125 544.6155395507812 -1 1203.35693359375 549.4461059570312
0.9994002733772231 -0.034347682148931906 0.004392225246563028 -0.00019662632378642122 4.598174916880836 2.6902521977897997 -0.655230994128667
480.83587646484375 -1 254.57054138183594 480.83587646484375 -1 847.5359497070312 620.9019775390625
0.999334535063015 -0.03585941110471726 0.006320706063148249 -0.002153680680589666 4.6073713252514255 2.596890524379829 -0.6152078739066053
543.9686279296875 10473 822.99267578125 583.5319213867188 9772 825.3274536132812 590.5968017578125
0.9992381287518984 -0.03811149590615885 0.007069784213838631 -0.004549074561831686 4.638340279147968 2.4741581560013914 -0.5535414735058637
563.5658569335938 9772 837.1292114257812 567.8192138671875 9712 831.0182495117188 570.0903930664062
0.9994370889227175 -0.031121966216881236 0.011680929226273099 -0.004525969165840923 4.624019421325563 2.4198842355046795 -0.41957552411761073
542.942138671875 9712 835.1947631835938 544.990966796875 9703 727.7948608398438 523.0289916992188
0.9994848335371741 -0.03100068729737967 0.007208321783275154 -0.004130982126108966 4.662876344430856 2.3103755008041564 -0.48044853109445856
518.3989868164062 9703 861.379150390625 559.695556640625 13810 841.6365966796875 585.45166015625
0.9995470097882612 -0.02939507607630863 0.0057386393477280705 -0.0029618818765694208 4.666693160206889 2.212025316297951 -0.40666895870249636
488.8838195800781 9703 861.1610717773438 531.8265380859375 13810 841.3936157226562 557.1612548828125
0.99957256094746 -0.028537197155413183 0.005374254599840829 -0.003382479407990921 4.660285828990315 2.0981357967894043 -0.5141640824116092
504.1058349609375 13810 835.3707885742188 541.8436889648438 -1 748.6146240234375 589.9403076171875
0.9997231372173546 -0.02278471607438695 0.002436395860134127 -0.005345053873700972 4.668818388946055 2.0196391603757395 -0.46897045000578025
480.1098937988281 13810 833.7078247070312 505.30194091796875 9581 837.599365234375 455.765380859375
0.9998593755423615 -0.015265129960174966 -0.0015366333129629185 -0.006770797988375218 4.68068952907692 1.9719172611985898 -0.40163195320038664
415.736572265625 9703 825.24609375 496.3157653808594 -1 825.24609375 496.3157653808594
0.9998801996393594 -0.012184217069752985 -0.002847939484090435 -0.009111556631396078 4.684211764598226 1.9042435643506042 -0.3170535835349477
639.9777221679688 13877 781.3200073242188 639.9777221679688 -1 1444.323974609375 651.9017333984375
0.9997670935249385 -0.01684612517203536 -0.006394345347760222 -0.011877673128963205 4.7053826182440766 1.7805838029904713 -0.38256903484983606
625.511962890625 13877 778.7723388671875 625.511962890625 -1 820.8357543945312 454.622314453125
0.9996654894133404 -0.017644831702996903 -0.0045159227493783444 -0.018362342766683408 4.7161438913535365 1.655063798862772 -0.3361834333234673
547.2822265625 -1 860.4608154296875 555.1043701171875 13861 811.6854858398438 610.03466796875
0.9996667250211995 -0.013756666137498583 -0.000916880234522578 -0.021825497767669438 4.70572648424217 1.5946046467607424 -0.31796276687080194
600.4447631835938 13877 811.6673583984375 597.7389526367188 13878 811.6673583984375 597.7389526367188
0.9996272087737497 -0.018840696409404837 0.0018671101134140984 -0.0196719479929002 4.6415786305461895 1.5104362683995818 -0.3969060707523855
581.3226928710938 13849 975.7301635742188 605.2402954101562 13881 975.7301635742188 605.2402954101562
0.9995752377564967 -0.019961976760766376 0.0041301157862341535 -0.02082800257917218 4.546306217674181 1.39642010833376 -0.17368160231256144
561.3953857421875 13849 956.208251953125 583.0094604492188 -1 780.0606689453125 511.22222900390625
0.9995928834103568 -0.020976513453204046 0.0036961777337014877 -0.018983982429333978 4.455971204268482 1.2906477387514483 0.0016368778617561345
536.964599609375 13849 941.7683715820312 543.9521484375 -1 950.3660278320312 577.23779296875
0.9996454958046164 -0.023115334669917754 0.0007741069423014634 -0.013189570845267664 4.39775424262862 1.2232969379547722 0.3068123627723804
516.68359375 13849 926.8007202148438 522.2430419921875 -1 921.2039184570312 535.8008422851562
0.9995948632530886 -0.025020370134239068 -0.001079910776388498 -0.01352494839545856 4.375892635814542 1.1392147311027099 0.3862128366329146
498.2535400390625 13919 746.5333862304688 498.2535400390625 13878 923.0147094726562 524.7351684570312
0.999417082225968 -0.027655494980369028 -0.0031456417626124465 -0.01976801179240652 4.416517345809088 0.9964706219641191 0.61263847767589
0.5 -1 0.5 0.5 -1 0.5 0.5
0.9991198388880301 -0.03164627446452857 -0.006591907667625066 -0.026732145558745413 4.506649588705378 0.8209489664441724 0.9954860199465825
9.5 -1 883.7723388671875 464.7988586425781 13958 886.8599243164062 480.8360900878906
0.9988531184960074 -0.034578503460872906 -0.010251537533974581 -0.03149096294807511 4.617546680336737 0.6801867187023568 1.0402067830155353
454.1866760253906 -1 904.2473754882812 460.5892639160156 -1 945.0548706054688 463.08282470703125
0.9983606446766242 -0.03720933657008194 -0.014218951568893301 -0.041101214692161644 4.727247635430221 0.5313799151428802 0.9798419312371021
447.9340515136719 -1 898.5406494140625 469.9045104980469 -1 889.5087280273438 484.05206298828125
0.9980539004832392 -0.038225095297483344 -0.017821744287398113 -0.04593080937938757 4.8241487030898575 0.49218681429159056 0.999538368309052
407.56353759765625 -1 1175.497314453125 610.3475341796875 -1 1175.497314453125 610.3475341796875
0.9979837260040029 -0.0383542906684665 -0.020075610170820317 -0.04641552428611927 4.8861917587062855 0.5272521710312186 0.9880728679412372
386.6314697265625 -1 982.4263305664062 386.6314697265625 -1 252.32017517089844 514.5831909179688
0.9978918679967171 -0.0379565591406155 -0.02113268309130072 -0.048213370651616454 4.932616297766875 0.5499805303822775 0.6109203232797883
361.5077209472656 -1 1008.9481201171875 361.5077209472656 -1 1013.2894287109375 353.4956359863281
0.9977304719045187 -0.039718412529818795 -0.02465200891425708 -0.04846268250715348 4.986767388756018 0.5340302302287362 0.9488825375848048
614.5265502929688 -1 934.6793212890625 441.7220458984375 13957 666.7817993164062 679.3883056640625
0.9970668807752534 -0.0416204645953166 -0.02519133139948043 -0.05908273022041318 4.998676326672771 0.3822332619802621 0.8732940647653468
599.6621704101562 -1 683.4483642578125 629.4354858398438 -1 538.0780029296875 656.3496704101562
0.996906827002858 -0.04237869758595038 -0.022836605396413003 -0.06212337498865373 4.956394815321018 0.320160281473864 0.6114750923049143
628.4154663085938 -1 634.4183959960938 643.9173583984375 -1 634.4183959960938 643.9173583984375
0.9971829011862876 -0.0432392657320238 -0.020748053578682663 -0.057672747059161845 4.896093043249257 0.3200041941842242 0.5788525464124857
0.5 -1 0.5 0.5 -1 0.5 0.5
0.9971710237296533 -0.043916327547785086 -0.017707317951576818 -0.058375992493770526 4.824573829350381 0.2875985386139309 0.49710579034209285
0.5 -1 0.5 0.5 -1 0.5 0.5
0.9973599732540956 -0.044691538579379686 -0.014488629801240332 -0.0553699353122261 4.736198099361701 0.2913602746235505 0.25626349368427065
0.5026103854179382 -1 0.502607524394989 0.5026103854179382 -1 0.502607524394989 0.5026103854179382
0.9976995053763625 -0.04588907784696791 -0.012531605736570911 -0.04829956898130179 4.637255191693021 0.31884258204939314 0.1714333294820494
875.8692626953125 14037 259.6308288574219 875.8692626953125 -1 889.7409057617188 418.2171630859375
0.99791235018698 -0.04589531793808867 -0.009093988715822425 -0.0445180918829234 4.5256788868632345 0.29525211979377186 -0.638276778329822
670.027099609375 -1 638.1109008789062 670.027099609375 -1 630.2492065429688 654.229248046875
0.9979937284831112 -0.04833916472212423 -0.010445489913610826 -0.03953144068725844 4.516915558213933 0.26568865712473144 -0.48248270818752614
47.5 -1 956.0191040039062 567.730712890625 14036 884.1093139648438 628.6591186523438
0.9993398688142032 -0.01007912230531138 -0.0019118428583831783 -0.03485086439172828 4.565462343759024 -0.2529371010069499 -0.240814776927314
673.2943115234375 8555 732.7996826171875 635.578857421875 8668 659.2799072265625 651.7249145507812
0.999102929312855 -0.005967497287382549 0.00412749376377723 -0.04172157007864535 4.608733453532539 -0.42862650979307726 -0.4310749286783017
622.7816772460938 8805 761.1734619140625 641.2565307617188 8555 737.7691650390625 662.4932861328125
0.9987436414723168 -0.024110342440097732 0.007139038918376179 -0.04334586634685661 4.632406896951258 -0.6618055499040371 -0.4012331522952669
0.5 -1 0.5 0.5 -1 0.5 0.5
0.998706833039887 -0.0039237820371563524 0.016961455803665915 -0.04776583078922025 4.5883519505107655 -0.6253100112710825 -0.5156459056690424
0.5 -1 0.5 0.5 -1 0.5 0.5
0.9986718252318315 -0.004185369300850962 0.01752534338367857 -0.048269353747713135 4.605901117259544 -0.6650096558523532 -0.5349038811526406
622.8512573242188 9399 776.0730590820312 573.31787109375 -1 930.51904296875 597.6275024414062
0.9982788241835912 -0.005792276099354682 0.02375468195435904 -0.05330622674193713 4.6002191577438305 -0.7384348195677867 -0.605002636803509
635.4921264648438 9423 988.8821411132812 635.4921264648438 -1 761.299072265625 620.0964965820312
0.9978240002026563 -0.006811344504897005 0.026612706973250622 -0.059938585511847046 4.632811346665772 -0.8115015335750544 -0.5397105268479225
594.6434936523438 8921 764.61279296875 617.0043334960938 8942 778.2891845703125 618.9398193359375
0.9969512690519574 -0.010819576539133869 0.028273815483827926 -0.07191449963110323 4.62022306442094 -0.9426195000255059 -0.5137892433471813
615.3911743164062 -1 803.0342407226562 570.6319580078125 -1 803.0342407226562 570.6319580078125
0.9964047726908294 -0.00905098906747005 0.02898217027600833 -0.07909261888399997 4.5499014109895 -0.9782738993792292 -0.6051704406838422
155.0 -1 187.0 155.0 -1 192.0 156.0
0.9965919311382271 -0.01409123591218366 0.015333348855207861 -0.07981759375934042 4.550699547439975 -1.0225370215643437 -0.5272755611906871
5.5 -1 712.404052734375 613.7676391601562 8859 717.2544555664062 699.0429077148438
0.9968053998058156 -0.0063123671573902754 -0.004953957167083396 -0.07946450306410656 4.583701234187064 -0.9807681736355466 -0.36317600285126117
5.5 -1 0.5 0.5 -1 0.5 0.5
0.9966096963635933 -0.014579719731071809 0.0011878344353183892 -0.08096378163094999 4.448998972543363 -1.0263527539582815 -0.3717650838987229
580.1908569335938 -1 1204.87451171875 580.1908569335938 -1 1132.6685791015625 459.8581848144531
0.9952055794337192 -0.026818812580922526 -0.012521010748429238 -0.0932192589843032 4.413164995572356 -1.1451625598680382 -0.1958640109440573
0.5039840340614319 -1 0.5040038824081421 0.5039840340614319 -1 909.1648559570312 534.97119140625
0.9920192226871449 -0.03845468200836249 -0.05283935119005995 -0.10782904161978818 4.530532963515123 -1.249475105642073 0.13116040108874075
666.4955444335938 -1 1030.06396484375 666.4955444335938 -1 754.4141235351562 633.6231689453125
0.9900323517925597 -0.0657671038431661 -0.055742793826960894 -0.1113704242271731 4.477520928702508 -1.3186481072617826 -0.03547405190814187
0.5037999749183655 -1 0.503825306892395 0.5037999749183655 -1 819.5443725585938 452.4014892578125
0.9764150907199114 -0.1476809938980403 -0.07025165616890686 0.14095601959916407 -2.948854135896164 0.04433590144505432 0.7518162900820231
582.1060791015625 -1 573.4246215820312 582.1060791015625 -1 571.5921630859375 580.525146484375
0.9785949643260565 -0.14478006438963412 -0.07351185543950246 0.12643826897288313 -2.93822905822134 0.07475933858183585 0.6818274365794278
682.6345825195312 -1 663.1320190429688 550.6013793945312 -1 663.1320190429688 550.6013793945312
0.9814671260844349 -0.14016853424721257 -0.06972381287251202 0.1105153941361426 -2.928236164942608 0.13020125689228085 0.672230370837491
534.6705322265625 14064 566.015869140625 534.6705322265625 14065 1359.0643310546875 664.7925415039062
0.984914117608071 -0.13318247382553622 -0.061323405712309854 0.0919023912304179 -2.9073212566344115 0.20813677011875328 0.6741193627502078
528.3399047851562 -1 673.4429931640625 528.3399047851562 13792 727.8810424804688 672.2536010742188
0.9874545383692321 -0.1275876760103874 -0.05534735619191391 0.0747769332537819 -2.878872460985282 0.2798992308296192 0.6536101863227111
518.0369262695312 13792 738.74853515625 660.4649658203125 11740 639.4169311523438 469.8363037109375
0.9897660218372015 -0.12067846783098653 -0.050692238222414615 0.056835080738289925 -2.8450474167483004 0.3528608451230511 0.5871459498787622
659.0718994140625 -1 641.4258422851562 459.1792297363281 -1 962.9361572265625 477.3089904785156
0.9917199052238866 -0.11239926529370109 -0.043628026847253205 0.04421119787539066 -2.839611468154799 0.37812921770277663 0.607899060275203
488.733642578125 13792 787.3649291992188 614.6818237304688 11696 793.8432006835938 618.1781005859375
0.9937208468417487 -0.10001012247960539 -0.03790153438829634 0.03286833802833863 -2.8521926212584314 0.3981685692588253 0.5511364304974469
581.708984375 11737 764.0943603515625 581.708984375 -1 759.9558715820312 602.4734497070312
0.9947689955040329 -0.09281397324656092 -0.034967304149652656 0.024443804830461942 -2.859236941840848 0.381082803834097 0.422153102491264
577.26904296875 -1 913.1144409179688 638.31884765625 11739 849.1778564453125 677.5825805664062
0.9956318829202458 -0.08544466145168586 -0.03340270881112405 0.017338471275519688 -2.864886396837583 0.365984829888663 0.4760324811658915
577.75634765625 11709 683.1547241210938 577.75634765625 -1 694.2506103515625 577.7467041015625
0.9959541064237238 -0.08311443020636737 -0.032226835846334435 0.011350790304037519 -2.866538746685097 0.33886992807356914 0.506338766926217
0.5 -1 682.3697509765625 563.4053955078125 11709 772.3107299804688 593.2332763671875
0.9967381738536456 -0.07531256068297876 -0.028785691558976183 0.0035234851700979984 -2.8812171175049346 0.33155072892442033 0.4855423443938423
617.8043823242188 -1 835.3377075195312 711.9242553710938 11720 835.3377075195312 711.9242553710938
0.9970890966206868 -0.06932615518164677 -0.03154109511685288 -0.003518085658800135 -2.889988715275562 0.33655020798170027 0.5689765648496669
696.638427734375 11720 829.6142578125 696.638427734375 -1 672.4735717773438 530.8247680664062
0.9972395962504245 -0.06521936762574672 -0.03322688032905771 -0.012473819799347228 -2.9357809882371058 0.3632849845021118 0.5133937038873212
688.4110717773438 11720 818.4483032226562 688.4110717773438 -1 812.2871704101562 704.3934326171875
0.9972813460278417 -0.06126971641814812 -0.033679772118842134 -0.023272551750048463 -2.973131858788698 0.4071797408259113 0.48096719204600763
565.6206665039062 -1 689.0263061523438 666.5693359375 11711 689.0263061523438 666.5693359375
0.996881494873836 -0.06046655238352786 -0.03371978458034812 -0.03786894966606688 -3.010963894360404 0.46528592799097385 0.5108904459500829
684.511474609375 -1 795.3021240234375 687.509765625 11677 829.5216674804688 801.4603271484375
0.9962327316911078 -0.057978593709629725 -0.03235093924135608 -0.05578748702826585 -3.0801645818284835 0.559721269419201 0.6214434366534707
681.0531616210938 11677 851.1361083984375 634.2183227539062 11564 766.2615966796875 638.5213012695312
0.9948221666122375 -0.05616545446712548 -0.03694418911340355 -0.07621958693267632 -3.160560283166773 0.6742924815898148 0.4965350221389192
635.9440307617188 -1 739.8019409179688 635.9440307617188 -1 826.4635620117188 713.5889282226562
0.9936413203575161 -0.05691339743849514 -0.040179783229937226 -0.08844985409697029 -3.199722995930127 0.766099629115549 0.4341385301418996
625.3314208984375 -1 840.56591796875 595.6322021484375 -1 742.9767456054688 682.6580200195312
0.9919991155211445 -0.06154298403709549 -0.04421843673918298 -0.1009700241330055 -3.2214949511619384 0.8635820000653789 0.3441898287971003
603.734130859375 -1 1374.5145263671875 484.3934326171875 -1 778.2730712890625 526.153564453125
0.9900363615992146 -0.0714303284694549 -0.04535528418523673 -0.11255491585271399 -3.2639448624284704 0.9471445353783462 0.2204984797392924
290.8341369628906 -1 904.0686645507812 465.2506103515625 11548 762.14404296875 540.98681640625
0.9878731046702744 -0.0769456864349285 -0.04960275508548495 -0.12540198202620348 -3.2955116032698677 1.0804657809116767 0.18436608581659167
653.9611206054688 -1 1119.4140625 649.4860229492188 -1 1119.4140625 649.4860229492188
0.9865438954395733 -0.0785724591330016 -0.05513151122671599 -0.1323556855845778 -3.329773221812122 1.1817847291854946 0.18722123166264074
0.5 -1 1020.1947631835938 724.4759521484375 -1 861.9017333984375 494.275634765625
0.9854550602786043 -0.08127466657686445 -0.061649587371481816 -0.13591203449672148 -3.370979151717163 1.2306261788047113 0.09457292270303423
501.6365661621094 -1 842.253173828125 504.469482421875 11548 1028.8333740234375 580.6578979492188
0.9849695373290366 -0.08237946041871924 -0.06334931344831024 -0.1379691977238844 -3.43209067437952 1.267946223174925 0.12183589400190593
508.1528015136719 -1 689.9156494140625 591.9144287109375 -1 650.9620971679688 595.047119140625
0.9847890992295613 -0.07978905580421991 -0.0674358225477073 -0.13884000306040975 -3.503642811685514 1.3034663470452446 0.019586820005616977
489.5824279785156 -1 806.2134399414062 489.5824279785156 -1 668.08203125 595.9700317382812
0.9843543079688286 -0.07733653612780321 -0.0712954750587762 -0.14135986629558198 -3.5738621676943296 1.3160543812337933 -0.02392175258768814
593.4114379882812 -1 646.7936401367188 593.4114379882812 11525 782.4797973632812 480.23162841796875
0.9846713979923826 -0.06787956934031612 -0.06936861016702622 -0.14492273101689548 -3.665910319609997 1.3674375116322202 -0.005461146359844258
503.61810302734375 11548 891.450439453125 587.6356811523438 11129 625.6992797851562 586.7970581054688
0.9839957945139942 -0.0624766503058539 -0.07288811667526009 -0.150120841300824 -3.7009850151332935 1.4181842616900362 0.020085123676261737
590.0499877929688 -1 994.88232421875 671.0016479492188 10612 994.88232421875 671.0016479492188
0.983704327466069 -0.06276096046487123 -0.07042532456484174 -0.15305924221030523 -3.7782851894214047 1.4167519363033385 -0.05702388422879217
576.6133422851562 11129 857.3251342773438 576.6133422851562 11410 592.5359497070312 580.205078125
0.9835658885852078 -0.057361638648494626 -0.06789431318858172 -0.1571564426289967 -3.844350941980885 1.42825994456968 -0.07881387416825503
563.7711181640625 11410 841.6300659179688 563.7711181640625 11129 963.0540771484375 650.5513305664062
0.9832968163106517 -0.053122035201160656 -0.06667269627671578 -0.1608109821517676 -3.9125661860385907 1.430410601763424 -0.007750382685409553
648.9252319335938 -1 919.1405029296875 677.8699951171875 -1 971.7977294921875 503.56427001953125
0.9833370820578935 -0.04678169078368854 -0.06646101768074861 -0.16261177566869583 -4.003696989304992 1.4321119928153152 -0.13362896073817812
638.9570922851562 5058 922.8047485351562 625.7866821289062 10612 921.5616455078125 634.2320556640625
0.9833554673310152 -0.04317096121210001 -0.06721779619667538 -0.16318719573755286 -4.100968784294006 1.4154536066577954 -0.11408079225353225
529.949951171875 -1 900.5911254882812 621.1614990234375 -1 900.5911254882812 621.1614990234375
0.9831250462944453 -0.038256361672857626 -0.06900256091546565 -0.16504617756012424 -4.203320209720157 1.4211774623236613 -0.12032761852654135
608.6309204101562 10612 896.2708740234375 617.5027465820312 -1 869.7205200195312 621.3761596679688
0.9831254460528723 -0.03294652565253111 -0.07038325887999004 -0.1656051950881984 -4.284053494773731 1.4346635239713397 -0.11154712343752206
608.3606567382812 10929 842.3961181640625 589.2014770507812 11074 843.6937866210938 604.3465576171875
0.9829901454318623 -0.02978026428237839 -0.07164745255698815 -0.16646366686220765 -4.368326030917363 1.4487221875109864 -0.2047401845164469
605.1130981445312 -1 872.4461669921875 703.0989379882812 10607 818.5128784179688 587.4557495117188
0.9833146131328008 -0.029114466478520753 -0.07419647771179434 -0.16352248205162756 -4.475176359609232 1.414934371184057 -0.13906598132867773
552.7680053710938 -1 849.0059204101562 552.7680053710938 -1 830.927490234375 620.8740234375
0.983792466735612 -0.023162514027962773 -0.07978661763513305 -0.15890241025393304 -4.587633161278423 1.3938926937729983 -0.2182896302620626
702.5968627929688 -1 804.932861328125 702.5968627929688 -1 810.6068725585938 702.3699340820312
0.9846431095236704 -0.022725118769463638 -0.08382886907214254 -0.15144053801593738 -4.723370787142945 1.3267673208933985 -0.2621487531745114
596.6575317382812 -1 693.5208740234375 646.1145629882812 -1 794.1663208007812 477.3009338378906
0.9849333942774674 -0.022422074972687337 -0.08837064384914435 -0.14694927252856305 -4.8342024991646015 1.3006031345722497 -0.29765166300275964
594.9028930664062 -1 858.5204467773438 577.9353637695312 -1 692.3180541992188 591.671142578125
0.9854383356129396 -0.021895451495520395 -0.09099117917945632 -0.14195943512052633 -4.940983026844477 1.2692222131663353 -0.35901760814673644
540.4369506835938 -1 839.2014770507812 573.9334716796875 -1 839.2014770507812 573.9334716796875
0.9858029877609433 -0.01766518044114264 -0.09180584818852217 -0.1394707745729022 -5.039410134295928 1.2836776124607652 -0.411264823440538
660.8543701171875 -1 776.7713012695312 586.9241333007812 -1 862.71923828125 594.6572875976562
0.9862966642745649 -0.020920133342866413 -0.09589166981732708 -0.13261231361162426 -5.151613540150915 1.214817479234531 -0.4303926350535029
0.5 -1 695.5005493164062 494.3064880371094 -1 694.59423828125 499.5870666503906
0.9871853058705906 -0.018110103417855624 -0.1005741272973131 -0.12256443589299092 -5.269407300290026 1.142528932735919 -0.5359412055651069
583.6502075195312 -1 849.2694702148438 578.8764038085938 -1 804.1199340820312 594.1948852539062
0.9881485047508743 -0.016955262176338175 -0.10516365796296098 -0.11052446193939305 -5.398436432671796 1.036243734175296 -0.6679842915374719
585.9422607421875 -1 770.8602294921875 543.8216552734375 10964 747.3020629882812 581.0249633789062
0.9891550500152001 -0.01558085108709813 -0.10789606578926769 -0.09842745092720233 -5.520354613445705 0.9282759863092702 -0.7440867653649947
554.07421875 -1 808.4933471679688 554.07421875 -1 1321.6007080078125 596.4297485351562
0.9904039868248079 -0.01851452837198274 -0.11186529724469431 -0.07901462138772254 -5.626433174693558 0.7371051349860975 -0.8150123053038932
680.3213500976562 -1 1204.5875244140625 680.3213500976562 -1 752.5519409179688 552.423095703125
0.9908974109610658 -0.02087539686507487 -0.11655068546673095 -0.06405057746513754 -5.689650633803727 0.6184918300087943 -0.8631261193398413
730.8502807617188 -1 605.9810180664062 505.6487121582031 10970 736.0923461914062 569.0078735351562
0.9912380129391005 -0.0229374756679531 -0.12040910811311638 -0.04922113974634993 -5.741247154051174 0.5038783125727341 -0.9182866483320984
729.9408569335938 -1 722.9815673828125 585.803466796875 10764 695.6082763671875 590.9476928710938
0.991253135259697 -0.022716113539772174 -0.12568853153494824 -0.03322037122094774 -5.773723873368328 0.38536134691998497 -0.9535195250503327
604.525146484375 -1 727.8056030273438 609.887939453125 -1 688.23486328125 618.8720703125
0.9914375551133746 -0.021732850357258218 -0.12807313506617596 -0.01328644423781186 -5.824881884774174 0.2180752703110176 -1.076012969312379
566.0294799804688 -1 665.0144653320312 609.589599609375 -1 669.121337890625 614.2862548828125
0.9905015731098888 -0.0233176426088032 -0.13514062384561937 0.009996649269665103 -5.833147916025353 -0.015189430513602456 -1.1723730456723815
613.968505859375 -1 846.8917846679688 554.9754638671875 -1 819.9775390625 603.730224609375
0.9889506745780837 -0.022349839821800815 -0.14306583985174892 0.031768118908847384 -5.827259134693132 -0.2121848694244382 -1.226086881620496
660.0658569335938 10806 648.5235595703125 713.0026245117188 10993 809.4396362304688 546.52685546875
0.9875633559183664 -0.025767444273895365 -0.14616076033313063 0.05188148997173161 -5.835393628890804 -0.4040150229140433 -1.2050390337249617
568.0280151367188 -1 685.6188354492188 663.0803833007812 -1 772.6968994140625 555.371337890625
0.9866098749577187 -0.027669665592380936 -0.14541973737215172 0.06847221498195354 -5.851191346097735 -0.5288026083964064 -1.2531866287104205
630.8287353515625 -1 817.5745849609375 613.9750366210938 -1 667.505859375 682.9766845703125
0.9847618642541682 -0.03256525788771958 -0.14647235888678473 0.0879171358240383 -5.82679359427134 -0.7109597867969172 -1.2287921793434777
597.3776245117188 -1 799.3943481445312 614.9661865234375 11025 794.8773803710938 617.251953125
0.982284063259426 -0.03398879794720388 -0.1454044899620354 0.1132268297689928 -5.790813399763653 -0.9446940160556722 -1.2779515501732985
0.5 -1 799.3394775390625 635.8470458984375 11025 811.3344116210938 671.4898071289062
0.9794036159950537 -0.034479163585623945 -0.1447182171483426 0.13651513425131467 -5.736562322422784 -1.1396839841583501 -1.2601211659130078
504.787109375 -1 729.4302978515625 718.4765014648438 10866 640.4268188476562 754.7158203125
0.9777776822909935 -0.03890775409602917 -0.13994998114070095 0.15116545062802458 -5.7144913302668945 -1.2508459259339335 -1.1745547947680466
16.0 -1 767.8650512695312 520.8218383789062 11211 1070.2127685546875 572.0885620117188
0.9769826223080367 -0.043895985674603066 -0.13238826402078652 0.1614046024725746 -5.687944863260279 -1.3069997913305547 -1.1449228228077566
569.9794921875 11320 654.0270385742188 806.4295043945312 -1 654.0270385742188 806.4295043945312
0.978206390206501 -0.05042137564764919 -0.11703068926592479 0.16393218356048386 -5.690199662850491 -1.279039279184458 -0.9322840106882259
595.4367065429688 11320 806.9821166992188 568.8416137695312 11211 849.5350341796875 713.4283447265625
0.9802292013642552 -0.052683398705925796 -0.10137786381566562 0.1615478288983156 -5.672148826500548 -1.1743203695831137 -0.8036321060094315
596.1002197265625 -1 845.9444580078125 617.73291015625 11320 891.2122192382812 416.4573669433594
0.98280342886885 -0.05386920386166434 -0.08327504817108201 0.15575877320730863 -5.643212216346458 -1.0380750979147222 -0.5951961700641948
496.4368896484375 11382 752.5234985351562 498.5807800292969 11350 880.4803466796875 609.0384521484375
0.9850678538925514 -0.055673176914723226 -0.06916131542443323 0.14750773894446145 -5.571970253392354 -0.8913610746205237 -0.4600859646620701
510.81182861328125 11382 789.8125610351562 506.181640625 11383 790.9563598632812 513.089599609375
0.9878360983384783 -0.054566751013717794 -0.04750772066161205 0.13764203202785658 -5.5219537403876116 -0.7185636019064673 -0.1435584728858538
517.7748413085938 11383 827.7360229492188 522.3895874023438 11382 833.4813842773438 523.4745483398438
0.9896695540089268 -0.053469249886649355 -0.02935673751187176 0.12974357458845617 -5.399760376653676 -0.5796300186112191 -0.06144579164439771
526.0419311523438 11383 796.7139282226562 789.3482055664062 -1 908.399658203125 577.0535888671875
0.9910791514115032 -0.04997966059971045 -0.011361271741357098 0.12302467503802451 -5.307050272543119 -0.4461261610108074 0.14113515454447367
602.7733764648438 11372 930.097900390625 532.5059814453125 11383 792.3338623046875 770.5527954101562
0.9913125604190564 -0.05171642583253197 0.00258177778755457 0.12090555519900102 -5.221242527152513 -0.37865581796515424 0.3367808091364227
778.1312866210938 -1 797.5086669921875 857.1828002929688 -1 614.4127197265625 358.9880065917969
0.9911739506517999 -0.05619867953427936 0.01480287855300559 0.11915025285097768 -5.134108784042329 -0.30337649753498164 0.40214785501839345
365.7773132324219 11497 755.42333984375 365.7773132324219 11755 647.9781494140625 379.7984924316406
0.9916399311715914 -0.05904709945361349 0.024890567558199704 0.11200065445678105 -5.045299948702384 -0.15585827460889137 0.46834701315876653
587.7960815429688 11780 690.845458984375 580.5225830078125 -1 690.845458984375 580.5225830078125
0.992272767308853 -0.06408428817180552 0.03621082605180419 0.09988360898260447 -4.949418231862748 0.011744623643154373 0.6026337371028616
508.7355651855469 12120 727.6550903320312 607.4016723632812 11780 662.8548583984375 364.7276306152344
0.9931385683049156 -0.06410753285044078 0.048152895440891276 0.08513111674206264 -4.84283320761737 0.21358657169406234 0.7164792815419114
415.3421936035156 12526 727.284912109375 431.1314392089844 11858 683.2396850585938 527.039306640625
0.9938717051329791 -0.06018546056776666 0.05719364159560852 0.07297692397836149 -4.7510604044486815 0.3892894015656232 0.7011245808377943
633.4122924804688 11819 794.399169921875 633.4122924804688 11780 698.997802734375 388.06475830078125
0.9941448413541407 -0.0610075205116881 0.06592609124773303 0.06006552540985526 -4.643927392155763 0.5318713961155485 0.7784689051447026
47.0 -1 90.0 71.0 -1 766.0909423828125 391.74456787109375
0.9946175946074822 -0.05801338954984665 0.07336030426920569 0.04459319328881681 -4.5369998167003125 0.6988016617131393 0.8935920181334747
430.2279357910156 11996 796.787353515625 431.3291931152344 11909 787.4332275390625 445.720458984375
0.9949509783071903 -0.054219815851153104 0.07879899308487512 0.030388830570489214 -4.439549091871449 0.8446874376003127 0.9702113905484461
18.5 -1 27.0 18.5 -1 754.4608764648438 423.0343017578125
0.9948808016970611 -0.05082189797107556 0.08634401450591668 0.013192280327253458 -4.319764798041904 1.0087978167653193 1.0605292254961525
5.0 -1 0.5 0.5 -1 783.2725830078125 365.3908996582031
0.994406531480309 -0.04683859826259628 0.09465057714119073 -0.001750459635592057 -4.19932225080386 1.1421309764762726 1.1005303583305077
546.0703125 11953 801.9411010742188 376.819091796875 11991 847.7061767578125 377.8182373046875
0.9927471816813985 -0.05040336312143068 0.10884325383563677 -0.008104341068885842 -4.079805053318532 1.1867111856585413 1.178215683007313
408.4156188964844 -1 834.2828369140625 377.2513122558594 11991 875.42041015625 388.8351135253906
0.9916176711382706 -0.04907540448824818 0.11834225523186284 -0.016766323009652258 -3.9704419040600016 1.2747677040054801 1.2648278359609086
533.99267578125 -1 1053.2462158203125 537.890869140625 -1 1053.2462158203125 537.890869140625
0.9905221195311168 -0.04812117289194773 0.12648605072460514 -0.02348536589410391 -3.900385701325431 1.3383321828038435 1.3310196556591274
0.5 -1 312.592529296875 395.1982727050781 -1 318.9824523925781 398.0290222167969
0.9899410294610774 -0.04515136964288111 0.13008449781066558 -0.032498237463917404 -3.782809780115538 1.4327091385735644 1.3826454022732086
444.653076171875 -1 887.6898193359375 425.3291015625 12047 426.7644348144531 439.0899963378906
0.9880659407702994 -0.04604328017709699 0.13981231148377068 -0.045367726390041566 -3.6300209366630707 1.570524898669807 1.4302468257845065
515.0280151367188 -1 558.0220336914062 501.1536865234375 12077 558.0220336914062 501.1536865234375
0.9856992877612132 -0.04925108787136048 0.15151717501358303 -0.05489799747192727 -3.5050102166551995 1.6840437459744368 1.4176164928016397
0.5 -1 0.5 0.5 -1 0.5 0.5
0.9840366119649538 -0.052488392454059694 0.15835922160265775 -0.06196185845763425 -3.3692797161136507 1.7783813920564429 1.3835924622939046
650.6315307617188 -1 826.2947998046875 650.6315307617188 -1 991.80908203125 430.28314208984375
0.9819871263184747 -0.05686414315155968 0.16781508249724816 -0.06561898395178593 -3.270361802657653 1.871196983268684 1.4117966544261003
749.8971557617188 -1 949.3510131835938 749.8971557617188 -1 964.5863647460938 764.1218872070312
0.9810905364224036 -0.06120881508186188 0.17064663969539098 -0.06778321812474239 -3.2014744423895034 1.9480824893526356 1.3884632989270003
0.5 -1 0.5 0.5 -1 0.5 0.5
0.9805727382444691 -0.0661008624465824 0.17043692263207424 -0.07112690348433798 -3.139003705973319 2.042137220198817 1.382738547091097
484.5727844238281 -1 647.8961791992188 490.947021484375 -1 1074.101806640625 505.1058654785156
0.9800343894259801 -0.0725311120169814 0.1693282676115509 -0.07483161844900635 -3.088147247084961 2.152919070103764 1.349390953546725
16.0 -1 604.7603759765625 439.80120849609375 -1 661.20458984375 532.3888549804688
0.9799878828939095 -0.07444661341864608 0.1670588129668522 -0.07856719507348076 -3.0625496281994473 2.253513842560364 1.3373337645501941
532.8926391601562 -1 667.1336059570312 565.8348388671875 -1 667.1336059570312 565.8348388671875
0.9797919078862056 -0.07446719352671093 0.16708467565478952 -0.08090219706718965 -3.075928633428362 2.353887152081313 1.3796245702243026
571.4876098632812 -1 667.605712890625 573.9560546875 12302 667.605712890625 573.9560546875
0.980481405239142 -0.074322215750438 0.16004432768515015 -0.08670775860343433 -3.0663434442077224 2.4823873717305056 1.385510447184943
605.4903564453125 -1 592.8878173828125 514.4591064453125 -1 654.8155517578125 597.85205078125
0.980775877608018 -0.07847755592780031 0.15804340896502642 -0.0833200576124063 -3.134339166747646 2.565960038204648 1.3223126449005644
546.6614379882812 -1 1290.74267578125 464.8450622558594 12317 1290.74267578125 464.8450622558594
0.9820811191346372 -0.08240668005608827 0.14842396333536406 -0.08182995557382686 -3.1974578987833673 2.6846446831275568 1.2400897415012155
531.4105834960938 -1 406.7779846191406 536.9298095703125 -1 621.2901000976562 666.0457153320312
0.9828695360058639 -0.08621341859940747 0.14039565369322457 -0.0826061866271122 -3.2558178835734406 2.787679491060004 1.132018134402644
660.279296875 -1 340.4109191894531 660.279296875 -1 335.5813293457031 669.4254150390625
0.9829236153301829 -0.09096458564849963 0.13804050638410534 -0.08081725794197203 -3.320945043589409 2.8745005185180603 1.0329033367096059
662.1839599609375 -1 946.2713623046875 656.9935302734375 -1 596.2601318359375 659.4921875
0.9822164719954486 -0.09456664585112405 0.1374040392538393 -0.08618631927406899 -3.330044174541535 3.007820820894573 1.031662200364964
0.5 -1 0.5 0.5 -1 991.2185668945312 672.7321166992188
0.9814423426018103 -0.09922103369532885 0.13457439376701213 -0.09389274286622244 -3.3126568522555733 3.166987685854612 1.0026447033392976
621.8079223632812 -1 983.83935546875 702.3629760742188 12371 970.4212036132812 732.3296508789062
0.9802590178757984 -0.10167947643998486 0.1363078364471277 -0.10086483860676523 -3.3043639525381647 3.3402591193101347 0.9712335150048611
735.3424682617188 12371 940.6875610351562 750.5125122070312 12823 989.86669921875 832.1211547851562
0.9798946374857893 -0.1040891446908811 0.13371595321259408 -0.10531853227500843 -3.3064728464592803 3.464556663704079 0.8324397338174258
0.5 -1 0.5 0.5 -1 0.5 0.5
0.9799510177646809 -0.10565211350175772 0.13203994988922918 -0.10535219659707028 -3.338013576804102 3.550924321366433 0.7830973769946769
635.9310302734375 -1 1393.8626708984375 635.9310302734375 -1 1398.5001220703125 620.9845581054688
0.9801432852662152 -0.10862076450228285 0.12707396579588393 -0.10664369218756924 -3.3614774528979816 3.6254978199954224 0.6728668415446668
763.8912963867188 -1 1345.024658203125 763.8912963867188 -1 1341.8858642578125 770.7113647460938
0.9799500462609325 -0.10652886446828463 0.12509206646581073 -0.11270085525676987 -3.35339244203961 3.764106281834988 0.6740176818103794
829.69580078125 12371 906.2581787109375 844.2923583984375 12823 1039.98583984375 512.0457763671875
0.9789277905949306 -0.10910108430939934 0.123008597532241 -0.12110416647082112 -3.3410889979029608 3.9010879575673636 0.5373183759549635
729.8634033203125 -1 917.6560668945312 919.8157958984375 12416 917.6560668945312 919.8157958984375
0.9787348711410501 -0.10855007031445192 0.11685782950395167 -0.12899295302792793 -3.3314730438657905 4.043463089276398 0.4364733871592144
551.7567749023438 13779 1007.9234008789062 551.7567749023438 13778 1045.5179443359375 604.712646484375
0.9782857354278987 -0.11519528090686008 0.10964529383113468 -0.132909655991464 -3.376090643711038 4.144886787134381 0.2465194035435802
579.7821655273438 13778 985.8538818359375 579.7821655273438 13779 604.815673828125 665.4317626953125
0.9045872032794408 -0.114075681709941 -0.2558083213484586 0.32135779628690425 -3.4060293968302737 -1.7290240469060418 -1.4844007699671877
408.9010009765625 12461 594.6022338867188 471.0806884765625 12564 594.6022338867188 471.0806884765625
0.9084865870794756 -0.1158981547533039 -0.24899412744608765 0.3149947036361519 -3.412069668808042 -1.699913886899976 -1.3141839730243925
495.2070007324219 13820 729.3843994140625 495.2070007324219 13821 587.5731201171875 413.1910705566406
0.9105679778477223 -0.11498650517658623 -0.2508666885946153 0.3077498430530184 -3.3782650492694124 -1.6310816675705615 -1.2795773524686151
394.84832763671875 11991 641.2092895507812 414.021240234375 -1 641.2092895507812 414.021240234375
0.910882254034601 -0.11790572912126797 -0.255139415842976 0.30215167848041485 -3.3324433933518955 -1.5823473607786225 -1.3239351300728663
5.0 -1 6.0 5.0 -1 593.4512329101562 413.0783996582031
0.9119651618061195 -0.12040410169590257 -0.25368790637542565 0.29910674032123435 -3.3489834641810146 -1.551846066192921 -1.253571630047393
496.8768310546875 -1 615.4569091796875 496.8768310546875 -1 758.7667236328125 331.0640563964844
0.9103511405358445 -0.12161923601060473 -0.2581498380033367 0.299713569089114 -3.3029812742941 -1.5302973816858083 -1.3460876281398044
388.1113586425781 -1 773.3422241210938 380.42901611328125 -1 773.3422241210938 380.42901611328125
0.9109340029481189 -0.12213802673934819 -0.24402796007585228 0.30940571972468955 -3.3909059619279263 -1.5973281235863708 -0.9450153117350516
432.074462890625 -1 815.74609375 443.588623046875 -1 811.3025512695312 439.546875
0.9102312392833902 -0.11721755043289948 -0.2476688853201214 0.31048230247056435 -3.244688869053483 -1.521371434149798 -1.0884008840362684
496.9511413574219 -1 907.880859375 496.9511413574219 -1 913.1749267578125 499.0847473144531
0.9127629236087365 -0.11896939252491877 -0.24576412885365398 0.30382580847631796 -3.111083260802172 -1.4447041638085902 -1.2968663705243517
0.5 -1 0.5 0.5 -1 657.4972534179688 500.58209228515625
0.9209411446777085 -0.10895726768348357 -0.22567411936224613 0.298440804362836 -3.1657791493749787 -1.3283185454537563 -1.1428197805450933
572.1774291992188 -1 1150.322509765625 572.1774291992188 -1 1140.9625244140625 566.8983764648438
0.9249035471550949 -0.11051449223766134 -0.22626084751682496 0.28486137742126977 -3.0289351421139807 -1.209667123247005 -0.9144898243198352
56.5 -1 87.5 63.0 -1 722.7592163085938 508.58734130859375
0.9330520180238739 -0.1062944868734101 -0.20374321263374018 0.2767744876746728 -3.1405188619667834 -1.1339456510862567 -1.0252405795095694
482.24444580078125 12517 732.8763427734375 482.82635498046875 -1 732.8763427734375 482.82635498046875
0.9394525967384391 -0.10361897581570856 -0.1843197316880106 0.2696630542784223 -3.2411081786796734 -1.0794806708610705 -0.9456665676788254
19.5 -1 791.1256103515625 465.4472961425781 12458 746.2191772460938 483.4960021972656
0.9398596155229714 -0.1088180259676029 -0.19062096226186723 0.2616986608293715 -3.1232697055316447 -1.0571991903293139 -0.8928080662769781
480.047607421875 12517 794.40576171875 540.5985107421875 13807 1189.762939453125 552.3382568359375
0.9448166388472208 -0.10988297751568461 -0.1868754836891028 0.2456110824162697 -3.1234566646247024 -0.9796767647265796 -0.8906230913659287
457.9828796386719 -1 791.9931640625 468.3656921386719 -1 1128.3197021484375 470.10687255859375
0.9508422929297856 -0.10404834633274378 -0.18725483709826865 0.22362580706338472 -3.119127492298183 -0.8178246464467253 -0.8482746873753019
465.07940673828125 12047 755.2842407226562 510.6707458496094 -1 795.0401000976562 437.2152099609375
0.9557163882644837 -0.10418759764963183 -0.18751851970939953 0.2014644744481886 -3.0977901151704734 -0.7200810592488437 -0.9150573875668808
493.71258544921875 12531 826.2294311523438 493.8199157714844 -1 807.684326171875 428.1875
0.9586578727807056 -0.10340984121474048 -0.19195566573197972 0.18285105985174702 -3.024479164372386 -0.6592537920321498 -0.6212974524563113
0.5 -1 823.5123901367188 409.2609558105469 11919 797.7001342773438 426.587158203125
0.9641189037468499 -0.09193642395582234 -0.18787429838057335 0.16347991129247344 -2.9931358049141354 -0.5615110672144094 -0.7986280327289785
424.9881286621094 11915 828.8222045898438 425.15216064453125 -1 857.3097534179688 444.8097229003906
0.9673703027123073 -0.08922885161183036 -0.1869173430203415 0.14592743521541496 -2.922792025429725 -0.5065052583264628 -0.661770581104349
626.7578735351562 -1 870.7208251953125 423.38836669921875 11864 858.5501098632812 443.3064880371094
0.9700068224663185 -0.08901923261828115 -0.18560430440159364 0.12928024899592772 -2.84890655713806 -0.4614246739587087 -0.6300066710030331
372.27679443359375 11959 840.4342041015625 398.6001892089844 13833 846.9431762695312 402.8629455566406
0.9727800940384065 -0.0831948315947567 -0.18558092603763723 0.11107307742906014 -2.7443328361823474 -0.3779004639848506 -0.6214954263137892
612.7223510742188 -1 1435.3656005859375 657.9830322265625 -1 1435.3656005859375 657.9830322265625
0.9754740067166148 -0.07942938355114158 -0.18292822794814143 0.09315953342880318 -2.6484961039625783 -0.30560728640470186 -0.6099699093011144
577.2604370117188 -1 745.0047607421875 628.4174194335938 12616 645.7327270507812 719.599609375
0.9783131344128334 -0.07323037426196462 -0.17889960854040418 0.07440197164645643 -2.5322695314737786 -0.20772367227780483 -0.655316555567652
530.9810180664062 -1 260.1239013671875 530.9810180664062 -1 780.5096435546875 615.0088500976562
0.9798865274666069 -0.07393199393418577 -0.1754443365943067 0.05979747753320131 -2.4156413833260033 -0.16514537691330583 -0.6259957694463651
513.7660522460938 -1 424.4121398925781 513.7660522460938 -1 429.23956298828125 513.0549926757812
0.9814086615327746 -0.07321571760668076 -0.17040735931940387 0.049374382563981856 -2.323263744653708 -0.12828895241558086 -0.6186459983582494
497.93170166015625 -1 597.1220092773438 493.9278564453125 -1 749.4363403320312 695.9209594726562
0.9822068307605181 -0.0747420216851052 -0.16690564044621814 0.04273030527670309 -2.2028788689336034 -0.10000502262641262 -0.6510929425325879
647.6336059570312 -1 779.8445434570312 695.1417236328125 12628 772.7984008789062 696.3771362304688
0.9837015834702515 -0.0771993528967064 -0.1577057889699192 0.0387342060177429 -2.118324125843338 -0.06268872706537323 -0.5700362084957016
700.0597534179688 12628 754.1334228515625 697.4887084960938 -1 767.2617797851562 521.9468994140625
0.9855523796706873 -0.08424707437633293 -0.1428792464385807 0.034270370899911674 -1.9993903552818917 -0.021838478581482367 -0.46921348317501216
595.9690551757812 -1 1208.2098388671875 595.9690551757812 -1 1216.449462890625 598.0171508789062
0.9866828639515192 -0.09133140837232573 -0.13046013818705846 0.03310063705382899 -1.9045402129585092 0.013280530495248969 -0.4024247854248078
0.5 -1 0.5 0.5 -1 1355.4486083984375 639.546630859375
0.9878658503978005 -0.09842891540728634 -0.11576560863798464 0.03211127662134852 -1.8095004272590507 0.047212198497936134 -0.3092521363886327
685.1347045898438 12745 684.8974609375 691.2330932617188 12762 904.500244140625 585.9402465820312
0.989205110078977 -0.10165419707004222 -0.09705943040407942 0.04146252984707404 -1.7028308355130484 0.07999616450106259 -0.23546982255931512
705.0986938476562 12745 739.603271484375 710.87158203125 12762 653.4464111328125 639.6416625976562
0.9890962560486217 -0.10691352995786284 -0.08120480972920062 0.06052992862537479 -1.6094999560415622 0.10422696274051238 -0.24049357644876554
601.124267578125 -1 646.7369384765625 537.4971923828125 -1 646.7369384765625 537.4971923828125
0.9875947460464709 -0.11267844645496014 -0.0770836125584604 0.07757771562014691 -1.5376994545546694 0.11028009266774595 -0.16756977615107585
621.1768188476562 -1 804.3965454101562 762.845703125 12762 681.2914428710938 631.1914672851562
0.9850105249632792 -0.12020460754915545 -0.07722731611169834 0.09664915768749485 -1.4755368337082715 0.09972557130917542 -0.07659536731007924
784.7003173828125 12762 711.85791015625 664.7901611328125 -1 781.5479736328125 589.1404418945312
0.9820496102877727 -0.12503394435538284 -0.0786720985402904 0.11728502293061799 -1.434106471487983 0.09525965951575331 -0.012157475292827447
665.6679077148438 -1 750.04052734375 578.4637451171875 12957 686.2822265625 607.5216064453125
0.9790151188068041 -0.12930222800695496 -0.08365310225106053 0.13346343867857757 -1.3984652207468102 0.07904118781268261 -0.009769683159714508
600.6654663085938 -1 711.5567626953125 610.7025756835938 -1 711.5567626953125 610.7025756835938
0.9761818538774543 -0.1305896645021207 -0.09092113570433606 0.1474743190112567 -1.3693945248630013 0.07037606375825699 -0.0342315883662498
601.9776611328125 -1 989.351318359375 601.9776611328125 -1 672.7872314453125 389.0638427734375
0.9737432760886006 -0.13322682865661192 -0.10049395496660532 0.15484059355837917 -1.3351057925136203 0.08362276890414973 -0.058213853673550614
621.7952270507812 -1 823.0511474609375 341.2064514160156 -1 819.5792846679688 342.46380615234375
0.9731652196253209 -0.13391343727579022 -0.10953964172716033 0.15171589738346225 -1.2806297363295365 0.1362294937789555 -0.05194626487997689
567.185546875 -1 674.7536010742188 644.3755493164062 13142 1078.1402587890625 717.5797729492188
0.9722763749343408 -0.13457562004189294 -0.11656831402125138 0.15159116531355085 -1.2253716615694947 0.17219082944097355 -0.06580676874083903
0.5 -1 0.5 0.5 -1 0.5 0.5
0.9700976391495694 -0.139232885953185 -0.12658508995612006 0.15330032285152023 -1.1749820808067486 0.2023300344399491 -0.06170022321097307
665.3135986328125 13142 799.955078125 374.330078125 -1 803.9735107421875 376.93975830078125
0.9673916934054738 -0.14238343563137051 -0.13810690265534162 0.15750159436286676 -1.1289444134412818 0.22788610258658365 -0.08976541621534954
0.5 -1 0.5 0.5 -1 0.5 0.5
0.9645516166537821 -0.14198104762992717 -0.14902259032061071 0.16514789886226006 -1.0748490943415066 0.23913460591832233 -0.10300485925580274
486.42047119140625 13193 800.0314331054688 492.4108581542969 -1 796.6388549804688 388.6417541503906
0.9619966645963961 -0.1403632910419132 -0.1587309622559901 0.17223543611748374 -1.0137576946079425 0.24673067383461283 -0.12454811614866704
395.3660888671875 -1 824.7813110351562 396.8455505371094 -1 668.3767700195312 437.61981201171875
0.95972736322739 -0.13921170942595767 -0.16682259889739046 0.17808343193128484 -0.9598676000200553 0.2692904914262252 -0.129638993465689
426.4756774902344 -1 811.88916015625 405.36297607421875 -1 671.8604736328125 441.48516845703125
0.958074164307116 -0.13964164934042317 -0.17155753808963983 0.1821046857753236 -0.9072267429846131 0.306262852872311 -0.0831935656243843
418.9963684082031 13143 837.3389282226562 420.4319763183594 -1 776.20166015625 499.79364013671875
0.9573565848883282 -0.1415149411645264 -0.17302240468716795 0.1830440883350995 -0.8576160969471543 0.3722850364092293 -0.07158596288530063
439.3544921875 -1 831.8519897460938 437.2646789550781 13143 829.1399536132812 443.0069580078125
0.9561563808343744 -0.15088440692387908 -0.17496466649876208 0.17996176431096994 -0.8134207234133212 0.4352582557886751 -0.06473800155271475
4.5 -1 0.5 0.5 -1 0.5 0.5
0.953986258573817 -0.16061087611460037 -0.17787621559756575 0.1802065949146123 -0.8094326952198885 0.5024263817731657 -0.03033132748692392
16.0 -1 44.0 16.5 -1 63.5 21.5
0.9516864943014578 -0.1656792700729092 -0.1782359847973214 0.18728355441852979 -0.8526224210445442 0.5593407444483531 -0.04188784545362387
58.0 -1 88.5 86.0 -1 728.7262573242188 355.2628173828125
0.9483291363405152 -0.17190487052745268 -0.18244949030660484 0.1945064218565865 -0.8810235190360566 0.6013343339916917 -0.023735898010704398
412.1667175292969 -1 910.1948852539062 412.275634765625 -1 908.6944580078125 421.4297180175781
0.9436042618041104 -0.18120096351088794 -0.1844680961670468 0.20675765868366475 -0.9126343096738467 0.6114435789652686 -0.02188877731242545
72.0 -1 191.0 80.5 -1 151.0 85.0
0.9402636270177533 -0.18668056588858242 -0.18282903595937747 0.21823890953975775 -0.9246577466750335 0.6374126948041591 -0.004154654265225907
576.8870849609375 -1 793.1879272460938 578.9609375 -1 727.7489624023438 412.5099792480469
0.9360270151216237 -0.19207198468825026 -0.18130910833627523 0.2325699612906303 -0.9233351139414112 0.6650534723678331 0.06184607534409705
440.4356384277344 -1 860.4659423828125 598.4431762695312 -1 807.3582153320312 601.041748046875
0.9332310423994729 -0.19526471005365081 -0.18322037328686397 0.2395450047950894 -0.8972212728799833 0.7105787265836478 0.006416927192711437
0.5017803907394409 -1 0.5017637014389038 0.5017803907394409 -1 744.0228271484375 456.7790832519531
0.9322617991739848 -0.19738426003085258 -0.18383243093473906 0.24110791988149616 -0.8643674418464906 0.7527866374890368 0.004791802308066954
608.826904296875 -1 822.1713256835938 648.0930786132812 -1 679.7376708984375 344.3844299316406
0.9303077499517228 -0.1988259792068125 -0.18592381330919241 0.24582118707870515 -0.8158529117132588 0.7839915893761198 0.035209985707578245
0.5 -1 0.5 0.5 -1 0.5 0.5
0.9279559024287068 -0.1993111828147359 -0.18731360444312384 0.2531531337811963 -0.7163888769202561 0.8374415096765864 0.023548312792004266
0.5 -1 0.5 0.5 -1 0.5 0.5
0.9268458179408118 -0.19673473248301718 -0.1856021131056463 0.260392262579329 -0.6310142450793024 0.894206249898291 0.06785065620326619
0.5 -1 0.5 0.5 -1 0.5 0.5
0.9254346918978293 -0.19855821968190196 -0.18355050487616195 0.2654326215604054 -0.5442720383313513 0.9315992304047033 0.00976698241451053
0.5016478300094604 -1 839.3443603515625 527.6505126953125 -1 773.5066528320312 605.5855102539062
0.9238064144343135 -0.20052880704279072 -0.1821020706083887 0.27057114050864683 -0.4561308800632985 0.9690346465757413 0.027533997529035313
0.5 -1 0.5 0.5 -1 0.5 0.5
0.9221857506082677 -0.2031836563873726 -0.17717407431278503 0.2773070329860598 -0.3729035986716788 0.9984616283773642 0.045678435381344265
580.82373046875 -1 822.6724853515625 634.307373046875 -1 829.758056640625 633.28955078125
0.9201167064325931 -0.20672161909763617 -0.17513714099796698 0.2828045271638124 -0.2727828817658388 1.0399484215082295 0.10531720116062751
580.2228393554688 -1 844.0735473632812 654.0189819335938 13593 844.0735473632812 654.0189819335938
0.9202450476507239 -0.20182564961036112 -0.16760343636237104 0.29038689287431235 -0.22558578574009983 1.1249815448211715 0.015752625974507155
21.5 -1 14.5 21.5 -1 859.8170166015625 430.8544616699219
0.9180055927067106 -0.20490169362992444 -0.16275869141110516 0.29797757646664363 -0.113306744299469 1.1771745757833765 0.12595286528179997
448.5883483886719 -1 809.486572265625 620.2265625 -1 813.09326171875 586.0530395507812
0.9156527176039393 -0.20917715702209996 -0.16213698076961378 0.30255018954148166 -0.016938688606816146 1.2044454133510583 0.22020256218650844
0.5 -1 0.5 0.5 -1 923.3428955078125 471.879150390625
0.915462312290386 -0.20938821102487468 -0.15728437069891618 0.3055273450831994 0.059419995920023616 1.2434528084642311 0.1644846782799505
13.5 -1 965.3425903320312 556.252685546875 -1 1507.345458984375 597.0242919921875
0.9168523613890112 -0.21057374154498854 -0.15104916142331473 0.3036850302870589 0.21618642610643718 1.2763207657517748 0.21986279745914097
621.09814453125 13712 887.6813354492188 657.9381103515625 13552 962.6875 548.7092895507812
0.9221848818224628 -0.20651057528398378 -0.1415767647584288 0.2947616761292159 0.3169980702973736 1.3018887289663923 0.1163690783081458
548.7941284179688 -1 982.2930908203125 585.6380004882812 -1 911.6475830078125 620.2833251953125
0.9245539986925654 -0.20720673888073673 -0.14231230225971703 0.2863782105704569 0.4722817872223968 1.296748593063075 0.2285280819466866
617.9466552734375 13712 1072.634033203125 562.0824584960938 13708 608.4784545898438 632.7630004882812
0.9297037056640102 -0.20091518132312522 -0.13484977576278798 0.27766823290615944 0.5509097840644172 1.317528012685255 0.24233791635604554
706.5145874023438 -1 1238.6927490234375 706.5145874023438 -1 955.5481567382812 612.7190551757812
