65.61534118652344 -1 814.4998779296875 65.61534118652344 -1 296.2272644042969 85.6339340209961
225.9424285888672 26888 792.1815185546875 226.91714477539062 -1 678.0855712890625 311.6934509277344
25.515384674072266 -1 421.8514099121094 44.0010871887207 -1 610.3861694335938 80.29126739501953
71.04194641113281 5455 262.7879333496094 82.48319244384766 31885 259.3009338378906 85.31070709228516
41.35038375854492 -1 275.7392883300781 81.8796157836914 5455 661.599365234375 97.95708465576172
82.81617736816406 5459 760.5780029296875 85.64832305908203 21484 597.107666015625 86.3597412109375
5.003945350646973 -1 177.7138214111328 57.22196960449219 5455 574.7626342773438 77.04991149902344
81.137451171875 5459 708.443359375 84.88633728027344 8707 528.484130859375 85.80525970458984
239.8699951171875 -1 1089.8099365234375 268.9840393066406 -1 1108.802734375 297.08758544921875
39.136985778808594 35327 316.976806640625 85.7632064819336 5455 830.130859375 101.99876403808594
246.31349182128906 -1 691.0635375976562 260.0274963378906 -1 743.7321166992188 265.0809020996094
157.39454650878906 10927 1226.0533447265625 204.40167236328125 -1 1060.8685302734375 218.78338623046875
74.9076919555664 -1 422.3655090332031 74.9076919555664 -1 437.6924133300781 75.85166931152344
70.1898193359375 10919 415.3881530761719 70.1898193359375 1586 415.0347595214844 79.12689971923828
281.0108337402344 -1 611.5162353515625 299.5950622558594 -1 608.911865234375 301.03204345703125
205.08253479003906 -1 1119.335693359375 205.08253479003906 -1 672.3203735351562 250.28173828125
82.00660705566406 92040 519.9854736328125 109.15798950195312 15446 519.9854736328125 109.15798950195312
103.79627227783203 -1 1023.3812866210938 105.44216918945312 8709 1002.3040161132812 116.79470825195312
62.19998550415039 100956 437.82672119140625 64.70816040039062 5455 562.5653076171875 66.48399353027344
62.94230651855469 100956 379.237548828125 64.3327407836914 37687 374.499267578125 65.02162170410156
77.13484191894531 5455 1019.583984375 110.25537872314453 30317 1019.8187255859375 114.26871490478516
303.78656005859375 -1 687.6383666992188 306.47418212890625 -1 723.6534423828125 309.1842041015625
164.30526733398438 -1 663.5203857421875 233.82891845703125 -1 1172.44580078125 249.4873046875
239.6527862548828 22663 1152.883056640625 265.54864501953125 -1 954.2741088867188 277.18463134765625
86.03215789794922 30317 1043.022216796875 90.02098846435547 -1 483.2730407714844 91.69963073730469
85.5633316040039 30317 501.7767333984375 90.15010070800781 7891 460.29156494140625 92.81040954589844
89.52076721191406 7891 510.458740234375 110.2768325805664 879 1086.892333984375 126.47566986083984
220.7337188720703 23451 1019.1483154296875 223.9586944580078 22663 1071.9300537109375 236.8856201171875
152.4361114501953 -1 1005.267822265625 229.38059997558594 23451 1070.63525390625 257.35052490234375
212.07867431640625 -1 974.920166015625 242.6017608642578 23451 1074.7274169921875 243.84103393554688
70.9614486694336 -1 874.6348266601562 106.0157699584961 -1 78.96016693115234 108.30618286132812
20.482341766357422 -1 1096.7156982421875 20.482341766357422 -1 763.0587158203125 97.42195892333984
296.63507080078125 -1 1033.5826416015625 300.79705810546875 -1 746.7034301757812 313.0361633300781
319.6217041015625 -1 607.1192626953125 339.4981384277344 -1 971.9688110351562 360.6496887207031
290.2751770019531 -1 532.5595703125 307.2115478515625 -1 536.6150512695312 309.647705078125
263.142822265625 -1 679.2223510742188 263.6354064941406 -1 883.1905517578125 311.8548889160156
254.404052734375 -1 985.0144653320312 268.94134521484375 909 717.349609375 283.4375
196.56076049804688 7891 653.0569458007812 246.16419982910156 26888 799.9539794921875 272.0444641113281
308.03857421875 -1 638.4180908203125 308.03857421875 -1 808.7800903320312 319.94866943359375
314.9251403808594 27979 737.5665283203125 315.78900146484375 -1 729.3091430664062 327.1911315917969
285.0503845214844 -1 686.7697143554688 299.7799072265625 -1 849.8894653320312 313.557861328125
280.1289367675781 27979 1046.475830078125 309.0886535644531 -1 1046.475830078125 309.0886535644531
310.7924499511719 12351 1037.20703125 364.5545959472656 -1 572.97509765625 388.9564208984375
192.42739868164062 -1 565.2236938476562 256.2476806640625 -1 693.3905639648438 263.8210754394531
237.72628784179688 27979 1005.7418823242188 329.8507080078125 -1 785.1727294921875 335.3983154296875
113.63504028320312 39278 734.45849609375 121.02178955078125 -1 602.6534423828125 125.51199340820312
4.475525379180908 -1 748.9408569335938 36.752559661865234 -1 801.5906372070312 40.0755729675293
44.652915954589844 104864 541.4038696289062 55.757484436035156 116986 1104.68212890625 63.0213508605957
69.25043487548828 -1 1113.9879150390625 69.25043487548828 -1 627.4756469726562 81.07390594482422
238.1175994873047 -1 886.1663208007812 258.5799865722656 -1 865.6673583984375 305.8211669921875
117.00212097167969 -1 444.1376953125 161.90260314941406 11527 607.2589111328125 166.95440673828125
83.1900863647461 -1 1219.2767333984375 83.1900863647461 -1 684.32275390625 86.3539810180664
88.14273834228516 -1 648.194580078125 89.53221130371094 -1 566.11962890625 100.76081848144531
151.1168212890625 -1 1176.1678466796875 179.1934356689453 -1 1176.1678466796875 179.1934356689453
143.86566162109375 -1 1062.0096435546875 153.388916015625 -1 1061.932861328125 163.74156188964844
211.9577178955078 -1 1362.4091796875 271.9516906738281 -1 676.3656616210938 298.899169921875
203.70948791503906 -1 770.7973022460938 203.70948791503906 -1 1243.9130859375 234.63705444335938
209.42845153808594 -1 894.8076782226562 215.9605712890625 -1 934.069091796875 228.31832885742188
279.025146484375 -1 1052.6361083984375 301.37664794921875 -1 1052.6361083984375 301.37664794921875
228.82467651367188 -1 1098.882080078125 295.865234375 -1 1003.3955078125 307.3514404296875
61.97425079345703 -1 1001.4237060546875 61.97425079345703 -1 986.6813354492188 62.62539291381836
120.4785385131836 -1 1049.48876953125 120.4785385131836 -1 1160.677490234375 240.47003173828125
251.50132751464844 -1 830.8759765625 278.3449401855469 -1 1156.692626953125 287.0430908203125
36.721351623535156 -1 1069.58544921875 50.88888931274414 -1 1069.58544921875 50.88888931274414
54.455501556396484 92040 1083.0640869140625 81.33943939208984 15446 1083.0640869140625 81.33943939208984
277.6933898925781 50647 747.5391845703125 286.8028259277344 48093 1201.8240966796875 286.7524108886719
215.8256072998047 -1 601.0548095703125 215.8256072998047 -1 812.0337524414062 239.74217224121094
39.44736862182617 94797 1146.8524169921875 44.48922348022461 -1 1146.8524169921875 44.48922348022461
137.37661743164062 -1 1078.3748779296875 159.46060180664062 40311 1079.1231689453125 163.61488342285156
243.1263885498047 32809 923.1658325195312 247.03550720214844 46181 923.1658325195312 247.03550720214844
161.74734497070312 40374 998.7997436523438 283.0079650878906 -1 928.8215942382812 285.6911315917969
301.01513671875 10383 1048.3677978515625 313.52435302734375 14839 1021.1915283203125 330.61639404296875
304.8774108886719 981 1068.6214599609375 315.0260314941406 14839 785.7755126953125 316.6142883300781
235.60606384277344 70419 747.5142822265625 253.20753479003906 -1 425.6982116699219 256.3110656738281
86.8355941772461 -1 1039.5303955078125 171.60525512695312 -1 1211.18408203125 174.83187866210938
10.68303108215332 50850 810.748779296875 18.295461654663086 53972 1024.3387451171875 42.95051574707031
13.510161399841309 50850 811.9545288085938 20.757369995117188 53972 1027.0986328125 42.36396026611328
15.157852172851562 -1 1036.71484375 37.69051742553711 45138 1225.7078857421875 68.18394470214844
275.3970031738281 -1 1158.460205078125 283.1539306640625 -1 1175.2230224609375 301.5394592285156
307.92291259765625 -1 1062.1666259765625 317.6112060546875 -1 1067.3187255859375 322.6531677246094
267.4422302246094 -1 1136.3575439453125 291.5398864746094 -1 976.9659423828125 314.6654357910156
265.038818359375 -1 1003.234375 317.52947998046875 -1 1014.4157104492188 326.4565734863281
279.9745788574219 -1 1260.42919921875 292.0113830566406 -1 1260.42919921875 292.0113830566406
112.14158630371094 -1 1070.094482421875 112.14158630371094 -1 1161.91015625 216.58604431152344
231.52761840820312 -1 1167.3653564453125 260.6713562011719 -1 1189.101318359375 277.90509033203125
196.52642822265625 -1 1096.0001220703125 283.3866271972656 -1 1116.4091796875 307.1375427246094
301.48480224609375 -1 1156.249267578125 301.48480224609375 -1 1229.0672607421875 308.1326904296875
303.7200927734375 -1 643.3084106445312 308.9717712402344 -1 1176.2952880859375 343.9046630859375
336.3824462890625 -1 621.7871704101562 339.69586181640625 -1 669.2420043945312 345.7681579589844
305.6297912597656 -1 717.9652709960938 324.1302490234375 64821 744.3275756835938 325.46429443359375
281.9284362792969 60867 733.3233642578125 310.5725402832031 -1 733.3233642578125 310.5725402832031
216.3102569580078 -1 821.8949584960938 216.3102569580078 -1 1250.1436767578125 289.2013854980469
281.8519592285156 60867 1309.1029052734375 300.3671569824219 -1 781.1203002929688 309.9182434082031
254.91050720214844 -1 1199.9056396484375 258.9443664550781 -1 869.7898559570312 261.3503723144531
153.19070434570312 -1 844.5587158203125 187.3636016845703 -1 564.2672729492188 202.4685821533203
296.1040954589844 -1 861.76513671875 296.1040954589844 62847 607.4823608398438 315.50885009765625
300.42742919921875 -1 884.55224609375 317.4353332519531 60082 884.55224609375 317.4353332519531
306.5704345703125 -1 906.9874877929688 316.3622741699219 -1 893.9629516601562 319.00433349609375
311.609619140625 -1 449.8041076660156 320.2813415527344 -1 930.2989501953125 328.1229248046875
199.01722717285156 -1 1112.6199951171875 226.58140563964844 -1 1128.427978515625 228.87612915039062
165.29931640625 -1 1064.793212890625 210.6844482421875 -1 1097.5623779296875 230.8873291015625
282.46319580078125 69409 790.8895263671875 282.46319580078125 -1 814.201416015625 282.4554138183594
236.65301513671875 -1 797.927978515625 283.094482421875 -1 955.1642456054688 333.87384033203125
227.98114013671875 -1 993.7129516601562 229.78378295898438 -1 1014.8355712890625 243.4055633544922
239.1881103515625 -1 1001.995361328125 252.4613800048828 -1 1125.7982177734375 292.6831359863281
236.4242401123047 -1 1058.400634765625 267.8680419921875 -1 1096.055908203125 288.4494934082031
196.4371795654297 -1 1314.42919921875 230.91429138183594 -1 954.8718872070312 270.675048828125
236.56643676757812 -1 1074.1700439453125 236.56643676757812 -1 1365.2862548828125 243.3885040283203
107.86387634277344 -1 1138.6326904296875 125.3895263671875 -1 1126.123779296875 130.05323791503906
275.44158935546875 -1 879.7702026367188 329.3715515136719 -1 938.9801635742188 343.3414001464844
78.6469955444336 -1 772.0079956054688 121.54633331298828 -1 825.6201782226562 131.66236877441406
221.47225952148438 -1 777.9974975585938 233.43524169921875 79474 735.4739990234375 257.08056640625
91.1794662475586 -1 688.2432250976562 96.77782440185547 78174 808.9293212890625 115.14096069335938
54.60722351074219 -1 1214.6798095703125 78.08197784423828 -1 1211.6041259765625 82.86219787597656
70.48865509033203 -1 1211.396484375 83.24211883544922 -1 935.548828125 118.99124145507812
85.61590576171875 78174 945.1231689453125 115.57907104492188 76614 945.9700927734375 119.85799407958984
92.15252685546875 78174 841.1060791015625 115.95016479492188 -1 961.2124633789062 120.30188751220703
162.23793029785156 -1 794.9013671875 162.23793029785156 -1 949.4999389648438 234.425048828125
83.6172103881836 -1 966.3244018554688 109.13666534423828 -1 966.3244018554688 109.13666534423828
121.8945083618164 -1 986.4730224609375 148.91403198242188 -1 986.4730224609375 148.91403198242188
200.565673828125 -1 1127.538330078125 215.5260009765625 -1 1277.1787109375 218.7637939453125
178.94979858398438 -1 355.1267395019531 216.49697875976562 -1 359.6603088378906 222.74168395996094
312.98602294921875 -1 769.439697265625 326.2243957519531 -1 920.784423828125 332.4003601074219
258.942626953125 -1 945.6182250976562 293.2743835449219 -1 998.091796875 303.626708984375
137.70570373535156 -1 587.8587646484375 137.70570373535156 84148 596.2386474609375 177.3404541015625
123.025390625 -1 612.46630859375 149.4562225341797 84148 612.46630859375 149.4562225341797
219.6147918701172 -1 1067.616455078125 219.6147918701172 -1 719.0661010742188 226.8831329345703
130.91734313964844 84148 715.3863525390625 203.7466278076172 -1 715.3863525390625 203.7466278076172
206.01625061035156 84150 785.6473388671875 236.101318359375 -1 813.1124267578125 283.3606262207031
272.18548583984375 -1 1087.8553466796875 298.36456298828125 88097 1012.8778686523438 316.5459899902344
282.1899108886719 -1 856.4830322265625 293.873291015625 47556 1121.4132080078125 306.1551513671875
352.6432189941406 -1 966.0515747070312 360.2723693847656 -1 367.3685302734375 370.5008850097656
283.4572448730469 -1 1156.614501953125 298.9384765625 -1 1155.41943359375 312.179931640625
299.1312255859375 -1 790.656005859375 323.79510498046875 -1 1209.33984375 325.8565979003906
248.4561767578125 -1 1287.0413818359375 249.50042724609375 -1 1284.6104736328125 249.990234375
360.1645812988281 -1 853.8096923828125 361.4382629394531 -1 868.8856811523438 364.8834533691406
348.4414367675781 -1 703.5943603515625 363.2689514160156 -1 905.6466674804688 372.5461120605469
0.9886735142810191 5.4917909371586675e-05 0.14243614831671017 -0.0472929465770854 0.1580076216470337 0.527543852283873 0.06130785708967775
151.25839233398438 -1 709.1300048828125 151.25839233398438 -1 494.7766418457031 214.94381713867188
0.9883848687587121 0.0018516239452159265 0.14384835036469049 -0.04898545493252425 0.08607386293991465 0.5302082848418925 0.07000269262740265
209.7266845703125 -1 817.9378051757812 219.0738067626953 -1 876.745849609375 221.5432586669922
0.9888226018060432 -0.0007315991861643755 0.14115940909725969 -0.047993209347475106 0.22417415556921003 0.5164900010098941 0.05762744248395979
236.31236267089844 -1 767.65673828125 236.31236267089844 -1 664.616455078125 254.9001922607422
0.9881179851125067 0.00308956918233519 0.1452238319338618 -0.050232864719356986 0.009944999807318207 0.5376848840330513 0.06415601167647808
76.7811508178711 -1 939.6531982421875 212.0476837158203 -1 1027.6741943359375 231.68203735351562
0.9889827136329793 -0.000599678598864844 0.14038565238461773 -0.046954245018654917 0.2928955857861932 0.5011925032160084 0.06390157498269038
156.62362670898438 -1 917.87158203125 156.62362670898438 -1 662.4131469726562 228.10055541992188
0.9877162270964446 0.004499388206302471 0.14629098320622175 -0.05472986815890208 -0.08847599862917853 0.5654309054846622 0.04075361820158686
153.8361358642578 -1 924.4464721679688 219.35653686523438 -1 892.597900390625 221.13868713378906
0.9891685767874479 -0.0014269414364424787 0.13978686493270662 -0.04475626131299686 0.3645785603483002 0.4934478862982497 0.06917490882628796
196.86849975585938 -1 688.5786743164062 225.2421112060547 -1 908.7757568359375 243.62939453125
0.9893666518939693 -0.00262833738478539 0.13867564212970804 -0.0437696954824034 0.42900358864574717 0.4819286968002313 0.07210012511234562
103.3832015991211 -1 829.0699462890625 110.87540435791016 -1 829.0699462890625 110.87540435791016
0.9896729365209388 -0.00481166717389915 0.1371006032708066 -0.04156622619159045 0.479588096144283 0.4618497277345841 0.09403263525304548
104.77128601074219 -1 910.9557495117188 134.3003692626953 -1 847.693115234375 209.60574340820312
0.9874458688571202 0.004808427016175955 0.1471713770379278 -0.057167481030717136 -0.17331497537249707 0.5997949702233386 0.023657548886613127
120.40232849121094 -1 734.7405395507812 120.40232849121094 -1 841.44384765625 223.240234375
0.9873067933496453 0.004404603008215466 0.14683182720027863 -0.06038468182418743 -0.2507374791579735 0.6373789600716243 0.006625831492114986
109.0789566040039 -1 876.8960571289062 202.4076690673828 -1 905.0787963867188 217.7872772216797
0.9873690204576154 0.0027244887706181077 0.14637402726708423 -0.06057754322455324 -0.34206604763460613 0.6818781050165973 -0.02472959976859558
198.63662719726562 -1 340.4595947265625 211.50628662109375 -1 340.4595947265625 211.50628662109375
0.9872439489385385 0.0014430185934588276 0.14704630707370578 -0.06103021020416917 -0.42559179565826494 0.7263968264409725 -0.04359295515501892
51.71638488769531 -1 727.0856323242188 133.9228515625 -1 746.194580078125 235.9785919189453
0.9871367239801422 0.0023241463475515097 0.14701744756191354 -0.06278181763765682 -0.5094575848685455 0.7619765703081172 -0.061542299398678474
215.6808624267578 -1 203.46116638183594 237.7908477783203 -1 203.46116638183594 237.7908477783203
0.9873782066272133 0.002799240112589541 0.14599122682777985 -0.06134332092200353 -0.5925701193106229 0.7879788934346791 -0.07572319143698947
216.88514709472656 -1 822.068115234375 229.1032257080078 -1 885.6184692382812 256.6189270019531
0.9873243034283088 0.003009851819270306 0.1463392123762926 -0.06137178156870829 -0.6726605832689668 0.814085474824267 -0.08058915191311146
229.4353790283203 -1 860.2258911132812 267.0799865722656 -1 863.840576171875 272.733154296875
0.9872843446840633 0.004080311937465838 0.14723331069158077 -0.05979402996160358 -0.7568028385164951 0.8421756447179576 -0.06870067674535224
144.151123046875 -1 410.9991455078125 228.33795166015625 -1 410.9991455078125 228.33795166015625
0.9872097121740595 0.0035707328857641405 0.1478136053169739 -0.059626941386146395 -0.8465649426929308 0.8712317047017601 -0.06359027353916637
232.003173828125 -1 389.3603515625 232.003173828125 -1 363.5657958984375 242.3422088623047
0.9903303874031735 -0.009521139120223523 0.13384073631373514 -0.03523817530365334 0.563939380540685 0.4442364012515238 0.12851073259626303
201.46034240722656 -1 828.260009765625 201.46034240722656 -1 1039.194091796875 204.78195190429688
0.9907953616912384 -0.008770598541096953 0.13096670812487013 -0.03309606041954455 0.608887311920844 0.4412228248114308 0.13280395410365442
27.771310806274414 -1 734.7196044921875 120.54936981201172 -1 796.9559326171875 215.54067993164062
0.9909174688171078 -0.01315293454567391 0.13047512885667187 -0.029762578110242032 0.6445825208399335 0.4193625471382048 0.15938263559189605
207.75137329101562 -1 813.2616577148438 229.00770568847656 -1 971.5064697265625 232.16062927246094
0.9871911889463016 0.002103676313189456 0.14905957611872273 -0.056836377260195824 -0.9270924450029836 0.9014727486109979 -0.061803559909018445
214.61964416503906 -1 332.4765319824219 253.71620178222656 -1 332.4765319824219 253.71620178222656
0.9868203510144896 0.0008279304189374926 0.1522296555458099 -0.05487295624681707 -0.9952927894611564 0.9368187084498949 -0.05585512328720356
214.61163330078125 -1 414.4553527832031 218.1919403076172 -1 414.4553527832031 218.1919403076172
0.9863118479960645 -0.0010179662492606027 0.15598693859260038 -0.05344134388104247 -1.0657239139188905 0.9704301255305952 -0.04763555315930468
251.1524658203125 -1 335.0578918457031 251.1524658203125 -1 517.8089599609375 261.888671875
0.9785865417272066 -0.02972716930635496 0.18438048460082698 0.08653619273911788 -1.1931735131381938 0.6456867895872425 0.11704247690192145
204.88662719726562 -1 488.79766845703125 204.88662719726562 -1 637.5316772460938 211.7926483154297
0.9792557500398504 -0.03187652725004836 0.17891403605321693 0.08962048162956406 -1.286455209272802 0.5849359074844616 0.12635328534936968
212.96336364746094 -1 495.1661071777344 214.35845947265625 -1 608.8265380859375 215.8866424560547
0.9786762013619975 -0.0314463158334536 0.18275621406998713 0.0883413172131744 -1.2367710715096902 0.6112127713022596 0.12526319833490182
243.2315673828125 -1 684.0440673828125 251.1719512939453 -1 629.9940795898438 313.0383605957031
0.9811086012589383 -0.001579775125871647 0.18570632675867907 0.054190193283288106 -1.1097035962028248 0.8622873178532541 0.12349075507897848
186.84043884277344 -1 617.2589721679688 186.84043884277344 -1 675.0564575195312 207.163330078125
0.9814880219246255 -0.003436887856518827 0.18346938927173015 0.05484919161305724 -1.072804625572431 0.8580238777903834 0.11843305953780124
185.02346801757812 -1 666.5589599609375 204.7784881591797 -1 614.5042114257812 212.05792236328125
0.9818414621953652 -0.006580724778290803 0.18083568676368458 0.05694287987243283 -1.0313438883431185 0.8611116786385018 0.10264397860693267
221.1687469482422 -1 606.9971923828125 223.37704467773438 -1 468.8936462402344 229.28216552734375
0.9822074049049062 -0.009103724244731689 0.1794353515990083 0.05466891759844696 -0.9897830269691718 0.8774751313407627 0.09418012394282789
219.9532012939453 -1 660.0840454101562 219.9532012939453 -1 436.479736328125 225.99539184570312
0.9787311455848173 -0.026849064168992416 0.18711644351662143 0.07969886436563244 -1.0960354731823163 0.7492320063187732 0.09366564305335125
220.49400329589844 -1 692.941650390625 230.78628540039062 -1 562.0782470703125 236.1698760986328
0.9824038204985458 -0.011829408732346733 0.1771883950102646 0.05785387828478334 -0.9483921905670961 0.8912575749560262 0.0772475691905425
185.87283325195312 -1 506.5931701660156 188.63124084472656 -1 506.5931701660156 188.63124084472656
0.9829998728390777 -0.013476036994197728 0.17476478702128084 0.054652681935056714 -0.8971664715156127 0.9156223577062854 0.049762907108389424
187.9725799560547 -1 509.9519348144531 188.4702606201172 -1 697.9951782226562 208.97366333007812
0.9791486735156881 -0.028060577845223273 0.18510988370804973 0.07883406672912918 -1.1483240195720015 0.6985816143507356 0.1045940630099628
234.42922973632812 -1 372.82281494140625 253.34156799316406 -1 288.82659912109375 282.8259582519531
0.9807441104270209 -0.0005348568522329654 0.18825002900767304 0.05198682880758814 -1.157326089450388 0.8752301945003949 0.12843890271295494
198.16371154785156 -1 495.1164245605469 214.65713500976562 -1 495.1164245605469 214.65713500976562
0.9831167482591291 -0.014166605892827972 0.17476924186961645 0.052311362687214896 -0.8347088752531678 0.936672556879318 0.02131614865096482
193.50306701660156 -1 691.8900756835938 198.41397094726562 -1 713.05224609375 203.58238220214844
0.9791224153233448 -0.02039640622240488 0.19064053487188776 0.06752383940765587 -0.8073951020020466 0.9183424571993518 0.0171154491068486
202.44369506835938 -1 495.1270751953125 214.23281860351562 -1 508.18865966796875 223.55178833007812
0.9801284590822464 -0.017534378178293765 0.18825028562373955 0.06002148983107851 -0.7450825211445442 0.9494634965597625 0.008964050163250338
190.7373046875 99179 636.627685546875 210.27798461914062 -1 758.348388671875 217.02914428710938
0.980644998825244 -0.016490369313094142 0.18675515576423957 0.056444360164940595 -0.6871245962434904 0.9708383931509754 0.01310808211132031
201.8594207763672 -1 716.04736328125 208.36849975585938 -1 596.025634765625 217.85719299316406
0.9819619940044548 -0.01542329045025595 0.17945293113497246 0.05752747125981653 -0.6654134545618534 0.9732318882802838 0.032272229127103313
200.964599609375 -1 732.7826538085938 222.2417449951172 -1 624.2562866210938 227.96592712402344
0.9815866659471649 -0.01658199600749111 0.18058897912165114 0.0600022938139558 -0.6238717290672877 0.9842969100189086 0.03735886078502885
218.25233459472656 -1 735.9261474609375 228.76071166992188 99428 645.912109375 233.05772399902344
0.9808312765428482 -0.015697896720213628 0.18646657209657932 0.05434887749015381 -0.6332376854050655 0.9957069533600481 0.03490323640426876
213.1500244140625 -1 760.90576171875 212.9188690185547 -1 681.0367431640625 213.77015686035156
0.9812087938846196 -0.01671145347036907 0.18272455395681456 0.05968054547070781 -0.5851655852959723 0.9946847569766694 0.04399614064262509
209.58799743652344 102356 672.1795043945312 227.2278289794922 -1 673.714111328125 237.5332794189453
0.9809080438150192 -0.01826031882480582 0.18384388921026976 0.060723922266689254 -0.5618205839340401 0.9972479480938646 0.04295987371572651
225.16412353515625 -1 865.1218872070312 225.0806884765625 99476 650.0260009765625 227.2831268310547
0.9807736163414064 -0.01892061214876942 0.18432457627248677 0.061233769331014425 -0.5385975045571892 0.996515159632016 0.033928583993767227
226.50050354003906 -1 847.1231079101562 228.07814025878906 -1 669.8382568359375 229.1094207763672
0.9808552470956756 -0.017446967726074042 0.18548986288753866 0.05667537673459935 -0.5115671911768096 0.999722387092689 0.02796094556865778
219.61904907226562 -1 643.1325073242188 220.41702270507812 -1 643.1325073242188 220.41702270507812
0.9809532051244578 -0.012966834213467908 0.18648830104501424 0.05277105399627642 -0.4755449608025139 1.0030313029256723 0.017485506407046318
213.37374877929688 -1 867.9072875976562 216.41360473632812 -1 867.9072875976562 216.41360473632812
0.981049414890774 -0.007796540891478156 0.18682047949690034 0.05078747811366261 -0.43123697406046996 1.0023090488855722 0.01912966344453107
197.36680603027344 -1 878.5986328125 202.94784545898438 -1 895.607666015625 204.84759521484375
0.981246665275202 -0.015585590248620086 0.1851576639717668 0.05127095411064767 -0.579577390709372 1.0243459526833454 0.0581053975012257
221.2410125732422 -1 893.1356201171875 229.90457153320312 -1 376.5719299316406 234.13027954101562
0.980977570587566 -0.00392890215450646 0.18772914379843672 0.049247723812205595 -0.3898958926995986 1.0069044454370688 0.027688541647960002
187.123779296875 -1 881.4655151367188 193.31851196289062 -1 923.8876342773438 195.64517211914062
0.9809281984455362 -0.002811422589557248 0.1878340956985606 0.04990308498000517 -0.34392246971205864 1.0098931501183086 0.033837765562060716
182.5186309814453 100588 786.0948486328125 193.40089416503906 -1 844.5294189453125 202.0546112060547
0.9824811840180006 -0.014453062466181298 0.17839390896254964 0.051936935614244534 -0.7119715673890422 0.9662400261847444 0.020690231995416926
227.08187866210938 -1 546.5776977539062 227.64950561523438 100006 491.9613037109375 233.63218688964844
0.98296427261253 -0.014029099042192834 0.17640803894411608 0.04964500924841652 -0.7661061634057221 0.9544437553304155 0.016566712810440403
197.9424591064453 -1 764.7623291015625 205.05404663085938 -1 744.3680419921875 205.44517517089844
0.9816774063718737 -0.01521542283402077 0.18362302589769275 0.048585441102747096 -0.47429088017211146 1.084124547748559 0.05234463951663053
266.0574951171875 -1 776.6434936523438 266.89093017578125 -1 718.958984375 293.97076416015625
0.9789866728622313 -0.022504419930032826 0.1914522365542977 0.06651831747803301 -0.8650767544470781 0.8994917882518036 0.03219634933021859
196.39736938476562 -1 771.1380004882812 200.6987762451172 -1 453.68792724609375 218.58847045898438
0.9813285997720749 -0.015613509458642235 0.1846651166494381 0.05147030488168386 -0.5323170013837983 1.0501230708717264 0.06296675376200642
237.87924194335938 -1 665.113525390625 253.2240447998047 -1 749.9474487304688 255.04942321777344
0.9808372166333428 -0.0024074301260098804 0.18853042290524932 0.04907991836090814 -0.2896869519835667 1.0134619670202036 0.040797492577804795
196.74778747558594 -1 977.9022827148438 209.3798065185547 -1 946.1387939453125 215.97764587402344
0.9806604280205177 -0.0020175602959149235 0.18927457621436533 0.04976132196736626 -0.23408651390903984 1.021199655049822 0.05472143173727622
186.4158477783203 -1 731.9197387695312 186.4158477783203 -1 807.5474243164062 207.04087829589844
0.980749452613867 -0.0023058615560162237 0.1888903630174713 0.049453260349673664 -0.17896524339257416 1.0317939433899996 0.0695772729336529
206.89598083496094 -1 926.8428955078125 211.5550537109375 -1 933.501708984375 216.5579071044922
0.9822153858280973 -0.016743268686757788 0.18033637753452988 0.04951151112588431 -0.43789018163722343 1.114372822312725 0.04344700201886739
215.13986206054688 -1 681.9129028320312 271.58074951171875 -1 681.9129028320312 271.58074951171875
0.9810611909262598 -0.00320816483308093 0.18699881229016674 0.050399320817048704 -0.12952170230820603 1.04429254274939 0.07748157692531604
208.4521484375 -1 747.6451416015625 227.75564575195312 -1 676.6128540039062 231.4634246826172
0.9812821644473806 -0.004302650389700893 0.18555090572594235 0.05135817677225967 -0.09340321747863575 1.0522130962471627 0.08838740014191246
216.85125732421875 -1 911.1608276367188 221.66456604003906 102359 762.0829467773438 233.5226593017578
0.9816658746465464 -0.005381751155754731 0.18317342351774737 0.05244658450000899 -0.06600623021591859 1.0580314909608286 0.08714569795131792
220.24227905273438 -1 879.0771484375 235.17254638671875 -1 445.2386779785156 240.4406280517578
0.9822140030600046 -0.005455386158643395 0.17995904435270746 0.05329759197526379 -0.04964755567578762 1.0648178387449774 0.08089082563113112
221.10769653320312 -1 830.5731811523438 221.10769653320312 -1 824.949462890625 223.8159637451172
0.9826948873699302 -0.0058403773083941166 0.1775503651814112 0.05246442750896667 -0.02726225371943207 1.0686016616490557 0.06862644391888748
240.96188354492188 -1 716.8809814453125 243.94351196289062 102345 723.9352416992188 245.17697143554688
0.9829722423617465 -0.005244351574060214 0.17637297523600226 0.051289776069779955 0.0015623406672629386 1.0691606332595645 0.06314772522209097
220.25523376464844 -1 826.8799438476562 222.45257568359375 -1 826.8799438476562 222.45257568359375
0.9831985265164929 -0.004312008633564118 0.17597633489236278 0.04831556266041626 0.04122771167366957 1.0674935700876633 0.06011776710721254
221.07803344726562 -1 855.568359375 222.19468688964844 -1 728.1707153320312 227.34912109375
0.9828646869525677 -0.019010664697957674 0.17533813454298647 0.05359235341313676 -0.4135024167922396 1.1457250820864655 0.0339430342192932
26.18499755859375 -1 883.15380859375 278.0089111328125 -1 948.4632568359375 292.2588806152344
0.9789161259854091 -0.02289895347988828 0.19078616213332508 0.06927839889663533 -0.9350145340230013 0.870048161050971 0.03960935579674884
192.31227111816406 -1 681.991455078125 206.5520477294922 -1 504.73077392578125 211.062255859375
0.978756331204825 -0.025011192506258134 0.18921598827517414 0.07488520652929456 -1.0288329856203113 0.8102293315560533 0.07382607735769517
183.39752197265625 -1 677.6765747070312 229.1737518310547 99158 677.6765747070312 229.1737518310547
0.9832806600157264 -0.004027974282556675 0.1755633577781538 0.04817080514042147 0.08084944443190073 1.0655728841794003 0.05779468931405505
240.54786682128906 103411 698.0534057617188 244.0499267578125 103412 693.4840698242188 257.4395751953125
0.9834800319637766 -0.003921541492887213 0.17454365840747432 0.04781380083807826 0.1343332213285524 1.0607055872725397 0.051100644179895564
216.03683471679688 -1 968.0274047851562 250.88287353515625 -1 960.0125122070312 299.8439636230469
0.9834885263159634 -0.019500205149684625 0.1718344468772539 0.05331963494213846 -0.3749485681380725 1.179441184594407 0.011633531169045959
102.7030258178711 -1 1567.6085205078125 102.7030258178711 -1 831.228271484375 216.38502502441406
0.9803338874921991 0.0005765392160614509 0.19084465223648645 0.05023400590933691 -1.214514180312589 0.8915205283955194 0.1409075054261687
204.8242645263672 -1 495.1249694824219 214.81895446777344 -1 495.1249694824219 214.81895446777344
0.9792006624944225 -0.03378518954340076 0.1773960270786525 0.0924947193882464 -1.3312437564891646 0.557061855709967 0.12989822858653108
273.5870056152344 -1 717.0384521484375 273.5870056152344 -1 310.05059814453125 278.8045959472656
0.9835987282331983 -0.003663697150054016 0.17381022842389549 0.04806374555172678 0.19533099916951657 1.0575173887189628 0.046407266673453164
215.23605346679688 -1 1084.1619873046875 279.8885192871094 -1 1097.3092041015625 302.44610595703125
0.9836745972872386 -0.003082652883485459 0.17325914082244623 0.04853920090459806 0.2524967883169626 1.0559132750359617 0.045810527151646664
222.77833557128906 -1 1132.289306640625 250.97630310058594 -1 1131.466064453125 269.04510498046875
0.9838916864018645 -0.004055924765612116 0.17162722866100974 0.04984770090718691 0.30152208925155577 1.0530338514939712 0.046627364710580106
211.13629150390625 -1 844.9642944335938 230.53680419921875 -1 862.0162963867188 230.25234985351562
0.9793205374675331 -0.034609490360681075 0.17859941114523323 0.0885195933669608 -1.3666860387277318 0.5422892549832452 0.14555075252105656
273.4336242675781 -1 472.0588684082031 296.9782409667969 -1 752.6830444335938 318.22528076171875
0.9843795667567331 -0.0036250743945435006 0.16916270033254774 0.04865910196110497 0.34014914588790207 1.0545126743028546 0.051054440939099006
234.19180297851562 103416 1100.219970703125 239.2476043701172 -1 800.8262329101562 242.99415588378906
0.9845557146452036 -0.0033303990453072397 0.16881647380167342 0.04625960845965109 0.3823992594665848 1.0517363076133501 0.057226520423506226
233.53750610351562 -1 1076.0281982421875 235.38583374023438 -1 983.994384765625 269.0831604003906
0.9861274527708461 -0.0020970749087299797 0.15826711609021854 -0.049997691276650026 -1.1392966491104741 0.9956482107408786 -0.038382428898649575
214.43919372558594 -1 385.01422119140625 222.95364379882812 -1 468.8874206542969 309.0869140625
0.9799261727840127 0.0012653426832428477 0.19357279232426314 0.04767251695221172 -1.286724748508272 0.909978149746037 0.14362838609836318
250.56143188476562 -1 488.05633544921875 335.4306945800781 -1 488.05633544921875 335.4306945800781
0.9796228934124813 -0.03365231948149464 0.17985059641784115 0.08282675330966735 -1.4069535888424274 0.5346068146687375 0.13157920173838222
308.8005065917969 104230 736.8465576171875 310.26025390625 107677 735.265869140625 312.95550537109375
0.9795113315682764 -0.0011394624410321322 0.1954369968422516 0.04858634808224761 -1.355731444533938 0.9186966514103758 0.1310758409616102
194.17283630371094 -1 498.66632080078125 194.17283630371094 -1 494.9665832519531 214.66688537597656
0.9859544427214086 -0.0035540672645878557 0.16016496161211471 -0.04720583179634877 -1.2075587554619684 1.0118153417817586 -0.025218278845893144
219.22525024414062 -1 265.5376281738281 317.193603515625 -1 1088.5421142578125 340.4754333496094
0.979282229233545 -0.0024550508083993404 0.19659911925898374 0.04846725223796513 -1.4126491064886961 0.9288635830045543 0.1277167166351438
221.43563842773438 -1 873.2544555664062 226.30184936523438 -1 449.0871276855469 293.1985778808594
0.9790481881055957 -0.0024785654673097025 0.19771309162977108 0.0486624647811039 -1.464864441331362 0.9318714248277401 0.1380703501291514
216.0320281982422 -1 739.026611328125 225.1159210205078 -1 565.3092041015625 238.38194274902344
0.9858360276120004 -0.006042245930533801 0.16199542023712743 -0.04299188002986835 -1.2873497479705702 1.0409238843222048 -0.025894264687114917
223.2483367919922 -1 370.5091247558594 243.19618225097656 -1 400.8244323730469 247.83078002929688
0.9854762472246247 -0.0069139430547671375 0.16451224783180837 -0.041526905264316294 -1.3389220426831236 1.0783989346613259 -0.022672432676639327
303.14898681640625 -1 933.8165893554688 314.88580322265625 -1 1054.2630615234375 329.4961242675781
0.978478568742961 -0.0033629294187875296 0.20071703603958072 0.04776036704147551 -1.5150652623205698 0.9375734589609827 0.142550717162455
214.69276428222656 -1 821.4898071289062 215.5816192626953 -1 743.76806640625 306.3184509277344
0.9845482253826623 -0.0019394507440640316 0.16958692029248745 0.04360397794205685 0.4332592881760338 1.0560972971710856 0.0587639741830113
235.09474182128906 -1 882.08154296875 238.04331970214844 103416 988.3649291992188 304.68939208984375
0.9780084990190828 -0.0045057302298054476 0.20362765626429888 0.04488710110761842 -1.5673323627687943 0.9423775881284415 0.14860297000052222
210.54745483398438 -1 436.36700439453125 225.84231567382812 -1 436.36700439453125 225.84231567382812
0.979738956055505 -0.03372517836804524 0.17983825985529459 0.08143949056528095 -1.4696320133415042 0.503623005112395 0.10942066573301137
233.0912628173828 -1 509.9679870605469 233.0912628173828 -1 708.8640747070312 311.8316345214844
0.9853292273929697 -0.005787650717824176 0.1648894405226804 -0.043638161607239614 -1.376199857451317 1.1198435972989826 -0.026869475793357706
287.4382629394531 -1 66.30513763427734 287.4382629394531 -1 901.1673583984375 330.6690368652344
0.977783225264116 -0.005321392841887833 0.20514390834435675 0.04275071975449921 -1.6234416757065953 0.9357509251006921 0.16502962011738678
205.7972869873047 -1 512.9041137695312 217.6005401611328 -1 349.1970520019531 230.10061645507812
0.9779684945881255 -0.004724823658996482 0.20445096494111473 0.04189394430074707 -1.693770179462578 0.9349917600350404 0.16546421722299617
212.7757110595703 -1 878.528076171875 271.76800537109375 -1 878.528076171875 271.76800537109375
0.9798147352465436 -0.0327777063505934 0.17922474245055528 0.08226298228044063 -1.5426827580235214 0.45874614663907237 0.09262417564590605
108.11375427246094 -1 1203.3223876953125 108.11375427246094 -1 543.969970703125 273.15802001953125
0.9840547997535086 -0.021413398099722224 0.16882983087497355 0.05171175563286116 -0.3222841034915095 1.2185804470611492 -0.02143758697826366
267.8683776855469 -1 1039.236083984375 267.8683776855469 -1 945.9932861328125 311.9331970214844
0.9843816938888243 -0.0010767373666915876 0.17169702402647127 0.038879986029643494 0.5237331412614543 1.056074262311023 0.06881529753366555
241.8771209716797 -1 886.7587890625 242.0699920654297 -1 886.7587890625 242.0699920654297
0.9902532167150045 -0.012560813170324812 0.1350694009374383 -0.031576093622993844 0.6973571649708601 0.40568823153073874 0.15018919165776404
214.78863525390625 -1 998.3936157226562 245.18446350097656 -1 804.2227783203125 321.1004943847656
0.9783491743424324 -0.005977495358602537 0.2029411932521171 0.04015015185681843 -1.7574583774713481 0.9332509776944337 0.16931963812268824
233.324462890625 -1 766.60498046875 233.324462890625 -1 932.0780639648438 265.8454895019531
0.986052352396584 -0.005529366574413259 0.16210809415179966 -0.03729812661408123 -1.4467370350263995 1.1218792198294214 -0.03370960136553641
335.8593444824219 -1 217.72483825683594 335.8593444824219 -1 1038.9219970703125 357.059326171875
0.9786863013876179 -0.007126044138663643 0.20074312663801636 0.042714635416351836 -1.816483075467465 0.9239965280006153 0.1471551022639479
237.99911499023438 -1 707.4857788085938 322.0263671875 106875 985.172119140625 354.68292236328125
0.9791852568913142 -0.007735031522552094 0.1983525030829888 0.042340128657683856 -1.8642362836616635 0.9209067753349813 0.1307296687218537
228.5640869140625 -1 1000.3785400390625 233.91319274902344 -1 992.9888916015625 257.00537109375
0.9869705759492322 0.0011181230524862323 0.15670536518575492 -0.03648644314371614 -1.5713779472242762 1.1527062503795826 -0.059770983256876416
238.1043701171875 -1 610.3875122070312 238.1043701171875 -1 897.0972900390625 257.5545959472656
0.9871929869433794 0.0014416638942222602 0.1557112043031523 -0.03466913597836934 -1.610185881072623 1.1671381494586757 -0.057060687222757873
247.95523071289062 -1 673.7974853515625 247.95523071289062 -1 774.393310546875 271.6607971191406
0.9793824087812051 -0.009665500703201001 0.19717828988764935 0.04286487446690075 -1.9080142593857932 0.9154293360753825 0.1266290975664423
235.04721069335938 -1 1005.1174926757812 350.6507263183594 -1 1005.1174926757812 350.6507263183594
0.9870917536307101 -0.0016695361691485152 0.15556441492491682 -0.03803676343089418 -1.6241842245584255 1.2082307546788678 -0.047952635854946996
258.9695129394531 -1 914.7814331054688 307.0288391113281 -1 985.7252807617188 354.91351318359375
0.9792551800841621 -0.01286649919755419 0.1971937015794352 0.04481505923386827 -1.952901487081606 0.9066715914276259 0.12732906269301242
248.05392456054688 -1 962.525390625 255.6511688232422 -1 962.525390625 255.6511688232422
0.9868799047915697 -0.00390966856558523 0.15571631016451642 -0.042487630659261214 -1.635635524868228 1.250758717816761 -0.04013761771842025
255.44671630859375 -1 962.1192016601562 255.44671630859375 -1 229.91961669921875 314.74041748046875
0.9872910458084558 -0.0036631668752722542 0.15339059022959686 -0.04140409284002507 -1.6684572853564226 1.2781357512106817 -0.03344673484568903
233.3148651123047 -1 859.017333984375 285.2840881347656 -1 721.6550903320312 289.3670654296875
0.9805121422539252 -0.009916457716554585 0.19184071411846376 0.04116725841602842 -2.064301993156723 0.9072851120258478 0.11937712655932903
245.98118591308594 -1 545.5400390625 256.4631652832031 -1 490.4532775878906 335.0593566894531
0.9808307049112076 -0.009532359103456236 0.189824964220133 0.04297377563272219 -2.101086108524326 0.8994290149013829 0.10766861375691449
323.45587158203125 -1 888.8466796875 346.022216796875 -1 964.3477172851562 355.242431640625
0.9811269787488848 -0.009117401583656148 0.1885249582336918 0.04201267287893745 -2.129094886682789 0.9115869058965747 0.09372342487633739
226.2240753173828 -1 655.7991943359375 226.2240753173828 -1 229.7646484375 349.0504455566406
0.9812520107307197 -0.010545232561129176 0.18792944420282856 0.041422379322865376 -2.161062853877514 0.9268670221226664 0.08882853762085771
235.92401123046875 -1 804.9676513671875 235.92401123046875 -1 797.5186157226562 238.0738525390625
0.9813495522897928 -0.013072347085786282 0.18879103510609482 0.03376558937529869 -2.2032002843244394 0.9821579997480058 0.07818380685313936
230.35789489746094 -1 757.3447875976562 230.35789489746094 -1 673.1061401367188 247.84886169433594
0.9799128873967059 -0.012454904563567421 0.19468017068864885 0.04141545130505941 -2.0099789206919896 0.914894040419016 0.11609685676862708
246.28160095214844 -1 964.7354736328125 355.4465637207031 -1 1504.3006591796875 356.7981872558594
0.9815278220726774 -0.01390801412046587 0.18835270555161038 0.030544393133271227 -2.244983850002312 1.0085949164196757 0.09123947281396047
267.9593200683594 -1 875.8265991210938 273.79205322265625 -1 875.8265991210938 273.79205322265625
0.9882985580866661 -0.0019883451488512368 0.14953653584948914 -0.03001384702966268 -1.7435546578086472 1.263507660749177 -0.029502709607439476
301.09552001953125 -1 851.3768310546875 301.09552001953125 -1 954.1541137695312 315.4859924316406
0.987486300330101 0.006714466408275527 0.15460599381889326 -0.03037613004472741 -1.9538637924509035 1.3453954627266032 -0.008737716779566682
291.8312683105469 -1 854.8724975585938 291.8312683105469 -1 951.254150390625 301.5686950683594
0.9885331351697949 0.004382305640819411 0.14836692761073875 -0.02775411428953226 -1.8944165956155123 1.3041503383520616 -0.02006141365773694
243.1951446533203 -1 839.3158569335938 262.17724609375 -1 722.4035034179688 288.9418029785156
0.9867312054293131 0.007117048739873582 0.15970062065512242 -0.028400486115870514 -2.0033114414758395 1.3732521127047486 0.008079465410780607
287.6438293457031 -1 807.5538330078125 287.6438293457031 -1 205.51571655273438 356.8417053222656
0.9886789971837578 0.0002560470029502654 0.14804154664631258 -0.02444331062313192 -1.8269711398494446 1.2621916515823066 -0.009715090478649201
256.6393737792969 -1 992.9833984375 256.6393737792969 -1 774.8528442382812 271.8829345703125
0.9816952494582728 -0.013863452318679208 0.18799637713688447 0.0271956626003755 -2.2890923778902272 1.0322971919880781 0.10153803609133778
303.920166015625 -1 920.3137817382812 303.920166015625 -1 864.3877563476562 357.0590515136719
0.9862080821054227 0.007746999655691323 0.16270951099180347 -0.02931241748964007 -2.041631394047264 1.4169158677325815 0.019393497699847533
233.2672576904297 -1 768.2822875976562 236.14297485351562 -1 722.2317504882812 289.07781982421875
0.9867052802810807 -0.0008130727774863523 0.15855678318429647 -0.035661958503989934 -1.5142057176192656 1.1361667254285268 -0.052872530413275214
355.2735900878906 -1 842.957275390625 362.70977783203125 -1 842.957275390625 362.70977783203125
0.9813562902767491 -0.015263686116886247 0.18954980210914954 0.02788770232135189 -2.3817111274932943 1.0297796818433362 0.12271758678298106
358.0354309082031 -1 1183.8016357421875 358.2079772949219 -1 702.991455078125 359.97003173828125
0.9813501514191203 -0.01399009201122641 0.18965325095435256 0.028067811415080416 -2.441595543145664 1.0242217496268864 0.12113589550295797
289.17779541015625 -1 776.8468627929688 351.39532470703125 -1 741.0826416015625 358.8201904296875
0.9815290270401396 -0.012382723055414874 0.18895871218363 0.02724045405777818 -2.498220956067106 1.0191841349148196 0.10189435418189587
248.09896850585938 -1 943.5326538085938 248.09896850585938 -1 858.4137573242188 255.0867156982422
0.9862863621898285 0.007663438296308064 0.16231406435166718 -0.028889928789739623 -2.097644730471268 1.4632973363245165 0.01078759365289669
292.0913391113281 -1 722.5476684570312 292.0913391113281 -1 1088.05712890625 345.672607421875
0.9796770924822713 -0.03185755773242924 0.1784560538902351 0.08585643430013651 -1.6221643602801377 0.40287358704585663 0.09813034387162961
330.2808532714844 -1 398.3454895019531 330.2808532714844 -1 661.968994140625 330.7449645996094
0.9792065903134642 -0.03185303158787953 0.17810724029891575 0.09174774557690858 -1.7060470658875786 0.3326776302508761 0.10374759335076048
236.00746154785156 -1 385.12786865234375 236.00746154785156 -1 493.059814453125 324.77850341796875
0.9785955459151706 -0.032630920031491505 0.17904442780299873 0.09606806673179295 -1.782108258762127 0.2650048718472237 0.12150547859440454
158.79522705078125 -1 687.0985717773438 199.45445251464844 -1 705.218994140625 274.0114440917969
0.9780591530594637 -0.033888658111263896 0.17975896477783818 0.0996923595368398 -1.8624246238151374 0.18879246174603398 0.1231181679478303
214.64329528808594 -1 742.1425170898438 256.9386291503906 -1 613.373291015625 271.96136474609375
0.9779853208686463 -0.03431894029562403 0.18093942601186053 0.09812159098248928 -1.9338802809619966 0.15434452000982515 0.12464912383901505
108.14379119873047 -1 711.882080078125 218.99942016601562 -1 740.5697021484375 257.06976318359375
0.9774099206420633 -0.03538875852021931 0.18205072879078596 0.10136574839469685 -2.0261579684118503 0.0950919822070401 0.15218476892747804
214.60537719726562 -1 559.8004150390625 218.57151794433594 -1 548.61376953125 219.02981567382812
0.9774849532528186 -0.0344992682424948 0.18061278110160955 0.10349874374991068 -2.085913910869736 0.07157173113709446 0.14910466562299388
214.36239624023438 -1 657.8840942382812 214.36239624023438 -1 696.3734130859375 215.3390350341797
0.976807065501787 -0.03637748671948057 0.17973162744335527 0.11054943393036752 -2.1288422100389934 0.024623455071472018 0.14201489180240906
181.92112731933594 -1 547.5648193359375 208.52137756347656 -1 658.3697509765625 264.87322998046875
0.9764234928400469 -0.03917301327022118 0.17827450281724644 0.11524252386440362 -2.1741153124613954 -0.013745798160782726 0.1097011933014779
136.90753173828125 -1 495.14190673828125 214.356689453125 -1 696.9607543945312 229.01002502441406
0.9816169201941142 -0.011180755007586422 0.18824208589511632 0.029464042559332028 -2.5653332963737947 0.9981760371894568 0.10113187885713143
236.1138916015625 -1 672.7313842773438 247.5782470703125 -1 944.0415649414062 248.04373168945312
0.9821139410376759 -0.008168459301433808 0.18577028107400148 0.029578467873977055 -2.6134510906000457 0.995633238081991 0.10850808401398583
247.88587951660156 -1 673.602294921875 247.88587951660156 -1 893.8919677734375 284.4746398925781
0.9761690584446195 -0.04497029957991387 0.17703653976340547 0.11717382420847218 -2.2535623741382325 -0.059312992413234476 0.09931269196911992
230.6777801513672 -1 567.972412109375 230.6777801513672 -1 638.4129028320312 234.16746520996094
0.9818685223918767 -0.0073292471871156135 0.1867419291336727 0.03174805151654773 -2.6742831894682197 0.9720388332963638 0.0921390715645235
289.1163330078125 -1 336.7896728515625 338.00494384765625 -1 742.93505859375 339.026611328125
0.9764066577141269 -0.045220060261839765 0.1773654695525236 0.11457170301543163 -2.330003341296538 -0.07486658008161537 0.09386342788149628
214.4937744140625 -1 653.0907592773438 217.96026611328125 -1 653.0907592773438 217.96026611328125
0.9864369645374864 0.006683046687409955 0.16161170066043692 -0.027912543608294697 -2.1798811024005493 1.4939148308578725 0.016760427793307168
279.9473876953125 -1 687.6537475585938 279.9473876953125 -1 721.9275512695312 289.04559326171875
0.9868965078284541 0.008005288900473572 0.15879767852584561 -0.027468081120170258 -2.261557705404299 1.525309526666151 -0.01092370086010743
233.6847686767578 -1 699.89111328125 329.3498229980469 -1 963.1729736328125 346.65447998046875
0.9815418939833278 -0.007995817210661808 0.18815328811147794 0.03331542338909504 -2.7345449721357262 0.9567137125469254 0.12874196342738237
235.99331665039062 -1 805.1788940429688 235.99331665039062 -1 722.099853515625 288.8879089355469
0.9839074257037838 -0.0024614437787946774 0.17433271055257502 0.03909251809322639 0.5980922999030269 1.060417417903587 0.06004630757676126
284.33306884765625 -1 722.1502685546875 289.01129150390625 -1 722.1502685546875 289.01129150390625
0.9868803274425219 0.009227558272524928 0.1588637437181005 -0.027283372356399726 -2.341981474509623 1.5555337620148206 -0.03253765446152993
281.2561950683594 -1 757.8743286132812 282.7049255371094 -1 757.8743286132812 282.7049255371094
0.9814706195494208 -0.007711547288148631 0.18859495315173108 0.03298330858775593 -2.7867154269115693 0.9607498478568525 0.11198929800945646
244.51876831054688 -1 666.6609497070312 244.51876831054688 -1 923.1107177734375 261.0139465332031
0.9835150301665148 -0.0001791853358288587 0.17736246150365692 0.0352237218155439 0.684137817090447 1.0644254074895363 0.038508276165552795
241.3332061767578 -1 1085.09716796875 253.65687561035156 -1 722.2646484375 289.1956481933594
0.9831047563335839 0.002018949449502056 0.17893591754231208 0.03850843194283346 0.7526105446676151 1.082464966432443 0.029199681927918903
233.65708923339844 -1 766.2828979492188 233.65708923339844 -1 945.1969604492188 242.3026580810547
0.983032493365877 0.002493549365680401 0.17737447547487015 0.04668184495543167 0.8060306078453044 1.0955863144438798 0.0507015302150993
310.80181884765625 -1 723.094970703125 310.80181884765625 -1 487.72772216796875 335.6396484375
0.9827226988040655 0.0028052639648830434 0.17641035804762842 0.05592506882292578 0.8341107997743186 1.1104593683844906 0.04933907844550029
256.9879455566406 -1 866.7429809570312 272.737548828125 -1 722.0933837890625 289.2221984863281
0.9826712512898756 0.0016733800889039425 0.17608663059686738 0.05786112868334604 0.852853604960042 1.111197429683592 0.045252982000301964
247.74269104003906 -1 673.7581787109375 247.74269104003906 -1 937.1049194335938 269.052978515625
0.982641300907973 -0.0007948317358237381 0.17642721673201456 0.05734875054081882 0.8708081722620912 1.1160079664873177 0.016718276565872797
214.88800048828125 257568 656.0834350585938 225.86605834960938 -1 1042.74267578125 248.20370483398438
0.982629363542277 -0.0008854576410738616 0.17835719005416104 0.051258780957503566 0.8980546511831535 1.1144081695656014 -0.00651727519667006
213.1034393310547 -1 766.32958984375 233.50033569335938 -1 796.220947265625 256.85601806640625
0.9821830693564282 -0.0007447470997408677 0.1816616120417244 0.04811363976821163 0.9299697660413064 1.1118392386320612 -0.015630841431053723
217.26307678222656 -1 1065.65185546875 242.219970703125 -1 670.3038940429688 245.5178680419922
0.9817458034203815 -0.0016552078402163905 0.18463651260944702 0.0456267023232757 0.9764344809835007 1.1085546738604184 -0.020115372643743218
310.1747131347656 -1 1302.707275390625 310.8309326171875 -1 1302.707275390625 310.8309326171875
0.980909023130239 -0.0002751992995098305 0.18977513053918166 0.0424595388088785 1.0327899686964956 1.1093779042905005 -0.03473565927343133
304.966796875 -1 724.3768310546875 308.4396057128906 -1 677.1809692382812 316.2276306152344
0.980073391194232 0.0014864932473425431 0.19412970607484245 0.04204278095177391 1.0973990254638655 1.1120648691215647 -0.03199118567409828
266.34027099609375 -1 753.0962524414062 266.34027099609375 -1 725.2496948242188 308.9246826171875
0.9797296745951674 0.003029329621774768 0.19609035864382562 0.04085534391760983 1.1627327688710059 1.107969137397265 -0.034681707424116484
231.24459838867188 -1 972.9518432617188 231.24459838867188 -1 1259.47802734375 287.3121337890625
0.9800276194513965 0.0029316563893363647 0.1943202233990913 0.04215354411400211 1.2245443949045163 1.106423381794863 -0.027313929967120204
289.1817626953125 -1 721.9806518554688 289.1817626953125 -1 935.1632690429688 296.64501953125
0.9803714193381848 0.0034747397543835887 0.19212420078901787 0.04413726089885642 1.2706796240319311 1.1131787106449635 -0.02701433395391758
233.58932495117188 -1 805.5816650390625 235.8673553466797 -1 722.10986328125 289.1834411621094
0.9807703678340591 0.0035468179038281194 0.1897269233937556 0.0456135966674585 1.3152610215888418 1.124438736444408 -0.024492708866129545
230.8291473388672 -1 1002.1505126953125 243.80471801757812 -1 721.9795532226562 288.8924255371094
0.9810675133106691 0.0033717270774239866 0.1876545122808475 0.04775929023313449 1.3641434342251906 1.139923811723611 -0.01636528886239234
233.169921875 -1 777.5081787109375 271.5188903808594 -1 722.141357421875 289.218017578125
0.9811127762663704 0.0037089677180667142 0.1873799343135751 0.047882397830538576 1.4196774692091227 1.152105119189283 -0.019164408920130663
252.1350860595703 -1 870.8749389648438 331.2648010253906 -1 543.2378540039062 332.4644470214844
0.9808710005449687 0.0024772237354293222 0.18811544990411222 0.049985209410888395 1.472373665864702 1.1664914921595957 -0.009898009311614797
233.06231689453125 -1 805.02587890625 236.0171356201172 -1 610.8006591796875 237.945556640625
0.9808718356701642 0.0019261915331564774 0.18822008780731686 0.04959768463371761 1.5326614069134665 1.170340396092273 -0.01969430053073637
248.17233276367188 -1 916.11279296875 281.9374694824219 -1 722.2345581054688 289.20172119140625
0.9811869075267203 0.0022256417314857504 0.1860235499616224 0.051599785626590226 1.6026452529824702 1.1818064984475727 -0.013491275319973791
268.6155700683594 -1 774.3533935546875 268.6155700683594 -1 722.2434692382812 289.2378234863281
0.9813417258201741 0.002275227349328564 0.18492383914259183 0.0525967130299596 1.6435638502941883 1.1826370457708644 0.012460003063202883
333.8245849609375 -1 523.1748046875 335.6888427734375 -1 516.6826782226562 336.9584655761719
0.9817076828122094 0.002444235390869853 0.1831054497373096 0.05211953086256654 1.6884245070682224 1.1729093277383975 0.014256550943029448
289.0386962890625 -1 722.1251831054688 289.0386962890625 -1 1181.3428955078125 352.98333740234375
0.9819628852868888 0.0024450638154851862 0.18178742884458637 0.051925372372870524 1.7357576233991687 1.1673980026027744 -0.003902043480715072
236.23971557617188 -1 896.2947998046875 265.0169982910156 -1 777.1127319335938 271.9813537597656
0.9821675963352944 0.0026601613180478115 0.18163285118498432 0.04846899649390012 1.7837549776003816 1.1435563989782305 -0.011957585089264072
97.13385009765625 -1 490.07763671875 97.13385009765625 -1 841.2261962890625 286.4527587890625
0.982296792043357 0.003819717470990391 0.18157562617065104 0.04592073693341255 1.827039416735427 1.1290919337660976 -0.022448752587593424
248.12403869628906 -1 673.3463745117188 248.12403869628906 -1 813.463623046875 273.94427490234375
0.9824690133500469 0.0036784213289870354 0.18109958685733177 0.0440913445430723 1.8721437542638666 1.1215839905505267 -0.035919552589891976
256.7474670410156 -1 992.8741455078125 256.7474670410156 -1 757.4527587890625 261.9355163574219
0.9825111014206562 0.003966359521200757 0.18117289274231416 0.042808720054441744 1.9083221895607099 1.1186492485824469 -0.03697404351966623
270.8056335449219 -1 972.8452758789062 286.55584716796875 -1 972.8452758789062 286.55584716796875
0.9824654272563145 0.004389886612020824 0.18191011628450976 0.04063400958504204 1.9487596924927884 1.1087191610466254 -0.03178459114905504
243.1481475830078 -1 734.0155639648438 243.1481475830078 -1 715.14697265625 258.98028564453125
0.98277011052255 0.0037433049052515268 0.18023458977698703 0.0407969383630977 1.9916369605092803 1.10720337031481 -0.029519330903815758
257.34234619140625 -1 993.2555541992188 257.34234619140625 -1 722.238525390625 289.3019104003906
0.9830641510186886 0.005083813561703416 0.17804580266949066 0.043112897992964486 2.02804573063505 1.122893196061271 -0.028198531830286346
289.2136535644531 -1 509.12115478515625 291.9783935546875 -1 509.12115478515625 291.9783935546875
0.9835030302505124 0.005119936119940962 0.17555962902438252 0.043294253648822945 2.0706889778117845 1.1313510431261253 -0.02195286240072988
233.6136474609375 -1 957.2011108398438 245.03746032714844 -1 715.076416015625 258.95428466796875
0.9837903076353328 0.003915937006691677 0.17400180585306266 0.04318179709101924 2.1144077863807387 1.1471134838467494 -0.015511469758526521
167.7164306640625 -1 1066.4696044921875 258.69696044921875 -1 1082.2611083984375 263.62274169921875
0.9843741312936288 0.0017784869613283354 0.17108141962700346 0.04165998658726752 2.1694852155877333 1.1608363599654394 -0.013138442595044547
314.81622314453125 -1 735.2032470703125 316.7503662109375 -1 735.2032470703125 316.7503662109375
0.9895832607352688 -0.01478387019960525 0.13997666073537354 -0.030214925183563147 0.7809444706563572 0.3860711034564102 0.16452433380438264
239.96961975097656 -1 868.55078125 245.08213806152344 -1 886.1181030273438 260.132080078125
0.9882107777514255 -0.016990865327661836 0.15087616120429295 -0.01967620927912683 1.0140244210183131 0.36122720521737356 0.1882705167695434
178.71356201171875 -1 918.1304931640625 240.9083251953125 -1 920.8450317382812 246.2015380859375
0.9898396271707168 -0.01928716234861807 0.139356818066406 -0.020620259685109072 1.1303077384458136 0.32015018427058 0.21382536026435398
204.94845581054688 -1 909.2457275390625 211.51324462890625 -1 993.460693359375 230.21043395996094
0.9889091316669343 -0.017194630247028088 0.14621625474687572 -0.019592877384777066 1.0676703476121951 0.34695565383620225 0.16725106524782987
239.9885711669922 -1 929.3739013671875 239.9885711669922 -1 925.0252075195312 240.2821807861328
0.9903907358777495 -0.01899232300991625 0.13459689229479085 -0.025478589811867437 1.1968846130952808 0.26885635455275825 0.24010716515195538
216.02586364746094 -1 998.7047729492188 216.21446228027344 -1 1027.80029296875 231.24093627929688
0.987997287317488 -0.014570043300191774 0.15230846437341017 -0.021241604735265162 0.9366267637289132 0.376991937966583 0.14386939794015996
202.42857360839844 -1 896.1378784179688 211.6865997314453 -1 894.391845703125 216.2239990234375
0.9907488663369203 -0.01725485711781738 0.13192428698679268 -0.02673829203553636 1.2517903538322783 0.22530459444820009 0.2468015985786557
187.33338928222656 -1 913.0233764648438 242.54248046875 -1 908.8035888671875 249.03602600097656
0.9910914527585722 -0.014662204452191104 0.12904904774663364 -0.029480422405253767 1.317990175693971 0.17924962665142877 0.26781628757756126
124.44686126708984 -1 961.6369018554688 124.44686126708984 -1 924.1494750976562 190.99014282226562
0.9888512052106782 -0.013537666946098703 0.14659674271187412 -0.022347719197144855 0.8578391182481685 0.39273501325146243 0.1479098102932187
236.61373901367188 -1 860.0811767578125 248.75633239746094 -1 851.8262329101562 248.99240112304688
0.9910098537999752 -0.014506771785414815 0.12838417178250836 -0.03473510730424167 1.3897816668924508 0.1253597186371366 0.280748196577435
243.0876007080078 -1 1080.4239501953125 243.0876007080078 -1 673.1892700195312 247.47560119628906
0.9847514072966186 0.00033020277939360866 0.1692169058685844 0.0403756803251206 2.229889654660013 1.1779390443371094 0.021126149040280755
270.7976379394531 -1 774.5902099609375 273.3994445800781 -1 479.0118103027344 289.91845703125
0.9814619835310404 -0.008231115502793172 0.18859208386122048 0.0331307942219597 -2.84632551056605 0.953048442662733 0.14218409143751962
262.0314636230469 -1 722.4491577148438 289.1758728027344 -1 802.522705078125 290.202880859375
0.9765767979358103 -0.04443277870023485 0.17900102332135798 0.1108247244991935 -2.4058359288880524 -0.09673655151036677 0.14782357394282197
192.35467529296875 -1 589.0733642578125 192.35467529296875 -1 697.3435668945312 285.830322265625
0.9767256187753649 -0.04440934324453976 0.1805875088272627 0.10687856434305515 -2.472556368714622 -0.12431383694340216 0.169495571817388
268.9525451660156 -1 804.20556640625 277.12066650390625 -1 722.2979125976562 289.30804443359375
0.9812034739841647 -0.00731197078732231 0.1898847802897906 0.0336161856686621 -2.9044104540525644 0.950503372124563 0.12958205235896372
108.11378479003906 -1 767.5028076171875 236.13111877441406 -1 766.8018798828125 239.56024169921875
0.9869182671485747 0.00950966807410998 0.15830568392734964 -0.029003631115243983 -2.4202858143448496 1.5993429113003519 -0.07917036539819357
289.09674072265625 -1 1036.2816162109375 357.45123291015625 -1 1057.2384033203125 361.4895324707031
0.981147680881603 -0.0073788987428660404 0.18991186464947635 0.035046594975173234 -2.9599219839122997 0.9451495716798194 0.14594896118996475
247.59136962890625 -1 757.4795532226562 265.2045593261719 -1 797.8138427734375 284.1760559082031
0.9810584592506032 -0.008242768348472707 0.19019323434528063 0.035817452618341475 -3.016540803170682 0.9359515814254341 0.10953511364430658
233.4540557861328 -1 766.5610961914062 233.4540557861328 -1 745.0394897460938 248.67942810058594
0.9811157542809479 -0.008904870139134007 0.18999413386243297 0.035139850417946566 -3.054490959294923 0.9338930488207975 0.09587409952009412
304.68817138671875 -1 735.2324829101562 354.8749694824219 -1 919.529296875 355.5242004394531
0.9808020126095909 -0.009290313167652508 0.19152706927408164 0.03547511631417227 -3.094383918687104 0.9289452181973586 0.08756495684157722
233.21636962890625 -1 722.3271484375 289.1748352050781 -1 489.21551513671875 292.1595764160156
0.9840817782047104 -0.02308976389192576 0.16903237704450508 0.04977923381847744 -0.25494042251060767 1.252697795001081 -0.04052849583137035
234.6334991455078 -1 975.2462158203125 326.8227233886719 -1 244.14418029785156 366.9552307128906
0.9805732336130419 -0.008635745810519116 0.19307381246380503 0.03352700936036948 -3.1328069654673114 0.9383151162217278 0.13891030917521585
247.64601135253906 -1 643.5215454101562 268.67999267578125 -1 643.5215454101562 268.67999267578125
0.9906153602432821 -0.013402548872709181 0.12941480013395062 -0.04187349089909673 1.4617724796169334 0.06546520831671974 0.3077381988697175
212.49822998046875 -1 852.8875122070312 212.49822998046875 -1 945.1691284179688 219.7052001953125
0.977250614494217 -0.04236517233216561 0.1809333945484787 0.10222296895074917 -2.5347206593194826 -0.15138932019680607 0.15114040729842892
248.20729064941406 -1 673.7493286132812 248.20729064941406 -1 596.1175537109375 263.695068359375
0.9903447635401958 -0.011335543090138282 0.13113916009830123 -0.04348879717901247 1.5384179322295402 0.017815407623224398 0.2876614035764322
191.84255981445312 -1 1067.014404296875 215.60939025878906 -1 1067.014404296875 215.60939025878906
0.9902562017552624 -0.008843867937203419 0.1301987691693796 -0.04860783261912835 1.6034342463364277 -0.037497932732804926 0.30835285829587483
199.96240234375 -1 1005.2090454101562 220.29428100585938 -1 1061.04296875 225.090576171875
0.9806245233338972 -0.008864108841607734 0.19297232486965904 0.032536958140089105 -3.176777419417134 0.9322837159101932 0.12429707264229974
235.94515991210938 -1 652.82666015625 249.6437225341797 -1 764.8202514648438 283.9220886230469
0.980742850033395 -0.008373132827046187 0.19238603584571087 0.03257247252830477 -3.220454491827411 0.933929038203011 0.13801068220561125
256.95172119140625 -1 800.2601928710938 275.9351806640625 -1 800.2601928710938 275.9351806640625
0.9900607964413156 -0.007964525050165877 0.1299081169056633 -0.053292277608840824 1.6709572850880272 -0.08316594075786127 0.292959709105982
247.85137939453125 -1 943.5513916015625 247.85137939453125 -1 843.1146240234375 254.11050415039062
0.989574403477821 -0.008609860460881373 0.13058233624555865 -0.060138371652473696 1.7961060555185195 -0.15585969621419613 0.31336543601736633
211.9019775390625 -1 1031.93212890625 224.90354919433594 -1 1031.93212890625 224.90354919433594
0.9900318990944703 -0.00854696695386525 0.13005960475721332 -0.05336934833482109 1.7423381474825657 -0.10775378073591661 0.29803127988148503
233.57591247558594 -1 1025.3992919921875 243.0913848876953 -1 672.9191284179688 247.62501525878906
0.9896352645892685 -0.008523659199940468 0.1297645312743333 -0.06091433934899373 1.8409360024422936 -0.17468518598637234 0.3307768127655205
244.69981384277344 -1 987.719970703125 271.5257568359375 -1 987.719970703125 271.5257568359375
0.9901995717519182 -0.010990601548485458 0.12739393346546454 -0.05616761073890489 1.871324821172959 -0.1660824940666889 0.33562601788968227
229.08905029296875 -1 1157.94482421875 229.08905029296875 -1 1055.8096923828125 259.43206787109375
0.9907698476577861 -0.012915469737496096 0.12373091489391254 -0.05384199395585991 1.8995834842246002 -0.1606360779835183 0.33612581469973735
242.1471710205078 -1 1108.972900390625 297.0798645019531 -1 904.4368896484375 326.1248779296875
0.9911646035897632 -0.014066984380542094 0.12124238115972227 -0.051914675689111005 1.9532330290102744 -0.16871141438306383 0.3573020955476794
231.44717407226562 -1 1027.61767578125 231.44717407226562 -1 1059.10986328125 241.6159210205078
0.9846765007179721 -0.0025555310763487804 0.17028905273137895 0.037513953598321804 2.300133589771947 1.1846375852454791 0.02103053311602569
289.11676025390625 -1 722.5032958984375 289.11676025390625 -1 835.4138793945312 297.4761657714844
0.9841417198052173 -0.0038975653716966123 0.17336083178332753 0.037361829805236266 2.3594638487753588 1.2051091313414595 -0.0072787399096080575
285.3435974121094 -1 1126.098876953125 296.0215148925781 -1 1126.098876953125 296.0215148925781
0.9836744764692117 -0.005892420683617914 0.17509568414013232 0.04112548014319774 2.4063672370139013 1.232182368237286 -0.05425083830061473
326.8924865722656 -1 966.8643798828125 327.10101318359375 -1 966.8643798828125 327.10101318359375
0.9835152332584945 -0.006081872510404381 0.17433382115209503 0.047628936349300155 2.4336931969292035 1.2658385708523083 -0.06146649425995891
284.1280517578125 -1 894.2628173828125 284.1280517578125 -1 877.0523681640625 299.0964050292969
0.9835421388497116 -0.005158908918646157 0.17258649612944735 0.053217930431990024 2.4609396384906126 1.284104480379103 -0.03796773686175319
245.3029022216797 -1 833.0291748046875 245.3029022216797 -1 782.5328369140625 311.1656799316406
0.9828811868822797 -0.005886060420496385 0.17426056853536598 0.0595246253187579 2.478466324659735 1.3004659368357878 -0.05230826742968661
282.182861328125 -1 594.1336669921875 282.182861328125 -1 1095.8419189453125 288.6175231933594
0.9825286200214748 -0.004096794409348747 0.17731607284762915 0.056389160520069766 2.523085681097405 1.2702621321794179 -0.06977772822000756
233.495849609375 -1 869.4760131835938 255.9337615966797 -1 887.7904663085938 268.26409912109375
0.982259465796473 -0.00039533147986146086 0.18094155836693998 0.04925787269048079 2.5781680248413372 1.2195025014826548 -0.1052702314685948
232.6682586669922 -1 887.3992309570312 232.6682586669922 -1 882.9199829101562 298.66534423828125
0.9818515883011747 0.0006549373627208693 0.18340643555777522 0.048260843377453816 2.6212633739044726 1.2017498661812362 -0.13941411748281493
285.3607177734375 -1 517.1748046875 289.0065612792969 -1 734.973876953125 316.2006530761719
0.9821032997352899 0.0017897067300955056 0.18208635188144903 0.04810889790237145 2.6554792083486976 1.1810346025160963 -0.13294212367519234
329.68609619140625 -1 363.41461181640625 353.7981872558594 -1 363.41461181640625 353.7981872558594
0.9823275745161981 0.0015787943644657533 0.18056438996486301 0.04925997188483689 2.6732988497366406 1.1699732204619828 -0.121243452556427
278.7856140136719 -1 726.3465576171875 328.9632263183594 -1 14.872481346130371 344.8516540527344
0.9829942558887362 0.0017104264786174663 0.17733461298624614 0.04766342799284668 2.7326560266465743 1.1534609470227806 -0.09115839941893353
245.82814025878906 -1 1043.308349609375 336.02099609375 -1 964.7446899414062 355.2515563964844
0.9826559093328888 0.002076751771405254 0.17873306699374988 0.04937146664057343 2.6967624465572837 1.163627107722848 -0.1022302040805573
245.56951904296875 -1 700.3355102539062 339.5984802246094 -1 719.7251586914062 349.2023010253906
0.9834669809329879 0.0014820967053505224 0.1754519253919978 0.044800922760037394 2.7798547798181157 1.144392052631051 -0.08242815152967571
163.74888610839844 -1 694.4740600585938 256.9112243652344 -1 694.4740600585938 256.9112243652344
0.9832770430758039 -0.0003643132813571006 0.17758129025271893 0.04038575476720269 2.8312817641202956 1.1260203309916663 -0.12427717778546983
233.2421112060547 -1 766.5640869140625 233.2421112060547 -1 687.5263671875 273.0818176269531
0.9830327684523027 0.0008660561325668873 0.18037645567189814 0.03331906863975335 2.8990986080530328 1.0920866348134834 -0.13999824990290444
281.60382080078125 -1 1106.1527099609375 294.7906494140625 -1 964.0396728515625 355.58953857421875
0.9832043066604994 0.004073990995077191 0.18059457398787354 0.026044074330969686 2.9831759093251105 1.0545285195833678 -0.11753796971299141
228.14955139160156 -1 732.9397583007812 228.14955139160156 -1 765.8936767578125 234.09890747070312
0.9832446692249837 0.005221261582114703 0.1807473420255426 0.023088031939623124 3.0438795964864522 1.0427685859098483 -0.0874290525815337
315.609375 -1 808.8338012695312 319.89227294921875 -1 808.8338012695312 319.89227294921875
0.9833404491018274 0.005261473929305355 0.18026290855276833 0.022785123488893794 3.093268448173671 1.0448824460048989 -0.07622040851143255
204.77658081054688 -1 674.4070434570312 333.7271728515625 -1 743.713134765625 352.4927673339844
0.9834382810967283 0.005261785112651675 0.17978564497788307 0.022328966631428443 3.1487750983048723 1.049576673215305 -0.08406744849026349
247.7728271484375 -1 795.4133911132812 247.7728271484375 -1 934.7528076171875 314.6209716796875
0.9836893445914264 0.004740595133803411 0.17844278649331602 0.022157888969124632 3.2061815675453946 1.0508759909111283 -0.08559332740651189
245.2084197998047 -1 747.091064453125 289.4285583496094 -1 645.2151489257812 344.201171875
0.984078173570082 0.004868844796518653 0.17643852722339215 0.02087794924219022 3.2603109842599105 1.040396805555589 -0.08270016245297718
283.17041015625 -1 722.5296020507812 289.1237487792969 -1 722.5296020507812 289.1237487792969
0.9844659847896708 0.0062433932265467855 0.17418144078489275 0.021179483450293603 3.317389321362727 1.0399834549169773 -0.05748099053615532
226.7851104736328 -1 781.7537231445312 264.7189636230469 -1 781.7537231445312 264.7189636230469
0.9847947504208415 0.006110814543317648 0.17226945912787997 0.021568285535884538 3.3668401241110035 1.0352026400160899 -0.058908029395217595
204.14559936523438 -1 777.0896606445312 271.6566467285156 -1 762.8508911132812 340.8930969238281
0.9851839522107919 0.006022327106798859 0.1700656033213144 0.021307333232954997 3.412609812408114 1.0300895984159548 -0.06006122582386871
163.9004364013672 -1 950.8284912109375 237.4660186767578 -1 669.5862426757812 246.08700561523438
0.9853556282325191 0.005702843752189819 0.16902572158511778 0.02172714721876583 3.4501078902037388 1.0297313645153743 -0.06147852592072154
233.6341094970703 -1 795.9772338867188 256.9447326660156 -1 795.9772338867188 256.9447326660156
0.9856204290725112 0.005235142326616886 0.16753140557288687 0.021405401806834885 3.4944957187977437 1.023840026942468 -0.049636528007238515
260.6513671875 -1 776.7882690429688 273.1938171386719 -1 722.41552734375 289.4449462890625
0.9858434367617223 0.005024451056832748 0.16641445946514144 0.019841894222540676 3.5411252858240596 1.0110034631483784 -0.0386119129000283
236.12518310546875 -1 804.7017211914062 236.12518310546875 -1 673.3455200195312 247.7893829345703
0.9861032523311637 0.004254046898054184 0.16503746992931909 0.018571815910668588 3.5918153048409174 1.0023308332373475 -0.009478389603814946
255.59576416015625 -1 722.2518920898438 289.4012451171875 -1 680.005859375 292.82867431640625
0.9864416784206379 0.0020641324187425725 0.1633153621727365 0.016020203195360523 3.689886786181097 0.9879680546292463 -0.002299121712423053
255.10435485839844 -1 870.10986328125 255.10435485839844 -1 897.0986938476562 257.3677673339844
0.9862540010525622 0.002697865788198196 0.16425031758189618 0.017821338396640077 3.6380349036681583 0.9976591569625454 -0.03058564599897562
267.2322082519531 -1 807.4908447265625 267.2322082519531 -1 721.9060668945312 289.34442138671875
0.9865628861570591 0.0017016178917959042 0.16264145300869917 0.015444543283085576 3.728773316337598 0.9850465604783875 -0.01055590895604772
216.0372314453125 -1 802.9761352539062 248.65003967285156 -1 802.9761352539062 248.65003967285156
0.9871677038767904 -3.388118726834988e-05 0.1589972947741375 0.014825097948977121 3.7958638554404245 0.9738862600734185 0.02522135369261332
233.50010681152344 -1 766.7326049804688 233.50010681152344 -1 769.622314453125 261.7152099609375
0.9867620206605676 0.00019332201990594918 0.16141246455708821 0.015706479366074375 3.760868752580684 0.9837862443166574 0.0027210093400434755
266.0783996582031 -1 774.5279541015625 272.7999267578125 -1 789.4780883789062 313.68389892578125
0.987690185961243 -0.00011758111659541053 0.15580566573065172 0.013880823345711345 3.859596257546923 0.9565826124304313 0.049833460439513554
233.3671112060547 -1 755.28564453125 306.5693054199219 -1 755.28564453125 306.5693054199219
0.9875287937823387 0.00019074430595349677 0.15678431099883422 0.014336139369784229 3.828964980855262 0.9655881962264401 0.04808764026146827
275.8143615722656 -1 807.1453857421875 275.8143615722656 -1 879.2846069335938 276.7546691894531
0.987606293229655 0.0013316333196077544 0.156718837252657 0.00844051989264971 3.890521917285928 0.9029410152151199 0.04310731119871752
226.44937133789062 -1 873.701904296875 226.44937133789062 -1 766.9115600585938 243.45701599121094
0.9873761925182954 0.0017313893107892412 0.15826024396731073 0.006241147213125787 3.9179085567337584 0.880832983871939 0.04092256092046684
268.408447265625 -1 722.1766357421875 289.19537353515625 -1 664.5017700195312 331.787841796875
0.9870789412275328 0.0015473332489515741 0.16002146385920824 0.008117921489248336 3.9478334985624923 0.8915443411992817 -0.01878803982461822
235.8480224609375 -1 796.3272705078125 256.7373046875 -1 729.914794921875 281.9393005371094
0.9866896366991562 0.0008824157400280628 0.16220595526556625 0.011489571329430508 3.9827873704711334 0.903814282110792 -0.03213058161408758
268.9983215332031 -1 842.0422973632812 268.9983215332031 -1 722.4443359375 289.2198181152344
0.981212432101533 -0.00903427617130817 0.1899385811931843 0.03261717826200025 -3.265548903982535 0.933467090977048 0.09885056567274014
235.92420959472656 -1 757.64208984375 283.0236511230469 -1 859.4948120117188 285.15972900390625
0.9815598167577768 -0.009170596765777264 0.18756031864206416 0.035740077676002 -3.341982719161003 0.9106960832162306 0.07250409344707502
247.67984008789062 -1 672.7732543945312 247.67984008789062 -1 992.8746337890625 256.84539794921875
0.9814800591472914 -0.009225448432455523 0.18825145765557363 0.034251617304899444 -3.310815827885194 0.9250677015787216 0.051877217892684936
275.8838195800781 -1 741.668701171875 275.8838195800781 -1 722.2991333007812 289.2447814941406
0.981281917403306 -0.008875074508921872 0.1890566051634316 0.03556166016696771 -3.3666795066180786 0.9145894477324128 0.05159079841028727
236.27041625976562 -1 805.4059448242188 236.27041625976562 -1 943.5333251953125 247.9954071044922
0.9812407838442283 -0.009746651690766545 0.18958628065085265 0.033594182391589796 -3.401938163324236 0.9262124500675846 0.06958600989836237
285.56951904296875 -1 859.5087280273438 285.56951904296875 -1 835.7113037109375 297.2339782714844
0.9812682019194047 -0.012094066465820038 0.18924149045648003 0.033972161367640336 -3.441273307137685 0.9275224587668488 0.08717644250114469
265.303955078125 -1 722.3663330078125 289.0217590332031 -1 722.3663330078125 289.0217590332031
0.981552866837027 -0.017507778403728306 0.18694671303972812 0.03603295412564518 -3.4749820234931015 0.9072015943098971 0.024045999712468923
273.1600646972656 -1 777.021484375 273.1600646972656 -1 1048.9573974609375 277.9423828125
0.981669051630508 -0.019798958726351724 0.18613975952110012 0.03585894908719783 -3.4939400755775414 0.9082519221658638 0.019828647609770406
289.227783203125 -1 867.9653930664062 307.64471435546875 -1 867.9653930664062 307.64471435546875
0.981347337120191 -0.021279944885392536 0.1876197760790712 0.03610245832106455 -3.5106631304652165 0.8964719106808555 0.05994396183896964
286.04559326171875 -1 722.0167236328125 289.24322509765625 -1 722.0167236328125 289.24322509765625
0.9810903747243501 -0.021674015498443118 0.1892529628261557 0.03428162389574219 -3.5382524697393287 0.9151690063188392 0.06159719966376729
247.9454345703125 -1 774.8816528320312 351.75775146484375 -1 76.57069396972656 357.58966064453125
0.977615156422913 -0.038501585563546416 0.180392473731443 0.1012165463861859 -2.593389827990946 -0.19924848445622484 0.14531197610232474
233.79214477539062 -1 562.008544921875 236.2288360595703 -1 552.5245361328125 243.38104248046875
0.9782943832695545 -0.03465819125340358 0.17964535912491994 0.09729570590299988 -2.6444864197032714 -0.2146521689597164 0.1196904840401207
258.3809814453125 -1 993.0822143554688 258.3809814453125 -1 558.1215209960938 274.8379211425781
0.9780533945186224 -0.03340356605646846 0.18300916642494866 0.0938264581541724 -2.7055093925627207 -0.23449314802719062 0.18830932549823623
236.08897399902344 -1 500.299560546875 268.5974426269531 -1 500.299560546875 268.5974426269531
0.977912875080354 -0.032745147312563595 0.18493606378370922 0.09172140639862852 -2.7678224315015156 -0.27085740018956356 0.2165796863458374
270.5074157714844 -1 571.5059204101562 327.62139892578125 -1 920.97607421875 332.38885498046875
0.9776366745444729 -0.03318885269217218 0.18638923482130343 0.09156465358057624 -2.8130445592794233 -0.3140262242413759 0.20639679313726417
338.0675354003906 -1 755.1450805664062 338.0675354003906 -1 368.37969970703125 349.12939453125
0.9772218041960609 -0.03466247452005738 0.18867665876477713 0.09075889323533025 -2.882466929478827 -0.3663746043059897 0.20534186390222006
289.38763427734375 -1 860.93359375 337.0126647949219 118481 858.6093139648438 341.5146789550781
0.9769360490909088 -0.03365361963132459 0.18949542324515023 0.09249256424976529 -2.9404344775110705 -0.40496156653303217 0.20635037250835536
348.7691955566406 -1 586.224609375 348.7691955566406 -1 783.8618774414062 361.206298828125
0.9873584446475568 0.008473660956235059 0.15537479839785304 -0.03016903836689167 -2.5091041729561114 1.631371298105536 -0.13777048251858423
284.3163146972656 -1 894.6270751953125 284.3163146972656 -1 168.30975341796875 334.2744140625
0.9770856400347488 -0.033526991356539325 0.19057438648528185 0.08866225862351013 -3.0324995945907562 -0.43548178876179994 0.19186184374188603
248.3568572998047 -1 729.4886474609375 282.7601623535156 -1 729.4886474609375 282.7601623535156
0.9873081974219307 0.020721927576791428 0.15613835165773254 -0.020345519471530477 -2.8249575889210163 0.10519621984142051 -0.02097060677762974
214.7615203857422 -1 773.7291259765625 284.53155517578125 -1 722.194580078125 289.218505859375
0.9870731838571678 0.023233196633166916 0.15722771620352544 -0.020644455471195283 -2.863591347597637 0.11822148458461287 -0.05067274078875574
210.60935974121094 -1 817.2163696289062 210.60935974121094 -1 768.5303344726562 214.45904541015625
0.9868238828481173 0.024855732965241222 0.15826390114721306 -0.02265732493016522 -2.8966098875206936 0.13339053798662115 -0.07375451204929352
207.6841278076172 -1 795.4784545898438 239.636474609375 -1 664.0962524414062 336.2560729980469
0.9874374738641989 0.018546544925059014 0.1555632884154667 -0.02057484331407241 -2.7680619073292365 0.09780934867109431 -0.026041343120598675
247.7462615966797 -1 673.044189453125 247.7462615966797 -1 314.032958984375 252.0753173828125
0.9865699162630525 0.027082494875480274 0.15931041333167056 -0.023801911690567012 -2.933145130868107 0.1460156145285043 -0.05524169067973165
196.93116760253906 -1 763.088623046875 222.08734130859375 -1 813.1583862304688 221.9720001220703
0.9863373060291021 0.028540033608821742 0.16003546026850327 -0.026699001357900678 -2.9635443206016836 0.16358329376120462 -0.015583375619105232
199.65512084960938 -1 757.40234375 205.60121154785156 -1 844.89111328125 224.7171173095703
0.9863344635259677 0.029808155372125285 0.1599253790903384 -0.026070540022496504 -2.9926993957094754 0.16740457483558824 -0.0271743776957649
217.03338623046875 127554 708.4089965820312 258.19927978515625 -1 729.6373291015625 283.3766174316406
0.9864933561612139 0.02896836829545569 0.15914106326547556 -0.02580336936946975 -3.034431924591309 0.16350167853949069 -0.08310406638003118
232.3223114013672 -1 673.171875 247.583251953125 -1 734.3782958984375 251.19911193847656
0.9873314828508326 0.016919064769004198 0.1564299889615369 -0.020492602870590584 -2.7117988496244627 0.09485124112034048 -0.00938419292963416
236.3424072265625 -1 804.8597412109375 236.3424072265625 -1 850.6411743164062 244.7012939453125
0.9869232136487263 0.029238229728717806 0.1565509749000301 -0.02488952674221767 -3.0932280815621715 0.17166549150326943 -0.11651810851459454
108.1351547241211 -1 747.3410034179688 204.33360290527344 -1 747.3410034179688 204.33360290527344
0.9870794466682334 0.02759668462261549 0.15574013872123768 -0.025643676687706608 -3.1629785044837995 0.17520571629941709 -0.11389944441719886
232.43429565429688 -1 804.9957885742188 235.98770141601562 -1 805.7107543945312 259.65924072265625
0.985981752442164 0.011803584065633215 0.1660565727119065 -0.011219354413697497 -2.509797877002803 0.0015966429520557954 0.056743411392944684
227.111083984375 -1 897.0431518554688 228.4232177734375 -1 766.9910888671875 233.2946319580078
0.9866146325743836 0.014392368049190862 0.1612731268626931 -0.019375373131382618 -2.642696883684132 0.07502461361522704 -0.03407379893266218
225.8327178955078 -1 444.8401184082031 240.885986328125 -1 830.6580200195312 241.02171325683594
0.9862259104311865 0.012479963557633936 0.1642089502022764 -0.015431292144338454 -2.572119609107265 0.036535748814755804 0.011181469398539
212.61570739746094 -1 886.004150390625 222.00169372558594 -1 874.1994018554688 222.87625122070312
0.9857967598753588 0.010905226969576572 0.16733769531122342 -0.009160784459556919 -2.456924112622205 -0.02636848707475349 0.09097004580589821
227.34922790527344 -1 932.4534912109375 245.34518432617188 -1 932.4534912109375 245.34518432617188
0.9858354581434532 0.01172889914173619 0.16708787529972824 -0.008516121173018447 -2.4058469843844024 -0.042696182969272876 0.13896392010457356
214.828125 -1 954.2189331054688 234.35012817382812 -1 954.2189331054688 234.35012817382812
0.9874041985753355 0.02650975416506155 0.15372425632606956 -0.026439262223147228 -3.21721191223682 0.18406603579486933 -0.12481181667942107
229.94314575195312 -1 694.9943237304688 238.74876403808594 -1 652.3938598632812 257.7959289550781
0.9872440861739167 0.025954257127846356 0.15481404874458554 -0.02661017029030572 -3.287028632665173 0.19485181486056663 -0.11268141410667173
205.54173278808594 -1 757.7695922851562 205.54173278808594 -1 699.0657348632812 214.9155731201172
0.9871919364335408 0.0261049246010219 0.15529571900140735 -0.02557055361166559 -3.352851036445092 0.2007668751102267 -0.11752725938209349
289.20391845703125 -1 722.3713989257812 289.20391845703125 -1 720.5236206054688 312.99267578125
0.987454105077773 0.025609041422172723 0.15396242245212627 -0.023961215227212704 -3.4060500167369137 0.19202056891912797 -0.16567803444398432
233.24493408203125 -1 653.7813720703125 250.49240112304688 -1 741.232177734375 341.1477355957031
0.9877476164869982 0.02651714405281033 0.15220990072557092 -0.021991664708437327 -3.4555034717883126 0.18574879574365213 -0.16684529260907535
226.66493225097656 -1 652.4959716796875 226.66493225097656 -1 664.9285888671875 227.56971740722656
0.9878985630483194 0.02751056880602511 0.15136698752142425 -0.019688393020350553 -3.5002244708154513 0.1751613742193689 -0.18832368248798437
233.45025634765625 -1 766.7306518554688 233.45025634765625 -1 622.0962524414062 235.89031982421875
0.9877769736164753 0.029673781674624658 0.15169825567198647 -0.02009368807064692 -3.544881665469185 0.1889812939433022 -0.21406090610135348
252.25587463378906 -1 664.2265625 252.25587463378906 -1 494.4088439941406 319.4906921386719
0.9877243578924847 0.030206935080924566 0.15189585591135957 -0.020390754175633352 -3.591481894193989 0.20029527787041881 -0.18039284729956287
278.145263671875 -1 722.3317260742188 289.0453796386719 -1 722.3317260742188 289.0453796386719
0.9859811641012123 0.01313428695137595 0.16620229795080887 -0.006740229949187365 -2.3504525432778363 -0.06424040539801879 0.1344234626025131
290.9783630371094 -1 505.5536193847656 290.9783630371094 -1 871.92578125 323.1961669921875
0.9867179685871142 0.014641752749018907 0.16174594931748798 -0.003393732921131654 -2.277313607579229 -0.09837163366540322 0.13859417996580714
235.9224090576172 -1 804.83447265625 235.9224090576172 -1 552.2516479492188 243.76797485351562
0.9872033570938281 0.018328619737261916 0.15837958798071322 -0.0030821343679646247 -2.2255288623876197 -0.11393644037550263 0.0698773290587909
236.3284149169922 -1 561.951171875 236.3284149169922 -1 990.6998291015625 254.86473083496094
0.9876083664360392 0.020215039627843014 0.1556282846597511 -0.0009506483294507798 -2.1673056066840597 -0.14471267071844135 0.08970828414376356
236.00808715820312 -1 580.320068359375 250.97792053222656 -1 580.320068359375 250.97792053222656
0.9876836951669712 0.02228932721109606 0.15486563729050123 -0.0008594070055544919 -2.1063683880278075 -0.15737414942446631 0.06859256140444972
243.92825317382812 -1 722.2182006835938 289.09185791015625 -1 722.2182006835938 289.09185791015625
0.9875659987561272 0.026297659015838696 0.15485300302020572 -0.0065098914525564665 -2.012587904038017 -0.13433178779084132 0.07548859384626345
192.71478271484375 -1 1017.1932373046875 206.07127380371094 -1 1032.2388916015625 224.39720153808594
0.9880072296111392 0.02752354992897784 0.1517862636102344 -0.006715550213742448 -1.9476066008788673 -0.11283288707845571 0.07676850290281453
252.579833984375 -1 605.6273803710938 252.579833984375 -1 611.8151245117188 299.5933837890625
0.9881387696828297 0.026980071816532777 0.15095172509475044 -0.008211228007878511 -1.9222898450892654 -0.09968726580570034 0.05184231404917817
254.6891632080078 -1 620.9215087890625 254.6891632080078 -1 609.8396606445312 264.4277038574219
0.9874520776967232 0.024754579639186453 0.15592323267702674 -0.003681107286903771 -2.0570215097399984 -0.14593483427799991 0.08927621216968665
234.18515014648438 -1 1000.281005859375 234.18515014648438 -1 551.884521484375 244.17947387695312
0.9876552755408041 0.02749787523018676 0.15406522317560917 -0.006695562866042625 -1.9809320215038433 -0.1254944381125704 0.07477822222025324
212.43771362304688 -1 631.388671875 231.59527587890625 -1 1038.3507080078125 236.80323791503906
0.9884407769731349 0.025002981170145662 0.14925170697869908 -0.009143812842325632 -1.8808076161818994 -0.09742379454083176 0.06805071925998228
292.0430908203125 -1 1126.0152587890625 295.7919616699219 -1 711.9564819335938 297.1700439453125
0.9887155053839763 0.021823470770431265 0.14792534560800388 -0.009136611165690865 -1.840577319545771 -0.09506963203015553 0.03956993110360091
29.556142807006836 -1 1567.556884765625 102.44384765625 -1 1567.556884765625 102.44384765625
0.9892232644929695 0.0169091465265992 0.1449805483178417 -0.011491490724555386 -1.7910990952233319 -0.07277057171543211 0.03784922415154906
212.88685607910156 -1 649.096435546875 214.05575561523438 -1 631.2363891601562 231.79885864257812
0.988952199768694 0.01926006272321111 0.14672264664883886 -0.008663804990834707 -1.8115899789686463 -0.08362046047771327 0.023582113393778657
201.8114776611328 -1 631.7953491210938 231.70603942871094 -1 525.583740234375 283.3438720703125
0.9893743345484736 0.015992222714599318 0.1440145918766678 -0.011936175099614433 -1.7607869846749593 -0.072086867318693 0.01674506089848536
187.65625 -1 629.5012817382812 187.65625 -1 639.7438354492188 209.90769958496094
0.9894263287031754 0.01449356515347675 0.1440644542056034 -0.008420788118678023 -1.7135208787830214 -0.09078843074011335 0.0394737449637187
233.73849487304688 -1 1072.0228271484375 236.63311767578125 -1 992.7201538085938 257.1791687011719
0.9891241457217592 0.01332909098732805 0.14632418319199247 -0.006707689382182251 -1.6735431052097294 -0.10346512411925111 0.07310610343132182
210.17630004882812 -1 600.7606811523438 210.17630004882812 -1 638.015625 234.0617218017578
0.9886598138100217 0.010959209954742357 0.14973365687289625 -0.0033912053566537326 -1.6269039097373788 -0.11472052245666739 0.04172177721687697
202.26121520996094 -1 703.2528076171875 215.69219970703125 -1 702.587646484375 230.6533203125
0.9884748747687234 0.006233898287694449 0.15124860282114252 0.0015558302438496395 -1.5804487863271637 -0.13514058245546032 0.08613331403105529
230.29638671875 -1 681.82373046875 257.9451599121094 -1 654.8333740234375 287.24365234375
0.9883203001123322 0.004214950373583615 0.1521239975000959 0.007969188403394079 -1.5332775004031454 -0.14871874731652346 0.08079586571126011
120.808837890625 -1 753.1002197265625 207.104736328125 -1 619.7628173828125 226.08352661132812
0.9882183838738974 0.0017142136611250024 0.15242822100735914 0.01367935253284936 -1.4839198090165577 -0.1671562717596023 0.13117025481353164
229.2552032470703 -1 573.6785888671875 229.2552032470703 -1 722.4910888671875 276.8257141113281
0.9879596141542905 0.00023407607478003237 0.15354782538752348 0.018942315783961 -1.4241574918349955 -0.19055466606773103 0.10393712560724547
235.85635375976562 -1 648.4597778320312 237.85191345214844 -1 648.4597778320312 237.85191345214844
0.9880800835167953 0.003318299654824415 0.15293821660473447 0.017223221144926203 -1.3567135413705873 -0.1961192946805604 0.11990063693807301
120.35955047607422 -1 734.0595703125 120.35955047607422 -1 734.3020629882812 206.61355590820312
0.988220958631464 0.006332213701647365 0.1520940294930919 0.015704973215559363 -1.2891039521730865 -0.20799417669798756 0.1395606697790048
226.45013427734375 -1 670.0787353515625 229.75157165527344 -1 757.76953125 230.0292510986328
0.9884249575121891 0.00860278918306081 0.15106261765428713 0.011053548422735322 -1.226585145287923 -0.21119893587545524 0.13854154089638468
202.34539794921875 -1 744.9453125 224.67103576660156 -1 500.7083740234375 255.70230102539062
0.988599824729587 0.009674766853767332 0.1499837486751627 0.009036623501122063 -1.1718979221941042 -0.22491772237987726 0.13836811669637872
156.1832733154297 -1 686.4572143554688 179.90939331054688 -1 743.53662109375 205.90853881835938
0.9892538589324754 0.012925629380116066 0.14534749483112544 0.009156224038868893 -1.1052495024999571 -0.23370036119288115 0.10273823475366758
210.4815216064453 -1 764.7474365234375 215.73765563964844 -1 652.1587524414062 226.04591369628906
0.989730159246265 0.014705915404396065 0.14177970457878072 0.01079181634552125 -1.035051096879408 -0.2503807917062655 0.10681685308351338
210.482421875 -1 773.3086547851562 210.482421875 -1 770.7694091796875 229.2470703125
0.9897276179970622 0.015560801499513588 0.14178472367782288 0.009705450126484267 -0.9702999693307093 -0.2611757778144238 0.09466368565796326
120.83277893066406 -1 817.63720703125 210.69760131835938 -1 818.4514770507812 239.03811645507812
0.9897767025251718 0.016067155267951366 0.14144416326285097 0.00880195085564725 -0.910884473528152 -0.25916541809750987 0.12558312797840426
208.95603942871094 -1 665.04736328125 227.09361267089844 -1 665.04736328125 227.09361267089844
0.9898240184961962 0.01491244520477562 0.14112760547225928 0.010441760374720097 -0.8544200542667876 -0.2550648122050815 0.12346954779840985
120.40116119384766 -1 798.5879516601562 196.56039428710938 -1 862.8587646484375 226.32040405273438
0.9899235860264993 0.01441667240276322 0.14054578918913482 0.009504447720442007 -0.7916335678118477 -0.2413924639107033 0.12770137543185772
120.65714263916016 -1 866.2608032226562 162.6227569580078 -1 782.8934936523438 201.65316772460938
0.9896746535870031 0.011780039738645278 0.14234193749658733 0.012003480366915507 -0.7155022718999434 -0.24132676377179796 0.16241823784343237
204.92520141601562 -1 877.8216552734375 208.77191162109375 -1 936.761474609375 214.32847595214844
0.9767870126597813 -0.034476427333167 0.19212531347216047 0.08824042033413791 -3.1047857233073946 -0.4842516025810493 0.20719456789536186
235.77847290039062 -1 805.07421875 235.77847290039062 -1 675.492431640625 307.9844665527344
0.9881017003026391 0.03091826293904438 0.1492853380895464 -0.020321877554886084 -3.6551708460741903 0.21313145110439047 -0.19510845961328768
243.25987243652344 -1 575.5515747070312 273.1988525390625 -1 575.5515747070312 273.1988525390625
0.9885216505465221 0.030085849155914376 0.14672267388324384 -0.01980517735085327 -3.7146520759934587 0.2106871617357523 -0.2534171843555815
202.2456512451172 -1 766.674560546875 233.28131103515625 -1 673.7362060546875 247.94024658203125
0.9887255510101564 0.030844636629718546 0.14524959102045473 -0.019311899938487073 -3.773889885240932 0.22360343199124433 -0.22659106987478503
316.24920654296875 -1 454.18939208984375 322.8360595703125 -1 422.5285339355469 359.8373107910156
0.9887153688893546 0.02974781865225026 0.14531676407937055 -0.020976765358868426 -3.8290070068187907 0.2393729337994571 -0.24305989314243476
250.06448364257812 -1 993.0234375 257.11517333984375 -1 993.0234375 257.11517333984375
0.9892593933174805 0.009346955680780577 0.1454734674096795 0.010768353283442571 -0.6492606175097058 -0.24202644575002272 0.21859910384050224
212.6006622314453 -1 876.79443359375 222.04293823242188 -1 819.794189453125 228.40513610839844
0.9888318070907327 0.009805070271957476 0.1483779715716456 0.00997473984231149 -0.593963457530886 -0.2358268937338211 0.15039464839909727
199.70462036132812 -1 743.4093627929688 206.48098754882812 -1 644.9408569335938 209.54745483398438
0.9888904139191058 0.00993728831880172 0.1479935424672201 0.009742224990819294 -0.5321352919427113 -0.2443640868200367 0.15552363990272872
182.4901123046875 -1 903.15869140625 218.3887176513672 -1 766.5469360351562 233.37841796875
0.9887212260708179 0.011940815133231019 0.14901830830036816 0.009016531609713978 -0.4887835891414848 -0.251687776140057 0.16829002174602542
175.0570831298828 -1 762.4688110351562 209.29354858398438 -1 762.9367065429688 212.08656311035156
0.988598152301399 0.012299096497540319 0.14999631820960654 0.004850774697596486 -0.4555261476495197 -0.2669344481660712 0.14094993621390284
214.89126586914062 -1 648.9178466796875 219.80001831054688 -1 648.9178466796875 219.80001831054688
0.9888491276208536 0.011102733026930885 0.14845223868597213 0.004008110768490101 -0.4302501699957379 -0.2718148268879134 0.1517481181822278
201.4031982421875 -1 847.9932861328125 209.5182647705078 -1 655.7328491210938 220.46817016601562
0.9887792355578022 0.007947987884405953 0.14894232883535163 0.008284654453848649 -0.3928913123161674 -0.2738251476607545 0.160951595572046
209.764404296875 -1 817.1599731445312 216.12782287597656 -1 817.1599731445312 216.12782287597656
0.9881403454497285 0.005565134695389691 0.15304474827929876 0.011179981862221829 -0.34262861087238833 -0.2736215495747128 0.14993073344996238
228.30609130859375 -1 725.7778930664062 230.44224548339844 -1 556.4432373046875 242.4533233642578
0.9865879424066619 0.001863398733004322 0.16214875674784598 0.018669234801641125 -0.24824178895230026 -0.26645282520118535 0.16501233805749502
120.86359405517578 -1 646.2847290039062 214.30517578125 -1 893.9835205078125 229.92861938476562
0.9863667403572548 0.0019086131477985665 0.16362057843597783 0.017473323242362657 -0.1383390634095253 -0.2615596027813978 0.13699310945320892
147.97299194335938 -1 659.2275390625 147.97299194335938 -1 790.0069580078125 207.49969482421875
0.9876364225835368 0.006526558333209593 0.15608562647060714 0.012999155049269935 -0.089252415148437 -0.27209456658911574 0.12723168059433035
127.8379898071289 -1 876.9586791992188 223.1064453125 -1 876.9586791992188 223.1064453125
0.9862070146994935 -0.00042144469883642106 0.16438969973979028 0.019276233069269115 -0.160010934357388 -0.2557321232856929 0.17019109454117237
134.41258239746094 -1 707.4213256835938 156.77838134765625 -1 740.656494140625 217.7266387939453
0.9870784884921674 0.0051560778328899725 0.1594257221701306 0.015261439248369583 -0.1075936038300312 -0.2646058509649421 0.12664371440141375
205.06298828125 -1 740.70556640625 217.9144744873047 -1 596.451904296875 221.08018493652344
0.9881628083747102 0.006557453205944294 0.15285006795828804 0.011319040489561444 -0.06135771685804607 -0.2865178969001699 0.12668817186238404
192.8599853515625 -1 691.0652465820312 198.86485290527344 -1 993.6536865234375 201.38536071777344
0.9862836952226909 -0.0008215559975550844 0.1637350854426012 0.020847526920988246 -0.19397404014628175 -0.25653475733588404 0.14528490328914304
212.43067932128906 -1 922.9993896484375 216.7663116455078 -1 924.8812255859375 219.27610778808594
0.988542465689543 0.007225520946643479 0.15043323072049844 0.010071170263770062 -0.021156186541132823 -0.30122501642009425 0.12471185347269856
222.4634246826172 -1 891.4942626953125 231.2841033935547 -1 805.23095703125 235.958251953125
0.9885882696982127 0.010642207780133197 0.15000955839180155 0.008781162779215906 0.021621366287642413 -0.3104888670044604 0.09816599314821606
201.66677856445312 -1 756.5227661132812 205.573974609375 -1 877.74560546875 208.98826599121094
0.9888628803830793 0.011563634744212755 0.14827736185098203 0.005505462241753487 0.07599259205195222 -0.3345002721473774 0.1302687981923192
204.8877716064453 -1 756.2928466796875 204.8877716064453 -1 909.601806640625 216.52642822265625
0.9872683256274449 0.00400964024513505 0.15851014588921022 0.012637628261161212 -0.30073614194595094 -0.27139192559842185 0.1721479933402544
209.3639678955078 -1 699.0405883789062 215.0987091064453 -1 769.2166748046875 216.9512176513672
0.9888263542263444 0.012481243733759936 0.14850442643877598 0.0036187111496959524 0.1217146019319027 -0.349769558849335 0.15073790061153722
204.96490478515625 -1 756.1414794921875 204.96490478515625 -1 821.8494873046875 215.86251831054688
0.988878857438472 0.013891281974280809 0.1480489204215612 0.002674837995738917 0.1829553406017578 -0.3592984023183777 0.15044062026735383
121.05810546875 -1 734.339599609375 121.05810546875 -1 834.7886352539062 179.00689697265625
0.9889365099636404 0.013496587092389361 0.14772387578140347 -0.0002791449673309442 0.246731618817028 -0.37901281424716526 0.1503954129464768
120.62744140625 -1 734.4905395507812 120.62744140625 -1 938.1341552734375 203.5821075439453
0.9887230832861945 0.016139191843525233 0.1488641537763806 -0.0023779789993020857 0.2948888147528397 -0.3931582115732565 0.12140063518816706
208.15878295898438 -1 800.5904541015625 209.6644287109375 -1 819.9851684570312 212.568359375
0.9887426010746834 0.0179300932548549 0.1485009581545185 -0.0037477997720781133 0.3437168326945184 -0.4127007637412118 0.16467431644954816
175.060791015625 -1 712.7439575195312 208.03753662109375 -1 811.0125732421875 209.38587951660156
0.988640242158237 0.01886360965764696 0.14907946469810904 -0.0031542069227875505 0.39573776079108497 -0.42587792866734026 0.16761556370809397
213.9938507080078 -1 702.1393432617188 220.6195068359375 -1 863.7029418945312 225.93809509277344
0.9885668907009906 0.01984503583416605 0.1494398489135963 -0.0030673635581931983 0.447672740108602 -0.4264018646150822 0.19151074883199332
203.42967224121094 -1 785.223876953125 203.42967224121094 -1 876.8673706054688 222.0531463623047
0.9883651844205826 0.0165886347191838 0.15107554351131494 -0.005937977448770167 0.4840923656926039 -0.4219985208594242 0.16111028671155506
215.90931701660156 -1 830.914306640625 215.90931701660156 -1 815.3638305664062 223.3411102294922
0.9883908315505653 0.013307205329536588 0.15126840741600997 -0.004934704745364457 0.5205668878295654 -0.40187138452735294 0.17737996710337423
156.36827087402344 -1 756.5517578125 205.41668701171875 -1 930.015625 206.7807159423828
0.988614721587865 0.011492916480151267 0.14998686168443554 -0.0035758149536060115 0.5661080102097764 -0.3890748670261016 0.19973310458533958
193.96688842773438 -1 758.469482421875 233.64883422851562 -1 767.3323974609375 236.29917907714844
0.9767908071589894 -0.03189065339718399 0.19274420950568827 0.08782012854475996 -3.1857235929711503 -0.5259606881190114 0.1585509444470327
285.3460693359375 -1 791.5372924804688 338.47967529296875 -1 1183.4659423828125 357.8923034667969
0.9791856156968476 -0.02441475396285104 0.18598987405986975 0.07750623554600602 -3.6621095188139727 -0.7516523782073844 0.11929108771332397
197.80197143554688 -1 650.0003051757812 224.5015106201172 -1 675.8189086914062 231.26864624023438
0.9885202648073358 0.029381911890764743 0.1464622073095196 -0.02265416405214666 -3.889023169569025 0.2546864000640904 -0.254462043926132
256.9932861328125 -1 562.740966796875 269.67523193359375 -1 722.5480346679688 289.1617126464844
0.9795379055432811 -0.023578680966286247 0.18466346841795375 0.07647836844247988 -3.7217082606508938 -0.7945776685165388 0.12575292880760539
227.19021606445312 -1 697.9530029296875 232.40509033203125 -1 697.9530029296875 232.40509033203125
0.9781723566201076 -0.028212858285895474 0.18882391552094194 0.08202685108514866 -3.5200367867913367 -0.6893909914268213 0.18344641468400985
224.13668823242188 -1 840.3069458007812 224.13668823242188 -1 704.824951171875 230.04637145996094
0.9786339704146221 -0.027804453156342907 0.18756492709566816 0.0795101406034859 -3.5991416941006844 -0.730272135522612 0.1409859405587103
231.7993927001953 -1 791.1018676757812 232.2286834716797 -1 791.1018676757812 232.2286834716797
0.9796583327219234 -0.021599863592773164 0.18485151817020765 0.07505273646872922 -3.7825425249916007 -0.8390715106833628 0.1324177586630994
231.48800659179688 -1 660.0658569335938 333.569580078125 -1 191.16954040527344 344.8511047363281
0.9768503621163225 -0.03260969115861203 0.19307413080676508 0.08615310841148918 -3.2963397818703966 -0.5908919686076953 0.21248843401936365
233.53338623046875 -1 766.0553588867188 233.53338623046875 -1 881.6340942382812 312.12652587890625
0.9882326474729731 0.01066626909116438 0.1525789177654648 -0.0014625408551249806 0.6258859590600033 -0.3655278829754818 0.17744875010670466
223.36903381347656 -1 877.5360717773438 223.36903381347656 -1 840.3660888671875 224.41592407226562
0.977443014630559 -0.03013517664600343 0.1911464940257107 0.08461703197417121 -3.3959972265611045 -0.63422006465069 0.1728282021003974
230.90992736816406 -1 722.1406860351562 289.241455078125 -1 945.4778442382812 352.0553894042969
0.9886740640384853 0.0287936402902391 0.14563336843946537 -0.022032779521345917 -3.9352721434686515 0.25805112180959394 -0.21503672847550526
271.5229187011719 -1 1026.204833984375 285.1139221191406 -1 644.8323974609375 296.9138488769531
0.988698369574871 0.026771451717275914 0.14543669551288893 -0.024637186755649045 -3.9998004345084244 0.29636939841146737 -0.20545182324631442
268.868896484375 -1 552.3037109375 268.868896484375 -1 1125.082763671875 338.85400390625
0.9887181878486074 0.026099199517161616 0.1452551815917091 -0.02561462517174151 -4.040119600806131 0.32581176751754704 -0.2452801736165784
249.6193084716797 -1 757.7293701171875 283.1446533203125 -1 733.4286499023438 337.3524475097656
0.9887031929208984 0.02539429455162669 0.14547467402373299 -0.025656292209410802 -4.0817848043819485 0.34850166163040225 -0.21651622894110045
243.67091369628906 -1 757.574462890625 283.2011413574219 -1 757.574462890625 283.2011413574219
0.988531886056744 0.023421281607473372 0.1469496854961299 -0.02572826751937676 -4.147426864746583 0.3877783885099322 -0.23546856044203304
271.560302734375 -1 774.4384765625 271.5588073730469 -1 757.838134765625 283.3049621582031
0.9885763516659347 0.02463513574590822 0.14645076427600673 -0.025730928017167195 -4.1206651835737 0.3703994154533474 -0.21751632192776
243.80006408691406 -1 16.036849975585938 329.7797546386719 -1 131.78627014160156 354.0216369628906
0.9883661234341544 0.023703378227582284 0.14797125572202607 -0.025981981995004184 -4.170959535057972 0.40362059737136197 -0.2255442129020434
273.3003845214844 -1 658.1246948242188 285.1588134765625 -1 984.6589965820312 341.2964782714844
0.987994396267696 0.025403391915786888 0.1499439232989743 -0.02717646939017897 -4.204622429770637 0.42751155327394164 -0.2259522265975623
231.43231201171875 -1 782.8863525390625 244.1677703857422 -1 672.9706420898438 247.59841918945312
0.9877303759230703 0.025581562720342788 0.15132428675009327 -0.028900663785299676 -4.241546244947455 0.4414841177364471 -0.20217058500715981
226.09519958496094 -1 873.4404907226562 226.09519958496094 -1 992.9683837890625 257.2086181640625
0.9874328863966353 0.026541225849571 0.15257404815796258 -0.031512188459444444 -4.284077230640148 0.4662037354853114 -0.20653872054927358
204.04693603515625 -1 766.0065307617188 233.4823455810547 -1 766.0065307617188 233.4823455810547
0.9871246782811133 0.027503680501518895 0.15381948269543883 -0.0341757784196153 -4.329470215878578 0.4971359239905091 -0.2355524756325077
236.08831787109375 -1 804.9614868164062 236.08831787109375 -1 993.02001953125 257.8673095703125
0.9866661722141264 0.027471757589382913 0.1561762639689568 -0.03666253831873508 -4.383658668196523 0.5216764029382713 -0.22991433102158562
228.04754638671875 -1 962.4507446289062 255.56944274902344 -1 722.3189697265625 289.2336120605469
0.9865218194639206 0.028064569136423315 0.15697186803907698 -0.03670030415548879 -4.440353707048545 0.5278120232914771 -0.19065769297543306
289.1233825683594 -1 722.1434326171875 289.1233825683594 -1 560.9161376953125 358.9925231933594
0.9866314629941956 0.029704972876053736 0.15615816714533498 -0.03592488900714961 -4.492665064597504 0.528055679080539 -0.2034736055432786
243.20098876953125 -1 734.0661010742188 243.20098876953125 -1 796.628173828125 256.6608581542969
0.9865511996850245 0.03434562217268272 0.15530637507971615 -0.03764357179132827 -4.5438926062444684 0.5675956893888252 -0.215745851207943
309.1010437011719 -1 809.5488891601562 343.0058288574219 -1 964.6914672851562 355.2084045410156
0.9867987655664291 0.03489180315540437 0.15243723098480363 -0.04211471190477002 -4.5794645933191145 0.6060406782710249 -0.20042943081350012
216.0230255126953 -1 830.2384033203125 216.0230255126953 -1 800.4497680664062 248.07962036132812
0.9865649440280331 0.038148848699224906 0.15175925259187736 -0.046940449621224144 -4.6243851323474185 0.6697054340843395 -0.2679250681065605
232.5596466064453 -1 950.6845703125 237.68206787109375 -1 950.6845703125 237.68206787109375
0.9863949389174723 0.04340738465755564 0.14967355056105236 -0.05233212873212139 -4.660236480770529 0.7372795026312132 -0.237152040587766
233.06271362304688 -1 766.6199340820312 233.06271362304688 -1 837.846435546875 323.4911804199219
0.9866303731106639 0.04777472600161049 0.14781778625513078 -0.04927458247023153 -4.71095134483692 0.7210697089778707 -0.27876091908410106
314.38885498046875 -1 823.94140625 342.6402587890625 -1 1096.0079345703125 352.0716552734375
0.9870824520308474 0.05132597347501271 0.14470757553854138 -0.04575581844278984 -4.7647396214701185 0.6883001755519399 -0.27811139732885676
247.8859100341797 -1 673.5823364257812 247.8859100341797 -1 759.7576904296875 330.25970458984375
0.9872865618089431 0.05539410160593473 0.14262117989744286 -0.04308059218962087 -4.814026385989384 0.6676254900013032 -0.2936917832959974
223.96246337890625 -1 765.5128784179688 299.2054443359375 -1 832.7945556640625 322.74346923828125
0.9876720118242678 0.05697220079429834 0.1415668338618378 -0.03488548331315543 -4.871804962356745 0.5848283706635703 -0.2798460064877499
236.03616333007812 -1 804.9315185546875 236.03616333007812 -1 838.0386352539062 251.8528594970703
0.9874884185685582 0.059429312066980454 0.14236727649253975 -0.03265484105473625 -4.926441094053596 0.5619290975880256 -0.26454896652957066
210.45347595214844 -1 687.6668090820312 279.63507080078125 -1 1069.8948974609375 288.98455810546875
0.9876844257326485 0.06111890425361895 0.1407387688098407 -0.030603164246460986 -4.9645356393082665 0.5484093879824825 -0.28842978634609423
233.63021850585938 -1 478.8530578613281 290.2843017578125 -1 909.7188720703125 320.42791748046875
0.9872752429024447 0.06225062176502385 0.14254889115892172 -0.033049485187345 -5.006932585391435 0.5756153819985258 -0.2485768996288697
201.01744079589844 -1 820.7442016601562 238.9748077392578 -1 814.6465454101562 248.57545471191406
0.9869555604011939 0.061944846916840636 0.14505115919487008 -0.032275671175653824 -5.0488120218265555 0.5821459583065673 -0.22128341398192455
226.6087646484375 -1 785.6279296875 246.87210083007812 -1 652.9156494140625 249.87478637695312
0.9866465162423727 0.06169221919225247 0.14696746270911387 -0.03351547378107454 -5.085865962042626 0.6066817705587517 -0.23655234045196558
234.1614227294922 -1 969.46435546875 247.63546752929688 -1 807.7296752929688 267.2148742675781
0.9869634543588318 0.06100269632744884 0.1456502900823725 -0.03110954515553154 -5.1156958722285655 0.5941967611329814 -0.24080557871903494
236.2045135498047 -1 723.9248046875 276.94512939453125 -1 750.0902709960938 281.4981689453125
0.9870299223625416 0.06139377986652032 0.14562204873934684 -0.028230392764742644 -5.158305545065012 0.5823157633890704 -0.24311880492258053
212.8858642578125 -1 943.3145751953125 247.89035034179688 -1 943.3145751953125 247.89035034179688
0.9866886603080762 0.05932791275659568 0.1489220315890331 -0.02734803274085363 -5.223621056548411 0.5686700292484913 -0.2435661749878094
321.6453857421875 -1 642.9719848632812 345.4326477050781 -1 743.8267211914062 352.8343200683594
0.9862497332364918 0.05847052422199435 0.1518345384895752 -0.028964364481407788 -5.275882029855886 0.5832083960821544 -0.20221344669619046
270.5775146484375 -1 722.195556640625 289.2166748046875 -1 964.6319580078125 355.5078125
0.9849821721319928 0.038296764142752716 0.1682896027602749 -0.004699791604369726 -5.417386317189967 0.1302037931727674 -0.13260132468553107
226.8686065673828 -1 814.0819091796875 230.61746215820312 -1 711.9081420898438 236.23936462402344
0.9852084727562556 0.0384742353553667 0.16691900940999227 -0.004694967592354931 -5.424227979882765 0.17314909797638747 -0.09044312799152061
242.61270141601562 -1 795.5768432617188 247.07093811035156 -1 795.5768432617188 247.07093811035156
0.985575178057028 0.039454459207700375 0.16449086921735026 -0.005260037129710779 -5.432154633811685 0.269507308489434 -0.10497067715043064
235.94268798828125 -1 727.784423828125 245.92335510253906 -1 1125.987060546875 296.4627990722656
0.9854700121716529 0.03856362835455029 0.1653158455415683 -0.005689718043170577 -5.4315096047090226 0.2284651140758945 -0.08371719954893254
231.115966796875 -1 767.5050048828125 236.00790405273438 -1 950.6004638671875 237.29896545410156
0.9856262975436823 0.04102160043014792 0.16384458299102447 -0.003603125445987423 -5.42598002172014 0.30205467648179557 -0.11250703182104858
200.86215209960938 -1 806.0748901367188 229.54815673828125 -1 876.6748046875 285.8924255371094
0.9854580320863114 0.04222837908825019 0.16456098275363065 -0.0029856241077485354 -5.4184153669844495 0.3390482718831431 -0.12026155962408212
236.20675659179688 -1 961.9461669921875 255.66720581054688 -1 961.9461669921875 255.66720581054688
0.9858018875980031 0.05884459060120403 0.15447383714507643 -0.029492137983995886 -5.338256113278202 0.5873968913062559 -0.20672116847561506
213.29017639160156 -1 805.3057250976562 235.81561279296875 -1 805.3057250976562 235.81561279296875
0.984968055377894 0.037810879830094415 0.16854186297527182 -0.0013811865872830394 -5.431769885583117 0.04040945076810309 -0.09239864335555997
216.48228454589844 -1 874.1536865234375 222.4991455078125 -1 953.4623413085938 226.02281188964844
0.9857166188968255 0.05907487131302871 0.1548949257982081 -0.0296726940456585 -5.40473744719848 0.5738696838836866 -0.16921075406480923
217.3787841796875 -1 744.224853515625 235.5327911376953 -1 744.224853515625 235.5327911376953
0.9857316667758852 0.058762766475656945 0.1556037236958012 -0.025836012915377505 -5.465981078459323 0.5025398338192748 -0.19718410896944727
232.68666076660156 -1 694.653564453125 242.10910034179688 -1 936.0325927734375 264.0384216308594
0.9855198573482391 0.05960863514914176 0.15803855582717174 -0.014874012909264205 -5.526338889369489 0.33464478153850385 -0.16569007022118015
230.59390258789062 -1 702.5451049804688 230.59390258789062 -1 645.6119384765625 243.35079956054688
0.985700583276178 0.06041387655856262 0.15603372252924297 -0.019949964457028457 -5.500572880515811 0.4252816469914746 -0.19670975591597878
231.45852661132812 -1 804.878173828125 235.8605499267578 -1 804.878173828125 235.8605499267578
0.98511903103755 0.0375838289684824 0.167702661724052 0.0019410662983713415 -5.450416132296248 -0.04525416716889448 -0.0981600785583553
222.57730102539062 -1 766.3641967773438 233.59683227539062 -1 766.3641967773438 233.59683227539062
0.9855147927947223 0.04290573329030321 0.1640595993925701 -0.00203447308817761 -5.391598653969749 0.37512205140445204 -0.17544845955800636
201.65005493164062 -1 794.7911376953125 218.7955780029297 -1 792.4257202148438 231.960693359375
0.9850669076628417 0.042762081107402844 0.16677664961758415 -0.0003754853716127276 -5.380352113062269 0.40986973154332923 -0.16996520566734719
217.5183563232422 -1 1027.530517578125 231.25282287597656 -1 802.33447265625 232.43246459960938
0.9851295847574619 0.04184990537365696 0.1666335319434617 0.0012460689603158972 -5.347771158964219 0.4393890304571348 -0.12469132310045648
230.2698974609375 -1 766.4205322265625 233.51507568359375 -1 804.8690185546875 235.89459228515625
0.985800915387599 0.05894720292540477 0.15692106889794574 -0.00987727817616148 -5.5304796758845685 0.24304899525236945 -0.19330922131328723
226.7245635986328 -1 846.9341430664062 232.43569946289062 -1 652.9228515625 249.75692749023438
0.9857773006606468 0.05909251298443345 0.15716891576449055 -0.007008589644704814 -5.541566780231494 0.1699101279097009 -0.1839353650226241
212.4237823486328 -1 658.1205444335938 230.8336944580078 -1 658.1205444335938 230.8336944580078
0.9853801342365043 0.039882357895906335 0.16558031640375898 0.004306669286432034 -5.4536979095866975 -0.11437141489828238 -0.12474395699065895
204.37210083007812 -1 727.02978515625 208.7916259765625 -1 768.14990234375 236.0790252685547
0.9858401700019777 0.05886105586304467 0.15694494976149062 -0.004776825046283192 -5.554891129069448 0.10117525365961544 -0.21988800871801245
200.44509887695312 -1 938.5333862304688 204.89508056640625 -1 808.0342407226562 267.08770751953125
0.9860060373054672 0.059321131276861304 0.15575199964602993 -0.0037963650333052972 -5.5715357497185 0.0450982784052553 -0.2406842342809704
226.6338653564453 -1 804.6224365234375 235.7308807373047 -1 1126.401611328125 298.9893798828125
0.9853240450362104 0.0409699717826814 0.1656220965784968 0.005225783247458242 -5.454648596450977 -0.17697871494639233 -0.1287534280420678
226.82296752929688 -1 939.1619262695312 226.82296752929688 -1 673.5887451171875 248.0170440673828
0.9850993826433206 0.039398229428835654 0.16729715008453122 0.006216864741591714 -5.453145880531933 -0.24896916913539122 -0.12641786593885967
240.84835815429688 -1 993.2706298828125 257.12860107421875 -1 993.2706298828125 257.12860107421875
0.9848080912178909 0.04213915741441435 0.16842821778369657 0.0030414368948207867 -5.3213250931791904 0.47900240185485393 -0.1454141930385672
272.4623718261719 -1 927.7700805664062 307.8954162597656 -1 933.8937377929688 324.62744140625
0.9860112708047769 0.05917539434626108 0.15578430891442188 -0.003360899577404204 -5.590232268854729 -0.009455786476035401 -0.2308381624464544
204.55978393554688 -1 790.6407470703125 207.9409637451172 -1 883.1488037109375 218.85679626464844
0.9855321234768769 0.039593825269636784 0.16461480689629537 0.007792813751839729 -5.421868999751356 -0.31663850998049176 -0.14996320443151903
233.6259002685547 -1 866.244384765625 247.06060791015625 -1 866.244384765625 247.06060791015625
0.9845249560461165 0.04167654572259499 0.1701519357803558 0.004689905033444332 -5.305859214406364 0.522608847169546 -0.13819141571320223
229.18807983398438 -1 814.2913818359375 229.18807983398438 -1 805.4449462890625 259.8620910644531
0.9854052090422005 0.038896416283872984 0.16551497840115867 0.008272527886481912 -5.4186513440422726 -0.36983525665437644 -0.14784199227597836
227.01953125 -1 602.4073486328125 227.01953125 -1 697.8965454101562 232.57791137695312
0.9859461110380655 0.061368118124955844 0.1553352764964909 -0.0038951357453850853 -5.595706322411531 -0.043179424061398124 -0.24945990064607534
217.6611785888672 -1 949.4422607421875 217.6611785888672 -1 788.580810546875 244.84239196777344
0.9858217550670785 0.06191763975803178 0.15589102227302595 -0.004434218976393161 -5.59827223886897 -0.09425861590871162 -0.2403374592404368
212.362060546875 -1 815.5060424804688 223.37257385253906 -1 923.322998046875 261.0528869628906
0.9855576377529903 0.06203706168466504 0.15751487250971857 -0.004075608240008231 -5.605309685432593 -0.15470351620959047 -0.2177888110646666
271.99017333984375 -1 771.549560546875 274.3747253417969 -1 1074.2249755859375 285.0743408203125
0.9856790580737584 0.03831712499015895 0.16399783218236186 0.00856174321051549 -5.405337471174442 -0.43280391338319085 -0.1587968532279247
248.60047912597656 -1 992.9749755859375 256.6280822753906 -1 992.9749755859375 256.6280822753906
0.9855566815267336 0.0616397062996752 0.15766086181120054 -0.004650457854022365 -5.609046581483286 -0.18885968578442594 -0.21534406210311427
231.10670471191406 -1 962.3106689453125 255.4777374267578 -1 1078.429443359375 283.58062744140625
0.9854368222138623 0.03747548034446027 0.16574280788163498 0.006259347690296134 -5.400845498022802 -0.47091167544083157 -0.10545186275632241
248.29222106933594 -1 802.5735473632812 248.29222106933594 -1 897.0314331054688 257.0111999511719
0.9851221710890081 0.03851486966722398 0.16739536247233655 0.005450272117145185 -5.390741845037335 -0.5096145656959647 -0.10887460778296171
213.0154266357422 -1 830.4046630859375 215.87303161621094 -1 830.4046630859375 215.87303161621094
0.9856246103760948 0.06096646546079079 0.15751758338056546 -0.003927904802315491 -5.607285640422591 -0.24535659117435485 -0.22622331115627015
218.2146759033203 -1 854.2968139648438 218.2146759033203 -1 818.5525512695312 234.4683380126953
0.9857283740125722 0.06268741944167004 0.15621603451537502 -0.002531930205614177 -5.594340626266188 -0.30329659716814955 -0.29111958346614664
224.01683044433594 -1 822.1968994140625 224.01683044433594 -1 886.98974609375 232.62767028808594
0.9845671425572534 0.03943501279728849 0.1704540214965969 0.004224703298542995 -5.295472105654483 0.5866542248651005 -0.14024285921860177
215.2205352783203 -1 822.0997924804688 215.2205352783203 -1 820.8561401367188 239.23460388183594
0.9850642239763115 0.03866165714685188 0.1677174452197375 0.004960794046408996 -5.381820103678284 -0.5583555410549895 -0.10456106957845952
215.9875946044922 -1 993.0919799804688 259.0634765625 -1 566.4163208007812 281.0298767089844
0.9850057725818139 0.039106498272630144 0.16797157224935924 0.004456533342759558 -5.3752758225894475 -0.6062487634569088 -0.1214511598533685
257.3652038574219 -1 992.9721069335938 257.3652038574219 -1 594.8784790039062 278.11798095703125
0.9848081656976231 0.039264637743431814 0.16911305403671445 0.003455423640522333 -5.385464807504764 -0.6503316214147035 -0.13827073908140278
237.50927734375 -1 949.795166015625 237.50927734375 -1 746.3934326171875 259.7254638671875
0.9850694338194469 0.061148048989470426 0.16090751876775647 -0.0028101714218059857 -5.58694367883497 -0.48498240670945764 -0.24975918593877194
226.024658203125 -1 722.0121459960938 289.14422607421875 -1 809.5348510742188 342.6206359863281
0.9854308875059526 0.06256743966577034 0.15814758522273467 0.000789133143781315 -5.593477925705957 -0.4555584413653911 -0.2573726817831966
215.63230895996094 -1 922.9025268554688 223.3455047607422 -1 972.8153686523438 239.75572204589844
0.9855582350165244 0.06227715258492657 0.15746782341549362 0.0006373741555368138 -5.596151905192985 -0.39923087543822533 -0.27491394656831425
233.6667938232422 -1 783.0972900390625 244.33734130859375 -1 1001.1009521484375 251.0189971923828
0.9846416982418168 0.06031594044629446 0.1638053092011373 -0.0032456261445190445 -5.578222388760499 -0.5305065288970733 -0.22439987833680225
224.93780517578125 -1 988.4952392578125 224.93780517578125 -1 704.6539916992188 229.77503967285156
0.9848379772422152 0.03875425486961519 0.16907865143465653 0.0021623921940158415 -5.3921653817386 -0.6972742779154539 -0.13579303330444814
237.87786865234375 -1 770.5818481445312 237.87786865234375 -1 777.1066284179688 270.8371276855469
0.9842409763784966 0.05966922815158133 0.16641551323187603 -0.003893659598567448 -5.575192538971386 -0.5710669554103512 -0.15812197236888645
231.99790954589844 -1 792.2511596679688 231.99790954589844 -1 804.7920532226562 235.84671020507812
0.9832976119163477 -0.018346613582009744 0.17998114210191188 0.01989966475525979 -5.3966491573480875 -1.1831424175994225 0.055923399083909274
228.31085205078125 -1 544.6587524414062 276.593017578125 -1 782.4855346679688 297.8484802246094
0.9836418501718889 -0.011582428623722347 0.17819110328676818 0.023716843108730484 -5.295709898838731 -1.2126006500634077 0.0050474585852057375
242.54559326171875 -1 722.0850219726562 289.2431945800781 -1 722.0850219726562 289.2431945800781
0.9830187821414276 -0.0183492170739671 0.18134646633455165 0.021232977603917583 -5.419329360368918 -1.2114901179811177 0.09067887652969445
247.69346618652344 -1 1027.566162109375 274.7581481933594 -1 1069.751220703125 288.7748107910156
0.9834126204337833 -0.010816530491086968 0.179175031673521 0.026056259602788744 -5.349559754828853 -1.2375533530161864 0.025296960971685187
238.18629455566406 -1 614.81640625 242.03482055664062 -1 993.0903930664062 258.14599609375
0.9838532191450455 -0.011933900694913928 0.17646775543309942 0.027378029230366144 -5.381614204751184 -1.2603068142803817 0.013086877521642986
246.99485778808594 -1 962.8187866210938 256.0384826660156 -1 866.6326904296875 271.70965576171875
0.9843758136202512 -0.010887731220925215 0.17375099110000392 0.026387647869711196 -5.490007045632861 -1.2535658343753284 -0.021233527925719635
236.10997009277344 -1 556.0947875976562 243.1219940185547 -1 1045.450927734375 268.36151123046875
0.98401173027362 -0.010906149374490966 0.1761530318401946 0.023918193143407828 -5.515451062512769 -1.2300345479047838 0.04207975161349341
247.59751892089844 -1 866.3350830078125 271.37078857421875 -1 575.5791015625 274.1370544433594
0.9836424695750128 -0.009443565299664983 0.17887027495373667 0.019071860443483787 -5.5060685571436325 -1.1896961177782424 0.038349913574101016
238.33596801757812 -1 950.6044921875 238.33596801757812 -1 598.4955444335938 242.58799743652344
0.9840010381706745 -0.01037225196881026 0.176595110536727 0.02117876773212948 -5.513899189214808 -1.2053249817496727 0.04000486370519407
222.4987030029297 -1 370.3599548339844 222.4987030029297 -1 766.765625 233.417236328125
0.9839696371198565 -0.010228333720311086 0.17588708167050607 0.027620081769546518 -5.429074345568308 -1.254803702414591 -0.006254104475372541
226.58692932128906 -1 766.5826416015625 233.49105834960938 -1 766.5826416015625 233.49105834960938
0.9831810815753388 -0.009941414405496183 0.1814535107449335 0.01818660359450003 -5.494842949274714 -1.18370138509399 0.08885591400031073
246.5860595703125 -1 634.6621704101562 251.41891479492188 -1 992.740234375 257.24102783203125
0.9834360500810169 -0.01127929675311279 0.17908702886768274 0.025576335881997172 -5.312947944009777 -1.2309514345078219 0.04449461283409513
231.14102172851562 -1 673.701904296875 247.95703125 -1 673.701904296875 247.95703125
0.9832385303518896 -0.012200458842207398 0.1810493256491749 0.017728026327682816 -5.475844057532249 -1.1751575850265936 0.08473783660711051
247.05172729492188 -1 758.3369750976562 251.44505310058594 -1 758.3369750976562 251.44505310058594
0.9841307682373032 -0.010164905865768108 0.17513827282496114 0.026643781437423502 -5.471885519521938 -1.2503254068932566 0.014725346040500143
235.72225952148438 -1 992.5392456054688 257.16778564453125 -1 992.5392456054688 257.16778564453125
0.9830984953464934 -0.01666434808250435 0.18122950688925876 0.019887528331139496 -5.449662224014749 -1.2002983073786906 0.08390709355189939
271.02447509765625 -1 679.5244140625 292.66217041015625 -1 514.9464111328125 319.61895751953125
0.983315881866569 -0.02083522967211239 0.1795000317779901 0.02086883478257648 -5.369581650854418 -1.1876093105395906 0.11960876871281202
209.26596069335938 -1 876.6456909179688 209.26596069335938 -1 961.963623046875 255.2318115234375
0.9834731937763855 -0.010900394416302613 0.17930904708110665 0.02258150038661646 -5.271538314608369 -1.1996195398272442 0.07268836632025812
252.25103759765625 -1 552.2488403320312 268.60345458984375 -1 552.2488403320312 268.60345458984375
0.9833670065371292 -0.0243322404412525 0.1784640122042844 0.023406599011044533 -5.277849428679181 -1.2106555756120365 0.09875042990039767
257.18280029296875 -1 652.7015991210938 257.18280029296875 -1 1009.3536987304688 274.2378234863281
0.9833484113517682 -0.022936595761286815 0.17890373218899028 0.022209661764351962 -5.329972346693383 -1.1968098367920277 0.10437568842834975
248.14527893066406 -1 943.1821899414062 248.14527893066406 -1 610.59130859375 249.27947998046875
0.983461421407187 -0.02449127378026982 0.1782246327494802 0.020971180073811022 -5.229871133729395 -1.1822338059096078 0.030091589900027606
286.1871032714844 -1 721.3734741210938 289.6507263183594 -1 721.3734741210938 289.6507263183594
0.9833469793641423 -0.024408422654902458 0.1792204692502044 0.01769097172722115 -5.2085639906466525 -1.1524585834263885 0.0801244088285918
219.8969268798828 -1 759.225830078125 313.56988525390625 -1 759.225830078125 313.56988525390625
0.9825952273423028 -0.011161835050037818 0.18365842719860032 0.02552674600062914 -5.191761227443559 -1.2341966912053335 0.08648414656832748
213.7434844970703 -1 950.3526000976562 237.51560974121094 -1 950.3526000976562 237.51560974121094
0.9822176133494549 -0.010986350106122061 0.1852692608041531 0.02834009771558927 -5.144255760808085 -1.263012240337042 0.08358943951687312
286.0824279785156 -1 697.5633544921875 286.0824279785156 -1 810.1780395507812 291.86431884765625
0.9836365711659227 -0.023316336806336487 0.1778910230957636 0.0164386193101084 -5.170975716325456 -1.142453617787605 0.014807864493242008
284.5780334472656 -1 1110.849365234375 301.57366943359375 -1 16.244258880615234 329.8854675292969
0.9830942045228926 -0.011314593382842197 0.18138905567117708 0.02226601654541424 -5.241925475322545 -1.2030917572097815 0.061565773978125536
201.552490234375 -1 828.4114379882812 201.552490234375 -1 1027.623291015625 231.35369873046875
0.982233029320184 -0.012912312034229285 0.18465415672332502 0.030893214711699122 -5.097921442751063 -1.2839899164167698 0.11907482803475862
153.64761352539062 -1 718.140380859375 220.54736328125 -1 766.4192504882812 233.4079132080078
0.9836413005403118 -0.023122168496444478 0.17803072018599544 0.014839806785867663 -5.13197598694423 -1.1279465636761012 0.07033118134473808
102.58338928222656 -1 913.9637451171875 273.1242980957031 -1 913.9637451171875 273.1242980957031
0.9823174749347826 -0.014333192584342697 0.18436562235247334 0.029261840726075995 -5.021755497636522 -1.2476681576069766 0.15212258475260523
257.07196044921875 -1 993.2197265625 257.07196044921875 -1 906.1133422851562 281.0894470214844
0.9838858915497807 -0.022298922582846974 0.17690399077817018 0.013277368251818546 -5.0924076880691365 -1.1092977046842807 0.053378754155895804
219.81927490234375 -1 637.0322875976562 219.81927490234375 -1 721.9613647460938 289.41607666015625
0.9841654283466017 -0.022331427233489264 0.17530884822908285 0.013657405963724997 -5.04041315933164 -1.1181322269456864 0.05027342036191965
255.51632690429688 -1 962.3387451171875 255.51632690429688 -1 795.9509887695312 278.002685546875
0.9823501742075931 -0.014195880205469458 0.18400968156951666 0.030447484431208892 -5.059009584402162 -1.2688597384278526 0.11976826966309669
232.98951721191406 -1 945.873291015625 270.9097595214844 -1 945.873291015625 270.9097595214844
0.9820946276689979 -0.014076661577791682 0.18554426491863849 0.029416248202633458 -4.944241449040782 -1.242162523111453 0.1845635244759692
237.99588012695312 -1 740.5950317382812 284.9669189453125 -1 722.2109375 289.0570373535156
0.9822427217904237 -0.014608488119080772 0.18465027344020235 0.029834612165631335 -4.909625672854317 -1.244028209279522 0.1804927731487196
250.76649475097656 -1 730.8472900390625 250.76649475097656 -1 777.4763793945312 271.2279968261719
0.9840710209904734 -0.021462534920540503 0.17597181459283368 0.013323126902394148 -4.996275607400298 -1.1128848983620092 0.058900622732487445
328.53277587890625 -1 1106.324462890625 328.53277587890625 -1 700.4810791015625 339.9259338378906
0.9822958711312372 -0.013890982422140584 0.18460189592904497 0.028705438252601075 -4.982400207961606 -1.2367075029141257 0.16612763331760633
227.27061462402344 -1 670.365478515625 230.0177764892578 -1 670.365478515625 230.0177764892578
0.977273012848072 0.02066071814990972 0.21003430490431577 0.019904367554460813 -5.114328593032111 -1.0326319103051895 0.3808863213318042
227.22100830078125 -1 766.6259765625 233.2738494873047 -1 899.3016357421875 257.0428161621094
0.9841650018800479 0.057750667238951364 0.16757599178469126 -0.0015480585513242909 -5.562229890986942 -0.6343005907958478 -0.12689877004169678
215.70750427246094 -1 925.4840698242188 219.1547393798828 -1 950.7882080078125 237.55287170410156
0.9839693457083246 0.053446783887812876 0.1700119060761725 0.006612094277004439 -5.530265803118487 -0.7996559689986699 -0.0995340256931144
215.85484313964844 -1 831.3381958007812 215.85484313964844 -1 766.2717895507812 233.7869415283203
0.9838971155199903 0.04986380003424329 0.17145728795603685 0.007903538723174619 -5.508211315804847 -0.8427090913421914 -0.058671350343281074
255.97865295410156 -1 993.3936157226562 259.457763671875 -1 869.834228515625 262.3964538574219
0.9847765869973719 0.028742150268889086 0.16981118522794117 0.0235185856549669 -5.15699085974037 -1.2141453161412668 -0.15222461765134349
212.93658447265625 -1 704.63720703125 227.9011688232422 -1 704.63720703125 227.9011688232422
0.98498062691224 0.025514285026838286 0.16861462817932363 0.027042430199381323 -5.115212542246459 -1.2352258225543542 -0.16151837248858308
227.59130859375 -1 609.3523559570312 238.04238891601562 -1 609.3523559570312 238.04238891601562
0.985307534369323 0.0342185402617891 0.1657003563335305 0.023271143683519926 -5.238785452247152 -1.203591631789265 -0.18755822503667757
234.01043701171875 -1 766.1522827148438 234.01043701171875 -1 852.441162109375 239.1217498779297
0.9852508794324782 0.0377638494639142 0.1655843187481036 0.02089089839910714 -5.2712765897899585 -1.1465908787402792 -0.20184206385768735
227.72613525390625 -1 912.897705078125 227.72613525390625 -1 804.5906372070312 236.03211975097656
0.98495554004586 0.04128497569750111 0.1670780323462588 0.01559057477862243 -5.318032346380604 -1.0435038687627032 -0.17908063118117443
257.61883544921875 -1 892.65869140625 334.4447937011719 -1 867.4479370117188 335.2806091308594
0.9849632210573287 0.032246629173913834 0.16828144150860722 0.02211254203110187 -5.205659989770578 -1.2009808676354845 -0.17654176101097052
340.72186279296875 -1 486.6528625488281 349.98272705078125 -1 1390.272705078125 354.7174377441406
0.9840928388096489 0.055787551539163226 0.1686260996068084 0.0037778602709005508 -5.539158882619591 -0.7328823960962019 -0.12357724714008868
210.4873504638672 -1 817.380126953125 210.4873504638672 -1 766.4312133789062 233.3143768310547
0.9849104561474433 0.040654771457484466 0.16817606602572485 0.003923486368761819 -5.389023463711694 -0.7604028106333445 -0.1254016870773743
247.55499267578125 -1 721.857666015625 289.0742492675781 -1 1041.0308837890625 290.9119567871094
0.985384483211221 0.02320512583227667 0.16628816509327934 0.028760885444882357 -5.065310088006566 -1.2221846013701783 -0.21001877286567164
223.0050048828125 -1 950.949462890625 236.98690795898438 -1 950.949462890625 236.98690795898438
0.9821153801390321 -0.01427319273476924 0.18540411986624225 0.029512173761770656 -4.841841962332245 -1.2440295181353782 0.18422655925686968
243.84727478027344 -1 783.0845336914062 243.84727478027344 -1 962.0780029296875 255.4398956298828
0.9821684926940614 -0.014352878190429266 0.1852092460576752 0.028923727655230567 -4.87972782161612 -1.2370241587158377 0.18064138205164768
275.4354248046875 -1 680.39306640625 292.68017578125 -1 961.446533203125 309.38751220703125
0.9821142548490593 -0.014282166799641687 0.18546951524843222 0.029131924881401414 -4.804887366416278 -1.245008955303703 0.17625346048011747
269.45623779296875 -1 842.5191650390625 269.45623779296875 -1 915.8282470703125 281.3435363769531
0.9848865505834874 0.042356755795697705 0.16761376337621245 0.010488758033553045 -5.359032539425424 -0.9398162274551546 -0.12243777384290659
205.3074951171875 -1 910.0850830078125 346.4165954589844 -1 907.2083129882812 347.8674011230469
0.9777546434904961 0.022464346509778504 0.20784854867631594 0.01703499579720216 -5.159784334518877 -0.9931139047852162 0.40660496458462414
238.40599060058594 -1 652.4475708007812 249.8625946044922 -1 858.2736206054688 254.8518524169922
0.9770544316722769 0.021946026993010875 0.21106437828139257 0.018298570148385495 -5.080080002880008 -1.0246959733075052 0.4114985985945855
256.8301086425781 -1 722.1497802734375 289.2331848144531 -1 913.1107788085938 320.83294677734375
0.9837336309283472 -0.01880493082100669 0.1782325785890041 0.012151785336401247 -4.858015482148834 -1.0879027477056438 0.09515012882855477
256.6353759765625 -1 777.8035888671875 267.0623779296875 -1 777.8035888671875 267.0623779296875
0.9763334464884004 0.02182850855587708 0.2123948235756217 0.03442319567658519 -4.8465365525359285 -1.3103805784150968 0.3436685673178635
201.56063842773438 -1 552.1337890625 268.7892150878906 -1 552.1337890625 268.7892150878906
0.9758403974561929 0.019043357381707517 0.21660717805556537 0.021311960186166577 -4.96341276052237 -1.1274833422982982 0.4033374059043327
163.77845764160156 -1 528.7649536132812 163.77845764160156 -1 710.1083374023438 221.71006774902344
0.9758038521156578 0.020304299215373033 0.21580200309896325 0.028706673232741908 -4.902470711677434 -1.2267759636074298 0.3916379425185349
241.90005493164062 -1 771.7837524414062 281.0390625 -1 1136.2518310546875 329.3561096191406
0.9765539392053908 0.022135680737058117 0.21126606055390124 0.03491514168346191 -4.816002280593553 -1.3486366677700103 0.31569687899619214
222.32034301757812 -1 886.0696411132812 222.32034301757812 -1 873.1749267578125 225.93307495117188
0.9819428425195434 -0.014918273065516971 0.1863627796088132 0.028889678604284378 -4.735388463401622 -1.2482661944725877 0.208608510218571
235.91749572753906 -1 832.6416625976562 248.73098754882812 -1 832.6416625976562 248.73098754882812
0.9780770884981734 0.02311686506080229 0.2051633793214909 0.027181009732589658 -4.70887007993517 -1.2833633464929186 0.25118806406317074
237.88876342773438 -1 950.2364501953125 237.88876342773438 -1 1456.8489990234375 350.56170654296875
0.9770402400211727 0.024263181487095716 0.2086826732338115 0.03542893302773421 -4.772653542567615 -1.3613153951897048 0.2688866867666022
208.41476440429688 -1 877.5830688476562 208.41476440429688 -1 764.9642944335938 228.16668701171875
0.9775509650752198 0.023446761373737503 0.20704388583530486 0.03126002878768518 -4.743184427112191 -1.3272957357820516 0.26649950006988754
233.63380432128906 -1 1032.9381103515625 319.61474609375 -1 1032.9381103515625 319.61474609375
0.9785088914198142 0.021104231800555727 0.2032086001615827 0.02795041382242223 -4.660566948326834 -1.294896767669234 0.24632554603127352
222.94410705566406 -1 755.5800170898438 338.1690979003906 -1 798.467041015625 342.4956970214844
0.9804035854910645 0.014488993577858876 0.19363874064721814 0.03321019033256106 -4.531521423512179 -1.3190144535639174 0.13788798623816662
226.01283264160156 -1 766.2056274414062 233.48048400878906 -1 766.2056274414062 233.48048400878906
0.9796824040257642 0.017270722540802877 0.19734948092489224 0.03126166604475275 -4.573989782446831 -1.3142120585916084 0.18511615129929537
223.98175048828125 -1 822.9271850585938 223.98175048828125 -1 837.4548950195312 260.62933349609375
0.9789826566029611 0.0192849098903019 0.20070835251113947 0.030613845779253624 -4.609051595553841 -1.3161024526883687 0.2246993420337392
236.44134521484375 -1 976.8604736328125 317.7622985839844 -1 489.6639709472656 351.8182678222656
0.9809944011338779 0.011513238736472206 0.1908098762569323 0.033301972923470105 -4.490054356279433 -1.318121790782212 0.10441963057139314
276.9483947753906 -1 721.9107055664062 288.9346923828125 -1 888.9940185546875 354.5203857421875
0.9813045483882498 0.011689104268633399 0.18964412391057306 0.030657045195545022 -4.449907132276697 -1.2827276009230208 0.08687428037021612
239.2132568359375 -1 336.68756103515625 338.2669677734375 -1 699.92138671875 351.7104797363281
0.9817324952349462 -0.013809025256066585 0.18759786131894737 0.028594773120288693 -4.683966997128047 -1.245475160745052 0.19413047780415657
230.8074188232422 -1 766.0035400390625 233.93435668945312 -1 766.0035400390625 233.93435668945312
0.981766211946639 -0.011610890640094561 0.1876275516473489 0.028216912682151325 -4.632495083715364 -1.232112356178229 0.21782557039250391
289.26275634765625 -1 735.1744384765625 303.74554443359375 -1 809.6387939453125 343.3821105957031
0.9834422767180659 -0.01698629282198788 0.1801302434532918 0.010288324120603636 -4.672877859408874 -1.0581435190882826 0.16057503553414107
224.83702087402344 -1 694.9356689453125 239.05027770996094 -1 814.16552734375 259.41455078125
0.9833355247915831 -0.016358487177806774 0.1808430408203161 0.008912921349190273 -4.632275735395147 -1.0355914470325354 0.1399685248869868
235.95315551757812 -1 772.728271484375 254.79148864746094 -1 794.7666625976562 272.0751037597656
0.9815713844457722 -0.011460872554142968 0.18871837735356947 0.0277784032396349 -4.575672421541735 -1.2215461229200801 0.22255642392842237
245.8521270751953 -1 727.4979248046875 245.8521270751953 -1 796.7230834960938 256.7731628417969
0.9834306453593483 -0.01593651688802547 0.18040237421054112 0.008073201147845292 -4.590523029388997 -1.0243368655152398 0.12699143881277042
233.2554168701172 -1 766.80322265625 233.2554168701172 -1 805.1480712890625 236.17332458496094
0.9835911626716293 -0.013160130732463672 0.17979055688929615 0.007112758031436964 -4.48611403535197 -1.0079124631032237 0.11359460892071238
257.31640625 -1 993.10302734375 257.31640625 -1 736.0581665039062 304.85552978515625
0.9834768452708668 -0.014374881400047744 0.18032690825044445 0.006990261914555156 -4.519380506142052 -1.0123136004820648 0.12667766994698992
214.4757843017578 -1 900.5519409179688 282.7776184082031 -1 679.8585815429688 292.3900451660156
0.9812351893832202 -0.012425365684718772 0.19085357756216376 0.024454556536571012 -4.495435976212911 -1.165224406384093 0.25501407766809076
233.619140625 -1 766.2149047851562 233.619140625 -1 767.854248046875 236.1007537841797
0.9843871852025168 -0.0119351334686861 0.17539192735119175 0.008780319936366816 -4.429663879883394 -1.0169575538594051 0.0846892146894193
231.9822235107422 -1 766.203369140625 233.31491088867188 -1 743.6478881835938 235.04293823242188
0.9839770962273434 -0.011856747963509487 0.177726830090901 0.007852737966799628 -4.459273557677163 -1.0084355350794474 0.10222505514017374
244.66732788085938 -1 842.0335693359375 268.6734619140625 -1 564.3336791992188 277.4722900390625
0.9834078267799657 -0.015344547726877752 0.18060300482213124 0.007493045587731467 -4.556303587691491 -1.0199180085561266 0.15423529064720656
248.29782104492188 -1 832.6698608398438 248.29782104492188 -1 866.3101806640625 305.0775146484375
0.9812703998631567 -0.01187481548770459 0.19048451312927236 0.026135060119267497 -4.534998296931312 -1.1960845955841057 0.2374903586534578
217.4336395263672 -1 769.8566284179688 217.4336395263672 -1 766.1380004882812 234.12071228027344
0.981635204172085 -0.01290494415578392 0.18900443935960062 0.02243011923124914 -4.456867896375822 -1.135212560017032 0.2393829287205887
223.86329650878906 -1 939.9361572265625 226.73916625976562 -1 939.9361572265625 226.73916625976562
0.9823291024803569 -0.011271402546398523 0.1858631083123984 0.018904890193469755 -4.385722670820306 -1.0852262141451943 0.19071023240771634
227.90158081054688 -1 880.8123168945312 227.90158081054688 -1 900.0093994140625 282.6654052734375
0.9845703692302399 -0.011150665656174875 0.17440348618591314 0.008959614693364672 -4.392397137015793 -1.0159734376887686 0.07951408369377112
233.5697479248047 -1 779.1895751953125 236.4747772216797 -1 843.5283203125 269.19561767578125
0.9816975956665477 -0.01206430591325413 0.18893508107677276 0.020683769575792495 -4.429933426222833 -1.1055836244306168 0.2322309144005964
248.82254028320312 -1 852.0553588867188 249.10977172851562 -1 722.1973876953125 289.2857360839844
0.9811261895060683 0.009715385535232894 0.19120429652372536 0.027164840144414767 -4.396028147989337 -1.2599861795227019 0.11634167691478496
201.3788604736328 -1 853.1132202148438 219.45921325683594 -1 804.8187255859375 236.09986877441406
0.9807482397264741 0.008802666832409626 0.193492683539648 0.024819040003314273 -4.328534544017064 -1.2454853687102914 0.14503850063490126
178.9022979736328 -1 425.5297546386719 342.477783203125 -1 425.5297546386719 342.477783203125
0.9829524926519029 -0.01002690786335847 0.18274181354669447 0.01758658266337716 -4.351235426112075 -1.070888503973928 0.1692657628415642
249.7581787109375 -1 866.9926147460938 272.45989990234375 -1 856.2444458007812 286.1652526855469
0.9805922212626074 0.008143895711752145 0.1942074601423413 0.025613179946321604 -4.264746203923284 -1.2417228680982335 0.17999531892780055
212.62017822265625 -1 805.0035400390625 236.1253662109375 -1 734.059326171875 242.75526428222656
0.9845642506587989 -0.008724124970158327 0.17456147848580045 0.00924208834810789 -4.278704264836575 -1.0098323182170141 0.06729783950909884
254.92039489746094 -1 892.6149291992188 313.4581604003906 -1 492.8363342285156 324.7618713378906
0.9804352213597806 0.0044674263197656185 0.1950546802836412 0.02608621319245347 -4.199799581938686 -1.2463851424904127 0.17161896329514348
216.9783935546875 -1 1086.700927734375 357.0114440917969 -1 753.3856201171875 358.8785705566406
0.9846305549966055 -0.010012517305853574 0.17413489329261855 0.0089139554769472 -4.334064653342192 -1.0117849591581354 0.08413102393514563
289.3563232421875 -1 920.8956909179688 307.5320739746094 -1 419.54412841796875 337.3315124511719
0.9804402800106906 0.002154444719594015 0.19495750795630254 0.026903267310443863 -4.136819228462861 -1.256078787257147 0.21475296340958056
222.9949951171875 -1 363.5394287109375 353.5974426269531 -1 1305.7044677734375 361.4709167480469
0.9807629858392075 0.0031630482594021104 0.1930689891474849 0.028606400735488445 -4.069922211388143 -1.2578184783415436 0.17807758016326022
334.1127624511719 -1 666.4498291015625 348.06158447265625 -1 781.5457763671875 349.7665710449219
0.9810822476781219 0.0010825699640739032 0.19106679159679751 0.031143739050138834 -4.016665268217063 -1.2828597165547602 0.1600711902090478
227.56227111816406 -1 710.8231201171875 231.4175262451172 -1 906.60595703125 238.3007354736328
0.9817110662153861 0.0008829180333036394 0.18731713702500336 0.03398371820081959 -3.934262727054327 -1.2937033951653334 0.1483824222212158
236.29248046875 -1 1257.09521484375 310.651123046875 -1 1204.970947265625 340.1812744140625
0.9821847214441887 -0.00025215150798401227 0.18487073664647496 0.03370341396666576 -3.898738087665483 -1.28657422911662 0.1266672226443043
233.75 -1 896.2495727539062 257.6378479003906 -1 896.2495727539062 257.6378479003906
0.9814681287157309 0.001048189764174981 0.18878478924572958 0.03285600345302727 -3.971220960457653 -1.2899762885435964 0.16447546186503484
224.9529571533203 -1 993.177978515625 258.2510681152344 -1 1105.5885009765625 295.1080017089844
0.9828663531122913 -0.0006136571263633871 0.18146301210433374 0.03231919836101286 -3.8288614606437252 -1.275983170337041 0.09214933848035274
245.21849060058594 -1 715.431884765625 248.4985809326172 -1 1037.1572265625 350.2774658203125
0.9824989959278208 -0.0005176931319420672 0.18324167421303852 0.0334356669777636 -3.8645817490741092 -1.2762568965980328 0.10306080903172386
238.47344970703125 -1 921.7982177734375 244.2635040283203 -1 653.0634765625 256.955078125
0.9847637800094112 0.002498018568792346 0.17387639068833372 0.0010287108455408053 -4.003030006673582 -0.9692357112890114 0.038319993758759704
248.07974243164062 -1 944.190185546875 248.07974243164062 -1 1165.212890625 271.25537109375
0.9846581126713082 0.002841767250914562 0.17429812016281448 -0.007777584276504134 -3.9922953110343933 -0.9058466004480499 0.0650774385950056
225.6371307373047 -1 892.7661743164062 227.27296447753906 -1 892.7661743164062 227.27296447753906
0.9842423178951835 0.0013969416656995101 0.1764557290877994 -0.011335073462153516 -3.9688048589042504 -0.8804444761533387 0.10433661415297985
254.45449829101562 -1 858.18408203125 254.45449829101562 -1 722.4370727539062 289.2360534667969
0.9842668420838955 0.002974892599460367 0.17605149213568558 -0.01469032691999424 -3.990035262974142 -0.8562287458975709 0.09810281335162474
236.3783721923828 -1 913.9193115234375 246.84910583496094 -1 920.587890625 263.3511962890625
0.9832387742027581 -0.0006586080186376565 0.1795195874973063 0.031840176578226916 -3.7856218923389187 -1.2806094550956622 0.07744691883123903
247.62933349609375 -1 673.6971435546875 247.82395935058594 -1 673.6971435546875 247.82395935058594
0.9841762803058176 -0.005499178456491519 0.1771026742356601 0.0012046154100778404 -3.924685140478661 -0.9931579243479406 0.10410354121583472
221.50375366210938 -1 893.141845703125 221.50375366210938 -1 795.9439086914062 278.1576232910156
0.984441949076087 -0.003801161087506478 0.17565739507924816 -0.0020198088114593634 -3.8718228516940454 -0.9794147339024676 0.08001951927285249
257.2935791015625 -1 700.66357421875 257.2935791015625 -1 906.9532470703125 258.2381591796875
0.9845656744517228 -0.004378159224852351 0.17487040271036863 -0.005621980891077298 -3.8318956917679046 -0.9578033555778801 0.06888467030952436
222.84848022460938 -1 922.2164306640625 244.61660766601562 -1 943.6226196289062 247.6180419921875
0.9834672524013717 -0.0006614352849876029 0.1784314216729014 0.03088614118416017 -3.7244640603925108 -1.2730640428819942 0.04778719311300932
219.41651916503906 -1 944.9535522460938 219.41651916503906 -1 699.022216796875 240.90631103515625
0.9848886204000589 0.00030204648642029097 0.17304564015514856 0.0070370873011225245 -4.015622367581234 -1.0044240236963393 0.022513676546970417
228.20228576660156 -1 865.5311889648438 228.20228576660156 -1 885.8579711914062 246.9590301513672
0.9836608052501843 -0.0033235428693486713 0.17998561929177306 -0.0023560826622881915 -3.922791155386927 -0.9491774418293351 0.15018059663222028
233.48802185058594 -1 1000.6353149414062 233.48802185058594 -1 637.5289306640625 233.82899475097656
0.9839406087427817 -0.007491768852548801 0.17813846135228265 0.008452245464106709 -4.155815467930636 -0.9632580306321972 0.12268267092789067
247.92994689941406 -1 673.8937377929688 247.92994689941406 -1 722.3163452148438 289.0490417480469
0.9845195272453255 -0.006858309681513751 0.17486949677229882 0.009742851715801273 -4.107817022640525 -0.9845387463929676 0.10499083716887245
245.5459442138672 -1 993.3875122070312 257.1376037597656 -1 674.3795776367188 258.9779357910156
0.9834677284828196 -0.008622981130761818 0.18062543063140568 0.009556413473733346 -4.198926203073593 -0.9687831820511988 0.1162058295725012
249.5601348876953 -1 863.4718627929688 249.24827575683594 -1 863.4718627929688 249.24827575683594
0.9846425382691287 -0.003579794595064778 0.17427725328253837 0.009679663727563972 -4.058555050659325 -1.001546162400249 0.08893382220639158
249.1455841064453 -1 860.7695922851562 248.986572265625 -1 850.5489501953125 252.5889892578125
0.9803248997722253 -0.0040144354582754204 0.19679453755403986 0.014794768785607215 -3.737404718113704 -1.1174730470812797 0.2273919315130543
233.77479553222656 -1 766.2939453125 233.77479553222656 -1 499.8823547363281 268.80718994140625
0.9805360190056616 -0.0027409325586135957 0.1956828066995015 0.015806387425455794 -3.716665275145895 -1.1322731266541637 0.2182365793048012
247.59982299804688 -1 780.383544921875 261.6651306152344 -1 780.383544921875 261.6651306152344
0.9835545161533618 -0.00020673933093019666 0.1783638731107305 0.028404221202398456 -3.6780304163593556 -1.2472437733100066 0.04427357237861392
218.4093475341797 -1 983.387451171875 218.4093475341797 -1 1000.3021850585938 233.91322326660156
0.9808168125499188 -0.004453643253145055 0.19462727562134216 0.009938252633399506 -3.789118341849986 -1.0712853474563808 0.21663121570228253
226.49819946289062 -1 774.7652587890625 261.8796691894531 -1 774.69873046875 267.98944091796875
0.9837775058335927 -0.0017351915102101613 0.1774592998899943 0.026210780393029775 -3.619148035605055 -1.2340235549878225 0.08483769174418655
247.90054321289062 -1 722.1356201171875 289.3406066894531 -1 168.5912322998047 334.22723388671875
0.9848851456546013 -0.00355529070470952 0.1727916300292821 -0.011474422370803697 -3.7733052527478024 -0.9155085296170073 0.05206059952057343
268.4474792480469 -1 551.8414306640625 268.4474792480469 -1 990.9083251953125 279.6578674316406
0.981767221082155 -0.004903490094334865 0.18998429202598835 0.0038791979714507692 -3.8407806010686993 -1.0145022094675888 0.19970510437052144
261.0653381347656 -1 922.8908081054688 261.0653381347656 -1 509.0128173828125 292.2719421386719
0.9827103078013043 -0.005564184918541215 0.1850292755353748 0.0036956707256457985 -3.87310593683428 -1.0042815431216858 0.1766047404529167
308.65167236328125 -1 1158.4371337890625 332.3125915527344 -1 687.4833374023438 348.5451354980469
0.9803157415644084 -0.0009747906826104318 0.19692121954100247 0.01421724019047051 -3.6845202988655505 -1.1240867400308985 0.23021610187184227
236.46359252929688 -1 950.15380859375 237.65565490722656 -1 673.4506225585938 247.74867248535156
0.9839006714420107 0.0005886755221896605 0.17701061529428672 0.024624464871914106 -3.5637778821401502 -1.211042316422991 0.07661064649081359
340.8905334472656 -1 1183.92431640625 358.22650146484375 -1 1183.92431640625 358.22650146484375
0.9800171609593765 -0.00028199698604410847 0.1986187312565693 0.010811304123655975 -3.6349229248318675 -1.1060928587588115 0.26537385314891315
257.1674499511719 -1 993.080322265625 257.1674499511719 -1 964.615478515625 355.09796142578125
0.9843062671606683 0.002674022302503725 0.1749118149533209 0.023235296914224553 -3.4886601541968574 -1.1906330576343989 0.061820521339339615
235.91880798339844 -1 804.4148559570312 235.91880798339844 -1 800.1339721679688 248.35252380371094
0.9836570050600927 0.0011412123812430477 0.1754853507201222 -0.04028009077876578 -3.5542557275277593 -0.7260035643552274 0.10421139006942406
354.4647216796875 -1 964.7382202148438 355.3939208984375 -1 1183.767822265625 358.0961608886719
0.9842401155085798 -0.007527804843472636 0.17661527241290617 0.004666125631707096 -3.9849409946916254 -1.0085091757889697 0.13534409922306126
257.17413330078125 -1 1040.1160888671875 312.9884338378906 -1 645.7533569335938 343.8592529296875
0.9837512816478271 0.00040376128391123457 0.17644857774798808 -0.033153465034524314 -3.5933306184310063 -0.7676808374994987 0.08844022567971971
340.5199890136719 -1 964.2969970703125 355.431396484375 -1 754.1328735351562 359.1883239746094
0.9845407071001093 0.004109600853688338 0.1735955948041305 0.022962506575726512 -3.4281195852747204 -1.177639990763065 0.06907933627748616
269.13568115234375 -1 1096.4193115234375 287.5104064941406 -1 1096.4193115234375 287.5104064941406
0.9846280245608454 -0.0013512488551815026 0.17369349498817607 -0.018341133409117694 -3.711160129933876 -0.8646305634991758 0.05055842310941103
247.724609375 -1 859.2764892578125 286.07952880859375 -1 859.2764892578125 286.07952880859375
0.984085059351747 -0.00047485201696994547 0.17591281843190215 -0.02512072426454803 -3.6427909762653607 -0.8146616752925117 0.09072232830839007
247.64602661132812 -1 705.3740844726562 273.24212646484375 -1 694.9420776367188 340.7406311035156
0.9796418543343082 -0.00028885467007626087 0.20045691004739663 0.010898670270621948 -3.5699121232773425 -1.1165740237779311 0.2855084942809151
233.78744506835938 -1 805.633056640625 235.89732360839844 -1 721.8931884765625 289.1519775390625
0.9845661217700603 -0.00998137031027552 0.1745342155883778 0.008229926994936177 -4.147528609312799 -1.0217300452756268 0.14848310507974635
97.32833099365234 -1 863.4066162109375 254.11463928222656 -1 993.0383911132812 257.6981201171875
0.9835920404522559 -0.00036094327876470844 0.17547521490883242 -0.04189291863330236 -3.503599963493129 -0.7234045520951189 0.1510100277069203
231.6100311279297 -1 673.896240234375 247.76637268066406 -1 673.896240234375 247.76637268066406
0.9846007436447229 0.00424529304704762 0.17361945079747548 0.019990983117051615 -3.3736054423126065 -1.1527328560156889 0.06120314225379965
236.0228729248047 -1 768.029541015625 236.0228729248047 -1 672.7899169921875 247.73228454589844
0.9792217437854022 0.0006418596958065617 0.20249750023637145 0.010914527567783841 -3.5061983238448167 -1.1190008190943939 0.2964169226022411
235.81585693359375 -1 769.2833251953125 262.183349609375 -1 720.5936889648438 346.42791748046875
0.9832066177258046 -0.009251990954984725 0.1818490661797727 0.012250087881190677 -4.256304677944232 -0.9969173830823042 0.1412060233379718
300.6976623535156 -1 498.5461730957031 300.6976623535156 -1 955.3402709960938 334.1112365722656
0.9836245226564805 -0.0026217971662071955 0.17499247340208823 -0.04305297737729301 -3.4411708487962986 -0.712900119834492 0.14004640772006188
348.41827392578125 -1 501.5068359375 348.41827392578125 -1 859.1473999023438 350.57196044921875
0.9791937050830007 -0.00020197456527207272 0.20262917708114445 0.01100289632409232 -3.3704627860548695 -1.1167805793056589 0.2867910408549523
257.0852355957031 -1 552.0598754882812 268.41876220703125 -1 552.0598754882812 268.41876220703125
0.9791467992299667 0.001189195677082091 0.20280499059384227 0.011843443822829541 -3.437813024533743 -1.120913859579606 0.2535316273278654
247.7345733642578 -1 673.7850341796875 247.7345733642578 -1 745.4017944335938 295.5141296386719
0.9845577788294368 -0.008863568530263065 0.17459285470243732 0.009206105919909108 -4.213855325190379 -1.0131963415751788 0.07937678726785082
302.990478515625 -1 798.9030151367188 302.990478515625 -1 93.18785095214844 303.8286437988281
0.9830389309829782 -0.009639211380665959 0.18239446180563096 0.01654708670541587 -4.307626180199672 -1.0507385495182735 0.17894529091370448
248.01039123535156 -1 774.3583374023438 272.4342956542969 -1 1003.8016967773438 353.25091552734375
0.9845306802468899 -0.009188159116142841 0.17482458795392333 0.007161063565804352 -4.07327616678457 -1.021955210015052 0.13179034024347497
308.0572204589844 -1 972.89453125 308.0572204589844 -1 530.365966796875 348.23687744140625
0.9795196049762273 0.0008812756893243177 0.2011156713041118 0.009646428161320676 -3.2568329022389024 -1.1030245755566448 0.23752198110811526
163.97718811035156 -1 851.9417114257812 239.30982971191406 -1 673.1041870117188 247.55076599121094
0.9798326402601077 0.001899856267161936 0.19961300220426098 0.008890274353027113 -3.201824559210724 -1.0929340060078938 0.22762023749462285
236.428955078125 -1 778.593017578125 277.4378356933594 -1 778.593017578125 277.4378356933594
0.9792153370733756 0.0006476888766982475 0.20259969854236534 0.009500857326429989 -3.314586541393995 -1.1002104416436485 0.27858714096159964
287.6426696777344 -1 761.8565063476562 287.6426696777344 -1 845.530029296875 288.579345703125
0.9841322673157624 0.004358642842025236 0.17641223402590636 0.018531226254659222 -3.2904017378244075 -1.131940402457338 0.10848679587321242
270.6409912109375 -1 946.140625 270.6409912109375 -1 856.4323120117188 286.0108947753906
0.9837077869917593 -0.01104721915479393 0.17514830628649192 -0.03898742830316796 -3.341910052255503 -0.7433972758673877 0.1528662278921201
217.7998809814453 -1 1000.662109375 233.6180419921875 -1 1057.92578125 267.38092041015625
0.9796490096979353 0.0009370697979663712 0.2005617852475835 0.007868290560894279 -3.1567638468976957 -1.0841817159149125 0.2483567350451958
272.9244689941406 -1 873.365234375 288.8478088378906 -1 873.365234375 288.8478088378906
0.9836909510585646 -0.006652636241926477 0.17506401115937253 -0.040748585660369034 -3.3831601950617984 -0.7243844389867711 0.14071660674008107
257.0371398925781 -1 993.0206298828125 257.0371398925781 -1 1039.1556396484375 284.41748046875
0.9798760243448472 7.512341847550913e-05 0.1994726017649602 0.007324780933649616 -3.106315454279266 -1.0767508766079539 0.25407022650291583
247.94189453125 -1 820.8780517578125 273.170654296875 -1 736.7132568359375 274.4003601074219
0.9804852897752658 -0.001400692711000781 0.19645124568490074 0.007317285226989793 -3.040774716786242 -1.0744746999798886 0.22377228674319538
248.38504028320312 -1 757.5916748046875 283.0343933105469 -1 757.5916748046875 283.0343933105469
0.9834188058500476 0.002648021560866163 0.18044547400322825 0.017884943221323828 -3.012092197048346 -1.0960453166045976 0.1407941003556476
273.2005615234375 -1 819.5701904296875 327.84765625 -1 994.9295043945312 337.489501953125
0.9834883516787923 0.004428391015833724 0.18008847634366545 0.017297171831255495 -3.0873856518266045 -1.0975680489213233 0.11287586288427921
235.85427856445312 -1 620.3663940429688 318.3175048828125 -1 183.76705932617188 333.4575500488281
0.9840107624331584 -0.01646962860579186 0.1747216522258183 -0.030395970008895337 -3.229767122724522 -0.8115933703344131 0.17652231722072942
222.1298065185547 -1 747.3841552734375 228.34420776367188 -1 766.5514526367188 233.4061279296875
0.9803563105327112 -0.0014360880516748637 0.19714266888906848 0.005848944613617141 -3.0019086732446567 -1.062329169628754 0.2387825647720399
243.87582397460938 -1 673.200439453125 247.86766052246094 -1 673.200439453125 247.86766052246094
0.9803866008442351 -0.0009527736612582505 0.19702528758922364 0.004716053203747923 -2.9500958652841116 -1.0536456305452577 0.21771257810858824
247.71876525878906 -1 673.006103515625 247.71876525878906 -1 779.9591064453125 338.4870300292969
0.9838224238241798 -0.014109640033339805 0.17493437955453844 -0.03594884266167974 -3.292123162365443 -0.7686872886636437 0.13065250889703167
306.7279968261719 -1 801.60546875 335.1502990722656 -1 801.60546875 335.1502990722656
0.9829658422691079 -0.010482318478439176 0.1796872219173106 0.037158797224064656 -2.8723891242177806 -1.1764884216006566 0.18969932791772873
280.10809326171875 -1 906.1123046875 280.4852294921875 -1 722.218017578125 288.95135498046875
0.9829818717827772 -0.005095735445586323 0.1810884970401091 0.030457010136434787 -2.916499578126477 -1.14414152451335 0.15716954575088965
163.802978515625 -1 528.1724853515625 163.802978515625 -1 761.3911743164062 269.2499694824219
0.9830639658829385 0.0009794649740463531 0.18172869162803307 0.023642382917898854 -2.9664203127762336 -1.1166187481065841 0.18332479605337748
271.0297546386719 -1 879.1373291015625 271.0297546386719 -1 806.7254028320312 288.06439208984375
0.9850434033793463 -0.01650137646313226 0.16882479063734274 -0.03025538133810281 -3.0730968362272666 -0.8104382103449285 0.11388871631304523
233.19773864746094 -1 767.0150146484375 233.19773864746094 -1 894.460205078125 284.6062927246094
0.9845708532480775 -0.016832091324393287 0.17156988772373322 -0.030011485509145494 -3.1627869934418475 -0.8155592167761905 0.12636083045446062
238.59063720703125 -1 777.2825927734375 247.69757080078125 -1 967.8424072265625 293.5268859863281
0.9855594941852579 -0.01637959272914613 0.16521499998662703 -0.03328958009264721 -2.9838583553939033 -0.7947828629599313 0.09727085043659534
235.9453887939453 -1 804.7664184570312 235.88339233398438 -1 804.7664184570312 235.88339233398438
0.983066990070301 -0.013160041812360756 0.17793972613927742 0.04175595999488799 -2.838619549856787 -1.1938606461514158 0.1858200661470763
222.70860290527344 -1 870.7798461914062 327.3695068359375 -1 168.4033203125 334.1194152832031
0.9840090548148388 0.004689820070475067 0.1773795535216235 0.015513852602868139 -3.2068980921182195 -1.1035419844290637 0.12363996360200172
231.34156799316406 -1 813.29248046875 283.32989501953125 -1 641.5458374023438 318.9915771484375
0.9803473197010502 -0.0012581368765103788 0.1972563088569343 0.0027383321026890756 -2.889552398720459 -1.053104174997472 0.2579407989984054
247.67556762695312 -1 562.2584838867188 258.6459045410156 -1 765.214599609375 283.7505187988281
0.9804457988374791 -0.0005709763176039558 0.19677634750900355 0.0021859983984991653 -2.8277788990697887 -1.0543483086252543 0.2489035240037396
249.91505432128906 -1 687.316650390625 279.9060363769531 -1 687.316650390625 279.9060363769531
0.9835203598097022 -0.015697581048065363 0.17974859894758033 0.011477323965768269 -4.729802158474269 -1.066153826690608 0.08181411488092308
292.3816833496094 -1 974.7849731445312 312.0291748046875 -1 761.1576538085938 330.54388427734375
0.9854400811039664 -0.011904150399627193 0.16514987537776915 -0.03862196809820389 -2.7588777999519616 -0.7994296821778621 0.12737576183772772
276.9901123046875 -1 778.9554443359375 276.9901123046875 -1 501.9301452636719 293.16595458984375
0.9856624249703642 -0.011783316658947395 0.163352577566592 -0.04057921700090809 -2.7245659924908523 -0.801540192178288 0.08541605470482677
268.705322265625 -1 500.04962158203125 268.705322265625 -1 888.6912841796875 287.531005859375
0.9859397157679711 -0.01251909892801224 0.16236339264065405 -0.03747369428839051 -2.6882216440276316 -0.82646768869007 0.0811202503585582
212.59378051757812 -1 849.4585571289062 212.59378051757812 -1 673.3295288085938 247.86305236816406
0.982964578262545 -0.00516624761059261 0.18142593038177554 0.028958238065709442 -2.615143074493202 -1.1653937929607368 0.17052597936936548
257.1812438964844 -1 796.786865234375 257.1812438964844 -1 813.9096069335938 259.74468994140625
0.980710882896802 -0.001628968522274245 0.19544764600953393 0.0019308802812168803 -2.7737895666231553 -1.0632083220307798 0.22454065610462892
235.87030029296875 -1 804.9313354492188 235.87030029296875 -1 798.9765625 292.554443359375
0.9831646652632373 -0.003481300066360742 0.1806478992674633 0.027229726732503012 -2.572306330832895 -1.1481753312715952 0.1415000654172667
257.2747802734375 -1 902.984375 302.8553161621094 -1 619.099365234375 321.3853759765625
0.9858090867606523 -0.013772704413556226 0.16562191311058083 -0.023667255245529845 -2.5856971720628867 -0.9110438033556127 0.09351258115703347
233.51605224609375 -1 725.0899047851562 308.3259582519531 -1 725.0899047851562 308.3259582519531
0.9859395253748925 -0.014509967462923228 0.16571238297528595 -0.0158782642756951 -2.5397610923645084 -0.9522247394045955 0.0913079927336464
327.1994323730469 -1 1111.010498046875 335.20269775390625 -1 408.5876770019531 344.60919189453125
0.985946341537356 -0.012648678266299989 0.16585003218794847 -0.015607349886367467 -2.5280391897978647 -0.9550375165852659 0.07023517280286044
233.4581298828125 -1 766.6278686523438 233.4581298828125 -1 913.0900268554688 321.52423095703125
0.9835438541515361 -0.0028867242197996835 0.1792550181613527 0.022378387966831094 -2.544778074168094 -1.1260936049535442 0.13093000220509168
163.45692443847656 -1 528.287109375 163.45692443847656 -1 735.9182739257812 274.60888671875
0.9838518970428644 -0.002718848153522151 0.17734651919450675 0.02400551352226513 -2.4988809725050216 -1.135859708952361 0.13165603964762046
263.08038330078125 -1 828.4797973632812 263.08038330078125 -1 843.2962036132812 269.0392150878906
0.9808602495394495 -0.0034768044083253037 0.19466914806171912 0.00223729690463001 -2.7189046051407573 -1.07266099593006 0.25776789963800784
295.0992431640625 -1 937.3699340820312 295.0992431640625 -1 1076.4356689453125 341.54925537109375
0.9857718044775331 -0.013677372399934693 0.16717737081268555 -0.010890623007877053 -2.498135040526409 -0.9846371520685407 0.0826341629263835
157.71200561523438 -1 688.1407470703125 279.6437683105469 -1 601.4075927734375 341.1452941894531
0.9855403831880559 -0.014187221821904102 0.16875896464789902 -0.005411810555176531 -2.4590708186029104 -1.0057743389164315 0.07141677198248526
259.2349853515625 -1 715.9351196289062 352.02642822265625 -1 821.1993408203125 357.67584228515625
0.9861196312406785 -0.013856707633465368 0.1625793546006623 -0.030724875800256797 -2.6343994828612245 -0.8737714604363634 0.09145853619630859
238.1455841064453 -1 609.8692016601562 238.1455841064453 -1 758.0977783203125 283.5495300292969
0.981137491140593 -0.004732929073090184 0.19323185472079882 0.002876313941894971 -2.6595048542207262 -1.0805665426708368 0.25150008649229394
248.1318817138672 -1 686.6617431640625 284.94287109375 -1 686.6617431640625 284.94287109375
0.9842143095997805 0.0003369040043863666 0.17511424664625588 0.02563356971304674 -2.4298247403880766 -1.1484083155483917 0.07891979708783382
237.4349822998047 -1 950.2237548828125 237.4349822998047 -1 490.9004821777344 334.802734375
0.9812470657071769 -0.005096638485933051 0.19266137831017416 0.0031326705576925655 -2.603466073393338 -1.0847231227380136 0.24340362916370215
247.94554138183594 -1 673.5916137695312 247.94554138183594 -1 981.0125122070312 309.0023193359375
0.9831177696793223 -0.00695683636701097 0.17979723269129255 0.03322662313673843 -2.652510481623421 -1.1760100170279268 0.1539108649424307
289.0351867675781 -1 672.9185791015625 289.0351867675781 -1 955.0533447265625 334.1229553222656
0.9830701826951823 -0.013952534076938422 0.1778613142952075 0.04175758093657311 -2.684190925012362 -1.2076862427825363 0.13202743429763478
289.2752990722656 -1 722.266357421875 289.2752990722656 -1 925.2762451171875 356.1446533203125
0.9829999017282337 -0.019252066553094072 0.17699465370353218 0.044871412904931955 -2.732601968780165 -1.2106385594971703 0.15289405538701853
249.9215545654297 -1 722.1655883789062 289.10992431640625 -1 953.3523559570312 356.5699462890625
0.9854691067393484 -0.018813862949787066 0.16880947126009632 0.00020158408686922656 -2.3934564031553474 -1.0412305203266965 0.10979456642898897
256.7335510253906 -1 992.917236328125 256.7335510253906 -1 808.072265625 266.8355407714844
0.9846763781905025 0.002928510783946884 0.17290248262381 0.022551841626487705 -2.389516283995142 -1.152868351889093 0.09520787265696465
249.0387420654297 -1 833.0205078125 249.0387420654297 -1 761.9351806640625 268.8585205078125
0.9850474274327713 -0.020909145478060307 0.1708836524657211 0.00656891645792828 -2.318660999770654 -1.05616040258804 0.08438479288986367
297.1245422363281 -1 835.6461791992188 297.1245422363281 -1 1076.6131591796875 340.8425598144531
0.985401090635764 -0.023297491372774936 0.16850001124585728 0.007047246251439247 -2.2611269018488573 -1.0512746216884135 0.09020066015721022
256.87451171875 -1 992.6626586914062 256.87451171875 -1 870.9091796875 326.9221496582031
0.9856632631397796 -0.024303765648629554 0.16674158648903517 0.008631454515779196 -2.2086204245495478 -1.050975091308598 0.0874482273905956
217.79696655273438 -1 740.9089965820312 217.79696655273438 -1 766.2616577148438 233.77195739746094
0.9814083434877533 -0.00719202824299011 0.19177873825877154 0.0026179408415287144 -2.543785558038576 -1.094698090458649 0.2891760368664829
247.88064575195312 -1 777.3382568359375 271.0973815917969 -1 777.3382568359375 271.0973815917969
0.9830420004281906 -0.0178643124613936 0.17704634653032256 0.04431571859609192 -2.7965123193200094 -1.2049725091815204 0.1804174142566854
255.41258239746094 -1 721.775146484375 288.7823181152344 -1 955.2431030273438 333.96185302734375
0.9847166709163985 0.003949609769316956 0.17254593669444804 0.023353336640211483 -2.338638441075477 -1.174789200384035 0.1152734379642455
236.10638427734375 -1 804.8218383789062 236.10638427734375 -1 993.1627197265625 257.07080078125
0.9855899509985394 -0.012278557349983094 0.1648372226212399 -0.03592179781992788 -2.8207142490160604 -0.7976284907800796 0.10122469713548211
340.7931213378906 -1 857.6102294921875 350.480224609375 -1 1036.6939697265625 350.93548583984375
0.9858631669711063 -0.015418136829156225 0.1635751719847139 -0.03285209546724961 -2.8961084209574874 -0.8058874495861854 0.09888198064904963
352.0482177734375 -1 945.0489501953125 352.0482177734375 -1 1183.8604736328125 358.25811767578125
0.9848860590570208 0.005993107788722472 0.1718515930267076 0.02075001947821359 -2.2909723849062886 -1.1743781511319893 0.11662276482652408
256.85260009765625 -1 1042.21484375 259.47833251953125 -1 1042.21484375 259.47833251953125
0.9815166733353557 -0.007241077472406817 0.1912036242997918 0.0037095574344174274 -2.4195296791671144 -1.1218753600257336 0.280325220768305
236.23023986816406 -1 815.8255615234375 292.125732421875 -1 815.8255615234375 292.125732421875
0.9815016020923144 -0.006743962100109556 0.19131887852276225 0.0024921449004823154 -2.4841770531511633 -1.097792674652113 0.27989763409924456
247.7862091064453 -1 769.60791015625 262.0577087402344 -1 1045.3685302734375 282.88031005859375
0.9763044349031124 0.020845806092840122 0.21465215250388062 0.017876134434075517 -5.032789060019805 -1.0504573195637386 0.3710357252905639
249.84237670898438 -1 900.1533203125 282.7224426269531 -1 900.1533203125 282.7224426269531
0.9841231275374043 -0.01959397067106919 0.17592130909783324 0.013016879988840862 -4.926390475245536 -1.0978316928545684 0.07370247309386486
276.6601867675781 -1 722.346923828125 289.0833740234375 -1 722.346923828125 289.0833740234375
0.9836402565800431 -0.017363822636450237 0.17893701513773835 0.01148424626146395 -4.787053078669465 -1.0780198871429523 0.10061437564463799
272.5143127441406 -1 815.4586791992188 284.9592590332031 -1 815.4586791992188 284.9592590332031
0.986509576979023 -0.024946749840874544 0.16148225324277068 0.00999980443227654 -2.1107660706838445 -1.0582865945017583 0.08414322922249134
244.3545379638672 -1 788.2094116210938 244.3545379638672 -1 652.5748901367188 249.99464416503906
0.9847363920528793 0.007564338578678383 0.17256135574652462 0.021438224074456246 -2.2315802147330226 -1.1792236426515885 0.09839248310285098
235.99473571777344 -1 804.9617919921875 235.99473571777344 -1 673.8281860351562 288.53857421875
0.9839390980417431 0.00750292036747015 0.17362065666704324 0.04078510891569531 -4.76163722928807 -1.2063547471583507 -0.03881755244838149
226.579833984375 -1 684.64111328125 262.2519836425781 -1 722.0142822265625 289.349609375
0.9834524523638618 0.0004168818506557775 0.17419815650274564 0.04976045036043831 -4.550535173203759 -1.1653797801419288 0.018563605086886432
289.21173095703125 -1 825.6425170898438 345.41717529296875 -1 1305.8984375 361.7408447265625
0.9835065224680142 0.0038031278440152183 0.17474577998197843 0.046522777861663756 -4.617897846951354 -1.1711781466559346 -0.03293115655710117
235.91123962402344 -1 774.7556762695312 271.249755859375 -1 854.4475708007812 291.56201171875
0.9844622217253722 0.011174485528614579 0.1710316329534879 0.038176503218318 -4.825233644239036 -1.208903341116337 -0.08299458979086977
219.90109252929688 -1 757.7998657226562 230.42051696777344 -1 757.7998657226562 230.42051696777344
0.9849705816330036 0.04163911704286464 0.16748424759024882 0.006940033037502087 -5.379260820750042 -0.8477288716522617 -0.16445968137781747
214.43594360351562 -1 773.970703125 239.10687255859375 -1 750.6122436523438 256.64495849609375
0.9836766466000613 0.005108637850136952 0.1747392056892539 0.042665756152482144 -4.694889005160551 -1.187718019449735 -0.034690016893508056
211.9019775390625 -1 724.6693115234375 233.8570556640625 -1 724.6693115234375 233.8570556640625
0.9833579713525534 0.0446093155250539 0.17602549066868886 0.0056688429705200735 -5.478606566377747 -0.8439590155753758 -0.010200933403704749
204.6449432373047 -1 768.4293823242188 235.89053344726562 -1 641.969482421875 236.9405517578125
0.981487185578389 -0.004930806247927862 0.19144553923533483 0.0026827601552278073 -2.355305558632742 -1.1439956686693489 0.2725961353924013
231.07467651367188 -1 763.6242065429688 276.1487121582031 -1 721.7319946289062 289.2099914550781
0.9847638574976646 0.006481145488438905 0.17227857733032576 0.022764698823309656 -2.1607146481982364 -1.2046293925894032 0.13388516252590146
228.3366241455078 -1 828.4930419921875 228.3366241455078 -1 804.92822265625 235.9044952392578
0.9831997014679321 -0.0028044127623909564 0.17449634254350765 0.053493071900632315 -4.480883189576222 -1.1611123122330738 0.05678344197376801
249.39659118652344 -1 852.2550659179688 249.39659118652344 -1 914.2797241210938 273.0567626953125
0.9850115559891987 0.0200703884577225 0.16813142411458226 0.032882188188996894 -4.997804195114075 -1.226362365220994 -0.238178606044138
233.92153930664062 -1 887.5596313476562 236.3278350830078 -1 1300.1649169921875 354.77978515625
0.9849264396596782 0.00968283263394413 0.17149458121009342 0.020390189480923505 -2.107333857085669 -1.209921509653272 0.10540480818961329
249.19296264648438 -1 832.6397705078125 249.19296264648438 -1 842.7288208007812 254.2492218017578
0.9842134585793262 0.01355645915025358 0.1726921867258928 0.03629736919472322 -4.923573075489263 -1.2400568537972303 -0.16452495280614007
242.15945434570312 -1 850.7415161132812 242.15945434570312 -1 369.0027770996094 349.2284240722656
0.983183396153816 -0.003162164701849072 0.1738404816601496 0.05585603976307632 -4.41039983078771 -1.127280016220462 0.027298552906318337
334.1665344238281 -1 168.60269165039062 334.1665344238281 -1 747.2153930664062 337.93841552734375
0.9813364681506795 -0.0006622741831213989 0.19229631196425515 0.0006527445156670484 -2.2849924878320733 -1.1560336315392696 0.24397497422114187
308.3123779296875 -1 724.8639526367188 308.3123779296875 -1 514.3688354492188 319.3603515625
0.9853315173307968 0.011840700013012106 0.16949762460250228 0.01587935867409805 -2.051669509619052 -1.2148925374926005 0.08828962670708827
234.5478515625 -1 949.9393920898438 237.8922119140625 -1 729.7139892578125 269.2057800292969
0.9823096847881807 0.03985745756046201 0.1829484751943615 0.0029869168416844566 -5.438965384175963 -0.8206674699442784 0.04125575438843511
217.24082946777344 -1 652.6558227539062 257.3816833496094 -1 719.5072631835938 277.08251953125
0.9830081348509218 -0.005638837030145965 0.1741004201884644 0.057898653041845216 -4.347705776597063 -1.099662365749309 0.011490546083587625
256.9631652832031 -1 710.8916625976562 335.3047180175781 -1 762.07177734375 335.6640319824219
0.9826794503290542 -0.008009015529728044 0.17513807012990734 0.0600300754822457 -4.288422699908821 -1.0676304078689105 0.03149578494353312
289.216552734375 -1 722.2506713867188 289.216552734375 -1 725.1851806640625 308.5587158203125
0.982593895329387 -0.009351164295045077 0.17472107712980778 0.06240462959066778 -4.22839445861728 -1.0371930609415387 0.07409386511907234
292.6040344238281 -1 812.0888671875 318.86480712890625 -1 581.2210693359375 319.9921569824219
0.9820468843358133 -0.011158178516431512 0.17666528288556563 0.06518274189906559 -4.169580904258252 -1.0075964402700215 0.09338010823741795
292.1333923339844 -1 725.0684814453125 308.51739501953125 -1 644.9932250976562 344.167236328125
0.9849445730952411 0.039239922736303445 0.16826361176629148 0.005636785364453052 -5.2781175944385685 0.6498785338880535 -0.16356334991571722
228.3246612548828 -1 817.6484375 275.94818115234375 -1 722.1996459960938 289.1866149902344
0.981626230041238 -0.001265762244537483 0.19080507937297925 -0.0013281665701508308 -2.1794420898122993 -1.1791888755082442 0.28558886312597404
279.5007019042969 -1 721.9849243164062 289.36248779296875 -1 869.4335327148438 358.50738525390625
0.9850294738889972 0.011696518507135401 0.17092568865325716 0.019092825437519098 -1.9719898734112984 -1.2547454455957439 0.09435268437654956
236.04486083984375 -1 805.0521850585938 236.04486083984375 -1 591.8467407226562 284.0738525390625
0.9867628119326611 -0.02226198676011881 0.16039340456164847 0.008804130017409685 -2.0191721854574403 -1.0485906653356898 0.06608306151822738
234.4358367919922 -1 733.0892333984375 284.7023010253906 -1 846.7005615234375 337.4530334472656
0.9818589981137115 -0.013726566923351547 0.17680297646297605 0.06712076204476483 -4.101370249763167 -0.9912058380640062 0.09711683541485301
344.6745300292969 -1 15.050492286682129 344.7922058105469 -1 820.8778686523438 356.6343994140625
0.9812402105626036 -0.014133288477591028 0.18032230493516868 0.06672155329977504 -4.0466401003741 -0.9515812704271784 0.0776833818660038
97.25079345703125 -1 607.0346069335938 332.1965026855469 -1 660.6229858398438 355.9009704589844
0.9800111397091524 -0.018184508187643705 0.18438844666197182 0.07244577589843958 -3.8394918317483135 -0.8715083572748907 0.12706196124671895
258.9340515136719 -1 645.5907592773438 333.3476257324219 -1 98.00955200195312 355.52947998046875
0.9798816077449943 -0.016195910121353897 0.18561204731400552 0.0715394659634069 -3.903524349681387 -0.9112058736083555 0.13834842454770052
289.0973815917969 -1 722.2316284179688 289.0973815917969 -1 543.3369750976562 332.3703308105469
0.9803094049908577 -0.014623198575339839 0.1843580265962521 0.06922247163625674 -3.9758661393738244 -0.9313256373578817 0.040654932739117716
355.4535827636719 -1 1183.5240478515625 357.97113037109375 -1 1183.5240478515625 357.97113037109375
0.9810376313142811 0.03291197562829633 0.1909598229724848 0.004039036497031529 -5.34489354176537 -0.8297528526848639 0.18429250424611548
235.7724609375 -1 609.687744140625 237.9580078125 -1 609.687744140625 237.9580078125
0.9816379075415409 -0.0012533056356508474 0.19073121050873143 -0.0026557560737100047 -2.076538144443576 -1.1938806691821708 0.21942435509869898
280.0034484863281 -1 716.1774291992188 324.0944519042969 -1 914.8661499023438 334.6497802734375
0.982218445877028 -0.0016401576046470108 0.18770283638654117 0.003446690353830412 -1.877431981408559 -1.2474710580127097 0.2009291538578808
251.76870727539062 -1 652.3644409179688 257.4073486328125 -1 721.65234375 289.486328125
0.9821512456485948 -0.0027775284346861916 0.18806883101978916 -0.0011536054603045692 -1.9623321101508613 -1.2238564533628395 0.2054498774763127
325.6875 -1 368.3166809082031 349.156494140625 -1 964.9306640625 354.9847106933594
0.9823485349270333 -0.0018576494602633115 0.18687747100091798 0.008044619164078556 -1.8122579009103685 -1.2762265580815162 0.1968564481680031
235.18226623535156 -1 514.76513671875 235.18226623535156 -1 552.7328491210938 243.79034423828125
0.9825250083427284 -0.004232206701050625 0.1855777650950651 0.013696331986417114 -1.7391969456398084 -1.3134879155687718 0.17429186860618295
233.83042907714844 -1 552.0438842773438 243.60165405273438 -1 823.3770751953125 262.27618408203125
0.9847624535130318 0.01639516876243275 0.17256558345434167 0.013972401343648497 -1.9199526225936698 -1.2501143351739907 0.08984237041017425
269.0859069824219 -1 552.7913208007812 269.0859069824219 -1 722.0669555664062 288.9712219238281
0.9845656140380459 0.01710098640275722 0.17341711287679637 0.0162669259362393 -1.7624629110255021 -1.3074440642078053 0.06286515596829285
246.68743896484375 -1 777.8994140625 266.979736328125 -1 529.3723754882812 267.7149963378906
0.9848874172640594 0.01657131393715821 0.17144138446462334 0.018166413024587498 -1.7001666990912876 -1.313173082383913 0.0606762420564309
235.8007354736328 -1 653.010986328125 257.74249267578125 -1 566.056396484375 279.8128662109375
0.9825152558062268 -0.004624939010247337 0.18563293351171806 0.013520208689593062 -1.687595327568034 -1.3283907588743904 0.19429085604791102
248.65554809570312 -1 595.656494140625 264.2251281738281 -1 627.8638305664062 293.79638671875
0.9849680637025571 0.012878990451804021 0.1704042764305183 0.025187847569207486 -1.6360898107062984 -1.319379022520255 0.08354194803441223
243.935302734375 -1 840.431396484375 244.62030029296875 -1 734.2950439453125 272.07928466796875
0.9847507292229983 0.017229476234172626 0.1725961599241394 0.013405671296509122 -1.8376839408880459 -1.2806591913166172 0.07050567979004295
226.07147216796875 -1 872.5965576171875 226.07147216796875 -1 631.5067138671875 245.53176879882812
0.9848164298630275 0.006194287109778893 0.17078239060251205 0.030522210587263957 -1.5842959071104077 -1.318225372573179 0.09565676577344662
232.5531463623047 -1 673.5022583007812 247.6746826171875 -1 673.5022583007812 247.6746826171875
0.9819740671795527 -0.00634364477388093 0.18858728825725063 0.011023804497853227 -1.6535094713462777 -1.3368559716975608 0.21285259459568534
226.99258422851562 -1 566.20751953125 227.9613494873047 -1 722.2630004882812 289.23101806640625
0.9817180748514038 -0.00813489328889723 0.18981309775476826 0.011594522067367257 -1.5992772580017762 -1.3480789854444417 0.2600622772586712
247.75784301757812 -1 568.787841796875 258.1394348144531 -1 568.787841796875 258.1394348144531
0.9813530409708086 -0.009792325754856411 0.19137308610981546 0.015055273045102516 -1.5412176033854268 -1.3800716339578225 0.27980247258354596
262.1806335449219 -1 777.2716674804688 271.1142272949219 -1 575.2569580078125 273.310791015625
0.9840932024035958 -0.0010165782845341217 0.17335655946773504 0.03882059815531945 -1.5154150692339567 -1.3132507971471943 0.12148140130183542
289.1101379394531 -1 581.095703125 320.1058349609375 -1 833.3568115234375 322.5494079589844
0.9807627679007139 -0.010619470487315484 0.19392848492132306 0.01957964970114459 -1.4896625335175309 -1.3952980422376742 0.26643931865096826
233.08172607421875 -1 766.7158813476562 233.08172607421875 -1 631.9806518554688 281.53997802734375
0.9821652689852948 -0.010738743748621032 0.1858309483683074 0.026512683950908167 -1.3718562946664665 -1.3414457938243853 0.1774989935632744
236.00631713867188 -1 905.884765625 280.7908020019531 -1 908.6194458007812 284.22576904296875
0.9815126833651452 -0.014053408391870019 0.18873749388539843 0.028522140659194416 -1.3700518437412679 -1.381926267666255 0.2107995159660913
219.75613403320312 -1 636.0782470703125 219.75613403320312 -1 722.8197631835938 229.88450622558594
0.9825507806698615 -0.007306428566217755 0.18471588083798418 0.02050909244458502 -1.3682845915047326 -1.3022013036888533 0.17339675980047206
235.98312377929688 -1 805.0138549804688 235.98312377929688 -1 962.5643920898438 255.57154846191406
0.9805577932875721 -0.012589556130339423 0.19435176767991197 0.023985568559904403 -1.4301636671033442 -1.4016231762238374 0.28193146598697855
212.4095001220703 -1 777.4901123046875 271.8457336425781 -1 777.4901123046875 271.8457336425781
0.9808412376375396 -0.012274818609122677 0.1923851594835701 0.02806680937075468 -1.3868760541679286 -1.3954672523071598 0.24512317094520453
213.69972229003906 -1 646.3411254882812 213.69972229003906 -1 652.8280639648438 226.729736328125
0.9819971640246954 -0.001499986185102081 0.18863583321651156 0.009789908866410632 -1.310901672171289 -1.2299159278037808 0.187150222501291
219.8578338623047 -1 743.6116943359375 235.64353942871094 -1 732.2780151367188 241.09588623046875
0.981948254446558 0.0005692432391713045 0.18895871710974796 0.008479668609733683 -1.2696269578260322 -1.2193791043724667 0.18059517065695174
220.1066436767578 -1 674.064697265625 248.45602416992188 -1 674.064697265625 248.45602416992188
0.9823537382828127 -0.004909139272913903 0.18645862597078702 0.013791810413010405 -1.3387627479973325 -1.2632863464185622 0.2163407364745551
226.0554656982422 -1 655.9327392578125 226.0554656982422 -1 592.8983764648438 237.67532348632812
0.9821485525920305 0.002234542040783687 0.1879582635752081 0.007135728206734335 -1.2379438506539806 -1.210986875595665 0.1689540411385305
219.12554931640625 -1 749.8026733398438 219.12554931640625 -1 684.4379272460938 227.00086975097656
0.9823414176051668 0.0026375895188639775 0.18695465463912603 0.006807311346368743 -1.2057182033909482 -1.2141029458451986 0.16502194724896432
223.03033447265625 -1 767.6685791015625 236.1549530029297 -1 943.2941284179688 248.07078552246094
0.9822854581460098 0.004435999729354235 0.1872508662782044 0.0057195890890055405 -1.1701179473150893 -1.206542121278881 0.15715595692138043
108.01164245605469 -1 1203.2486572265625 108.01164245605469 -1 669.2723388671875 213.1240692138672
0.9821936239750201 0.003349444061032829 0.18778663296521755 0.004543866952902719 -1.128868723851076 -1.208493147262611 0.17626575704150482
240.18875122070312 -1 849.4971923828125 241.7277069091797 -1 673.7269287109375 247.9024200439453
0.9862368631674947 -0.007418407398784009 0.16514604489039428 -0.002932715169568574 -1.184224067346702 -1.1289951695379683 0.1151563763624536
227.1895751953125 -1 692.6353759765625 236.16714477539062 -1 692.6353759765625 236.16714477539062
0.9866281711958921 -0.007745361877826464 0.1626919807047241 -0.0060150300418841144 -1.1199383684816608 -1.1135107475537862 0.11211327658094117
226.903076171875 -1 489.49627685546875 294.210205078125 -1 489.49627685546875 294.210205078125
0.9860818983780759 -0.010087401074466285 0.165948923798764 -0.0012995078625104514 -1.2334492546090379 -1.1356543948686626 0.11028387811687232
238.62789916992188 -1 797.9788818359375 238.62789916992188 -1 722.057861328125 289.2113342285156
0.9836075299035117 -0.011814973909461108 0.17929113489518958 0.015209288498351296 -1.0595271133543722 -1.1406610816329374 0.1835601815499892
231.7820281982422 -1 774.0919799804688 246.06094360351562 -1 729.3046875 248.23236083984375
0.9866583249211249 -0.009665924614087546 0.16245382447327905 -0.004546941741400707 -1.0638954588422163 -1.0993706129722114 0.12304715896183431
288.0503234863281 -1 706.9236450195312 353.8717346191406 -1 928.6318969726562 353.9866027832031
0.9842363132968669 -0.009499842026196822 0.17617297543813262 0.012317277075069423 -1.0061782852291032 -1.129612536634614 0.15168803712283177
237.21664428710938 -1 610.553466796875 249.4759521484375 -1 993.1018676757812 257.15643310546875
0.9820365487695226 0.004510214982321607 0.18862385335063458 0.002217383326503808 -1.088091605655921 -1.1882001104478705 0.15555334285765196
109.41580963134766 -1 1371.5732421875 109.41580963134766 -1 786.2840576171875 220.26580810546875
0.9845427712141 -0.009297512375976846 0.17437968226176184 0.013446721829716846 -0.9741068524174898 -1.1292724763994866 0.14238975394710493
233.6949920654297 -1 766.176513671875 233.6949920654297 -1 743.607421875 235.5338134765625
0.9830748893799213 -0.017174761543447624 0.18155111576759575 0.017549410249983292 -1.1206247414264838 -1.1169184039614894 0.20495590549480208
255.0555419921875 -1 715.8335571289062 305.2930603027344 -1 822.0316162109375 314.4560546875
0.9833744585173512 -0.013970148387297106 0.18047854785389333 0.014387600713578842 -1.0929711425570003 -1.1244147145148184 0.18245260586775972
235.761962890625 -1 804.5785522460938 235.761962890625 -1 669.7301635742188 245.22976684570312
0.9838931884212628 -0.00982417763129785 0.17818170731670466 0.010438318342257618 -1.0433632706640457 -1.131516937473637 0.1597490667390959
230.7731170654297 -1 740.4815063476562 230.7731170654297 -1 734.3148193359375 242.77691650390625
0.9849279708620706 -0.008003092689919241 0.17242351274101617 0.01108940823350748 -0.9458383640170128 -1.1214571913824252 0.1355122406610821
178.5111541748047 -1 1305.756591796875 178.5111541748047 -1 765.9772338867188 233.7603759765625
0.9849504899142958 -0.0074504507894409535 0.17231850571617924 0.011106565102049389 -0.90675089394162 -1.123307265659771 0.12985470673527533
233.61976623535156 -1 765.9579467773438 233.61976623535156 -1 767.1243896484375 248.3311004638672
0.9854205173842283 -0.008008901755135547 0.1695646363025206 0.011405942594557697 -0.8713004486286102 -1.1260850792695978 0.1179606918315261
231.59616088867188 -1 770.5823364257812 231.59616088867188 -1 765.7657470703125 233.65708923339844
0.9862232502651302 -0.0061651204484838035 0.16487638615155295 0.011894083232528555 -0.8448752778214734 -1.1210935105041195 0.09869864791820601
256.8554382324219 -1 756.1290893554688 266.2615661621094 -1 708.1476440429688 269.9087219238281
0.9865730983098121 -0.013482768613645306 0.16275570161883932 -0.0015225742833273482 -0.9992467713032801 -1.0963433072259048 0.09657898820199053
108.00016021728516 -1 1203.184326171875 108.00016021728516 -1 766.5609130859375 233.4486083984375
0.9869284047511909 -0.005185678194420136 0.16046594806593648 0.014004004721279143 -0.8154797032405626 -1.134659277599858 0.06933173856251788
232.39207458496094 -1 766.8992919921875 233.55101013183594 -1 766.8992919921875 233.55101013183594
0.9876044101950242 -0.0033749984630188643 0.1562776962723042 0.014262538222025556 -0.7818267953028707 -1.143194655432978 0.02613458596418914
233.46568298339844 -1 668.2071533203125 242.24143981933594 -1 668.2071533203125 242.24143981933594
0.9816049094259905 0.00429144742101123 0.19087459945210536 0.0005220668771416564 -1.0318650082639171 -1.1745610030444702 0.15802858584506677
227.20140075683594 -1 711.6854248046875 231.76182556152344 -1 835.4141845703125 251.21994018554688
0.9828860957361766 -0.019846592514435595 0.18182626159481952 0.02191451958208555 -1.1495736376598629 -1.1137102395649419 0.20461575403435125
257.3970947265625 -1 942.1993408203125 311.3117370605469 -1 629.8850708007812 313.31341552734375
0.9865456398623081 -0.015863550431915275 0.16266687379864148 0.003941624657413943 -0.9266393814810873 -1.0864572699785608 0.09218079004512042
233.68275451660156 -1 774.5638427734375 272.77105712890625 -1 739.8978881835938 344.53448486328125
0.9823243190314014 -0.02405075774349382 0.182917575137821 0.03164891778808428 -1.2266124760396515 -1.1563209089973754 0.24394794744045578
331.701904296875 -1 991.3543090820312 341.5968017578125 -1 15.019536972045898 344.8051452636719
0.9827104185944677 -0.020746984650500323 0.18238159482260638 0.02422291649988947 -1.1917259215894849 -1.1166444361008365 0.2148563738695753
282.4595031738281 -1 922.9598999023438 317.56634521484375 -1 922.9598999023438 317.56634521484375
0.9822164108211432 -0.024782160432715618 0.1813276136368502 0.04191733973767279 -1.247358672474328 -1.1986483278758053 0.2350207737071716
269.1867980957031 -1 721.8082885742188 289.0110778808594 -1 721.8082885742188 289.0110778808594
0.9861470642328158 -0.010573840456755143 0.16553482466571698 0.0006192139242960401 -1.3063178801999686 -1.1228963883627403 0.10923242764960105
291.9246520996094 -1 677.7664794921875 347.623291015625 -1 483.7212219238281 349.39697265625
0.9822491046703326 -0.024907348482483275 0.17997764454986145 0.04663011717963052 -1.2788368789030415 -1.2324402886061756 0.2610963304408608
288.8548278808594 -1 1035.9197998046875 343.5704650878906 -1 964.7579345703125 355.289306640625
0.987919349301122 -0.0023010207317159235 0.15425622428957037 0.014665669025511752 -0.7318813849463746 -1.1473832420445027 0.06021014091286961
223.89437866210938 -1 759.8908081054688 223.89437866210938 -1 775.5670166015625 225.14964294433594
0.9813888230946505 0.003182063067629886 0.1920035856183704 0.000689557263639163 -0.9648358540015006 -1.1614038627437178 0.18648038916272497
221.5902557373047 -1 771.2689208984375 221.5902557373047 -1 705.477294921875 243.5639190673828
0.981735234102763 0.003545456532537683 0.1902015646571926 0.00259319515752014 -0.8563094168021566 -1.1461053831408596 0.14431066163834816
233.5413360595703 -1 767.084716796875 233.5413360595703 -1 734.2178955078125 242.94639587402344
0.9814746451061815 0.002893907614477723 0.19155739832340957 0.002215730123603273 -0.9071276489049304 -1.1507788238709302 0.1504539803348164
233.3533935546875 -1 805.4597778320312 236.14987182617188 -1 798.3690795898438 237.5782470703125
0.9865113822257389 -0.020724710864824556 0.16212449543009136 0.009023695483008149 -0.8519827473608733 -1.0866071909938257 0.11569456254578737
236.1893768310547 -1 755.1781616210938 337.85821533203125 -1 586.8185424804688 348.4573059082031
0.9826772688702259 -0.022105119935117296 0.17868461751999545 0.043915331948430725 -1.3345529730474486 -1.243694962963536 0.26223340671147577
289.3403015136719 -1 870.6029663085938 327.3711242675781 -1 870.6029663085938 327.3711242675781
0.9832179446183954 -0.017825409496372947 0.1759690240567197 0.04471723078624257 -1.3798589107587838 -1.2736553754430238 0.23801633203691672
329.8522644042969 -1 1009.9013671875 334.811767578125 -1 1300.5062255859375 355.11236572265625
0.9878902519371169 -0.0022662265634033588 0.15463290668862945 0.012505139495775683 -0.6774321974101796 -1.1469769411092503 0.013244891690776382
257.4900817871094 -1 757.3677978515625 265.0560607910156 -1 782.698974609375 317.0622863769531
0.9817162687162345 0.003091757479755851 0.1902925780313666 0.003513334560903779 -0.7926474592200118 -1.1506409410732594 0.144248739855849
290.8985595703125 -1 794.1067504882812 290.8985595703125 -1 504.8857421875 304.1329040527344
0.9863921075603255 -0.010799437788948839 0.16396409816344293 0.005454979339171532 -1.3946284649840688 -1.125470157137265 0.10953895589499481
334.31427001953125 -1 800.8311157226562 336.23968505859375 -1 800.8311157226562 336.23968505859375
0.9815793538470503 0.0035176026982767384 0.1909879661553093 0.0036325413036844443 -0.7397605733418864 -1.149121807379589 0.15353599296886464
234.7498016357422 -1 759.2296752929688 234.7498016357422 -1 780.5072021484375 239.86940002441406
0.9817027285243057 0.003996421635869303 0.19034240212926226 0.0036812190513492694 -0.6899949992085396 -1.144024405639369 0.14893267314527123
240.0810089111328 -1 896.860595703125 240.0810089111328 -1 863.7891235351562 249.62095642089844
0.9875248038410528 -0.004500512791637392 0.156932822580257 0.012107699215634656 -0.6101336124096656 -1.1482242915844898 0.07810735626775901
237.71263122558594 -1 368.6938781738281 349.0946044921875 -1 1306.052978515625 361.9136962890625
0.9818799324528971 0.0033224239949563067 0.1894350223210832 0.0038899952831279324 -0.6502460220643127 -1.1453153153531856 0.13675102200845937
231.39259338378906 -1 792.3289184570312 232.22116088867188 -1 792.3289184570312 232.22116088867188
0.9820103487135261 0.0035381448324511874 0.18874095189265497 0.004473212418176109 -0.6004305391085183 -1.1439920665765049 0.11421487408792272
212.64361572265625 -1 957.3551635742188 335.3316345214844 -1 1134.0831298828125 343.2741394042969
0.9820896754979304 0.003973912176066744 0.18830804930509787 0.00491486208308507 -0.5548445650069236 -1.138143644420325 0.11444133015737215
221.8352508544922 -1 848.6405029296875 227.54110717773438 -1 766.8385620117188 233.10787963867188
0.9873624546087606 -0.0072086422518435654 0.15771846027927988 0.013722463079978674 -0.5243182046300088 -1.1501199748417674 0.05326920049311326
248.70411682128906 -1 833.3157958984375 248.70411682128906 -1 777.4622192382812 270.27655029296875
0.9820256673292603 0.0032612713718880425 0.18863823738581392 0.005528852641654099 -0.506930870214355 -1.1352396439726866 0.11406007858740118
241.9290771484375 -1 672.7527465820312 247.52777099609375 -1 672.7527465820312 247.52777099609375
0.9834336941355549 -0.010611907116198575 0.17462361414965122 0.047456822982230806 -1.4277632341679083 -1.3118785155896815 0.20170272946267898
257.150634765625 -1 762.197509765625 269.3998107910156 -1 762.197509765625 269.3998107910156
0.987150694214082 -0.01514165715019472 0.15877794034304085 0.00968518413990238 -1.5820141138925303 -1.113194650457153 0.1379403747755328
257.41259765625 -1 568.515869140625 257.41259765625 -1 508.8990478515625 292.1405334472656
0.9868537212221983 -0.019974051450335747 0.16012330529251687 0.009016500471831616 -1.786495520852024 -1.072373598264104 0.08844031368279698
259.1650695800781 -1 722.3330688476562 289.2625427246094 -1 425.54315185546875 342.7623291015625
0.9868812325652312 -0.011783722615977743 0.16077308783549532 0.008865151982908659 -1.4919211558061138 -1.122297597691614 0.11236905375154677
235.89427185058594 -1 805.0842895507812 235.89427185058594 -1 632.64697265625 253.3394012451172
0.9867328598927865 -0.010738573107946969 0.16073301156070027 0.020195178881006037 -0.4397511552020157 -1.158224118266403 0.042301977637815895
236.57374572753906 -1 859.5391845703125 257.254150390625 -1 870.6911010742188 288.6271667480469
0.9868945428410762 -0.015576866655744974 0.16036067274411672 0.00899873172990153 -1.690307736905518 -1.0811495125023434 0.11867964834162191
223.72193908691406 -1 876.882080078125 223.72193908691406 -1 734.2623901367188 243.0513916015625
0.9866916274300515 -0.020734080521833072 0.16099437446091475 0.009515337949305536 -1.8917571811144624 -1.0555741585407623 0.04638725976231766
269.3651123046875 -1 843.0667114257812 269.3651123046875 -1 722.3433227539062 288.9249572753906
0.9861107476593719 -0.02375463668539522 0.16365159686922337 0.015474670554575364 -0.7668233458214931 -1.0759273277231505 0.07210582405224573
233.46620178222656 -1 814.092041015625 259.6399230957031 -1 814.092041015625 259.6399230957031
0.9854258206580121 -0.025598077481579076 0.16644984355346165 0.02398207644801929 -0.6661742666306413 -1.0733736817076824 0.11800620488068737
236.94993591308594 -1 783.7349243164062 333.3153381347656 -1 783.7349243164062 333.3153381347656
0.98179894748151 0.0009423984730583502 0.1897827272140328 0.0072425865905481656 -0.4549639281792469 -1.1365382068141936 0.13880952759693574
97.37088775634766 -1 490.4489440917969 97.37088775634766 -1 849.0791015625 227.36404418945312
0.9819681493862615 0.0009669841197116524 0.1888832907171258 0.007792369376688979 -0.3934724959282418 -1.120618464613592 0.10968138861156265
229.3984375 -1 757.5360107421875 230.67050170898438 -1 757.5360107421875 230.67050170898438
0.9861495762520526 -0.011231986602736142 0.16237729377516005 0.03188212980822105 -0.3215534401852166 -1.1622990045818342 0.10317252884302498
357.5714416503906 -1 764.0772094726562 358.1696472167969 -1 764.0772094726562 358.1696472167969
0.9818201442715232 0.0009364187972312937 0.18961778751912686 0.008568668439892251 -0.32899347945664564 -1.1045112456317985 0.08306238684150295
237.73069763183594 -1 687.9466552734375 279.3348388671875 -1 687.9466552734375 279.3348388671875
0.9815305123862633 0.0003968622537621385 0.19113025683915266 0.008180505834626497 -0.2649829412532053 -1.1047995317689374 0.09522574207684706
268.70220947265625 -1 672.9180908203125 291.6427917480469 -1 1355.866455078125 363.16827392578125
0.9850816128080218 -0.013007440910649827 0.16702928197946534 0.03932227803582814 -0.24037341170911114 -1.1743424202348711 0.0912245009153292
341.9639587402344 -1 1044.410888671875 349.4841613769531 -1 841.2195434570312 360.5721435546875
0.9844456500455915 -0.016579583926189623 0.16927748105515367 0.04401152020516359 -0.16038135330508055 -1.1953987179224999 0.1131285077227601
273.0151672363281 -1 205.7968292236328 356.98736572265625 -1 205.7968292236328 356.98736572265625
0.9832140716956196 -0.016916665334614847 0.17400716965674898 0.052205560639891284 -0.08801633257712116 -1.2044136942873167 0.12081596549000034
333.24688720703125 -1 1172.1915283203125 350.3150939941406 -1 1183.61181640625 357.8550720214844
0.9825063637633417 -0.019003430223889024 0.17541533674734552 0.05957830509570882 -0.010099519549754247 -1.2165812821573045 0.1608161954117134
247.7378387451172 -1 823.2061767578125 342.63079833984375 -1 1133.8310546875 342.7636413574219
0.9814549248218771 0.0018796895852704386 0.19153611343013244 0.007524264882762724 -0.18606701567683226 -1.1039986296873292 0.07776087373697457
205.20835876464844 -1 921.2091674804688 263.2940979003906 -1 1090.3807373046875 304.1634826660156
0.9819565632531801 -0.021289752113183926 0.179435052086103 0.05577738270858441 0.03608469421260642 -1.2186794456309638 0.15875842400130208
355.5094909667969 -1 760.8890991210938 360.3599548339844 -1 1070.6607666015625 362.06463623046875
0.9842549778753072 -0.01216972967318642 0.17632165465034358 0.002170324566775183 -0.017512971560246483 -1.1321491344401458 0.15176365550005266
250.06741333007812 -1 652.263916015625 250.06741333007812 -1 486.15411376953125 321.7016296386719
0.9812294668483056 0.002439584748028419 0.19260287563787784 0.009322773775404249 -0.08595885812367873 -1.1149733995414766 0.038957160431855604
227.51805114746094 -1 829.3320922851562 228.51620483398438 -1 829.3320922851562 228.51620483398438
0.9844834225314589 -0.010401403176604387 0.1751526259922772 -0.002399829308974937 0.0557827019884816 -1.1270806663009125 0.16508198183559128
257.2044677734375 -1 993.04833984375 257.2044677734375 -1 492.58721923828125 285.76873779296875
0.9811134680906091 -0.02043882103925961 0.18398653411773067 0.056103231538724256 0.09712534423051628 -1.2025525992908817 0.07025007266784997
286.7750549316406 -1 1092.50048828125 325.884033203125 -1 1503.921142578125 356.7912292480469
0.9808441930742765 -0.015940214070506296 0.1882076804838517 0.047628221620655706 0.1313523561036121 -1.1978563539888405 0.05413616339606261
260.3852844238281 -1 721.5540161132812 289.2299499511719 -1 1342.033447265625 334.8231201171875
0.9810277659880575 -0.010403341918328266 0.19014909805099015 0.03632648273376541 0.16429498989635055 -1.198106298142756 0.0643161454910947
235.9755096435547 -1 804.7267456054688 235.9755096435547 -1 561.9198608398438 236.78977966308594
0.9848686886861961 -0.010640080392609066 0.1729050145084853 -0.00493058744895646 0.13178378716779993 -1.1320924389773757 0.13860049733245866
248.2329864501953 -1 673.5737915039062 248.2329864501953 -1 1035.5396728515625 343.6763000488281
0.9855174221986999 -0.010863195869273408 0.16915942969600956 -0.004742242429089473 0.23646942250752928 -1.106399600079749 0.11529896124832364
231.39199829101562 -1 1027.6409912109375 231.39199829101562 -1 743.1270751953125 244.00650024414062
0.9852240367535716 -0.00967185791572771 0.17087266133479712 -0.006525808441767593 0.19233072640504417 -1.1211555396438426 0.10418747814911687
268.78759765625 -1 487.8172912597656 335.5124816894531 -1 550.1634521484375 338.6884460449219
0.9808017493833173 -0.006613737862555773 0.19240434172879348 0.03106052417489973 0.20098914617877633 -1.1941752509982033 0.017883216351060594
214.7520294189453 -1 672.8002319335938 247.54434204101562 -1 672.8002319335938 247.54434204101562
0.9818007586817049 0.0038298197629269438 0.1891804687668759 0.016228153615163922 0.2764185150415177 -1.1466772116489847 0.07683890040461223
228.4922637939453 -1 551.812744140625 243.60357666015625 -1 722.240478515625 289.2843017578125
0.981096819838366 0.004584877730985211 0.19306440139586487 0.0124155512520773 0.12350815516402663 -1.1261981276298474 0.06610710602733898
237.90257263183594 -1 1008.978271484375 274.2771301269531 -1 1008.978271484375 274.2771301269531
0.9824235197495006 0.004228219927061967 0.1854733833383434 0.0206342935977673 0.31765299068461367 -1.1589336228341642 0.07103722515893258
228.22828674316406 -1 503.4027099609375 243.9156036376953 -1 503.4027099609375 243.9156036376953
0.9829971318402395 0.0016143497777162863 0.18195358795675134 0.024635837682587716 0.3690574831699592 -1.1709717187434785 0.0787346702571556
235.90792846679688 -1 782.3084106445312 264.49310302734375 -1 782.3084106445312 264.49310302734375
0.9803539015941887 -0.003616242453010064 0.19507807090370033 0.028942990033230885 0.24555822049687973 -1.1964014640829508 0.06126341262272948
235.51239013671875 -1 865.5702514648438 262.2281494140625 -1 552.1931762695312 268.6473693847656
0.9811544969919561 0.0033575580423163545 0.19282849914704486 0.011905870533161592 0.1987721997510289 -1.1340442427270125 0.06550329584226003
289.1495056152344 -1 722.3247680664062 289.1495056152344 -1 1183.6329345703125 357.8459167480469
0.9861314008486299 -0.012909813365605347 0.16539857645079176 -0.004637659672255589 0.26303838944708124 -1.0823289023432603 0.1332749408346587
233.81341552734375 -1 946.1968383789062 270.6060485839844 -1 503.63543701171875 271.1130676269531
0.9866785008196349 -0.01899002504258463 0.161566042204739 -0.0011528119950964574 0.2857038484726588 -1.060317258129047 0.10715770197634489
237.14743041992188 -1 445.0274658203125 240.66091918945312 -1 962.49658203125 255.47901916503906
0.9873146144351866 -0.026956985905427236 0.15633923082268764 0.006420119887046316 0.3400170409610915 -1.043594092902961 0.16357309427101321
272.281982421875 -1 1095.8076171875 288.6070861816406 -1 776.600830078125 293.658203125
0.9800964390656766 -0.0014934405836227829 0.1969979536432038 0.02450604061030983 0.32303263859754017 -1.2114060057595428 0.05471986840064466
233.36695861816406 -1 552.4917602539062 268.620849609375 -1 534.8649291992188 323.69476318359375
0.9830259696248063 -0.00021330780502215133 0.1815042188986963 0.026760345008316942 0.42917680137405134 -1.1737655246487761 0.06114343085144688
216.80923461914062 -1 621.393798828125 228.79959106445312 -1 621.393798828125 228.79959106445312
0.9800376245621953 0.00012902514047828212 0.19741564457197142 0.023522352629697478 0.3878991372797501 -1.2071069790696298 0.04375356657608869
236.01181030273438 -1 804.9779663085938 236.01181030273438 -1 643.1904296875 272.1447448730469
0.9831999827079257 -0.0022657074205918305 0.1813166598954498 0.02090285667980723 0.4821668806038243 -1.1971164538067998 0.09798316491108687
304.7810974121094 -1 736.0042114257812 304.7810974121094 -1 535.5028076171875 307.4173583984375
0.980010941105405 -0.0010756656723296839 0.19749841765161036 0.023911781242097488 0.47084460677431084 -1.2040027554901527 0.07853947516150298
239.84933471679688 -1 575.9521484375 239.84933471679688 -1 632.365966796875 253.326904296875
0.9835013093424131 -0.0021170683565869836 0.18027238764617046 0.014918404595717137 0.5101407095419953 -1.2278541601069461 0.09575108121993045
232.8363037109375 -1 652.9761962890625 249.87210083007812 -1 653.6290283203125 281.9323425292969
0.9802283727138263 -0.0021184733507150074 0.19666118382699663 0.021730811610029648 0.5257637177387166 -1.202842448887397 0.0734603023463093
269.0263366699219 -1 643.0615844726562 269.0263366699219 -1 722.0137939453125 288.7640380859375
0.98094703124782 -0.0018007143327334948 0.19277625016218408 0.02402075534589425 0.5775656647254991 -1.1900020669632667 0.07156038832906286
226.0093536376953 -1 653.8614501953125 234.70201110839844 -1 693.091796875 236.68167114257812
0.9816267988128646 -0.002339674886641698 0.1891496987272733 0.025014900463812006 0.6295544686673487 -1.197465897142714 0.06518695687766102
229.49313354492188 -1 670.3518676757812 229.49313354492188 -1 632.41455078125 253.42196655273438
0.9820562852422978 -0.001866913462209337 0.18672575842778544 0.02637154507782127 0.6716740645978325 -1.2038938944630666 0.07924755270824341
226.85824584960938 -1 697.8955078125 231.18704223632812 -1 689.5122680664062 275.0301208496094
0.9823122271975054 -0.000921705006568624 0.18510081965175612 0.028275878808719426 0.7092471342921745 -1.2051666489748023 0.05341297997694592
226.023193359375 -1 708.3033447265625 247.4715118408203 -1 670.5792236328125 250.53700256347656
0.9827875733876291 -0.0011945956985169636 0.182346469225735 0.029612897475267602 0.748851407303514 -1.1987956807956097 0.043000254760580156
108.32274627685547 -1 697.9356689453125 218.41534423828125 -1 734.0881958007812 242.1935272216797
0.9830430120551581 -0.0017881213078608173 0.18094041954773946 0.02972883525466241 0.7933584741938443 -1.1855577820339414 0.04788035659458102
212.4391326904297 -1 730.5901489257812 222.5943145751953 -1 683.3853149414062 235.90216064453125
0.9831848770489373 -0.0016789052440272882 0.18039952960734784 0.028296440357322015 0.8288379781843563 -1.1859010100948182 0.05318835163231503
252.2411346435547 -1 584.8046875 275.1668701171875 -1 568.759765625 281.0426330566406
0.9834145180456566 -0.000516442458967762 0.17927768862235624 0.02747961692675396 0.8621034218173458 -1.1832220160468896 0.06907702685488605
229.98553466796875 -1 667.3160400390625 229.98553466796875 -1 728.5692749023438 245.81182861328125
0.9836307704651728 -1.7164258871414414e-05 0.17828488359490566 0.02617264566355106 0.8940794567319086 -1.1796126180823823 0.06420662204929922
208.7572784423828 -1 702.9998779296875 215.81723022460938 -1 706.9201049804688 228.36239624023438
0.9839366244711868 0.0008078251957538385 0.17680138561567932 0.02468474198924761 0.924375741261107 -1.1759638870663809 0.06417606164258222
208.8822784423828 -1 705.4015502929688 220.52606201171875 -1 877.4300537109375 223.24978637695312
0.9841258855731863 0.0014303565297742716 0.17590587820312772 0.023480149884022326 0.9516822511749107 -1.1761919322024537 0.05622967883957787
222.7413330078125 -1 552.2279663085938 243.54908752441406 -1 672.839599609375 247.8416290283203
0.9845861376612726 0.0015536049187092418 0.17359960085520287 0.021234463024252744 0.9888698123933538 -1.1816866217666822 0.06928173280555344
232.54425048828125 -1 698.1289672851562 232.54425048828125 -1 746.4175415039062 236.9914093017578
0.9849965778526425 0.0019231874732471902 0.17140338178799133 0.019973073878753377 1.01424921523179 -1.1805429023588128 0.06257178613505672
226.1019744873047 -1 873.44287109375 226.1019744873047 -1 778.80419921875 235.83660888671875
0.9854167303723471 0.002278464203032574 0.16925608165272385 0.017350934462296297 1.032205263958103 -1.1885495806754607 0.0604690930868278
203.3992462158203 -1 649.3505859375 219.4412384033203 -1 649.3505859375 219.4412384033203
0.9856967651479469 0.0029379214580695185 0.1678369662710509 0.014966915089947514 1.05295622810314 -1.2031660482946072 0.0632905841252946
220.09432983398438 -1 652.0217895507812 226.97987365722656 -1 698.0512084960938 232.5030059814453
0.9858785745909435 0.0034082760492274065 0.16673095203714355 0.01525153925639698 1.0900118904350848 -1.2154603688246453 0.06983590443849853
208.7240753173828 -1 692.1636962890625 217.089599609375 -1 711.931884765625 236.05101013183594
0.9859371252244991 0.005217033335075065 0.16640252844778894 0.01452467532904418 1.1314459283121832 -1.2305557745153854 0.06489438677523632
215.6912384033203 -1 699.6957397460938 215.6912384033203 -1 665.2517700195312 227.42018127441406
0.9858480370988167 0.006952130983600957 0.1670788769072827 0.011830659939241718 1.1696637215946828 -1.2490237761646497 0.06100602140323233
222.78713989257812 -1 677.271728515625 263.4235534667969 -1 730.9189453125 273.4931335449219
0.9858370873757836 0.0034684628567158613 0.16687129060549563 0.016345619948459233 1.2937293577759048 -1.2491976963848663 0.0774469600396526
208.66046142578125 -1 838.7296752929688 215.13424682617188 -1 744.4993286132812 218.9062042236328
0.9858753553084645 0.005686161868298357 0.1669645877271173 0.011843893098561046 1.2433765521275906 -1.2626856003838351 0.07104122009820237
193.33209228515625 -1 701.9188232421875 225.8117218017578 -1 673.3741455078125 248.05616760253906
0.9857354805260679 0.0014710296819582397 0.16718690671446093 0.019285661175263657 1.334118336075392 -1.2357693813429365 0.09741551522605177
204.2980194091797 -1 647.0589599609375 218.32676696777344 241961 652.6046142578125 226.974609375
0.9853801735711518 -0.0009987436491547088 0.16803201068613674 0.028109774612831807 1.3882034875020839 -1.204013414200624 0.10250879612125742
201.03897094726562 -1 758.4122314453125 218.4044952392578 -1 758.4122314453125 218.4044952392578
0.9847538789202381 -0.0054703501449267205 0.16931032802460216 0.0395459991027992 1.4484815888747642 -1.158795990628492 0.1140952889358159
263.849365234375 -1 869.858642578125 268.2873840332031 -1 802.822509765625 296.2738952636719
0.9822750134814483 0.0018435942638887414 0.18704417671657497 0.012119199917046625 1.360878021210199 -1.321936912214055 0.07907340150233118
204.96041870117188 -1 835.1712036132812 209.0322265625 -1 873.3803100585938 225.80690002441406
0.9844501733983647 -0.009355509591561907 0.16929431629032793 0.04593217835028523 1.490627959026269 -1.1113127361926054 0.13005538465345676
197.86705017089844 -1 660.9400634765625 219.88705444335938 -1 660.9400634765625 219.88705444335938
0.982287474071835 0.0014752573782557572 0.18698826269941865 0.012022125847582768 1.40188050338249 -1.3100555288464422 0.07280968633474785
218.8878173828125 -1 692.8228759765625 231.09901428222656 -1 852.037109375 239.2479705810547
0.9822584371963559 0.00045331514415884597 0.18698789305409186 0.014271822348402791 1.3252151846218043 -1.3421492084648936 0.08493568892851402
226.9293212890625 -1 758.4015502929688 233.53199768066406 -1 766.0431518554688 233.63442993164062
0.9824607260705556 -0.0011248270078425082 0.18573746048460227 0.016469737880433735 1.2761589169119203 -1.3556269753943249 0.11262311998729674
193.6583251953125 -1 767.3087768554688 193.6583251953125 -1 756.19970703125 205.10610961914062
0.9824346953048338 0.0032250097075005413 0.1861171377145367 0.013117919904960206 1.4593997206771379 -1.2904630240531774 0.07233669342752316
220.03475952148438 -1 660.8955078125 220.03475952148438 -1 734.30419921875 223.2173309326172
0.9841623104371141 -0.014720256952777892 0.16973980656111995 0.048951596694278336 1.5226084874106072 -1.0611707333183378 0.14044556533869365
228.14212036132812 -1 768.2880249023438 236.22630310058594 -1 805.395751953125 235.99900817871094
0.9836174173954411 -0.01808184057629825 0.17194882002334905 0.05102378396663628 1.552301974136363 -1.0205641083822603 0.1530866349088563
237.50820922851562 -1 863.969482421875 253.27008056640625 -1 885.5354614257812 264.55352783203125
0.9823961479747679 0.00394747805475406 0.18627368997618343 0.013577123554046859 1.5102365345666233 -1.2804886291962632 0.07041169153477451
223.5897674560547 -1 815.3479614257812 223.5897674560547 -1 728.1912231445312 227.9552764892578
0.983124809532842 -0.02196644315763488 0.1758517431112218 0.045378945566864885 1.5686574861913556 -1.0300905527400546 0.17329445258574575
265.0935363769531 -1 823.3560180664062 306.9129943847656 -1 810.8223266601562 310.6232604980469
0.9820130441759459 0.005670434752531016 0.18828634185047344 0.012902740428913935 1.561121333572711 -1.2756954724416 0.0475025619982064
201.54397583007812 -1 652.513916015625 227.15750122070312 -1 846.2611694335938 229.4393310546875
0.983635469849623 -0.0009914799610867392 0.17990304251887942 0.009755752848877735 0.5381264700902763 -1.2662720708318793 0.11473425243482846
229.30763244628906 -1 666.8773803710938 230.08633422851562 -1 620.557861328125 232.70945739746094
0.9829576980937804 -0.004636543445257483 0.18313553247971603 0.015298462877932576 1.192973244788799 -1.3799440158313894 0.1200793155735124
222.81668090820312 -1 773.7070922851562 227.89044189453125 -1 697.8244018554688 232.68650817871094
0.9875045427551277 -0.02962931302579872 0.15428623549382098 0.012354731269878015 0.40320953222894357 -1.019211080944168 0.14992979374967005
210.4580841064453 -1 804.8489379882812 235.68312072753906 -1 804.8489379882812 235.68312072753906
0.9815035759344212 0.007769544795280443 0.19074524124660486 0.01437419713905714 1.6101988024754295 -1.2641675174026028 0.03129424570409382
219.91029357910156 -1 751.5827026367188 222.74740600585938 -1 665.135498046875 227.28518676757812
0.9822378764314369 -0.021893061668119163 0.1817576667196614 0.04115335396880768 1.6435458178127216 -1.035001515838445 0.1552808207903889
250.670654296875 -1 834.0253295898438 303.2529296875 -1 737.9942016601562 310.271484375
0.9825782095053612 -0.022021721528374175 0.17962079604048126 0.04232582681943893 1.6039288961064304 -1.0298403503291331 0.1657141110784849
97.36884307861328 -1 490.4340515136719 97.36884307861328 -1 673.184814453125 247.76480102539062
0.9819175480996402 -0.0211712498765937 0.18425781099237218 0.037931069072107554 1.680468835637874 -1.0538972007800291 0.1304934027210069
245.0622100830078 -1 701.9396362304688 245.0622100830078 -1 858.6493530273438 254.8566436767578
0.9816260199322687 -0.020398193930897535 0.186820870169603 0.033048950745267605 1.711504982298049 -1.0803464919149026 0.1056571717558588
263.6446838378906 -1 937.9993896484375 266.0289306640625 -1 722.1666870117188 289.0481262207031
0.9812947794121883 -0.01935148596824018 0.18904360414933793 0.030799214591188666 1.7475076138249903 -1.098891522308452 0.08699733312562595
230.4162139892578 -1 757.6818237304688 230.4162139892578 -1 846.1504516601562 268.070556640625
0.9814167973709146 -0.015012545547719199 0.1896935888352169 0.024739354664391016 1.7675248163869155 -1.1329921692531877 0.05172652290801812
227.6924285888672 -1 918.7445068359375 228.46035766601562 -1 804.6072387695312 236.08705139160156
0.9814211566401753 -0.012713860113830341 0.19010731137068848 0.02258497782763318 1.8025830027235026 -1.159243219207052 0.040020431698170315
236.50096130371094 -1 845.444091796875 247.4175262451172 -1 769.3883056640625 262.14483642578125
0.9807435157482657 -0.0005699076578188737 0.19513013859742678 -0.00812776315734178 1.750958894623194 -1.2333427839173323 -0.0006399474553364872
215.3894805908203 -1 699.0851440429688 215.3894805908203 -1 893.2698364257812 220.9043426513672
0.9814871503735729 -0.009398628239691205 0.19023283480543907 0.020152121492837155 1.8371402039664473 -1.186715897645416 0.0077218479582460775
197.8764190673828 -1 766.4327392578125 233.41665649414062 -1 766.4327392578125 233.41665649414062
0.9812377115584563 -0.007108681776765598 0.19088265312060557 0.026188409584374038 1.9303863318173178 -1.1886025670873372 -0.0112224036610047
205.2659912109375 -1 882.0905151367188 215.98219299316406 -1 877.0987548828125 222.3791961669922
0.9811195948584949 -0.0022663569532613568 0.19334048701318335 -0.004319756054285058 1.812009741016071 -1.2123929458578315 -0.0010776357300102451
222.3303985595703 -1 842.5261840820312 226.45323181152344 -1 820.0121459960938 228.1316680908203
0.9817501490925818 -0.0028892489381146477 0.19004809809056072 -0.006325931506722003 1.8462959613217371 -1.209630267635972 0.0038024463335700007
222.79457092285156 -1 874.5087890625 246.34988403320312 -1 721.2456665039062 247.5713348388672
0.9815003892668852 -0.006003523159268202 0.18966680928333537 0.025444941243944592 1.964297903785606 -1.2029535462819123 -0.018219168187170558
221.18589782714844 -1 877.47265625 224.26763916015625 -1 877.47265625 224.26763916015625
0.9812080367239401 -0.007481837167753274 0.19137695034357216 0.023445120134907627 1.8807185625977416 -1.1888007768239879 -0.006545995481735712
206.79783630371094 -1 818.0520629882812 234.57655334472656 -1 797.5078125 237.3174591064453
0.981932064924419 -0.004089676082996975 0.18795396885128363 0.021587033512129854 1.9954463507003182 -1.228665941499954 -0.014868266530253412
225.96182250976562 -1 890.2658081054688 236.24758911132812 -1 890.2658081054688 236.24758911132812
0.9822590291143642 -0.004147328156998809 0.1866257647130105 0.017911542025987118 2.0296723436078192 -1.2526004530553674 0.00521819307259574
222.00865173339844 -1 945.4302368164062 222.00865173339844 -1 766.2730712890625 233.9420928955078
0.9823872275008914 -0.003752022734151236 0.185731024245373 0.02013067811275174 2.074093230406053 -1.2424433315710106 0.0033759767629007215
211.8083953857422 -1 1027.235595703125 231.60299682617188 -1 899.5696411132812 247.16293334960938
0.9828116124039551 -0.0032491792158813584 0.1834498527607253 0.020418836412222436 2.1087350666500875 -1.2459879792439985 0.024697084841387544
223.71168518066406 -1 710.0439453125 223.71168518066406 -1 673.8155517578125 248.0111846923828
0.9830369792885236 -0.002756142432366571 0.1822451103069291 0.020430878576376422 2.154062955649071 -1.2494019147211313 0.025018876465312864
221.83177185058594 -1 819.4946899414062 228.5914764404297 -1 819.4946899414062 228.5914764404297
0.9816163423693985 0.012512455771693297 0.18943862881927148 0.019641811397101874 2.0359793017056353 -1.2573665587300622 -0.003720193393307192
235.72879028320312 -1 778.920654296875 236.47547912597656 -1 783.0449829101562 243.88803100585938
0.9820654945902978 0.011801304609534095 0.1869505777620868 0.02139100322679195 2.086248656288472 -1.2420730890461151 0.009567517571545944
214.78878784179688 -1 849.603271484375 227.3543243408203 -1 903.8163452148438 243.0178985595703
0.9814513943526508 0.013369805340530823 0.19056641698375004 0.01608880189353425 1.979141287313983 -1.282339899942917 0.005100124798282238
220.0145721435547 -1 895.0274047851562 235.04135131835938 -1 673.4153442382812 248.0305938720703
0.9813805056111613 0.013684542538330775 0.19119048712244793 0.012297728887038582 1.856465876965585 -1.2981857063437192 0.023515680144716316
229.2755584716797 -1 928.8614501953125 231.9735107421875 -1 707.9303588867188 251.64920043945312
0.9831823123756346 -0.0019075369838847914 0.1814389152694608 0.020708016809841138 2.195799462662933 -1.2459219112951765 0.005617605977921271
235.9864501953125 -1 887.9457397460938 236.74200439453125 -1 787.7224731445312 239.3136749267578
0.983381016962893 -0.002428464987231322 0.18027465381984759 0.021375856122420368 2.24434937902483 -1.247128469790382 0.022950775407426172
240.72512817382812 -1 917.6130981445312 240.72512817382812 -1 777.3965454101562 247.57252502441406
0.9824324896742409 0.012080118192311473 0.18497511863208557 0.02155642512056106 2.148542175307138 -1.2366202364792471 0.045534243357020145
218.17559814453125 -1 758.8145751953125 218.17559814453125 -1 734.16845703125 241.83424377441406
0.981294306506717 0.014817898728351996 0.19152318108452976 0.012680102603693804 1.9068125970313703 -1.2950125333954463 0.006856648976396799
230.99266052246094 -1 766.721923828125 233.49542236328125 -1 766.721923828125 233.49542236328125
0.981200513483329 0.013022583626998702 0.19215586984734503 0.012332329015215205 1.8095477526694776 -1.2900189857437663 0.01652028364107684
201.45945739746094 -1 828.2013549804688 201.45945739746094 -1 825.1546020507812 217.15708923339844
0.9833783185178059 -0.0019630672665467293 0.18014017748523756 0.022643884198324683 2.2911198820168863 -1.2358615739948335 0.022415798490133393
201.01953125 -1 950.8850708007812 238.05923461914062 -1 922.0416870117188 245.57786560058594
0.983291037356509 -0.002695457019791355 0.18067185866721946 0.02211673238855794 2.3312189145639026 -1.2298486746027908 0.031013046797519154
237.2943115234375 -1 950.58740234375 237.2943115234375 -1 860.8096313476562 238.6524658203125
0.9823590442798794 0.0125434438473431 0.1856531503509563 0.018608543810188824 2.1807639801192447 -1.2365915010462878 0.030487635198784828
228.33160400390625 -1 866.2529907226562 239.23709106445312 -1 885.498046875 264.66998291015625
0.9813911010410438 0.008854638155688838 0.19132723534186183 0.013674472458539897 1.7234580064429317 -1.2769364589813932 0.035475995827694874
221.7899627685547 -1 832.363525390625 249.51687622070312 -1 731.0244750976562 251.20480346679688
0.9812333524148913 0.010968821022029502 0.19204953056953228 0.013333074740758294 1.7713454462645557 -1.2813299257975437 0.029174873099595527
224.62278747558594 -1 758.8652954101562 234.20376586914062 -1 758.8652954101562 234.20376586914062
0.9813585312744082 0.008527054724576592 0.19147715214291933 0.014114625035684772 1.6680570585028436 -1.2695560635965486 0.029341047800321558
215.6066436767578 -1 894.6107788085938 229.76416015625 -1 746.1236572265625 236.49493408203125
0.9832733202785181 -0.003250192121540682 0.18081543150271767 0.021651642203720806 2.3758881231626607 -1.2170913395125957 0.02731211709631082
248.92233276367188 -1 962.1281127929688 255.0458984375 -1 962.1281127929688 255.0458984375
0.9820822024390234 0.012890413476620538 0.18737583972268362 0.01544925827144772 2.219828379456704 -1.2388265759899462 0.025266631076940126
222.94461059570312 -1 890.5423583984375 236.32644653320312 -1 801.5128173828125 248.21905517578125
0.983037758065112 -0.005554361947116783 0.18225047122511892 0.01976565252909459 2.4199029556813327 -1.2162368436648197 0.07027451894007362
236.10487365722656 -1 887.7160034179688 236.18760681152344 -1 887.7160034179688 236.18760681152344
0.981628159596739 0.013316153274859714 0.1898066071306916 0.014222806973835055 2.2676508475057675 -1.2327036733566 0.0195433909960937
201.46170043945312 -1 757.1965942382812 205.38645935058594 -1 885.717041015625 221.95993041992188
0.9811455701456112 0.012902413164239237 0.19229112467801984 0.014526571799466849 2.330419350497259 -1.2223327379215965 0.014603116676092508
236.36231994628906 -1 993.2700805664062 257.2530517578125 -1 869.9785766601562 262.33349609375
0.981680353405713 -0.004701768061860093 0.18927646282520516 -0.02135410346293442 1.8421393448880488 -1.2394523507658965 0.05389941885030577
233.32693481445312 -1 673.5582885742188 247.9546661376953 -1 673.5582885742188 247.9546661376953
0.9808739858263605 0.012868906987323148 0.19364043672099088 0.014966510233333173 2.393295366240311 -1.20685036616022 -0.030651504054457726
233.76309204101562 -1 766.3738403320312 233.76309204101562 -1 921.0794067382812 245.61131286621094
0.9829620107143352 -0.006097758988971873 0.18279911594878745 0.018247904977980792 2.4811680849184086 -1.2072962827169844 0.03226358671973192
237.3722686767578 -1 962.0433959960938 255.39341735839844 -1 1008.12158203125 284.6759338378906
0.9805780757044754 0.012451570852058787 0.1951932806312852 0.014532000117692175 2.4412344732183993 -1.1984288946997024 -0.01983523776355
201.6140594482422 -1 828.5731201171875 201.6140594482422 -1 897.1909790039062 248.14500427246094
0.980802642313437 0.012344897128055117 0.19411152380838748 0.013946206317991906 2.4971077225963434 -1.199483356066132 -0.0001227224589527746
283.5500793457031 -1 1039.3846435546875 284.8138122558594 -1 920.5789794921875 332.439453125
0.9825497905415029 -0.007726269328794721 0.185057651381076 0.017025849007546993 2.5376543078825633 -1.2096785626192068 0.029562415550631858
248.029296875 -1 943.5584716796875 248.029296875 -1 993.0433349609375 258.85198974609375
0.9806469363248919 0.0007031105304017409 0.19565289735133987 -0.007143925406371835 1.6664299490336965 -1.2257412551044542 -0.0025570737815551617
236.22561645507812 -1 888.0702514648438 237.0576934814453 -1 888.0702514648438 237.0576934814453
0.9824800813818042 -0.007295631976347407 0.18545406724925245 0.016924904217721363 2.5906829936849145 -1.2167982887735485 0.027427064315324493
237.40090942382812 -1 962.0670166015625 258.5095520019531 -1 1021.8560791015625 274.6675109863281
0.9820817149081736 -0.006952919397633244 0.18754826346954107 0.017111721842950543 2.637872162059673 -1.2248982827275003 0.024985570147841665
241.93527221679688 -1 992.90185546875 257.1095886230469 -1 992.90185546875 257.1095886230469
0.9804708668695177 0.012552835805965456 0.19576843485232392 0.013929301807214387 2.5381478948255554 -1.1998676830491255 -0.01766136642648337
246.1005401611328 -1 932.0679931640625 246.1005401611328 -1 863.6188354492188 249.5868682861328
0.9819141701444278 -0.007468468503094099 0.18837134181844042 0.017464879882732168 2.683779166992245 -1.221048233847565 0.010980448455034635
236.04510498046875 -1 999.6024169921875 253.94215393066406 -1 1033.8275146484375 266.95513916015625
0.9818271461223235 -0.00786449124440551 0.18889520686401037 0.016498658689819753 2.7163899041535573 -1.2087968512914855 -0.048733791811222095
225.86585998535156 -1 873.5255737304688 225.86585998535156 -1 863.2181396484375 249.09603881835938
0.9818707397555826 -0.009930201807741896 0.18866596559922416 0.015375139947170147 2.7445041585033825 -1.1982093043510347 -0.03813883813632326
214.68051147460938 -1 887.744873046875 232.66831970214844 -1 722.4303588867188 289.1626281738281
0.9821225732286072 -0.010870405194679505 0.18733795268569992 0.014885460330576564 2.7753171995755124 -1.1836549714507552 -0.04356863420201517
222.01504516601562 -1 886.2914428710938 222.01504516601562 -1 877.1299438476562 222.69224548339844
0.9825418268714482 -0.010679904215478816 0.18523859123322958 0.013570645231304728 2.789388754614794 -1.1846896556275506 -0.030009933540297278
246.41529846191406 -1 897.1395874023438 257.4527587890625 -1 897.1395874023438 257.4527587890625
0.9831106956304921 -0.011130245535720696 0.18224983149672702 0.01242886522008173 2.8034189510769165 -1.1905321821219952 -0.009874302441180262
242.04058837890625 -1 1059.122802734375 242.04058837890625 -1 870.4490966796875 261.6849365234375
0.9839846503675419 -0.012974177445675372 0.17769869717611747 0.005389952002116585 2.8459931387069 -1.2239684226174223 0.011275593772755586
221.34727478027344 -1 962.0543212890625 255.68643188476562 -1 962.0543212890625 255.68643188476562
0.9836106908038346 -0.011747285327379267 0.17975908093326937 0.007660486007220506 2.813085292475855 -1.2145111369828023 -0.003022759889604724
249.70953369140625 -1 896.8986206054688 257.0902404785156 -1 993.1520385742188 257.0491943359375
0.9801364199866331 0.011415777561898018 0.19731721237805175 0.016376688853324543 2.6291252343054503 -1.1771153348346997 -0.018585655156837518
346.95330810546875 -1 1157.0428466796875 346.95330810546875 -1 990.2965087890625 347.2832336425781
0.9801302268271477 0.01214040037369092 0.1972813019319301 0.01665644159397056 2.672278311909521 -1.159411068718833 -0.024933430835942252
257.171630859375 -1 913.9241333007812 273.64166259765625 -1 722.3528442382812 289.1385803222656
0.9840638246374339 -0.014128315065002797 0.17719566366857056 0.004525100045810232 2.882460974058229 -1.2130197533419673 0.028328603579834296
250.02330017089844 -1 993.1122436523438 257.2545166015625 -1 993.1122436523438 257.2545166015625
0.9803523807864967 0.01266509648811176 0.19629302508589508 0.014759848231702885 2.5853587166444076 -1.1919476885657876 -0.004097867783219362
201.5486297607422 -1 1055.929931640625 231.51425170898438 -1 830.3250732421875 241.23536682128906
0.9798879200353802 0.012542816458564778 0.19851831588381588 0.015900320206740808 2.7149005434408884 -1.1525613773990862 -0.046075757553670646
267.889892578125 -1 1144.1334228515625 280.88848876953125 -1 897.3561401367188 339.8232116699219
0.9878904886141305 -0.006877666098572295 0.15241507301216378 -0.028190880324456737 2.559097751705102 -1.3140789113080065 0.28718117483184347
243.24916076660156 -1 863.6355590820312 249.50057983398438 -1 721.8214111328125 289.1982421875
0.9881465922615651 -0.007420769891469105 0.15134947773773208 -0.0245882078360741 2.5852446779646314 -1.2891120314070104 0.28629176948261237
274.7394714355469 -1 653.979248046875 324.3985595703125 -1 1066.6766357421875 342.5038757324219
0.9887676374539061 -0.01149930767260902 0.1475748164287914 -0.020688127099387943 2.6029517396941855 -1.25215690804512 0.3068534957476452
271.056640625 -1 859.5874633789062 285.40252685546875 -1 859.5874633789062 285.40252685546875
0.9842659633673151 -0.01921057057996898 0.17548520279180868 0.0075107213848513606 2.925750342499156 -1.171829194234478 0.04929647139195414
292.5655212402344 -1 680.04931640625 292.5655212402344 -1 782.9022827148438 311.75347900390625
0.9878533482224511 -0.006152600842011047 0.1526361398795421 -0.02846254927522361 2.503003970559206 -1.300500563480683 0.29647601526372797
163.8539276123047 -1 528.3357543945312 163.8539276123047 -1 800.60791015625 248.23147583007812
0.9893957530121901 -0.01571487770205684 0.1426550199221958 -0.02233006563467754 2.5949404341790716 -1.2288090667243257 0.35983106113314833
259.3979797363281 -1 813.666259765625 259.3979797363281 -1 721.9725952148438 289.0077819824219
0.9796437228251004 0.013596140428968837 0.19984107023309491 0.013299170760051927 2.770734791000401 -1.1558384273771285 -0.07024853686545467
261.99920654296875 -1 990.45556640625 279.3597106933594 -1 1005.4293823242188 356.2467956542969
0.9905659220546806 -0.02488709796121574 0.1344412991043715 -0.009237072813302376 2.63973531312493 -1.115197075962522 0.41808429436223504
220.6124725341797 -1 805.1640625 235.77940368652344 -1 805.1640625 235.77940368652344
0.9901564513733426 -0.022455293359287188 0.13728786173090496 -0.015427398525153277 2.615497396710996 -1.1691754354814516 0.41264898489735347
215.6175994873047 -1 702.7564086914062 215.6175994873047 -1 673.3327026367188 247.8488006591797
0.9844034264150272 -0.024345488657576964 0.17384106663833693 0.011682242696638383 2.960808500594346 -1.1073223759664927 0.08417779506501347
243.6893310546875 -1 551.83984375 243.6893310546875 -1 1008.8023071289062 274.72491455078125
0.9839690576087409 -0.031130181994229483 0.17426615614456906 0.02161278001945979 3.00062544320241 -1.002820746522089 0.0592111090962546
255.6297607421875 -1 962.3740234375 255.6297607421875 -1 757.880859375 283.5826721191406
0.9909800286415552 -0.023767617635931645 0.13153853006719451 -0.009555014037479515 2.680894926982866 -1.1123834985304695 0.43375814132076396
97.28478240966797 -1 766.355712890625 233.68991088867188 -1 766.355712890625 233.68991088867188
0.9861200504844416 -0.0045930537990654 0.16586024094719143 -0.006044035266363012 1.0982666455283663 -1.1559736730042216 0.16969734362013028
229.1569366455078 -1 608.5122680664062 251.8549346923828 -1 717.8057250976562 252.60250854492188
0.9880175229868469 -0.013911043905321264 0.15093044535748498 -0.02911799774351048 2.3592838452804954 -1.2722400005819652 0.35976148056216295
233.54653930664062 -1 995.3276977539062 340.8379211425781 -1 995.3276977539062 340.8379211425781
0.9881369797105846 -0.009422365111639644 0.150355580104014 -0.02982830695383717 2.4302398646609 -1.29077371705855 0.3526211703142593
270.808349609375 -1 1032.05712890625 270.808349609375 -1 990.324951171875 278.9810791015625
0.9837030981954659 -0.029962844671999944 0.17692534829070886 -0.011307681991227395 2.04125385482605 -1.0578064195038912 0.17815504015079317
236.50045776367188 -1 774.7647705078125 271.7767028808594 -1 777.600830078125 272.2148132324219
0.981817734348035 -0.024486610136686335 0.18746131603377822 -0.017105479665581066 1.9801136469263338 -1.1129466186393948 0.13224974188491076
233.4373779296875 -1 950.1260986328125 237.89073181152344 -1 1069.4539794921875 288.15679931640625
0.9859812490938256 -0.030193881261037996 0.16408683563398938 -0.0021946164580986076 2.093241649171254 -1.0178731475076574 0.27677696325412093
333.1535339355469 -1 799.7998657226562 340.1246337890625 -1 823.8198852539062 346.3109130859375
0.9879663475568113 -0.024141953287597585 0.15242681703563238 -0.010282394424406718 2.126454471487135 -1.0695088853839918 0.3579941672101124
289.08099365234375 -1 1465.1663818359375 312.9516296386719 -1 738.4680786132812 332.0714416503906
0.9859767375666655 -0.0016895732978944868 0.1668542320354301 -0.0025852603994271067 1.1799846773927765 -1.1637985346705142 0.15605830340806356
230.1702880859375 -1 667.3138427734375 230.1702880859375 -1 695.9003295898438 249.6905517578125
0.9860050722221129 -0.008024374881034383 0.1660291043589929 -0.012804040994367391 0.9978435293899072 -1.129559974490606 0.19779889519295807
289.0766296386719 -1 645.1828002929688 289.3326721191406 -1 730.7269897460938 337.9733581542969
0.9846487537199158 -0.007746467802779229 0.17364773258676464 0.01591505582373945 0.8834161799437107 -1.4276377810220344 0.11047252742507858
220.10189819335938 -1 660.6719970703125 220.10189819335938 -1 687.22607421875 222.50628662109375
0.9841577088459802 -0.0029645917752626105 0.1770910219844676 0.00797403581216249 0.7431501109236751 -1.4164821620882442 0.11546209251185725
248.0690155029297 -1 554.13720703125 248.0690155029297 -1 652.6112060546875 250.1709442138672
0.9845296828226342 -0.006162231035816568 0.17465348226386648 0.012629001660063439 0.8156446735990345 -1.4299591496043653 0.12118749641127982
222.17745971679688 -1 735.604248046875 222.17745971679688 -1 694.427978515625 222.98751831054688
0.9848254311695878 -0.00676181625670008 0.1726448653351495 0.01633702653344204 0.9574379505868351 -1.4181155107730243 0.1058293208689476
211.74537658691406 -1 718.0309448242188 213.8437042236328 -1 740.0264892578125 255.9311065673828
0.9839253066396972 -0.0014869815410206043 0.17853385289977527 0.0038004221654775244 0.6822902278074415 -1.3858408292779607 0.1186467712251183
210.2631072998047 -1 549.5711059570312 278.32666015625 -1 363.9911193847656 353.6231384277344
0.9837847211934809 -0.0017786795625335434 0.1793149623310847 0.0032562139795404453 0.6320504518390035 -1.3370452304883393 0.11678658263810235
258.8221435546875 -1 562.7896118164062 258.8221435546875 -1 508.9313049316406 286.516845703125
0.9844061225814824 -0.006004564056801913 0.17506005698555743 0.016202082668372808 1.037111951234703 -1.4107532757385728 0.12571399762716634
228.71485900878906 -1 593.4005126953125 240.348876953125 -1 509.3680114746094 292.42022705078125
0.9837220869747374 -0.004629540047440788 0.17890046021668596 0.016249562802569034 1.1205850460107414 -1.3899398156061167 0.10286321710472471
205.28468322753906 -1 617.811767578125 217.43431091308594 -1 656.173828125 226.2740478515625
0.9837027824472229 -0.002183179410456681 0.17969824143421423 0.005710653089126321 0.5777389212092426 -1.3040168040402624 0.12496910241025222
217.86663818359375 -1 653.3147583007812 217.86663818359375 -1 595.5827026367188 222.28883361816406
0.9811368751456844 0.004934663086581578 0.19292102251746954 0.011294264048520068 0.020636686700291767 -1.1182939144585422 0.08487408829939021
249.9895477294922 -1 722.0655517578125 289.1150817871094 -1 722.0655517578125 289.1150817871094
0.9795180190768619 0.011978151312464613 0.200680228168924 0.011332264422664069 2.8526755915910793 -1.1529460084111107 -0.07697005745401536
274.4532470703125 -1 1096.00341796875 274.4532470703125 -1 722.2222900390625 289.1342468261719
0.9833379791838089 -0.035845042766094 0.1765044840381046 0.02465195161122613 3.0407678085176855 -0.9420124022735623 0.08016966816129366
238.85350036621094 -1 656.0222778320312 282.4532165527344 -1 918.9361572265625 287.6618957519531
0.9910261412664255 -0.022881665353114016 0.13135375582799272 -0.009476684395238305 2.754111323819601 -1.1239286588135964 0.46277453399891066
272.6325378417969 -1 798.8715209960938 343.13360595703125 -1 798.8715209960938 343.13360595703125
0.9795076794399941 0.00917445868360408 0.20068065702000512 0.014415586146939795 3.02447501788149 -1.0863537856549943 -0.10093818244232025
277.2132263183594 -1 722.1219482421875 289.1368103027344 -1 722.1219482421875 289.1368103027344
0.9795337882576678 0.010344197215614383 0.20065620029171882 0.011985179599674524 2.9504882320634933 -1.125014688221219 -0.07276585289048872
147.30860900878906 -1 59.904972076416016 147.30860900878906 -1 1087.9588623046875 314.859375
0.9880944251059139 -0.02133771067414924 0.1511608186441164 -0.01909230433028668 2.1769912329709906 -1.151435429225403 0.38129903253870234
271.2349853515625 -1 777.3678588867188 272.0329284667969 -1 509.179931640625 292.0829162597656
0.9881228266470411 -0.016248886983920213 0.15081233820377737 -0.024594547695676462 2.2781265756876556 -1.210609192104791 0.3694146482488976
261.87091064453125 -1 779.8937377929688 261.87091064453125 -1 722.0126953125 289.0587463378906
0.9816377881953051 -0.014484710033145652 0.18864956588655543 -0.02426493876149702 1.8995395317187764 -1.203234480829454 0.13424709054172534
215.2069091796875 -1 767.9526977539062 236.19418334960938 -1 767.9526977539062 236.19418334960938
0.9826524303095538 -0.0391141246088379 0.1792739819490287 0.026928161076297183 3.099651344090652 -0.8941661716101734 0.09016824522400646
232.86732482910156 -1 925.5953369140625 256.11773681640625 -1 843.4380493164062 269.4617004394531
0.979535622904384 0.007174418790613255 0.20059491404504384 0.014838181681014051 3.076712183678601 -1.0762311043777426 -0.05451293061114879
222.414794921875 -1 721.2533569335938 232.88194274902344 -1 698.5853271484375 236.15867614746094
0.9910496185326494 -0.0175726279860469 0.1317798429929059 -0.012080121386782017 2.8231539109202073 -1.1472811985839746 0.4717643804203599
248.62391662597656 -1 1527.8797607421875 357.49884033203125 -1 776.8473510742188 358.1288146972656
0.9909353229731828 0.0011968554223327496 0.13225505627565035 -0.023544708761349783 3.1077665087345845 -1.3503533196202238 0.4074886160300376
216.93209838867188 -1 945.9668579101562 270.8643493652344 -1 945.9668579101562 270.8643493652344
0.9793323521389906 0.006791150362339992 0.20165279143895934 0.014077501040445126 3.143416339596087 -1.0782131509469164 -0.05060677841937782
287.7499694824219 -1 1096.3619384765625 287.7499694824219 -1 1001.921875 340.2476501464844
0.979267699700219 0.009862293908045173 0.20202413312104042 0.011124617719519616 3.1812010625205924 -1.0986103958971163 -0.09211378415884595
226.9823455810547 -1 776.9956665039062 273.7247009277344 -1 722.27392578125 288.99560546875
0.981341560082462 -0.040671846447518756 0.18557399607964475 0.0296114055813188 3.1467624776560363 -0.860421604267569 0.01412835859563365
90.10305786132812 -1 655.9259033203125 90.10305786132812 -1 610.255859375 249.93423461914062
0.9907979874104775 -0.006411743691821872 0.13329692701145301 -0.022586875292544703 2.956646430907593 -1.263891209399033 0.39806978245980484
315.4945983886719 -1 913.0423583984375 363.43585205078125 -1 888.0888061523438 364.7113037109375
0.9909488236940509 0.005653274932008955 0.13181445637946065 -0.02476728469790611 3.1850498345018017 -1.3775324217763885 0.37223092459819784
247.67051696777344 -1 722.2916870117188 289.2811584472656 -1 722.2916870117188 289.2811584472656
0.9909218228074558 -0.0029946099981454175 0.1327058466843097 -0.021310364865686694 3.0424377168151864 -1.2992433631453335 0.37784682654364726
323.07470703125 -1 486.95623779296875 348.69970703125 -1 964.275146484375 355.38140869140625
0.990802542858034 -0.013280362640391502 0.13319552822444955 -0.01982181362043202 2.8796155090638 -1.2221554486309374 0.3936800551186526
260.92578125 -1 900.7378540039062 283.0392150878906 -1 1165.7967529296875 350.4598693847656
0.9905596505085807 0.011256626185608857 0.13393787094296566 -0.02693536482955578 3.31911806343772 -1.4264910044049937 0.3362626889802962
233.36167907714844 -1 609.9501342773438 353.84588623046875 -1 416.65032958984375 358.18463134765625
0.9905866503917766 0.006296515779289643 0.1343499023655783 -0.025466560211405545 3.2479286947412116 -1.4061350693140031 0.3485954550292195
225.95262145996094 -1 655.8624877929688 225.95262145996094 -1 766.4058837890625 233.79434204101562
0.9787694315765643 0.01418560390745822 0.20419794002817965 0.010600459486167873 3.223581662888239 -1.1010530755385919 -0.1424610705679982
222.15354919433594 -1 727.524169921875 235.2818145751953 -1 993.2393188476562 257.0887451171875
0.9904046419240248 0.011106431943882989 0.13488792430459315 -0.02793815136365509 3.374829114898016 -1.4351496541785966 0.340831888309619
349.958984375 -1 1172.7509765625 349.958984375 -1 804.5978393554688 363.90447998046875
0.9798891589388844 -0.02748656292044763 0.1965975896528754 0.020275916638855914 3.3517309368973818 -0.9790868212095447 -0.15010356465857058
247.6976776123047 -1 786.9388427734375 286.9553527832031 -1 784.5108642578125 302.5897521972656
0.9806334612613017 -0.024484077333212166 0.19321955210549452 0.020609446765317452 3.38291471813434 -0.9920901790030745 -0.13096616674292952
253.44606018066406 -1 765.4304809570312 253.44606018066406 -1 743.480224609375 260.157470703125
0.9815491235944346 -0.02614544887063126 0.18732651492360985 0.028044790620101713 3.450248439836742 -0.9377221197438573 -0.049656534432302626
233.42910766601562 -1 766.5407104492188 233.42910766601562 -1 748.5562744140625 235.50039672851562
0.9809950622369328 -0.025163273801627275 0.1907192921653544 0.02533079379504496 3.418911549975913 -0.9649015180702522 -0.090117525569904
235.8396759033203 -1 805.3325805664062 236.27418518066406 -1 706.6647338867188 265.5957946777344
0.9791187960297941 -0.03198022929077919 0.19891191445756953 0.027160605341196277 3.332385632180147 -0.9173582000411568 -0.11253998411554735
230.72731018066406 -1 993.1892700195312 257.64208984375 -1 993.1892700195312 257.64208984375
0.9790049050773381 -0.03175449428034241 0.1988224516353547 0.03179120402279988 3.302250951244807 -0.8694636943513544 -0.09285388774949302
235.89291381835938 -1 733.828857421875 242.88392639160156 -1 673.6487426757812 248.09146118164062
0.9819474074904744 -0.027642602947883618 0.1849772354037056 0.028259472879090575 3.476619082718432 -0.9222016555925419 -0.04469823932389417
227.5412139892578 -1 766.5780639648438 232.96151733398438 -1 768.0777587890625 235.9662628173828
0.9820680899278834 -0.027844798114305874 0.18432222739919935 0.028146943883309794 3.508741891708187 -0.9082004576414808 -0.03210955192776293
238.20558166503906 -1 760.4855346679688 238.20558166503906 -1 801.835205078125 245.9599609375
0.979283553200774 -0.033824525529757545 0.19710724521325798 0.031754649857845006 3.2512725926949324 -0.8524088302215441 -0.06059007486916983
287.97052001953125 -1 725.03564453125 308.5283203125 -1 1155.1785888671875 315.3516540527344
0.982027822245949 -0.026360036849272458 0.18479498233027086 0.027880446512542727 3.5512925812861846 -0.8945061750607495 -0.036035815763280465
205.11126708984375 -1 881.92236328125 276.7524108886719 -1 722.0730590820312 289.4073791503906
0.9897855443123067 0.004948723163988109 0.1401734455458689 -0.025524332963590104 3.48515864517423 -1.39633380346015 0.2971451913307923
219.86236572265625 -1 660.00390625 219.86236572265625 -1 743.8762817382812 235.29183959960938
0.9901304639393804 0.00869699195272814 0.13750486313047322 -0.02566007259598614 3.4369060303915577 -1.4118133199928757 0.3252345081684483
280.1846618652344 -1 971.0131225585938 285.1762390136719 -1 677.7301635742188 347.2666931152344
0.9778875822815706 0.015318352612256772 0.20828187505545878 0.010949201620832433 3.2699992198110475 -1.1058046040283045 -0.1656777482899983
215.35755920410156 -1 722.4596557617188 288.8968200683594 -1 722.4596557617188 288.8968200683594
0.9770986579525662 0.01236364520884642 0.21193847583118172 0.014402616665016136 3.317079335535505 -1.0887810058983909 -0.17898731210165522
204.36631774902344 -1 747.06640625 204.36631774902344 -1 509.0195007324219 286.6482849121094
0.9893460346491517 0.0032182067523344876 0.14179913175837322 -0.03281879190144672 3.5055466869248524 -1.4173626572563143 0.2655107171304665
245.939697265625 -1 843.1351318359375 269.0891418457031 -1 722.1700439453125 289.270751953125
0.9815713890351125 -0.025000052634016463 0.1876969346535906 0.025738421039804574 3.595707258349115 -0.9019261770632129 -0.036356984246369704
259.03778076171875 -1 992.9552001953125 259.03778076171875 -1 750.5018920898438 262.16204833984375
0.9769581266625981 0.007799367665465202 0.21228041969650563 0.02071260547109993 3.4345056098022697 -1.0514167358608248 -0.1346671102702383
236.0796661376953 -1 777.3994750976562 271.9664001464844 -1 859.4813842773438 285.2518615722656
0.97801047165948 0.004991175639689216 0.20716935546026607 0.023483263153007774 3.491702900473299 -1.0375242404692113 -0.11754008465412759
224.92813110351562 -1 786.04443359375 247.01498413085938 -1 786.04443359375 247.01498413085938
0.9767236609387306 0.010569289511547338 0.21347272908212053 0.01812661633885986 3.3751098410563762 -1.0587331762935457 -0.192461563528277
224.4019775390625 -1 814.2086181640625 292.4538879394531 -1 814.2086181640625 292.4538879394531
0.9790091849783594 0.0012756258445412105 0.20236245245726356 0.024265744212670453 3.5384882977796357 -1.0344070720534952 -0.09945101289131815
164.3949432373047 -1 1412.1556396484375 164.3949432373047 -1 774.5964965820312 272.2674560546875
0.9814810070846275 -0.02456340639720669 0.188644802153529 0.022467986531220764 3.6407832911218625 -0.9157906381439471 -0.0925186684031033
231.90834045410156 -1 790.4718017578125 231.90834045410156 -1 805.0529174804688 236.01934814453125
0.981403390946735 -0.023497086209598804 0.18937281834276654 0.020813621761391555 3.6851192711451484 -0.9069721161344356 -0.06165634446360267
233.4855194091797 -1 783.572021484375 244.4237060546875 -1 783.572021484375 244.4237060546875
0.9893473438296156 -0.0025936280836723084 0.14258502885615518 -0.029233814269394084 3.5598166471134682 -1.364911714310581 0.27588678901050384
254.6752166748047 -1 993.2905883789062 257.07220458984375 -1 563.1582641601562 270.1033935546875
0.9889815213569629 -0.008391755029074821 0.14582894469918697 -0.02406341102006311 3.6587683513324016 -1.2746152110106195 0.33117714620888883
232.3724365234375 -1 698.1055297851562 232.3724365234375 -1 758.5880737304688 251.56317138671875
0.9892652588528573 -0.0075397534127947365 0.14400573545418252 -0.023658991981133214 3.6203351458786215 -1.2911206616578945 0.3009511719161716
232.79238891601562 -1 698.0426025390625 232.79238891601562 -1 701.8262939453125 243.9005889892578
0.9817407433393471 -0.02325576110691343 0.18787635486062776 0.018621431930117744 3.736813898307936 -0.9076738670040136 -0.006846018030706364
236.61459350585938 -1 734.1846313476562 243.01036071777344 -1 956.8081665039062 311.8767395019531
0.979972194106231 -0.03761456312684269 0.19284730966201116 0.03239689144841799 3.2034060464620855 -0.8416391488556267 -0.006643672162076912
257.0179443359375 -1 993.1832275390625 257.0179443359375 -1 777.197021484375 271.9476318359375
0.9889013428524001 -0.006809706911000175 0.14666210129748827 -0.022759394533063814 3.7194107439376203 -1.2624555680408112 0.293529755882065
247.83883666992188 -1 777.412109375 247.83883666992188 -1 725.0584106445312 308.65142822265625
0.9817505089625013 -0.023864528033600865 0.18772029343033284 0.01890803765685268 3.7898818053126293 -0.8968375070407577 -0.05651168743231634
242.1304168701172 -1 901.9910888671875 280.7464294433594 -1 722.293212890625 289.4763488769531
0.9817537387408217 -0.023076102051548242 0.18788932331540606 0.018019216592402795 3.8383470516235327 -0.8964438550351272 -0.06633026840468002
236.1398162841797 -1 721.896728515625 288.8464660644531 -1 856.9266357421875 311.5727233886719
0.9889490952072261 -0.0039027331506946805 0.14693353303491594 -0.01936472650570389 3.7871529321701325 -1.2502309101596456 0.3025386698534433
238.51087951660156 -1 777.7974853515625 266.8844909667969 -1 685.1177978515625 270.0354919433594
0.9794513329202869 0.0020866299965393246 0.2009455463111874 0.01707688009062348 3.5772190806765503 -1.0894346635534908 -0.1262878795908756
209.28334045410156 -1 817.314697265625 210.48655700683594 -1 773.7354125976562 227.90542602539062
0.9890002311164529 -0.0018038846586463072 0.14697425133546796 -0.01654866448146232 3.8362692898235076 -1.2581932646258458 0.2850827850208692
289.2622985839844 -1 466.6739807128906 352.0018615722656 -1 760.970703125 355.5176086425781
0.9895750573238925 0.0003194211360456455 0.14331755366346147 -0.014183888905151343 3.8940673805916215 -1.2807810296882034 0.2838231579534603
233.70545959472656 -1 792.5632934570312 267.9886474609375 -1 757.3250122070312 283.3735046386719
0.9818861600078764 -0.021457785749129984 0.18746293421858534 0.017227318708655723 3.8860203212811197 -0.8966988265928529 -0.034136119242882464
233.1360626220703 -1 797.667236328125 238.21688842773438 -1 927.7887573242188 344.2117614746094
0.9822368681739075 -0.020559242817043435 0.18578248030399092 0.016520361582028006 3.969381265842368 -0.9228471441926395 -0.03365134294088414
282.71881103515625 -1 833.506103515625 322.8370056152344 -1 779.9662475585938 341.2120056152344
0.982763664170179 -0.02003056212833196 0.18315886948786125 0.015072673802458079 4.005011809529064 -0.9389865625121172 -0.029889665609937652
242.9425506591797 -1 951.2034301757812 277.559326171875 -1 918.9465942382812 287.7541809082031
0.9820352594405453 -0.02195915792026341 0.1866093486532453 0.01736362848558237 3.9323771665758365 -0.9053736986304742 -0.051620353295442616
235.88824462890625 -1 778.8477172851562 242.84475708007812 -1 846.118408203125 244.78138732910156
0.9830337992285273 -0.019498165771481283 0.1817873785497411 0.01475534160528387 4.03445494599494 -0.9452712571331043 0.003183962520607241
280.622802734375 -1 900.4437866210938 282.510498046875 -1 900.4437866210938 282.510498046875
0.9897020071836684 0.0003865763449924904 0.14270442988681187 -0.011190765211882068 3.9448273713121083 -1.2948692697491244 0.29891554206511883
205.3466033935547 -1 758.3186645507812 217.4303436279297 -1 857.6078491210938 232.28805541992188
0.9796188391131632 -0.0044328211826752196 0.20061925638919037 0.008899107640061977 3.6730635227243242 -1.1452139628043405 -0.10544507017426573
222.94998168945312 -1 818.3251342773438 222.94998168945312 -1 777.987548828125 277.2325744628906
0.9792752047829422 -0.00012629923931091268 0.20227837937347795 0.01017421170746488 3.6171977028016773 -1.1408290422317644 -0.09322688369934379
233.353271484375 -1 797.9374389648438 237.47213745117188 -1 797.9374389648438 237.47213745117188
0.9800715566476418 -0.007101407970703264 0.19814722800071344 0.012123938746760347 3.7279213718430677 -1.115986989182543 -0.05170228357303533
223.2401123046875 -1 778.7997436523438 236.98895263671875 -1 819.9080200195312 244.58615112304688
0.9831975604349718 -0.018419557758807506 0.18109225109223964 0.013743130685373674 4.069984507350079 -0.9578912649150506 -0.024652532534755467
282.99285888671875 -1 914.8341064453125 306.63836669921875 -1 904.7039794921875 314.4851989746094
0.98052773316755 -0.008223986148536951 0.19581196078813268 0.012466216484611485 3.771614937199123 -1.1158467182508416 -0.025398055243506284
222.92042541503906 -1 815.9392700195312 231.3648223876953 -1 766.5525512695312 233.40872192382812
0.9806015201656909 -0.0075047209526224335 0.19570460158632402 0.00800292009816675 3.80640147082376 -1.1488079847796593 -0.035428596485457375
226.6930694580078 -1 852.46630859375 239.1459197998047 -1 722.2597045898438 289.3463439941406
0.9897499605857888 0.0006642086207015542 0.14274055498088706 -0.004439404361669634 4.030196133556426 -1.261207259927343 0.29577865096263406
210.50181579589844 -1 766.3230590820312 233.70932006835938 -1 766.3230590820312 233.70932006835938
0.980514257581286 -0.005568794125718642 0.19634922493812138 0.002785871139171554 3.8606201900124386 -1.205991952577715 -0.07347225195962401
307.03900146484375 -1 935.0266723632812 311.27215576171875 -1 823.6171264648438 342.8824157714844
0.9809460770907618 -0.002018310356237628 0.19426878217754778 0.0006004455045101549 3.9063967625657767 -1.2551652077043562 -0.038252772875613
215.79576110839844 -1 991.9971923828125 266.8224792480469 -1 781.7113647460938 292.4215393066406
0.9897342796572232 0.00033337489031206555 0.14291935499470967 -5.0004762141518635e-05 4.116779966879408 -1.2348679467810735 0.26887254719981574
287.9235534667969 -1 722.2263793945312 289.4812316894531 -1 615.7552490234375 309.73895263671875
0.9815962990773588 0.0041804466253066745 0.19092045588317083 -0.0007804031060042663 3.9453211345812855 -1.2847654947877667 -0.08133361194138099
228.69668579101562 -1 397.931640625 330.6654357910156 -1 397.931640625 330.6654357910156
0.981748440054989 0.00845175406067627 0.18998636322833262 -0.00193651495365501 3.972735454249486 -1.3148448201706235 -0.07668182214489694
223.15869140625 -1 845.2765502929688 238.94970703125 -1 560.7730712890625 281.9015808105469
0.9894099374448984 0.003089655902466901 0.14511332297122925 0.0007437794931737192 4.236268247083732 -1.2408692414406264 0.2657792196685098
236.538330078125 -1 679.6959838867188 355.5657043457031 -1 741.6864013671875 361.867431640625
0.989542095278436 0.00312405497726418 0.14420954894024804 0.0005366068507638048 4.178280230604267 -1.2331423475560137 0.24561879870722578
349.5521545410156 -1 368.4143981933594 349.5521545410156 -1 1172.241943359375 349.84857177734375
0.9832066726425407 -0.019646593316149867 0.18098305876477377 0.012797760835400194 4.120143138626646 -0.9673663840023796 0.03608038920540695
252.19216918945312 -1 858.407470703125 254.93702697753906 -1 900.6658325195312 282.57354736328125
0.9829489070924915 -0.019755845372502304 0.18235688392416077 0.012927470934593678 4.1642480569135305 -0.957684002984853 0.00919981355635176
245.48997497558594 -1 851.9174194335938 249.67335510253906 -1 851.9174194335938 249.67335510253906
0.9891628623444185 0.00541592494948055 0.14672056759023794 0.0007579983752741164 4.283658770997395 -1.2317036030647972 0.25011730342605515
346.9184875488281 -1 783.8755493164062 360.6760559082031 -1 1334.2054443359375 362.47308349609375
0.9819331395374684 0.011989433535969438 0.18884428138166157 -0.0011833642807560984 4.020815097929873 -1.328916851521435 -0.0853797025938549
167.52679443359375 -1 1183.4508056640625 358.04205322265625 -1 108.11766052246094 358.67498779296875
0.9822310689067967 0.01653957204225843 0.18693301413444036 -0.002148966608309758 4.084786809577785 -1.3530633124779294 -0.06466933915835031
301.703857421875 -1 813.4306640625 301.703857421875 -1 571.8440551757812 327.8863830566406
0.9831209509995825 -0.020466885604640248 0.1813571562983064 0.012801724833579107 4.206905232596425 -0.9557967497149076 0.053205848321127555
237.67840576171875 -1 906.0955810546875 237.96438598632812 -1 928.2198486328125 266.4067687988281
0.9902279311452972 -0.012464634965918682 0.13884994034071677 -0.0037378231967991836 4.448960513731377 -1.1320687226472084 0.11461716604544225
226.06158447265625 -1 797.988037109375 283.2544250488281 -1 845.0037841796875 302.31085205078125
0.9900245943401238 -0.009438344873931448 0.14055662234717453 -0.0024609270749160004 4.438295698202674 -1.118275921555603 0.1029461253588215
292.3713684082031 -1 679.8529052734375 292.3713684082031 -1 1010.5667114257812 330.84869384765625
0.9904954095082289 -0.01641878606116636 0.13646032451567655 -0.0052770295128967476 4.459261384389477 -1.1459522398081021 0.1605581746327644
342.4817199707031 -1 803.85546875 351.71038818359375 -1 416.4948425292969 358.5540771484375
0.9903800944429049 -0.018216750392783514 0.1371274667319592 -0.00338768417439967 4.4854118641256715 -1.1225371513147473 0.15896177994483496
163.70501708984375 -1 817.970703125 210.67605590820312 -1 908.6277465820312 228.0671844482422
0.9901161682652972 -0.008059044892278464 0.14001775824625942 -0.00022915226825763056 4.417855357567612 -1.067827773257101 0.08845979758237435
216.0818634033203 -1 860.4575805664062 226.7081756591797 -1 929.263671875 231.85336303710938
0.9903949005423672 -0.008857287542374364 0.13795667352177468 -0.0027286751130774643 4.390750478315085 -1.051205195698457 0.13041326774630138
219.08743286132812 -1 906.48974609375 280.5184326171875 -1 906.48974609375 280.5184326171875
0.9903694789067228 -0.009431418557531502 0.1380160009817921 -0.005561210930472091 4.345054032685309 -1.0288466029661172 0.16303736332642746
215.4696502685547 -1 821.9757690429688 215.4696502685547 -1 905.05517578125 219.3368682861328
0.9888926600518604 -0.022285796700228698 0.1466370681727387 -0.00960314525014636 4.552713948544325 -1.1680158194261596 0.06721453871190186
214.41299438476562 -1 880.5643310546875 214.41299438476562 -1 673.55810546875 247.9141387939453
0.9884744942711746 -0.024036591241155012 0.14907964648755248 -0.010755252670103787 4.589927167789121 -1.1883598615824469 0.042625466228113376
231.52438354492188 -1 552.0828247070312 268.5302429199219 -1 552.0828247070312 268.5302429199219
0.9887317855404764 -0.021770164754628295 0.14779627077153656 -0.00958011140460184 4.608154587078982 -1.2031989876653695 0.0626342564129073
237.7655487060547 -1 787.3579711914062 237.7655487060547 -1 798.232421875 303.1732177734375
0.9891045474186495 -0.019879116524061054 0.1458044359227053 -0.004252230853680529 4.622912708703444 -1.1885205941842791 0.04917545428314132
245.69874572753906 -1 800.47705078125 248.28309631347656 -1 800.47705078125 248.28309631347656
0.9892740593287136 -0.017739472028451286 0.1449880943927074 -0.0007740515565281179 4.639350271251188 -1.1976214121613815 0.04197768879465179
289.0675354003906 -1 535.6024780273438 318.39739990234375 -1 368.8838195800781 349.3657531738281
0.9890186710159202 -0.009856572203574695 0.14746013968202 -0.0006508235228798359 4.655901498419946 -1.2932605483230692 -0.019168756150187236
342.95086669921875 -1 425.2726745605469 342.95086669921875 -1 784.0310668945312 345.5330810546875
0.9891007646615492 -0.012398327754174123 0.14669740234328804 -0.002414738199124365 4.649255908379459 -1.2701753025541573 -0.0237845740833126
234.14537048339844 -1 623.9854125976562 262.84234619140625 -1 637.0634155273438 333.8846130371094
0.9894151378677306 -0.008527583014638207 0.1448064513600124 0.004007110009530425 4.659385580850551 -1.274537692561063 0.002678521965811952
222.77590942382812 -1 673.1444702148438 247.73712158203125 -1 673.1444702148438 247.73712158203125
0.9901401103497602 -0.008379666838578414 0.13930924834818537 0.012053065373706345 4.668201091910012 -1.2151337986403863 0.056731948734203314
271.2013244628906 -1 568.5951538085938 276.2010192871094 -1 647.4259643554688 281.17376708984375
0.9906033893802088 -0.01004128475606531 0.135511709139279 0.015513678965408534 4.67378736069193 -1.1781996471637526 0.13093022066188365
291.3720397949219 -1 635.602783203125 305.82769775390625 -1 440.75726318359375 315.0249328613281
0.9909434025473615 -0.017531265788596304 0.13274586707228989 0.010117432625602739 4.657778515615524 -1.1939609339207362 0.17436911809397848
289.1132507324219 -1 791.1742553710938 339.89013671875 -1 447.0859069824219 348.54931640625
0.9898415934960327 -0.019737311720347983 0.14072148664644452 -0.0046391278601942065 4.5245161323497705 -1.126719859945955 0.12223090342031567
308.856201171875 -1 972.79931640625 308.856201171875 -1 833.5327758789062 323.03717041015625
0.9879567767687407 0.011371303307867278 0.15405147467997235 -0.008957892984801482 4.419314483912595 -1.1340729411099377 0.13296491401140587
222.29220581054688 -1 887.0714111328125 232.75228881835938 -1 786.876708984375 264.9183654785156
0.987897073787697 0.011313339017038493 0.15450125238892962 -0.00779377779022798 4.417660814943116 -1.090657116646323 0.12214482684009434
235.07058715820312 -1 757.5851440429688 283.64569091796875 -1 586.6009521484375 348.3641662597656
0.9883083693017602 0.008598810125654886 0.1520539300711316 -0.0072270313713133725 4.410390003933489 -1.207143189100329 0.19837070445825464
222.921630859375 -1 877.0942993164062 222.921630859375 -1 498.0077209472656 345.19525146484375
0.9884485002479894 0.008522588931108167 0.15124841936238384 -0.004565465561419687 4.38515333891243 -1.2081438819043755 0.18255857036210557
341.7705078125 -1 798.8529663085938 342.83624267578125 -1 798.8529663085938 342.83624267578125
0.9878926208856771 0.009398998275044394 0.15458863845181445 -0.009065389824374747 4.421248569496676 -1.1944216604467273 0.1736039637847726
225.9774627685547 -1 368.9971923828125 349.2691955566406 -1 363.88922119140625 353.48309326171875
0.987918948074088 0.008470450667251857 0.15443956199215647 -0.009634583195551452 4.424979080653875 -1.1742217558695889 0.1336384334639503
226.3053436279297 -1 766.2918090820312 233.79385375976562 -1 792.6394653320312 248.8118438720703
0.9885963207064224 0.007112672172375624 0.15040301903454054 -0.0023783283180879105 4.358010872233541 -1.2172859930701037 0.19483787277400155
289.2151794433594 -1 576.220947265625 330.3452453613281 -1 606.866455078125 339.4998779296875
0.9877622473102876 0.009244453832424507 0.1554587460721166 -0.008535873215764536 4.42784330676968 -1.0651252345221212 0.12106334398527963
225.38015747070312 -1 856.7979736328125 225.38015747070312 -1 892.9376831054688 226.7894287109375
0.9873263720700162 0.009816085365436513 0.15817604849592895 -0.008403402011811494 4.433658576572542 -1.0115241494014355 0.1051403643474523
209.9327850341797 -1 818.9074096679688 234.50607299804688 -1 950.8515625 237.88856506347656
0.9905203620341401 -0.012238792718308075 0.13680164357149663 -0.002221410518502055 4.314099673707533 -0.9515259877759673 0.15129024696678425
216.8568572998047 -1 762.58056640625 230.29095458984375 -1 804.7376708984375 235.9356231689453
0.9912589813423874 -0.06142548367919183 0.10905997897759996 0.041694877961632126 4.655918201952989 -0.6511711281719799 0.5613301619001808
236.17918395996094 -1 869.8163452148438 272.20465087890625 -1 869.8163452148438 272.20465087890625
0.9889095072645099 0.007261892416067743 0.14833095679488661 -0.001782867554032947 4.323369128418181 -1.2354887404613557 0.22394300080361976
362.9851989746094 -1 1382.1253662109375 363.9677429199219 -1 444.8833312988281 366.26934814453125
0.990940256800286 -0.013496032257948393 0.1336087795568081 -0.001989620872404175 4.283274638206247 -0.9078309172573538 0.2508605438603583
236.0370330810547 -1 797.6595458984375 237.34393310546875 -1 786.8397216796875 238.935302734375
0.9831293415573369 -0.021745265155896212 0.1809384204637031 0.015656602838329533 4.249432292984205 -0.9227886060233199 0.01423401395835859
235.947998046875 -1 1043.0767822265625 281.9864807128906 -1 1043.0767822265625 281.9864807128906
0.9836864218259603 -0.019937349693672717 0.17877929246294041 0.0012207329280077273 4.281581666220544 -0.9984348041733763 0.0635221972774205
282.9713134765625 -1 722.0118408203125 289.1358947753906 -1 358.0423278808594 345.16259765625
0.9837532086522461 -0.02241533890609556 0.17801362512129432 0.006190825414326971 4.30755139948832 -0.9571912476070213 0.06006421036101397
223.96035766601562 -1 858.5352172851562 254.87451171875 -1 896.7299194335938 257.3247985839844
0.9904997949807481 -0.06502546009476001 0.11479070297280146 0.0387935586608239 4.676850690346822 -0.6536349255679107 0.6177033323501828
295.03887939453125 -1 937.4498901367188 295.03887939453125 -1 799.441162109375 303.0933532714844
0.9903427056373838 -0.060814977942142766 0.12298120384872986 0.019962147896462168 4.695440790134401 -0.8335937033964349 0.5516650854295623
247.82534790039062 -1 893.4428100585938 284.5937805175781 -1 859.3900756835938 285.0875549316406
0.9916484345284162 -0.05489032788983464 0.11055047331257253 0.03740357004156188 4.649244829293599 -0.7469705255893172 0.5463596150361164
245.46104431152344 -1 921.8921508789062 245.46104431152344 -1 879.0514526367188 271.21826171875
0.9901886345735257 -0.06380604147129754 0.12048956370821513 0.03061898219379486 4.697036528559808 -0.7191284881254427 0.5567914249488705
238.77935791015625 -1 882.6067504882812 277.13275146484375 -1 1125.745849609375 296.16326904296875
0.9836965338352681 -0.024758468589350605 0.17787169242024764 0.00947673937312932 4.317836265786386 -0.93304174900487 0.05620672569857169
282.8211669921875 -1 711.42236328125 282.8211669921875 -1 970.5386352539062 284.82952880859375
0.9914615759429549 -0.027706131029249487 0.12673998736119274 0.013163940739273133 4.652488164225963 -1.1169008107032898 0.30668068744286386
289.51617431640625 -1 721.9067993164062 289.51617431640625 -1 17.72673225402832 336.18865966796875
0.9877201693319145 0.007664016539133536 0.15597051910537296 -0.004829815257592978 4.449125405026572 -0.8882047710878863 0.09618627591392903
97.36170959472656 -1 490.2361145019531 97.36170959472656 -1 766.4476318359375 233.37249755859375
0.9877432919338642 0.006843210867940245 0.15587228039757256 -0.004493540734293382 4.4504058643034154 -0.8417280759166181 0.11324355113620121
226.17391967773438 -1 804.93408203125 235.83799743652344 -1 950.011962890625 264.248779296875
0.9879294466375125 0.008665967020663065 0.15462717118518574 -0.0032783247798884724 4.451574072857513 -0.7937079574092454 0.11308924753632138
224.02154541015625 -1 806.0966796875 224.02154541015625 -1 637.554931640625 234.07118225097656
0.9873841083233623 0.008591978342944753 0.15798220743444125 -0.006357882727305023 4.437839705905076 -0.953210469479608 0.0779955381344171
223.09942626953125 -1 721.9514770507812 289.254150390625 -1 721.9514770507812 289.254150390625
0.9832299083414726 -0.02382107662804815 0.1800162950117657 0.01690080416243377 4.288731833741384 -0.8968537890053251 0.057942733358184305
280.95513916015625 -1 905.91064453125 280.95513916015625 -1 970.3364868164062 302.4377746582031
0.9876949417331322 -0.011854417887680026 0.1555552207083657 0.010988546842073843 4.227879729815745 -0.7749075744009141 0.16290939072432292
210.66964721679688 -1 804.6782836914062 236.28001403808594 -1 735.7883911132812 316.8280334472656
0.983461903133287 -0.0243746309419149 0.17890685512047816 0.014173907111276952 4.310869569809787 -0.9013064202823915 0.06001941574071885
260.05078125 -1 721.8853149414062 289.1412658691406 -1 721.8853149414062 289.1412658691406
0.9850993152020155 -0.016267854907742435 0.1711968371200438 -0.0025177460781233376 4.252862517716956 -0.9891170248049114 0.09384402879902126
271.9421081542969 -1 918.3880615234375 331.1463928222656 -1 929.3590698242188 347.2012634277344
0.9836852278117165 -0.018559647654201893 0.17892389271421527 -0.002269951531540286 4.257849463644924 -1.0218344333272282 0.05784244548968967
236.16464233398438 -1 970.7279052734375 284.77056884765625 -1 920.5082397460938 348.841064453125
0.9843274792714282 -0.015311964742101404 0.17557491416855486 -0.00619732213115934 4.244713825439396 -1.0344315471909755 0.06867481686975233
257.6915588378906 -1 824.8489990234375 319.73760986328125 -1 830.635986328125 320.6583557128906
0.9858391235288164 -0.014341821850920379 0.1670428811656173 0.0034943551366648866 4.248320288729108 -0.9032296396812285 0.15060626924609574
289.3013000488281 -1 722.2791137695312 289.3013000488281 -1 820.012939453125 327.6792297363281
0.9901369756786687 -0.05529465813017772 0.12780598834726353 0.015391540492929946 4.69418412000481 -0.913819715453508 0.4675386928518862
247.80218505859375 -1 923.0330810546875 260.47216796875 -1 722.1365966796875 289.0421447753906
0.9823184679352659 0.020991491941794102 0.1858357187480305 -0.008652771623728205 4.192469199432413 -1.4025546558957152 -0.09488629209957973
107.95668029785156 -1 1203.3466796875 107.95668029785156 -1 560.8229370117188 343.1427307128906
0.9823132124926003 0.01993650136391442 0.18611271786382788 -0.005034354494231216 4.152491587687959 -1.3848018437874103 -0.0629676986866815
236.06915283203125 -1 804.8277587890625 236.06915283203125 -1 738.2617797851562 331.32086181640625
0.9876581801757975 -0.011167592409337807 0.15573250005422196 0.012409368979632377 4.216550502898236 -0.7357446686542517 0.19980439825376978
254.7615203857422 -1 885.8804321289062 286.1249084472656 -1 894.4404296875 287.65411376953125
0.9910498724755303 -0.014041863971219301 0.13259793665871455 -0.006384631257989926 4.221805520288324 -0.9030397431642972 0.2362858466073292
234.9904327392578 -1 722.4888305664062 289.0906982421875 -1 757.597412109375 290.8359069824219
0.9900076932169037 -0.04742208084082252 0.1322258570156791 0.012338409805999512 4.701506998006347 -1.0060852062411918 0.41236669543616705
271.7041015625 -1 1031.8753662109375 339.5876770019531 -1 962.1605224609375 347.6188659667969
0.9883043253678073 0.00822271868564422 0.15226885239526047 -0.001069554547686512 4.458232616996169 -0.7288091597415454 0.1286763516578826
299.1424255371094 -1 650.6179809570312 299.1424255371094 -1 716.1859130859375 305.112548828125
0.991045862552105 -0.01597529303147246 0.13194969722876068 -0.012734430970844377 4.152260802768905 -0.9078947980803416 0.28032495649110617
244.3227996826172 -1 742.5682983398438 244.3227996826172 -1 722.02099609375 248.01815795898438
0.9882491438620536 0.00927864460604429 0.15256554261284053 -0.0011364934853872481 4.451058168567426 -0.6804140926076178 0.1277356845870663
295.22882080078125 -1 677.76171875 305.0278015136719 -1 904.7339477539062 323.14111328125
0.9873587472000289 -0.010787793022396939 0.1573669502880205 0.01555541083813596 4.2152234828132915 -0.6686769951700099 0.16933581267840406
233.56524658203125 -1 805.1980590820312 236.1568603515625 -1 652.8943481445312 257.803466796875
0.9872920050579366 -0.013204253655719506 0.15805675876396205 0.009909865947907503 4.246813550065527 -0.808968459599656 0.1778670114195251
248.14962768554688 -1 879.9011840820312 258.4819030761719 -1 889.728271484375 267.2569580078125
0.9911289479913779 -0.01598366222666956 0.13066329751190275 -0.018303925225057888 4.087637231836015 -0.9205895875476745 0.30985562257857824
214.83213806152344 -1 805.5374145507812 236.11439514160156 -1 722.233154296875 289.0794982910156
0.9884316270615393 0.008500175095240094 0.15142766402510596 -0.0005729011502591949 4.459884958261959 -0.6217569118022656 0.13743995298591086
234.71607971191406 -1 993.0895385742188 257.5438232421875 -1 993.0895385742188 257.5438232421875
0.9869374356254423 -0.009340336751822614 0.16046685940327865 0.010846349786308343 4.209806379595858 -0.6735151170748717 0.13277131259291478
233.85415649414062 -1 767.5587158203125 236.21592712402344 -1 797.8959350585938 237.57154846191406
0.9821504569022663 0.02310209156033339 0.1861043030381067 -0.014558906652224899 4.251487677486739 -1.4400382576067552 -0.08686107240540716
232.9256591796875 -1 721.834716796875 288.9889221191406 -1 663.1874389648438 329.45147705078125
0.9883986229859828 0.03419029566122162 0.14798371475409944 -7.7003821740507e-05 4.414137278898402 -1.423177361826031 0.18506630185964348
247.51771545410156 -1 691.00732421875 329.0701904296875 -1 726.7311401367188 341.34783935546875
0.9880475140492402 0.03379613268052461 0.15032216121172998 -0.004814482899708095 4.412844507052777 -1.4641752754553685 0.16416024458976022
295.7247009277344 -1 652.2916259765625 334.3811950683594 -1 652.2916259765625 334.3811950683594
0.9888162351867178 0.03313274632352982 0.14527842198790075 0.006233318292186904 4.429770544379294 -1.3739246880605442 0.20645902765302523
235.6777801513672 -1 805.2988891601562 235.6777801513672 -1 643.8591918945312 307.95245361328125
0.9870836707901959 0.037184823409139305 0.15534912340491397 -0.012237876642140384 4.4185268394347945 -1.5464072797563229 0.10148620368073162
279.15362548828125 -1 663.5556030273438 329.7021484375 -1 679.6055908203125 331.56304931640625
0.9865174233420007 0.037312393173276275 0.15883964794449199 -0.01269350224376814 4.4421378667843205 -1.5529015689932568 0.07202449822869297
289.1680908203125 -1 721.9544067382812 289.1680908203125 -1 871.2567138671875 331.4772033691406
0.9889467308842246 0.03378750871486847 0.1439553168590797 0.010937754625607466 4.4541285030196445 -1.3448076913836373 0.20243660211092
263.4982604980469 -1 850.5631103515625 263.4982604980469 -1 716.7987060546875 266.8141174316406
0.9875470625263228 0.035042656495212404 0.1531527628882295 -0.008187963183312275 4.4120054984385 -1.5005922840343644 0.12385812237789172
247.44461059570312 -1 673.313720703125 247.44461059570312 -1 593.0955810546875 271.56109619140625
0.9848283164877596 0.0410261374220733 0.1672027309452359 -0.021755225959879314 4.461693999001998 -1.6276035643664546 -0.04545554126010556
178.5267333984375 -1 1127.2957763671875 178.5267333984375 -1 673.1678466796875 247.56741333007812
0.98563718021001 0.039069380920546834 0.16349493090264675 -0.01619691425192307 4.453815979782191 -1.581917771241405 0.029056998534149635
249.9158935546875 -1 1078.4107666015625 294.00006103515625 -1 1078.4107666015625 294.00006103515625
0.9810317474328824 0.03643954666346789 0.188993056304641 -0.023032469176736053 4.543017059618928 -1.5354906822391468 -0.2026061002467288
278.74261474609375 -1 931.5745239257812 325.460693359375 -1 618.0111694335938 328.4223937988281
0.9862319482384909 -0.02092012251405814 0.16348806784997336 -0.013436681822152076 4.813323726906887 -1.515962753271096 0.1520630380047428
315.6112365722656 -1 606.0791625976562 338.4042663574219 -1 990.8908081054688 342.0994567871094
0.9840201993023417 0.04050535172872508 0.17173585838373528 -0.023882185651936935 4.489804619500324 -1.6305434935781753 -0.06623440294608711
247.46267700195312 -1 629.9625854492188 256.5020751953125 -1 508.8154602050781 286.6408386230469
0.9861922537730557 -0.02289064805350442 0.16375067081359448 -0.009304549307158478 4.845193973219393 -1.4729337106448857 0.16289561768435445
296.9848327636719 -1 1037.849853515625 296.9848327636719 -1 439.87353515625 298.2091369628906
0.9862334435392655 -0.022629258677763154 0.1634731870792822 -0.010393680893661663 4.844546227476893 -1.4765980114602617 0.1601568832692505
264.0079650878906 -1 562.4740600585938 269.7080993652344 -1 645.3088989257812 276.8144226074219
0.9876804891306906 -0.021239720673919008 0.15463536202214304 -0.01113689671922884 4.741262004851438 -1.469633899602033 0.1932131518055812
258.304443359375 -1 993.502197265625 258.304443359375 -1 531.9846801757812 288.0451965332031
0.9859239472373962 -0.023978634453784568 0.1650525015344226 -0.01169047008435917 4.852409746602628 -1.4822626279506619 0.1604608989656613
249.87696838378906 -1 637.1805419921875 333.56768798828125 -1 629.3312377929688 344.3082275390625
0.9852324124654339 -0.024953363550876163 0.1689786592075128 -0.01185899689982624 4.8637475645395085 -1.4721649516864974 0.14431836352202151
289.1119689941406 -1 748.9608154296875 334.0205078125 -1 627.7850341796875 338.6114807128906
0.9867446344129537 -0.01955755842791347 0.16051454778124616 -0.013697018513802006 4.781608962628248 -1.5107268842582546 0.15508885265068328
289.0649108886719 -1 963.9456787109375 355.43304443359375 -1 963.9456787109375 355.43304443359375
0.9849092223044521 -0.02604155055129171 0.1706435692699233 -0.012507347094598728 4.880206928529734 -1.4665487804927262 0.142372154912329
313.1365966796875 -1 686.2188110351562 313.1365966796875 -1 756.15283203125 338.3426208496094
0.9844106097923117 -0.026787011308732116 0.1732814562988586 -0.01384717503398722 4.885554410414513 -1.4754540707325874 0.09775910791045928
238.02442932128906 -1 673.5961303710938 247.86126708984375 -1 702.4161987304688 334.8352355957031
0.9843689488163285 -0.02657089796110513 0.17373865144218595 -0.011253487585086614 4.895954737146895 -1.4570262108109406 0.1307247898872443
315.6748962402344 -1 645.4589233398438 343.818115234375 -1 643.1414184570312 345.9841613769531
0.9844036065338105 -0.024072050732896363 0.17397333345348961 -0.010166369254594201 4.8909432109758235 -1.4558165602299888 0.13856146603151467
282.3095703125 -1 711.2412109375 282.3095703125 -1 970.9498291015625 285.0492858886719
0.9843445943004203 -0.023006140519614807 0.17442872803155002 -0.010538311403092807 4.876784742420686 -1.4728495325344981 0.16231011312567323
247.939208984375 -1 1096.563232421875 287.2672119140625 -1 467.24212646484375 333.0626525878906
0.9818203588371772 0.03830370006659435 0.18436400025121483 -0.023906587908253337 4.551290123508333 -1.575250977410938 -0.18098121295666314
233.8651123046875 -1 673.5234375 247.44224548339844 -1 653.07568359375 257.3972473144531
0.9842617175112083 -0.021980565645814562 0.17489385048743022 -0.012564522969731703 4.855693439832128 -1.4928892154314668 0.17733971401136786
289.0366516113281 -1 584.463134765625 328.7071533203125 -1 584.463134765625 328.7071533203125
0.9812691069598234 0.03318873503287371 0.18844976779293876 -0.022274034479095838 4.511109048831888 -1.5120348871024705 -0.20390266599457504
266.62554931640625 -1 500.1016845703125 268.607421875 -1 722.1471557617188 289.07666015625
0.982846369088612 0.039767248584700994 0.1783321875313809 -0.02508409056766778 4.516528363131781 -1.6194962123801768 -0.1257842469735174
269.1313781738281 -1 549.6943359375 278.16815185546875 -1 859.5717163085938 285.44268798828125
0.9886129302617195 -0.02431058045972282 0.14819462373605669 -0.009582447118380341 4.701443274744872 -1.4187588894402083 0.3168175408755224
285.6766052246094 -1 409.2897644042969 345.0168762207031 -1 409.2897644042969 345.0168762207031
0.9884259729354016 0.037672392991167356 0.1461486415100842 0.015344752125108187 4.493260228982011 -1.3380975756206237 0.15290239791074633
233.01609802246094 -1 722.2288208007812 288.88330078125 -1 914.6349487304688 332.6620788574219
0.9848999923014663 0.0532989089423424 0.1646941071154193 0.002661306367659801 4.509434393175164 -1.5523333093195681 -0.1928723744780309
222.83209228515625 -1 945.9806518554688 222.83209228515625 -1 667.974609375 233.84091186523438
0.9840989562799486 0.0587324208627791 0.1676055007790842 0.002853611204370592 4.471749255822568 -1.575468026702074 -0.26448617796726404
226.70278930664062 -1 813.8411254882812 228.86065673828125 -1 813.8411254882812 228.86065673828125
0.9863054098331062 0.04723338942591911 0.15762927287017378 0.01112015250382669 4.531532301583209 -1.4408907953712602 -0.0575341428963889
233.8842315673828 -1 768.0951538085938 236.13812255859375 -1 672.7523193359375 247.76873779296875
0.9875871559139606 0.04257316334136137 0.1502840245287418 0.016548329472456796 4.52591131711999 -1.3601028946084655 0.06871523950249411
236.54319763183594 -1 653.0673217773438 249.8778076171875 -1 653.0673217773438 249.8778076171875
0.9885809278170027 0.008920065440238345 0.15042489153243047 -0.0007304768803125813 4.464211667595867 -0.5794920659654395 0.1386250528061352
244.48683166503906 -1 921.9595336914062 244.48683166503906 -1 813.1531982421875 251.52447509765625
0.9861541696928583 -0.010952586984773305 0.16512748166736482 0.010625875678008675 4.213419273577368 -0.6401975463489139 0.10972912406265643
264.87286376953125 -1 781.9306640625 264.87286376953125 -1 666.7532348632812 298.8211975097656
0.9815494310259739 0.03154505044046883 0.18753544450657558 -0.01990179135194388 4.446620473816739 -1.4822447060978892 -0.1642439368425256
282.2975158691406 -1 425.69940185546875 342.87115478515625 -1 791.8485717773438 356.07806396484375
0.9820232145202981 0.02562383180914018 0.1863593648012937 -0.015620900662128814 4.308518678698277 -1.445731731526146 -0.10459590854635083
278.2489929199219 -1 594.30322265625 278.2489929199219 -1 409.0201721191406 344.9759216308594
0.9818657436867599 0.02812860770841198 0.18671474010041783 -0.016912972301331427 4.371516892949354 -1.454260662535742 -0.13676696737946617
289.0777893066406 -1 1178.650146484375 342.1718444824219 -1 1178.650146484375 342.1718444824219
0.9888538661876826 0.009079825339166523 0.1486115228867644 -0.00045095760321934935 4.46454863779956 -0.5267120359487544 0.1506753858945703
203.3084716796875 -1 656.604248046875 203.3084716796875 -1 697.955078125 231.76498413085938
0.9899486223650361 -0.039142719987324354 0.13566437161796244 0.008046789612302808 4.699138050705189 -1.115095354374694 0.3257356118746167
257.2815246582031 -1 15.875654220581055 329.57147216796875 -1 368.51568603515625 349.30572509765625
0.9857026513037619 -0.01080824708575325 0.16744830366006935 0.015314392218858868 4.212059142046164 -0.5503433272271827 0.08409261410310982
225.4864501953125 -1 813.0440063476562 225.4864501953125 -1 749.6314086914062 284.8160095214844
0.9914719320535911 -0.042772177846361045 0.11968141838886644 0.028815045455937775 4.656723770045079 -0.9060122392196323 0.40002080200938744
236.71109008789062 -1 673.2125244140625 247.69493103027344 -1 673.2125244140625 247.69493103027344
0.9841130949088115 -0.021458925385042828 0.17574586901066797 -0.013203047981621412 4.83362029086996 -1.494456692489725 0.22251846826978852
289.06597900390625 -1 722.208740234375 289.06597900390625 -1 649.2766723632812 302.45184326171875
0.9863650944007609 -0.012606058402352165 0.16373932631413277 -0.01069676855543995 0.9370172793062274 -1.0960797043484418 0.19864954239486796
243.55755615234375 -1 607.4180908203125 339.4895324707031 -1 798.8894653320312 343.312744140625
0.9857519181218963 -0.013694250049397118 0.16690217411813524 0.01578884762186442 4.194753203437072 -0.5025750464933946 0.07791173886277337
291.66290283203125 -1 1126.291259765625 296.0437927246094 -1 734.9676513671875 316.8016052246094
0.9887462093872273 0.00991233720961971 0.1492687443383186 0.0012332708922091799 4.460890559545178 -0.47240648707275784 0.1370130226673902
232.5167999267578 -1 766.3616333007812 233.90267944335938 -1 818.5679931640625 239.12957763671875
0.9888890429082509 0.011191720191219829 0.1481863922275327 0.003741573700056211 4.475346068402223 -0.41241067875767934 0.1320796317403192
247.92733764648438 -1 673.4090576171875 247.92733764648438 -1 552.342529296875 268.72845458984375
0.9886208325479231 0.01170688548488223 0.14990097792884166 0.0046362808879763 4.472438183953626 -0.3686058736457297 0.08725886569231694
251.35716247558594 -1 685.975830078125 262.4815673828125 -1 725.3773193359375 309.0800476074219
0.9886687371509743 0.011747170699763984 0.14956196341751518 0.005229843166516746 4.474500209025408 -0.32419898929322194 0.0765898924622438
231.3177490234375 -1 710.231201171875 231.3177490234375 -1 722.3033447265625 289.3427429199219
0.9885453401704828 0.0125521972772983 0.1503066873458705 0.005334089411241808 4.467798089516684 -0.28817943052215833 0.06554418529766627
222.86769104003906 -1 685.2373046875 222.86769104003906 -1 829.5469970703125 241.0874481201172
0.9886414728227939 0.0113898311260857 0.14972807721138168 0.006309742964557111 4.467391174217948 -0.24926757165708105 0.07879091546628178
257.1288146972656 -1 777.1450805664062 271.47314453125 -1 658.6536865234375 286.0038146972656
0.9886203228453345 0.011421235207768237 0.14989799527462322 0.005477559325519963 4.461297118021251 -0.2171245198560334 0.07209553998772633
215.84437561035156 -1 756.847412109375 296.1962585449219 -1 735.2711791992188 316.3556213378906
0.9885650887862897 0.011993872126942641 0.15020139317385436 0.005895231377219742 4.463904907087308 -0.18438581525438613 0.07996723336303978
260.8976745605469 -1 713.6651000976562 260.8976745605469 -1 761.7467651367188 342.73046875
0.9881989821427484 0.013007816784450428 0.15249792278489208 0.006160514656379443 4.466230755918038 -0.15332156611039946 0.09643412082092807
236.07424926757812 -1 805.4088134765625 236.07424926757812 -1 777.3314208984375 272.08526611328125
0.9876983861834822 0.006167337590693008 0.15375874327182268 -0.027786880808344138 4.339334878583344 -0.5938249453873607 0.1742305287944098
289.0219421386719 -1 752.5675048828125 353.1435852050781 -1 576.8512573242188 354.1177978515625
0.9879070365386925 0.014378321721516152 0.15430590161605026 0.00475812444865382 4.4769897390832645 -0.1334711549973646 0.08411966828969161
216.2263946533203 -1 830.2025756835938 216.2263946533203 -1 706.0506591796875 254.84872436523438
0.9875958295285515 0.015198029866572713 0.15625723536970978 0.0026783914206515006 4.481279842583738 -0.1223610860430829 0.09109306987075606
197.83360290527344 -1 556.9266967773438 197.83360290527344 -1 548.9335327148438 228.12974548339844
0.9886073255999664 0.0016934390383101432 0.1482434648937283 -0.02601082756483332 4.228904626388109 -0.6619457385292064 0.24877718332973464
269.0368957519531 -1 900.5093994140625 282.6102600097656 -1 721.6925659179688 289.0692443847656
0.9876711041568429 0.0077672921339212945 0.15379204959505444 -0.02816850489219378 4.357541668080679 -0.5618526468308225 0.1879428072399354
289.0976867675781 -1 679.2586669921875 344.15545654296875 -1 679.2586669921875 344.15545654296875
0.9859138166945073 -0.01510138457690391 0.16583491933306616 0.015642051161065235 4.189652579822439 -0.4753576341956227 0.08861394967546939
248.0572509765625 -1 673.0658569335938 248.0572509765625 -1 777.03076171875 272.2709045410156
0.985884243266533 -0.011335938285338387 0.16683342610055704 0.008388284539565392 4.178175730433752 -0.42082095042976103 0.06415616050405759
255.53123474121094 -1 1206.180908203125 305.3971252441406 -1 1205.20703125 319.9158630371094
0.9859223035807938 -0.009195877171476347 0.16671997549436898 0.008780484960711312 4.186485531318128 -0.3771588811825813 0.12234517134446998
258.0745849609375 -1 777.1810913085938 272.7603759765625 217981 894.7418823242188 284.0482482910156
0.9859726547697043 -0.012888008446683056 0.1660600181704294 0.01076539130252183 4.183345228592057 -0.4438755944523105 0.11171009551187037
234.0158233642578 -1 804.9976806640625 236.0120391845703 -1 651.6934204101562 283.5477600097656
0.9857864840278705 -0.013942496086789801 0.16662195635733876 0.016362712809679596 4.187578054366127 -0.43502709998679023 0.08100408433407988
247.48355102539062 -1 672.7050170898438 247.48355102539062 -1 993.1463012695312 257.2521057128906
0.9881997425109309 0.00411522498377706 0.15082836221086093 -0.026365488378792074 4.265478453539183 -0.6436389837686017 0.22756288458935905
316.51287841796875 -1 735.1143798828125 316.51287841796875 -1 1096.3782958984375 339.1544189453125
0.9888870903214888 0.0006093721635892221 0.1466610328705373 -0.024341172905449765 4.191420204197411 -0.6551424137528157 0.2549508892746306
257.2149963378906 -1 642.9839477539062 271.97283935546875 -1 604.8193969726562 355.4378662109375
0.9881292609751612 0.005353326229771726 0.15114608000338345 -0.026958635027953586 4.310754399583888 -0.6185227811353142 0.20764188926088015
272.5141296386719 217981 764.916259765625 282.9471130371094 -1 679.8976440429688 292.98291015625
0.991378111071555 -0.014565067058429663 0.12806081022577023 -0.023616278159321033 4.024969254654582 -0.9303074817093799 0.348613748724404
247.9665985107422 -1 796.0297241210938 257.12725830078125 -1 796.0297241210938 257.12725830078125
0.9874430611389919 0.016294496984308748 0.15713190565538127 -0.0005045806118760753 4.478544112525748 -0.10734364524173141 0.09794453434191146
247.62991333007812 -1 672.849853515625 247.62991333007812 -1 509.59503173828125 291.6104736328125
0.9873925676276917 0.017858331669021964 0.1572787791657535 0.000618876178121841 4.473210491766165 -0.0722392917822598 0.09269012876084441
236.51513671875 -1 812.9959106445312 354.9233093261719 -1 746.0107421875 359.5315856933594
0.9875479817486852 0.020519826503213993 0.15596652193117572 0.0015376934248571019 4.468835067222668 -0.03510497344217705 0.07777224977892472
263.32647705078125 -1 785.8999633789062 293.0550231933594 -1 742.5865478515625 338.7135009765625
0.9862678991441575 -0.006728399569329911 0.1646412286621768 0.011118704133773234 4.2038147097907785 -0.2793390530723244 0.13731203562014518
246.1216583251953 -1 673.150146484375 247.44891357421875 -1 673.150146484375 247.44891357421875
0.9884449038210508 0.005363424882137032 0.1490977695662276 -0.02679105996603649 4.373196157499578 -0.40606942677909985 0.23451910837092557
235.15036010742188 -1 759.8723754882812 235.15036010742188 -1 992.6840209960938 257.4413146972656
0.9877285018931832 0.021279094722147732 0.15471732615312142 0.0014682178593700853 4.457928766600613 -0.01016879450588676 0.07495423242527702
248.1361083984375 -1 796.5401000976562 256.7760314941406 -1 796.5401000976562 256.7760314941406
0.9882617679971235 0.02247444402087363 0.15106993936636517 0.003383888443086694 4.456474081876795 0.044118087264913716 0.09623208561486517
334.9538269042969 -1 776.4417724609375 344.0126037597656 -1 776.4417724609375 344.0126037597656
0.9909729681929568 -0.015854919232801953 0.1295658677542283 -0.03055951177712949 3.944024927731638 -0.9482424303080038 0.3159519036342343
115.05836486816406 -1 337.9899597167969 115.05836486816406 -1 962.6646728515625 255.44862365722656
0.9906354074571291 -0.017546150338026548 0.13038470531375254 -0.036516444525846396 3.8889223982455423 -0.962902490702555 0.34628535709835734
203.82601928710938 -1 938.1077880859375 203.82601928710938 -1 673.658203125 247.81983947753906
0.9901027793751146 -0.014732159156518689 0.1326885341410393 -0.04328051140827986 3.815104836267962 -0.9962482113310401 0.30713736329417396
338.8439025878906 -1 762.52001953125 346.57745361328125 -1 705.1053466796875 349.7997131347656
0.9879735797945884 0.00636907049304491 0.15212584317642536 -0.026932664309020825 4.364476791415229 -0.4606073809063254 0.1829953120434641
235.93907165527344 -1 804.9260864257812 235.93907165527344 -1 1001.6570434570312 262.9505920410156
0.9860361509067335 -0.007395070173807685 0.16607514145296953 0.009852382124867241 4.195856747337932 -0.32621426972260503 0.11709168794094073
284.1331481933594 -1 1039.6849365234375 284.1331481933594 -1 722.48388671875 289.34344482421875
0.9886112828704093 0.005288034083535793 0.14811956898085635 -0.026083737496385862 4.367396980328984 -0.3567590302680224 0.2459644821619366
246.86758422851562 -1 767.8187866210938 264.4578552246094 -1 767.8187866210938 264.4578552246094
0.9889773264728632 0.0010648685611212877 0.1462223568107616 -0.02327522601913316 4.140196789275966 -0.6518928410861494 0.25876129472014275
255.4579620361328 -1 569.041015625 258.46954345703125 -1 569.041015625 258.46954345703125
0.9879435238967645 0.008329784214277427 0.152014061276279 -0.028105754920983553 4.368205424389554 -0.5173091970826063 0.17170658027408525
180.7239227294922 -1 1367.5758056640625 180.7239227294922 -1 866.6466064453125 272.17791748046875
0.989435130624257 -0.029811853606884348 0.14185260597132082 -0.00268586117031387 4.682715220686763 -1.2836685119424276 0.30201832778968163
364.7832336425781 -1 158.64169311523438 365.9902038574219 -1 225.2197723388672 376.907470703125
0.9874967045196927 -0.028252773805374894 0.15425680142766865 0.01602743112147919 0.4795314198933296 -0.9909468397788949 0.12714002428381355
226.7425079345703 -1 825.284912109375 226.7425079345703 -1 766.3185424804688 233.400146484375
0.9876332450108828 -0.025889431983889148 0.1536817439244367 0.017094801700194704 0.5596445448501942 -0.982587550298429 0.1582570769779538
236.06370544433594 -1 745.5693359375 294.90521240234375 -1 745.5693359375 294.90521240234375
0.988347763711068 0.023593749608847428 0.150307214013667 0.004446837322837044 4.437417706327571 0.09229793605824933 0.13029023301691567
261.64752197265625 -1 776.3590698242188 261.64752197265625 -1 757.4908447265625 264.3865661621094
0.9890163938936869 0.004387312529035474 0.1455970981361497 -0.025076066530313294 4.365519711693718 -0.2719081862710765 0.23230229979841363
274.04205322265625 -1 1139.451171875 340.0230712890625 -1 1139.451171875 340.0230712890625
0.9890134240660656 0.0061308476970727156 0.14574384442727203 -0.02394977108849411 4.365614914717609 -0.23466111840754064 0.2348865295262445
272.44482421875 -1 972.63916015625 308.6496276855469 -1 696.9032592773438 317.11187744140625
0.9884205372208889 0.025292200175839837 0.14957051611614997 0.0037157662713458235 4.424186559202976 0.1253154139953642 0.12446495113782606
97.38995361328125 -1 490.25128173828125 97.38995361328125 -1 764.7850952148438 228.03919982910156
0.9887967633040587 0.005160765150821174 0.1470446992706371 -0.025143265477725545 4.363023520136382 -0.3026827227879301 0.27084902511865877
255.90631103515625 -1 794.8912353515625 290.6664733886719 -1 619.1093139648438 351.03582763671875
0.9894546026870704 0.007732612857049086 0.1432896531955672 -0.019694446091946403 4.39559023065882 -0.13484671968555526 0.2482821149279802
269.3968200683594 -1 1037.5928955078125 350.08477783203125 -1 1037.5928955078125 350.08477783203125
0.9893183049966768 0.0071532046535533935 0.14395235594344816 -0.021813809388041117 4.382977812638652 -0.1866180211690402 0.25144364768247246
236.11691284179688 -1 748.5343627929688 236.11691284179688 -1 1085.41357421875 349.5675048828125
0.9844621063880632 -0.01391341583018791 0.17484124701762557 0.008444897112202119 -0.11525475865931259 -1.125843092519661 0.19880621970042855
255.49119567871094 -1 962.0830078125 255.49119567871094 -1 722.0125732421875 289.4488525390625
0.981745804509176 0.003469884536589094 0.19015033219101232 -0.002446711585233502 1.547126320741548 -1.1977497185729125 0.021939192669208903
212.2274169921875 -1 774.373779296875 227.83230590820312 -1 669.9542846679688 245.90989685058594
0.9882753198914842 0.027463901183726387 0.15018452773007868 0.0014946088613813086 4.414983429667904 0.15524886118120668 0.12714660934471092
240.98513793945312 -1 444.750732421875 240.98513793945312 -1 552.1172485351562 243.68907165527344
0.9893689799806898 0.008102034281537008 0.14411847685609028 -0.0176986756891796 4.401952707086658 -0.07813851656450875 0.22168611368275873
290.4454040527344 -1 1155.16162109375 343.1217956542969 -1 1039.5791015625 351.49639892578125
0.986331434961833 -0.007690931964189618 0.16427819222610146 0.010189481369424446 4.221730813091531 -0.24871490186195216 0.15128101420643383
256.77923583984375 -1 972.8677978515625 308.1761779785156 -1 972.8677978515625 308.1761779785156
0.9902596669985688 -0.012300920404123764 0.1319532626513502 -0.042694446345618656 3.7655954009305295 -0.9681770757109992 0.3398745054640835
212.64952087402344 -1 892.4818725585938 226.48727416992188 -1 892.4818725585938 226.48727416992188
0.983781213180094 -0.02060416559171006 0.17727645300127323 -0.01797365197891984 4.801560351219192 -1.526164978811126 0.20484488886906424
328.1614685058594 -1 603.0609741210938 328.1614685058594 -1 749.6101684570312 350.26092529296875
0.9890778391155792 0.0009900894086640457 0.14565034862068038 -0.022583707403646316 4.080368016285418 -0.6495490811726613 0.27393983218381396
200.963623046875 -1 922.4764404296875 200.963623046875 -1 925.6883544921875 256.5555419921875
0.9884668873901924 0.029044732054125496 0.14862429608939637 -0.000659306438771163 4.418267990156285 0.18600677831550547 0.15070111116058563
236.30123901367188 -1 746.4212646484375 236.30123901367188 -1 993.0957641601562 257.58544921875
0.9903703412084132 -0.011627504543236324 0.13228804868074678 -0.03913132465262019 3.72895205695962 -0.9042280061095295 0.3186789369555121
212.03826904296875 -1 853.5804443359375 218.10354614257812 -1 825.9539794921875 221.66575622558594
0.9852200806002568 -0.02750084790541709 0.16707488977873214 0.02590516072004366 -0.5611804323701312 -1.0935804249054748 0.08482454116118615
233.2208709716797 -1 766.9204711914062 233.2208709716797 -1 857.2012939453125 255.0213623046875
0.9859434444875008 -0.009605437261244508 0.16676293728577918 0.0036582229240606475 4.271452107439151 -0.10594385936738503 0.1841181982452346
233.23550415039062 -1 759.2101440429688 274.7307434082031 -1 487.3770446777344 335.5951843261719
0.9862210004397689 -0.008863473820701876 0.16490994076320198 0.009710229703179056 4.25487562717907 -0.19141783511434188 0.14626778311501829
271.7374267578125 -1 778.782470703125 277.785400390625 -1 757.6088256835938 282.951904296875
0.9859016579964477 -0.008988566065631384 0.1669730040013888 0.006094454421168088 4.272451319179972 -0.12046448019555347 0.1423275282118053
271.4022521972656 -1 721.9035034179688 289.17547607421875 -1 478.5693664550781 290.7134094238281
0.9896309663497307 0.008636100538601352 0.14219359760529876 -0.018356170876513124 4.416578241246765 -0.04005442808704165 0.21756129780097894
233.19287109375 -1 722.7709350585938 255.0853729248047 -1 783.5941162109375 264.66015625
0.9858024192662843 -0.008357475215332784 0.16767998203559456 0.0026770135055970284 4.281359461952242 -0.076708876629519 0.13037654839495663
289.2249755859375 -1 722.2882080078125 289.2249755859375 -1 1096.4912109375 301.47222900390625
0.9857841928227706 -0.010507979934270953 0.16748784241340922 0.008181086856940268 4.265772386860083 -0.15437764717120633 0.12093041705895141
233.59620666503906 -1 781.6560668945312 264.8807067871094 -1 807.9244384765625 267.0076599121094
0.9851566114611314 -0.0011785063966614391 0.17164929505712428 -0.0012575863735765963 1.2907929886102871 -1.182180697078483 0.1165761835426871
247.482177734375 -1 552.5906372070312 268.94268798828125 -1 552.5906372070312 268.94268798828125
0.9892870076410459 2.0743462243201884e-05 0.14460427137022802 -0.02002050907992711 4.025080891677929 -0.629783033156668 0.24082840413230036
231.4355010986328 -1 1027.257080078125 231.4355010986328 -1 932.79931640625 245.66116333007812
0.9883051448007232 0.03202417009878974 0.14908102948999125 -0.0014966416103785636 4.40954628787031 0.23252770561163216 0.15577730949919646
257.0215148925781 -1 748.2999877929688 258.86700439453125 -1 900.4989013671875 283.0000305175781
0.9884864674156294 0.033005610096118694 0.14766496834594117 0.00043653378464295333 4.404897682339033 0.3014831311467344 0.2004974823136676
245.79962158203125 -1 729.0439453125 269.29168701171875 -1 729.0439453125 269.29168701171875
0.9892528432584662 0.00841228856095848 0.1448076465405325 -0.018406276364327637 4.40725549892729 0.005955831429105294 0.20968478554332554
251.6623992919922 -1 717.1177368164062 251.6623992919922 -1 828.5051879882812 254.32772827148438
0.9887516937618389 0.007791714424457534 0.1481449882998591 -0.019037849433616715 4.398454964261915 0.053606207938418804 0.16897769673154608
274.3587646484375 -1 859.4808349609375 285.36700439453125 -1 727.632080078125 341.4009704589844
0.9886091058855958 0.008603328098751245 0.14901865786014917 -0.019273248695221998 4.394570123426742 0.12552104050588953 0.1428322718771099
239.28611755371094 -1 766.66552734375 239.28611755371094 -1 727.6275024414062 245.62432861328125
0.9887759971081177 0.009751024597106485 0.14782430429245644 -0.01936285419574347 4.401710376840975 0.09068262106020832 0.17692716632370983
239.18211364746094 -1 870.265869140625 262.0829772949219 -1 889.8070678710938 281.3896179199219
0.9887485352598451 0.028952251427724028 0.14666636385257478 0.0052037364499833705 4.395337415205516 0.4461897019006491 0.1780813280486326
223.58761596679688 -1 877.0313110351562 223.58761596679688 -1 650.789794921875 316.2037353515625
0.9886100675987884 0.008152490995303846 0.1490281499442084 -0.01934636030619579 4.395290375055224 0.16120083750056355 0.1435925197107015
238.8538360595703 -1 761.0966796875 238.8538360595703 -1 693.28564453125 276.39764404296875
0.988766258071562 0.03059375836370779 0.14629217894103894 0.001976671198580497 4.398045757863081 0.3656956576659477 0.1997857742120285
108.01831817626953 -1 1203.3309326171875 108.01831817626953 -1 747.6688842773438 228.33746337890625
0.9890208308009923 0.028758769928288318 0.14469309402478306 0.008639324942491016 4.420781574293989 0.5238819439664465 0.22102737266452624
247.67005920410156 -1 595.680419921875 264.1260986328125 -1 891.900390625 264.6636962890625
0.9881758636635105 0.008049747882546367 0.1519244382010352 -0.019042823036575073 4.390188227562302 0.20056352017864654 0.13830021824012784
271.1565856933594 -1 763.9956665039062 271.7091064453125 -1 363.1755065917969 353.9069519042969
0.9881820957620956 0.007505545875506765 0.15192481002726735 -0.018938439601032375 4.399052738444592 0.22747727274336216 0.13109578993809717
178.51731872558594 -1 1305.74658203125 178.51731872558594 -1 551.9418334960938 323.7304992675781
0.9889592144555132 0.028672825926632853 0.1451366612039399 0.008537609237261283 4.451936488307039 0.5716820736137839 0.2016318620669878
247.5732879638672 -1 777.1079711914062 247.5732879638672 -1 795.166748046875 247.88714599609375
0.9882090001057843 0.006211653796454946 0.15198205616565913 -0.017488340993293928 4.402808502659135 0.2732726999728696 0.13054306672177815
263.00677490234375 -1 865.7570190429688 263.00677490234375 -1 722.2307739257812 289.3692321777344
0.9861197103574616 -0.006063198750617527 0.165880964401179 0.003828852930253109 4.329653707111863 0.019158356887133868 0.06807344306685208
272.6966247558594 -1 722.3221435546875 288.97821044921875 -1 1096.0885009765625 351.7523498535156
0.9888086127548172 0.02873060903035316 0.1461828095316369 0.00791616346952865 4.479330953797935 0.6218129784499157 0.18568895698893548
233.689208984375 -1 766.2074584960938 233.689208984375 -1 906.3104248046875 281.0485534667969
0.9880297363173449 0.00729851264768373 0.15330802923061507 -0.015511932156709148 4.393855701627566 0.344179628002776 0.14009936909133194
258.34967041015625 -1 769.4653930664062 262.03802490234375 -1 769.4653930664062 262.03802490234375
0.9888257468544193 0.027775311437517148 0.146286937293586 0.0072323170292235206 4.489787654929137 0.656247976238096 0.14830761204076437
323.2294921875 -1 785.5372314453125 323.2294921875 -1 784.052490234375 333.42437744140625
0.9888293621795337 0.027485366098355384 0.14628297776506535 0.007895413747327744 4.497307897646139 0.7011594371141945 0.13993679245807708
266.62969970703125 -1 777.4165649414062 266.62969970703125 -1 363.8152770996094 353.4544982910156
0.9858174830605175 -0.00643772648786383 0.16768518840538316 0.0020306056596306114 4.3017709300630775 -0.04146094370020964 0.15037750915254025
271.36968994140625 -1 544.135498046875 273.22589111328125 -1 757.6272583007812 282.8122863769531
0.9835783836427173 0.0005097106384367976 0.1804784286354654 0.0009166368517232374 1.411361185574584 -1.1868787406807697 0.09196935981412845
238.19717407226562 -1 669.5816040039062 245.56980895996094 -1 669.5816040039062 245.56980895996094
0.9902952706331978 -0.011635057732130697 0.13286959433409543 -0.03905858797479517 3.687696423182133 -0.8682999661491889 0.3346154987789678
210.3174591064453 -1 825.388671875 226.536376953125 -1 818.4346313476562 234.4253692626953
0.9902398653502563 -0.011486065010588107 0.1335790843931676 -0.03807502586160612 3.647964683523359 -0.8338076417045824 0.35872949690777933
218.4537353515625 -1 789.7990112304688 225.35256958007812 -1 673.3989868164062 247.82896423339844
0.9877340694449508 0.004732206753257184 0.15536936287846123 -0.014811325251395745 4.377825924551663 0.40138449058799036 0.13803812307600688
268.6130676269531 -1 846.0489501953125 277.23626708984375 -1 751.31298828125 325.5069885253906
0.9888443694193795 0.028475913505213998 0.1460261035819189 0.007232737401300812 4.506703470604477 0.7295702426881016 0.1480853439024274
258.6777648925781 -1 500.0294494628906 268.85601806640625 -1 500.0294494628906 268.85601806640625
0.9888194989142056 0.028047083544267243 0.14628711623339366 0.007031308259343416 4.507490823251033 0.7651145608118156 0.16350380941136528
235.94161987304688 -1 804.7510986328125 235.94161987304688 -1 1001.688720703125 243.32095336914062
0.9896087375305187 -0.0011376801367367576 0.14239355838762768 -0.019933058392247485 3.9543899636141635 -0.6315458902936418 0.27757207019914243
196.86062622070312 -1 905.8711547851562 196.86062622070312 -1 951.9436645507812 257.94647216796875
0.9848813626582922 0.03837733779618246 0.16875645747264825 0.007559066959990106 -5.276363173955564 0.6900842536247136 -0.15521820827722202
225.85848999023438 -1 704.5239868164062 272.92962646484375 -1 906.2252197265625 280.9386901855469
0.9791140169864164 0.02570825037881042 0.20148789631586045 0.00880086594562049 -5.252017230551447 -0.8951851654515798 0.29361912070641993
257.1513977050781 -1 880.2542724609375 258.21337890625 -1 880.2542724609375 258.21337890625
0.9832479672489289 -0.020643283484832173 0.17941566308369647 -0.024643652084297887 4.764999049223175 -1.5613330993994523 0.2787603915888238
347.37921142578125 -1 588.7899169921875 359.202880859375 -1 588.7899169921875 359.202880859375
0.9849221676048711 -0.01738488362371481 0.17120695241766126 0.01772763452265676 -0.20502501709642576 -1.110143462206734 0.19636861418805643
238.17730712890625 -1 895.8390502929688 342.7977600097656 -1 1126.2633056640625 344.0508728027344
0.9851373061112085 -0.024352090212551303 0.167908223616149 0.026800974838617892 -0.31022545678605706 -1.1147766532088197 0.19757402891317255
257.221923828125 -1 970.3482055664062 336.185791015625 -1 970.3482055664062 336.185791015625
0.9888107992257207 0.02688120532572193 0.14661293460439384 0.005937300861122213 4.499561750608645 0.7925611162462487 0.16129897946056662
262.73712158203125 -1 865.706298828125 262.73712158203125 -1 841.242919921875 286.73394775390625
0.9889930291242492 0.026963883553202412 0.14539973693487004 0.004965261991248935 4.495291574013298 0.8196611172739273 0.1674633364776081
329.6182556152344 -1 791.8178100585938 335.1244812011719 -1 1199.561767578125 335.47882080078125
0.9889608995215898 0.02882973024280548 0.1452855244222596 0.004159599130224957 4.485282143306923 0.8508629735413167 0.17302647735141716
249.85385131835938 -1 367.7128601074219 361.3442077636719 -1 901.1217651367188 364.82708740234375
0.9888496861191461 0.02662641458251265 0.14646341212312441 0.003975074565086173 4.466407660032759 0.8739051522321536 0.1461827092139662
287.73712158203125 -1 933.2247924804688 322.47967529296875 -1 933.2247924804688 322.47967529296875
0.9886843996684926 0.026636064551165562 0.14759133579105535 0.00323659030314436 4.453969119303993 0.8981367765315001 0.13085599550534846
306.2710266113281 -1 807.1616821289062 331.9986267089844 -1 475.0610046386719 334.0357360839844
0.9885994359376314 0.028345710204733976 0.1478566700405449 0.002465988910672272 4.453702401605072 0.9183798170683181 0.13345351492517663
223.94761657714844 -1 895.0382690429688 283.281494140625 -1 1154.9088134765625 314.9144287109375
0.9884671607773772 0.028674306987314803 0.14866733747579272 0.002911863899086401 4.454321027478481 0.9523117278630308 0.11568881295862377
247.71041870117188 -1 672.8451538085938 247.71041870117188 -1 1068.6875 299.076171875
0.9879522623320639 0.028400946377718412 0.15209308250461387 0.0033775511915278716 4.471893530733902 1.0309780908446151 0.09985409783857814
232.40016174316406 -1 887.2548217773438 232.40016174316406 -1 634.5010986328125 250.90048217773438
0.9881174952144982 0.02769615414479369 0.15114512807867203 0.0034480363536062214 4.4564258167637725 0.9928246741496658 0.12279119057076246
230.0309295654297 -1 896.62548828125 257.3972473144531 -1 896.62548828125 257.3972473144531
0.9875452258354946 0.028403995910810213 0.15471413411570545 0.003343149809413069 4.482441494920547 1.0981461380752398 0.07702112850590519
220.1430206298828 -1 700.3533325195312 223.91995239257812 -1 652.4747314453125 226.8748779296875
0.9875766897986246 0.02766207918856584 0.15462511722201985 0.004261955587935508 4.485810225224108 1.1406610074950876 0.07741120217983229
247.6067657470703 -1 761.865478515625 269.0523376464844 -1 761.865478515625 269.0523376464844
0.9874645672393488 0.029167608259549463 0.15502288366977707 0.005557392727697737 4.480762357796521 1.2055790933866897 0.07803873795887369
244.5290069580078 -1 652.7160034179688 249.95693969726562 -1 642.2967529296875 277.37591552734375
0.9869410381180951 0.0026104968993439608 0.1608386442671513 0.008455950249390646 4.244405205259851 0.7968352984650057 -0.07311748825521984
272.2530822753906 -1 955.0785522460938 334.0418395996094 -1 720.5225219726562 353.38885498046875
0.988298515199428 0.0044867106497250685 0.15241602958832381 0.003907455269467445 4.27395312414088 0.71524882731735 0.0326106699343925
264.87847900390625 -1 815.8578491210938 264.87847900390625 -1 763.1887817382812 341.232177734375
0.9886210997180807 0.005152914959928004 0.15027913193617082 -0.004236881416752051 4.300539205406048 0.6133294693959738 0.09967339892020238
268.9433288574219 -1 870.2684326171875 268.9433288574219 -1 938.5407104492188 279.8540954589844
0.9876208128034795 0.028417112616924322 0.1541267808226133 0.006521752921542126 4.479088151933371 1.2679675784289557 0.06147850402707379
210.01844787597656 -1 600.7354736328125 210.01844787597656 -1 723.3187255859375 255.0751190185547
0.9878385127700903 0.028088008603653722 0.15272944657265955 0.007736446888995805 4.476910803234625 1.3281336418752483 0.03576300763397593
220.07736206054688 -1 810.8403930664062 229.3981475830078 -1 714.81591796875 259.20587158203125
0.9879873426310556 0.028376803990023083 0.15161166246055655 0.009469509072984996 4.465940104557726 1.3734037427742265 0.05564128894227173
208.1208953857422 -1 722.7021484375 252.13348388671875 -1 568.8048095703125 258.634033203125
0.9880044456326468 0.029553714604868123 0.15114635710009214 0.011338963733598311 4.451186229562942 1.4155076433204432 0.060213313244212543
199.50839233398438 -1 702.885498046875 226.03172302246094 -1 702.885498046875 226.03172302246094
0.9880457840119291 0.02979791715472889 0.15056604210181365 0.014404158957996644 4.437140504410932 1.4822434552381079 0.06546620249016093
210.33168029785156 -1 817.3106689453125 210.33168029785156 -1 814.0789794921875 228.46163940429688
0.9865562163862179 0.020676637591711303 0.16210570067787836 0.001024878209963603 4.368620723723293 1.2056826271282295 0.13882587177974645
230.6375732421875 -1 798.8375854492188 303.17578125 -1 798.8375854492188 303.17578125
0.9882453554873181 0.027792272998938883 0.14954880564268339 0.01529253576565486 4.438002662304259 1.541977515756659 0.04289240420311781
215.15911865234375 -1 721.1875610351562 225.075927734375 -1 721.1875610351562 225.075927734375
0.9861972821347571 0.020759432392092166 0.16426797168906396 -1.240715258865886e-05 4.3697141783628375 1.1549789974987374 0.14397399700976526
275.0582580566406 -1 707.284423828125 275.0582580566406 -1 919.1130981445312 287.9143371582031
0.986571859216287 0.02186269626885766 0.16184382552952592 0.0021366451139495364 4.374404088077896 1.265776759844464 0.15313908316149583
215.2503204345703 -1 692.868896484375 236.7305908203125 -1 692.868896484375 236.7305908203125
0.9878064725843 0.028129401162531226 0.15258243125235582 0.01287288560968546 4.4442814198777745 1.5710477691829485 0.0382528062146698
233.05734252929688 -1 767.0232543945312 233.05734252929688 -1 670.2129516601562 245.55870056152344
0.9863626404085138 0.02019079491312301 0.16323793625996205 0.005869375836475553 4.378236947714814 1.3432515188121619 0.16239025647547226
325.71002197265625 -1 735.2181396484375 325.71002197265625 -1 960.1748046875 342.75653076171875
0.9872436077455976 0.029048676503151283 0.1559919232681454 0.013143562453801433 4.4531769355722695 1.6289733493366052 -0.012181154184597268
233.31637573242188 -1 758.8880615234375 234.3445281982422 -1 720.1388549804688 274.14410400390625
0.9864257192938028 0.02057105869440467 0.16268287048427174 0.008684210435785473 4.390316100775662 1.4189709190506408 0.11742830609918047
243.86253356933594 -1 783.4954223632812 243.77993774414062 -1 795.1771240234375 247.48526000976562
0.9865602381904668 0.02146748186888924 0.16160038652694006 0.011106696994253097 4.391624186730265 1.500387077552767 0.09795686222377226
239.93560791015625 -1 841.75146484375 286.505859375 -1 722.3077392578125 288.94110107421875
0.9869577367216532 0.029127932676474767 0.15807171328399647 0.008906341714118655 4.478506447662732 1.646396484833543 -0.00922083572147493
336.97344970703125 -1 368.7667236328125 349.47552490234375 -1 726.9658203125 351.123779296875
0.9857088556244671 0.018439287205456914 0.16744261660535262 0.0010073605169577914 4.37769859715394 1.1167721591035387 0.10313199126763684
233.8238525390625 -1 766.4647216796875 233.8238525390625 -1 727.0923461914062 235.62318420410156
0.98593067024568 -0.0009198598549261835 0.16624418582937606 0.01739936793907043 4.196565957681625 0.9030553985710004 -0.07453421026575176
289.2768859863281 -1 721.5172729492188 289.2768859863281 -1 919.1842041015625 355.47314453125
0.9864614370341419 0.025851006456890962 0.16153701644476046 0.011460847605074528 4.473389518454828 1.7333633232947196 -0.04130076917691788
271.9857482910156 -1 795.18603515625 271.9857482910156 -1 751.49169921875 309.1878967285156
0.9863113087817911 0.024753085527092 0.16285132498176885 0.00753212305537031 4.490356443025461 1.7629466501575293 -0.10113222590553336
184.2436065673828 -1 766.2398681640625 233.23245239257812 -1 722.109375 289.15966796875
0.9863249291441311 0.02369318283861731 0.16297455254862178 0.006407999483233351 4.493832492242223 1.8110941884167093 -0.11042423986458137
203.8639678955078 -1 747.495361328125 203.8639678955078 -1 962.0911254882812 255.4364776611328
0.9863752757501495 0.024211605150902465 0.16255870487587523 0.007230562489277421 4.487240606087584 1.8677874383509416 -0.11428635712443545
224.23118591308594 -1 717.6568603515625 224.23118591308594 -1 795.6549682617188 247.3240509033203
0.9863823433233797 0.024183545731809683 0.1625085459454367 0.007483407674025567 4.47797242746266 1.9115131881633032 -0.11602456050131259
235.85279846191406 -1 772.594482421875 254.8074188232422 -1 739.8438720703125 302.0994567871094
0.9864656904796539 0.02277349063090061 0.16211554242578524 0.009239076521893944 4.46502621791687 1.9647147304161967 -0.12399434847846272
231.20213317871094 -1 993.0050659179688 257.1070861816406 -1 993.0050659179688 257.1070861816406
0.9864824408947741 0.02323470019762345 0.16192734727455563 0.009595661396732685 4.457936474011078 2.005834397651618 -0.11636183859882733
211.61013793945312 -1 734.6204223632812 223.1660614013672 -1 692.4376831054688 236.6118927001953
0.9864109676393648 0.023338534018456016 0.16235884526731598 0.009397931373731584 4.451207641460397 2.048425390454904 -0.11426937160626745
214.93287658691406 -1 697.6768798828125 348.8431701660156 -1 450.6293640136719 349.8968200683594
0.9864067097673662 0.022657923753054244 0.16246671024271864 0.00964310531044656 4.445176393731001 2.103488091952844 -0.11404571928655526
204.46653747558594 -1 730.7109985351562 221.86318969726562 -1 765.9530029296875 233.5586395263672
0.9864053550168482 0.020032901306522414 0.16266253254526616 0.012002456635580881 4.431973766874473 2.1725204359971872 -0.11368861119812167
189.81333923339844 -1 746.3369140625 189.81333923339844 -1 685.0093383789062 248.8704833984375
0.9865535356710273 0.020086061045387026 0.1617269142486503 0.012372413438197784 4.431613622455704 2.220775927330242 -0.10720484256914585
198.07342529296875 -1 792.467529296875 204.456298828125 -1 736.9488525390625 215.13021850585938
0.9865681796459722 0.0201883829888508 0.16154245030309528 0.013404956262534058 4.4248790375466465 2.2698402850171706 -0.10163149153411871
206.5381317138672 -1 767.5452880859375 236.58119201660156 -1 943.691650390625 248.0819549560547
0.9871485907705684 0.013481111232031127 0.15907830828456176 0.007071860642890006 4.369531556321155 1.902103698373919 0.03409344493908487
273.1741943359375 -1 776.8449096679688 273.1741943359375 -1 1180.096923828125 307.8744201660156
0.98695724755819 0.015175264304467176 0.1601460154336285 0.00619326944216514 4.373489390783997 1.8222039961689906 0.037256189642516334
222.14947509765625 -1 707.823974609375 258.1009826660156 -1 691.204833984375 263.3180236816406
0.9869541271486976 0.014406039769725418 0.16022508234778976 0.006476102913758788 4.376113256431088 1.745047231089863 0.03284866626624352
220.88906860351562 -1 734.29638671875 223.0865478515625 -1 720.3067016601562 343.441162109375
0.9871880421871522 0.012525362684241002 0.158869089855718 0.007968496767981732 4.361106459350618 1.9836350280195445 0.007183265867833722
209.07655334472656 -1 721.8416748046875 229.6919403076172 -1 769.7118530273438 253.0937957763672
0.9872426181239492 0.011657149026000754 0.1586205225534536 0.007460138150543032 4.363452058023264 2.0550598774267335 0.021727070149240704
226.99050903320312 -1 670.1820678710938 245.3719024658203 -1 675.3024291992188 302.5855712890625
0.9866285917538259 0.01914041611004754 0.16126238652344993 0.013860342627728355 4.419994084772824 2.3174279051515163 -0.09783681123485445
201.319091796875 -1 827.9688110351562 201.319091796875 -1 873.4299926757812 226.11611938476562
0.9870225013799471 0.01592486369124623 0.15950869017508337 0.009484632028540035 4.373532484914482 1.6952280725957272 0.07441459725338108
233.86277770996094 -1 738.4920043945312 331.6506652832031 -1 738.4920043945312 331.6506652832031
0.9868102131469408 0.019340315497731412 0.16011899358423137 0.013909109206212519 4.419475741606894 2.370005057377993 -0.12066820745517268
239.05117797851562 -1 694.136474609375 256.771484375 -1 796.669677734375 256.9271545410156
0.98692849006475 0.01994199433571752 0.15937433286807273 0.013202059812153647 4.425464295814484 2.418741026625264 -0.10028548964303824
226.02706909179688 -1 873.298583984375 226.02706909179688 -1 735.9241943359375 271.6632995605469
0.9864213043826257 0.004958492283925984 0.16410073731977554 0.004401320876252168 4.40378755396273 2.2698317013012734 -0.09630394487662425
233.27569580078125 -1 993.076416015625 257.6391906738281 -1 993.076416015625 257.6391906738281
0.986661686517356 0.01828993068251465 0.16125124344360386 0.012737004445598903 4.423888504801962 2.471072179924681 -0.14385316682508378
237.31719970703125 -1 889.527587890625 281.3000183105469 -1 969.842041015625 288.5682067871094
0.986598949732793 0.019115073808654622 0.1617014829823181 0.010476485133796818 4.433671464033164 2.493863227675501 -0.16714674976320584
241.80859375 -1 723.1640625 252.34725952148438 -1 715.7907104492188 305.3164367675781
0.9865392187410765 0.017111721483152136 0.1622471391703673 0.011109667171470137 4.421918955390893 2.548043869357161 -0.1818618675634593
236.40065002441406 -1 990.6693115234375 328.07525634765625 -1 716.4752807617188 335.5176086425781
0.9865289687064073 0.005769183671413521 0.16341982937131147 0.00461191837411437 4.4119324429776405 2.3350242449437433 -0.11642657847511087
293.5681457519531 -1 1096.4949951171875 301.8472900390625 -1 1096.4949951171875 301.8472900390625
0.986973176066653 0.005750344335434469 0.16059433722414698 0.007768018824927972 4.402366070816778 2.4691039586521124 -0.1416524435215745
235.96070861816406 -1 805.0642700195312 235.96070861816406 -1 764.3635864257812 282.61370849609375
0.9866460143300935 0.013688116900865672 0.1620136061109388 0.009688616886786619 4.413418165126624 2.572406632918396 -0.21335627238112162
233.87684631347656 -1 1000.1995849609375 233.87684631347656 -1 893.4447021484375 274.93511962890625
0.986952260733941 0.00791355689857433 0.16050383896018233 0.010056258171894818 4.394599456330647 2.5339130890419046 -0.16075810540101035
340.7220764160156 231461 775.4400024414062 346.0179443359375 254691 442.7041015625 354.9957275390625
0.9870392268759858 0.00913051263607989 0.15992362890445705 0.009727860252297375 4.398014100379895 2.5625210724149126 -0.16895474784257256
219.18545532226562 -1 370.4791564941406 219.18545532226562 -1 895.3992919921875 235.84043884277344
0.9869133290968706 0.010975698655555652 0.16069299127146627 0.007705676231403816 4.410215535801423 2.578167109698779 -0.21413468737935504
295.20013427734375 -1 802.99169921875 324.23236083984375 -1 728.654052734375 335.181640625
0.9871736289657316 0.009268212486540877 0.15908710200819512 0.00967576800913714 4.39480158373397 2.5909816483451653 -0.1704925334768752
247.8732147216797 -1 943.4430541992188 247.8732147216797 -1 508.9425964355469 296.6109924316406
0.9872401318186708 0.009407718846567333 0.15871003834511557 0.008918558249487459 4.394145502188186 2.6003849971811355 -0.16523279361586457
235.08824157714844 -1 798.1639404296875 237.97210693359375 -1 716.4861450195312 330.2529296875
0.9871417831026712 0.009571968336470492 0.15933028998140616 0.008563653979793577 4.397002401402045 2.5988257825361707 -0.18039820649246147
201.5532684326172 -1 828.5472412109375 201.5532684326172 -1 818.8024291992188 234.5182647705078
0.9868530146801265 0.006038748288914892 0.16139191678976816 0.0061082019264050305 4.409049997275305 2.410396713986631 -0.13934014780278522
362.6100158691406 -1 712.8819580078125 362.96453857421875 -1 1294.830078125 368.0911560058594
0.9869583913611413 0.006142506210974344 0.16081214812092215 0.0038543943766749813 4.4026881254418715 2.191987453861717 -0.04130972486630207
258.7441101074219 -1 721.6759033203125 289.004638671875 -1 721.6759033203125 289.004638671875
0.9871281237712783 0.0104044746077886 0.15946090767712298 0.006483293200214098 4.374737832023665 2.131371890329461 -0.02512512197796449
222.35267639160156 -1 804.8735961914062 235.79550170898438 -1 714.5902709960938 258.39910888671875
0.987046960015743 0.017022239119231165 0.1591768085612788 0.010549204486317895 4.38230002492729 1.622058412389828 0.10496513926538364
289.035400390625 -1 629.4683227539062 313.6028137207031 -1 629.4683227539062 313.6028137207031
0.9866950990064282 0.019062537711101148 0.1610120722848821 0.012021390569967526 4.383838989476418 1.5643851684081134 0.15456614533056334
269.318603515625 -1 704.9578247070312 290.52520751953125 -1 467.15740966796875 301.0594177246094
0.9857096813022185 0.015408796435256477 0.16773774817754422 0.001743850860227091 4.4018394797066795 1.0247072147134966 0.12165017218889397
289.23681640625 -1 722.0814208984375 289.23681640625 -1 835.2229614257812 297.4478454589844
0.9857164150505424 0.01718070058053231 0.16752731914481456 0.0016031118552436198 4.395528437414566 1.081562760375625 0.11730332675670416
257.5382385253906 -1 993.2584838867188 257.5382385253906 -1 642.7107543945312 272.3739318847656
0.9883822688217057 0.003483473682965777 0.15157472523443924 -0.010651702214297067 4.336279053359291 0.5221325625295352 0.08489038696491075
288.99322509765625 -1 679.857177734375 292.1831359863281 -1 679.857177734375 292.1831359863281
0.9879124962486764 0.0036600786803054073 0.15432640348091675 -0.01410194200840657 4.363621402499403 0.45781045302649814 0.09073399412273746
235.93646240234375 -1 805.0257568359375 235.93646240234375 -1 863.71240234375 254.034423828125
0.985496719034001 0.014470589855860845 0.16905205316902397 0.0028674242414083286 4.4000574894795506 0.935218537364603 0.0980745589659498
247.7967987060547 -1 934.8336181640625 313.91619873046875 -1 720.6339721679688 334.924560546875
0.9856870910271971 0.014951783104008387 0.16790770843577313 0.0020986215000005346 4.4050032727828405 0.9755560560357583 0.12192726862953347
340.699951171875 -1 897.9598388671875 357.1463317871094 -1 901.0614624023438 358.081787109375
0.9860832255940164 -0.012697602214686741 0.16564599611081035 0.0063282756383771024 4.3528195972104795 0.11997028900165757 0.18000537984486673
268.75518798828125 -1 722.2565307617188 289.4256286621094 -1 501.83599853515625 293.5711364746094
0.9863619180855814 0.008345388953308067 0.1643661541844275 -0.0020708433963079636 4.409757664356565 0.5898874514385353 0.12600178402501336
257.4226989746094 -1 763.2262573242188 341.47332763671875 -1 947.8102416992188 344.91888427734375
0.985710404448943 0.01160365826715591 0.1680309762276339 0.002438176349018135 4.404421240237707 0.8883255560421396 0.10733117435477278
287.4313049316406 -1 711.7212524414062 287.4313049316406 -1 630.4176635742188 299.8091735839844
0.9901260060102994 -0.002623863897682182 0.13913841289907708 -0.016855551496907095 3.783184803104587 -0.5845341241954635 0.36360923409847695
239.7928924560547 -1 552.2266845703125 268.4804382324219 -1 902.3375854492188 274.6820373535156
0.9900707664095276 -0.001948606096253725 0.13932312074385947 -0.018578171646435684 3.8365581020469093 -0.6046998447404175 0.3518065100464375
233.14227294921875 -1 952.1904296875 257.7243957519531 -1 954.992431640625 334.0526428222656
0.9900037961728307 -0.0021091354954053156 0.13968561410689717 -0.01938979944262762 3.8894353545069094 -0.62232899743808 0.3911918158420606
235.86695861816406 -1 804.7658081054688 235.86695861816406 -1 888.0379638671875 236.35931396484375
0.9859505206415573 -0.008753987499056232 0.16672176033542824 0.00536592770773376 4.338099801052299 0.07469772072491224 0.0953442367160031
277.681884765625 -1 722.1339721679688 289.1629638671875 -1 815.418701171875 292.5393371582031
0.9902306133508462 -0.011316777836534482 0.13350499633260204 -0.03862225882101571 3.5994673631847283 -0.8153491393511783 0.35746949164853326
235.7244873046875 -1 833.5028076171875 323.0810546875 -1 833.5028076171875 323.0810546875
0.9904482651866325 -0.005057114448152576 0.13693491811989977 -0.015345611155794725 3.6883703719186216 -0.5671023708199541 0.3944435167591794
215.59788513183594 -1 1027.781005859375 231.17626953125 -1 849.5718383789062 242.14999389648438
0.9900502337862543 -0.010595382055284392 0.13371100424052912 -0.042539861352325764 3.5361080029882097 -0.8120504345685207 0.33473278224448205
182.8329620361328 -1 1152.6585693359375 182.8329620361328 -1 873.4241333007812 226.0740966796875
0.989617053069063 -0.008781416099260005 0.13603727794243534 -0.04555034595047083 3.477048034816438 -0.8062037463137414 0.31321735896276326
244.04013061523438 -1 783.048828125 244.04013061523438 -1 921.9113159179688 295.77239990234375
0.9902446198988437 -0.0047181684706265065 0.13843698817835823 -0.015117273291920651 3.648473282236827 -0.5460530553549484 0.3696827879667354
215.42332458496094 -1 835.9370727539062 231.38583374023438 -1 878.9073486328125 295.8531494140625
0.9901107015010473 -0.006457197068172983 0.1395669445298527 -0.01265588296911003 3.601747280300022 -0.5123543153768056 0.36562462321524386
215.7681884765625 -1 914.9766845703125 277.9037780761719 -1 914.15380859375 284.8906555175781
0.9896113137271995 -0.009595469477934325 0.13671397101372937 -0.04343575529770034 3.4382614442758705 -0.778550439917623 0.2906251032219834
236.24273681640625 -1 783.3118896484375 243.98416137695312 -1 943.8268432617188 248.01898193359375
0.9894942488442655 -0.009008579214390062 0.13724891635793068 -0.044527653915680365 3.3797498803195296 -0.7723749890896275 0.3043688619316788
219.87062072753906 -1 732.3839111328125 224.90724182128906 -1 732.3839111328125 224.90724182128906
0.989284788129305 -0.008503122042302401 0.13866000226485697 -0.04490777954207782 3.324972011789388 -0.755734291571045 0.2965409817934097
217.34228515625 -1 741.4232177734375 217.34228515625 -1 829.4780883789062 228.4025421142578
0.9900434280811291 -0.006402725753854149 0.140164340273254 -0.011268244408540207 3.5512177971879484 -0.4828591554472384 0.34190308285795207
233.48202514648438 -1 766.474853515625 233.48202514648438 -1 999.9962768554688 234.11557006835938
0.9904280119807208 -0.0051673554879636055 0.13687901481862041 -0.017023126136588462 3.734179595651557 -0.5930421578019587 0.44972296508835197
219.57650756835938 -1 866.3345947265625 270.68017578125 -1 819.8602294921875 327.7277526855469
0.9879100473137307 -0.020722907492351075 0.15295138392063004 0.014497367982160145 0.6690798756818334 -0.9858127115550077 0.05035902646469605
247.84739685058594 -1 757.5972290039062 283.0398254394531 -1 862.4465942382812 297.4141845703125
0.9868797980980253 -0.016237833578148998 0.16063343492595458 -0.0012232949679177251 0.8511472734788985 -1.050434333853541 0.19490211400997523
174.5550079345703 -1 1345.3470458984375 174.5550079345703 -1 643.0225219726562 271.8800354003906
0.9876123973488984 -0.01841950260763307 0.1557454197075656 0.005083184687109791 0.760100948323792 -1.0210767785072563 0.17675852633914027
303.9425964355469 -1 436.4397888183594 325.4043273925781 -1 436.4397888183594 325.4043273925781
0.9863328220839753 0.00398541158389779 0.1646935447037316 -0.002777932196414616 4.40376326590817 0.5424389122215166 0.11743368919015634
292.8785095214844 -1 794.3385009765625 296.77178955078125 -1 794.3385009765625 296.77178955078125
0.986019615887962 -0.01289198226462872 0.16599301007856068 0.006740510552102647 4.355920195954688 0.17371289288656375 0.18240184024417352
271.7715148925781 -1 368.46148681640625 349.3941955566406 -1 368.46148681640625 349.3941955566406
0.9900839492439918 -0.009897665174701186 0.1397841042658225 -0.00980886681079746 3.494977712033552 -0.4513142755695757 0.320255240856647
245.78785705566406 -1 904.1343994140625 304.9249572753906 -1 904.1343994140625 304.9249572753906
0.989274463233564 -0.007481569185676091 0.13901888277172994 -0.04420195413512525 3.269560026062569 -0.7321093341356693 0.295918937882697
252.55674743652344 -1 767.0530395507812 257.6358337402344 -1 843.0032958984375 268.7674865722656
0.9892114146325348 -0.005998774669580963 0.13983896214616956 -0.04324183771586532 3.206032643213715 -0.7130635281705243 0.30389095187404125
219.7002410888672 -1 773.2967529296875 239.44949340820312 -1 876.1442260742188 251.36463928222656
0.9892543530127532 -0.010757816051707803 0.14566622277810345 -0.0064378552854610195 3.381238040487464 -0.3937322693030638 0.3209702211714333
283.0924987792969 -1 823.0391235351562 306.8193359375 -1 491.7786865234375 342.1969299316406
0.9890002768791541 -0.005482300206689668 0.14157245451039197 -0.042492785755975065 3.1461820407955137 -0.6752220280241257 0.292799462280416
163.7980499267578 -1 528.0838623046875 163.7980499267578 -1 785.3504028320312 247.39093017578125
0.9888047593057082 -0.010530472546215745 0.14879890434422147 -0.0036253535404263217 3.329625641358551 -0.37023064291919716 0.31090715545849024
226.30917358398438 -1 747.4050903320312 227.8565216064453 -1 771.069091796875 229.91477966308594
0.9895937114842666 -0.010633074403641236 0.14328585126284876 -0.007771019714419557 3.4331185702643987 -0.41514119103751257 0.3380602711136955
235.9000701904297 -1 805.05126953125 235.9000701904297 -1 722.3974609375 289.3681945800781
0.9885124544230276 -0.008394294533818259 0.15088542709361757 0.00250023211281891 3.273680009112725 -0.32942656350038 0.2841922504642739
222.14015197753906 -1 745.9810791015625 235.9873046875 -1 777.0724487304688 272.8133544921875
0.9880576073049504 -0.007765100313120172 0.1533464539358874 0.012912510570469956 3.140601448648769 -0.30394552112913603 0.24549570906533683
218.73776245117188 -1 757.6718139648438 282.9857482910156 -1 650.6532592773438 298.9558410644531
0.9889274237026544 -0.007627498041174261 0.14193218506554073 -0.042657083409250604 3.084001146018298 -0.6442411822003853 0.2801827787642319
163.74795532226562 -1 865.2495727539062 239.00750732421875 -1 865.2495727539062 239.00750732421875
0.9880063226579284 -0.005610765929146996 0.1541032420883879 0.008013518047244645 3.063399684941094 -0.3565545937531537 0.238904234936796
210.6811065673828 -1 796.9689331054688 238.6862335205078 -1 735.1056518554688 255.79595947265625
0.9883077461814769 -0.009368676619073058 0.1518732341163485 0.009723553627028552 3.212704843215845 -0.3035480797316621 0.28839538903207923
237.6462860107422 -1 900.8671264648438 283.1376647949219 -1 950.0486450195312 285.0468444824219
0.9883405763986205 -0.0015428969030827223 0.15218716695029977 0.00442614152855865 2.9968587672820375 -0.3856847310739327 0.2086619696776469
206.90968322753906 -1 993.1922607421875 257.2821960449219 -1 908.991943359375 259.825439453125
0.9892648875371551 -0.007072994202315249 0.1401830593381099 -0.040665278970171415 3.007509214916988 -0.6069789518180193 0.31790911931233196
272.1137390136719 -1 856.5531616210938 285.1936340332031 -1 731.06787109375 288.42767333984375
0.9892550888631125 -0.007364056289544949 0.14170465581303307 -0.03521264480708329 2.834619182368195 -0.506552298057793 0.2718467362783677
230.0413818359375 -1 733.6110229492188 242.87289428710938 -1 783.1436767578125 243.8557891845703
0.9893598372552227 -0.004789279198437439 0.14041108473287017 -0.0378008269118202 2.893989683167331 -0.5441471530077052 0.3050382571742311
205.720458984375 -1 844.8695678710938 226.0745849609375 -1 844.8695678710938 226.0745849609375
0.9888681301321564 -0.007503248164691156 0.14508430012294546 -0.03215693290329408 2.779236983644079 -0.4702332862963145 0.25969472552304007
215.95140075683594 -1 797.267822265625 222.95924377441406 -1 739.1868896484375 225.0043487548828
0.9883844120282868 -0.007119580632326681 0.14910906607045193 -0.028496526923740856 2.7182982920399756 -0.431937904444142 0.2248593383813769
220.6063232421875 -1 707.0973510742188 234.94114685058594 -1 798.268310546875 237.58876037597656
0.9908558295340117 0.0037725732958669564 0.13427226394348438 -0.012706372601341694 2.731501245074056 -0.5265096163804613 0.3610350391817489
225.7451171875 -1 814.0037841796875 259.8243713378906 -1 877.6261596679688 280.8691101074219
0.9900772246743499 0.009730468446689627 0.13895989266739323 -0.018508252073375978 2.6446397865527804 -0.5604130649381557 0.3370218387697717
239.59402465820312 -1 774.9351196289062 255.8943634033203 -1 789.697998046875 258.5400085449219
0.9902729112433221 0.00923383910118105 0.13778687755678654 -0.017002171810694335 2.6691993765511888 -0.5600101270298694 0.34147190631747815
205.42831420898438 -1 756.6363525390625 205.42831420898438 -1 743.3795166015625 242.58505249023438
0.9904365140796159 0.007978036202361658 0.13670448915966515 -0.016844736856591498 2.680377364690506 -0.5599355487361167 0.3470450323162149
219.2036895751953 -1 755.2493286132812 238.6759796142578 -1 787.184326171875 238.8126983642578
0.9906916909796735 0.0049179098896563415 0.1352261743138846 -0.014821247133207087 2.6973499906940086 -0.546386282107372 0.3433082205717425
179.46633911132812 -1 766.3053588867188 233.57229614257812 -1 701.6976318359375 244.48658752441406
0.9901244424369912 0.013260079712478999 0.13914736641022968 -0.010759609470306663 2.539371705583417 -0.521712161536076 0.31361262431310466
235.93141174316406 -1 695.5111694335938 249.8061065673828 -1 769.7821044921875 262.1009521484375
0.9902762904193283 0.012742959510768178 0.13786518482135854 -0.013552727784985511 2.5755245243475113 -0.5356914773138246 0.31691761877197183
205.0028076171875 -1 766.8313598632812 233.14671325683594 -1 554.6329345703125 238.0074920654297
0.9899972334558074 0.014172719840948398 0.13995263222315002 -0.010856910056239252 2.5003235207031707 -0.5180489365133829 0.29162566305605686
233.5182342529297 -1 672.8278198242188 247.2938995361328 -1 675.5296020507812 259.24169921875
0.9899649420689098 0.010309914985980323 0.14007414638317472 -0.015567679419453584 2.6065909658484467 -0.5459431565895237 0.30494271009844953
249.5748748779297 -1 851.9056396484375 254.00189208984375 -1 634.7738647460938 255.9683074951172
0.989898933174445 0.013188968516277185 0.14091744622119104 -0.008272034820417409 2.4601145055326854 -0.49408729168423793 0.3092178433913911
248.57887268066406 -1 758.532958984375 248.57887268066406 -1 814.87451171875 262.759033203125
0.9873840894715645 -0.002483240774042787 0.1557586946708258 -0.028385249833460403 2.574091597692417 -0.39274206476626794 0.17844936610854137
215.32383728027344 -1 699.5007934570312 215.32383728027344 -1 768.1181640625 236.24774169921875
0.9879694161186371 -0.006048868568512756 0.15205038707241436 -0.027577595877254984 2.654008981513623 -0.41160922843987413 0.20630299821575815
188.09603881835938 -1 1554.1197509765625 188.09603881835938 -1 774.7946166992188 231.4637451171875
0.9898965786486555 0.011307683932853585 0.14118290369154737 -0.006654890606483603 2.4211383415224685 -0.4759750333573817 0.31100132189530105
227.05191040039062 -1 770.26318359375 252.36070251464844 -1 915.0270385742188 278.0237731933594
0.9906813705283297 0.0013689654689550195 0.13598492464937162 -0.007526505813458721 2.7919839684822536 -0.48810620748941874 0.3369926624232292
215.0917205810547 -1 767.7357177734375 236.5610809326172 -1 767.7357177734375 236.5610809326172
0.9898899077700137 0.010575159077830985 0.14132018616538128 -0.00589419101610377 2.3745970990860568 -0.45650762472411754 0.3137679475518972
215.43301391601562 -1 699.5841064453125 215.43301391601562 -1 993.3890991210938 257.7539978027344
0.9899301490840348 0.009988874354226901 0.14112291398179885 -0.0047796938063149885 2.32478735481038 -0.4369429647618144 0.304609664095218
261.88653564453125 -1 571.531982421875 322.6748352050781 -1 571.531982421875 322.6748352050781
0.9898413603972441 0.008816249317906439 0.14186641909762257 -0.003205327957555401 2.274756569914415 -0.4153316731530659 0.29164018856688834
257.5552062988281 -1 687.4078369140625 272.8896484375 -1 763.9889526367188 283.102783203125
0.9895630860450678 0.007114250083976106 0.14390226058172062 -0.002534873206864757 2.2167357314068776 -0.39961537615745735 0.2708118285853462
255.89889526367188 -1 535.0055541992188 287.0897216796875 -1 487.94757080078125 335.3978271484375
0.9892590082820187 0.005359298173557915 0.14607378848240668 -0.0005837588207233414 2.1638568348478615 -0.38445900749578876 0.2744346944258716
226.63272094726562 -1 535.063232421875 287.71014404296875 -1 535.063232421875 287.71014404296875
0.9866617277057992 -0.0034187389250586258 0.15981749406587717 -0.030745989905566647 2.5178504438139644 -0.3662257736931083 0.17849481455532215
348.7945861816406 -1 845.869140625 351.2527770996094 256449 780.45751953125 354.72198486328125
0.9899200730447903 -0.0009870712420851034 0.14158881604414003 -0.003143540134723784 2.849822958903481 -0.4537231195538764 0.3020483434505411
234.53363037109375 -1 818.3502197265625 234.53363037109375 -1 732.158203125 273.4420166015625
0.9890925816960044 -0.001450803373352879 0.14721368131489726 0.004678892734459929 2.9343295156662426 -0.3928158172360136 0.26372116370940124
349.2424011230469 -1 884.9869995117188 358.8264465332031 -1 815.0823974609375 364.0006408691406
0.9888921389192983 0.004319548174631196 0.14856217249253237 0.0017204625777449015 2.1005137553452107 -0.3694922925410974 0.2538887875244935
321.7203063964844 -1 535.0271606445312 323.9779357910156 -1 535.0271606445312 323.9779357910156
0.9887539500824807 0.0037002554653325624 0.14948555072324402 0.002450393999175073 2.029071328426233 -0.3636642615450608 0.2242658811840918
247.82164001464844 -1 508.052978515625 270.461181640625 -1 508.052978515625 270.461181640625
0.9888113434973183 0.0035967060478564114 0.14911652702296965 0.0018579680411508189 1.960388407027582 -0.36537381781972084 0.1989578959095387
283.45220947265625 -1 430.5506286621094 341.3819885253906 -1 430.5506286621094 341.3819885253906
0.9893727809624487 0.0048762728687963995 0.1453062595752971 0.0019527369961342043 1.8386344612491343 -0.36841565241744495 0.2383876886260981
231.44058227539062 -1 722.1553955078125 289.21136474609375 -1 488.772705078125 292.0576477050781
0.9889399931289743 0.004084987439223785 0.14822690846653325 0.0031283340837490676 1.9052042369640148 -0.35703321827858747 0.17792772821853783
289.2809753417969 -1 1019.9026489257812 352.29144287109375 -1 697.9521484375 358.240966796875
0.989844474881825 0.008067999579809216 0.14191150466795682 -0.001986899992666913 1.7830318828145901 -0.38198133213042135 0.22462773809442704
215.43365478515625 -1 1058.9793701171875 232.5213623046875 -1 1058.9793701171875 232.5213623046875
0.9900521117167463 0.008490508706206835 0.14038035903269339 -0.0042523105452428695 1.732371878646845 -0.392518362543267 0.23306957545235463
249.43797302246094 -1 832.8441162109375 249.43797302246094 -1 993.2030029296875 258.9711608886719
0.9899126587151063 0.009170436782907354 0.1409560055356957 -0.010965204431337593 1.6679712591443023 -0.4007983815141845 0.23836757468571954
262.47314453125 -1 762.0010986328125 269.0935363769531 -1 762.0010986328125 269.0935363769531
0.9900105855324125 0.009012184316087945 0.14043043101387562 -0.008781521102857985 1.6925311382967483 -0.40141702612430913 0.23189494064929414
230.97610473632812 -1 950.7289428710938 237.3286590576172 -1 562.64013671875 241.34219360351562
0.9898146787693288 0.00946536172306956 0.14165051085017402 -0.01060383874390129 1.6471853331114865 -0.3894330546135495 0.26207617336975886
234.58358764648438 -1 508.93377685546875 292.0755615234375 -1 851.428466796875 301.1307373046875
0.9897800756119927 0.00852591692063788 0.14206252070361183 -0.008997270336977704 1.619537702220251 -0.36991641247651347 0.2243765651596717
223.8727264404297 -1 969.4300537109375 223.8727264404297 -1 766.0722045898438 233.92039489746094
0.9898314716204325 0.006870812133660225 0.14184945865300022 -0.008073463333904907 1.5826475427463749 -0.3507230077074348 0.24846909837808662
242.2538299560547 -1 946.333251953125 270.55859375 -1 1055.517578125 284.3406982421875
0.99016990214327 0.005037207699853973 0.13977609273568317 -0.0009139626477431182 1.4932747635473578 -0.29963608547403225 0.2588904895008758
204.83206176757812 -1 938.3643188476562 204.83206176757812 -1 922.6461791992188 244.17762756347656
0.9901804052558973 0.005934048041761015 0.13950132777457533 -0.006850669327560748 1.5423273668738575 -0.32982300947671417 0.2337966308123691
233.44473266601562 -1 943.8115234375 248.007568359375 -1 1042.9373779296875 282.833984375
0.9900908538087168 0.00492845074809838 0.14031954183949719 0.0024975499000943952 1.4441313373713536 -0.28663072730122907 0.26551139653110933
217.12179565429688 -1 766.5382080078125 233.42860412597656 -1 766.5382080078125 233.42860412597656
0.9899093319123278 0.004489548543349597 0.14159125702903874 0.0033577492018523974 1.3990912289395645 -0.2844546909058517 0.24160161416573056
218.23171997070312 -1 850.1954956054688 241.76470947265625 -1 992.9129028320312 258.0517883300781
0.9895512224874271 0.004701682671369436 0.14405915486240656 0.003637602785554715 1.3492140274734243 -0.28241486766914087 0.21116578163085128
216.9884033203125 -1 922.3196411132812 216.9884033203125 -1 944.6777954101562 220.1261749267578
0.9892584103424633 0.0038085534490800285 0.14608625288496005 0.0034783912027653826 1.2983011363237116 -0.2850753627725585 0.20257811295994152
205.7831268310547 -1 979.3107299804688 223.2613067626953 -1 979.3107299804688 223.2613067626953
0.9888723369722245 0.003191850649259407 0.14868399067756483 0.0037926477186552092 1.2372856579500016 -0.28746391954991873 0.18936506350750748
210.264404296875 -1 950.2439575195312 215.66604614257812 -1 1097.6708984375 249.48829650878906
0.9883846344478747 0.0031873226003873967 0.15191807410805894 0.0025601018105769354 1.1755445399740696 -0.2955742529118089 0.17488493010625397
220.13226318359375 -1 939.55224609375 226.60812377929688 -1 768.2742919921875 236.15704345703125
0.9874822313254438 0.0031294947124283685 0.15768738626556406 0.0019332077235847296 1.1056236767036278 -0.3022780155070875 0.17262304316241886
227.8090362548828 -1 995.76904296875 250.76695251464844 -1 995.76904296875 250.76695251464844
0.9867588406756137 0.0026883781707465423 0.1621686043850243 0.0010520090985320055 1.0432983867236987 -0.31303673284012895 0.16071368611101192
233.4073944091797 -1 805.2498779296875 236.2783966064453 -1 921.265869140625 245.4454803466797
0.9862676765757203 0.0024438198371979207 0.1651162007056312 0.002595794882362417 0.963365090651077 -0.3225989078855905 0.16945287859909397
212.40386962890625 -1 853.380859375 212.40386962890625 -1 950.5498046875 237.71592712402344
0.9864561903750179 0.0029391977145806175 0.16391259011920362 0.005311156937549594 0.8733662625828456 -0.3254216257251506 0.19092949509011736
225.1984100341797 -1 802.4946899414062 245.466796875 -1 922.945068359375 260.9211730957031
0.9876356012095684 0.0066940082549120355 0.15646121944563005 0.0071411684256845786 0.7017111658647187 -0.3385624290223142 0.17438921073178007
201.55313110351562 -1 1000.8522338867188 233.7073211669922 -1 1059.424072265625 241.63003540039062
0.9870149438660419 0.0023741982431397636 0.16039820099336718 0.008263224909660085 0.7852838220744219 -0.3328451569406211 0.1891409242743637
193.84254455566406 -1 805.1397094726562 235.90383911132812 -1 887.82373046875 236.54197692871094
0.9862057024041194 0.011772940495579089 0.1651048640323426 0.0003070676582349916 4.408274998036488 0.6573290030321318 0.1652257548897206
314.7691345214844 -1 15.987215995788574 329.75103759765625 -1 1369.13427734375 342.16351318359375
0.9868211526740873 -0.0005144175337512544 0.1618034850939152 -0.0018385377477075104 4.421986217090819 0.489003081498032 0.23310884912914137
295.0251770019531 -1 914.5231323242188 295.0251770019531 -1 492.4976806640625 324.80413818359375
0.981986402014286 -0.025555760423848314 0.18448253254791913 -0.031871688893152686 4.7030468124770755 -1.5938903719608999 0.3792249255947648
288.9807434082031 -1 721.961669921875 288.9807434082031 -1 337.0552978515625 338.07281494140625
0.985004251795171 0.038902043151941436 0.16784072690511173 0.009096448537945738 -5.264118867164491 0.7447701334515331 -0.14998203902090565
215.5619659423828 -1 874.2978515625 222.34913635253906 -1 656.2177734375 226.0228729248047
0.985266084800126 0.03832665509313492 0.16627596205109232 0.011580764050199846 -5.255169042220963 0.7857366227405732 -0.12628252766099732
229.36424255371094 -1 839.6823120117188 234.36029052734375 -1 839.6823120117188 234.36029052734375
0.9854745644279843 0.03955893701684745 0.164768903794648 0.011233063245686702 -5.254356453337052 0.8582922699679973 -0.1781033862662578
212.7236785888672 -1 709.7410888671875 224.08238220214844 -1 766.3950805664062 233.63128662109375
0.9854816654255519 0.03851934014590044 0.1645218772855205 0.016574059226787993 -5.265034966513244 0.8715973695319456 -0.20917793788958725
236.17010498046875 -1 888.33740234375 236.17010498046875 -1 881.177490234375 238.56346130371094
0.9856592795237124 0.03902038298583714 0.16332056491941802 0.016720869440232728 -5.258418673364011 0.9308581290614908 -0.24550050604741105
236.760009765625 -1 920.9480590820312 245.5515899658203 -1 713.043212890625 261.0830078125
0.9857636920238023 0.0391901701967767 0.16218775011810366 0.020717329923940063 -5.252964474780373 0.9471186501820691 -0.2774961405428081
225.55162048339844 -1 788.4898071289062 233.8032684326172 -1 888.0494995117188 236.4135284423828
0.9857573327125111 0.040177031547506736 0.1620437540842437 0.020251145691827007 -5.239328966779732 1.009912979123368 -0.2721844629993855
233.912353515625 -1 804.6912231445312 235.84738159179688 -1 856.2543334960938 242.88754272460938
0.9854911360508405 0.04068455904826309 0.1636057706283229 0.01962496464672076 -5.22917336671627 1.0689944184809712 -0.2465036523805092
237.3032684326172 -1 907.7354736328125 272.9767761230469 -1 851.9437255859375 293.935791015625
0.9853562218348711 0.041435986701457254 0.16447290306004847 0.017459646513748452 -5.218546059169553 1.1583441280691462 -0.1974819755808669
272.1320495605469 -1 1096.6722412109375 287.1465759277344 -1 1096.6722412109375 287.1465759277344
0.985496128170889 0.04089001747877224 0.16379605147425563 0.017211663261147942 -5.204086719414134 1.224829988760943 -0.23130944616585564
219.02847290039062 -1 708.1603393554688 262.2326354980469 -1 765.7491455078125 263.8446350097656
0.9803723470723624 0.008509546064073732 0.19098449157332012 0.04819307730464266 -5.325067691512208 0.7416495693680221 0.02020192862421664
233.04193115234375 -1 805.059814453125 259.6438903808594 -1 805.059814453125 259.6438903808594
0.9825142691770238 0.014104611789037593 0.18176092543509817 0.037811860239826627 -5.370034452605025 0.8434653586852064 -0.11250161705600682
230.09835815429688 -1 758.24072265625 230.09835815429688 -1 766.6952514648438 233.168701171875
0.9853495895805804 0.04140714959669067 0.16460150338508991 0.016672713007410085 -5.196277191949458 1.2875016126993053 -0.2031179563270422
236.54586791992188 -1 943.2134399414062 248.01585388183594 -1 652.2413940429688 249.9022216796875
0.9815613474143478 0.012718876250959866 0.18658866691471301 0.03949963073287234 -5.338531987046959 0.8245487688718944 -0.07082093623290012
214.44122314453125 -1 757.8692016601562 214.44122314453125 -1 779.1538696289062 236.65377807617188
0.9837508713038821 0.013948431053295216 0.17608655326660994 0.032143276726088986 -5.388731557783089 0.9144006466631052 -0.13874926967276743
238.8288116455078 -1 797.5722045898438 238.8288116455078 -1 783.7732543945312 244.30941772460938
0.9850177604596058 0.043485156290663754 0.16603446363928848 0.016781228963727395 -5.1911125893237475 1.3504257053961162 -0.1990433152548969
219.99732971191406 -1 798.7893676757812 237.04580688476562 -1 734.8939208984375 263.8851318359375
0.9840297614175836 0.005807082122600839 0.17444191628316807 0.03495317274770862 -5.403730629513299 0.8813348658072941 -0.17176023469398768
226.1378936767578 -1 721.2092895507812 232.33384704589844 -1 721.2092895507812 232.33384704589844
0.98105547575199 0.004944898511962956 0.1876931466513381 0.04771775535230452 -5.319074619885378 0.7751165142112652 -0.016677428878113063
289.1722106933594 -1 918.8077392578125 330.798095703125 -1 369.27239990234375 349.7886657714844
0.9840016707740578 -0.0006510268755423992 0.17528722106756822 0.03185401400576885 -5.386885460277597 0.9397318117505826 -0.15509906098415507
204.66943359375 -1 938.0382080078125 204.66943359375 -1 924.2113037109375 219.86935424804688
0.9847412381785363 0.04176817704812008 0.16808856660627672 0.016921790476407628 -5.187876738818185 1.4082041721484253 -0.139115767132598
220.5648956298828 -1 954.4207763671875 220.5648956298828 -1 873.4935913085938 222.7733917236328
0.9835276970667178 -0.006162487984458455 0.17858660724171543 0.02724181635598548 -5.340779689018735 1.0219796494034814 -0.17442673644349127
223.53048706054688 -1 937.8565063476562 229.1145477294922 -1 552.0089111328125 243.5676727294922
0.9826586011877168 -0.012736708007596877 0.18245107182804954 0.030519766868783344 -5.281343350229893 1.010491661337704 -0.14574541952160672
235.53123474121094 -1 508.35009765625 296.1417541503906 -1 508.35009765625 296.1417541503906
0.9807880157863933 -0.018613789148411327 0.191335211313902 0.03315466565647412 -5.248468026099666 0.9825689663361236 -0.08078325324660382
226.3218536376953 -1 768.2236938476562 236.07061767578125 -1 669.6515502929688 246.05145263671875
0.9793834116486719 -0.0193110419297779 0.19887374632663937 0.029739698535825334 -5.204050867028378 1.0216685613089078 0.010966540137102151
231.3502655029297 -1 797.8964233398438 237.07594299316406 -1 962.1961669921875 255.48011779785156
0.9789065894030534 -0.01777131110316606 0.2011753344022553 0.030895866278473353 -5.183396272710877 1.011209332976884 0.07080502704766528
217.59849548339844 -1 922.6677856445312 217.59849548339844 -1 701.5107421875 243.8848114013672
0.9792097069958798 -0.014199694206120259 0.19956019554445062 0.033502936643771554 -5.16465782437661 0.9737385908111285 0.10799620498406114
250.03834533691406 -1 652.71435546875 250.03834533691406 -1 927.8465576171875 254.27572631835938
0.9846027080022364 0.025533948920619786 0.1723984960416669 0.01357510256879901 -5.155651437230028 1.4660027976179721 -0.027014805994510088
280.00592041015625 -1 722.1677856445312 289.13677978515625 -1 722.1677856445312 289.13677978515625
0.9843747927309421 0.023077572111224586 0.17386227187400255 0.015671742729397545 -5.180035524376573 1.4267670818743692 -0.016706259442904155
230.84078979492188 -1 835.9993286132812 230.84078979492188 -1 916.4085693359375 244.74122619628906
0.9792714327264751 -0.009376391186890992 0.19894867429958388 0.036864201179264075 -5.144370470610775 0.9302583597613191 0.12445536505275989
185.8258514404297 -1 758.5230712890625 244.8921661376953 -1 672.058349609375 247.80821228027344
0.9852701147755514 0.01919717041424912 0.16836865878012663 0.022940451583169253 -5.219187512747858 1.3506736478506867 -0.0837690178788669
191.39390563964844 -1 878.9622192382812 205.21493530273438 -1 899.655029296875 218.2602081298828
0.9855730512979635 0.02635939513757999 0.16655483079396025 0.014506246323499401 -5.17848294390731 1.4817607859765407 -0.07298137697143724
209.43165588378906 -1 874.6378173828125 222.87265014648438 -1 939.5651245117188 226.65435791015625
0.9850849814838425 0.0392787742436112 0.16671905024018588 0.01641692528786888 -5.166925133591965 1.4941543761959346 -0.1495832430837117
230.62744140625 -1 818.7252807617188 230.62744140625 -1 568.8452758789062 258.5783996582031
0.9858310387281783 0.013667723705783247 0.1650512783462486 0.026616384523305288 -5.2755698736642325 1.3079245356694655 -0.12319626110314882
190.81253051757812 -1 874.4356079101562 203.95985412597656 -1 884.0123291015625 217.9458465576172
0.9858604178744265 0.005951044460798765 0.16552686791648216 0.02539050090183966 -5.29631280481774 1.3001319329180951 -0.1845623751741213
203.15408325195312 -1 1034.149658203125 231.30052185058594 -1 565.55224609375 247.10195922851562
0.9849642878492557 0.03628992106599486 0.16821791447784498 0.015202846422863143 -5.15597363103606 1.5815307317498977 -0.18858586295842372
230.65794372558594 -1 673.40966796875 248.02755737304688 -1 865.5425415039062 262.18585205078125
0.9867972741987636 0.03483772733132282 0.15690737439965133 0.019938611969901716 -5.236022497582572 1.5439742309701256 -0.20427294427547177
175.24801635742188 -1 892.2640380859375 226.82081604003906 -1 758.094970703125 230.2189483642578
0.9869456988188074 0.03167406871047164 0.1571164884510981 0.015790820471918602 -5.222373514977013 1.5317828692636617 -0.19034980505369456
217.4082794189453 -1 988.2669677734375 233.7707061767578 -1 988.2669677734375 233.7707061767578
0.9870585888978729 0.033887939644887254 0.15627979388680072 0.011982305799113076 -5.226179777161664 1.5979238613959168 -0.24529839897359387
201.24229431152344 -1 828.3541259765625 201.24229431152344 -1 864.3812866210938 216.4780731201172
0.9844296048720701 -0.006637014924301493 0.1736582137200423 0.026403179578960625 -5.355759564549238 1.1939772935277713 -0.11585092460978712
219.56533813476562 -1 929.197265625 221.08033752441406 -1 1001.1430053710938 236.6356964111328
0.9849705484014946 -0.00016382254571908742 0.1709665688770745 0.024564695606358874 -5.312079719468584 1.2896839708469352 -0.13551074039983482
238.63400268554688 -1 868.669189453125 238.63400268554688 -1 921.7608642578125 245.2295379638672
0.9843537932965617 -0.005362475192690613 0.17494398703640107 0.020333589999929937 -5.330640372015286 1.2977563367190696 -0.10493762469266947
222.51991271972656 -1 912.9078369140625 228.8518829345703 -1 918.3009033203125 235.5563507080078
0.9864636530400926 0.035803453140644856 0.15787932579036335 0.02610924093078431 -5.234471987027289 1.5108123510558849 -0.2066503226514733
220.34564208984375 -1 882.026123046875 228.41156005859375 -1 672.98046875 247.65919494628906
0.9843090444541776 -0.005975995292549021 0.17328749450146766 0.03273280824144567 -5.364256107219112 1.0791108769511428 -0.053218368268700356
226.34153747558594 -1 798.1689453125 237.6782684326172 -1 914.3668212890625 274.5579528808594
0.9864875582111403 0.02907340845255025 0.16039910317617342 0.016406160911459973 -5.202663720596743 1.492850861932855 -0.10689350712023452
227.8702392578125 -1 819.2264404296875 234.15231323242188 -1 915.5884399414062 281.0938415527344
0.9864359194003265 0.033097174016387766 0.1588261514758002 0.02496012011885982 -5.198937820780858 1.5471523399400613 -0.2053905979082061
234.4926300048828 -1 734.0729370117188 243.0383758544922 -1 734.0729370117188 243.0383758544922
0.9847406130091205 0.028371662695463904 0.170975590050608 0.01575821859103357 -5.145570276096033 1.71856209326056 -0.18750966425224969
209.4666748046875 -1 908.1689453125 224.92034912109375 -1 972.8502197265625 231.113037109375
0.9850542054986641 0.032489439493272196 0.16854508557577363 0.01432489717462975 -5.136092984256439 1.6705172039009335 -0.19622819997299046
227.32102966308594 -1 972.8775024414062 231.82135009765625 -1 923.3547973632812 270.2187194824219
0.9844272802298127 0.028500351174172156 0.17257311784203636 0.017583484312310375 -5.159342744969636 1.755731910133632 -0.21301486367767145
260.2921447753906 -1 945.6709594726562 270.6985778808594 -1 1117.0670166015625 305.24444580078125
0.9844125370978319 0.03266660449292734 0.17193106704519406 0.017451588472497424 -5.159929828654593 1.8156832373677738 -0.17353657890946067
222.08509826660156 -1 873.239990234375 226.2367401123047 -1 903.7425537109375 229.8164825439453
0.9843880271840224 0.03493848756112903 0.1714341687413293 0.019231219713233546 -5.1677970629956755 1.8516268386052204 -0.1466453842166336
201.10606384277344 -1 921.9266967773438 216.80592346191406 -1 721.3865966796875 225.0331268310547
0.985751892680023 0.02851814619424728 0.16512614447537552 0.014604034582730708 -5.149919773761848 1.6893727063659043 -0.15123404189589643
204.12457275390625 -1 878.8623657226562 213.2798614501953 -1 914.2794189453125 272.68743896484375
0.9788948148562567 -0.006053042976538193 0.20124112803701663 0.035075782309851006 -5.090590525492023 0.9190279893816227 0.1928698049294303
236.2274627685547 -1 734.0453491210938 242.8980712890625 -1 734.0453491210938 242.8980712890625
0.9822009492395375 0.001063949280553962 0.18302632380949593 0.042208152265426645 -5.340031660534265 0.8649227419564556 0.025757240823218827
247.58184814453125 -1 632.0621948242188 281.3883361816406 -1 721.7742309570312 289.0955810546875
0.9787732411630619 -0.005353718842537417 0.2024411989333655 0.031493508095026594 -5.018506124951134 0.9377544487449273 0.24047251253381272
224.03663635253906 -1 712.4965209960938 252.23643493652344 -1 712.4965209960938 252.23643493652344
0.9785698470650313 -0.004431500976564188 0.20372940152279578 0.029593025688149283 -4.956472597631736 0.949514774547186 0.17346728399614564
249.57066345214844 -1 695.6578979492188 249.57066345214844 -1 652.6852416992188 250.1429901123047
0.9833629287099476 -0.0019074285261576009 0.17734529220311807 0.039272884905530256 -5.361738660412361 0.9475734795549626 -0.017435799023105637
209.64816284179688 -1 922.133056640625 216.79681396484375 -1 922.133056640625 216.79681396484375
0.9844635051413809 0.035866591772712286 0.1707828198699909 0.01945309940884008 -5.160570950122201 1.9194565692261498 -0.14608049798755832
227.00790405273438 -1 918.7394409179688 235.94908142089844 -1 1125.6800537109375 295.8467102050781
0.9844698269995635 0.0342769565261117 0.17052288665498153 0.02379485460364585 -5.15252225040112 1.9394865881767034 -0.1019275507637463
225.10069274902344 -1 932.6376342773438 254.7955322265625 249389 920.5623168945312 260.9732360839844
0.9845021956791802 0.03577223346247956 0.16996241485347155 0.024260081474630213 -5.141239033386674 1.9949517926265645 -0.15121769909940078
212.67138671875 -1 685.1694946289062 226.88063049316406 -1 868.4827270507812 247.11734008789062
0.984751630756471 0.03977854404579865 0.16773009890166354 0.0234202279772369 -5.125778955673212 2.0563291965798856 -0.1552962981905769
228.091796875 -1 1027.6724853515625 231.21527099609375 -1 1027.6724853515625 231.21527099609375
0.9849625549461191 0.04211273122597239 0.16600924890179317 0.022720310336020687 -5.1200276180201785 2.112038737056342 -0.18307140459237073
205.2453155517578 -1 756.2154541015625 205.2453155517578 -1 606.3446655273438 234.17481994628906
0.9852225259853833 0.044673421819673764 0.16403071573336087 0.020851474046302738 -5.113752458415945 2.192962773229148 -0.2345915910968838
247.3024139404297 -1 673.3389892578125 247.3024139404297 -1 1048.831298828125 249.44801330566406
0.9852246083814008 0.04717924859448628 0.16359037851185018 0.018568187852474716 -5.096306353159504 2.271087344737249 -0.20935202594404342
201.3236541748047 -1 646.6502075195312 213.87196350097656 -1 853.9183959960938 219.35577392578125
0.9848136279473084 0.04993398138781347 0.16528621476428204 0.018143398824848566 -5.081861589770198 2.3238461128901897 -0.21172907515309505
201.22430419921875 -1 747.23046875 228.13601684570312 -1 747.23046875 228.13601684570312
0.9847231090845214 0.05185974186078895 0.16528796167485088 0.017631089995208016 -5.061836664671868 2.375984270405956 -0.18818761279125695
205.66531372070312 -1 1038.1513671875 205.29916381835938 -1 698.2700805664062 244.5401153564453
0.9844301439839018 0.05133131977264429 0.16764028346848603 0.012614380081432007 -5.026321648037184 2.457148080654139 -0.18450368980732287
212.84912109375 -1 632.207275390625 253.65176391601562 -1 675.0894775390625 266.8865966796875
0.9841182042185391 0.050650844989602095 0.16986286494684555 0.009615567563425836 -4.993647811744046 2.481477028254558 -0.1346965674508468
224.65052795410156 -1 769.4801025390625 224.2937469482422 -1 1066.5074462890625 228.62269592285156
0.9843490251415694 0.05102967140545935 0.16835889979212756 0.010404335628819242 -4.970858741048942 2.4545328233850396 -0.11141181029804685
216.14585876464844 -1 1050.3048095703125 240.8577117919922 -1 962.6934814453125 315.533935546875
0.9847860272283506 0.050447215679101036 0.16596053392056234 0.010424019705971631 -4.942222429451882 2.427127059752038 -0.12392922466225091
215.74972534179688 -1 1047.0504150390625 215.74972534179688 -1 872.2024536132812 225.9201202392578
0.9851863669926679 0.047428894330759974 0.16441175950680495 0.011273668889345475 -4.9109148502643905 2.3951119671381136 -0.13315740646472465
239.3082275390625 -1 777.5669555664062 248.00889587402344 -1 993.2511596679688 257.13037109375
0.9854819066255873 0.044017340126204764 0.16367955180348034 0.009843261818276657 -4.860750628885484 2.390503001328544 -0.11216090209921038
236.79571533203125 -1 950.5968627929688 238.11199951171875 -1 1043.24560546875 247.81436157226562
0.9862089926325901 0.03983932653232378 0.16027651286312705 0.010774522564767311 -4.819490876800458 2.3643266515692525 -0.14502482158247296
213.54713439941406 -1 1050.3067626953125 213.54713439941406 -1 678.8878173828125 271.1407470703125
0.9869974078144343 0.03582447164632616 0.1561467423076813 0.013073601858230605 -4.788468732155134 2.322557931162177 -0.17409238349998188
238.38966369628906 -1 509.3370361328125 292.25372314453125 -1 509.3370361328125 292.25372314453125
0.9875229587416937 0.011023472111168223 0.1570108545033848 0.004947786250685729 -5.146791335616365 2.149998607087533 -0.26181833113120356
289.2321472167969 -1 637.7521362304688 309.8291320800781 -1 712.094482421875 342.02777099609375
0.9869972805861907 0.012827297151752222 0.16013329134362492 0.0053997746899927665 -5.139830863510314 2.196466196835905 -0.23784110636651276
201.99876403808594 -1 766.5009155273438 233.2881317138672 -1 634.4110107421875 278.79058837890625
0.9866850346867825 0.013521190814990027 0.16201444258363495 0.004597838448858932 -5.1313944965678004 2.2567778662608444 -0.20863994975989988
193.7371826171875 -1 955.9312133789062 228.19033813476562 -1 954.2363891601562 232.074462890625
0.9880917505280006 0.008007400426399736 0.15337354108964393 0.00933439717100873 -5.17437451182422 2.0501147360193586 -0.3143492054706321
269.07427978515625 -1 1020.9466552734375 358.536865234375 -1 1306.022216796875 361.79888916015625
0.9875356045648935 0.03168394762019454 0.15364779156468664 0.012724516774538565 -4.747252809465484 2.3129923091368285 -0.16538292817994202
233.310302734375 -1 794.8931274414062 290.4351806640625 -1 695.265380859375 337.582763671875
0.9866397197880371 0.012894577148588588 0.16223101767518225 0.007542553998305905 -5.124266383848809 2.2804561723813705 -0.22404709986101837
206.4282989501953 -1 776.9771118164062 272.5558776855469 -1 628.10205078125 353.4111022949219
0.9860134681635275 0.012425659523994895 0.16618485281840564 0.002374506106781095 -5.0740778681291205 2.4400047873974775 -0.20197692577407156
344.7012939453125 -1 14.626985549926758 344.7012939453125 -1 1007.4605102539062 349.32489013671875
0.9863416667935595 0.012604213674678573 0.16413038110997386 0.0056980822423750525 -5.104100666242881 2.3581270078081586 -0.206970918633505
238.0995330810547 -1 524.9208374023438 282.30108642578125 -1 524.9208374023438 282.30108642578125
0.9881564367608836 0.010474559785530002 0.15287277341492225 0.00818872601587833 -5.168083330963412 2.0089666100158454 -0.3072955484043471
233.07960510253906 -1 767.0123291015625 233.07960510253906 -1 673.7338256835938 247.89544677734375
0.9853400563399004 0.01564658470304544 0.16978579556496967 -0.0057394584746804774 -5.0298495298009165 2.587976518962001 -0.156618027122707
237.6217498779297 -1 673.4542236328125 247.62339782714844 -1 673.4542236328125 247.62339782714844
0.9877407719690499 0.009889501035586884 0.15552094943162306 0.00914327332737779 -5.1557782946557555 1.9239203490307668 -0.19731842068261224
235.9612274169922 -1 551.9705200195312 243.84719848632812 -1 921.3156127929688 245.84075927734375
0.9878437757308797 0.025430525976327355 0.15258733617503928 0.015331925428088969 -4.6892635554244295 2.27022653826236 -0.13943820325032213
269.2130126953125 -1 1095.6585693359375 288.8977355957031 -1 972.780517578125 308.451416015625
0.9850330290796456 0.016169700521032154 0.17132770086907892 -0.009761727416479064 -5.003005570177401 2.6817755124138722 -0.12112446208306764
97.22271728515625 -1 490.362060546875 97.22271728515625 -1 983.2969360351562 218.56503295898438
0.9879944055480255 0.02442456218388348 0.15206155454651962 0.012156438492631438 -4.6184984380762595 2.2910014356673716 -0.17260620757276857
228.99319458007812 -1 1080.1043701171875 240.09339904785156 -1 673.3319702148438 248.03807067871094
0.9869858519388518 0.017931087166037307 0.15948342667298301 0.010121304373758147 -5.147191499784313 1.8801241646259346 -0.2271885732840435
247.42674255371094 -1 673.1209106445312 247.42674255371094 -1 708.1078491210938 258.0621337890625
0.9849008560698086 0.01599429150380519 0.1716551448483063 -0.01577965777057372 -4.968439756623422 2.789070358220277 -0.12330738831602202
235.83920288085938 -1 950.9140625 237.84043884277344 -1 1126.5074462890625 296.21734619140625
0.9847000939220668 0.017581352717086586 0.17220103243030216 -0.020085454847931877 -4.91300272540917 2.888750228576622 -0.13455650236109223
214.7226104736328 -1 722.1085815429688 289.11981201171875 -1 722.1085815429688 289.11981201171875
0.9845914912342906 0.020536499734308232 0.1724195826090672 -0.020720403003168755 -4.870337992936892 2.9332376201544417 -0.14089936284798482
220.4399871826172 -1 670.3038940429688 245.60678100585938 -1 960.931396484375 257.8198547363281
0.98465089617312 0.024507804297836732 0.17127880872587065 -0.02292487459982428 -4.794074124529601 2.999824635243998 -0.14197921498658414
218.6748809814453 -1 983.2371826171875 218.6748809814453 -1 892.8616943359375 226.855712890625
0.9787326447704383 -0.005483209354787041 0.20277647966697038 0.030562129665736314 -4.8432078028321115 0.9029947115781005 0.21225409164541875
214.4690704345703 -1 689.8672485351562 284.22119140625 -1 721.9488525390625 289.0863342285156
0.9785937252554788 -0.005965504335652008 0.20363499743368305 0.029180840783122435 -4.891783701553299 0.926774839832245 0.19789757251136766
268.9714660644531 -1 719.0530395507812 287.0967712402344 -1 679.822509765625 292.6076354980469
0.9861297765857774 0.02231390155557176 0.16399021127008426 0.012544486272706665 -5.1300038901258205 1.7683207283787123 -0.12583002025405993
223.3597869873047 -1 1027.7957763671875 231.16983032226562 -1 872.6626586914062 236.87564086914062
0.9847024494018739 0.022636069747034623 0.1708727412432723 -0.02551863609927095 -4.648217381511363 3.067853117879158 -0.20760029248053002
236.44920349121094 -1 1075.9990234375 300.8469543457031 -1 486.38323974609375 348.03436279296875
0.9846004259157631 0.023730893035354268 0.17153104998718713 -0.02399885190036454 -4.716215367125311 3.0404625733794974 -0.17260308011021092
223.8251953125 -1 993.2393188476562 257.35980224609375 -1 514.4658813476562 319.368896484375
0.9850224831497516 0.022169983894385948 0.16906287009330867 -0.025630947298784193 -4.601190122844598 3.0576817632969973 -0.18057175395590852
248.9566192626953 -1 900.3474731445312 256.9079284667969 -1 914.2535400390625 273.5123596191406
0.9851462271799417 0.022331816624327885 0.16811274662013417 -0.026950054976170392 -4.553644360424561 3.0590356112816854 -0.1609430749875188
248.31105041503906 -1 732.127197265625 248.73361206054688 -1 695.162109375 250.57913208007812
0.9849941926437641 0.021842591084096932 0.1687851318135909 -0.028651718124066805 -4.494189914478527 3.064175194043135 -0.14093242417218801
257.22869873046875 -1 774.57666015625 271.5696105957031 -1 653.7665405273438 324.3979187011719
0.9848987257645154 0.02181588679197352 0.16924581386891135 -0.02923049022448129 -4.4378415793245 3.062537354455315 -0.12270617087295825
287.1206970214844 -1 643.0349731445312 345.54522705078125 -1 622.8624877929688 346.97564697265625
0.9881690228733695 0.024421943708274944 0.15111890438349018 0.00941422524341412 -4.55199205705528 2.303266556880088 -0.18652788485886387
247.9003143310547 -1 721.9346313476562 289.2247314453125 -1 991.3530883789062 342.1278991699219
0.98501929496988 0.02123950390591545 0.16869283586205974 -0.0287853980289861 -4.386425179694353 3.0472446230815153 -0.13320099179280406
257.3941345214844 -1 1087.262939453125 359.7476501464844 -1 665.8350219726562 362.60552978515625
0.9792002106690346 -0.005607054680588144 0.20047053448343535 0.030774553895268286 -4.788106424407168 0.8844876188071212 0.16760582857087655
233.62904357910156 -1 914.1687622070312 273.4304504394531 -1 722.1669921875 288.8153991699219
0.9792684015338293 -0.007094930903034175 0.20012926157543898 0.03051783698314376 -4.741878525586624 0.8714809663291502 0.16862973005439388
233.84181213378906 -1 804.7161254882812 236.21926879882812 -1 695.2468872070312 238.84451293945312
0.9883596666796578 0.022927376448605638 0.1503917901603553 0.0013469010443123157 -4.47576088980117 2.346319155025693 -0.17748789704686305
233.73924255371094 -1 1086.5064697265625 251.88011169433594 -1 1128.0247802734375 264.91595458984375
0.9794724169766106 -0.007153270795751364 0.19917433519731925 0.030202637262751898 -4.682917915855173 0.8799078160115514 0.17612671593911405
236.24220275878906 -1 768.115478515625 236.24220275878906 -1 697.5614624023438 245.25326538085938
0.9883243651834074 0.024409344901867275 0.1482416274853848 -0.02536834536900024 -4.241845568089412 2.5335318307631405 -0.18226880248452357
226.5619659423828 -1 832.90673828125 249.01483154296875 -1 1097.179443359375 249.11834716796875
0.9883366091055136 0.023549653487550483 0.14983185123782253 -0.013659329305593312 -4.358162268101145 2.4525883484948166 -0.18003540890349826
233.69003295898438 -1 766.8184204101562 329.7002258300781 -1 982.8074340820312 337.1307678222656
0.979578753991616 -0.00794137140043839 0.19833247676208912 0.032041036342927494 -4.621382848069754 0.8675014352375293 0.15693855350733232
232.31114196777344 -1 766.1526489257812 233.59461975097656 -1 766.1526489257812 233.59461975097656
0.9851185489616866 0.021612021852799847 0.16848395662445917 -0.026220628581756916 -4.338669362832658 3.0125379867264424 -0.1448087895199971
233.49282836914062 -1 766.3861694335938 233.49282836914062 -1 932.1854858398438 265.63848876953125
0.9884856580993718 0.021987645613301954 0.1473355452995741 -0.026549656561113116 -4.170188300545756 2.512481571694981 -0.17300426311560574
233.3098907470703 -1 552.00537109375 243.62826538085938 -1 762.039794921875 337.5938415527344
0.9884552248075824 0.02043709292187087 0.14651967715531827 -0.03271968810664084 -4.078311089251554 2.5222713817935807 -0.18363333834056125
264.8765869140625 -1 842.7351684570312 264.8765869140625 -1 722.1864624023438 289.2672119140625
0.9887128132445699 0.01489475271101701 0.14638495012192804 -0.028223494565458786 -4.042844475742228 2.430026326205226 -0.21942709468353966
262.1291198730469 -1 679.828369140625 292.54052734375 -1 1046.765869140625 308.6083679199219
0.9797899524476799 -0.008895265518067937 0.19679257610420714 0.03471606723415379 -4.563269615625074 0.848282578871959 0.14985410731662713
107.95317840576172 -1 1203.3045654296875 107.95317840576172 -1 798.34228515625 237.51840209960938
0.9857551310415 0.0215865037246033 0.16510694682739616 -0.023675738460249948 -4.277815810060861 2.9740889767285226 -0.11088648533439083
230.061767578125 -1 647.4475708007812 280.8652038574219 -1 757.971435546875 283.0375671386719
0.9849590433845239 -0.02236362570938088 0.16915667855085834 0.02723176824622289 -0.44913957246300007 -1.085262147686934 0.09633494045530362
357.8422546386719 -1 1183.4012451171875 357.8422546386719 -1 841.8709716796875 360.4000244140625
0.9861881350979252 -0.012050405657701001 0.1650567907625444 0.006633682139731366 4.369170002561306 0.22484036745459615 0.21423805142621852
297.18475341796875 -1 467.03668212890625 300.60272216796875 -1 467.03668212890625 300.60272216796875
0.9860128939233788 0.009804372593110905 0.1663695467906974 0.0019029439186133415 4.415569901895261 0.8230090828338327 0.09852390699119207
281.47894287109375 -1 631.911865234375 281.47894287109375 -1 1042.907470703125 282.8105773925781
0.9878072398090224 -0.012678253043636343 0.15232393785736653 0.029555656586636656 4.345193109142518 2.839376846604052 -0.0779450566299637
193.5231475830078 -1 930.6954345703125 197.66343688964844 -1 790.3630981445312 207.69259643554688
0.9881192882692112 -0.01323767893637142 0.1503576585048667 0.028941501959277117 4.308558338677378 2.820973601689935 -0.08312891032548692
199.3677520751953 -1 786.5283813476562 220.60919189453125 -1 983.704345703125 221.8115997314453
0.9985649193603188 0.014523650890043968 0.04006238012062328 0.03243718678946968 3.676610718039371 -1.0837422479626757 0.8476456857087464
267.9350891113281 -1 774.3251342773438 267.9350891113281 -1 783.8378295898438 333.684326171875
0.9861423392179888 -0.005402200199679554 0.1657334422831496 0.005150644974555478 4.405777422141078 0.43548424724508883 0.20183136075770386
254.47317504882812 -1 858.3130493164062 254.47317504882812 -1 596.1576538085938 264.0072937011719
0.9871989448767747 -0.013177989976972957 0.15590423721551872 0.030958886165312168 4.4088460689199485 2.8697215873967843 -0.11301291754567508
197.23529052734375 -1 739.486328125 199.75521850585938 -1 821.5299072265625 203.9801483154297
0.9877297122836014 -0.012745936835454101 0.15260160470964051 0.030664422485733808 4.386706567980414 2.8599748675498082 -0.053064832658820144
197.8412628173828 -1 791.9082641601562 198.03799438476562 -1 720.9540405273438 205.13275146484375
0.9866617038897108 -0.011901342760492465 0.15946989988433666 0.030436674404896762 4.4242343845449295 2.8666168069844593 -0.14868714302424152
202.1201171875 -1 737.79345703125 214.5098876953125 -1 746.495361328125 225.59817504882812
0.9861615400079483 -0.020536204916032173 0.15609875107447346 0.05193131242120093 4.078554509790293 2.950979533361038 -0.056895475895533995
197.78622436523438 -1 779.8943481445312 197.78622436523438 -1 853.115478515625 212.6240234375
0.9855518683283132 -0.01607006600680103 0.16279592604696713 0.04389480921041443 4.307147055570126 2.945887231407215 -0.17842442257662564
203.76878356933594 -1 874.0603637695312 223.1071319580078 -1 631.9176635742188 231.37062072753906
0.9859480673873621 -0.016654479001334623 0.1595462384373824 0.04662654335034847 4.238661359342549 2.946992725291098 -0.14813472643308137
210.10012817382812 -1 1032.41259765625 224.89016723632812 -1 746.290283203125 235.724609375
0.9860876647652568 -0.012475355215129715 0.16272477480499484 0.031561536317527526 4.431201322688589 2.863448184424311 -0.1466622697153226
225.59161376953125 -1 812.6907348632812 225.59161376953125 -1 658.5038452148438 231.33311462402344
0.985531455232867 -0.014319910840053516 0.16428899787629592 0.039138422003485655 4.378162089964677 2.9214768610468362 -0.18195991917472276
205.72779846191406 -1 775.2333374023438 213.8506622314453 -1 903.4739990234375 221.4870147705078
0.9849663900087313 -0.02610430256514924 0.16005517986999332 0.059515673041133345 3.8907061511440695 2.970929722614053 -0.1437862643133215
204.61106872558594 -1 746.9722900390625 204.61106872558594 -1 757.9251708984375 215.14137268066406
0.9853602130793478 -0.025549955472568255 0.15782545086455002 0.05919102393922282 3.9310254877045705 2.986356888248837 -0.10742777387084652
190.18295288085938 -1 821.4785766601562 204.71617126464844 -1 817.5846557617188 210.5729217529297
0.9856554809599313 -0.0231975634390792 0.1564028375180149 0.05901947407805421 3.979728026977589 3.0070510116475058 -0.10739244366568228
206.06723022460938 -1 753.141357421875 206.85877990722656 -1 670.0203857421875 245.76841735839844
0.9887808555238209 -0.013269370273555405 0.1458594227099535 0.029349145964461046 4.255261764217433 2.8059353670259295 -0.02911269486475896
201.96173095703125 -1 804.032958984375 208.35496520996094 -1 756.9664916992188 215.1580047607422
0.9859400181674612 -0.019663392622378238 0.1583851981353151 0.04949505609817426 4.149874247396205 2.9399377024929603 -0.13548142451579698
200.37290954589844 -1 734.3447875976562 209.62501525878906 -1 684.5515747070312 226.73463439941406
0.9889229942420553 -0.01180906069676765 0.1448632500953576 0.03010807726504141 4.174516241654105 2.8008582117135834 -0.04810119939984071
226.96214294433594 -1 695.1702880859375 239.06466674804688 -1 695.1702880859375 239.06466674804688
0.9869496044190944 0.003306817072151378 0.16030454251171747 0.01489956200542393 4.053292218191251 0.9236361990642658 0.07218642119762017
276.9770812988281 -1 914.8538818359375 277.494140625 -1 914.8538818359375 277.494140625
0.9860987876048736 -0.0035542069129950206 0.16607749996061405 0.003848727614463887 4.402182990044508 0.47364567349752645 0.1268456644998433
281.6285400390625 -1 740.11376953125 295.8001403808594 -1 1165.164306640625 307.26617431640625
0.9984927264916806 0.01635702445540477 -0.02360713510430063 0.0467699269439499 3.265536923834183 -0.9921048282863094 1.5605407772999238
235.93621826171875 -1 804.8978881835938 235.93621826171875 -1 849.973876953125 242.0338897705078
0.9800493631096355 -0.01057132332948619 0.19534914177214052 0.035074289734067274 -4.5056637483272794 0.8508114486858158 0.13602407046450649
235.92538452148438 -1 804.88623046875 235.92538452148438 -1 801.1676025390625 248.13172912597656
0.9806888024072931 -0.012032700283030795 0.19195395529334283 0.03547345492180622 -4.438163949328049 0.8491287439640698 0.13698608578052238
248.00457763671875 -1 962.4083862304688 255.3788604736328 -1 962.4083862304688 255.3788604736328
0.9807765398615067 -0.011094738189451427 0.19128301054844465 0.036947199045686746 -4.392182126050492 0.8426031578808999 0.11275686677960872
255.47216796875 -1 962.34130859375 255.47216796875 -1 1530.487548828125 257.5723571777344
0.9812323479674512 -0.011459595650901867 0.18904680710214833 0.03623619315386335 -4.333677962203194 0.8495345593577145 0.08124234190168364
331.3656921386719 -1 735.0810546875 341.2551574707031 -1 735.0810546875 341.2551574707031
0.9862649010704767 -0.00853948623305197 0.16480743656406366 0.0068651980670948135 4.4032352515467394 0.3394879898491811 0.2247517852391491
285.6749267578125 -1 859.674560546875 285.6749267578125 -1 722.2325439453125 289.106689453125
0.9816715771079301 -0.027440201625669507 0.18414859558491944 -0.040709271392079846 4.636914223088345 -1.6318386461822365 0.3398782887986961
281.07147216796875 -1 648.0657958984375 281.07147216796875 -1 969.996337890625 288.8199768066406
0.9813347883982997 -0.011849256163839172 0.1887590961857471 0.034808502047171584 -4.276395793626816 0.8753089882877588 0.10570686361816099
233.2666778564453 -1 766.5831298828125 233.2666778564453 -1 972.7843017578125 308.66461181640625
0.9861863267740713 -0.005061476356965253 0.16543964690604177 0.006374446843201655 4.407500340234787 0.3999039612941477 0.2723087911493833
362.73046875 -1 551.8330078125 362.73046875 -1 1355.7947998046875 362.82476806640625
0.9862748058994659 -0.009398610217295081 0.16464675852948243 0.008069589809181309 4.387284075998871 0.2976713525814234 0.23389094176211786
268.8603820800781 -1 651.530029296875 282.8126525878906 -1 903.3814086914062 287.246337890625
0.981733242936659 -0.012316029992940505 0.18694586549621506 0.03315717859159628 -4.195070819948721 0.9131792310879927 -0.0023748991453236955
226.2546844482422 -1 725.1885986328125 233.7512969970703 -1 883.6614990234375 273.1344299316406
0.9819054162420163 -0.016728973838167287 0.18607491701599738 0.03095190214517445 -4.119721257877576 0.9160777885971261 0.04641081416748859
289.2722473144531 -1 983.8499755859375 350.43121337890625 -1 983.8499755859375 350.43121337890625
0.9829491073355314 -0.01888291064568434 0.1802853147313079 0.030849527809388506 -3.991966570095885 0.9427669267410775 -0.0353800000559253
235.99017333984375 -1 804.6033325195312 235.99017333984375 -1 946.5405883789062 270.3484802246094
0.9820963771934342 -0.01653144781140907 0.18501664127471587 0.03134102085468435 -4.066173825166621 0.9312767679586651 0.001359245499255162
264.0166320800781 -1 478.8053283691406 290.4180908203125 -1 478.8053283691406 290.4180908203125
0.9831763870545456 -0.021488864922598272 0.17930064830117892 0.027453563365904862 -3.917848149779113 0.9673737347471197 -0.06571970501029979
237.3708953857422 -1 925.8635864257812 256.04376220703125 -1 807.7281494140625 267.2114562988281
0.9859255310687174 0.0007917683428021969 0.16601797145062963 0.019704147918059987 4.108515426594721 0.9417974269253119 0.024888511714697897
257.20037841796875 -1 1183.3323974609375 357.7752685546875 -1 1176.5399169921875 360.1037902832031
0.9837293579674338 -0.019910560702033498 0.1771233530750299 0.022526376561033495 -3.8189503334494104 1.0174627422121463 -0.07409356311425716
271.67919921875 -1 900.7634887695312 282.85260009765625 -1 721.8101196289062 288.89056396484375
0.9860669069653086 0.008856138167594965 0.1661024193340228 0.0019000252656938541 4.409212958650495 0.7329998838986731 0.11955036489553912
284.13336181640625 -1 894.2212524414062 284.13336181640625 -1 506.4925842285156 325.25537109375
0.9864402311673612 -0.004657604120181586 0.1594689697807892 -0.038517849568693564 2.4190916882396913 -0.3331818197330987 0.17837994081179928
237.01268005371094 -1 798.404052734375 237.01268005371094 -1 1096.948486328125 301.97772216796875
0.9859113128337089 0.02207923634771772 0.1646454787445052 -0.019576947612098206 -4.208348850036832 2.9301199993534373 -0.0747365782188934
258.218994140625 -1 1157.0985107421875 275.2233581542969 -1 722.3876953125 288.9483337402344
0.9894475820888106 -0.012273093663963036 0.1409211638828901 0.03137003411560141 4.07103245426182 2.806567863765906 0.022067726031463057
215.09471130371094 -1 860.0686645507812 227.6204833984375 -1 860.0686645507812 227.6204833984375
272.4050598144531 -1 980.5808715820312 281.351806640625 -1 857.6102905273438 317.5169982910156
0.9992554943986705 0.017730282050002377 0.013225049848429647 0.031609999509693856 3.4548296796596927 -1.1306342631220607 1.1807065881527714
222.88418579101562 -1 874.0739135742188 222.88418579101562 -1 945.2388916015625 352.1108093261719
0.9838453576554622 -0.026217445341281117 0.16720822779868527 0.05832980658287488 3.820604050249557 2.930816065617326 -0.10589033684101247
212.16380310058594 -1 731.5635375976562 212.16380310058594 -1 891.8247680664062 218.06329345703125
0.9990648304465678 0.015405498227360795 0.027397396899503768 0.029690365984081323 3.565015084388537 -1.1307577988270003 1.086697910530979
102.92578125 -1 510.726806640625 348.9648132324219 -1 1183.694091796875 358.0247802734375
0.9862421755632654 0.02137456663367104 0.16300090649281834 -0.017326382310782863 -4.133387011599794 2.9057226885321863 -0.08843957302686305
253.5150604248047 -1 796.4799194335938 256.9474792480469 -1 796.4799194335938 256.9474792480469
0.9843401664453509 -0.021510378694668934 0.1700378151272951 0.04121749334307958 -0.14775752198580447 1.2903260418478475 -0.04316042383606387
164.18679809570312 -1 74.35421752929688 164.18679809570312 -1 1009.6106567382812 240.97296142578125
0.9815657429305821 -0.015788620073775655 0.17669402063199932 0.07112408069141593 0.3472459132827226 1.3429844008719052 -0.004926624906293004
229.63380432128906 -1 805.0181274414062 235.65167236328125 -1 386.193603515625 366.09716796875
0.9817013097992559 -0.017631246453060283 0.1752258481504909 0.07244017964416026 0.3970394649595747 1.366804254130615 -0.04226613273116806
238.04638671875 -1 950.2847290039062 238.04638671875 -1 352.43353271484375 364.97174072265625
0.9815968515866459 -0.014035355362289396 0.1773732852602114 0.06934945876528732 0.2922351288876427 1.3365946327365836 0.006154533086382337
247.61737060546875 -1 711.3467407226562 335.2362976074219 -1 337.3663635253906 349.0693664550781
0.9813781645055859 -0.017603836884071092 0.17749863778901764 0.0712827941487246 0.48099025336851053 1.393605305806957 -0.041740466853064775
238.1645050048828 -1 702.3715209960938 363.0254211425781 -1 5.186018943786621 366.9915466308594
0.982824702944617 -0.013563160087800312 0.17158291721714772 0.0665653550243031 0.14041066521552883 1.332318536130192 -0.00932814968930338
215.94590759277344 -1 896.900390625 257.1139831542969 -1 1003.235595703125 330.04486083984375
0.9826495310857014 -0.013532515986151867 0.17317116519904402 0.06502705292215775 0.2314665821000571 1.3285602603449735 0.009889685632437134
247.46949768066406 -1 1408.1455078125 359.84173583984375 -1 1408.1455078125 359.84173583984375
0.9811481476352217 -0.016915492169864845 0.18086996143444445 0.065941152305119 0.5718230820519943 1.419970695497073 -0.026124265989727453
247.92088317871094 -1 673.699951171875 247.92088317871094 -1 943.5621337890625 248.05743408203125
0.9830040440256822 -0.01603654165480783 0.17262197056519726 0.060394817982145736 0.08184196042956117 1.3291505615776167 -0.04015431713523074
205.09141540527344 -1 766.2968139648438 233.4912109375 -1 945.6533203125 326.4914245605469
0.9833347022077974 -0.018504931096809552 0.17336257451147574 0.05153492716360253 0.022675958922491742 1.3215374149814474 -0.042584026623960256
251.3236541748047 -1 425.5052795410156 342.5467529296875 -1 72.4926986694336 359.8334655761719
0.9836966448919686 -0.022092197738715152 0.17210983846203956 0.04723398280823361 -0.0623433734166327 1.3115057976671705 -0.05793158158737004
228.51583862304688 -1 766.2365112304688 233.65048217773438 -1 805.20263671875 235.94944763183594
0.9810679343213389 -0.016038835946142756 0.18325610302729298 0.06054473297657075 0.6618789050800842 1.452038372257605 -0.014832803239667708
351.3634033203125 -1 1300.01953125 354.8783264160156 -1 1503.9581298828125 356.5682678222656
0.9818462114559425 -0.016093640924061216 0.181698545864194 0.05200625156899361 0.8356668919802022 1.5138223120300571 -0.01812031837960596
345.6393737792969 -1 849.5460815429688 366.0041809082031 -1 1596.6490478515625 368.9481201171875
0.9813490789648206 -0.01586228681180738 0.18348673611097732 0.05509075007058004 0.7485759049577281 1.4831613647100281 -0.017018777725532494
328.8136291503906 -1 494.7378234863281 328.8136291503906 -1 1085.9415283203125 348.66162109375
0.9820263032247372 -0.01596489183654411 0.18085135511822273 0.051596989789197086 0.8974566413091627 1.5349219957224922 -0.003782950486885
344.07879638671875 -1 1249.0830078125 351.2562561035156 -1 1249.0830078125 351.2562561035156
0.9820800012508603 -0.015160975955924978 0.18072069293520535 0.05127423423312532 0.9582199086906898 1.5488606841409496 -0.01126735715839291
345.87774658203125 -1 1045.03271484375 345.87774658203125 -1 1397.7335205078125 353.13812255859375
0.9821014424778426 -0.013954916626559077 0.18077920952678703 0.05099896457533882 1.0219367229908451 1.560745844231839 -0.0026748967358764643
247.73678588867188 -1 673.4312744140625 247.73678588867188 -1 719.70458984375 320.4715270996094
0.982695686696577 -0.013329087692326469 0.17815534356804966 0.048910084107305254 1.0846037546378453 1.5673680431395272 -0.001460459969008461
289.0814514160156 -1 722.275390625 289.0814514160156 -1 778.9195556640625 349.34002685546875
0.9832057638423355 -0.014279086537352034 0.17548115638442424 0.048050987386875466 1.1412615129146049 1.5830285984367571 -0.019643767982784548
333.36676025390625 -1 486.9501037597656 349.3917541503906 -1 486.9501037597656 349.3917541503906
0.9833469972320622 -0.01508305882198406 0.17479544171412267 0.04741031456575654 1.1910669335524597 1.5937858097537132 -0.026104974229040186
357.7916564941406 -1 1183.36669921875 357.7916564941406 -1 1267.2464599609375 360.5450744628906
0.983234495128332 -0.015492255376308049 0.17536928512574892 0.04749243568793896 1.268538159289096 1.6059266670355536 -0.019533758718119867
255.34768676757812 -1 962.1727905273438 255.34768676757812 -1 1476.44091796875 356.1894226074219
0.9831163231142377 -0.014528495965160565 0.17634079652872026 0.04663841239738568 1.3233891033552438 1.6140205745362957 -0.017999848886557007
336.34173583984375 -1 1096.05419921875 351.2835388183594 -1 1096.05419921875 351.2835388183594
0.9833359096613957 -0.015511875341268896 0.1750215464784368 0.04666185553628336 1.391139569253699 1.6278659611170818 -0.016851798615570703
282.4313659667969 -1 823.0419311523438 282.4313659667969 -1 722.1980590820312 288.9983825683594
0.9832647924255259 -0.014201729006600522 0.17564437357334337 0.04623540744535802 1.4334325020784726 1.6442420693187285 -0.015624014520164006
289.12030029296875 -1 364.0517578125 353.4911193847656 -1 364.0517578125 353.4911193847656
0.9835606163150232 -0.0133978065880363 0.1740473336962464 0.04622270487399956 1.4744224118276201 1.6637047062176453 -0.007448025577573686
289.0487365722656 -1 768.9551391601562 289.1679382324219 -1 1035.687744140625 342.8033447265625
0.9836387668762671 -0.014929145990745886 0.17352842626994522 0.04604109223726332 1.521169413412679 1.693429675617304 0.012636735822380998
182.661865234375 -1 1273.3634033203125 182.661865234375 -1 735.1394653320312 222.92665100097656
0.9835310855480641 -0.015662485125987707 0.17495962260053294 0.04254903970483739 1.5752517778001724 1.7128780261562426 0.012768595263329416
248.17340087890625 -1 777.3002319335938 248.17340087890625 -1 722.4664306640625 288.8237609863281
0.9833950267057389 -0.015626885741459894 0.17628033480134017 0.0401903651982652 1.62866931350788 1.734667994175218 0.03534057413711284
103.09239196777344 -1 485.7864685058594 103.09239196777344 -1 767.1686401367188 233.31704711914062
0.9841007151580218 -0.016909849034668304 0.1725757087121676 0.03843779641951414 1.6867508338135477 1.7635387502358737 0.058136873974772636
233.54542541503906 -1 781.7168579101562 264.9727783203125 -1 796.0332641601562 278.1658935546875
0.9843430244611564 -0.017258176897430356 0.17145583536298475 0.03706564507493783 1.7103185982596525 1.7874587394965071 0.06548458116144697
248.8404541015625 -1 796.6802978515625 257.21002197265625 -1 796.6802978515625 257.21002197265625
0.9847793383521689 -0.016454238422717572 0.16952227960855648 0.034657026833114835 1.7541544177306265 1.805364955922683 0.08321803715070403
302.5760192871094 -1 902.7296752929688 302.5760192871094 -1 934.3314208984375 314.3984680175781
0.9847124480348536 -0.016115910528595952 0.1702413621097188 0.03315947436356158 1.7976062732831752 1.8287957194090945 0.08777621724419256
289.092529296875 -1 701.533935546875 313.659912109375 -1 690.0996704101562 349.7181091308594
0.9860881130522068 0.020398135530812118 0.16402106979800188 -0.01764193941503938 -4.07126346843344 2.900689904224391 -0.09052294005408303
261.97100830078125 -1 802.744384765625 261.97100830078125 -1 778.66845703125 266.9732666015625
0.9831361786504618 -0.027042220831948877 0.17101661125765677 0.0588667240042367 3.7237102230910666 2.8734472964932096 -0.08568617132608929
350.61224365234375 -1 964.4667358398438 355.2463684082031 -1 675.7974243164062 358.3363037109375
0.9906625390218622 -0.01250112996143168 0.12543975117736778 -0.051926143251786926 2.030117420312113 -0.18640863924986323 0.3372085699449866
258.52099609375 -1 1077.7120361328125 258.52099609375 -1 1048.5406494140625 277.6000671386719
0.9812037570297051 -0.023556671421917686 0.18891214953508534 0.03156691591437031 -3.581498179255115 0.9315637798967713 0.03856492705178001
107.97850036621094 -1 1203.36328125 107.97850036621094 -1 542.9703369140625 332.3382263183594
0.9884235409687464 0.015605631158446903 0.14781182912584342 -0.030447185509070517 -3.969088630482992 2.4014790174194975 -0.17259932929414912
218.7079620361328 -1 747.645751953125 228.35079956054688 -1 887.0508422851562 232.60438537597656
0.9875145586168209 0.01444789362149147 0.15286919302716248 -0.03517477381521524 -3.908152489790248 2.402546954802714 -0.12105568827980245
290.87213134765625 -1 1306.2315673828125 362.0386047363281 -1 505.310546875 364.7486572265625
0.986968244069795 0.009427399921306872 0.1558912950721284 -0.038764848113258234 -3.860756806405622 2.389684020092478 -0.03905105642224146
285.6043395996094 -1 722.2677001953125 289.15850830078125 -1 650.9813842773438 356.1934814453125
0.9871937116016015 0.008329227349669923 0.15374654718621558 -0.04172767635908406 -3.788138830780131 2.3915681532543593 -0.05438780322583589
292.5565185546875 -1 934.9400634765625 296.04034423828125 -1 871.14404296875 330.7683410644531
0.987032351814315 0.004862983044365997 0.15517220921680114 -0.04080531037242275 -3.7552009278079104 2.354134125543919 -0.016512142347172604
301.33648681640625 -1 378.45965576171875 355.1056823730469 -1 1184.2220458984375 358.3677978515625
0.9874754032935528 0.00349310640514062 0.15173424755181386 -0.04309111529959202 -3.679217564529024 2.332826935575046 -0.1326189274721802
205.35154724121094 -1 766.0182495117188 234.0017852783203 -1 766.0182495117188 234.0017852783203
0.9865186795708173 0.020358681637203342 0.16156282928443255 -0.016244110731448318 -3.978997374655684 2.892544574995089 -0.09653940160672995
278.5192565917969 -1 632.0660400390625 346.15093994140625 -1 291.9283752441406 350.4807434082031
0.997739589999021 0.016293309773005644 0.05645361412591656 0.03260717800344871 3.770581553781604 -1.1001669771950104 0.7720605989616064
289.2623596191406 -1 1243.1697998046875 332.10443115234375 -1 1243.1697998046875 332.10443115234375
0.9898429739620737 -0.013095747673467805 0.13872377950888806 0.02819754048777716 3.991501278043941 2.7781342615953886 0.06675986014061594
201.3975067138672 -1 827.967529296875 201.3975067138672 -1 887.5302124023438 236.7649688720703
0.9871454014955603 0.019279946782489787 0.1580617595660433 -0.013737544217210103 -3.9002509810896844 2.872045954505345 -0.10323299659085511
255.28567504882812 -1 722.2924194335938 289.02783203125 -1 1214.507568359375 331.3958435058594
0.9856874210894505 -0.006205599524675768 0.16073678258922883 -0.05045280134373741 -3.4449455464989143 2.281877232406363 -0.24280194571877342
235.88458251953125 -1 866.0997924804688 305.33074951171875 -1 447.2678527832031 348.6886901855469
0.9854658590555483 -0.004820109139031003 0.16075853400733003 -0.05468547272916434 -3.481915212532558 2.325795099254145 -0.1807839679415568
362.23309326171875 -1 176.0231475830078 364.2401428222656 -1 871.7838745117188 366.5098571777344
0.9863137711305853 -0.002750067822754015 0.15611270503567012 -0.052975516340849155 -3.517592178037012 2.3315138325547404 -0.2185747502705351
237.1121826171875 -1 798.1653442382812 237.1121826171875 -1 913.9338989257812 274.048583984375
0.9858721507596149 -0.006776046039147978 0.159893531289969 -0.04943931844504283 -3.4410089267084087 2.238577464809238 -0.1803753483916237
233.3339385986328 -1 727.0763549804688 235.8047332763672 -1 708.5550537109375 270.24066162109375
0.9871117025498689 -0.009298647119325373 0.15486419351070335 -0.03925689008478795 -3.4680204806220063 2.139082536149271 -0.1999511411890256
233.57217407226562 -1 724.433349609375 261.0818176269531 -1 922.1233520507812 262.49456787109375
0.9886263801388464 -0.010558314819428115 0.14554051345979038 -0.036391776867799 -3.4596798539027898 2.0876401011057797 -0.27181404126345576
233.33953857421875 -1 705.6869506835938 235.01699829101562 -1 885.8104858398438 264.4699401855469
0.9869330845429453 -4.2497554581204395e-05 0.15429921258349136 -0.04642023076870965 -3.602330875274329 2.3064375046760124 -0.08511510835157514
319.64593505859375 -1 809.04833984375 319.64593505859375 -1 679.7990112304688 331.4923400878906
0.98959267871637 -0.013054109304180293 0.13980965257679664 -0.031451256057416575 -3.4561178700728816 2.007217578372431 -0.29825033390233646
248.0147247314453 -1 712.1085205078125 252.43650817871094 -1 896.6936645507812 257.2068176269531
0.9901080979266883 -0.011894414750442759 0.13765165533584603 -0.02442333107995927 -3.431728924008794 1.924440517493535 -0.26805941434715846
328.05242919921875 -1 912.7997436523438 363.26751708984375 -1 175.89085388183594 364.5335998535156
0.9829316832980096 -0.026899341358592954 0.17251625026035347 0.05796442701797604 3.6602447949719443 2.818457599515 -0.1279147226475962
221.96206665039062 -1 811.4556274414062 334.01483154296875 -1 205.62660217285156 356.8956604003906
0.9835391984975679 -0.02324653096390866 0.1775435096879276 0.024259966706465658 -3.718846179447515 0.9931151583292872 -0.0716783295937617
289.17474365234375 -1 722.44580078125 289.17474365234375 -1 1144.7156982421875 356.0923767089844
0.9824609456639862 -0.02288237700377777 0.18312990839791132 0.02665189895402548 -3.634906298438181 0.9816370944628956 -0.065236276284564
334.0463562011719 -1 955.13330078125 334.0463562011719 -1 1044.383544921875 349.7341003417969
0.9846207491328574 -0.01736836401736638 0.1707963944699007 0.03238691007943348 1.8565210400588528 1.859263186221208 0.07673821634595182
107.90032958984375 -1 1203.028564453125 107.90032958984375 -1 829.1375122070312 262.6003112792969
0.9902301156092806 -0.011235971537096994 0.1367104899338103 -0.025066172944942563 -3.344681941645259 1.878437545481654 -0.27853501133918745
228.13150024414062 -1 786.7953491210938 227.9215087890625 -1 806.4513549804688 230.078125
0.9898280777589499 -0.012956024034888073 0.13252096165260044 -0.05010701192348014 2.1194405172270514 -0.2201037285196643 0.30211737783969356
230.97740173339844 -1 722.4600830078125 289.1376647949219 -1 722.4600830078125 289.1376647949219
0.9901994574523059 -0.00972680525202243 0.13639261189523494 -0.028416177454825227 -3.154308357503961 1.879695268153766 -0.2629913894921867
283.4375 -1 991.7081909179688 341.4849548339844 -1 823.7500610351562 342.75396728515625
0.990047750680595 -0.010875834861494923 0.13832832592471267 -0.023504081246166254 -3.267667848551478 1.8488397655613826 -0.23943407228904937
248.00572204589844 -1 943.4888916015625 248.00572204589844 -1 1180.3243408203125 307.07452392578125
0.9901932778217676 -0.00833736373703445 0.13601925971113846 -0.030765596209632498 -3.0879226281239394 1.9023391461359063 -0.28460566750183663
216.02377319335938 -1 830.1153564453125 216.02377319335938 -1 766.5006103515625 233.25003051757812
0.9905515834287273 -0.0067235088335836175 0.13255777414285963 -0.03450784708000206 -2.985665757133735 1.9014064826847346 -0.2842856221772262
210.44476318359375 -1 804.8536987304688 235.896728515625 -1 968.4052734375 292.9399719238281
0.9903994414415775 -0.007455829257524187 0.1337113238559285 -0.034273005047542555 -3.0290577668486587 1.9166544087817232 -0.29822107178301055
223.4055938720703 -1 818.3930053710938 234.48910522460938 -1 818.3930053710938 234.48910522460938
0.9906973786134653 -0.005495986850161576 0.13127923888900406 -0.03541552729629835 -2.934971092452335 1.8800711409850945 -0.27858358548742507
210.60769653320312 -1 787.6471557617188 231.5833740234375 -1 722.017822265625 289.1261901855469
0.990576871521638 -0.0019041470286786496 0.13226932360788352 -0.03547762481918164 -2.893662270114351 1.860355103962122 -0.268503554068119
233.2124786376953 -1 767.7405395507812 236.08126831054688 -1 722.2279052734375 289.04620361328125
0.9877318691154917 0.017334145817855286 0.15469255347698296 -0.012469804375100185 -3.811649286890681 2.8588581031026754 -0.16587973994715466
247.63914489746094 -1 723.8810424804688 311.178466796875 -1 168.45059204101562 334.49627685546875
0.9882711926092311 0.008189779158208574 0.1494435640392412 -0.030324883236660063 -2.614460126119686 1.6721328127723791 -0.14434402980068836
343.2942199707031 -1 808.9998779296875 343.2942199707031 -1 1007.3883666992188 350.05767822265625
0.9897962494832074 -0.012090500185353674 0.1394395672823878 0.026717248929196528 3.8892821974125793 2.7769742364887704 0.058083620673801344
222.76805114746094 -1 630.8900146484375 222.76805114746094 -1 652.3477783203125 227.4239959716797
0.983526111113212 -0.023804596274206075 0.16953619962611263 0.05802763971659417 3.619493425716188 2.7771775660274343 -0.05929291226977095
333.5412902832031 -1 761.4598999023438 355.4747619628906 -1 1564.5811767578125 358.94720458984375
0.9872320744380653 0.016792067035863695 0.1578629586781481 -0.013043924361889473 -3.7376518897306017 2.862368082107743 -0.12362070366685406
298.39678955078125 -1 1180.3216552734375 307.5670471191406 -1 492.93438720703125 339.0809326171875
0.9871515089252767 0.01645491542035188 0.15835656611373602 -0.013576897794577608 -3.6462921185847104 2.857724881576541 -0.13897389479668126
281.13330078125 -1 842.983642578125 289.1498107910156 -1 14.713915824890137 344.71624755859375
0.9867518236276315 0.0164336487684018 0.1608674839476082 -0.013131121965256004 -3.576145074975265 2.8396826232158965 -0.08602808566920703
238.11634826660156 -1 672.9072265625 247.63983154296875 -1 534.7796020507812 287.6320495605469
0.9868615691094605 0.017053654269493356 0.16032636244456971 -0.010434260690752088 -3.5198037805986044 2.809918880310147 -0.09201069879241178
288.97015380859375 -1 648.9752807617188 316.061767578125 -1 804.5130615234375 320.8388366699219
0.9871553867308884 0.016597065499106115 0.1586437452120194 -0.008996775539742223 -3.4551528943912686 2.7816642814074157 -0.09512810832622445
289.05889892578125 -1 1056.102783203125 325.94146728515625 -1 1056.102783203125 325.94146728515625
0.986775156634279 0.016423032191637585 0.16116168938562406 -0.0056554520065462644 -3.425008462703582 2.7507662836325277 -0.11223141994804754
292.2134704589844 -1 734.96044921875 316.3069152832031 -1 801.56640625 335.82305908203125
0.986680944532446 0.016810254226817877 0.1617496265555735 -0.003897096165400711 -3.3627440261409203 2.741576868088982 -0.11213545562786759
288.5994873046875 -1 722.6588134765625 289.2903747558594 -1 634.103271484375 290.6510925292969
0.9866563062693424 0.01635004736980996 0.16195153905987508 -0.0037024648655237277 -3.3012308409226474 2.7455926892911386 -0.11599579436209767
298.6820373535156 -1 653.532470703125 324.1971740722656 -1 771.8975219726562 330.442626953125
0.9867149445684675 0.013261431008816304 0.16191002773665747 -0.001701626033873596 -3.2482447220089186 2.7384263946486747 -0.15722460297023666
289.4178161621094 -1 680.0301513671875 331.5457458496094 -1 1183.325439453125 357.8931579589844
0.986773132212329 0.010117446398829675 0.16179104123345456 -0.0002860049490969542 -3.1936208598829814 2.7460546012620055 -0.1727488306523784
231.87010192871094 -1 792.3910522460938 231.87010192871094 -1 906.0945434570312 280.7200927734375
0.9870168308557026 0.007025499553673671 0.16046009705781977 0.0009875301423765746 -3.1450527160070134 2.749181153658326 -0.206830681556886
346.6845397949219 -1 1135.6663818359375 347.2301025390625 -1 1135.6663818359375 347.2301025390625
0.9873858419959928 0.0030837559896997025 0.15827973509889723 0.0026860625240737756 -3.080693899954846 2.7506990579742454 -0.2426162733699346
333.6573486328125 -1 768.1860961914062 336.6941223144531 -1 780.0174560546875 337.95257568359375
0.9878257285700957 0.001731285042475229 0.15551348016992092 0.0035902802816808587 -3.0215442945201096 2.7619290311525417 -0.25121281221968683
331.7955322265625 -1 1043.142578125 336.4320068359375 -1 746.836181640625 337.7525939941406
0.9880853594326194 0.0005070332630377223 0.15388974988757287 0.0022383636258935698 -2.9463479710136053 2.7838701241987 -0.28216002659276357
331.3445129394531 -1 804.2699584960938 340.30328369140625 -1 826.8118286132812 349.9603271484375
0.9879175427135027 -0.0008206776384464474 0.15497767236021676 0.00041994873208542246 -2.8655428783509387 2.7979978451783136 -0.30143379171264884
276.01690673828125 -1 606.7661743164062 339.02001953125 -1 606.7661743164062 339.02001953125
0.9879671248057366 0.00037185047831151703 0.15464370337787592 0.0024793216579780857 -2.814409019227825 2.790706389063777 -0.3051278850038775
289.43109130859375 -1 722.0671997070312 289.43109130859375 -1 588.7103881835938 325.4803161621094
0.9879781568541245 0.001386425636179023 0.1545460562336304 0.003571541083890753 -2.758734858100724 2.7835706331685732 -0.3125452151169049
286.1285400390625 -1 859.288330078125 286.0607604980469 -1 859.288330078125 286.0607604980469
0.9883263030444972 0.0019116821476520321 0.15217544032185765 0.0070781031789466445 -2.7068075496213355 2.7627628893916647 -0.31436295779519924
289.0370788574219 -1 835.0087280273438 342.4165954589844 -1 1183.4884033203125 358.1641540527344
0.9885527111066135 0.003345897648928194 0.1504021329482079 0.011469121035061827 -2.642196420626768 2.7366824341078555 -0.3103299815499545
289.307861328125 -1 722.393798828125 289.307861328125 -1 883.302734375 345.5394287109375
0.9885423226387027 0.004884710567342781 0.15029868547850525 0.013058372723497328 -2.5731514026769267 2.733821046959829 -0.3085299626131085
289.06304931640625 -1 721.9174194335938 289.06304931640625 -1 845.3661499023438 339.56585693359375
0.9882790009584735 0.004630919217250934 0.15199382285117924 0.013455432613231398 -2.510680290469492 2.730253176916412 -0.33254389428487424
283.478271484375 -1 758.0076904296875 283.478271484375 -1 722.2055053710938 289.2648620605469
0.9878583000305237 0.002695379274810584 0.15467840209706168 0.014258538356668002 -2.461072679845764 2.7176206408905323 -0.27374386262465844
357.7648620605469 -1 753.1549682617188 359.2890625 -1 930.5911254882812 365.2392578125
0.987795635536268 -5.1375326401299254e-05 0.15500879773531062 0.015233266252831872 -2.3912730428308477 2.69509088366061 -0.22193442048255121
354.8279724121094 -1 741.0592651367188 362.1053771972656 -1 870.796142578125 361.7851867675781
0.999015056847867 0.007309456464775896 0.004757097909295637 0.043506988598663435 3.4678939830606494 -0.8512696469608181 1.5966169606649203
102.85696411132812 -1 813.4904174804688 273.7269592285156 -1 1080.2547607421875 348.7762756347656
0.9904709342206836 -0.0013920646294705871 0.1335608372274523 -0.03356923262715178 -2.844097238971018 1.8070104385929102 -0.2304210626919393
273.4522705078125 -1 544.429931640625 273.4522705078125 -1 1183.3114013671875 358.19635009765625
0.9872637608995269 0.0007815101354749766 0.1582050820431378 0.016757316973610124 -2.3310840146954384 2.6781394497700357 -0.18590041729420595
247.58937072753906 -1 672.9337158203125 247.58937072753906 -1 335.4139099121094 341.8497009277344
0.9865818676168319 0.004198730001695562 0.1622889510267233 0.01734605230888951 -2.264885373147895 2.679254819176627 -0.14209245622877886
357.6529541015625 -1 1182.81884765625 357.6529541015625 -1 56.72515106201172 359.4677429199219
0.9855148546442783 0.003784149295277114 0.1686508318265779 0.017408285779520943 -2.195960810861526 2.6682670841868315 -0.1178488887274903
358.1132507324219 -1 1478.6514892578125 364.017578125 -1 175.97222900390625 364.3913269042969
0.9834861708957144 -0.017251054092511556 0.16966879786010636 0.060579301929695094 3.5629548021109674 2.747946122472675 -0.07403164746645438
315.8554382324219 -1 632.0802612304688 351.2929992675781 -1 964.315185546875 355.351806640625
0.9901021850630205 0.0003306102411463984 0.1366425460958 -0.032036985294468794 -2.7790578120805653 1.7453096449974448 -0.22140976579873806
289.28863525390625 -1 722.3912963867188 289.28863525390625 -1 735.3085327148438 310.7653503417969
0.9891260699159483 0.006480632427748944 0.14368924837699 -0.030676034894077463 -2.694472516609263 1.7047627746755474 -0.2460454656798896
249.65017700195312 -1 652.764892578125 249.65017700195312 -1 508.9837341308594 286.28753662109375
0.9905210337598003 -0.012595394063259324 0.13444046635170395 0.025203149306078493 3.8056348077350517 2.776945393740601 0.10800329735929555
222.8161163330078 -1 791.6856689453125 222.8161163330078 -1 766.5892333984375 233.6625518798828
0.9888468276288123 -0.01152591371282778 0.14107683404813687 -0.04632959849246544 2.2184745837574598 -0.25891233542481445 0.24737975250742164
286.50341796875 -1 1183.3148193359375 357.80487060546875 -1 1183.3148193359375 357.80487060546875
0.9877037157647915 -0.006793528318279422 0.15117376579924768 -0.03926461984391415 2.329282061370147 -0.2746988636747587 0.21604751515250065
334.2135314941406 -1 694.0086059570312 346.69329833984375 -1 694.0086059570312 346.69329833984375
0.9988344608741275 0.02036474892189038 -0.004596593370212794 0.04351859488802733 3.3524486751170555 -1.0366468002187874 1.3054017752967544
361.38311767578125 -1 843.2919311523438 362.63818359375 -1 868.8641357421875 364.9206848144531
0.9850740877187307 0.0024218292821607287 0.17129232771971423 0.0167962767422019 -2.0960180937186115 2.6543248164778808 -0.10178830462816812
344.1248779296875 -1 944.8355712890625 351.7744140625 -1 1011.76513671875 352.2912292480469
0.9847476660534143 0.002563016887014887 0.1732435561063598 0.01587877244665418 -2.017999231734306 2.6438431007496734 -0.09250628297637109
342.7997131347656 -1 1183.6005859375 358.2794189453125 -1 1183.6005859375 358.2794189453125
0.9844349216964552 0.00475118266458177 0.17490670648204965 0.0165213569474193 -1.9636491375850422 2.6345740351772173 -0.08218088158147616
285.5451965332031 -1 722.0938110351562 289.07379150390625 -1 722.0938110351562 289.07379150390625
0.9844134380601547 0.004708653631531819 0.1743804554701007 0.02234878738555131 -1.9338193430569592 2.5999949269512834 -0.07234768703093708
340.1969299316406 -1 1306.1566162109375 361.6314697265625 -1 1028.76123046875 364.69464111328125
0.9844978914791618 0.003860194819067565 0.17341068105742238 0.026033368284656164 -1.894359105157717 2.5805472369022406 -0.05443909966399061
255.50794982910156 -1 764.930908203125 337.4068908691406 -1 756.5070190429688 340.40911865234375
0.9845677536609684 0.004891068564701629 0.17398827962180893 0.018179506416109527 -1.802180937101742 2.610510121530094 -0.03896897504150505
236.1398468017578 -1 988.5350952148438 343.58892822265625 -1 154.47996520996094 352.83489990234375
0.9845487920098884 0.005981748412831463 0.17409663249099072 0.01783976998427978 -1.7666793463365946 2.612598685771914 -0.021335580723082836
349.72015380859375 -1 1321.2098388671875 355.9743957519531 -1 251.02906799316406 361.80126953125
0.9851974505862947 0.004560790142007226 0.1696099841059105 0.024446591646667792 -1.7153721883108253 2.5714648268682976 -0.07013168343768876
354.44287109375 -1 1267.2977294921875 360.3075866699219 -1 1267.2977294921875 360.3075866699219
0.9847035950831021 0.005807074831334454 0.17268269019086255 0.02248991375625919 -1.749980432397452 2.588859834784727 -0.031735761745381
247.638427734375 -1 798.9584350585938 335.2215576171875 -1 566.7373657226562 349.2139892578125
0.9854153918745414 0.005996425106790972 0.16903628421382463 0.018635529556891718 -1.63255979970442 2.5736527692105375 -0.10733723093617006
353.65631103515625 -1 304.4080810546875 366.3076171875 -1 1169.445068359375 369.7878723144531
0.985221118237525 0.009734574545252188 0.17027987339094977 0.015790850362975107 -1.5638208795633808 2.552098338700635 -0.10354147977553127
63.30878448486328 -1 734.3841552734375 242.93853759765625 -1 734.3841552734375 242.93853759765625
0.9849787125911443 0.017533219585764606 0.17143247162084632 0.010974043339493205 -1.500566358508425 2.534722851973439 -0.07348695702721567
279.67681884765625 -1 439.7818603515625 298.61590576171875 -1 439.7818603515625 298.61590576171875
0.9875694186960051 0.015742177175887925 0.15516110295063087 0.019592326185043016 -1.4478139003307913 2.519555633017224 -0.07867913104684485
310.586669921875 -1 758.3684692382812 310.586669921875 -1 575.5987548828125 344.7510070800781
0.9848222158796943 0.022794047866017974 0.17156875006661748 0.013030675050395636 -1.485273850190864 2.5002638647011275 -0.03324912219392054
338.1097106933594 -1 761.1485595703125 355.5350341796875 -1 658.7152099609375 355.8199157714844
0.9868304123129154 0.01938632832905164 0.15991776797549465 0.014704254281518938 -1.45999115844051 2.508620238034034 -0.06761741553119463
271.3668212890625 -1 1096.562744140625 287.6564025878906 -1 1096.562744140625 287.6564025878906
0.9857774688246362 0.02362952889705091 0.16587805620304052 0.012996068332303752 -1.4687908935064207 2.4961860406086496 -0.02913097549281306
331.031982421875 -1 1183.8115234375 357.9347229003906 -1 776.9440307617188 358.3160400390625
0.9881620345889445 0.013091203489965793 0.1516107058363402 0.019457843252241678 -1.3996773016414363 2.5463941119585947 -0.09526086245519685
329.99957275390625 -1 1206.7152099609375 329.99957275390625 -1 621.6914672851562 344.34649658203125
0.9850476172919729 0.025995451288957333 0.16987161479362214 0.012209122290221273 -1.4705299912730105 2.492667023075388 -0.0010458805610398406
236.12664794921875 -1 805.251220703125 236.12664794921875 -1 714.2509155273438 241.93630981445312
0.9884390457641077 0.012101832844390573 0.15010613976117743 0.01760526218903187 -1.3300235289544373 2.575788086464716 -0.09778288700884884
233.6373748779297 -1 766.4193725585938 233.6373748779297 -1 738.4044799804688 331.8901062011719
0.9883313006332454 0.011866908243491901 0.15104018143532139 0.015725147672550607 -1.2551953648495549 2.6071290988330547 -0.0706781228286216
339.2478942871094 -1 798.6961669921875 342.6658935546875 -1 710.4646606445312 348.4412841796875
0.9880960663453211 0.011073917520718053 0.1526460543071244 0.015579285224733754 -1.1680563489005147 2.6238480348247 -0.05343038466999357
348.5135498046875 -1 447.0077209472656 348.5135498046875 -1 586.701904296875 348.8840026855469
0.9875563543989055 0.013205369358941265 0.15630886546272554 0.011207304947791213 -1.0522658290099887 2.6472934355742948 -0.049932961757015344
251.5140838623047 -1 897.1277465820312 257.5901794433594 -1 897.1277465820312 257.5901794433594
0.9870979749877546 0.013045400985064877 0.15915040658947788 0.01177086957776592 -0.9518169091545976 2.651682007580843 -0.05481694145116771
288.8907165527344 -1 732.9694213867188 338.5517578125 -1 732.9694213867188 338.5517578125
0.9866949867962311 0.014313024469701487 0.16170540083031212 0.008916484958946869 -0.8381563221645874 2.6619554764868685 -0.04258589833742257
247.6851043701172 -1 673.2460327148438 247.6851043701172 -1 813.06396484375 251.41001892089844
0.9865045597318051 0.012372724240902588 0.16317432779134197 0.005459677010562494 -0.7433600572822987 2.6667472592075834 -0.038035488091674334
255.00213623046875 -1 906.0939331054688 281.15142822265625 -1 906.0939331054688 281.15142822265625
0.986591132719132 0.007639857752828237 0.16282846570270562 0.00815231073988682 -0.6638316925748624 2.6742088150193313 -0.029634436980582685
248.2999267578125 -1 673.8460693359375 248.2999267578125 -1 776.7557373046875 358.3702392578125
0.9865759404185592 0.0037149030408226884 0.16295923348016106 0.009919753333178826 -0.6038852145359335 2.690032394270565 -0.03461677820756425
335.2709655761719 -1 392.73687744140625 335.2709655761719 -1 743.1405029296875 352.849365234375
0.986000481926329 0.00043680469963940425 0.16662211326039025 0.006319035950433813 -0.49969614418731473 2.7174274708859696 -0.04228623195269788
210.7330322265625 -1 817.602294921875 210.7330322265625 -1 439.5770263671875 298.3490295410156
0.9855825568201038 -0.001989359173901285 0.1691300761285934 0.004252468784186533 -0.40217838197835126 2.7315961697143383 -0.029574029444356782
201.32652282714844 -1 761.0425415039062 209.90061950683594 -1 980.0171508789062 356.9195556640625
0.9851654072506739 -0.003470519771512683 0.17153368010218759 0.0036431359746791196 -0.3252827391693402 2.7329834749786 -0.023681644646623205
236.4931640625 -1 721.9982299804688 289.0780334472656 -1 721.9982299804688 289.0780334472656
0.9867732976434507 -0.0006149879897334854 0.16170995164007965 0.011312488152727103 -0.28556029920779824 2.7007502775420145 -0.08776606163462222
293.02813720703125 -1 205.66909790039062 356.5080261230469 -1 205.66909790039062 356.5080261230469
0.9855776339340524 -0.00357122679952205 0.16917911411388734 0.0015495727610063447 -0.2638969915514758 2.728618196925625 -0.06176323950421838
209.30857849121094 -1 962.1072998046875 255.01585388183594 -1 722.3511352539062 289.3133544921875
0.9873012508175085 0.0008836176066194831 0.15810685359822169 0.015416945202567934 -0.22131942904489793 2.660368265069855 -0.08438156894666729
338.9520263671875 -1 363.6932067871094 353.3683776855469 -1 823.7630004882812 353.3891296386719
0.9864406317112889 0.0019216414508773708 0.1638050764639916 0.009954111100111062 -0.12466041215875862 2.642541338517249 -0.061093038468579955
322.9997253417969 -1 783.667236328125 332.6083068847656 -1 743.4497680664062 352.4241638183594
0.9867124281367117 0.005367795574013459 0.16238622572895534 0.0006961499372677106 -0.005412698376348277 2.599633442909653 -0.062393615432565136
289.2370300292969 -1 724.7596435546875 308.4928283691406 -1 740.5709228515625 329.4097595214844
0.9857049139394048 0.006382189918886576 0.16834326557100823 -0.002373862767522493 -0.002530728653142551 2.6116695206657923 -0.040650189375251486
239.7938995361328 -1 787.5330200195312 239.7938995361328 -1 543.3505249023438 332.3956604003906
0.987801846169344 0.004027077085148434 0.15563981039154112 0.002746775540738683 0.023813064207830553 2.6016593135468593 -0.07644058681144966
288.9893493652344 -1 736.1025390625 330.2043762207031 -1 762.3153686523438 336.79718017578125
0.9855656973912389 0.005428166876341276 0.16920560885263733 -0.0005030535676078406 -0.02451308980413422 2.624966074511311 -0.03368576070112447
201.6417694091797 -1 828.9384155273438 201.6417694091797 -1 206.84117126464844 362.63946533203125
0.9882953900419231 0.002460325527060079 0.1525306896918189 0.000746674173952711 0.09074687037188858 2.616511189616107 -0.09359387961044446
327.8415222167969 -1 871.4833374023438 367.01513671875 -1 871.4833374023438 367.01513671875
0.9886369624907678 0.002202072838412364 0.1503066689751834 0.00011195457598286532 0.15989368666680637 2.637027705597216 -0.09582827843546067
289.1312561035156 -1 721.993896484375 289.1312561035156 -1 1456.2635498046875 356.68719482421875
0.9890854816599112 0.0030183756320554147 0.14730977980203266 -0.000792560913893097 0.2317549102772345 2.654859293122539 -0.09637476279565492
289.1283264160156 -1 921.1609497070312 345.9668884277344 -1 717.9631958007812 347.9585876464844
0.9894080343019039 0.0023746684394256147 0.14513510897872522 -0.001379402181680304 0.3034932840960013 2.671620088347399 -0.11019026610687029
272.8244323730469 -1 712.5593872070312 284.6260986328125 -1 882.1969604492188 285.0819396972656
0.9894552344537043 0.0016838213219492742 0.14480146555108978 -0.0028353716119011853 0.37771028779691573 2.6749058276376165 -0.1138064607237016
289.429931640625 -1 725.477294921875 299.218505859375 -1 725.477294921875 299.218505859375
0.9894179956206348 0.0023530668992841146 0.14504095939025405 -0.0031005027605054843 0.4348239085447766 2.6699417252366002 -0.0923313953880103
248.07833862304688 -1 801.2312622070312 248.07833862304688 -1 912.8106079101562 327.7268371582031
0.9895838785645927 0.002590862212064094 0.14392214371447734 -0.0018577585109403483 0.4748137156127289 2.662218193423742 -0.06367559434037766
200.95814514160156 -1 722.6082153320312 289.3831787109375 -1 722.6082153320312 289.3831787109375
0.989826901530636 0.001563879380643919 0.14226632600066672 -0.0007428147921323594 0.5193662379316726 2.6561221411377045 -0.03922375361261743
283.24102783203125 -1 722.1569213867188 289.1971435546875 -1 722.1569213867188 289.1971435546875
0.990018651049246 -6.681453605260956e-05 0.14093588196469 -0.00037853042665855654 0.6147027470464543 2.648214801351715 -0.014541283253195852
338.60498046875 -1 1183.4544677734375 357.7908935546875 -1 720.8529663085938 358.2204284667969
0.9901844107807934 0.0006991686089831176 0.13976364301793343 0.0006840323858664851 0.6870761331982338 2.6499020008964367 0.009381409282870566
289.155517578125 -1 722.1094360351562 289.155517578125 -1 730.399658203125 320.4668884277344
0.9904396383923484 0.0008455801192301204 0.13785944852009505 0.004835302392982962 0.7612420586847448 2.6550360795019805 0.03501689454715167
289.23651123046875 -1 721.5641479492188 289.23651123046875 -1 1121.8902587890625 292.256591796875
0.9902448050540382 0.0002866366035058384 0.1390759554083959 0.00854532212321599 0.8862606461739871 2.6593045348376716 0.05086433202244971
358.2484130859375 -1 1184.009521484375 358.2484130859375 -1 1267.36572265625 360.4308166503906
0.9847730723255398 -0.017627488268065022 0.1706656951589533 0.02800871606817693 1.9508825505721654 1.875857089313479 0.09563898802416339
269.25018310546875 -1 927.7030639648438 308.57476806640625 -1 904.7409057617188 314.8541564941406
0.9859543800535711 0.05790931365896229 0.1564825137627373 0.007327668880421523 4.407414534266321 -1.5397220692885043 -0.1611920302954584
230.69454956054688 -1 726.0425415039062 230.69454956054688 -1 637.5797119140625 234.11972045898438
0.9831860166222782 -0.011010676831491161 0.17171099823855543 0.06115026408813596 3.5207643540446494 2.6927565881766924 -0.07588657964308658
268.53619384765625 -1 725.0474243164062 308.2322082519531 -1 1040.053955078125 313.3229064941406
0.9833929525642924 -0.008299398099092178 0.16992920675002982 0.06319403082081286 3.487970416506546 2.645962825208524 -0.058143958438288526
289.5052185058594 -1 608.6533203125 301.46673583984375 -1 915.3599243164062 332.2449035644531
0.9834111124546684 -0.006468497909914728 0.1698227365534146 0.06341120236181107 3.452818223988368 2.5993415297878095 -0.11335565890742107
223.03590393066406 -1 734.88134765625 223.03590393066406 -1 595.9609985351562 264.1163024902344
0.9833680481148666 -0.005757114361684756 0.16990121251558907 0.06393524510562533 3.4170824631334122 2.5724966114731127 -0.1246621500802889
219.4110107421875 -1 648.996337890625 219.4110107421875 -1 575.7774047851562 235.4545440673828
0.9834425682201297 -0.0068236473078418 0.1701049791636049 0.06211641420561432 3.3857414070715155 2.530551493971008 -0.11902644950521651
222.0933074951172 -1 625.03955078125 246.3428192138672 -1 744.8818359375 253.84580993652344
0.9830466726388324 -0.004452757196385091 0.17277038164486558 0.06123567255577293 3.319187494163474 2.4950365360737163 -0.1351167795518864
283.2678527832031 -1 894.0507202148438 284.8094787597656 -1 722.1721801757812 289.1606750488281
0.9913853334436062 -0.014734235626056897 0.12834163818189348 0.02159738044795133 3.697278398482277 2.7545688575775653 0.09443049322808465
205.24224853515625 -1 756.3636474609375 205.24224853515625 -1 652.4187622070312 227.0884246826172
0.9830189733896194 -0.004971804875901193 0.17354300439987322 0.05942898902185785 3.258728470322183 2.4442797401849368 -0.13213507933265298
233.41171264648438 -1 765.8760375976562 233.41171264648438 -1 565.1549072265625 238.39662170410156
0.9827795031019988 -0.003946028374862419 0.17565221829915656 0.057229147724200714 3.1784764530395493 2.411515761297517 -0.11280238362956534
233.5877685546875 -1 565.7119750976562 247.16909790039062 -1 943.771728515625 248.11314392089844
0.9896383046436033 -0.0015942003580409936 0.14345861239277405 0.005754219121041318 1.0184871814970164 2.629466088644045 0.0438621711366027
352.0998229980469 -1 709.0546264648438 357.234619140625 -1 1135.9822998046875 365.8664245605469
0.9919561867705212 -0.015212122351501328 0.12395141157046155 0.020677582811830558 3.6016348130621205 2.751957952213607 0.10701390374541282
216.86875915527344 -1 805.3310546875 236.22357177734375 -1 805.3310546875 236.22357177734375
0.9824553410225727 -0.005748021123484263 0.17756176371338678 0.056747539297980105 3.1015576306938555 2.3917390922425077 -0.1301101559981767
282.2658996582031 -1 489.38348388671875 282.2658996582031 -1 798.9732666015625 303.2085876464844
0.984097310967782 -0.022210353563841163 0.17390115687513083 0.028593187615955563 2.0257389911976404 1.8914726869211562 0.04203751091120745
280.6149597167969 -1 877.2317504882812 280.6149597167969 -1 1037.4945068359375 347.8714904785156
0.9890829486627768 -5.2461352506124176e-05 0.14729867217102857 0.004244889751842389 1.1178161605577501 2.6165023110749703 0.043693104457473306
289.0177001953125 -1 722.144287109375 289.0177001953125 -1 606.8159790039062 339.0523681640625
0.9886105186720301 -0.00021385645615560434 0.15044273296872257 0.004022528227075307 1.2040913783039193 2.5984250422188544 0.017192714796663396
357.766845703125 -1 741.6989135742188 361.48968505859375 -1 1306.1251220703125 361.94647216796875
0.9880043298274698 0.0008829959116951608 0.15441046102996117 0.002018436252958269 1.294661238010666 2.5791640315359228 0.029592499244521536
185.2205810546875 -1 766.2318725585938 233.31019592285156 -1 1076.1478271484375 341.2509460449219
0.9872173623022541 -0.0006090640612375549 0.15937806061260995 0.00037736628439858657 1.3638790202443452 2.559482800519313 0.00531472872867577
289.3137512207031 -1 722.136474609375 289.3137512207031 -1 790.62841796875 335.892578125
0.9870559485570563 -0.0032358237828643507 0.16033918122834487 -0.0011961712253034935 1.4207108258172336 2.54885372962346 -0.0055585214120872466
233.31402587890625 -1 993.1263427734375 257.25299072265625 -1 486.98175048828125 348.9678955078125
0.9872198268985518 -0.004304932601430373 0.15929532652228726 -0.0018654441424518135 1.4612797341871797 2.548457358910784 -0.013520566614447225
205.20693969726562 -1 756.9017944335938 205.20693969726562 -1 784.0071411132812 332.8931579589844
0.9871773642196021 -0.005500824009354203 0.1595072514783988 0.0028335902075537593 1.489816981393109 2.5674641168821806 -0.03387943826571224
338.4281311035156 -1 858.2584228515625 350.17364501953125 -1 1154.607421875 351.4001159667969
0.9871357843288169 -0.002823249096821409 0.1598371691468164 0.0026555453679259445 1.527138878245769 2.5657556395235024 -0.04604651882694298
289.2966003417969 -1 46.4926872253418 354.77294921875 -1 1183.8377685546875 357.97161865234375
0.9866187613640467 -0.0061872053067257675 0.1625432710372938 0.011172432835492963 1.5271503258812646 2.586835527457258 -0.030301075652725537
308.2533264160156 -1 724.8474731445312 308.2533264160156 -1 1165.4071044921875 349.814697265625
0.9860415700096831 -0.010792927582188458 0.16613291121209098 0.0023217965544647117 1.6334008064791292 2.5591782623853048 -0.050193766234246005
352.6802062988281 -1 1086.7020263671875 356.8899841308594 -1 1267.1370849609375 360.225830078125
0.9835310445794547 -0.008199322503839809 0.1805516264888291 -0.0007520845451614726 1.7809203601238957 2.551635113306589 -0.10458913660123892
211.57467651367188 -1 731.7999877929688 211.57467651367188 -1 1306.075927734375 361.6558837890625
0.9838440017773074 -0.0056064934313736344 0.17867500567892003 -0.00973600245765698 1.900788312537209 2.4947034712024556 -0.0779728212237508
348.45672607421875 -1 563.5265502929688 351.43035888671875 -1 363.6476745605469 353.3003845214844
0.983537508573498 -0.0059516214053656575 0.180465277745426 -0.007129583434530547 1.863882884462753 2.51960173922704 -0.09605453612219618
236.58078002929688 -1 581.1915283203125 343.74334716796875 -1 964.5902709960938 355.1737976074219
0.9845292027259243 -0.0036349619963815015 0.17487205017031177 -0.010430824529862232 1.9389932274865176 2.490866167826503 -0.06183598938216175
288.9031677246094 -1 722.4472045898438 288.9031677246094 -1 1095.8065185546875 352.1658020019531
0.9850958766684315 -0.003961329007535125 0.17180789761476242 -0.0072434771031564356 1.9698119949653536 2.5032225591185973 -0.04306950686541222
341.5589294433594 -1 1075.9266357421875 341.5589294433594 -1 425.5831298828125 342.7396545410156
0.9855693598279317 -0.004600238118104369 0.16899713632380864 -0.008476006841065373 2.040000923418027 2.5001389134096645 -0.029825773815052446
349.2085876464844 -1 295.5088806152344 349.2085876464844 -1 1306.3116455078125 361.9478454589844
0.9859067979969909 -0.004629572242486377 0.167115889983147 -0.006215467746921917 2.085680567917664 2.5183795618771825 -0.028183518914236535
283.21954345703125 -1 964.4476928710938 355.79449462890625 -1 964.4476928710938 355.79449462890625
0.986061236206648 -0.0034924435789399294 0.16621638795305693 -0.006569144868555408 2.1315062748102176 2.525066032719029 -0.021275260451974372
352.295654296875 -1 72.18130493164062 359.4772644042969 -1 72.18130493164062 359.4772644042969
0.9862370593699653 -0.0023914899004858652 0.16526932684893048 -0.004097939023556948 2.1658696546081457 2.548934795133921 -0.010260700488463385
288.9240417480469 -1 721.982177734375 288.9240417480469 -1 821.7731323242188 308.9200134277344
0.9868012783864523 -0.003814212865797316 0.1618556531705456 -0.0033817586865212005 2.220163563704526 2.5496607976964887 0.033570618148561285
289.1394348144531 -1 747.0081176757812 337.7716979980469 -1 743.5604858398438 352.5954284667969
0.9870596105881815 -0.003889221399567178 0.16028052337268778 -0.0028901435587337303 2.275591435211286 2.5492536384649713 0.056687649315577994
289.1932067871094 -1 993.0661010742188 290.0005798339844 -1 1126.0020751953125 296.0356750488281
0.9845440806792315 -0.009917637248551893 0.1748478899313827 0.0016760242945955824 1.7149753850487788 2.5674582757145035 -0.06709122107436986
289.4036865234375 -1 909.4717407226562 341.33837890625 -1 826.7359619140625 346.1337585449219
0.9871549981572532 -0.005262010833338123 0.1596659821738083 -0.0020236085630730223 2.3466240891626344 2.5413276558413647 0.11738838247193713
358.3153076171875 -1 1267.4871826171875 360.2523193359375 -1 1267.4871826171875 360.2523193359375
0.9868207541390802 -0.005615342330028951 0.1617094761801543 -0.0018200122070209477 2.402693081048319 2.534065794435878 0.03198139536426148
268.8221130371094 -1 1133.9361572265625 343.1270446777344 -1 1133.9361572265625 343.1270446777344
0.9871014842185826 -0.0058465849073077 0.15998434125957073 0.001219774624360082 2.4652109658716603 2.551564124639076 0.06534703463352041
184.86956787109375 -1 231.13429260253906 184.86956787109375 -1 535.0018920898438 287.5776062011719
0.9873811126714189 -0.007044793098659093 0.15817580104797802 0.003053717861636068 2.5314585771205977 2.5633845167137905 0.12722053670422512
353.3473815917969 -1 700.9396362304688 355.8204040527344 -1 645.6819458007812 356.739501953125
0.9874895845778454 -0.007119824128911961 0.15746820434829742 0.004170500446072896 2.5999793038414354 2.5736914384741723 0.13552027617104068
351.0408630371094 -1 1021.0245971679688 351.0408630371094 -1 1305.9931640625 361.8123474121094
0.9876504827080512 -0.007352695447848296 0.1563887126076569 0.005918821261396289 2.669418418249689 2.5917624492536695 0.14587985256153557
235.84564208984375 -1 812.0894165039062 318.6095886230469 -1 1183.4324951171875 358.07440185546875
0.987808150014983 -0.007402640460640417 0.15545428462138397 0.003771613850985887 2.7500471403191873 2.592049489952425 0.2270024498203788
358.1631164550781 -1 697.861328125 359.3901062011719 -1 868.66552734375 362.5679016113281
0.9882733703041537 -0.009073043975614094 0.15221090870672266 0.008078656531851532 2.8093925702873315 2.630056011693124 0.2344536570878721
360.22662353515625 -1 1355.85205078125 362.82073974609375 -1 244.03683471679688 366.8338928222656
0.9885047757019876 -0.01157961509264739 0.15050403485117464 0.008529737521500548 2.890314775865926 2.644350743051482 0.20103760332456014
198.07623291015625 -1 738.8145141601562 198.07623291015625 -1 852.7276611328125 212.40408325195312
0.9887067211492266 -0.012578477398528392 0.14913676390932876 0.007682910342652704 2.958799374035138 2.6480291008328716 0.2549706515910082
225.82858276367188 -1 665.423095703125 227.42115783691406 -1 766.7376098632812 233.2949676513672
0.9886430771205609 -0.010863977248131944 0.1497372478362216 0.006752530664488917 3.031157349885375 2.6546661731252716 0.2886145170816529
210.70892333984375 -1 843.7010498046875 268.80792236328125 -1 843.7010498046875 268.80792236328125
0.9878112714008624 -0.01175094087172337 0.15483410520520566 0.010826234218063894 3.1332934740738874 2.7097998691570124 0.319750968947726
217.1085205078125 -1 652.3095092773438 227.01998901367188 -1 652.3095092773438 227.01998901367188
0.9883148812404425 -0.010802379712453998 0.15181698742064173 0.008282900564332498 3.087048402924963 2.681020385493973 0.30187476242201594
214.9973602294922 -1 757.9021606445312 283.0439147949219 -1 722.3817749023438 289.1988220214844
0.9874992781793792 -0.011013553529342968 0.15673160540124945 0.012612735714693398 3.1963340455558886 2.7296602740198623 0.422885871783044
212.80003356933594 -1 885.7825317382812 221.99253845214844 -1 620.7703247070312 226.1245574951172
0.9859641766353147 -0.007974800798984551 0.1660530250884359 0.01540901693949959 3.244142306712203 2.750362044667091 1.0536028963724964
214.06246948242188 -1 646.5308227539062 214.06246948242188 -1 921.966552734375 216.72381591796875
0.9827020288574355 -0.005526199153256401 0.17649809963495536 0.05580864115571975 3.033637230713388 2.364560801140483 -0.1483393047016413
289.5714111328125 -1 722.2761840820312 289.5714111328125 -1 776.61083984375 354.0768737792969
0.9844263975210334 -0.020465511107311006 0.17301441116184227 0.023491365417914068 2.139986545416741 1.8893216909817812 0.09021153532329647
294.765380859375 -1 915.492919921875 294.765380859375 -1 877.5543212890625 299.0550537109375
0.9824527357602781 -0.008443692255294013 0.17808074508049826 0.05479575065475167 2.9330758788908553 2.3146689377290137 -0.07358336618193509
293.5919494628906 -1 776.5020141601562 293.5919494628906 -1 784.0479125976562 345.1612854003906
238.3196258544922 -1 642.568115234375 256.3626708984375 -1 984.4402465820312 272.47174072265625
0.982685689301987 -0.007760780509827481 0.17690142575630213 0.05453890255904291 2.8680935895098383 2.292634692935674 -0.09534655044339847
292.5376892089844 -1 168.32862854003906 334.1008605957031 -1 168.32862854003906 334.1008605957031
0.9828265794742432 -0.010850158260777301 0.17601756669793023 0.05433235645925021 2.8111120705750317 2.26445054055835 -0.0999153155582666
289.24530029296875 -1 842.8201293945312 289.24530029296875 -1 1105.902587890625 294.4519348144531
0.9818187833638897 -0.02186100471297894 0.18008974567164815 0.05587178725181155 2.658911316904264 2.2373484118689593 -0.09691678887103983
257.7600402832031 -1 728.4568481445312 310.2934875488281 -1 617.8948364257812 325.55145263671875
0.9823336807941765 -0.01701089412099237 0.17733961812793766 0.05728724902460009 2.7199435241643664 2.2590788585349753 -0.07929472322608593
357.0755310058594 -1 821.0281372070312 357.2380676269531 -1 1305.985595703125 361.86932373046875
0.9814045458125581 -0.023498396479905932 0.18233107976372814 0.05521159455687517 2.6212971373740213 2.2049576362135297 -0.09514365136672542
289.029541015625 -1 652.4078369140625 334.84619140625 -1 606.8518676757812 339.31597900390625
0.980725035853731 -0.021821069355895468 0.18664637297690378 0.05352921105741957 2.613584775886432 2.164841457747285 -0.05675083070854989
329.9606628417969 -1 696.2985229492188 329.9606628417969 -1 1333.6080322265625 361.97515869140625
0.9799335651125894 -0.02078282719433924 0.19145395977375992 0.05141656684851783 2.5834532830091175 2.1199969762116764 -0.00643618449193054
289.1060791015625 -1 724.810302734375 308.25384521484375 -1 776.6217651367188 349.4619445800781
0.9842337180095839 -0.021410319406566812 0.17242365530224277 0.03310090101723827 2.2035929057556114 1.9380152571211609 0.09826319944878463
273.1726379394531 -1 906.2424926757812 281.09991455078125 -1 906.2424926757812 281.09991455078125
0.9805315282676431 -0.022386853647937757 0.18843811731561966 0.05047600221304115 2.528115115039383 2.0942587934352046 0.015028286689000456
329.9913330078125 -1 578.5636596679688 358.9234924316406 -1 578.5636596679688 358.9234924316406
0.9836552383743915 -0.017702802765473525 0.17571328283662518 0.035125845579031104 2.2828971959516964 1.9733650106053173 0.10590231027921061
323.0887145996094 -1 833.5005493164062 323.0887145996094 -1 1183.34130859375 358.2312316894531
0.9833999544427567 -0.023490848987146346 0.17534006517956072 0.040355559204086615 2.387911497400798 1.9997231893005867 0.03842177812551025
255.73101806640625 -1 1398.471923828125 353.07305908203125 -1 964.5661010742188 355.33795166015625
0.9821549599521087 -0.022194379879744257 0.1817518791815812 0.04295693840568048 2.4682848767630103 2.036569829308059 -0.04227358434342635
289.0006103515625 -1 722.145263671875 289.0006103515625 -1 1005.10498046875 304.79522705078125
0.9962235802673081 0.03168791833285815 0.07212371731320856 0.0365051140532528 3.948931704146485 -1.1174764109749014 0.6433975476475021
233.1070098876953 -1 697.7854614257812 233.1070098876953 -1 874.8306884765625 326.7059020996094
0.9914264966419241 0.07283592499060461 0.1036139514220474 0.0321337650734168 4.073451885065997 -1.121114237037492 0.4089741532008663
242.91726684570312 -1 673.9010620117188 247.91024780273438 -1 796.4812622070312 257.018798828125
0.9988066885863527 0.0139860016941137 -0.010057752665413986 0.04569936764440238 3.3495615155441207 -0.8978995152852881 1.5460699361396955
248.86793518066406 -1 892.8334350585938 284.28070068359375 -1 422.3909912109375 360.3128356933594
0.9893697812805073 0.05233507506301079 0.13555778891013479 0.005706283633461772 4.219138214080782 -1.5229096451000559 0.07357995716405144
209.29592895507812 -1 743.9307250976562 235.1527557373047 -1 805.4512329101562 236.0740966796875
342.84747314453125 -1 794.4265747070312 344.31134033203125 -1 1044.41845703125 389.8536376953125
