0.9996503854149719 0.007060755748634926 -0.007818132751638592 -0.024251380749025987 4.966667227172514 -1.3060873439832303 0.07985037504393788
3.5333197116851807 -1 804.8992309570312 3.5333197116851807 -1 485.5536193847656 12.840368270874023
0.9998170459893544 0.010146685458320563 -0.00931437339228988 -0.013272594759133059 5.012470496624958 -1.2281085922321942 0.07590636459079972
5.769598960876465 -1 718.9251708984375 8.06054401397705 194687 829.5751953125 8.093891143798828
0.9998961083090424 0.0067133451867526 -0.01214621547274091 -0.0038952579536015892 5.053312939111695 -1.1192511052260607 0.07635682127130174
2.686929225921631 -1 484.429931640625 3.599153995513916 215082 904.9871826171875 3.8539621829986572
0.9999091655800703 0.00030928530384727776 -0.012855082969195939 0.004038783656450362 5.097863576466442 -1.0245401435417194 0.062231769314247454
4.262966156005859 -1 484.40289306640625 5.5688395500183105 -1 499.5268249511719 6.554532527923584
0.9999074606439512 -0.0017453953988666327 -0.011740525707132314 0.006647089557626165 5.1355315661929195 -1.0115563685178581 0.02450816063119444
4.03846549987793 -1 768.1446533203125 4.114682674407959 -1 1253.5721435546875 4.934286117553711
0.9998770108437485 -0.001968209210047335 -0.013593224679793346 0.007570573391813715 5.13590321326718 -1.0142289536750078 0.009125522227258539
3.7167365550994873 -1 856.6187744140625 3.7167365550994873 -1 460.183349609375 4.2078962326049805
0.9998232563761864 -0.0011151811636902838 -0.015694810306763337 0.01029005878143594 5.128956505185858 -1.008561959962965 -0.0209323732323811
0.5 -1 0.5 0.5 -1 0.5 0.5
0.9997998018344957 0.002667677399116136 -0.01673442931619197 0.010639484219587148 5.133156961770098 -1.0446335393877253 -0.06295178927592071
9.460915565490723 -1 1117.3228759765625 23.237552642822266 -1 1117.3228759765625 23.237552642822266
0.9997991846855514 0.008642851193251512 -0.015814699044716808 0.008762803174966308 5.144748783069135 -1.102958067273791 -0.12094424191611002
7.514149188995361 -1 620.2574462890625 15.628514289855957 -1 496.2682800292969 52.44301986694336
0.9997785320721081 0.013380582019034738 -0.015242177191865245 0.005614522867045071 5.140358584879735 -1.1639277897742522 -0.16543896757630278
3.671323299407959 177782 348.5426330566406 4.924520015716553 227844 421.8105163574219 4.538312911987305
0.9997841842982355 0.013958107323211958 -0.015288420381189792 0.0017378922042470065 5.122119056276626 -1.2105399974076918 -0.17761388301769682
3.730865955352783 -1 83.65213012695312 4.642827033996582 -1 197.6256103515625 4.2820000648498535
0.9997989908670168 0.013069225790980288 -0.015156790637673447 -0.001202038304308007 5.108593494207798 -1.242908889038274 -0.18402184110314287
3.741392135620117 -1 427.199462890625 3.188197374343872 -1 58.826995849609375 4.895864009857178
0.9998079140346846 0.013331300885063482 -0.014153823720840352 -0.002465912489111978 5.110168258622423 -1.264731745451823 -0.19908998380150267
3.4318060874938965 -1 850.8423461914062 3.726564884185791 -1 112.27198028564453 4.14478063583374
0.9997840343838823 0.014827373923520598 -0.013595988093513261 -0.0052137013129974884 5.107790588149143 -1.3018400958594623 -0.20885316123027212
4.247263431549072 -1 161.34112548828125 4.247263431549072 -1 841.9443969726562 4.8538970947265625
0.9997358201082029 0.016938115274335086 -0.01290220086090933 -0.008655833667365094 5.1056624741544905 -1.3406511722997128 -0.225559066749369
4.570781230926514 -1 139.60519409179688 4.7687578201293945 -1 1063.228759765625 4.293499946594238
0.999752614752977 0.017694646555906055 -0.012125915997553229 -0.005879705695644366 5.1188988960207045 -1.3081946128534767 -0.24712794132223184
4.771058082580566 487312 456.3819885253906 4.196783542633057 -1 475.31488037109375 4.688113212585449
0.9997169780079623 0.01826528754451936 -0.014411467281453098 -0.004965155016621121 5.099535720619667 -1.2889884738318542 -0.2315108014556157
3.4030370712280273 -1 751.727783203125 33.88013458251953 -1 763.5452270507812 46.036190032958984
0.9996461059515585 0.01767409061207994 -0.018961995563306168 -0.0059776334095184725 5.055278733227563 -1.2925622289603167 -0.18444834811022565
3.099453926086426 -1 839.45654296875 3.099453926086426 -1 192.27557373046875 4.160067081451416
0.999697261238221 0.01667498112487911 -0.017900077201514143 -0.0026302306866234485 5.065278011313862 -1.248541907478363 -0.18475934872146646
5.5049614906311035 -1 481.49261474609375 5.760873317718506 221769 877.2732543945312 5.139473915100098
0.9997618508257077 0.015665965815546624 -0.015080910152171613 0.0018399178252931291 5.111826668621499 -1.183216340757828 -0.1960974786124058
4.682724952697754 425018 369.40301513671875 8.58482837677002 -1 463.9638366699219 25.454370498657227
0.9996984560042028 0.015299736146226319 -0.016837142363203533 0.009242606434877542 5.145027548129746 -1.0778575292837558 -0.1809064384117591
1.3975257873535156 485580 1015.2694702148438 1.3975257873535156 -1 1175.690185546875 2.626577138900757
0.999622589152349 0.015261478499678485 -0.019643085753797446 0.011658289429717411 5.142349814495768 -1.0303468931705235 -0.15271868062453303
0.712440013885498 -1 0.7123230695724487 0.712440013885498 -1 0.7123230695724487 0.712440013885498
0.9996031318507139 0.015853432587678195 -0.020972192339814507 0.010120010765510213 5.129269890979473 -1.0185586273989442 -0.1438503742329094
2.7101476192474365 -1 1105.3448486328125 3.7889764308929443 -1 1326.8837890625 3.6174609661102295
0.9995906129708739 0.01719324696516978 -0.020869928429116693 0.009351192794012442 5.126527917740863 -1.0060776157597628 -0.14776276824846918
0.7556162476539612 -1 0.7538444995880127 0.7556162476539612 -1 0.7538444995880127 0.7556162476539612
0.9995548916896404 0.01953924294647741 -0.02034002160156087 0.009722139972150875 5.136134939864365 -0.998446804149926 -0.1591951165614441
3.585630416870117 -1 65.78739929199219 4.397176265716553 -1 65.78739929199219 4.397176265716553
0.9995132771540954 0.02104166220723305 -0.02037102293017026 0.010746100177061164 5.1418896329034505 -0.9889705149967305 -0.16279623497379878
4.756330490112305 -1 413.0867004394531 4.314511775970459 215370 1266.595458984375 4.363983631134033
0.9994862466937892 0.021881574510487927 -0.02067831888503661 0.01099302028528491 5.125135658758287 -0.9880717721709312 -0.16152433128359048
5.5047125816345215 217954 228.71717834472656 6.168338775634766 223336 599.3853149414062 6.5631914138793945
0.9994930523549068 0.0222326897324215 -0.02073961726753167 0.009445320382588412 5.0981429668640565 -1.0066171261273391 -0.1602828899734981
2.7836132049560547 -1 416.9825439453125 3.158371686935425 -1 416.9825439453125 3.158371686935425
0.999527650743794 0.021610525455685484 -0.02043761955784348 0.007730737023755904 5.07160002226341 -1.0239549757931583 -0.15650870340207138
2.844731330871582 484016 409.7638244628906 4.579842567443848 490872 390.5794372558594 5.500909805297852
0.9995708160341437 0.020191377945364727 -0.02009228810288347 0.006840464040878238 5.04908081878311 -1.0316454102830173 -0.1475353037581576
3.2208354473114014 -1 256.7309265136719 4.306680202484131 -1 652.3749389648438 4.8346123695373535
0.9995822102897759 0.019058784262144416 -0.01994648176487158 0.00862006263662223 5.036908001574864 -1.020346156272235 -0.13620483883321266
0.8216344118118286 -1 0.8198793530464172 0.8216344118118286 -1 0.8198793530464172 0.8216344118118286
0.9995691424004102 0.01859938011659868 -0.018980028797309253 0.01246399322208813 5.038712633133116 -0.9977548377015226 -0.1401977100541105
4.781742095947266 -1 884.4017944335938 4.781742095947266 -1 141.34872436523438 5.1025776863098145
0.9995490815435499 0.01859913302451575 -0.018413140404229724 0.01471944620685096 5.025940844136764 -1.001198080882576 -0.14575303473600196
4.422595024108887 489766 559.1990966796875 4.7361602783203125 488901 599.439697265625 4.078072547912598
0.9995397763904317 0.01947493723789905 -0.01849681503095054 0.014100711565614037 4.987199387128399 -1.0344056083614979 -0.14521358140825097
3.825958490371704 -1 269.7494201660156 3.825958490371704 -1 284.1192626953125 5.757453441619873
0.999524279393489 0.020213629487516902 -0.019853933023735306 0.012183818340618659 4.933180041701954 -1.070435426572074 -0.12919579246770058
18.80804443359375 420615 545.3156127929688 18.80804443359375 419775 928.0381469726562 19.577472686767578
0.9995150866300863 0.019727362017476963 -0.02142785884712804 0.011012250083897817 4.881986631810163 -1.0896356480611706 -0.11051438387198136
4.596031665802002 -1 230.91085815429688 4.271217346191406 -1 516.87255859375 4.694117069244385
0.9995269376272075 0.018715453705895536 -0.02217133996530769 0.01020119768957238 4.839397397050356 -1.1007843013287193 -0.0992885923142305
0.735268235206604 -1 0.7376492023468018 0.735268235206604 -1 0.7376492023468018 0.735268235206604
0.9995342149437396 0.018516224903544518 -0.022433092402060262 0.009233576631202774 4.802206976847389 -1.1134374320494285 -0.09526667140318452
2.8369736671447754 424915 1009.5413818359375 3.9126570224761963 -1 1009.5413818359375 3.9126570224761963
0.9995104456658107 0.0193156884636834 -0.02287588994096574 0.00908112567446667 4.77007544203235 -1.1184494988859435 -0.09315568135277343
4.787102222442627 508323 971.664306640625 5.494386196136475 425036 474.22381591796875 6.553438186645508
0.9994929690587879 0.02032209554215462 -0.023128031088570353 0.008118584408051617 4.740987542630827 -1.1288118700685956 -0.09644862404966695
0.793046236038208 -1 0.7976253628730774 0.793046236038208 -1 0.7976253628730774 0.793046236038208
0.9995017986001505 0.02096319129909943 -0.022101638470543482 0.00825934516404337 4.722665012213878 -1.1241447610220345 -0.10694118074153793
4.882063388824463 -1 662.3796997070312 4.579109191894531 423719 1004.8269653320312 4.364436149597168
0.9995384193127168 0.02068918858884256 -0.02065969664756912 0.008251225836267086 4.7120161588147855 -1.1184168663657945 -0.11785179587689433
3.7150514125823975 -1 499.4528503417969 4.7871623039245605 -1 499.4528503417969 4.7871623039245605
0.9995847596545085 0.020185247299515475 -0.01899281973369928 0.007882693477419482 4.698754341648398 -1.1161564348763475 -0.1295363430549371
4.624046325683594 -1 966.772705078125 4.624046325683594 -1 138.26712036132812 5.281442642211914
0.999601065576406 0.020015148488176798 -0.01821279242564071 0.00808688577700203 4.68055842970835 -1.1140648288465924 -0.13450402464410138
3.8451545238494873 -1 1114.7784423828125 3.804455280303955 424817 1061.8297119140625 5.374000072479248
0.9996142946312812 0.02055781427966479 -0.017096865195671457 0.007505693927295037 4.657594548192506 -1.1253427574649775 -0.14476727986296314
1.2530531883239746 -1 887.354248046875 3.7871227264404297 421131 850.1204223632812 4.329080104827881
0.9996275813042391 0.021075762685755655 -0.016198952827708377 0.006172912629909129 4.626424146445461 -1.1447331351679284 -0.15591866991966907
0.6434580683708191 -1 0.6414097547531128 0.6434580683708191 -1 0.6414097547531128 0.6434580683708191
0.9996339194512541 0.020890451201281097 -0.016169539398180704 0.00584483761803681 4.593914030741739 -1.1493482226035094 -0.1549462774022181
3.9115102291107178 422386 93.24016571044922 3.9158146381378174 424348 93.24016571044922 3.9158146381378174
0.9996441109739914 0.020353080119065968 -0.015985193833664247 0.006471252026131389 4.5656113553694535 -1.1405420044590342 -0.15116574002846905
4.025420665740967 -1 303.4880676269531 4.649426460266113 -1 912.7299194335938 4.321168422698975
0.9996686033891617 0.019654141974932496 -0.015487749992176393 0.006043815133826129 4.540692479098224 -1.139682298449922 -0.1501165456568503
1.7376031875610352 -1 384.4082946777344 4.498039722442627 422426 177.7295684814453 5.272945404052734
0.9996936412867737 0.01923168579254857 -0.014587157530873732 0.005475460486350568 4.516727898915635 -1.143283963376428 -0.15271325594579283
3.7638163566589355 -1 380.54345703125 3.7638163566589355 -1 305.080322265625 4.372339248657227
0.9996990856239526 0.019516454545025135 -0.014113708807451978 0.004652894617717184 4.488487970729018 -1.1527529346102512 -0.15646282359802807
1.0587903261184692 485580 1506.186767578125 3.902822971343994 -1 147.37432861328125 4.354624271392822
0.9997131861703972 0.01995100520104233 -0.012839317669727408 0.003264155369597735 4.465515837816421 -1.1717511459652905 -0.1726279430838954
4.079552173614502 481146 153.11448669433594 4.314258098602295 -1 153.11448669433594 4.314258098602295
0.9997177464931678 0.020708027851464715 -0.011481151614459282 0.0019463007812704203 4.441758145340755 -1.191333597896536 -0.18835838061090743
3.732367992401123 300764 272.1332092285156 4.415375232696533 508699 1289.1983642578125 4.324065208435059
0.999697096510016 0.02143921546071178 -0.01200951698501945 0.0013589597710479255 4.408534958775738 -1.2014963531712939 -0.18576584919409556
4.845730781555176 -1 932.5599975585938 5.812869548797607 -1 211.93087768554688 6.465870380401611
0.9996774754376818 0.021861448326257138 -0.012878485924994168 0.0010801758659576659 4.376418760331803 -1.205506998462504 -0.17820790153625904
4.024123668670654 -1 389.17669677734375 4.823838233947754 -1 96.51339721679688 6.379417419433594
0.9996672970746235 0.0220094830871423 -0.013443586782983684 0.0003844322589036049 4.337081571796017 -1.208679195427311 -0.1719999229844007
4.809940338134766 420613 894.4817504882812 5.823221206665039 -1 74.2140121459961 8.270520210266113
0.9996736282910477 0.021607892075944858 -0.013605183890067193 -0.0007967877786715503 4.298544746607794 -1.214084209418982 -0.1670023080216708
0.5 -1 0.5 0.5 -1 0.5 0.5
0.9996964672175515 0.020729003311220854 -0.013266888196055596 -0.0011276223056043196 4.267696373821561 -1.2096134312688205 -0.16266713798456087
3.4756741523742676 475327 1386.2978515625 4.8725080490112305 410658 1065.0660400390625 5.385182857513428
0.9997127295574781 0.020328649273403283 -0.012638638122820402 -0.0012121080215724024 4.247009346908851 -1.2051285866848949 -0.16421609746303167
3.2310445308685303 -1 18.416471481323242 5.32612419128418 -1 172.4359893798828 5.6736369132995605
0.9997111183469362 0.020521084606907665 -0.012381166494366882 -0.0018087720456758222 4.222910933349914 -1.2115856479897362 -0.16679303272330492
5.423842906951904 509680 257.3935241699219 4.453652858734131 -1 904.3973999023438 5.516473293304443
0.9996973890609304 0.021138596096533954 -0.012399783195367721 -0.002129656435744822 4.201220875956181 -1.2196586078108826 -0.17194896449477867
1.0960564613342285 475327 1464.8701171875 3.6031665802001953 -1 875.8833618164062 4.4496941566467285
0.9996707872419561 0.022237643710693304 -0.0127857590613686 -0.0005733257962100692 4.182956355753403 -1.2128246338898938 -0.17304223547695313
0.9988577365875244 -1 0.9952720403671265 0.9988577365875244 -1 0.9952720403671265 0.9988577365875244
0.9996526671430913 0.02242521191603535 -0.013773299603037099 0.0013968401017843061 4.165975186412358 -1.1950015805457241 -0.16628028113538537
2.4052886962890625 -1 1464.37109375 3.189533233642578 -1 1281.21875 4.698030471801758
0.9996611881098145 0.021975556765159446 -0.013787454860539207 0.0021189573389377324 4.150595044019653 -1.1847384800282947 -0.1642548947521546
2.9691390991210938 177782 848.4725952148438 3.786672353744507 413120 1333.4129638671875 4.27388334274292
0.9996803608102928 0.021723818546319943 -0.012597071573924572 0.002926722694597814 4.145718248827351 -1.1754099983451087 -0.168409216472895
0.7701867818832397 415505 614.5308837890625 4.830312728881836 177782 661.1080932617188 4.247156143188477
0.9996991255321201 0.021183304499642546 -0.011513565808090123 0.004512629297026922 4.139806436154336 -1.158969147541978 -0.16926921475650777
3.5452914237976074 -1 568.6468505859375 4.467782974243164 415805 157.7647705078125 6.109461307525635
0.9997478905334249 0.01938019214482531 -0.010732417612930135 0.0036576958017836077 4.118011570070392 -1.1596970520952878 -0.15896341268196312
4.212619781494141 509379 327.57391357421875 4.824454307556152 417487 667.8098754882812 6.748514175415039
0.999816887973865 0.016640309047331388 -0.008011862809953954 0.005010059019568568 4.1088492457598145 -1.1369249165552509 -0.16431712621839206
2.0873398780822754 -1 756.1941528320312 1.60371994972229 -1 842.77783203125 3.8355355262756348
0.9998118085774474 0.015163200216432965 -0.008882060541996101 0.008217894427308445 4.08830711901468 -1.1142849913380468 -0.1493410702641929
4.1327080726623535 430673 33.19826126098633 5.133187294006348 -1 1271.4219970703125 6.857600212097168
0.9997758155642981 0.016290029499395193 -0.009207748222604537 0.009908124157511395 4.065601707329993 -1.1213503741109199 -0.1484751768852672
0.8139774799346924 -1 0.8187900185585022 0.8139774799346924 -1 0.8187900185585022 0.8139774799346924
0.9997695007701662 0.01752472703452996 -0.008393334981852064 0.009131330681799369 4.039056657485276 -1.1464952898710328 -0.1588865350829182
1.9751068353652954 428040 639.271240234375 3.1459991931915283 -1 11.159588813781738 4.58660888671875
0.9997851472507677 0.017092160509304774 -0.007420088260850015 0.009080731032579227 4.018675679711784 -1.1492141717462987 -0.16143580471576696
3.9864115715026855 488264 652.7390747070312 3.078678846359253 -1 798.55517578125 3.741184711456299
0.9998092949101305 0.016127426186956034 -0.006408152345274188 0.008956311708054901 3.99909947154006 -1.1411786577284866 -0.16248779365621066
0.6525496244430542 -1 0.6491460800170898 0.6525496244430542 -1 0.6491460800170898 0.6525496244430542
0.9998252930349033 0.015941022486104347 -0.005860992028654571 0.007804869134543614 3.9702138709091686 -1.1430081240459433 -0.1661909937425888
3.106116771697998 428412 578.5900268554688 3.6797683238983154 458040 154.0348663330078 5.00680685043335
0.9998182184905483 0.016744757421797332 -0.005763958645877516 0.007065398361030335 3.9374445072083324 -1.14826614223468 -0.1685359097139379
0.7304556965827942 -1 0.7329216599464417 0.7304556965827942 -1 0.7329216599464417 0.7304556965827942
0.9998052496541785 0.01770478208370929 -0.005846930534219575 0.006466595599094718 3.907622666492419 -1.1524116324000173 -0.17275587183102778
0.687751829624176 -1 0.6887954473495483 0.687751829624176 -1 0.6887954473495483 0.687751829624176
0.9998066529044172 0.018070811923779323 -0.004775185541231661 0.006107386309097932 3.8890510743647226 -1.15111749626982 -0.17966966907066953
0.989230215549469 -1 724.5416259765625 0.989230215549469 -1 28.189430236816406 4.7471771240234375
0.999809425333919 0.017966559823421654 -0.003706139301752959 0.0066768460403149365 3.8751580850531697 -1.139135503796043 -0.18660336519866516
4.050534725189209 484821 1203.38916015625 4.015979290008545 418460 614.1986083984375 4.116696357727051
0.999804104947047 0.01807832697885204 -0.003877882251348755 0.007063133435296461 3.849209477936801 -1.1323019819389886 -0.18212675700831224
0.6872342824935913 -1 0.6845417618751526 0.6872342824935913 -1 0.6845417618751526 0.6872342824935913
0.9997924422187445 0.01847663429093387 -0.004691352280888208 0.007188719032908151 3.8166995544346616 -1.1324841145450468 -0.17707869527772638
0.8405583500862122 -1 0.842124342918396 0.8405583500862122 -1 0.842124342918396 0.8405583500862122
0.999773696679657 0.01929601821552155 -0.005092508062991535 0.007367867408413126 3.7882736884497112 -1.1364875866152246 -0.17500574361229815
0.8370588421821594 -1 0.8333804607391357 0.8370588421821594 -1 0.8333804607391357 0.8370588421821594
0.9997534389284808 0.020061706364983282 -0.005099525395501486 0.008036425146929933 3.7697416469333613 -1.1345752896289425 -0.1744825539689811
1.7361658811569214 -1 417.624267578125 4.993287086486816 418603 476.8456726074219 3.951281785964966
0.9997652731311748 0.019323892422766983 -0.004668258057292804 0.008613546847339544 3.7544266710865792 -1.1253206381217558 -0.17104082037704096
3.474363088607788 428412 483.6298828125 4.8104400634765625 458040 50.427555084228516 5.797233581542969
0.9997887011296116 0.018143749749860147 -0.003612356336994049 0.008961490962633259 3.744395781481432 -1.1159334017630138 -0.171328988020951
3.6242752075195312 166732 330.2073059082031 4.240663051605225 -1 1162.4197998046875 4.495575904846191
0.9997949046859556 0.017944093082484073 -0.0026221859122542543 0.009015665726376831 3.7313048634616344 -1.1144970680264754 -0.17628759976094768
1.6637868881225586 -1 177.1823272705078 3.788593053817749 433882 307.2677917480469 5.272321701049805
0.9997856049642039 0.01874814581592796 -0.001984469334795579 0.008562302043540573 3.712853397775784 -1.1229126342208466 -0.182077102621674
0.8196725249290466 -1 0.814424455165863 0.8196725249290466 -1 0.814424455165863 0.8196725249290466
0.9997826744590357 0.019005639623930464 -0.0010532410087263247 0.008501776132129388 3.6926117264121685 -1.123394147067893 -0.18547765165384852
3.599529266357422 430346 642.1470336914062 4.166615962982178 430673 18.140151977539062 5.091745853424072
0.9998000779735117 0.018298270164636126 -0.00040524819888999386 0.008050662521758586 3.6693262504810997 -1.120176125133346 -0.1841205211259793
0.8722583055496216 -1 0.8758066296577454 0.8722583055496216 -1 0.8758066296577454 0.8722583055496216
0.9998008065128139 0.01790142057808687 -0.00028957591247211526 0.008820577271606131 3.64275184957082 -1.11158818850237 -0.18292098571674123
4.05021858215332 -1 444.9507751464844 5.047269344329834 -1 1114.7657470703125 4.2089385986328125
0.9997826329581145 0.01868722775901208 -0.0005454102317620168 0.009229132229088681 3.6131782271338415 -1.1165484905145864 -0.18143786728122782
0.6826940774917603 -1 599.3150024414062 3.4499011039733887 -1 507.5784606933594 4.919937610626221
0.9997672854817138 0.019270931604965284 -0.0006948827262100905 0.009670740075046999 3.5888294196479733 -1.1199196667055415 -0.1811353475427679
3.890960216522217 430673 944.9181518554688 4.810449123382568 -1 42.374717712402344 6.687174320220947
0.99976759809482 0.019280271421876945 -0.0011349194218502052 0.009577728933278143 3.564503722022461 -1.121123946425094 -0.17916521303974595
1.0446151494979858 -1 932.943115234375 4.298816204071045 -1 1073.6741943359375 4.031141757965088
0.9997644456110163 0.019544715063478473 -0.0015549134626659494 0.009308042184499129 3.543383285385681 -1.1225681849312568 -0.18057058557739758
4.575483322143555 428916 1039.3109130859375 5.857329845428467 170609 1046.581787109375 5.503928184509277
0.9997600479563494 0.019636638045824155 -0.0011187562272869421 0.009643512901376152 3.529630384457366 -1.12169878340069 -0.18453782755770012
4.55644416809082 170609 1041.5284423828125 4.466553688049316 432327 888.6710205078125 5.19879674911499
0.999750642767355 0.019896408925062198 -0.0008212008845980094 0.010104990215445446 3.5171805944691283 -1.1222728203206136 -0.18816880147211876
3.5952956676483154 -1 235.74493408203125 5.005788803100586 -1 1143.086669921875 4.633224010467529
0.9997342425129805 0.0204870463299019 -0.001185087418489168 0.01050337314791398 3.496488083701216 -1.1217248182325632 -0.1874780101217056
4.305883407592773 -1 601.6976318359375 4.4434404373168945 443200 601.6976318359375 4.4434404373168945
0.9997341291537415 0.020259233021866045 -0.0016381076623160078 0.010888116727084103 3.475367978679496 -1.113111424823448 -0.18265862161184768
0.5359918475151062 -1 0.5377764105796814 0.5359918475151062 -1 0.5377764105796814 0.5359918475151062
0.9997478813021142 0.019315937097443083 -0.0008924943597418254 0.011413669865525814 3.463305040914969 -1.0998647691880146 -0.18374903628467054
0.539482057094574 -1 0.5397711992263794 0.539482057094574 -1 0.5397711992263794 0.539482057094574
0.9997660673713781 0.018637833015077605 -0.00018149741070059018 0.01097309308997443 3.448869131711732 -1.0970702620541772 -0.18674996993999274
4.563231945037842 433058 167.7465362548828 5.351351737976074 440124 537.3953247070312 5.39192533493042
0.9997558561582103 0.019240047523780144 -0.000363535355405403 0.01085893598342345 3.4262242649520664 -1.097309885605848 -0.18526974366132676
3.338545083999634 433058 526.6239013671875 4.760933876037598 434952 282.4765930175781 6.609715938568115
0.9997501740407946 0.019543026199295127 -0.0008072156818820159 0.010817025248082628 3.3982797336981525 -1.0934046046325123 -0.18249525253706314
4.393223285675049 433058 774.8245849609375 4.63801383972168 -1 1007.37939453125 4.631527900695801
0.9997513444306118 0.019509115280069534 -0.001176428984743185 0.010735909137897022 3.3730172418294475 -1.0890177482496768 -0.1818266278204498
3.5793960094451904 -1 478.4633483886719 4.316217422485352 -1 1018.6202392578125 4.624108791351318
0.9997555216022118 0.019874103752400386 -0.001396353408688127 0.009589954279680441 3.3508373268219 -1.097392520882137 -0.18334828728689034
3.5609130859375 433058 1009.4879760742188 3.831620216369629 -1 443.7084655761719 4.5855536460876465
0.9997583937361133 0.020196395030873 -0.0011583722017710915 0.008597555221449863 3.330620991049112 -1.1066571637619775 -0.18563045910822729
4.126855373382568 436385 480.3746337890625 5.418532848358154 434952 237.84848022460938 6.416761875152588
0.99976432928031 0.02016303290639487 -0.0009166432849538498 0.007993607933572074 3.3132196291343035 -1.1103908048461517 -0.18409885659661798
3.5801796913146973 433058 142.7030487060547 4.9842023849487305 437199 501.9132995605469 4.507824420928955
0.9997892225577517 0.01899013070458847 -0.0011265030475569482 0.007721164683712364 3.2932572526921655 -1.1034564682599342 -0.1769843561566975
4.246703624725342 -1 742.5004272460938 7.36133337020874 -1 493.2865905761719 12.069999694824219
0.9998148609095341 0.017555610092269035 -0.0011582867064695327 0.007791202130788361 3.271621819176796 -1.0939023092624998 -0.17058901813644578
4.436131477355957 -1 325.8373107910156 8.326936721801758 174817 385.8691711425781 8.680843353271484
0.9998266242450324 0.017075901175112998 -0.0011998996522957948 0.007327707053718188 3.246672294931143 -1.0977612983247131 -0.1681642663542287
4.3571367263793945 453628 808.4598388671875 5.9191975593566895 -1 808.4598388671875 5.9191975593566895
0.9998184955853511 0.01734556136426277 -0.0016264132289332907 0.007711171533091877 3.2181494196539924 -1.102231342591877 -0.16585680277142642
0.548968493938446 -1 0.5477381348609924 0.548968493938446 -1 0.5477381348609924 0.548968493938446
0.9998134156262803 0.017406601779403775 -0.002360928688077218 0.008035556230520291 3.191746233139141 -1.1033798333503944 -0.16145824832529224
4.458425521850586 -1 385.0751647949219 4.458425521850586 -1 770.9987182617188 4.993992328643799
0.9998330054450861 0.016704830629663575 -0.002601802520990934 0.006938334088421411 3.1639385088841165 -1.1090628652848942 -0.16056531535533528
5.195370197296143 -1 276.2853088378906 5.195370197296143 -1 333.6589660644531 5.445987701416016
0.9998613189290813 0.0156868597226524 -0.0018815948536314965 0.005265447962587591 3.135027542099933 -1.1153723527884623 -0.1626644999661862
4.310516357421875 -1 281.6227111816406 4.310516357421875 -1 545.2886352539062 5.9315667152404785
0.99987352012362 0.015428472385516055 -0.001419077503109854 0.003590573003087161 3.107151311923567 -1.1229895872792002 -0.16363557126928377
0.7660335302352905 -1 0.7699500918388367 0.7660335302352905 -1 0.7699500918388367 0.7660335302352905
0.9998775981758159 0.01525510230650156 -0.0013502000004432047 0.003201168495822826 3.078566172432982 -1.1222700003738266 -0.15965595361125007
4.535112380981445 444100 708.1788330078125 6.936602592468262 441834 621.0282592773438 8.07457160949707
0.999888107074637 0.014334357114229488 -0.002178586478159531 0.003681480378616336 3.046803080141127 -1.1102373005177575 -0.14954802496661893
5.535677909851074 444093 908.8814086914062 13.052584648132324 473037 920.3134155273438 13.250542640686035
0.9999078596053612 0.012680195094256252 -0.0030548866599163704 0.003761996716105116 3.0131724754383313 -1.1014822259030193 -0.13967416181055367
4.657681465148926 -1 444.5422058105469 6.301234245300293 -1 591.0994873046875 7.8624491691589355
0.9999053570298161 0.01303446111165548 -0.0028666507879283915 0.003340975885116887 2.9886776427349395 -1.1107985687785291 -0.1404697660633326
4.873790740966797 -1 580.2789306640625 4.873790740966797 -1 832.948974609375 4.674088954925537
0.999889208344018 0.014136533769057024 -0.0029032664063546884 0.003646984280628763 2.9668468265205328 -1.1197253922336767 -0.1431283619475784
3.8880395889282227 453902 796.5848388671875 3.8880395889282227 453933 360.0589904785156 4.108561038970947
0.9998901573452078 0.013860524513055656 -0.002738633407860321 0.00447872654401876 2.9517231052982287 -1.1164552736688937 -0.1441758857716953
1.6858538389205933 456897 163.003173828125 4.410645961761475 -1 258.154296875 4.2659406661987305
0.9999044067516446 0.013362159299797076 -0.0016091612144203183 0.0031686996819709477 2.9428871080761305 -1.1205065831529557 -0.14844087379376947
4.97882604598999 168357 607.4702758789062 5.388386249542236 462038 607.4702758789062 5.388386249542236
0.9999145251491601 0.012879820015011874 -9.306022534223006e-05 0.002245878871371486 2.9307992279654 -1.122881264375591 -0.15585457671738076
0.605889081954956 -1 0.6067922115325928 0.605889081954956 -1 0.6067922115325928 0.605889081954956
0.9999132993297769 0.013025132207146885 -5.793805763026671e-06 0.0019338357888626905 2.9051830643745045 -1.1268478564963362 -0.15556759175507412
2.7274131774902344 444297 547.4562377929688 4.014181137084961 -1 547.4562377929688 4.014181137084961
0.9999099503203498 0.013308194645461765 -0.0010595479378515413 0.0013640248536642445 2.863745940094989 -1.1346773850822345 -0.1494164800087475
4.944350242614746 456897 834.79833984375 5.489753723144531 444093 608.4397583007812 14.984169960021973
0.9999085674652369 0.013380461726067694 -0.0016791169095101849 0.0010002599757605384 2.834258238081864 -1.139860959109868 -0.14793563321869718
0.5649250149726868 -1 0.5637354850769043 0.5649250149726868 -1 0.5637354850769043 0.5649250149726868
0.9999074396806094 0.01346173773070145 -0.00130068522660857 0.0014838822661213482 2.821626327579095 -1.1407050216952737 -0.15379468845077698
5.053709983825684 280913 301.5345153808594 4.579131126403809 198417 301.5345153808594 4.579131126403809
0.9998930461562273 0.014512104769911303 -0.0012086275638022975 0.0013543570355969503 2.8103772290717886 -1.1512784730159455 -0.15971844220197165
4.252686977386475 164769 763.0831298828125 4.801165580749512 447307 390.52880859375 6.220766067504883
0.999872076000438 0.015843250572036224 -0.0016498347441294288 0.0014495141265054251 2.7934014083365883 -1.1606553672411537 -0.16073322066195805
3.0076169967651367 -1 305.76531982421875 5.603781700134277 449407 515.8738403320312 9.7705659866333
0.999870328639944 0.015935529650157137 -0.0020604062628068105 0.0010674859491713218 2.7699050103550014 -1.163649558199099 -0.15765125343246428
4.199799537658691 441375 190.59165954589844 6.932587146759033 -1 296.1982421875 6.140473365783691
0.9998817402284923 0.01487077897406754 -0.003467761399200384 0.0018275998535261984 2.7351908046810256 -1.1502069429841968 -0.14165370123373833
6.4842753410339355 170228 736.3220825195312 6.829066276550293 -1 497.1544189453125 8.574779510498047
0.9998883266962693 0.013653054736319508 -0.005210487066137024 0.0031271484511515026 2.707545134288845 -1.1408675973767204 -0.13009162101588173
4.38540506362915 -1 734.9041748046875 4.590299129486084 -1 1532.5128173828125 4.483694076538086
0.9998847883340717 0.013389808813891613 -0.005053242690459642 0.005058440112063258 2.7047151738038586 -1.1409834397438057 -0.135841469615519
4.504145622253418 451912 263.69683837890625 6.296311378479004 449407 742.4874267578125 8.104439735412598
0.9998575686695774 0.01405021516132388 -0.004547170200935116 0.008170500060929554 2.7185450878441983 -1.1425679063456342 -0.14794276246720345
5.665329456329346 450418 734.2973022460938 5.44126033782959 -1 555.22265625 7.301377296447754
0.999827501310412 0.014740775861422929 -0.004283131527889588 0.010456191213638756 2.731241332340914 -1.148898329630301 -0.15071061798302424
0.6693927049636841 -1 0.6687649488449097 0.6693927049636841 -1 0.6687649488449097 0.6693927049636841
0.9998246623131737 0.014326374393112518 -0.004045784709580428 0.011359192452827438 2.731641729750463 -1.1557957591914947 -0.15110849208946356
4.439469814300537 444669 818.1420288085938 7.171240329742432 154202 225.7757568359375 7.414903163909912
0.9998414769427401 0.013680734850830534 -0.004345747492722348 0.010534370300639894 2.710747438772457 -1.1581312570444473 -0.14355214074912095
4.458889007568359 -1 818.264892578125 4.976223468780518 159815 735.3541870117188 5.7769036293029785
0.9998452921082781 0.013815306660578732 -0.007304854501079104 0.0080726855199601 2.663936650929357 -1.174852061631318 -0.12569482833478082
4.329024791717529 159815 711.5331420898438 5.603935718536377 -1 379.9049987792969 6.854592800140381
0.9998341377296545 0.014009638021442826 -0.00940114086360239 0.006858981219488946 2.637377930157071 -1.1767393032900502 -0.12084969014017163
6.551639080047607 444669 633.5472412109375 7.145462989807129 -1 670.9602661132812 12.090874671936035
0.999858410140653 0.013329335000686381 -0.009424894698969491 0.004081649097926092 2.6254697062454033 -1.178783059420303 -0.12602766567577842
6.460070610046387 -1 622.7086791992188 6.792828559875488 -1 73.7197036743164 9.21684455871582
0.9998688754831901 0.01337063213655395 -0.00900317159299437 0.0015494958911977945 2.6196617200665635 -1.1765324527217036 -0.12407252797881621
4.643944263458252 -1 1319.44677734375 5.410776138305664 -1 684.7945556640625 6.740314483642578
0.9998560581231515 0.013320685176834086 -0.01050796594678386 7.09402150590073e-05 2.6002781684626557 -1.1533476031889183 -0.10216583061388979
35.958946228027344 -1 1303.0810546875 35.958946228027344 -1 729.2789306640625 37.033626556396484
0.999858604045831 0.011089202795669693 -0.012557553141477983 0.0014523622061057989 2.5783009529764045 -1.1160078835752967 -0.08438844100914016
5.390103816986084 -1 374.52703857421875 6.162265300750732 -1 1566.6876220703125 7.310207366943359
0.9998675866248303 0.010249537357077008 -0.012557083441095268 0.0014407832788508241 2.566320984910215 -1.1046021580807568 -0.08927838348040759
3.6732099056243896 454144 44.63139343261719 4.644596099853516 444420 894.1975708007812 5.741230010986328
0.9998279591915201 0.013027676362153746 -0.013203466979670899 -1.128005658164108e-05 2.5441879295902585 -1.1281596948645227 -0.10344797897647834
23.73674201965332 -1 103.10043334960938 38.9239616394043 168801 103.10043334960938 38.9239616394043
0.9997572424852182 0.014984061202335591 -0.016030616936117063 0.0019882979868870187 2.51616449804837 -1.1282710592598426 -0.09961337288583004
8.9754638671875 -1 638.9237670898438 12.986886978149414 -1 1276.3367919921875 14.444108009338379
0.999718350555577 0.01385076561877361 -0.019135895775107253 0.002278891637287298 2.4844217686862393 -1.1200207593767793 -0.08397303171696327
29.246774673461914 438221 661.21240234375 29.246774673461914 453374 1235.979248046875 39.58475112915039
0.9997102681907319 0.011021811900466465 -0.02139140891963005 0.0005540405028691651 2.457979231488613 -1.11640238592001 -0.06685194939212494
4.207297325134277 -1 1411.3167724609375 4.207297325134277 -1 165.36354064941406 7.182682514190674
0.9997310957617369 0.01017484532039348 -0.020837565020957474 6.76294338853323e-05 2.4579331540953038 -1.1182072250114687 -0.06553850553695237
3.3481733798980713 444297 843.3838500976562 4.94968843460083 -1 843.3838500976562 4.94968843460083
0.9997035155220634 0.011813354187290816 -0.02115911365249039 -0.0023701529727455577 2.44020019656521 -1.1361680668847687 -0.06276214995290663
4.484869480133057 -1 635.5853271484375 5.910146713256836 456897 1466.471923828125 5.22829532623291
0.9997087396370788 0.011404256098500045 -0.021266157085234577 -0.00035972059866994495 2.428368277241647 -1.1220823751818754 -0.05333717336894805
4.632467269897461 444297 537.7256469726562 8.282340049743652 453902 537.7256469726562 8.282340049743652
0.9997671406735376 0.009938525360445082 -0.01887483581281784 0.0032604779033167425 2.435802589215612 -1.0894543755558737 -0.053599537286116584
4.254894733428955 461359 608.1785888671875 5.111329078674316 454144 802.23583984375 5.189908027648926
0.9997731103364416 0.008793981844659219 -0.01793185078278602 0.007405569459343464 2.435050680111283 -1.0574145031031015 -0.05448753649526251
3.447453022003174 -1 300.54376220703125 3.447453022003174 462852 341.5015869140625 3.3930788040161133
0.9997847860763804 0.009927981920861502 -0.014696759790863885 0.010762060993839188 2.458316051026985 -1.0444632476391926 -0.06603346344727112
2.4213919639587402 464906 455.38970947265625 2.4213919639587402 461692 1164.3221435546875 4.665202617645264
0.9998044445947956 0.010667581098714551 -0.013758264552298624 0.009380055357179689 2.450540577829457 -1.0582192698504456 -0.07408048657022961
2.6170308589935303 463209 623.9701538085938 5.666102886199951 454144 1196.6474609375 5.074970722198486
0.9997684935496741 0.010918792118041091 -0.01471864295339919 0.011273900554313605 2.4312491540486625 -1.0570644218136842 -0.07159058090499179
4.335165977478027 461359 811.886474609375 9.428123474121094 -1 643.1866455078125 11.186079978942871
0.999693195338678 0.011665270087963772 -0.016996892225891836 0.013731071406854962 2.399353837521174 -1.055293115369861 -0.05875707355880798
4.9032793045043945 -1 155.07359313964844 4.323093414306641 -1 162.2353515625 4.7099175453186035
0.9996689173908418 0.012069658041725793 -0.01732965250049572 0.014699051043865917 2.374757478836837 -1.0545902437482069 -0.05511047453007952
2.9383721351623535 444297 1126.2945556640625 4.0930023193359375 457302 1136.421875 5.769048690795898
0.999708279555552 0.01177372631711531 -0.01639666985108734 0.01326214064480373 2.3541345086610597 -1.0632229398437825 -0.05559769470309115
3.8110759258270264 466724 1140.85400390625 3.8110759258270264 -1 144.06163024902344 5.451456546783447
0.9997081662029956 0.011848373902129537 -0.01618163582468653 0.013466741437939923 2.3349419552437287 -1.0642064748527906 -0.05366326522780888
4.167965412139893 457302 1099.6361083984375 4.167965412139893 -1 559.139404296875 5.4651312828063965
0.99971270833472 0.011870164469840594 -0.016854154234269773 0.012228551613557074 2.3029755204911884 -1.072562633914687 -0.050713066176971446
3.7886900901794434 -1 544.959228515625 4.696266174316406 444297 1011.1202392578125 4.612881183624268
0.9997184222589821 0.01244479016247677 -0.01694796610593572 0.010998628946172916 2.26408272560813 -1.08617191222876 -0.0542898634842401
5.407876968383789 473423 570.480712890625 7.910971641540527 444093 1394.4779052734375 8.86598014831543
0.9997420066263958 0.012937251041457975 -0.016721782509332424 0.0083023919341712 2.2291432815910666 -1.1055824118865278 -0.05524805594090829
3.6505465507507324 456897 555.7473754882812 5.558543682098389 444093 1035.4886474609375 6.165924549102783
0.9997734197059593 0.012529629295049057 -0.01582557375421188 0.0067578735213351185 2.195640565203872 -1.1113592156576344 -0.0564344750660751
4.164705753326416 453902 452.8863830566406 4.164705753326416 -1 708.5191040039062 4.493968963623047
0.999778505486869 0.01213580199703159 -0.01593856551379146 0.006451697892358313 2.170169039639105 -1.1100467001536023 -0.053001632088340564
3.1001243591308594 -1 493.01678466796875 4.051405429840088 444297 1074.1544189453125 4.411489486694336
0.9997850508190669 0.012024381085739276 -0.01596295744269087 0.005518188824572457 2.1442756826728258 -1.1145938560645183 -0.05270347740353495
2.924264430999756 -1 1056.34814453125 3.8932197093963623 459342 1340.84375 5.73979377746582
0.9997987064886977 0.011851284253826106 -0.015587928766221497 0.0043715033845446215 2.1174923778976833 -1.1184778629657612 -0.05360133293398414
3.8520877361297607 -1 1083.369140625 3.0243186950683594 -1 445.62347412109375 4.448695182800293
0.9998183756410151 0.011189102921337988 -0.01508739982241981 0.0032233636122037763 2.097088792137742 -1.117311104396369 -0.05149831608734857
1.7517372369766235 -1 1004.7232666015625 4.283350467681885 456969 1062.89892578125 4.172696113586426
0.9998424094551911 0.010553514096277312 -0.014139349866864746 0.0019642760498718996 2.081759803030477 -1.115675988169232 -0.05239480939239499
1.3611061573028564 -1 915.3828735351562 3.9691736698150635 463710 384.65008544921875 4.183500289916992
0.9998489132799823 0.01035191187101342 -0.013875206240210863 0.0015707276164173387 2.0630278224730634 -1.1135587678914896 -0.0522457215532657
4.682689189910889 461358 996.0491943359375 5.031613349914551 461359 1020.0477294921875 4.817737102508545
0.9998493492480193 0.010089569934234769 -0.013979977093800075 0.002009882412377287 2.043575829609954 -1.1087509463857974 -0.05104295023995983
3.684190273284912 464535 1066.41943359375 4.871023178100586 466412 1524.7479248046875 4.455180644989014
0.9998580254931423 0.009871941460910267 -0.013426435592867507 0.0024908745488134024 2.0293661710235695 -1.1049204971118216 -0.0508520656512125
4.825070858001709 462967 582.9143676757812 4.825070858001709 462070 875.4837036132812 4.646822452545166
0.9998605144930922 0.009969004426589986 -0.013300366196631372 0.0016342482636574238 2.0064810259587467 -1.1093249609741236 -0.054468746423719426
4.2356977462768555 464535 1050.9381103515625 4.952978610992432 466412 563.7982177734375 5.935940742492676
0.9998567884277357 0.010559537746161808 -0.013167697837750438 0.0012290367022144589 1.981015596532575 -1.1178748477860687 -0.05621390112350665
3.3729727268218994 -1 832.398193359375 3.3729727268218994 -1 106.58724975585938 4.289183616638184
0.9998603653454945 0.010212767558837226 -0.013190050415434404 0.0009857788807285022 1.956393556195745 -1.1156947526813934 -0.053430949860441404
4.251185894012451 19039 1501.4566650390625 4.799569606781006 16 1567.2369384765625 4.435606956481934
0.9998784380138523 0.009056928514392094 -0.012675472363071039 0.0006431494671497457 1.9436363551153069 -1.106100673566194 -0.05155283921818802
3.5713860988616943 473475 1011.3468627929688 3.5713860988616943 466691 100.32878112792969 4.696260452270508
0.999893009549313 0.00911142482247158 -0.011414378268698872 0.0008144696807968245 1.9435257197584659 -1.1014094999468986 -0.05730900972496329
3.8023908138275146 -1 526.7619018554688 4.81196928024292 -1 1013.1880493164062 4.302217960357666
0.9998921925581312 0.009726857179447969 -0.010903421496124187 0.0014515200245184157 1.9405433343403704 -1.0993873113710293 -0.06209357102256489
3.4115474224090576 -1 972.6409912109375 3.32415509223938 -1 102.53470611572266 4.947348594665527
0.9998822716921768 0.010196590739913238 -0.01118333130536163 0.002530887964566915 1.9290290557348952 -1.0964297885173178 -0.06539102342692728
1.327856183052063 -1 1197.343505859375 3.569035530090332 464015 813.2542724609375 5.965893745422363
0.9998825961761829 0.010453877139929277 -0.01088723596680488 0.002641667981195485 1.912973214836922 -1.0951767142572704 -0.07137289151795718
3.1579322814941406 -1 522.5836181640625 4.767945766448975 462967 801.2555541992188 4.313427925109863
0.9998915682924829 0.01074834307089678 -0.009978942939227053 0.0013211648818502334 1.8920921460510016 -1.100007955910128 -0.07776453682550835
4.745808124542236 462967 809.8628540039062 4.775970458984375 464091 1171.7359619140625 4.503783702850342
0.9998961710916584 0.011074951532455692 -0.009189172983000631 -0.000742687473430413 1.8608715109356193 -1.1052640794560178 -0.08399641676552218
3.8435842990875244 468569 789.2755737304688 4.470644474029541 464091 902.807373046875 4.531757354736328
0.9998996349321223 0.010581669365067117 -0.009190727363534823 -0.0020685421403169946 1.8301015220347405 -1.1027181621661224 -0.08390045189040857
4.711472988128662 466412 1161.664306640625 4.69492769241333 516823 949.9652709960938 5.990882873535156
0.9999144821194583 0.009753094783894157 -0.00819938256554816 -0.002945456748251286 1.811218058125886 -1.095528083137461 -0.08389936386936978
3.714834213256836 473475 959.0783081054688 3.714834213256836 466691 761.8897705078125 4.222060203552246
0.9999198335512517 0.009374880967061072 -0.007815968657802758 -0.0033687848893435486 1.7929237508276472 -1.0892527073971836 -0.08584664684675956
2.2981722354888916 -1 693.729248046875 3.7705094814300537 -1 829.7215576171875 3.0524425506591797
0.9999171860289358 0.009698363144289563 -0.00743606577793903 -0.004033331382662321 1.7719272694155743 -1.0916148079465962 -0.0867867488747303
4.2791032791137695 -1 935.9354248046875 4.346996307373047 320898 360.72613525390625 6.049810409545898
0.9999146861179425 0.009498939355723282 -0.0073740662386741155 -0.0051003709551740795 1.745412298466465 -1.0926555826293476 -0.08553065434690216
3.651036262512207 467791 1504.4102783203125 3.242053270339966 468198 821.466796875 4.61528205871582
0.9999216002112845 0.008383183769631666 -0.007251551592287451 -0.005825003029450196 1.7234665531533413 -1.0868050697856726 -0.08149682471858367
3.4303486347198486 -1 718.8751831054688 4.742521286010742 -1 812.2742919921875 4.112916946411133
0.9999320269776267 0.0075568145342793745 -0.006964529364656992 -0.005507386788493214 1.7074263748545162 -1.0788015704617486 -0.07729835215408024
2.809060573577881 24028 203.44595336914062 3.5519185066223145 -1 526.3601684570312 4.169789791107178
0.9999417962731769 0.0072467235552391325 -0.006711975167918153 -0.004340328677840683 1.6916025043545795 -1.0725015012746029 -0.07645095037209496
2.176943778991699 472516 1094.3330078125 2.5282907485961914 324458 533.4405517578125 4.0004730224609375
0.9999440301387341 0.007046419564279483 -0.00655146013645457 -0.0044003330909349265 1.6684731491133447 -1.0702890359499124 -0.0740165005366752
2.0217461585998535 -1 457.9059143066406 4.821702003479004 -1 526.17626953125 4.893660545349121
0.9999533264788093 0.0060972601075089195 -0.006260614891470665 -0.004119828191299843 1.6430571217517438 -1.061496907384369 -0.07024017283924894
3.2512693405151367 470845 251.20314025878906 4.626480579376221 -1 416.5534362792969 4.7727789878845215
0.9999644161276608 0.00559701820056051 -0.005422351034457923 -0.003230785506361724 1.6265073648376287 -1.0549077871941661 -0.06962005324621735
4.0640869140625 470466 703.2498779296875 4.0640869140625 470467 394.4158020019531 5.614124298095703
0.9999688846317463 0.006152741753174237 -0.004764116682981671 -0.0012948858988223037 1.609420112673223 -1.051642218282145 -0.07009975107338473
1.9862556457519531 470466 716.4352416992188 3.7841873168945312 -1 771.651611328125 3.3186941146850586
0.9999651641653867 0.0064758790248981716 -0.005216037880967896 0.0007255310954545465 1.5853239787913602 -1.0470438960225064 -0.065774858544714
2.4775283336639404 -1 760.2387084960938 2.4775283336639404 -1 1100.344970703125 2.4107799530029297
0.9999673686973206 0.005899467930872578 -0.005088663326375497 0.0021361938676606827 1.5648216723007562 -1.0390368388200548 -0.06200672266320252
4.467020511627197 306353 1323.7728271484375 4.717103481292725 -1 677.3018798828125 5.143932342529297
0.9999763538186306 0.005454547986102554 -0.0038849102062337745 0.0015643473252049047 1.5440145537965522 -1.0367994122319564 -0.06441374451542158
3.0212368965148926 -1 1093.8848876953125 3.469560146331787 -1 565.729248046875 4.27159309387207
0.9999820431834794 0.005213409767215595 -0.002932798845487221 0.00036381331079045744 1.5152168839670845 -1.0421069439436 -0.0689783611139143
3.421907424926758 -1 581.1295776367188 4.966654300689697 -1 471.638427734375 5.681023120880127
0.999977884162781 0.006060975202426725 -0.0023354221386826446 0.0014288346151440003 1.491175948016807 -1.0470088812807832 -0.07236942869263252
2.009936809539795 470466 380.10894775390625 3.49579119682312 470468 654.70361328125 3.9914517402648926
0.9999713984991024 0.007243882144331164 -0.0015723671274702066 0.0015020042759453238 1.4657985589396763 -1.0560746070488056 -0.07744817454782184
4.074726104736328 8156 1042.247314453125 4.074726104736328 -1 1283.359619140625 3.5735297203063965
0.9999681906098142 0.007762350251480685 -0.0012384025464347854 0.001352792016771225 1.4367966257829046 -1.0593017556680877 -0.08253887393337964
3.796084403991699 472057 709.8026733398438 2.9910404682159424 472516 554.6705322265625 4.5596795082092285
0.9999651081075914 0.008138790900314295 -0.0016070895047725464 0.0009797516919097216 1.4011066634949656 -1.0617118805796955 -0.08359951866660191
4.007996082305908 472179 394.436279296875 4.995476722717285 -1 420.14007568359375 4.346539497375488
0.9999583416997223 0.008876846639253488 -0.001984812833814159 0.0007595899546558605 1.3672415547701702 -1.0654191307980345 -0.08088282347027462
2.875225067138672 -1 1003.4508666992188 3.282815933227539 5193 146.9919891357422 4.514590263366699
0.9999616626035579 0.008583861066755212 -0.0017236106851366536 0.0001407782686406064 1.3357986973164748 -1.0669234733239938 -0.07671743202436777
2.3841683864593506 472516 1003.3882446289062 2.0695858001708984 476837 719.7409057617188 4.946627616882324
0.9999687154962124 0.007748583077686371 -0.001547548698321781 -0.00036411834557594034 1.307532986732089 -1.0650982271258203 -0.07182914244593129
3.6363422870635986 18427 136.8759307861328 4.6164093017578125 471577 183.6696319580078 4.970017433166504
0.9999703736681981 0.00731054255942496 -0.002226792989568501 0.0009214913743234939 1.2813808580122912 -1.0611610481567388 -0.06818453251358012
1.3240983486175537 19205 1173.6627197265625 0.7868912220001221 495544 616.3719482421875 3.31947660446167
0.9999709300535817 0.0074622194109594964 -0.0007201437218017372 0.0013913023602843057 1.2751678482132773 -1.0581006096400705 -0.07220988932464677
2.247804641723633 19205 1008.5115356445312 2.756664752960205 495658 1014.1300659179688 3.6612207889556885
0.9999735743840954 0.006840431821687654 0.0016196416041691082 0.0018535876194258442 1.2765688715009298 -1.0504804444496345 -0.0806596370648384
4.0801239013671875 470468 268.7934875488281 3.819899559020996 -1 656.9961547851562 3.6646225452423096
0.9999625911112167 0.0068657767361088575 0.0021033570798684427 0.004822175540798297 1.2700408611170233 -1.0449032276182069 -0.08587940299041093
2.0488200187683105 19205 1177.646240234375 2.31577730178833 495544 1177.646240234375 2.31577730178833
0.9999348062707898 0.008059542493676686 0.0008957096022321028 0.008038948146316002 1.2515923381063612 -1.0448523572190196 -0.08864061112841926
2.1897873878479004 472179 590.3705444335938 4.31976842880249 469465 605.1270751953125 4.336525917053223
0.9999152018368459 0.008340019611983105 0.0006116656819955285 0.009982939123572879 1.2324209777323998 -1.0453030273905821 -0.08788309552096607
2.0369136333465576 300832 319.84136962890625 4.144078731536865 -1 926.5927124023438 4.255350589752197
0.9999126548978181 0.006603764888240555 0.001873913500589957 0.011294304435871861 1.2218513205600054 -1.0375756285570599 -0.08593619464355913
3.932809591293335 -1 1153.033203125 2.988476276397705 495544 1164.3763427734375 4.827746391296387
0.99988727957201 0.004795132338426941 0.002858467417824143 0.01393786281907614 1.218982290156485 -1.0292422844494555 -0.0822254182109521
2.6294491291046143 19205 598.5405883789062 3.2009165287017822 306924 598.5405883789062 3.2009165287017822
0.9998134519950579 0.004976055998155894 0.0027018705999781755 0.01846618454608659 1.2246546589295657 -1.0229491675202618 -0.08610430394219803
4.177201271057129 479238 1585.233154296875 4.6363677978515625 499768 1585.233154296875 4.6363677978515625
0.9997361910125709 0.0052719697090896755 0.0028344935455157224 0.022174768576088865 1.2451699352551897 -1.0199995946536526 -0.08321596297807139
2.1924445629119873 -1 595.706787109375 2.675072193145752 469465 699.973388671875 4.227114200592041
0.9997144366314891 0.004117227887701865 0.002526197660005979 0.02340324658007458 1.2605727078347289 -1.015052359495733 -0.07532533700214343
4.83833646774292 508550 668.4603271484375 4.090141773223877 477396 602.9351806640625 6.257748603820801
0.9997553014377158 0.003255899221709048 0.0020831235514944557 0.02178065572266424 1.2658636984915763 -1.023669285568446 -0.06463010667294622
2.9072256088256836 499407 730.23193359375 2.020477771759033 -1 725.4285278320312 3.7482714653015137
0.9998322912558874 0.005368907553341149 -5.197915946829049e-05 0.017508897505356225 1.2493805555520607 -1.0531661209651058 -0.07701625594542301
4.418698787689209 -1 649.7333984375 4.645242691040039 -1 590.320556640625 9.030904769897461
0.999873678653471 0.007398307765070581 -0.004743536708005911 0.013243513041818287 1.2127956974392036 -1.0919976658646267 -0.08476876239643374
10.993400573730469 -1 663.3270874023438 13.187641143798828 -1 552.3765258789062 27.7508602142334
0.9998600673578476 0.00925914297879931 -0.009940576145410406 0.009762116592008112 1.1641915209005123 -1.1184502064592172 -0.08021779823710533
125.79278564453125 508724 735.99560546875 162.9032440185547 -1 1073.0281982421875 163.36988830566406
0.9998202578713661 0.009831092922629802 -0.014966730987146154 0.006228846244705366 1.1148075798111834 -1.1284333058575602 -0.07513123071938274
2.613480567932129 -1 1325.635498046875 3.689277410507202 -1 488.97412109375 4.078943252563477
0.9998067646882439 0.009488574819739174 -0.016801845857754117 0.003754757953436666 1.0765859646412315 -1.1286698298257833 -0.07024716266672539
3.025449752807617 -1 552.0059204101562 3.8434059619903564 -1 833.43994140625 4.148868560791016
0.99978723344038 0.007841056059480146 -0.018848008176907096 -0.0029594386742075873 1.0120726865755918 -1.1315243731154692 -0.061520790687726916
4.045998573303223 -1 569.656982421875 16.44582748413086 -1 997.5050659179688 160.1786346435547
0.9998293346134829 0.00645865086223473 -0.017216513881504688 -0.001783010142393895 0.9858866500192206 -1.122880467032414 -0.05980793194627571
3.717294692993164 -1 985.701416015625 3.8263633251190186 1381 1165.2421875 3.440431833267212
0.999890080203966 0.006682571188568416 -0.013131927641621476 -0.0016502207220221343 0.9656393366079883 -1.1132382343362954 -0.07363906424510046
0.8892899751663208 -1 1277.7171630859375 2.350152015686035 -1 976.2252807617188 3.7643816471099854
0.999907678433826 0.006620985905090331 -0.011864158416005148 0.00019723032488073528 0.9217315346210605 -1.0983432625257343 -0.0697919476727302
5.649989604949951 -1 1110.8035888671875 5.649989604949951 -1 428.9278259277344 11.49472427368164
0.9999140234653389 0.004888492272275455 -0.011288042379374346 0.004541852034489158 0.8730280706995058 -1.0797085886166622 -0.048896476424061294
4.455944061279297 -1 437.3255310058594 5.605428695678711 500809 524.9006958007812 5.5937700271606445
0.9999153361524674 0.004125334637249821 -0.009921388545574342 0.0073394952521708 0.8349473945786833 -1.0751915742126095 -0.033865168209477686
4.422391414642334 -1 1333.4852294921875 4.498213291168213 499768 1333.4852294921875 4.498213291168213
0.9999112151499363 0.004630726548018196 -0.008428213563450157 0.009224066627263518 0.8032024500601772 -1.0834552344706798 -0.02939512621004902
1.2393991947174072 -1 410.5680847167969 3.563358783721924 -1 808.2578735351562 4.004946231842041
0.9999105747525869 0.00496901741952816 -0.009257944894852141 0.008272957159297463 0.7547904812854455 -1.0959777376500275 -0.022035085992311153
12.225359916687012 102096 1033.77392578125 19.04549789428711 9747 1123.2001953125 22.138320922851562
0.999905760588482 0.0050843804141085715 -0.00879084359469459 0.00923796983473759 0.7151090161598583 -1.09871122415431 -0.018448542246849865
1.2855136394500732 -1 354.68743896484375 3.675957679748535 -1 865.851318359375 3.8078041076660156
0.9999194244493691 0.004749188719806751 -0.007995715682643153 0.008640506123402463 0.6766098075542281 -1.0985846394741041 -0.01409202539917585
0.9292870759963989 -1 1301.968505859375 4.196807861328125 511790 360.0902404785156 4.5032572746276855
0.9999124763703416 0.004488231764838313 -0.007939619522119152 0.00958424834819809 0.6383100868292632 -1.0930169902552693 -0.009360405610674303
3.0484111309051514 498283 807.23583984375 3.0484111309051514 -1 696.2179565429688 3.562441110610962
0.9999105728836662 0.004555786201526384 -0.007426563449080259 0.010145797301407324 0.6043002858419685 -1.089668605471077 -0.003464329653777196
4.105673789978027 -1 754.02294921875 5.090689659118652 -1 303.39312744140625 5.246119499206543
0.9999152101526073 0.004331600257964785 -0.006489186776443134 0.01042593879000181 0.5752321085048732 -1.0842347163376418 -0.0005008347635505986
3.4869730472564697 499407 340.49310302734375 3.671403169631958 -1 702.7406005859375 2.979166269302368
0.9999247155312811 0.0033511016174142634 -0.006142594094841729 0.010079778044304185 0.5357169653399046 -1.0772291063625279 0.005960170832684621
0.5 -1 0.5 0.5 -1 0.5 0.5
0.9999254192447354 0.002855440437855205 -0.006217294030235986 0.01011670218438096 0.4935436564221282 -1.0725729620737203 0.011121116668122157
3.5065197944641113 -1 718.193115234375 4.9207282066345215 -1 718.193115234375 4.9207282066345215
0.9999204310649168 0.0024874417792109193 -0.006047096071638702 0.010787808000066602 0.46094565334562027 -1.0701976317353417 0.017145507168132772
1.678786277770996 -1 1287.522216796875 5.114921569824219 -1 713.704833984375 6.607977390289307
0.9999192020501662 0.0021208345572956903 -0.00597622776388642 0.011017083727276696 0.43668075381221516 -1.0672634263889662 0.015940584368694697
0.8845654129981995 -1 867.0095825195312 4.396989822387695 -1 1130.345458984375 4.146454334259033
0.9999227629410509 0.0021231346371004983 -0.005891603434571765 0.010735430155213232 0.4154567639326325 -1.070410848303111 0.012658243847161466
3.530113935470581 -1 1076.2547607421875 4.867904186248779 -1 1138.9730224609375 5.635721683502197
0.9999267167594581 0.0027719407575660334 -0.0057175149235021115 0.010304730864344287 0.39725565276964303 -1.0789799078210642 0.008706271586719966
5.178597927093506 157669 1103.3306884765625 4.361537933349609 15757 211.54713439941406 5.295415878295898
0.9999350358020017 0.0033079110965415575 -0.005452984447578002 0.009447055649325901 0.3785953499169346 -1.085241863225182 0.007608229536815057
0.8548790812492371 470466 175.02793884277344 4.29752779006958 471186 1099.052001953125 4.681535720825195
0.9999491899851783 0.0027305860253369237 -0.005581949028463979 0.007937455069963323 0.35036363891397804 -1.0877086660906736 0.010357339430962835
4.398595809936523 500401 1186.4110107421875 4.694488525390625 503883 1237.6549072265625 4.780217170715332
0.9999582704750962 0.0018181754490432056 -0.0059707167445597325 0.006670988535979689 0.3174720926971399 -1.0888447867399942 0.015368169506984957
3.6946206092834473 502176 1188.583740234375 4.702130317687988 503882 1220.8377685546875 4.210800647735596
0.9999639845993267 0.00108136031320303 -0.006311330406807831 0.005570212976777249 0.28509193363309965 -1.0908434324891003 0.01897557549500349
4.357468128204346 15757 1104.5008544921875 5.01160192489624 502176 653.8739013671875 5.6612653732299805
0.999970159389544 0.0007336229208300563 -0.006345891705711249 0.004344166930416937 0.2567236331605945 -1.0966991577975354 0.018072035973866914
4.316153526306152 -1 515.43115234375 4.692664623260498 -1 1220.00341796875 5.4012451171875
0.9999756172313594 0.0007402242500328214 -0.006120492360223047 0.0032797231727535294 0.22376203626968807 -1.1077517618074602 0.017233923025603944
4.656196117401123 -1 709.2032470703125 5.54316520690918 -1 129.6552734375 6.393966197967529
0.9999792313592301 0.0004511149488455233 -0.005981721619916267 0.00235634292245934 0.19200555395077396 -1.1157220431028005 0.0182547246839314
5.134585380554199 36079 117.17588806152344 6.208359718322754 306353 669.2297973632812 5.918471813201904
0.9999826758168556 1.545571895503526e-05 -0.005535961450291702 0.0020002395114233754 0.16702179212778698 -1.121744548612691 0.018774386960884345
3.7448108196258545 1951 1061.7559814453125 4.794093132019043 5249 583.202880859375 6.308752059936523
0.9999833608280804 -6.20678753744337e-05 -0.005202295623956937 0.0024920543326524508 0.14390436020887099 -1.1276816839463533 0.01853456435556927
3.8728604316711426 -1 608.1831665039062 3.8728604316711426 505822 1017.7445068359375 3.3644723892211914
0.9999822791620525 0.00026169603019387524 -0.005218347497073647 0.002853371068493798 0.12110572296046988 -1.1329310523273206 0.016183267405091708
3.700756311416626 511500 477.76416015625 4.964868545532227 5175 666.5648193359375 4.59756326675415
0.9999825648112587 0.0003509682323198892 -0.005049913579751153 0.003040603169434336 0.10121331260992372 -1.1358887128439246 0.01589517206712394
4.364028453826904 504750 1154.1143798828125 4.571841239929199 500191 1209.6455078125 3.849440574645996
0.9999836870301096 0.0002192893928384771 -0.004816563398560022 0.0030624014854097035 0.08398636502432028 -1.1348387620875482 0.016186251082524784
2.1268856525421143 -1 199.4522247314453 2.239413022994995 -1 1113.2635498046875 3.195409059524536
0.9999870073695746 -2.066763523494108e-05 -0.004139677825721564 0.002974513807439074 0.06765994525115142 -1.1328554656966472 0.017700819391800113
3.781447649002075 716162 947.328857421875 4.568060398101807 499768 1100.8831787109375 4.583930015563965
0.9999834477539545 -0.00013690614078820166 -0.0043191993552751246 0.003798682897027162 0.048620870418327924 -1.1295254312941068 0.020841628510237065
3.5077600479125977 505822 564.4896850585938 3.5077600479125977 -1 972.0479736328125 3.994126319885254
0.9999784927142898 -0.00035333594207687113 -0.004775130687309913 0.00448189574713254 0.028153363055754884 -1.1244829573627813 0.023152327973536713
4.58978796005249 36079 1315.2357177734375 4.62467622756958 -1 1321.56640625 4.755772590637207
0.9999384854125121 -0.003899495011346506 0.0017524077083248381 0.010234666424065246 -0.3624083266036489 -1.186566270090638 0.02990311385078783
3.4308643341064453 -1 41.33732604980469 16.003557205200195 20201 41.33732604980469 16.003557205200195
0.999977660308821 -0.0007775366678962455 -0.004343777696840544 0.005020549307290917 -0.006262381251041378 -1.123262986104262 0.025219483571956046
0.5650981664657593 -1 1383.1439208984375 3.227893590927124 -1 1383.1439208984375 3.227893590927124
0.9999713010693383 -0.0001224909128687334 -0.004824285460865066 0.005840231456290235 -0.025170633015777773 -1.1309204871810974 0.02192818154043541
3.836033582687378 505230 1099.8443603515625 3.1861467361450195 1951 536.8976440429688 4.399881362915039
0.9999655317570267 0.0007718609550712859 -0.004646075380751916 0.00683765399163183 -0.04653864569319091 -1.138781737397938 0.020006557549075626
3.6111080646514893 512522 1053.732666015625 3.7596352100372314 12623 1053.732666015625 3.7596352100372314
0.9999707015426977 0.0011194750230199796 -0.004416130944485136 0.0061514729422419145 -0.06849017171275051 -1.142452921246644 0.02059375013984411
3.676131248474121 499844 920.0172119140625 5.103331565856934 -1 1078.5179443359375 4.644550323486328
0.9999785756622659 0.0007248831682614669 -0.004132459091108893 0.0050244942749104885 -0.09399707802956722 -1.141750702794915 0.022720516449965502
1.3620567321777344 12623 1031.6641845703125 1.3620567321777344 -1 122.74159240722656 3.2890262603759766
0.9999842300568962 0.0006105647504034626 -0.003979132666597639 0.003915782351458224 -0.1218994566534978 -1.1451210173385855 0.022382340105837152
3.363703966140747 19205 1165.3209228515625 3.530179500579834 -1 539.9187622070312 4.2643561363220215
0.9999854349278976 0.001693097832836423 -0.004454078213875086 0.0025346674449817056 -0.15341721546072407 -1.1580310272525833 0.018963917014634037
3.984316349029541 18087 1554.1158447265625 4.021368980407715 45425 42.463356018066406 4.146664142608643
0.9999871092306859 0.0019087951990685189 -0.0043195560308702426 0.0018652906048463817 -0.18084821112572233 -1.1633473082342085 0.01760637698217807
3.3552632331848145 -1 445.60186767578125 3.3552632331848145 -1 499.6519775390625 3.5863382816314697
0.9999912204362174 0.0016037617254666037 -0.003702312241036661 0.0011313190894643517 -0.20374034200200403 -1.1591154321881767 0.0212650904520605
0.8545747399330139 1979 427.4419250488281 3.661245584487915 479601 1582.164794921875 3.8185315132141113
0.9999965462388078 0.0010704295233488496 -0.0023657057785336113 -0.0004063585373398394 -0.22259066364428046 -1.1515263757090017 0.024264506558424208
3.376378059387207 -1 496.61981201171875 4.127785682678223 499844 1044.959716796875 3.688366413116455
0.9999983677263705 0.0002791427932149311 -0.001776589386942174 -0.00017422412614869398 -0.2380108330846439 -1.149722207460233 0.024996084595824097
2.1019279956817627 516100 787.4205932617188 3.5092709064483643 2005 1524.606689453125 3.5640852451324463
0.9999979021006029 0.0009310907137970493 -0.0016333158569789663 0.0008131074880682749 -0.2518620180274854 -1.1576082874101656 0.02214861996802183
2.517603874206543 19205 1174.7191162109375 3.060771942138672 -1 12.988495826721191 4.7262163162231445
0.9999978710983045 0.0015522461244096572 -0.0010403645208060834 0.0008751985442818582 -0.26352190555636307 -1.1638942276754043 0.02002769030500946
4.119386672973633 314099 783.9702758789062 4.930938720703125 -1 913.163330078125 4.674205780029297
0.9999989589712536 0.0010266459243681583 -0.0006958261574623199 0.0007374825514645572 -0.2783707457521984 -1.1641623536140058 0.02195788109860157
1.1386630535125732 -1 971.4822387695312 2.0552663803100586 -1 1019.5850219726562 3.4696364402770996
0.9999998631135518 0.0004957228173411677 -0.00016742654264283418 3.4490760152410827e-07 -0.29440183809984205 -1.1630961783785208 0.023667201889286848
1.2579799890518188 21187 45.544620513916016 3.692167282104492 19205 429.0433044433594 3.4918885231018066
0.9999999184176879 1.030996939811304e-05 0.0003206780377755235 -0.00024540561992779445 -0.30693089959131764 -1.1608533659430207 0.023835907606237185
3.5699095726013184 21187 424.08636474609375 4.673229217529297 -1 476.01300048828125 4.769535541534424
0.999999554953196 0.0003494653039192554 0.0007346274898179276 0.0004777968841298135 -0.31621193693003224 -1.1660207987348337 0.020853153408224016
1.409397840499878 -1 837.21826171875 1.409397840499878 -1 720.9298095703125 2.4171338081359863
0.9999950711199189 0.0016950712915668488 0.001353170899591536 0.0022701096232267967 -0.32429196471488114 -1.1833144772482154 0.015101824268983828
3.2102513313293457 -1 996.2913208007812 4.1781415939331055 -1 381.01165771484375 4.531600475311279
0.9999827564749759 0.0007961720647654453 0.0022716981715995076 0.005356514740901139 -0.3246790156052198 -1.192138914033726 0.01542718657756752
2.59932541847229 515901 829.7715454101562 4.010829925537109 68557 890.2557373046875 3.9706132411956787
0.9999559267741319 -0.002070354543822585 0.0029469911243203612 0.008670258627226115 -0.3299816419366453 -1.1864092387377336 0.025188644979033135
3.2059569358825684 20385 87.33404541015625 3.454618215560913 16175 793.705322265625 3.1834640502929688
0.9999788861521599 -0.0009208136664000735 -0.004563249653152119 0.004533884061194158 0.010558693048714589 -1.1203473632079204 0.026843220989520494
3.733487367630005 -1 1553.652587890625 4.779984474182129 -1 485.9146423339844 5.510725975036621
0.9999106744259733 -0.002902360147048289 0.001008574732086046 0.013007776581029366 -0.4096272878955279 -1.2096983565866732 0.02818854576135381
1.676356554031372 -1 392.33172607421875 3.4361019134521484 -1 694.8176879882812 4.52180290222168
0.9998913452858108 -0.003218294424401693 0.0006932211012527493 0.014368703770152026 -0.4343735874724937 -1.2186886832171295 0.028814250401439926
3.966998815536499 -1 825.06689453125 3.66094708442688 -1 1452.6915283203125 3.187424898147583
0.9998870652087992 -0.003089326993711131 0.00036963399351091375 0.014702933638269194 -0.445177832371403 -1.2257717843603388 0.029139828654882353
0.5849461555480957 -1 769.3308715820312 2.134309768676758 68557 316.10443115234375 4.542740345001221
0.9999394234049109 -0.00187620405756977 0.0007147435580173286 0.010822131057930255 -0.4594586945699031 -1.2342636800804032 0.022794170702048314
3.8948988914489746 -1 859.9998168945312 3.5816571712493896 -1 280.0641174316406 4.752648830413818
0.9999505490847788 -0.000896054184350889 0.0005075787678388215 0.00989135156299347 -0.46322608184900804 -1.2425626367372906 0.016566056024412197
4.474273204803467 158639 937.3110961914062 4.473121643066406 13761 1274.7291259765625 4.649494647979736
0.9999684193395675 -0.0013802924983585703 -0.0036847895558268728 0.0069048853774092275 -0.49114840229761947 -1.2370655848026562 0.013384874168584733
2.0181121826171875 -1 737.5508422851562 3.8350167274475098 500193 280.2225036621094 4.439970016479492
0.9999582481621258 -0.0004186906769903928 -0.007152593938282519 0.005671598593295955 -0.5025049803765962 -1.2310097116494745 0.015589260214763164
3.755136728286743 517821 1244.48046875 4.840672016143799 517481 268.3890380859375 5.6079020500183105
0.9999414453227843 0.0010746332355822778 -0.008930225035743007 0.006016823913093712 -0.4937345263218685 -1.2266724180413333 0.013331289958826589
4.756834506988525 529081 992.265625 4.506531715393066 -1 564.846435546875 5.033637046813965
0.9999206290759903 0.0019484514961118707 -0.011631357448804704 0.004432900736681984 -0.5049320654595747 -1.209797356998726 -0.001558948143731813
1.9514223337173462 -1 657.5381469726562 4.441708564758301 -1 1156.6524658203125 4.832272529602051
0.9998967837471893 0.003141489746743508 -0.014014473651181428 0.0003839563491609997 -0.5247436208902655 -1.1940636740131556 -0.020144702686677802
3.228818416595459 -1 539.9622192382812 4.303031921386719 -1 649.1461791992188 4.3779296875
0.999869752929149 0.005461172014406477 -0.014506066067221289 -0.004497424250067754 -0.5337864369350918 -1.1898281813489047 -0.03887103669396573
3.474733352661133 -1 738.77490234375 3.474733352661133 -1 622.66064453125 4.5980682373046875
0.9998218196998037 0.006991966299205642 -0.01669646926384612 -0.005354360238677395 -0.5469505245667496 -1.182959738659144 -0.0645189521869553
3.3375518321990967 -1 960.4105834960938 3.620006799697876 -1 1195.461669921875 3.50197434425354
0.9997570587776213 0.006667921157033635 -0.019823651763481377 -0.00695593865152888 -0.5802908251993247 -1.163051790939546 -0.08702481533034605
2.1572890281677246 -1 1032.97607421875 3.508171558380127 -1 617.1048583984375 5.583990097045898
0.9997013986313559 0.00813624243667684 -0.019094779029981482 -0.012895912039044432 -0.6030955498489041 -1.1604436384315522 -0.10452732164781481
3.379173517227173 -1 722.7770385742188 3.502864122390747 -1 825.3765258789062 3.745917558670044
0.9996621647827291 0.012207989361393067 -0.01565407550911696 -0.016777103969843454 -0.6120592542969411 -1.1842409905856204 -0.12070422673825168
3.083750009536743 -1 722.8055419921875 3.570540189743042 -1 1231.6798095703125 4.784358978271484
0.9996299207011486 0.015225737985011674 -0.012865023271340871 -0.01851188045702706 -0.6418855695168009 -1.1983107852644956 -0.1266422361249241
3.1852943897247314 -1 689.9451293945312 3.5181634426116943 -1 308.91912841796875 4.398138999938965
0.9996877285122949 0.015060823978100334 -0.011380002264266584 -0.016374143992721055 -0.6900596679079505 -1.1926716297362951 -0.11082378405827925
63.59585952758789 -1 1592.0001220703125 69.0265884399414 -1 1150.736572265625 96.41934967041016
0.9996908849723961 0.014212355025822713 -0.01095347808728367 -0.017209438849620284 -0.7610601724301246 -1.1847020343597687 -0.09001974642413703
3.1744985580444336 -1 101.38003540039062 3.364051103591919 -1 1180.7928466796875 3.735523223876953
0.9997432488223393 0.01328925069522384 -0.006460017568514064 -0.01717848721885073 -0.7931138764273953 -1.1812754914303103 -0.06573646697058809
2.5749340057373047 521522 671.1468505859375 2.6012179851531982 523317 1285.0289306640625 2.033334732055664
0.999761370958648 0.013981101303466078 -0.004690567246585254 -0.016116095188729487 -0.8104468536123749 -1.1835335867573133 -0.06268294123181402
3.548053026199341 -1 698.5725708007812 3.548053026199341 -1 1197.2979736328125 3.8657145500183105
0.9997867834791322 0.015532936575815209 -0.005092777784158361 -0.012616619048851443 -0.8231815034446976 -1.1928197440378567 -0.06770570448233587
3.9949140548706055 -1 549.5510864257812 3.9949140548706055 -1 604.5156860351562 4.698550701141357
0.999823118474721 0.01594345922118996 -0.0051816916954754485 -0.008525722416271564 -0.8372497615660329 -1.19398580185135 -0.06724289724647672
1.7835862636566162 -1 204.68650817871094 3.1894288063049316 -1 242.59255981445312 4.062130928039551
0.9998620447920656 0.015174576997598872 -0.00409466815518781 -0.0053718981628801165 -0.8562276984203699 -1.1879755597012487 -0.06010600688632861
1.7615290880203247 -1 195.5680389404297 4.271160125732422 -1 406.04876708984375 4.407445430755615
0.9998639478526439 0.01573769864013565 -0.004191775737323281 -0.0026152709622100606 -0.8906617783009044 -1.1919842490763446 -0.05837595627891298
3.4382338523864746 -1 1239.1446533203125 3.236494541168213 -1 730.6834106445312 4.138139724731445
0.9998365519897249 0.01759882405229608 -0.004019309713719901 -0.0009979211892042685 -0.9359680659027219 -1.206462880351565 -0.06076744117717205
3.9656448364257812 -1 350.34710693359375 5.163684368133545 -1 129.22817993164062 6.552161693572998
0.999817097290804 0.018840701938813122 -0.0032783256929347204 -0.0002291202625732301 -0.9828069204887124 -1.219044040423022 -0.05963790574377536
0.8658438920974731 -1 565.8279418945312 3.7512118816375732 -1 653.3719482421875 4.63372802734375
0.9998268696635886 0.018438313196862482 -0.0013162801330677911 0.0021276070537583967 -1.0095182477032214 -1.2212060758550678 -0.052999681292611255
4.03104829788208 -1 526.0704956054688 4.870554447174072 -1 561.2891845703125 4.389441967010498
0.9998385096305499 0.01767787123987617 -0.00058597116259006 0.0031787050797553785 -1.0556962420554736 -1.216430991821111 -0.045056687216168845
4.099018096923828 -1 638.0572509765625 5.060177326202393 -1 638.0572509765625 5.060177326202393
0.9998345216617717 0.01774253696110589 -0.0007133638842201018 0.003952567207359677 -1.1059059780464557 -1.2184231558722871 -0.03856516841707114
4.0764079093933105 -1 1181.09765625 4.435000419616699 -1 1181.09765625 4.435000419616699
0.9998411599898283 0.0173341385895695 -4.937814006717067e-05 0.0041448753119253815 -1.1536707167270859 -1.2148408932681785 -0.03127147269489067
0.5 -1 0.5 0.5 -1 0.5 0.5
0.9998809336023662 0.015263788976798453 0.00040687370332222715 0.002229308933785157 -1.2029601178041467 -1.1982352714143616 -0.015038308338744578
4.263336181640625 -1 588.9352416992188 8.621777534484863 -1 927.3165893554688 8.67621898651123
0.999912819582896 0.0129856985378795 0.0010435968924935551 0.002153084483262023 -1.2391845861746529 -1.1881201200082026 0.003233838404742384
3.6746537685394287 534993 704.0958862304688 4.233274936676025 -1 799.8720092773438 2.9797861576080322
0.9999183589645485 0.01210682426943794 0.0016999880688435495 0.0037162147837725215 -1.2577924220792827 -1.1913572627650364 0.01552382533561648
3.527564764022827 -1 573.388671875 5.162787914276123 -1 761.5087280273438 4.5279436111450195
0.9999190550089796 0.01121170868003493 0.0024317649153421626 0.0055015941162266544 -1.2720279587855516 -1.1926809114719734 0.02581427615978028
4.367794990539551 -1 369.6278991699219 5.329452991485596 -1 462.8221740722656 5.389556407928467
0.999926218541294 0.009251806605099916 0.0026133683705355515 0.007425082761155891 -1.2946536675402647 -1.1839091092286338 0.038307855522555716
3.675957679748535 -1 888.9072875976562 3.626802682876587 -1 1147.62060546875 4.088129043579102
0.9999443751024626 0.007074703964241609 0.002738135564184241 0.0073278836232696975 -1.3313220459338662 -1.1672920430455955 0.052615839335481446
3.4768924713134766 530036 1090.2454833984375 4.134190559387207 45425 1090.2454833984375 4.134190559387207
0.9999564935187881 0.006267651043649525 0.0038615533145026654 0.005728527385309295 -1.3757753929628678 -1.1629280554549686 0.064396807177438
4.085675239562988 -1 1023.5624389648438 4.154890537261963 -1 662.3053588867188 5.622714996337891
0.9999637664941229 0.0062816329012874575 0.0035796817334589996 0.004493625003034256 -1.4194026958711596 -1.1707946326814826 0.06402895463509807
3.319550037384033 -1 1080.5426025390625 3.53489351272583 -1 539.8779907226562 8.240547180175781
0.9999697591965203 0.006936790536028723 0.0006360489249609463 0.003457899836240247 -1.4854948002725537 -1.1948280926945378 0.04966303754431974
60.500274658203125 -1 822.03955078125 123.56805419921875 -1 492.9839782714844 176.98187255859375
0.9999612626255627 0.008188197692845978 -0.0011143442194963946 0.0030306606200059595 -1.538289206693663 -1.2204092907321409 0.04212049341635356
7.486150741577148 363590 759.7888793945312 10.68521499633789 -1 422.8443298339844 13.673633575439453
0.9999606345670875 0.008102344296395461 -0.0020616757717200115 0.00297167059122444 -1.5795818412450238 -1.2318150067741964 0.04464301739799312
4.662447929382324 -1 1044.5250244140625 5.0233845710754395 -1 1441.966552734375 4.588428497314453
0.9999782553214092 0.005515694265781497 -0.002164948780060459 0.0028946498746624974 -1.6077684652090516 -1.2253391197434043 0.059683302927731184
4.7473320960998535 -1 249.458740234375 4.610520362854004 -1 1353.490966796875 4.843594551086426
0.9999811854450256 0.003389763203400775 -0.0025695982752143545 0.004419889827857734 -1.6306036487044098 -1.2245361999310624 0.06733172640216532
2.171147584915161 -1 655.9447021484375 3.329786777496338 -1 746.858154296875 3.986520528793335
0.9999585548088609 0.0036445189242826615 -0.003181514689809103 0.007712594288792831 -1.6499911483104865 -1.2454024234414232 0.06752292953278395
3.5851714611053467 -1 443.6700134277344 4.453517436981201 -1 972.2808227539062 4.70310115814209
0.9999359256005815 0.0047432221411569855 -0.003621268891162927 0.009619404796861455 -1.6649160981527893 -1.262080662320857 0.06272532578233127
3.3316404819488525 -1 475.3866882324219 3.3316404819488525 -1 355.38092041015625 4.668940544128418
0.9999347411879647 0.004468767902198328 -0.003263812501632474 0.009994548851691562 -1.679802692317104 -1.2620249390889144 0.06408446868728655
2.2904698848724365 -1 428.2105407714844 3.4456911087036133 -1 738.602783203125 4.637061595916748
0.9999285095815469 0.0039222598345653534 -0.00352918759627058 0.010730164897480987 -1.7009326875686983 -1.25931751022415 0.061419817166086695
4.4810380935668945 -1 654.27978515625 4.860116958618164 -1 708.7802124023438 4.331819534301758
0.9999133157805419 0.004792606009632115 -0.0041734313919794775 0.011531449293793744 -1.728856352817646 -1.2681442662495817 0.05101041059801514
3.197716474533081 -1 1140.99072265625 3.197716474533081 -1 493.79449462890625 4.89654016494751
0.9999031695762024 0.007047815088029202 -0.0038581148850477965 0.011361985895209441 -1.7546629348987732 -1.285493642382953 0.03723551059183156
5.098640441894531 -1 193.5515594482422 5.78074836730957 -1 166.2206573486328 5.948822498321533
0.9998957389304937 0.008445797661910597 -0.0037724942365599556 0.011088194520813667 -1.7827145791342995 -1.2952810580051104 0.027220136388871156
4.946531295776367 -1 880.897216796875 5.062130928039551 -1 231.7398223876953 6.252823352813721
0.9998956426606345 0.008893862003181298 -0.0037006910320520046 0.010766052797125775 -1.8135461004655213 -1.2986017933798364 0.02264911577557112
2.5449860095977783 538056 518.8999633789062 3.3147926330566406 -1 1321.449951171875 5.621247291564941
0.9998892439321058 0.009034811599986124 -0.0038043001844492814 0.011198185046750459 -1.8425574843057657 -1.3049438975979513 0.017233946803622214
3.9673550128936768 -1 516.357177734375 4.474483966827393 -1 79.2680892944336 5.519019603729248
0.9998766578518183 0.009588677087692708 -0.003864193708858102 0.011823466571446674 -1.8686315386077832 -1.3121676971190996 0.010508204451490285
1.0622470378875732 -1 941.7045288085938 1.0622470378875732 -1 170.9991455078125 3.7181529998779297
0.999874207498935 0.010615957689067326 -0.0031250690209976375 0.011362418947341772 -1.8938958967564803 -1.3190201129394348 0.00683305093834335
2.6169278621673584 -1 450.84637451171875 5.813321590423584 -1 188.84283447265625 6.722458839416504
0.9998706503171129 0.011297003049152638 -0.003087159297780648 0.0110240556970443 -1.9282396238875255 -1.3214598204662515 -0.0008833970740736112
0.5 -1 0.5 0.5 -1 0.5 0.5
0.9998859825041706 0.010982647111000355 -0.00310656001811848 0.009886998480762152 -1.9687587635526027 -1.3124991786455906 -0.005392967866298917
4.306285381317139 -1 751.8551635742188 4.796910285949707 5968 778.5738525390625 5.0764360427856445
0.9999028988906293 0.010982564962192479 -0.0016835073546771014 0.008410818031189676 -1.995447875268376 -1.3024785966847807 -0.004248323358894456
2.171739101409912 -1 743.1416625976562 4.843151569366455 5968 494.53668212890625 5.637214183807373
0.9998932160786935 0.011841716235143147 -0.0004971938574902632 0.00854885926200907 -2.016116850740591 -1.3043018121415986 -0.008964851697242145
4.181310653686523 -1 770.6057739257812 4.308043479919434 -1 120.87676239013672 5.832927227020264
0.9998694820467597 0.013314981011129627 -0.0002166941211861621 0.009147851981503452 -2.040066013032756 -1.3075926485210574 -0.01998710977462464
3.1127867698669434 -1 714.44384765625 5.127532958984375 7833 284.498779296875 5.056607246398926
0.9998454633685379 0.01415582451805481 -0.0004725619508469064 0.010413390359077188 -2.059263533451511 -1.3068681723984574 -0.028155891738913866
4.252617835998535 541612 719.9757690429688 6.335384368896484 5972 796.8951416015625 5.974978446960449
0.9998461720196444 0.0139878842340208 -0.0010812311896861318 0.010526268637736478 -2.0875779212290917 -1.2965061511654432 -0.034372386956690384
4.351284027099609 -1 468.3939208984375 5.313542366027832 1045 1559.9677734375 6.0012736320495605
0.9998489069563922 0.014144878437622906 -0.0016893150243208275 0.009961520307731089 -2.118955818270807 -1.287800906177083 -0.04019797232570404
3.5013105869293213 -1 810.029541015625 3.3307249546051025 -1 459.01409912109375 5.258531093597412
0.9998520823367301 0.01499059357535078 -0.0027727139921659445 0.00796288944298563 -2.15470014312133 -1.284780166711937 -0.05176657227264647
0.5 -1 0.5 0.5 -1 0.5 0.5
0.9998501937003123 0.015659837485037728 -0.0036382027762339357 0.006412731707259003 -2.181647514188032 -1.2872662513865625 -0.06276938032708564
4.448025226593018 -1 695.1484985351562 4.334643840789795 -1 1511.118896484375 4.3492231369018555
0.9998836928861687 0.013681918908128914 -0.0029308498195046097 0.006067611939212841 -2.1885006089638988 -1.2761135907823509 -0.05393084885835961
7.930425643920898 -1 408.632080078125 8.33800983428955 545927 485.5461120605469 9.834107398986816
0.9999194594304283 0.010682005700335291 -0.0019317721116764413 0.0065755351939495 -2.192098247925537 -1.2569729214768257 -0.03671175679703356
0.8522210717201233 -1 198.8984375 2.705679416656494 -1 390.57391357421875 5.068451881408691
0.9999079405655831 0.009084809897447444 -0.0018107017756900268 0.009914533882192223 -2.1978252162442473 -1.259146698435927 -0.027755764351078814
3.4936187267303467 556941 269.72064208984375 4.306414604187012 -1 697.85986328125 4.8311638832092285
0.9998777372432474 0.008548844209991751 -0.0007799976791341938 0.013069790802360074 -2.1932284079590016 -1.2693409162685116 -0.024387288462151085
3.490328550338745 -1 518.6080322265625 4.176880359649658 556941 700.7496948242188 4.918033599853516
0.9999045929558412 0.008291556204070126 0.0015321159210260784 0.010941101513686987 -2.1904202157333827 -1.2699974907442937 -0.017741002847551934
4.441576957702637 -1 1322.477783203125 4.633605003356934 -1 266.58758544921875 5.578341484069824
0.9998951219705429 0.00981474251014605 0.0009328956980157031 0.010608750849632526 -2.2032563885267216 -1.2958142384452551 -0.03261376874938557
7.1328301429748535 -1 421.13946533203125 11.816537857055664 -1 273.9377746582031 16.13574981689453
0.9999071046591945 0.011154479542624253 -0.004494168838359726 0.006415768438183741 -2.260336400472026 -1.3082961868758318 -0.06821391016697177
39.1812744140625 550316 607.3306884765625 69.00457763671875 -1 485.1020812988281 75.28439331054688
0.9998569513329787 0.01225403751953878 -0.0065486763649681085 0.009645220238960965 -2.2718688413192094 -1.3458976919601042 -0.07842129225892236
6.156537055969238 409559 651.675537109375 6.808900833129883 5310 402.1166687011719 7.475376129150391
0.9998753699613302 0.012328816398783624 -0.008239355527893705 0.005418288602811753 -2.2930462488727317 -1.321441301979057 -0.08605336249697473
4.158786773681641 581187 992.5704956054688 7.625255107879639 -1 992.5704956054688 7.625255107879639
0.9999050689645015 0.010120254260033787 -0.009226258178030185 -0.0015197607838978873 -2.315383602195953 -1.262328601342192 -0.07909875655940829
0.5 -1 0.5 0.5 -1 0.5 0.5
0.9998559897804706 0.00902360590667122 -0.012708558979822359 -0.006713178473198536 -2.352538295617305 -1.2133474964427282 -0.08595206514667064
3.361056327819824 -1 660.54345703125 29.8973388671875 -1 660.54345703125 29.8973388671875
0.9997900569853023 0.008004323429681777 -0.016378113522812026 -0.009355755297834677 -2.3973612619666707 -1.1762791345589445 -0.09136050432993688
18.651655197143555 -1 611.9332885742188 31.422178268432617 -1 579.6437377929688 32.414859771728516
0.9997353559379455 0.007709146544277837 -0.01861275902168824 -0.011106410256642345 -2.4518062542858754 -1.1393953475758962 -0.09657573196101253
12.036674499511719 -1 586.2595825195312 30.9361572265625 -1 581.4343872070312 33.24539566040039
0.9997143951391226 0.00864385622737265 -0.02010225935488468 -0.00960786500570189 -2.4910342186651953 -1.1433232420253119 -0.10559711743341213
210.32904052734375 -1 953.8402099609375 248.49615478515625 -1 650.21728515625 263.9505615234375
0.9996559647117713 0.009432586665104508 -0.019584593147012348 -0.014677269373056363 -2.564231535657071 -1.1311354699444638 -0.11357065188291968
4.304683685302734 -1 501.6869812011719 4.37855339050293 -1 1318.1160888671875 4.581936359405518
0.9997396645075728 0.010929738415009901 -0.016659956116689436 -0.011117099021560252 -2.6122495182713044 -1.1626795955539144 -0.0895661575355677
17.54880142211914 582670 477.6996154785156 18.062009811401367 -1 246.1331787109375 18.88797950744629
0.9997854639286421 0.013719052422698233 -0.014183616633346227 -0.00629593017841891 -2.645838495161409 -1.2038976093777078 -0.07809758860197626
3.400517702102661 -1 281.19378662109375 3.631791591644287 -1 971.883544921875 4.4178876876831055
0.9998241118811444 0.013881431128498377 -0.011753365180846225 -0.004572699184420408 -2.6790508623395497 -1.2177024287876281 -0.06399463818688736
5.899947643280029 556431 330.93524169921875 6.062939643859863 557483 1506.5355224609375 6.967177391052246
0.9998746554808025 0.01145761772819666 -0.009977006897505313 -0.004455968638610544 -2.7250713140193783 -1.2101994295997154 -0.045893564978524044
4.44310998916626 -1 1251.6201171875 18.533111572265625 544846 783.6309814453125 19.90751838684082
0.9998876560345844 0.010900891546425123 -0.009524748386845548 -0.003889092609475926 -2.787318968533663 -1.2178858776741595 -0.03800507933822648
116.56708526611328 -1 1432.86181640625 199.67633056640625 -1 687.1370849609375 206.16981506347656
0.9998689723458367 0.011881341872897229 -0.010481546451101848 -0.0033179872472937732 -2.8511297656930954 -1.2332178967267071 -0.043373755224522144
171.3969268798828 -1 521.9910278320312 185.1612548828125 -1 716.5314331054688 236.21713256835938
0.9998806535344534 0.01112572241852845 -0.010113955317154203 -0.00355033745194995 -2.907747707864288 -1.2334523913860762 -0.03978493387893072
3.5510668754577637 558969 1172.4188232421875 15.766345024108887 544846 1180.576416015625 27.42995262145996
0.999902885319177 0.008855237562380599 -0.008556485247330874 -0.0065261978448924885 -2.9606119082786697 -1.2064364460928594 -0.021981554713604533
17.601791381835938 -1 401.2284851074219 17.601791381835938 -1 1152.7989501953125 21.15860939025879
0.9999028941704028 0.007457262744670072 -0.007908085216782688 -0.008720874395003707 -3.015440004425291 -1.188041289571208 -0.010992835974982174
18.105552673339844 -1 1084.5128173828125 109.18538665771484 133853 1016.0606689453125 110.39961242675781
0.999882578128995 0.00799929859312754 -0.007725599735232994 -0.010543068095355724 -3.085074077204556 -1.1859343091727794 -0.0076549667683953205
164.5706787109375 -1 90.7480697631836 200.30044555664062 -1 562.8670654296875 213.69223022460938
0.9998737758002698 0.0075991111774056375 -0.007776700311736745 -0.011584856860864651 -3.156547641951584 -1.182734027425872 -0.006882032437435979
222.03811645507812 558980 889.6702270507812 267.19744873046875 -1 705.3736572265625 273.3458251953125
0.9998742033438917 0.0058461200070711785 -0.008077379263751105 -0.012335165686382365 -3.2238695204456205 -1.1741821066614107 -0.0038628124205657114
90.77381896972656 -1 294.7742919921875 121.4951400756836 -1 861.4803466796875 271.0284729003906
0.9998738542383273 0.006186317690766069 -0.009379554414120413 -0.011226265764445263 -3.292811140005995 -1.189993669961477 -0.015089701116856943
264.93939208984375 -1 632.029541015625 264.93939208984375 -1 796.1799926757812 277.9316101074219
0.9998674540699714 0.007571291989720283 -0.009415123408761472 -0.010913536568770171 -3.349255658015869 -1.2075274548411292 -0.02461692366351428
20.124696731567383 -1 895.70654296875 108.57933807373047 -1 147.37196350097656 116.54842376708984
0.9998753820631121 0.007875840032711861 -0.007781775404488267 -0.011253242176319105 -3.3937329525426394 -1.211993309078123 -0.0180418338223404
4.614616870880127 -1 1384.362060546875 4.559576511383057 -1 1384.362060546875 4.559576511383057
0.99990555223806 0.007235349921963809 -0.006728158787679831 -0.009553438874816923 -3.4060955902472916 -1.2119438199523436 -0.011907308525175325
4.7704997062683105 -1 545.7271728515625 5.622811317443848 -1 567.8912963867188 5.327112674713135
0.9999278057740051 0.006613619501335091 -0.0053165576767294845 -0.008507496197196289 -3.4040810725337995 -1.2064500012471415 -0.0026612056944122385
4.485906600952148 -1 1287.6640625 4.8767008781433105 569420 1069.8358154296875 4.959894180297852
0.9999353742946974 0.006923824899592257 -0.004764525672301089 -0.007655532509328094 -3.413506099276189 -1.204354706709914 0.0008004724694171204
2.9738237857818604 -1 503.3057861328125 5.232253074645996 -1 600.0570068359375 5.331203460693359
0.9999335702140815 0.006869641802914982 -0.005516217595791909 -0.007431993262649788 -3.4402342007528057 -1.1961174275999291 -0.0023646579221057082
11.67667007446289 59779 1073.9833984375 20.404739379882812 573665 641.2357177734375 24.283309936523438
0.9999289985758774 0.00612948748096063 -0.006495828298263552 -0.007888688419709224 -3.478530420264728 -1.1807417922173449 -0.003852292228972143
4.1341753005981445 -1 796.110107421875 4.1341753005981445 574733 1212.0859375 4.33134651184082
0.9999267823842579 0.005683154205444393 -0.007253037271115755 -0.007843792404571032 -3.5127242339220452 -1.176729973330743 -0.00792303505857099
4.4935173988342285 -1 1311.72802734375 4.754148006439209 -1 1403.3427734375 4.970738410949707
0.9999207349158515 0.006254022724523465 -0.007022953130040325 -0.008371930150069496 -3.535275432251297 -1.1800059395016487 -0.009337266282502176
3.177002429962158 -1 959.7854614257812 4.828085899353027 -1 599.9507446289062 5.647329807281494
0.9999222886120944 0.006368997853694948 -0.006245995912834733 -0.008708624354503706 -3.552724526500883 -1.1808095488193107 -0.0029926428906006186
2.2321226596832275 573661 382.9706726074219 5.488455772399902 -1 593.2922973632812 5.591124534606934
0.9999259069108906 0.0053881758696612365 -0.006776683911397248 -0.008557149314805605 -3.5791498180058507 -1.177577928213668 0.0029708301685633285
4.391152858734131 575242 655.5444946289062 5.904877662658691 -1 995.8533935546875 6.474344730377197
0.9999144774822976 0.004629969695840785 -0.006983035162990638 -0.01004182860996463 -3.6073841809438814 -1.1647511156413624 0.007321781838618198
3.8475332260131836 -1 1265.0009765625 6.1043901443481445 -1 1338.7813720703125 7.507713794708252
0.9998469660468633 0.006230838041391937 -0.007626859544961789 -0.014458636092874734 -3.6448417672737685 -1.1504454422825474 -0.007868774388762106
147.0 -1 1203.0 147.5 -1 116.5 187.0
0.9996681432346359 0.010984904706427906 -0.008572689282007412 -0.021666662615185423 -3.6923862841469646 -1.1358846778768057 -0.04446372106058068
4.5536274909973145 -1 863.3806762695312 5.41133451461792 -1 643.6011962890625 7.614563941955566
0.9995304984686147 0.012567177472014239 -0.006184306545246566 -0.027250743733408175 -3.704210423272406 -1.1085909843618038 -0.04194556718892698
4.335355758666992 83001 520.7100830078125 4.229651927947998 -1 1098.4932861328125 4.8806257247924805
0.999468616559642 0.01167264193019429 -0.005428403104489604 -0.029946057878460594 -3.7111097255676277 -1.0795756546180033 -0.037895478801673585
3.4496004581451416 -1 1253.2955322265625 3.4496004581451416 -1 483.1469421386719 4.699602127075195
0.9995104095608374 0.010142105175808352 -0.007890823067540156 -0.028527421780571965 -3.736834338057273 -1.0684769149760114 -0.04862677004308005
4.084416389465332 -1 1109.967529296875 4.602810859680176 -1 1597.01123046875 7.141393661499023
0.999624876775205 0.0076835537393202865 -0.00949398538378141 -0.024513934315482593 -3.753282522401336 -1.0749996188494684 -0.0573420996620886
4.721338272094727 -1 606.4176635742188 4.721338272094727 -1 1207.0618896484375 4.5927324295043945
0.9997265107855375 0.007649841885173263 -0.010076516474258623 -0.019668435816059027 -3.7567795173730345 -1.1097507956874275 -0.07327531464578893
4.126365661621094 -1 1005.6272583007812 4.797338008880615 -1 1384.41162109375 4.856568813323975
0.9997501162154097 0.011348608576687139 -0.010615855547000164 -0.01606915746557103 -3.762714886257403 -1.1558289765128877 -0.10394008390372826
5.537861347198486 -1 1354.5943603515625 5.537861347198486 -1 807.59326171875 6.73543643951416
0.9997597608629785 0.012410115460119426 -0.009298363224306964 -0.015490320681494094 -3.7698614440374896 -1.1613999489033044 -0.11177159555148071
3.3370471000671387 -1 94.40632629394531 4.76956844329834 -1 480.4046325683594 4.39206075668335
0.9997425438548199 0.012286030170480234 -0.007046216838270342 -0.017727106295494725 -3.789469615158795 -1.1324493125328972 -0.10945944988552243
2.3142011165618896 -1 808.5261840820312 2.8810012340545654 576684 814.5369873046875 4.742640018463135
0.9997308086832623 0.012854523101124775 -0.0066450849935185295 -0.01813599323946993 -3.8198850589871904 -1.1217429904530452 -0.1183740135898551
4.4765849113464355 -1 1106.505126953125 11.314170837402344 608488 1110.95947265625 12.410689353942871
0.9997235829921656 0.014127514583022279 -0.007111897548962876 -0.017395167554989304 -3.855047289862467 -1.1280057088194901 -0.1356399547119634
3.5654776096343994 -1 1138.111083984375 3.4587104320526123 -1 1138.111083984375 3.4587104320526123
0.9997031310014002 0.015877557012287002 -0.006761303224632764 -0.017199936861031415 -3.881166454222904 -1.1337740040619282 -0.1447148863694044
2.5715150833129883 -1 624.9971313476562 3.6799468994140625 -1 688.4591064453125 3.0707478523254395
0.9996622836438368 0.016642595282576802 -0.006188145766632021 -0.01897497125743295 -3.907004549725184 -1.1182534214808832 -0.14580660595577333
3.2281038761138916 -1 1042.846923828125 3.7050299644470215 -1 1255.5760498046875 4.901406288146973
0.9996218893587987 0.015977159104333723 -0.0045392834463458325 -0.021913548491614976 -3.9331883312935974 -1.0838795183193342 -0.1282723827907996
3.7300775051116943 -1 455.4803466796875 4.624625205993652 -1 600.845703125 3.916806221008301
0.9995933958482536 0.015356979024570838 -0.005142045832702118 -0.023468394415681514 -3.9842878910231927 -1.0495116234804835 -0.12123420432038683
42.44199752807617 -1 1412.5927734375 60.664363861083984 -1 1407.900146484375 81.05004119873047
0.9995635186038295 0.014321156999719684 -0.006413685132911452 -0.02503080864728819 -4.046073925232146 -1.012182390977142 -0.11412240134885808
61.60298156738281 -1 1362.0367431640625 81.75816345214844 -1 874.8580322265625 121.99116516113281
0.9995054369182352 0.013091120613094979 -0.005820603416459449 -0.02799329755226396 -4.096944291610133 -0.9676814489502695 -0.09722948883273883
8.331530570983887 584607 899.5675659179688 10.495360374450684 594154 694.1497192382812 11.743732452392578
0.9993731171010721 0.01295963208575296 -0.003942503387661283 -0.03270898070755355 -4.140725416514187 -0.9210304733204779 -0.08015903167967746
0.5 -1 0.5 0.5 -1 0.5 0.5
0.9993176269979489 0.013386527567325952 -0.00380203742325766 -0.03421440869443408 -4.182673927693615 -0.8987047699012608 -0.07763260128516963
4.155855178833008 -1 1009.0266723632812 5.033586025238037 -1 914.3716430664062 21.14391326904297
0.9993258878966467 0.0126887074745939 -0.004045090888547627 -0.03421116370289602 -4.217726151543281 -0.8750829867442027 -0.07354194157471478
4.724658012390137 -1 678.4635009765625 5.766583442687988 -1 657.5827026367188 17.82291030883789
0.9993660265550706 0.010709515132759738 -0.0027999437123545335 -0.033838019569104864 -4.230813720177654 -0.8462373919110393 -0.04804826198287127
2.860175609588623 -1 898.066650390625 3.8478002548217773 -1 1063.7010498046875 3.7627205848693848
0.9993611193425345 0.00925668238449206 -0.0029679885294058446 -0.03439270303070944 -4.254061050828212 -0.8165442441038279 -0.04324101777610362
3.787371873855591 -1 825.8112182617188 9.258613586425781 634316 825.8112182617188 9.258613586425781
0.9993197586769768 0.009770865853590853 -0.0033205275525261192 -0.035405143623957004 -4.291742958135749 -0.7944534018868241 -0.04909761690958308
8.984640121459961 595010 1031.3148193359375 13.624688148498535 -1 807.586669921875 13.88286018371582
0.9992526799932199 0.010999383226815493 -0.0041468926786695 -0.03682252539016123 -4.328483080161666 -0.7843073106546108 -0.06100720991088156
3.0035886764526367 588189 749.7421264648438 3.9683098793029785 588190 1044.300048828125 4.450860977172852
0.9992038964135739 0.011478080038363914 -0.0030979404835381956 -0.03808188329541279 -4.3454810711073355 -0.7765586765652581 -0.057938928264924465
3.4378457069396973 -1 793.2402954101562 3.4378457069396973 -1 747.3871459960938 4.8104352951049805
0.9991623884323162 0.011681822208557815 -0.0027410883110027835 -0.039122154937940606 -4.362559443792238 -0.7658004144193317 -0.056208282130772995
4.103219509124756 -1 739.45263671875 4.513050556182861 -1 393.7212829589844 7.513689041137695
0.9991502569112708 0.01135346040001144 -0.0026453732585103966 -0.03953308805810869 -4.3820035708339455 -0.7567355358301944 -0.054470776449396796
2.055777072906494 -1 725.822021484375 3.061619758605957 588190 702.0440673828125 3.9985175132751465
0.9991696962328159 0.01115554972298566 -0.0019211022282109008 -0.03913797652701506 -4.392047296720232 -0.7537822065399182 -0.0490173103733145
2.6222429275512695 -1 783.5982055664062 4.13266134262085 -1 913.8301391601562 3.9595398902893066
0.9991825647832282 0.011258820732723565 -0.0011268526660922467 -0.038809424009992 -4.4020514081764 -0.7517353424898778 -0.042992169813649284
4.606675624847412 -1 550.7979125976562 6.5117974281311035 589994 870.68310546875 6.353691101074219
0.9992393744412296 0.011016674053697826 -0.00123150078721384 -0.03738701465624007 -4.417222583435156 -0.7552114668144562 -0.04315611997738616
3.2421650886535645 -1 1116.723388671875 4.013228416442871 -1 1260.7579345703125 3.69519305229187
0.9992731065165935 0.010757635954180564 -0.002187648487116441 -0.03650679464772649 -4.439893643499698 -0.7533157851801562 -0.04981462512510533
2.8514022827148438 -1 806.9091796875 5.93097448348999 -1 320.9861755371094 8.819892883300781
0.9992636071234436 0.01007868402250187 -0.0024767809931460875 -0.03693953387538323 -4.462613930998756 -0.7402014360656919 -0.0480259967161582
3.423340320587158 -1 1395.615966796875 3.315924882888794 -1 1440.8824462890625 3.972137689590454
0.9992197477099378 0.008806644742510803 -0.0025569825299837133 -0.03841615070785982 -4.493666643837216 -0.7146861287810846 -0.04274283225178036
0.5 -1 0.5 0.5 -1 0.5 0.5
0.999196713452857 0.00737858814075846 -0.002740384792790251 -0.039293441606020725 -4.524902633280585 -0.6940130969407114 -0.03786024403282098
5.083515644073486 -1 1021.282470703125 5.018050193786621 -1 1041.42578125 8.677331924438477
0.9991743924829876 0.006869870018488169 -0.0030254819915526586 -0.03992724321689081 -4.547754455114488 -0.685370194248574 -0.036996438865194076
5.035127639770508 -1 1408.8465576171875 5.035127639770508 -1 998.8536376953125 5.453864574432373
0.9990981497416173 0.006499532884708704 -0.0028699102251652864 -0.04186175904637789 -4.572586731561752 -0.6633020482941994 -0.029064235817495114
0.5 -1 0.5 0.5 -1 0.5 0.5
0.9990248927044405 0.004743551233666989 -0.002269425628433564 -0.043836197210657644 -4.5964687431087885 -0.6315941150295077 -0.015276929357712932
0.5 -1 0.5 0.5 -1 0.5 0.5
0.9988841688730419 0.0035377585196324206 -0.0014379908107947572 -0.04707264196852828 -4.618777196031523 -0.5931581720405106 -0.0023288286885469996
0.8412510752677917 -1 914.7926635742188 2.8690497875213623 -1 1063.6708984375 3.2658393383026123
0.9988108760487749 0.003487419774688759 -0.0011146377286472874 -0.04861511465303759 -4.640247952142942 -0.5799581542774894 0.0018849118387490559
4.074045658111572 599516 1287.4383544921875 4.074045658111572 -1 892.2940673828125 4.958183288574219
0.9987873604495965 0.003993084329748064 -0.0012585514661167547 -0.0490538472687984 -4.666587340877311 -0.5801842282478444 -0.00022400739218798415
3.1756365299224854 -1 660.3611450195312 3.2173852920532227 -1 1287.2236328125 3.4175240993499756
0.9987441158797161 0.003936753038016182 -0.0015948899619255554 -0.04992143124121534 -4.689289915864732 -0.5715825737237392 -0.0028935108294713225
0.5 -1 0.5 0.5 -1 0.5 0.5
0.9986745416270121 0.003502772765335247 -0.0013425378561649664 -0.05133310901490893 -4.709936898119137 -0.558118917969221 0.0015212218917398912
0.5 -1 0.5 0.5 -1 0.5 0.5
0.9986623857835717 0.003521204437427815 -0.001505958811153504 -0.05156328566367533 -4.7312742967538925 -0.5602184334453431 0.000545060230228202
0.5 -1 0.5 0.5 -1 0.5 0.5
0.9986695967973823 0.004065599975067378 -0.0018372718762025063 -0.051372480584937895 -4.749842662227515 -0.5724536315758854 -0.0037776908462577646
3.4543025493621826 -1 835.3285522460938 3.973328113555908 -1 861.4168090820312 4.3165435791015625
0.9986840182096903 0.003935121200547049 -0.002047768070551361 -0.05109357336899822 -4.768128129150084 -0.5797333068981948 -0.006140137753305503
0.5 -1 0.5 0.5 -1 0.5 0.5
0.9986567830065014 0.0026829982435256474 -0.0024998348870222966 -0.05168347996283067 -4.786724432971636 -0.5693258671468083 -0.006651262709840585
0.5 -1 0.5 0.5 -1 0.5 0.5
0.9987767103165515 0.0010153425270560401 -0.0035790689269321564 -0.04930762896770083 -4.806276000169329 -0.5813139533287097 -0.012420266974814801
3.205951452255249 -1 597.5437622070312 3.9603586196899414 -1 367.5826721191406 4.81367301940918
0.9988037194251835 -3.4702814912288475e-05 -0.0033078395360823703 -0.04878716076733216 -4.821804335797493 -0.5827587239916795 -0.010995330297405223
4.155114650726318 -1 840.0587158203125 4.699429988861084 -1 1233.292724609375 5.423990249633789
0.9988843327320028 -0.0005336659244049958 -0.0030227186834361898 -0.04712396624843192 -4.832983049685426 -0.5987268656138622 -0.008493544895802752
0.5 -1 0.5 0.5 -1 0.5 0.5
0.9989406359437775 -0.0017252562832706564 -0.004089871094180528 -0.04580286350690012 -4.859392663258344 -0.5987619743489371 -0.01903139092994775
3.8474247455596924 -1 426.9309997558594 3.8474247455596924 -1 861.6622314453125 4.667649269104004
0.9990251442197786 -0.003973672065954106 -0.00466822036362717 -0.043717031756507665 -4.886612086420777 -0.5943214516815749 -0.01511891657853614
6.411165714263916 818784 1141.53173828125 9.566288948059082 645884 1108.5390625 10.387465476989746
0.9991077240800187 -0.005737878263262232 -0.006789903750820174 -0.04128837177385379 -4.9218078408047345 -0.5945894133851582 -0.0254391728200695
25.771804809570312 818784 1121.979736328125 29.91712760925293 645884 800.2102661132812 69.1550521850586
0.9991777615474237 -0.007035313318000839 -0.009106296960587084 -0.03887647812319493 -4.963618797467706 -0.6003686635075401 -0.041942107597641484
47.98012161254883 645998 1103.4814453125 197.51246643066406 616201 887.697265625 229.55140686035156
0.9991982892241195 -0.007077348618154573 -0.010663912991867891 -0.03793377001870461 -5.002541399461125 -0.6053921552211547 -0.05845745792563694
2.4701883792877197 -1 1107.4422607421875 2.51466965675354 -1 745.0925903320312 3.872462034225464
0.9991785992286466 -0.006637539210348535 -0.009937922457144423 -0.03872089376482308 -5.029261036204001 -0.6013491737236129 -0.05604759826249785
3.8366806507110596 -1 1004.5921020507812 5.513426780700684 -1 1004.5921020507812 5.513426780700684
0.9991399975166443 -0.006449507917177513 -0.00960753964377381 -0.039816634614940366 -5.064428547637673 -0.5931096530877474 -0.05930667880961568
84.716796875 718764 1062.3453369140625 192.1657257080078 616201 751.2960815429688 192.9975128173828
0.9991872765339394 -0.0058899946292534505 -0.011135013821598315 -0.03828976159692315 -5.103122624624035 -0.6101631166641222 -0.08027426965214426
3.478588581085205 -1 1119.827880859375 3.478588581085205 -1 707.9530029296875 18.57816505432129
0.9992280872821747 -0.005006890995257724 -0.011554794961328678 -0.037210849793706584 -5.128096651069684 -0.6249224069744697 -0.08796478635546398
3.354024887084961 615985 1203.4171142578125 4.566766738891602 615986 1185.4573974609375 4.942212104797363
0.9992374657310054 -0.004639829517001377 -0.012725633191651854 -0.0366199033505382 -5.150817034750513 -0.6305742693470718 -0.10425224319684027
2.390488862991333 -1 1362.44482421875 2.6113498210906982 -1 980.205078125 3.665400505065918
0.9992493663139859 -0.004218471238092153 -0.014672212078198939 -0.03560385673271267 -5.179223773284849 -0.64328740803111 -0.12977323132090093
3.7826550006866455 615986 1082.6236572265625 19.686269760131836 636159 1082.6236572265625 19.686269760131836
0.9992298575908918 -0.002664843650392786 -0.015802144528355853 -0.03581734964385351 -5.210656575127043 -0.6472658908179162 -0.14343645000459443
4.548534393310547 137794 1189.8944091796875 5.1403584480285645 -1 1162.48388671875 5.535633563995361
0.9992414662398693 -0.0026542718930431795 -0.01643008290994048 -0.03520652443917968 -5.238582124727481 -0.6489716191522664 -0.14612066668828705
9.156861305236816 -1 1320.0457763671875 8.800579071044922 629726 1061.9459228515625 9.335660934448242
0.9992123724861364 -0.00308485444446216 -0.01688419613347518 -0.0357776783009949 -5.261687479620783 -0.636114434392918 -0.15234873332576188
0.5 -1 0.5 0.5 -1 0.5 0.5
0.9992636207880569 -0.0023129186926360216 -0.01636351316277916 -0.03462805240892615 -5.271490666414786 -0.6512157192017839 -0.1486944298064757
3.5321199893951416 -1 1139.0443115234375 4.011408805847168 610529 864.1304321289062 4.582584381103516
0.9992733786948669 -0.002076731346244135 -0.016523910150652462 -0.03428355599983777 -5.290122949811857 -0.655083885742218 -0.1501978714477198
2.8561856746673584 -1 650.7244262695312 3.0827128887176514 -1 879.21435546875 3.260840892791748
0.9991989979399133 -0.0012260785705655657 -0.01654191021539393 -0.036417364726705606 -5.313467880828373 -0.6361711349319503 -0.15167937199034096
4.629646301269531 -1 940.1611328125 5.3921051025390625 718624 898.39599609375 7.570816993713379
0.9991487266513425 -0.0008546230036677045 -0.016763592768761854 -0.03768386402700182 -5.3387301341949565 -0.6307969110387809 -0.15277972027770093
3.1320388317108154 654215 1030.4483642578125 4.201331615447998 832550 1030.4483642578125 4.201331615447998
0.9991141633264721 -0.0008778352066656492 -0.017735467126686135 -0.03815194951233645 -5.3669435139328945 -0.6316984984351872 -0.1647563908170541
3.118973970413208 617366 884.99462890625 3.7302932739257812 -1 884.99462890625 3.7302932739257812
0.99910786491533 -0.002063089052574328 -0.017579423549031817 -0.038342949750579836 -5.3876060118287965 -0.6251971601308111 -0.16212644401895068
2.5153110027313232 -1 905.0755615234375 3.4051408767700195 718624 788.5087280273438 4.677781105041504
0.999079749474053 -0.004404116835135309 -0.01779749026220219 -0.03877508589459272 -5.410626249426523 -0.6055483956104113 -0.1596891153082834
7.15393590927124 618416 1106.08203125 7.15393590927124 615871 956.1424560546875 21.228261947631836
0.9991159277364676 -0.005536587195728384 -0.018260087167689586 -0.03746035720799087 -5.432854265947032 -0.6071845149868524 -0.16247703454597093
4.782669544219971 655295 827.0239868164062 6.066433429718018 625950 827.0239868164062 6.066433429718018
0.9992361193583016 -0.005416548674133956 -0.019173072535185163 -0.03361892413185637 -5.450445984696629 -0.6432917587003553 -0.17173998241105579
6.050869464874268 633487 1242.1363525390625 6.21091890335083 618898 1272.2135009765625 6.7527666091918945
0.9993204182023743 -0.004749772226313231 -0.019946894514547023 -0.030631076162218402 -5.4667341436228725 -0.6736294123207515 -0.18182716617220562
4.531386852264404 633487 473.29803466796875 5.291478633880615 -1 809.9783935546875 6.216605186462402
0.9993375134114456 -0.003740061611110099 -0.020257950180783864 -0.030002694583102323 -5.486284865545737 -0.678916763332841 -0.1851796670146909
6.940026760101318 655225 805.9365234375 6.940026760101318 625950 840.2731323242188 7.576081275939941
0.9993384332339214 -0.0027624162987977085 -0.021711381870678514 -0.029046184173298645 -5.506350773621594 -0.6919388283348185 -0.2023547625190302
10.303123474121094 634310 1025.24365234375 14.649415969848633 653385 815.5546875 18.609336853027344
0.999325360643765 -0.00045212539430789726 -0.02387766587308292 -0.027901186879602198 -5.527685919013534 -0.7177730659230458 -0.23084735274408405
3.698042154312134 -1 1305.8094482421875 4.0093841552734375 -1 1015.363525390625 5.864791393280029
0.9993789896045948 0.0013631920009583012 -0.0250227933871102 -0.024771690607904413 -5.535917103762961 -0.7613985950618056 -0.2510002570664775
3.184732675552368 654215 838.0831909179688 3.7268967628479004 718624 1208.8983154296875 3.6607842445373535
0.9994155348468187 0.0023447073193915598 -0.02439534767684458 -0.023831870806963477 -5.53271317555369 -0.7698379231460651 -0.2450258757123306
3.9263384342193604 -1 1169.9813232421875 4.766537189483643 655176 948.2466430664062 5.865677356719971
0.9994506910310446 0.0012989858964410272 -0.024009069079417415 -0.02280774945381917 -5.53039623786313 -0.7593542509917364 -0.23382195561970096
4.89447021484375 621451 931.4729614257812 8.721526145935059 -1 462.3637390136719 10.596125602722168
0.9994819649969032 -0.00020443897322262427 -0.023743539153148505 -0.021725657622228906 -5.53041324494613 -0.7467728949380641 -0.21939233250566792
2.651488780975342 -1 637.4235229492188 5.101394176483154 718648 906.9871826171875 5.8024091720581055
0.9995054878694982 -0.0011772787288022587 -0.024313013261699955 -0.019906559715012755 -5.5371471104929055 -0.7484187893210896 -0.21415718352102472
3.28263258934021 -1 1206.229736328125 3.28263258934021 -1 666.5096435546875 4.044371128082275
0.9995223601316968 -0.002082656764494528 -0.023707869201373605 -0.019714235351505672 -5.536976856078275 -0.7411991532574577 -0.20428286256158226
3.768780469894409 -1 1193.21142578125 6.389810085296631 -1 1162.2886962890625 7.503950119018555
0.9995581742729309 -0.0009354303535493535 -0.02318573647646634 -0.01857425202431433 -5.530387023894434 -0.758628539564726 -0.20727628803228873
2.1266684532165527 -1 647.4232788085938 4.437891960144043 -1 796.9191284179688 6.243168830871582
0.9995927784559013 0.001425786816813399 -0.023168868975333674 -0.016596623185704908 -5.522624152741285 -0.7851433839341783 -0.21956431106020347
4.966946601867676 618759 322.780517578125 11.215848922729492 123144 985.369384765625 12.701729774475098
0.999657881294717 0.0033028673975265704 -0.020928690030412186 -0.015336276142623029 -5.499160803788852 -0.793662884923174 -0.20300330221095517
12.652017593383789 -1 975.2501831054688 19.074935913085938 632486 484.35986328125 23.352615356445312
0.9997143229086963 0.0032307984341415257 -0.01867282699943842 -0.014565714693543582 -5.477844321020922 -0.7746826657644007 -0.18122459008821928
4.52515983581543 -1 658.8549194335938 4.296130657196045 -1 133.89344787597656 8.324152946472168
0.9997501176119394 0.002269472202988199 -0.018508881921572337 -0.012327737864121937 -5.460827394706297 -0.7554559044733196 -0.17733734659538897
2.868499755859375 -1 1041.48046875 2.868499755859375 -1 684.6345825195312 10.761526107788086
0.9997864648767855 0.00230790724367658 -0.018147520854976344 -0.009610707578163843 -5.441292095103112 -0.7567897471658672 -0.17089255108575221
3.677420139312744 -1 696.3540649414062 4.046146392822266 -1 1147.9478759765625 7.992074489593506
0.9998093665159344 0.0023885638670952084 -0.01807546614085865 -0.006985908205048922 -5.421308214799319 -0.7577552450186099 -0.17003812144281444
11.78874683380127 644747 936.4158935546875 11.997397422790527 643620 936.4158935546875 11.997397422790527
0.9997930948760922 0.0014315963771647053 -0.019621689097304634 -0.005167909332302563 -5.413157907754964 -0.7438533014122247 -0.1872351853745487
4.075865268707275 -1 413.3743896484375 4.2751593589782715 -1 413.3743896484375 4.2751593589782715
0.9997909212294689 0.0019470581269557105 -0.019850586936787592 -0.00450299789531733 -5.402860795821531 -0.7323564253719045 -0.1949756871695559
3.645794630050659 -1 774.1314086914062 3.3787262439727783 -1 412.09637451171875 4.69655704498291
0.9998058418808369 0.002789978944548052 -0.019245297004365475 -0.003180110321049033 -5.388295356238867 -0.7256273365127435 -0.19397675353140068
3.802082061767578 -1 1002.3820190429688 11.11270523071289 632132 1002.3820190429688 11.11270523071289
0.9997958330475297 0.002886159225830456 -0.019966396143049653 0.0011425107343299716 -5.366009663664235 -0.7373549060936617 -0.20037882098223328
31.523914337158203 -1 146.21568298339844 50.75111770629883 -1 723.7168579101562 77.8378677368164
0.9997662319996452 0.001727832456261652 -0.021247732210867662 0.003609684768784418 -5.350174864179837 -0.7186680268948601 -0.2113899593928405
55.576114654541016 -1 766.5250244140625 60.58704376220703 -1 1003.13037109375 66.32986450195312
0.9997501723268273 0.0003309617710720587 -0.021695560899126543 0.0053652617883567545 -5.3387246419075876 -0.6902792035328726 -0.21369305375377948
2.597747325897217 -1 410.8912353515625 10.374099731445312 -1 452.1691589355469 42.71125411987305
0.9997628849110345 0.0008697235865174432 -0.021053166288157208 0.005493789629377327 -5.3264890704320536 -0.659515024538614 -0.21005746627718744
3.7999632358551025 -1 1254.285400390625 3.8266963958740234 -1 1254.285400390625 3.8266963958740234
0.9997587574888698 0.002170781535758178 -0.021280773480769424 0.004984296529659547 -5.323646037413675 -0.6371053138930318 -0.22340433608063234
3.924952745437622 -1 1257.9468994140625 3.924952745437622 -1 1340.353271484375 5.426362037658691
0.9997483977634546 0.003261532667205128 -0.021731229102924778 0.004500806121412812 -5.325429178133268 -0.6179789883702572 -0.23934222092740765
2.959023952484131 -1 1259.4599609375 3.0001509189605713 -1 1259.4599609375 3.0001509189605713
0.9997640480401736 0.003760138480857895 -0.02086436889170887 0.004731565880419352 -5.314879981076292 -0.6020156272890431 -0.23769387072636847
6.94735860824585 659882 466.67529296875 9.345352172851562 626310 1039.0914306640625 12.730379104614258
0.9997793349871323 0.0032006491692117465 -0.020092213220960373 0.005228780495148873 -5.293178220668993 -0.5773930562198604 -0.23290514662684467
44.668304443359375 -1 787.99365234375 138.18209838867188 637381 720.1661376953125 150.01121520996094
0.9997794973936882 0.0017402279664395937 -0.019876603152999144 0.006545902913062012 -5.265931177169789 -0.5550709831702056 -0.229144331119107
76.85501861572266 -1 1076.314453125 76.8818588256836 -1 804.3218383789062 130.0686798095703
0.9997646033070716 0.00041256139766620594 -0.019820867291514645 0.008814816342907275 -5.244939873471583 -0.5424414024091728 -0.2267519127707594
28.416629791259766 98020 581.4655151367188 29.454050064086914 -1 960.2374877929688 33.33273696899414
0.999737782521227 0.000264120523268193 -0.020413472186855918 0.01037239572930723 -5.24036902616538 -0.526464508104666 -0.23275538808613636
2.7095909118652344 -1 1025.7457275390625 6.772790431976318 638980 1025.7457275390625 6.772790431976318
0.9996741169402733 0.000525439751205032 -0.022235336345270796 0.012528912577131329 -5.24995731855196 -0.5209484356844182 -0.251775682648576
3.383984327316284 -1 735.814697265625 7.614132881164551 639066 968.5007934570312 11.70914363861084
0.999646664294414 9.44076583362473e-05 -0.022946437211237094 0.013416358356733882 -5.255227622835542 -0.500913131079252 -0.259542389393758
2.195422410964966 -1 669.3079223632812 3.1887683868408203 -1 971.8836669921875 8.203086853027344
0.9996576835565735 -0.00044169030881487456 -0.02184835141754622 0.014386457392705212 -5.2424593186282396 -0.4825547419719449 -0.24949481952806418
18.349872589111328 816082 835.4492797851562 27.516721725463867 638283 648.0147705078125 47.963096618652344
0.9996322133900877 5.324225988637114e-05 -0.02129891057385794 0.016786647266884832 -5.228034631975977 -0.4794784083527794 -0.24197945397765425
11.675836563110352 628793 753.7775268554688 11.876280784606934 -1 763.5330200195312 12.317702293395996
0.9995079145360192 -0.001085966448719326 -0.023306967636087923 0.02096508326576417 -5.225069658199008 -0.4798151439366646 -0.2579471857490942
3.9443209171295166 -1 768.2825927734375 10.345433235168457 -1 772.9209594726562 14.1249361038208
0.9994464220439305 -0.00167316574929403 -0.024061764619700027 0.02291465608179761 -5.2233479339254965 -0.4651324777864068 -0.26025840545014417
2.4892239570617676 -1 841.4177856445312 4.5618438720703125 -1 841.4177856445312 4.5618438720703125
0.9993957321379331 -0.0015616048143091558 -0.023890039242993703 0.025199166650047088 -5.2157263939462375 -0.4635614132192184 -0.252435500664579
9.129297256469727 629083 817.9049682617188 10.862735748291016 93798 853.4752197265625 12.1488037109375
0.9993572548787552 -0.0007026628690859171 -0.023375683140790002 0.027169115255977285 -5.203284912720786 -0.46531264206377937 -0.2508833018636525
3.1360220909118652 -1 765.06005859375 3.2104339599609375 -1 757.8658447265625 4.07395076751709
0.9992857526312681 1.8931142334559512e-05 -0.023266534728455676 0.029776712234591062 -5.188701180257848 -0.47597334585933054 -0.25085192351337054
5.011969566345215 -1 464.9285888671875 5.527763843536377 626045 476.0713806152344 5.78363037109375
0.99923678700585 5.1994025952398214e-05 -0.024015521710301312 0.030807393720159428 -5.186768538502982 -0.46619551868217546 -0.2642002199881442
3.4174559116363525 -1 791.1715087890625 3.2302255630493164 -1 825.6651611328125 3.536616802215576
0.9991954242358044 0.00012131856765684238 -0.023587065163294108 0.03243670490383774 -5.1793943850431985 -0.4609847749355621 -0.263618915546464
5.749741554260254 -1 458.2759094238281 6.165439605712891 667202 796.0899047851562 10.57028579711914
0.9991685022082054 0.00029663627114300814 -0.023384907059204863 0.033397040643842635 -5.175522349908013 -0.4509764630309816 -0.26620272339225753
4.249583721160889 -1 1112.8760986328125 4.120050430297852 -1 594.7421264648438 4.753368377685547
0.9991614158396032 0.0006905945052881271 -0.023114510099718384 0.03378916393578163 -5.171888422898356 -0.4334122803885226 -0.270251979174954
3.7225399017333984 -1 538.0619506835938 3.95328950881958 -1 840.0745849609375 6.55077600479126
0.9991399032004209 0.001748097716255202 -0.022039355496456272 0.0350808323209242 -5.161221210864042 -0.431440824483432 -0.26758264526558523
2.9866912364959717 -1 846.9743041992188 7.405092716217041 92030 758.4066772460938 11.521202087402344
0.9991654539549262 0.0025550347700803045 -0.020708455051867348 0.035114488601357394 -5.147570793167868 -0.4137428516280493 -0.26151746957398714
2.679605722427368 -1 816.9337768554688 7.573610305786133 661351 873.7073364257812 11.227879524230957
0.9992163743612824 0.0019864999195143766 -0.01893763511816412 0.03469952452836394 -5.132236055711644 -0.38697305764448603 -0.24870324629471466
2.6061010360717773 -1 873.220703125 3.313232183456421 -1 778.77294921875 5.598083019256592
0.9991882030040131 0.001595062491419551 -0.018796029667739907 0.03559634843617052 -5.128735228229462 -0.37801836954116097 -0.25137080616872637
8.96418571472168 94654 1022.8883666992188 9.18917179107666 628775 994.5811767578125 10.643939018249512
0.9991235362672857 0.0019874517700543166 -0.02052730201390154 0.036425803824288325 -5.136525154432048 -0.3733267748747648 -0.2705113074306879
2.2626097202301025 -1 875.164306640625 2.2626097202301025 -1 888.9935302734375 5.077428340911865
0.9990879773235193 0.00224181412612717 -0.02151451195740766 0.03681458423312257 -5.144038903459195 -0.3629749371660377 -0.27364849316636314
4.022997856140137 -1 849.41650390625 5.378241062164307 -1 777.322021484375 6.0619916915893555
0.9990761121026647 0.0010763027291040247 -0.022660968014767146 0.03649992228612172 -5.155722977501603 -0.33786891221301846 -0.2836990885714754
2.475382089614868 -1 968.01513671875 3.636443853378296 -1 768.1075439453125 15.76375675201416
0.9991723508956737 -3.118625373883422e-05 -0.02207457958397181 0.03416614068374249 -5.15414278259736 -0.29541369682682 -0.27882073514961053
0.5 -1 0.5 0.5 -1 0.5 0.5
0.9991945581712182 -0.0006758976606758577 -0.022022891413331646 0.03353759587646456 -5.151579258619951 -0.27023334036664054 -0.28096742160684496
1.9454092979431152 682643 761.9202880859375 1.9454092979431152 -1 893.1356811523438 2.8051133155822754
0.9991135352308997 -0.0001733494538692382 -0.023425729477122174 0.034976404429919165 -5.151933777234534 -0.2673088468859215 -0.2958839981186275
1.7176254987716675 -1 802.6337890625 5.0488739013671875 629074 802.6337890625 5.0488739013671875
0.9990839522712889 0.0009265257145058 -0.024113033569620128 0.035340620766358945 -5.146546151787605 -0.25250706502252757 -0.30599919598379716
3.825493335723877 -1 489.5299072265625 4.518735885620117 -1 963.0194702148438 4.53359317779541
0.9990726932065805 0.0009520818106738847 -0.022266930644169833 0.03683790206924939 -5.114769003124927 -0.23669764833563253 -0.29728785323183887
45.094791412353516 137627 812.3677368164062 46.90717697143555 -1 788.6212768554688 58.200286865234375
0.9990579794691564 0.0013067429262253686 -0.02266620086637353 0.036982285221665766 -5.102199951718685 -0.22362126945789182 -0.3131107412435257
3.3226425647735596 -1 1021.381103515625 3.6445610523223877 -1 377.90533447265625 4.770354747772217
0.998936487356034 0.001821904372286417 -0.024114352813748567 0.039256501138286756 -5.0984502718225775 -0.23077892226436061 -0.33130929349537885
4.076265335083008 -1 1017.4072875976562 4.687401294708252 -1 1012.5966796875 4.695247173309326
0.998969152578506 0.0013280369978940065 -0.023115122230560222 0.03904560972222402 -5.083068319311606 -0.21147627352384032 -0.32050407360801253
4.946235179901123 -1 1042.6944580078125 9.562849998474121 660841 933.75537109375 14.393383979797363
0.9990570506139167 -0.00013723145924752456 -0.021481820496716836 0.03772959281910413 -5.072127115578058 -0.16942902639247925 -0.3108438799461338
3.6038641929626465 -1 955.5986938476562 13.361412048339844 632596 952.464111328125 15.865384101867676
0.9991012268827238 0.00022211190175277346 -0.020682735160460732 0.036998832062937685 -5.0709711355933464 -0.1417732967967652 -0.30867719054792914
3.792597532272339 -1 1011.5486450195312 3.8568692207336426 -1 935.302490234375 5.115494251251221
0.9990516500173535 0.0014734756398789252 -0.021585279126646803 0.03778498633276114 -5.075576553067523 -0.1296689318572385 -0.31842275020130195
3.472357988357544 -1 366.0207824707031 4.1201629638671875 -1 1015.1506958007812 3.95060658454895
0.9989826424557997 0.0014102878953397885 -0.02194899397519858 0.03936918621913308 -5.069085567517827 -0.12156661198785544 -0.3205531860020623
3.2096855640411377 -1 420.1628723144531 3.2096855640411377 -1 983.0676879882812 2.737251043319702
0.9989669991764535 0.0011269956587076431 -0.022959048695231094 0.03919880763731054 -5.0625334587276605 -0.0960080411152931 -0.3284842971819534
3.750180959701538 -1 1100.7554931640625 3.8725056648254395 -1 1100.7554931640625 3.8725056648254395
0.9989258796377121 0.0011154339661140612 -0.024572782229876678 0.03926857739431753 -5.065970792918586 -0.07015119703877157 -0.33103558200829536
2.6108083724975586 -1 1203.3096923828125 3.028218984603882 -1 482.4574279785156 10.203737258911133
0.9988899261557724 0.0010881009206327329 -0.0257128334480947 0.03945353795254 -5.069563958045746 -0.05046326945071063 -0.32594200080152586
0.5 -1 0.5 0.5 -1 0.5 0.5
0.9988301249365334 0.00017901340550832055 -0.027181735984496247 0.03999378329614114 -5.067793471615089 -0.04098978195630047 -0.33133553594389054
2.8673441410064697 -1 1147.288330078125 3.189288377761841 -1 508.4881286621094 4.325411796569824
0.9988200425250562 0.002094016017141006 -0.02767711515786245 0.03985116113369166 -5.049360399999524 -0.055629172869235376 -0.3356274514712822
33.307098388671875 -1 987.6691284179688 76.11405181884766 -1 963.1307983398438 92.89192962646484
0.9988488149901891 0.0059735077753626025 -0.026207743381999587 0.03973054472790365 -5.016966596122704 -0.08566965648212621 -0.32802004538279245
22.590532302856445 -1 999.4603271484375 24.527694702148438 -1 973.68994140625 24.844629287719727
0.9988578541088186 0.007385024416923274 -0.025939147445008668 0.039441213588247113 -4.990565275729654 -0.10609198989029009 -0.3318990155478439
4.947673797607422 821407 529.40478515625 11.05485725402832 -1 834.9837036132812 12.514594078063965
0.9987905193804758 0.009990898667388231 -0.026815095414437776 0.03998288380559854 -4.975066873496633 -0.1460299604431578 -0.34441070508886895
3.3034491539001465 -1 1005.1033325195312 19.604175567626953 -1 1008.0348510742188 19.697980880737305
0.9987804224709212 0.012725546903928502 -0.026380331383228955 0.039746776736169616 -4.961497242788403 -0.17103372250352122 -0.3394444127162938
0.5 -1 0.5 0.5 -1 0.5 0.5
0.9987922509816896 0.013566088571214956 -0.026614899838114024 0.03900830330089994 -4.959406335076698 -0.17763275611442988 -0.34077496635502225
5.079697132110596 -1 434.1114501953125 5.079697132110596 628753 993.0043334960938 5.163665294647217
0.9986609233676441 0.014299033831154741 -0.029302525436634703 0.0401654051767853 -4.966974550694576 -0.20222991948879815 -0.3773766927808689
2.857222080230713 -1 948.1615600585938 5.7209696769714355 632435 849.5643310546875 13.433575630187988
0.9984928204330482 0.016105898880402356 -0.030090010374136382 0.04297998185894533 -4.945889875895229 -0.2558750753496306 -0.3951596711123029
69.55093383789062 -1 889.620849609375 69.55093383789062 -1 1526.42529296875 84.45014953613281
0.9986539218373288 0.017356950900126053 -0.026559285889616754 0.04103273068425729 -4.897222229471523 -0.25322404459281084 -0.36841761499898135
128.09539794921875 -1 915.8704223632812 128.09539794921875 -1 915.9525146484375 148.59130859375
0.9988745683671584 0.016512276891923004 -0.022524181452464254 0.038335396581539574 -4.850363286513613 -0.21954308993250465 -0.3316236271586902
37.03702926635742 -1 935.046630859375 210.1648712158203 659878 893.5700073242188 232.2467803955078
0.9989360685592922 0.015334122998185139 -0.02172160234366057 0.03767980353990229 -4.818813049763374 -0.19686103322971749 -0.3201358525817088
4.660857200622559 128351 917.28662109375 4.660857200622559 193260 673.0960083007812 15.283020973205566
0.998901710113038 0.015800464899877444 -0.021345891724269553 0.03860144749477325 -4.7866800174211726 -0.2007802440768791 -0.3174446514988436
39.05772018432617 -1 963.5419311523438 98.13247680664062 -1 951.6724243164062 115.49053955078125
0.9989606365826884 0.01745557572819892 -0.01996713986097504 0.03707105016153881 -4.7520731749004845 -0.1922731469929558 -0.3073562679710723
4.502504348754883 -1 828.222412109375 4.717708587646484 -1 828.222412109375 4.717708587646484
0.998911461257383 0.018582558234621797 -0.020912640267513515 0.03732616475260286 -4.7383867383806715 -0.19746618025666185 -0.3177942800615964
3.6395249366760254 -1 429.64520263671875 4.21730899810791 -1 1200.8736572265625 4.852002143859863
0.9987776794632355 0.01952591352006106 -0.023200674883397398 0.03903350345788114 -4.736889248169269 -0.21195647684385782 -0.3351815306563749
0.8908395767211914 -1 619.3536987304688 2.7721941471099854 -1 1239.5235595703125 2.8250319957733154
0.998725271679547 0.019138934279243916 -0.024708299862042298 0.039636256397357836 -4.730644603423522 -0.20757545797760193 -0.34352903965676507
2.207120180130005 -1 954.8988037109375 2.3355937004089355 128351 1217.968017578125 3.6146767139434814
0.9988933593071034 0.01705966097762452 -0.0224957924008984 0.037616007546710205 -4.708255445571837 -0.17124496236700176 -0.3214787868651217
69.53553771972656 126559 910.072265625 181.5652313232422 -1 840.8618774414062 218.33609008789062
0.9989571900567886 0.016371975107580324 -0.020587301511843265 0.037318278113847796 -4.681224185589982 -0.15592482225963683 -0.3071692725793027
3.9426183700561523 -1 980.4747924804688 3.985699415206909 -1 1220.697509765625 4.528890609741211
0.9989394348895893 0.017313312064588707 -0.01999130265915153 0.037690880406438546 -4.659894237599837 -0.1569556204791518 -0.30595448899431754
0.5 -1 0.5 0.5 -1 0.5 0.5
0.9988975592016173 0.018967710461646064 -0.020133885554456395 0.037927810817059864 -4.638804890956819 -0.16184452839307237 -0.311618755132819
3.672642707824707 -1 1088.1295166015625 4.029472351074219 654197 1379.311767578125 9.034065246582031
0.9989405041802087 0.019729223357813068 -0.01949554955681017 0.03672261430461949 -4.610621582095279 -0.14828785290083854 -0.3096243197645263
9.503077507019043 -1 546.0505981445312 31.48316764831543 -1 1031.146728515625 32.662933349609375
0.999049620129462 0.019245718634450782 -0.017885293519467993 0.03477894634896392 -4.574949108823348 -0.12313860890331392 -0.294978693064621
39.01462173461914 -1 1225.54443359375 135.02732849121094 -1 752.6026000976562 160.1954345703125
0.9990894936718395 0.01927369854841774 -0.016948482656816564 0.034080157195111975 -4.543181852382904 -0.1153580886094101 -0.2868308937057773
3.5967297554016113 131207 571.9912719726562 3.930346727371216 633457 1164.2965087890625 4.047171115875244
0.9990413106118838 0.020374396641956626 -0.01737668192803775 0.034632276528373 -4.518467884534372 -0.1274946579234129 -0.29055582302524974
3.1126911640167236 -1 1061.6802978515625 3.9695332050323486 193260 1368.325927734375 8.449418067932129
0.9989274747710866 0.021265330460823982 -0.018375419727971413 0.03679714415105237 -4.4940144532342305 -0.15098160802095406 -0.2964024296898945
3.1213035583496094 -1 1189.7515869140625 4.142560005187988 -1 270.9545593261719 4.695418834686279
0.99887538216047 0.02126499915389484 -0.01944272888430834 0.037653034649167874 -4.471558293815745 -0.1593994999725434 -0.30398122956055496
3.0128047466278076 679619 1082.417724609375 3.588866710662842 193260 1385.0279541015625 4.296785831451416
0.9988877514216222 0.020724284040445774 -0.01934906252151675 0.03767463192129435 -4.437394617668925 -0.16127636795065603 -0.3033206359295234
0.5 -1 0.5 0.5 -1 0.5 0.5
0.998945691607811 0.02078498179629734 -0.019270490273809143 0.03611285026866411 -4.410068227223406 -0.15260340928963012 -0.29816146711962455
2.83038330078125 -1 1109.4456787109375 3.337797164916992 128351 1109.4456787109375 3.337797164916992
0.9989010933992885 0.02095337570804777 -0.01950845203706062 0.03710770743741864 -4.374262084666192 -0.162641762433026 -0.29380105770682075
2.7812154293060303 -1 1009.8848266601562 2.7812154293060303 -1 1412.6365966796875 3.67775297164917
0.9989237674618066 0.020128121397680353 -0.020101132532533064 0.0366348195003107 -4.3395881940038 -0.15306723827129246 -0.29725920647686277
24.486648559570312 631874 1179.436767578125 30.701887130737305 653241 1140.3154296875 38.95771789550781
0.9988835357800371 0.01931642062016434 -0.01973537211711618 0.038328487178538484 -4.305815728695272 -0.16095629798548255 -0.29470793215196195
1.4776992797851562 131447 197.267578125 4.859546661376953 -1 1168.050537109375 5.145087242126465
0.9988123356483021 0.019917472159162806 -0.020417857492700735 0.03950093106472724 -4.287194425394997 -0.17211360753129412 -0.3000264641607721
0.5 -1 0.5 0.5 -1 0.5 0.5
0.9986826335697584 0.020584524764237652 -0.02175633299840707 0.04166457393115523 -4.273784493031574 -0.19350608379236334 -0.31178169483070656
0.5 -1 0.5 0.5 -1 0.5 0.5
0.9985496276026848 0.02086138700706448 -0.02335780627545599 0.04379334004936287 -4.260310758490373 -0.2161281065247271 -0.3241831306067053
3.305138111114502 97989 715.7886962890625 3.305138111114502 99570 1215.32373046875 4.45802116394043
0.9984821338385507 0.020989534513502793 -0.0242309147365671 0.04478538396787849 -4.243495906904767 -0.23001003454607166 -0.32631540986417057
0.5 -1 0.5 0.5 -1 0.5 0.5
0.9984542794556241 0.020842576898382367 -0.02438504043285229 0.04538731792112822 -4.214232727779078 -0.23888946967194027 -0.3218041513218536
47.872337341308594 123047 1199.492431640625 59.71083068847656 97127 1193.3240966796875 61.050472259521484
0.9984934283507504 0.020649699036600917 -0.023352572450122726 0.04515662553850028 -4.168071531534541 -0.24332151038791794 -0.31365019268370387
42.778255462646484 -1 1203.534912109375 107.8931655883789 -1 1299.1575927734375 124.21321105957031
0.9985613845131711 0.020639200252944596 -0.021628035858231344 0.04451306366644279 -4.116103132693336 -0.24275043106275127 -0.29870753939134426
39.54182434082031 -1 1330.13427734375 115.47040557861328 -1 1330.13427734375 115.47040557861328
0.9986014371810115 0.020034205417806823 -0.020303013661975677 0.044515030153166324 -4.075307827579756 -0.23948043560830817 -0.2833666314970394
3.436440944671631 663074 287.5366516113281 10.188122749328613 101641 287.5366516113281 10.188122749328613
0.9986025692092217 0.018974944359630874 -0.020261437807289413 0.04497037239418881 -4.047113036610509 -0.23559754730240434 -0.27837365422615973
4.325937747955322 -1 1131.392333984375 5.0473127365112305 -1 1131.392333984375 5.0473127365112305
0.9985620923369173 0.018038570434619774 -0.02089212974617455 0.04595515900377441 -4.0288316954715135 -0.24174908084946534 -0.2824950244399028
0.5 -1 0.5 0.5 -1 0.5 0.5
0.9985053957781737 0.018257728956570563 -0.02239953660538865 0.04638847588663951 -4.019985127108419 -0.25120349164659944 -0.29640179980772857
0.6955236196517944 -1 838.0790405273438 4.556727886199951 -1 1487.87890625 5.385988235473633
0.9984959610498622 0.019149828630234064 -0.023001539362261954 0.045935052166195166 -4.01112472433908 -0.2587987557906297 -0.30380315034673705
4.293539047241211 97989 837.4530029296875 4.293539047241211 99570 1131.217529296875 4.448841571807861
0.9985007835776446 0.019270473211614212 -0.02284532207557941 0.045857663659341415 -3.9965217538757676 -0.2642477516809299 -0.3028897735462172
0.5 -1 0.5 0.5 -1 0.5 0.5
0.9985557229164116 0.018263304906458597 -0.022832296828718218 0.04507334185859478 -3.9712704781377175 -0.261246454233443 -0.301388952237326
0.5 -1 0.5 0.5 -1 0.5 0.5
0.998523717694259 0.01824453061379334 -0.022463832698518576 0.045966275955435044 -3.9376668599984463 -0.27435015403775515 -0.2942986694957572
4.770113945007324 87559 881.4559326171875 9.25984001159668 95080 198.6736602783203 10.475208282470703
0.9985050982475704 0.01774586486485436 -0.0224174732984033 0.04658443886882761 -3.907047243219485 -0.27897347778195664 -0.2904316901523437
0.5 -1 0.5 0.5 -1 0.5 0.5
0.9984959858365728 0.016882942322444954 -0.023039238957411588 0.046796645126022156 -3.884586782655362 -0.2806313729435524 -0.2964314461001162
3.7039341926574707 95622 254.35145568847656 4.0273027420043945 -1 897.0924682617188 4.954309463500977
0.9984516225184397 0.01743278345006813 -0.02448392999050293 0.046808041229028347 -3.866819916423539 -0.2915510563440698 -0.3067244525440447
0.5 -1 0.5 0.5 -1 0.5 0.5
0.9983781215108615 0.01917819277842273 -0.025085214456417346 0.04737146214624004 -3.8427785866621336 -0.31180575078583045 -0.30672717430039
4.420106410980225 78811 1172.925537109375 4.5229315757751465 -1 1187.3675537109375 4.510516166687012
0.9984275860643479 0.018966756555845253 -0.024240303493280983 0.04685109623076264 -3.813421017327603 -0.31285775106301766 -0.29443329136525576
5.0539445877075195 193260 177.76873779296875 5.541818141937256 96082 95.15034484863281 7.558247089385986
0.9985379193080118 0.01682066205814321 -0.022856144524441086 0.04600745254228129 -3.7794448508721086 -0.30148913669703403 -0.27575733306363187
4.79448938369751 -1 1087.9266357421875 6.83450174331665 -1 243.8272247314453 9.100289344787598
0.9986028924391255 0.015821558641322973 -0.021691490767108648 0.045512863266027506 -3.7523800160077583 -0.29862123216685654 -0.2583265225578397
0.5 -1 0.5 0.5 -1 0.5 0.5
0.9986028939046178 0.015714040716616914 -0.021622860447347056 0.045582684385126755 -3.738026974302435 -0.3059144966482742 -0.24992091442175543
3.3190832138061523 635454 431.9475402832031 4.698090553283691 94832 609.5390014648438 5.118558406829834
0.9986112497280941 0.01554988784883908 -0.022397063396475025 0.045079312945040736 -3.7349361465204307 -0.3091768576600742 -0.24968271813887036
4.651280879974365 -1 1517.26513671875 4.057603359222412 97696 278.9926452636719 5.286341667175293
0.9986814073766804 0.015147247003379778 -0.02282502130814226 0.04341688462608024 -3.729105910811154 -0.30807021684408215 -0.25205623315693737
0.5 -1 0.5 0.5 -1 0.5 0.5
0.9987403274406044 0.015538229753277616 -0.02336646460811606 0.04159723658713937 -3.718353611262635 -0.31264911916342114 -0.2568189008538601
3.3507652282714844 -1 299.41729736328125 3.3507652282714844 -1 1282.319580078125 3.389357328414917
0.9987269574686598 0.016290435525009316 -0.024237311802139595 0.04112953746889828 -3.7067503361145127 -0.3248966890783161 -0.2625288995407202
3.9079530239105225 93159 216.11219787597656 3.7693119049072266 -1 714.6854858398438 4.087587833404541
0.9986476169788571 0.01636315609623401 -0.026385462948539412 0.041701217848065165 -3.6980708220918315 -0.3359629229374735 -0.27338119090491214
3.780392646789551 83079 1278.5224609375 5.027103424072266 97705 196.27757263183594 5.049584865570068
0.9985398304935401 0.01567064954363587 -0.02817728373186774 0.043343723216938135 -3.6786694753217297 -0.34680886946735656 -0.2829449856886608
0.5 -1 0.5 0.5 -1 0.5 0.5
0.9985415348465007 0.014620580943012843 -0.028481105953698384 0.04347261670221576 -3.6463142709398313 -0.34509390827078773 -0.28189437342585866
3.1698861122131348 93159 182.33804321289062 3.1698861122131348 96189 384.3525390625 4.491955280303955
0.9985296613711331 0.014115354069028984 -0.028102699353964766 0.044153260701525185 -3.607340765019458 -0.35460441609923793 -0.27720484960150793
2.913027048110962 93159 205.3375244140625 2.913027048110962 96189 382.9516296386719 10.817541122436523
0.9984799512371353 0.013652213953802943 -0.028713681460103186 0.04502142299678254 -3.578598464451103 -0.36213706989450245 -0.276816443842772
3.9506418704986572 95080 324.3707275390625 4.604085922241211 -1 324.3707275390625 4.604085922241211
0.9985523644253029 0.011765296875146885 -0.029618272206721374 0.043330257806355806 -3.5624949358909337 -0.33858389798408733 -0.2734307616963079
0.5 -1 0.5 0.5 -1 0.5 0.5
0.9986333291875907 0.009840935812048961 -0.02969881547054795 0.0418641872929448 -3.545035423710287 -0.3185708916749443 -0.26890307182269424
0.5 -1 0.5 0.5 -1 0.5 0.5
0.9987576986867288 0.009492505401999226 -0.02916959166015722 0.03926941020135506 -3.5172282444419523 -0.3027859884475452 -0.26661966023496086
4.288578510284424 -1 1358.80029296875 4.698241233825684 668180 725.3548583984375 6.289865016937256
0.9988104496000529 0.01083593186520597 -0.027948698017809612 0.038459571363471126 -3.4721937898736708 -0.3082378117725897 -0.2591847776665503
3.734687089920044 -1 744.1944580078125 4.439829349517822 -1 907.7135009765625 4.776186943054199
0.9987872158902734 0.011536601975642682 -0.028612425329009164 0.03837099563216863 -3.439866177637384 -0.31370696491518224 -0.2627768700261881
3.659571647644043 -1 402.3414611816406 4.79730224609375 -1 535.084716796875 4.216884136199951
0.9987291642925062 0.011397158198452764 -0.029661856840416296 0.039119501854833975 -3.3999598139016265 -0.32329962739714374 -0.26822872958514515
4.830850124359131 -1 624.7550048828125 5.384429931640625 88754 1196.613037109375 7.33933162689209
0.9986780547656963 0.011458061353390326 -0.030086629760107203 0.04007056861469879 -3.3593538424812603 -0.3318503805796763 -0.26251445036948085
7.475591659545898 88754 1210.030029296875 10.344555854797363 83940 504.9596252441406 11.350202560424805
0.9986387116831279 0.010972086785982473 -0.031076550332143134 0.0404299994914336 -3.3219361412019923 -0.33034633153854814 -0.2557818381557318
0.5 -1 0.5 0.5 -1 0.5 0.5
0.9986646496801103 0.009437550301065393 -0.03189069512006489 0.03953269138797286 -3.284060991001861 -0.3141760573422312 -0.24977934329124113
4.236403465270996 -1 706.8304443359375 4.305765628814697 -1 1193.587890625 4.796060085296631
0.9987240603773011 0.008634453006937094 -0.032033152643309304 0.03807327903502087 -3.2473199220567333 -0.30228125335949174 -0.24550658211536722
3.647383213043213 81938 693.9498901367188 4.027749061584473 -1 784.4981689453125 4.683799743652344
0.9987032226020837 0.009141857683915598 -0.032769004124027584 0.037874687734946184 -3.214637717544783 -0.30926473887783795 -0.24867708813804063
4.304164886474609 -1 604.6812133789062 4.533984184265137 -1 1217.3717041015625 4.523679733276367
0.9986655190085785 0.010390088058039215 -0.033068342253965106 0.03828461772105694 -3.1761495576196537 -0.3217632329574735 -0.2507830807083576
0.5 -1 0.5 0.5 -1 0.5 0.5
0.9987424688114116 0.010402128949275884 -0.032995865979251214 0.036284287702650776 -3.135324970704244 -0.31250359870580313 -0.24937139275440362
3.1091012954711914 -1 600.76953125 3.1091012954711914 -1 596.1112060546875 4.343696117401123
0.9987532355327504 0.010088923271031135 -0.033021294565071725 0.03605249291436497 -3.1006776209382605 -0.31415777037714027 -0.24775343197509783
5.727891445159912 668180 344.6455993652344 8.052279472351074 82016 356.3284912109375 7.052465915679932
0.9987073450851844 0.010776141949190294 -0.033882141617508195 0.03632511688906812 -3.067417316394695 -0.32438436997913844 -0.25140190108799504
3.558640241622925 83485 542.6774291992188 3.641709327697754 101599 774.5223999023438 4.751334190368652
0.9986499743519537 0.01116123425147137 -0.034660114943142625 0.03704499978342738 -3.028867566763158 -0.33201209997336056 -0.24949903476571575
1.6762120723724365 -1 567.3422241210938 1.9079499244689941 -1 577.0849609375 4.8566107749938965
0.9986297083579841 0.010470526282452767 -0.035023249527376246 0.037449241070536 -2.993028856933302 -0.32823827751564927 -0.24439556635976586
8.854574203491211 80671 932.3162841796875 13.18394660949707 82287 317.0126647949219 15.177123069763184
0.998602353682228 0.009205776634441689 -0.03500216736595813 0.03851546671866479 -2.9486493194206065 -0.32259524799168676 -0.23580834978460574
3.493516683578491 -1 720.8634643554688 3.5721330642700195 -1 720.8634643554688 3.5721330642700195
0.9985983158628022 0.008378740111407441 -0.03575448649608511 0.038115836151422666 -2.91118095792054 -0.3114360114428135 -0.2354677540023171
1.9427258968353271 -1 721.5503540039062 2.8159852027893066 -1 697.2759399414062 3.2649741172790527
0.9985309777433372 0.008588007813559465 -0.036531693544285156 0.039084114106833406 -2.8764267280289197 -0.3168188538714092 -0.2391185792736354
1.8972482681274414 -1 660.1119995117188 3.0996780395507812 -1 626.9749755859375 5.550749778747559
0.998495723073505 0.009757886537349061 -0.03759723852394733 0.03869783339692354 -2.8434958281757803 -0.32622258873357723 -0.2488853767554674
3.9392151832580566 81939 442.33294677734375 4.191303730010986 -1 1035.594970703125 4.36650276184082
0.9984570669386503 0.01056024936991029 -0.03866168542609465 0.03843488901410494 -2.8207739080048353 -0.3360022045318582 -0.25703213674948666
2.588874101638794 -1 1500.4002685546875 4.605182647705078 -1 471.0094909667969 6.0089545249938965
0.9983922754284869 0.01040106289513573 -0.04013089633740106 0.03865479807911073 -2.805767495430714 -0.34336233438420216 -0.26605132481209204
3.4902074337005615 -1 403.9310607910156 4.117352485656738 83485 403.9310607910156 4.117352485656738
0.9983775693164673 0.010022160269672224 -0.04070257833871796 0.038536807156955684 -2.788848462416702 -0.3477900543508558 -0.2705641894921374
4.218328475952148 -1 655.3522338867188 4.218328475952148 -1 819.2605590820312 3.2446179389953613
0.9984597580653491 0.010218511128033252 -0.04062409142629397 0.0363782455624073 -2.770173876746294 -0.3463767161697486 -0.2733888760993451
5.328882217407227 78806 847.472900390625 5.604823112487793 -1 633.68603515625 6.775058269500732
0.9985304230309995 0.011014847396208845 -0.040351357394780754 0.03445918418608116 -2.7498358543071015 -0.3492441050785665 -0.2741824827657985
4.465237140655518 -1 826.046630859375 5.205204486846924 -1 996.9425659179688 4.8877387046813965
0.9986226734846647 0.01179877265799737 -0.03891288937025821 0.033156176000312204 -2.7195500196420603 -0.3501618622412754 -0.269522776760298
2.154937267303467 -1 462.68975830078125 3.8298590183258057 -1 452.6876525878906 5.425620079040527
0.9987006489739211 0.011860503620629084 -0.03751264340050759 0.0323904890058849 -2.685573273167898 -0.34430818862836965 -0.2620640375372991
1.1566694974899292 -1 1453.799560546875 4.230172157287598 -1 653.3746948242188 4.47172737121582
0.9987322778255792 0.011143993427517929 -0.03709078307556623 0.03215466452412296 -2.6533282763643564 -0.33610261165895555 -0.2585029339292348
2.4039552211761475 -1 1092.9830322265625 2.4039552211761475 -1 20.745758056640625 4.408324241638184
0.9987249545369281 0.010830207265501804 -0.03710353995222155 0.032473052194259555 -2.6212703068958048 -0.3341218739349318 -0.25541722579240167
4.23621129989624 -1 75.03966522216797 5.648495197296143 -1 91.08193969726562 5.125286102294922
0.9987082758122653 0.010644374587733197 -0.037224451541270256 0.03290618970923183 -2.587414380910701 -0.33666953308519104 -0.25421040069994505
4.781620502471924 -1 913.2382202148438 5.062408447265625 -1 913.2382202148438 5.062408447265625
0.9986831897347611 0.010411146518550699 -0.03753925272289924 0.03338111853096979 -2.5579064672698784 -0.34246565186697253 -0.25782999190157213
4.104802131652832 -1 1001.7167358398438 5.078761577606201 88754 1001.7167358398438 5.078761577606201
0.9986771470162454 0.011197875581522828 -0.037744120013863146 0.033074839596471034 -2.525853677917241 -0.35271768978466456 -0.2636776087108972
3.4992620944976807 76730 1497.8995361328125 4.038941383361816 -1 1497.8995361328125 4.038941383361816
0.9986916910293014 0.013584774911451573 -0.03747233631035747 0.03203410949414685 -2.4879869680327458 -0.36757926524401424 -0.2658664287057645
3.2892026901245117 -1 828.3323974609375 3.861299514770508 -1 148.57595825195312 4.654338836669922
0.998726887321207 0.014891305230415017 -0.03702418774484655 0.030855519636883193 -2.4573880922453055 -0.36733724514872196 -0.266567403628949
0.5 -1 0.5 0.5 -1 0.5 0.5
0.9987950238517342 0.013921662111525741 -0.03668958340923916 0.02947137801872771 -2.428825275282798 -0.35283353210064766 -0.26719598906987274
4.487741947174072 -1 167.20616149902344 4.941647529602051 -1 68.49537658691406 7.450356483459473
0.9988822878458841 0.01293023406364514 -0.03606056950843984 0.027687892689022057 -2.3915907332922015 -0.3384961066783871 -0.26956279217024914
1.1436707973480225 -1 1150.7840576171875 3.999274969100952 -1 1166.4732666015625 3.810669422149658
0.9988385861118242 0.01418495034780934 -0.035829928105168767 0.028922004248333386 -2.359582334342453 -0.3489214324029094 -0.27343362847904024
3.812145471572876 -1 68.5286636352539 4.79008674621582 51799 423.1525573730469 5.449731349945068
0.9987656153626956 0.015411942904031788 -0.036042243782578615 0.030506954096011563 -2.327888411170892 -0.35933900849720063 -0.2778195943425819
2.567873239517212 -1 859.7342529296875 4.3214240074157715 -1 1047.5076904296875 4.835158348083496
0.998815028830942 0.015508331184388853 -0.03514124374944771 0.02988516075013941 -2.2933507970142304 -0.354846050750205 -0.279735042038689
3.2844409942626953 57756 1039.1658935546875 3.167886734008789 -1 785.8519287109375 4.864658355712891
0.9989039626763497 0.015923491769834645 -0.034075698707838546 0.027859693410276457 -2.2594971541617617 -0.34956110835431986 -0.28213991860172793
0.9529343247413635 -1 697.117919921875 0.9529343247413635 -1 537.7601928710938 3.5978071689605713
0.9989087525371959 0.016941379543051895 -0.034590232915075965 0.026416085074101727 -2.2394660156463932 -0.3541304950131365 -0.28892123603334224
0.988332211971283 -1 841.90087890625 0.988332211971283 -1 1073.3819580078125 1.8888497352600098
0.9988753160086811 0.01783823695433959 -0.035421191667158874 0.025985371881057664 -2.218686449236071 -0.36133114183167564 -0.29287818834065976
1.6191669702529907 -1 927.6043701171875 3.1514170169830322 -1 1068.5665283203125 3.76567006111145
0.9988865534164006 0.017339259944043305 -0.03601766011876184 0.025054572997088173 -2.1957938898682214 -0.35247150351570694 -0.28771462649273455
4.919950008392334 -1 762.535888671875 4.522536754608154 674121 246.7718505859375 5.023443698883057
0.998953824494198 0.015280456112175213 -0.03605640459360282 0.023615670162018917 -2.163768813171632 -0.3306651888739106 -0.27980674909188025
4.301268577575684 -1 3.7832231521606445 4.786596775054932 -1 1257.07177734375 4.768199920654297
0.998996801206934 0.013897546342058503 -0.03570825022916326 0.023176933566704316 -2.126648708454773 -0.3192030968078651 -0.2750618962240306
3.8246309757232666 -1 1193.594970703125 4.270595550537109 -1 224.03440856933594 4.620828628540039
0.9990211068479946 0.01430929612813773 -0.034907825206131296 0.023097962159100482 -2.085312917131825 -0.3209701008248459 -0.2748246270452688
3.4132635593414307 -1 656.8189697265625 5.949551582336426 -1 324.01416015625 9.526044845581055
0.9990562074087322 0.015452090335202185 -0.033824161652782 0.02244667972862875 -2.0440322688972965 -0.32528831218558174 -0.27530126630865104
0.5 -1 0.5 0.5 -1 0.5 0.5
0.9990601117269003 0.016126166957717927 -0.03344574108217316 0.02236564997824455 -2.0110446283490235 -0.3271614225583972 -0.2756740331138032
3.8360512256622314 53380 787.3883666992188 3.945956230163574 -1 33.00131607055664 4.709125995635986
0.9990501162292673 0.015579746479693315 -0.03436828405413568 0.021793526862127124 -1.9926179879823198 -0.32214792502596645 -0.2810728870499723
1.795630931854248 53865 56.061458587646484 3.697824239730835 52567 56.061458587646484 3.697824239730835
0.999057763257185 0.015004416643009036 -0.03483302811915052 0.021097708615012527 -1.9712524902389628 -0.31895488491092394 -0.28515573763937335
1.804819107055664 53865 477.22283935546875 4.758630275726318 53998 477.22283935546875 4.758630275726318
0.9990955787987915 0.015447967421752808 -0.03482821439942936 0.01887803509350745 -1.944866441333157 -0.31550039364987276 -0.28580743735904895
3.704815149307251 53380 1051.5323486328125 3.4738097190856934 53381 1138.273681640625 3.964097023010254
0.999128391059428 0.015684927249748033 -0.03438301165238792 0.017727090733695595 -1.9031111730204127 -0.31303115872388215 -0.2807207507009618
0.5 -1 0.5 0.5 -1 0.5 0.5
0.9991894813326286 0.015650024424899014 -0.033389064689949684 0.016143961374554948 -1.8655551162197368 -0.3086859562409539 -0.277412678708591
2.8466832637786865 -1 990.4114379882812 3.5172557830810547 -1 1208.4378662109375 3.3096847534179688
0.9992857364934971 0.015381626838906693 -0.03217926771660944 0.012486677927318954 -1.8327337740491987 -0.3005867574846438 -0.28085734122680983
1.396666407585144 -1 1030.97705078125 1.396666407585144 -1 1241.7674560546875 2.5575528144836426
0.9993264923174058 0.01605102663288181 -0.03139676421537088 0.010157238474360218 -1.805717862838069 -0.30338765881002505 -0.28723697847806245
3.678321599960327 48651 133.4652862548828 3.678321599960327 52567 991.520263671875 3.797102451324463
0.9992960932373304 0.01659336195872666 -0.03203728798470286 0.01027572664587497 -1.791419527499577 -0.31060398270312206 -0.2917065360217492
3.9690608978271484 48652 832.0285034179688 3.3910584449768066 -1 869.7601318359375 3.681422472000122
0.9993113314458668 0.01592864362249789 -0.03193186578047159 0.010173352643758104 -1.7799462829474113 -0.31097003827614744 -0.2938244161435042
1.7642567157745361 49374 812.8936767578125 4.201869010925293 43301 838.3759765625 3.5692741870880127
0.9993725593145065 0.0149733773662992 -0.031162699730601342 0.007692321165944713 -1.773084671305592 -0.3051057484523546 -0.2924783026940307
3.600452423095703 48700 928.5978393554688 4.017531394958496 -1 697.1533203125 4.976984024047852
0.9994739502459448 0.014116822939444329 -0.02870599287745112 0.005338919626934784 -1.7528385463312113 -0.3035343471859673 -0.28498620711722555
2.201559066772461 50041 710.3560791015625 3.245572805404663 48701 1047.9906005859375 3.316148519515991
0.9995847562075186 0.013333883461765507 -0.025482106912492877 0.0017846390906477263 -1.7269716627903842 -0.30418198517266315 -0.27781966240296313
1.0752977132797241 -1 827.4293823242188 2.079698085784912 -1 1022.330322265625 4.157564163208008
0.9996180768694404 0.013330612717743903 -0.0241233666200468 0.0020145330292479897 -1.7094483600232306 -0.3133406596417524 -0.27505143157201634
3.518641948699951 -1 386.5582275390625 4.246068954467773 47768 434.0361633300781 4.751714706420898
0.9996345580322601 0.01301660100731307 -0.023676193214557023 0.0008696900204136042 -1.6986088418874508 -0.3122984882950905 -0.27570152642580814
0.9829955101013184 -1 594.7957153320312 3.5882771015167236 -1 594.7957153320312 3.5882771015167236
0.9996906439508114 0.011469474893998726 -0.021808046493221503 -0.003387720622680048 -1.6802768084450972 -0.3063069496875665 -0.2731975564043991
4.136613845825195 395376 921.310302734375 3.5089645385742188 -1 252.4234619140625 4.269571304321289
0.9996994609018646 0.010937967767201384 -0.019284182354394375 -0.010462745555904625 -1.6633298607176743 -0.3033097814561634 -0.2657117287075058
2.8327622413635254 -1 1028.4859619140625 3.571930408477783 -1 505.3568420410156 4.056553840637207
0.9997453486718598 0.011603451958435557 -0.01710798863247797 -0.009050659455569399 -1.6367041300646814 -0.3217751590786204 -0.25709591940960924
3.630434274673462 -1 497.60992431640625 3.630434274673462 -1 330.85791015625 4.143085479736328
0.9997683985491838 0.010198356097664571 -0.017994326573453356 -0.005945334849575601 -1.6172011951682985 -0.3245147034859934 -0.25133882172613
4.119352340698242 -1 256.7624816894531 4.444069862365723 -1 296.9261474609375 4.456480503082275
0.9997831810047112 0.007536415979690002 -0.017970742668705027 -0.0073379712603100266 -1.5924102279083003 -0.3064317652246425 -0.2383491401296726
0.9426413774490356 -1 1082.624267578125 3.308945655822754 -1 1082.624267578125 3.308945655822754
0.999792966708618 0.005827885259056028 -0.017349961678040517 -0.008890348877199073 -1.5642816537695379 -0.29221186466224797 -0.22036054232874688
3.6158125400543213 -1 516.5223388671875 3.429985284805298 44314 154.02130126953125 4.9015655517578125
0.9997822717469915 0.004180934156315716 -0.01821133462988863 -0.00928849724141058 -1.5514061468288143 -0.27651799026647117 -0.2051196613687401
2.8913912773132324 -1 541.9472045898438 4.862351894378662 -1 948.3759765625 4.869733810424805
0.9997759049763585 0.0025696289225349772 -0.018882766994945604 -0.009218348361738299 -1.534366414269311 -0.25979330702292214 -0.19297228089367519
3.665999174118042 70091 1408.235107421875 5.14885950088501 -1 1408.235107421875 5.14885950088501
0.9997886707690367 0.0019031807305427166 -0.01790055442613529 -0.009927832403231631 -1.4994142190759925 -0.2518045424064463 -0.18439860083075274
3.7795486450195312 -1 591.4700927734375 5.73832893371582 -1 962.581298828125 5.731807708740234
0.9997822257257414 0.0013125088985453937 -0.017727000254569747 -0.010933064769241366 -1.4578241946634147 -0.25371751516832114 -0.17745962032285037
3.4058473110198975 -1 483.654541015625 3.8425471782684326 328182 284.9815979003906 4.991427421569824
0.9997712568975494 0.000790964492467042 -0.01820332628879032 -0.01120032002622581 -1.4203968490081889 -0.25835839204249517 -0.17074441599373624
0.7331826686859131 -1 842.0594482421875 3.910090923309326 -1 226.1790313720703 4.649219036102295
0.9997811234072056 -0.0005679449355933273 -0.018366818107350285 -0.01000213526142069 -1.369971779141296 -0.26574119470092844 -0.15879994158983726
3.7302067279815674 -1 630.763671875 4.136965751647949 39530 639.2517700195312 3.8520121574401855
0.9997817307016363 -0.001065627769760133 -0.018316673094789387 -0.009992741337370731 -1.3066799454099476 -0.2765721290313945 -0.1501276844596272
3.6746444702148438 39531 288.96337890625 3.77705979347229 39704 659.7836303710938 3.8019115924835205
0.9997685688182206 -0.0015325176868776584 -0.017526713520868716 -0.01238040814608958 -1.2516842315151768 -0.275444082720862 -0.14765473790548958
3.0897419452667236 -1 684.800048828125 2.812514543533325 39530 692.1875 3.167117118835449
0.9997208656237522 -0.001921493772700624 -0.01746103401580513 -0.015799081912444852 -1.2219468027605918 -0.2659806300448443 -0.14791596730134418
0.9884255528450012 -1 0.9703351259231567 0.9884255528450012 -1 0.9703351259231567 0.9884255528450012
0.9996145930833136 -0.0031989339855763915 -0.019148422608796126 -0.019843639480506336 -1.213484386559324 -0.24787248185419758 -0.15221332576936378
0.7505751848220825 -1 275.9343566894531 3.038724899291992 -1 374.0499267578125 2.6611545085906982
0.9995010707592965 -0.004773116286220233 -0.021708948173408443 -0.022439885943167 -1.217746829651402 -0.23862581555919096 -0.15749163988971196
4.717082500457764 -1 597.0126953125 4.669774532318115 -1 470.1957092285156 5.6191725730896
0.9994331614893246 -0.005369256461578866 -0.023786502768093225 -0.02321053826534442 -1.2109456197547313 -0.2409765194995496 -0.16073953799723453
3.3880832195281982 -1 434.9538269042969 3.9820518493652344 -1 496.75244140625 4.828341960906982
0.9994004600992127 -0.005441548111224078 -0.025196541662252547 -0.023113723107661032 -1.1887632587449823 -0.2518251735679663 -0.16524976426745755
3.793778419494629 -1 1243.099609375 3.37637996673584 40363 232.79441833496094 5.077225208282471
0.9994211040026904 -0.006138359772963568 -0.026168629266808442 -0.020856180274391043 -1.1536171423312815 -0.2676045035556807 -0.17121078210647991
0.5929001569747925 38597 385.9189147949219 3.8330721855163574 -1 1256.398681640625 3.2754263877868652
0.9994414438142081 -0.006707617904134964 -0.026636225316970803 -0.019034698565696773 -1.1187085944024926 -0.2786427048336312 -0.17542842096413622
3.2071657180786133 39702 959.5970458984375 3.58363676071167 40504 36.846981048583984 4.252279758453369
0.9994276506402509 -0.006776557745516157 -0.02610369939130946 -0.020421710969421476 -1.0985714495080636 -0.28796206068815783 -0.18038720528361904
3.675212860107422 -1 710.2606811523438 5.674687385559082 -1 1110.141845703125 5.4726457595825195
0.9994355464294131 -0.005856635118234166 -0.024194224697451115 -0.022559429286256906 -1.079566456149009 -0.309831425902483 -0.18594276583939148
3.6132278442382812 -1 778.4705810546875 3.9368104934692383 -1 1213.149658203125 5.615780830383301
0.9995159856239323 -0.005808994661544284 -0.022484182461351643 -0.0207005217877688 -1.0469762993701355 -0.35293013307914217 -0.1773510367033241
3.047758102416992 -1 1417.3707275390625 4.083553314208984 -1 1164.40625 5.6105523109436035
0.999605691903523 -0.005840769143117318 -0.02090698633337868 -0.017811346168993308 -0.9976500347978231 -0.39361413279260526 -0.17065688014513053
4.95435905456543 -1 812.40625 4.162220478057861 -1 812.40625 4.162220478057861
0.9996349265597233 -0.007825892846878468 -0.021170465966575232 -0.01485194848643985 -0.971366493777584 -0.4041839347783255 -0.17130202799967506
4.198531150817871 44544 844.1404418945312 4.539792060852051 35771 1180.6812744140625 4.71071195602417
0.9996448780653527 -0.00976118535996246 -0.022762306578603442 -0.009834348849632257 -0.9468747911688946 -0.41343422605647256 -0.18179000679754992
1.3179353475570679 49374 791.337646484375 3.770190477371216 44314 85.75152587890625 4.913785934448242
0.9996308581868008 -0.011307334398104052 -0.023311838344349287 -0.008176169184694519 -0.91487408419443 -0.41509709807825873 -0.17934880051050334
4.038189888000488 -1 1129.298583984375 4.6173319816589355 -1 1318.3350830078125 8.152278900146484
0.9996803054585208 -0.012457577126435932 -0.021202416798686903 -0.0058781946541584355 -0.866288858421886 -0.418009937341172 -0.16919742228993903
1.0459222793579102 -1 838.908935546875 2.7837576866149902 -1 828.005615234375 4.2234883308410645
0.9996976245166186 -0.013396312474307025 -0.020336205269233902 -0.0034113198572180065 -0.8390235233842004 -0.39417849281511536 -0.16431119847105738
2.6054532527923584 -1 314.51177978515625 4.241729259490967 -1 593.2734985351562 4.752910137176514
0.9996184604774805 -0.013863565690983484 -0.02371827454420968 0.0028598027220511015 -0.8410815652464433 -0.39277261126864493 -0.17003227716946237
0.5 -1 0.5 0.5 -1 0.5 0.5
0.9995348203247068 -0.011066198079357546 -0.02771330723710205 0.006297207357764065 -0.8591082102871217 -0.3895839740251876 -0.18165614080836193
0.800777792930603 -1 0.8008307218551636 0.800777792930603 -1 0.8008307218551636 0.800777792930603
0.999499897623808 -0.006829158489071811 -0.0291765879175061 0.010101681138341076 -0.852737856825345 -0.3895791460150184 -0.17380320462043988
3.1861307621002197 1666 319.6654968261719 4.909159183502197 -1 868.2347412109375 5.737627029418945
0.9993818943369799 -0.004578110645527646 -0.03323558854238878 0.010500753715232293 -0.8379431976670945 -0.3712373050284894 -0.16177216008780987
1.7069015502929688 335887 112.13607025146484 3.943671226501465 -1 586.4323120117188 3.8357529640197754
0.9993799309290765 -0.00266016851999006 -0.03408712933838165 0.008410991208410904 -0.7971030058605267 -0.3575195519803704 -0.1599560470062101
5.5435967445373535 -1 498.997314453125 8.48450756072998 67026 132.03213500976562 9.61341381072998
0.9993660309957338 -0.0008348692685988091 -0.035111941341087534 0.005830150975611648 -0.75170383701497 -0.35834941585202196 -0.17237385747339196
4.530310153961182 68711 585.8493041992188 4.2456865310668945 1666 823.135498046875 4.3908162117004395
0.9992340769171763 0.0006525991105020463 -0.03905140788837952 0.002412712957486297 -0.7221460539246911 -0.36525976089652423 -0.17818341259903286
3.558417797088623 -1 1113.0672607421875 3.558417797088623 -1 175.3069610595703 4.419414043426514
0.999115245972411 0.0015555701539497835 -0.04193028182755334 0.002856034461803398 -0.6849175436925042 -0.3720386706733732 -0.16385886199713967
4.670546531677246 7660 166.96087646484375 5.4371185302734375 -1 182.26034545898438 5.716292858123779
0.9990911056015164 0.00122559970605101 -0.04260785575720926 -0.0001767514444167903 -0.6373019151696369 -0.3662377198866782 -0.14521448678883267
4.119012355804443 -1 357.93511962890625 4.119012355804443 -1 743.646728515625 4.131190299987793
0.9991338836682093 0.0005822598048098999 -0.04150415183702156 -0.0029238433422873905 -0.5832233057187974 -0.3555274984320945 -0.1291589620456192
0.5 -1 0.5 0.5 -1 0.5 0.5
0.9990803605436639 0.000161972808382681 -0.04250300373394403 -0.00564815140947772 -0.5439159592194918 -0.3423820590508867 -0.11023395477454472
0.7346740365028381 -1 0.7410024404525757 0.7346740365028381 -1 0.7410024404525757 0.7346740365028381
0.9989921036381723 0.00042738284701107507 -0.04436953768700027 -0.006777782670106762 -0.5183933699346983 -0.33857772023765914 -0.09395691332820257
3.4404327869415283 -1 902.260009765625 3.7626755237579346 39067 425.521728515625 4.579369068145752
0.9989274935703452 0.0010726114623148925 -0.045354357569202634 -0.009257123927221835 -0.4915750177370082 -0.3459805998379521 -0.0844778252413518
2.584780693054199 37731 434.3695373535156 4.324812412261963 -1 465.6761169433594 4.7003397941589355
0.9988725484904791 0.0025079838265500906 -0.04641208497503632 -0.0096571350581449 -0.46065168753049074 -0.36837989442360786 -0.08294774795607755
3.3397152423858643 -1 105.02892303466797 5.626096725463867 -1 351.9279479980469 5.9202775955200195
0.9988295098085871 0.004347698111366933 -0.04694258927894431 -0.010821329329546256 -0.4210371951910603 -0.39354978764149234 -0.08687175528617151
3.3105409145355225 -1 1051.4864501953125 3.5737593173980713 -1 1001.8641357421875 7.170214653015137
0.9988379469094392 0.005883973585059122 -0.04667320865021202 -0.010475985055376976 -0.37251866038483367 -0.41554602298781573 -0.0884729792082101
3.6334991455078125 12341 426.0920104980469 3.8742458820343018 363623 747.9129638671875 4.537564754486084
0.9987894786145688 0.006344288772026014 -0.047528108440408785 -0.010972981221702656 -0.3295859408329423 -0.4180427398717871 -0.08329376547204084
3.732699394226074 -1 381.8247985839844 5.1949872970581055 -1 429.823974609375 5.4818949699401855
0.9987495395403979 0.004209247116880034 -0.04835775156857677 -0.011965256778852077 -0.29722209350690754 -0.40152070203533663 -0.07465062981336547
3.0724616050720215 12747 1046.0755615234375 4.098254203796387 -1 1046.0755615234375 4.098254203796387
0.9987357512525199 0.0024282534792541455 -0.048748206099031494 -0.0120256042356084 -0.2641873549503174 -0.3872250112796456 -0.07026900847950852
1.5047097206115723 328182 568.40380859375 3.3759288787841797 13163 965.3019409179688 3.8097565174102783
0.9986866117237811 0.0033782993172094843 -0.04906761104731796 -0.014352985874233046 -0.2362273417687341 -0.385350633918611 -0.07372199589600396
1.7458916902542114 7640 453.5409851074219 2.3480656147003174 8092 531.4041748046875 3.561706781387329
0.998677964177315 0.00430152731594948 -0.04877706572571622 -0.015640287356465263 -0.20760555498635755 -0.382940814683737 -0.07841837253338439
3.6291844844818115 4857 781.5107421875 3.869882106781006 4855 257.6477966308594 4.962423801422119
0.9986736135872547 0.004441881286614277 -0.048571215696057886 -0.016496066834772442 -0.1726600499555867 -0.3790057864499711 -0.08010274028774739
0.7731018662452698 4854 795.726318359375 3.054105758666992 4855 391.6709289550781 4.902281284332275
0.9986286460706355 0.004733369669599179 -0.04897497899361775 -0.017885018626636728 -0.133063795644415 -0.376480504662598 -0.0808103597766142
1.4153318405151367 -1 482.04058837890625 2.7129135131835938 7640 112.88701629638672 4.01935338973999
0.9986501514101132 0.005092514311477781 -0.04896662094077754 -0.016559330306142123 -0.08354890607037832 -0.3754199038177601 -0.07386285410751238
3.3738763332366943 -1 139.05860900878906 3.913353204727173 -1 139.05860900878906 3.913353204727173
0.9986435708783147 0.005016236389995198 -0.049654728224522215 -0.014841282991608166 -0.026446790096679305 -0.3759706786674968 -0.07129918312197113
2.190052032470703 15089 531.7735595703125 4.465827941894531 7640 543.6380615234375 4.838630676269531
0.9986499823645018 0.005319183340300541 -0.049666757639802876 -0.014252445317267272 0.032253098945492595 -0.38169894711409386 -0.06820217349789014
2.7308502197265625 -1 909.3565673828125 2.7308502197265625 -1 1117.124755859375 5.4081292152404785
0.9987075923529408 0.005459328929128091 -0.04885138866505115 -0.01291830212264713 0.09663742878749389 -0.3847625532173808 -0.06197164713763554
3.2358651161193848 8092 1132.1627197265625 3.8009586334228516 335887 673.232177734375 4.688050270080566
0.9986335056103132 0.004850719134661915 -0.05031348724043723 -0.013271962855572337 0.12718347661692186 -0.3845646375042858 -0.059427909911306066
0.7859030961990356 -1 0.7849883437156677 0.7859030961990356 -1 0.7849883437156677 0.7859030961990356
0.998605857916641 0.004880842686836133 -0.0510884419833764 -0.012348643850518884 0.15562452654228695 -0.3891083740465648 -0.06203066271962308
4.07811975479126 8918 422.0177917480469 4.27178955078125 4862 538.6815795898438 4.823073387145996
0.9985539443200317 0.006138064340178099 -0.05174440834257315 -0.013223488735576909 0.17980241215287446 -0.4025204691630905 -0.06672082222727589
3.5247652530670166 22535 395.232666015625 4.7050862312316895 119807 445.0278015136719 4.538880348205566
0.9985411552452911 0.007415472506748961 -0.05146710819946126 -0.014550217265941285 0.20768723027407704 -0.41527947333157844 -0.07281523055027252
1.569920539855957 -1 962.1659545898438 3.2746574878692627 25149 1096.1761474609375 3.4791805744171143
0.9985588766221112 0.0077127159144354425 -0.050906272753813014 -0.015140519367743079 0.24040482771219188 -0.4149186745550673 -0.0749758851590322
1.883480191230774 -1 385.15789794921875 3.0451889038085938 -1 756.1946411132812 3.6440505981445312
0.9985296263369595 0.006624544352959746 -0.051946596631041404 -0.014008991324848088 0.2773124366197478 -0.40512097961196125 -0.0744684853163842
3.970339298248291 5662 987.4766845703125 3.183227062225342 1666 529.303466796875 4.289960861206055
0.998564494805598 0.0065209640432520475 -0.05137537188360632 -0.013674717745118789 0.3186315243698183 -0.4013855690968882 -0.07791630903831961
0.5 -1 0.5 0.5 -1 0.5 0.5
0.9986256513705475 0.006751528630295604 -0.049713319455540375 -0.01515952356162217 0.36650456459562625 -0.4024970558408307 -0.08245772314729669
4.832715034484863 5662 569.95849609375 4.610171318054199 5660 815.8256225585938 4.865693092346191
0.9986507705870499 0.0062886139535851164 -0.049083046802297664 -0.01574630931481163 0.40182182566920377 -0.3992194567759312 -0.08385134609039226
4.570952892303467 335230 298.9236755371094 4.570952892303467 294110 985.6180419921875 4.622925758361816
0.9986677734683262 0.006136091552747738 -0.048924736896236984 -0.015211730207509435 0.42959353195140676 -0.39425285394399273 -0.08752921275612081
3.154188632965088 -1 687.2277221679688 4.284343242645264 -1 687.2277221679688 4.284343242645264
0.9986911218453056 0.007519211652785922 -0.048591307223338494 -0.014085079545846363 0.4625233218275769 -0.39818403772298366 -0.09577391084024624
3.9130358695983887 -1 854.3460693359375 3.0643656253814697 335819 460.6246032714844 4.440834999084473
0.9986916175827043 0.009387881566168889 -0.048522889690245416 -0.013132015300379794 0.48913236637254254 -0.4073768676571576 -0.10290069520285013
3.3849220275878906 -1 1113.281982421875 3.650876760482788 32526 340.9687194824219 5.180783271789551
0.9986888892038106 0.009528396335568078 -0.04847852038351001 -0.013399451688668646 0.509891740539579 -0.40961290750193813 -0.10262193485893815
4.984683990478516 -1 167.13821411132812 4.984683990478516 -1 643.5051879882812 4.28513765335083
0.9987121455519326 0.008341661577411789 -0.047936256636774935 -0.014372971468587006 0.5323025892774291 -0.40605510255413985 -0.10066291766342085
3.3539834022521973 -1 152.12725830078125 4.619102954864502 -1 652.9522094726562 4.497941017150879
0.9987713477219554 0.006238062988176958 -0.04658045968759023 -0.01572076064054188 0.5627033355463551 -0.40030914037138576 -0.10000038408604695
2.7250263690948486 -1 497.6658020019531 4.742834091186523 -1 856.7154541015625 4.557162284851074
0.9987597463363511 0.004588723060279998 -0.04611727500087987 -0.018196419024548598 0.5876934749465811 -0.3982504965870536 -0.10012957411106273
2.8017163276672363 -1 597.4190673828125 3.66577410697937 -1 1129.7071533203125 3.630080461502075
0.9987872127134065 0.004376210525335837 -0.04535275431844931 -0.018656906961033812 0.6192058097563823 -0.3992264903424549 -0.10056004198070942
1.6101555824279785 -1 1143.6385498046875 3.2484240531921387 25149 1143.6385498046875 3.2484240531921387
0.9988054023129167 0.0049008162433130395 -0.044912069413583014 -0.018618709183812227 0.6559315179604649 -0.4012633184937133 -0.10314287303426789
3.503815174102783 25594 546.6935424804688 4.579404830932617 -1 1225.1092529296875 4.16943883895874
0.9988165477147424 0.005749449205157126 -0.044560832518045004 -0.01862203131615519 0.6967463966746179 -0.40529134263900496 -0.10697838915234473
3.7737460136413574 -1 1239.8271484375 5.024747848510742 -1 1474.4586181640625 4.875491142272949
0.9988636943682735 0.006419935084541783 -0.04408852159991756 -0.016920601928075547 0.7413414930692223 -0.4080718225727559 -0.1080300375863402
4.056760787963867 17174 1491.872314453125 4.461270332336426 -1 1491.872314453125 4.461270332336426
0.9990001633046193 0.006667527894664989 -0.042884898273217335 -0.010728620098312946 0.8025706977120806 -0.3978245678407296 -0.11466924906082507
33.385929107666016 -1 351.12054443359375 124.70455169677734 -1 296.1172180175781 141.2681884765625
0.9990779400682216 0.005470770233948259 -0.04193550348722447 -0.0073995871073660666 0.8597915193893395 -0.3838549604746407 -0.11835328951057128
4.305107593536377 -1 1005.4456787109375 4.232168197631836 24666 1254.2459716796875 5.046403884887695
0.9991633642436982 0.00322692160109769 -0.04044638903173402 -0.005123294300438929 0.911030061880146 -0.3640049855379723 -0.12719237660316915
48.5684814453125 -1 190.46031188964844 109.44574737548828 -1 369.5079650878906 126.53719329833984
0.9992578321228459 0.0025332647174503564 -0.03838915887383999 0.0019078763011853826 0.9584088569956478 -0.3398831082659832 -0.13548388761607605
1.452723503112793 372342 795.99462890625 4.109251976013184 8097 1358.592041015625 3.2031164169311523
0.999162754715456 0.004597650887756093 -0.04050828406745827 0.003424925932948675 0.9555106879632735 -0.33794735723409364 -0.1342999532246211
3.4794673919677734 -1 1062.2213134765625 3.514692783355713 36676 1545.820556640625 3.098884105682373
0.9990434840783318 0.005289819127537521 -0.042759251415028315 0.007468678106088297 0.9496716667031169 -0.32852716744909033 -0.13771773946855442
1.8114997148513794 -1 394.5341491699219 3.460435152053833 -1 659.5516357421875 3.617612600326538
0.9990773886598001 0.005389307841799989 -0.04180533728515788 0.008224390808759856 0.9611887269222353 -0.3208606219314399 -0.14760250434156094
0.5 -1 0.5 0.5 -1 0.5 0.5
0.9992295320831951 0.0048328833684750695 -0.038113749154923764 0.008020447400317068 0.9952868550012831 -0.3214183287805807 -0.15928775954007857
2.890558958053589 -1 1379.33935546875 3.871415615081787 -1 1453.01806640625 4.7772908210754395
0.9993419596638254 0.0028622948484369275 -0.03485778735000837 0.009611950089720713 1.0330998818519268 -0.314747857284822 -0.16018260325827016
3.9792840480804443 -1 995.5825805664062 4.771940231323242 4865 986.277099609375 6.402710914611816
0.9994209822428588 0.0008905182125036515 -0.030975188758624216 0.014051509221440448 1.0934180212691968 -0.2980562927143061 -0.1595110288499458
12.700852394104004 -1 954.1460571289062 66.92664337158203 -1 1218.9136962890625 104.46145629882812
0.9994002713742073 -0.0007277307829894695 -0.028191761675656884 0.020094590284235412 1.1739163478105452 -0.2749461759814575 -0.17441689722987344
2.517871618270874 -1 819.0347290039062 3.1143414974212646 -1 809.1953735351562 3.389821767807007
0.9994583167126786 -0.0018013303640762566 -0.027785868332277096 0.017543485508866235 1.223655240557992 -0.2776508284091436 -0.18077877404746234
78.16535186767578 -1 531.0936279296875 112.89356994628906 -1 393.94232177734375 123.93920135498047
0.9994969651457037 -0.00182399061636513 -0.02435909987427766 0.020226813295089872 1.3010038742602577 -0.2629608758058311 -0.18118168107774746
103.15532684326172 -1 1010.9781494140625 103.15532684326172 -1 466.7091064453125 129.3678741455078
0.9994241078687951 -0.0022033418973929648 -0.027614599729963604 0.01959672872956587 1.3409584383162052 -0.26142508096722367 -0.1391490917349154
3.661787509918213 336530 1193.67724609375 4.753271102905273 -1 1193.67724609375 4.753271102905273
0.9992346579472707 -0.00230966292867891 -0.03360086065751615 0.01989336515602884 1.3531020166967735 -0.2686428886207387 -0.09132948537069635
4.5910444259643555 -1 821.9708862304688 4.359358787536621 -1 917.4755249023438 4.222025394439697
0.9990551712339037 -0.002180264713822961 -0.03949194377780664 0.01801104253571936 1.3526178904180572 -0.2995092305498425 -0.053201763107417165
0.5 -1 0.5 0.5 -1 0.5 0.5
0.9989585771356103 -0.0013868353091671649 -0.04363322163905057 0.013265738743837895 1.3501859814360453 -0.34649604604266965 -0.02697887248688803
2.174262046813965 -1 1037.72119140625 2.282153606414795 -1 538.0219116210938 4.156820297241211
0.9989591617391924 0.00021030969585599668 -0.04478399507887014 0.008656947033318495 1.3634008312693768 -0.39642588638089493 -0.007865754823103137
0.5 -1 0.5 0.5 -1 0.5 0.5
0.9989627101859136 0.0014911185490571281 -0.04536359920879545 0.003663890051685267 1.382984048748971 -0.4369320724061276 0.0018347375540922134
2.574714422225952 143212 1250.2744140625 2.6012136936187744 -1 156.67276000976562 3.983036518096924
0.9988955623552328 0.0004797297719240263 -0.04697233790818993 -0.0010123427324675268 1.404009361692763 -0.45686043123865866 0.019203121250732317
0.8840097188949585 -1 1097.2022705078125 2.5127100944519043 145670 1248.1116943359375 3.6829986572265625
0.9988651863574098 -0.001039976562094403 -0.047367568472445006 -0.004855037480334807 1.4366181927448527 -0.46718737709243596 0.030478691847880813
0.5 -1 0.5 0.5 -1 0.5 0.5
0.9988808540699462 -0.0008851483871546708 -0.046568282065476294 -0.008225022206533575 1.4789769691902863 -0.48191972125591637 0.03226865160570257
2.250138521194458 -1 1279.6300048828125 2.250138521194458 -1 1231.155517578125 4.332775592803955
0.9988940813059484 -0.0005487944932900826 -0.04594176297589252 -0.009983364724197372 1.5288322340402056 -0.4865391833669896 0.035866780578141896
3.1683287620544434 145670 634.9912719726562 4.142632484436035 -1 1113.2381591796875 4.477834701538086
0.9988543288051585 -0.0015494484589873116 -0.0462689257532718 -0.012116746523207655 1.569082717335787 -0.4843560280986876 0.044408443895014485
2.4285285472869873 -1 1472.2431640625 3.246375799179077 136318 1178.6177978515625 3.6320688724517822
0.998852566594297 -0.0027122828169352255 -0.04599659083329406 -0.01305784674520277 1.6131563689869948 -0.4798312692918021 0.04801674101783507
3.673511505126953 147569 1399.31787109375 3.789367914199829 370251 1525.1336669921875 4.00730562210083
0.998864925050642 -0.0020326182715311877 -0.045166600210072044 -0.01499026991089505 1.660982335188775 -0.48629790444258697 0.04823820586139742
2.826739549636841 -1 922.0130004882812 3.3595802783966064 148868 1222.772216796875 3.2596232891082764
0.9988906251058116 -0.0012796317221382572 -0.044392074965937944 -0.01565967108834573 1.7120013635329432 -0.48766745491544683 0.049121756858526516
3.195828914642334 148868 1001.9140625 3.4472010135650635 785428 1076.7447509765625 3.778507709503174
0.9988790004474368 -0.0018113219660628188 -0.04468191471234083 -0.015523790629359397 1.7551518538254447 -0.4783900099212324 0.056016400460834566
2.674389362335205 -1 414.2711181640625 3.700619697570801 -1 716.2718505859375 3.94973087310791
0.9988377257735783 -0.002126608336659376 -0.045642627105007785 -0.015343588217941554 1.788865677152466 -0.4720116371624594 0.06314490538395773
3.4136452674865723 -1 1279.990478515625 3.6534171104431152 152830 923.2837524414062 4.2334418296813965
0.998855218031454 -0.0011359786070463933 -0.04537180415215284 -0.015111662778113962 1.8323435736587765 -0.4740234470517585 0.06577457054973568
4.84331750869751 153479 707.404541015625 4.188468933105469 151230 770.941162109375 4.960450172424316
0.9988533193242376 -0.0007531816409806994 -0.045032824127442514 -0.016233420572235247 1.8656063557373845 -0.476298097509748 0.06408656689059997
3.7620506286621094 151230 1181.144287109375 4.243531227111816 -1 65.65283203125 4.7871856689453125
0.998853076678983 -0.002197753899641523 -0.04552160967370594 -0.014679378033178425 1.901068727384437 -0.4603753578632138 0.06574145307496948
3.420234441757202 160102 1317.349853515625 4.220782279968262 151795 1387.4315185546875 4.117227554321289
0.998881096834638 -0.0020197639771931336 -0.04530115187991694 -0.013426860327705133 1.9356492772017773 -0.4545008951792094 0.06394380037764263
2.715825319290161 -1 732.443603515625 4.912661552429199 -1 1402.8641357421875 4.854644298553467
0.9988824904849014 -0.0006462048273465635 -0.04514911759504188 -0.013961010077752262 1.9654071330132845 -0.4629127062085842 0.06415894721523245
2.140836238861084 370402 1353.5594482421875 3.8406333923339844 152830 756.6253051757812 4.3348708152771
0.9988435810584663 -0.00025627756985487776 -0.045723271251879624 -0.014859924836060948 1.9951253230917585 -0.4691943077738662 0.06632396546965266
3.1436901092529297 -1 127.18840026855469 4.653268814086914 153479 1252.354736328125 4.43259859085083
0.998851087620764 -0.0005526279863056299 -0.04586656630892777 -0.013872903667018302 2.029068791725581 -0.46834377320832626 0.06639173179586755
3.0611085891723633 151230 816.273681640625 4.973617076873779 150572 842.35595703125 4.534764766693115
0.9988678964980225 -0.00021172052698580882 -0.04569175774394445 -0.013234190353141006 2.0685580004958704 -0.4717738328920712 0.06668155273452155
3.873447895050049 331432 1028.5455322265625 4.786182403564453 -1 1028.5455322265625 4.786182403564453
0.9988951694202227 -1.1206854433439368e-05 -0.04512308822212892 -0.01312811077988305 2.1201496203020627 -0.4757764720261404 0.0696092796867357
2.820152759552002 -1 170.7850341796875 3.8966195583343506 -1 1213.9803466796875 3.9290640354156494
0.998923439241463 -0.001056739633993534 -0.04443627062386545 -0.013276433572146718 2.1688763346134556 -0.4713038032945194 0.07276961386397683
4.874912738800049 -1 198.56483459472656 4.874912738800049 -1 239.09535217285156 4.639132022857666
0.9989300002024838 -0.0018715531949827931 -0.04476934377959369 -0.011448049687550149 2.2113112540085504 -0.45864209045187027 0.07610682845920339
3.142214298248291 160102 724.8280639648438 5.654356479644775 160103 1193.707275390625 5.404804706573486
0.9988985000622452 -0.001129511340169556 -0.045812993789732796 -0.010083668853695311 2.244185639727988 -0.4608075082297309 0.08091853512086312
2.868046522140503 160639 967.7748413085938 4.016960620880127 162023 1005.221923828125 4.347326278686523
0.9988679075813413 0.00016347788824041818 -0.04657682075615286 -0.00966831150213709 2.2710752105313925 -0.46758226240049183 0.0860219004046655
3.3368606567382812 -1 754.9552001953125 3.9905099868774414 150757 970.2438354492188 4.12623929977417
0.9988700709060621 -0.0004385061778301951 -0.046248725864184256 -0.010929067498651463 2.304946867842786 -0.47158324197468904 0.08709132129170198
0.5 -1 0.5 0.5 -1 0.5 0.5
0.9988928640895263 -0.0016317817860483739 -0.045365050609521625 -0.0123448589470133 2.3538347319701063 -0.4771638045627406 0.08429339893769948
0.6044294834136963 -1 1012.4609985351562 3.4503068923950195 162023 1286.490234375 3.565061330795288
0.998900593934223 -0.0016701137551331713 -0.04533336410389506 -0.011819486322384231 2.394181026573545 -0.4764636535604327 0.08665436914299689
4.338629722595215 -1 167.1180877685547 5.560659408569336 370855 313.2247619628906 5.6722211837768555
0.9988896737776903 -0.002217150773127674 -0.04552033710160323 -0.011933263296565319 2.426674898155979 -0.4710697230849258 0.09324047018396492
2.4967663288116455 -1 919.0512084960938 3.341954231262207 -1 1415.3560791015625 3.401400327682495
0.9988991716352115 -0.0033277223536655773 -0.04539200223394213 -0.01135505630189271 2.4605751565661746 -0.45690726962579103 0.09448522023483345
4.210244178771973 -1 956.569580078125 5.6699299812316895 -1 956.569580078125 5.6699299812316895
0.9988957826741254 -0.0035130738857947932 -0.04504576237308367 -0.012874508143900464 2.4923778923087356 -0.46350191025382464 0.09075607963384047
2.4373109340667725 -1 903.6190185546875 4.696084976196289 -1 1140.8316650390625 5.234057903289795
0.9989482501883316 -0.0021079358725710276 -0.04351638100436981 -0.014292467817366549 2.5289440434951054 -0.47849970399250885 0.08016565932520259
3.1274731159210205 -1 966.9469604492188 4.136202335357666 -1 984.9921264648438 4.26973819732666
0.9989815699487892 -0.0008220288545455704 -0.04266445907538919 -0.014659164472068918 2.5623876719163623 -0.4875201285714977 0.07204938132295949
2.872457981109619 -1 1092.7398681640625 4.719216346740723 -1 1275.9447021484375 4.349080562591553
0.9989743119267787 -0.0008749587623872786 -0.04285116200252002 -0.014606042332438245 2.5935024883523696 -0.4900095374265662 0.06852733813053162
4.3328399658203125 -1 360.49127197265625 4.3328399658203125 -1 841.52685546875 5.038488388061523
0.9989755511010742 -0.0007563735500608887 -0.04302743735770421 -0.013996993812489207 2.6355760358519675 -0.49058272174199546 0.06217828984303849
2.437894582748413 -1 1343.8857421875 3.5732176303863525 -1 1352.0675048828125 3.695030450820923
0.9989853249798744 0.0004509910548251934 -0.04288809154263785 -0.013737855937284231 2.677340642076557 -0.49796258419283146 0.057655214911836006
3.3304593563079834 171173 1408.3477783203125 4.757162094116211 -1 1004.6572875976562 5.8502607345581055
0.999011529473595 0.0012930551267613937 -0.04268068959118268 -0.012355190135679614 2.7242566219517124 -0.49441160677930146 0.05753429753498809
3.7526016235351562 -1 437.4549560546875 3.7526016235351562 -1 979.423583984375 4.78432559967041
0.9990116629600341 0.0002539928379842479 -0.04288352037788279 -0.011689158971686977 2.764117529883227 -0.48155271942637634 0.06401392802890869
4.607539176940918 168195 388.4420471191406 4.607539176940918 171344 450.3395080566406 4.652975559234619
0.9989982456609721 -0.001135362850260813 -0.04272835657209069 -0.013247779517589304 2.79610120871133 -0.48279579710613213 0.06696564069548885
2.440434455871582 -1 968.7040405273438 4.9220290184021 -1 1263.389404296875 5.872454643249512
0.9990132727174624 -0.0013614557149740475 -0.042452992332682724 -0.012975777999114261 2.8306759672213997 -0.48109848577582504 0.06788236296203923
1.7639679908752441 -1 411.8647766113281 6.988149642944336 169271 1278.8740234375 6.45615816116333
0.9990038011970114 -0.0016786708282909883 -0.04288663387944628 -0.01221981557400248 2.866654887019275 -0.48102145849880995 0.06958220450921396
3.6970882415771484 306408 1143.349365234375 3.9681427478790283 -1 1372.2579345703125 4.533286094665527
0.9990621848777398 -0.0013659728814521728 -0.04152515568839054 -0.012187957599987571 2.9107447796433674 -0.4868516190074957 0.059251267392452435
13.848102569580078 174527 1108.8460693359375 16.858083724975586 174528 565.7723999023438 38.01123046875
0.999139744600411 -0.0002477576467799194 -0.03975072476376249 -0.011814789745470343 2.9582302721472105 -0.4905731195946621 0.04696403078793108
3.6242992877960205 -1 1325.4300537109375 4.38967227935791 171173 342.12530517578125 5.799619197845459
0.9991533878016841 -0.0002195829346977666 -0.03961018750151401 -0.01111271676266853 2.9950806795628893 -0.4864478075582222 0.04503409503569186
3.970066547393799 168195 504.94146728515625 3.970066547393799 171344 1208.677734375 4.009243011474609
0.9991515165853369 -0.0006681577381237361 -0.03998608136842244 -0.00984447902412326 3.0265576174724877 -0.4741895666968152 0.04668387444435648
2.986654758453369 166353 431.8443603515625 3.275329113006592 -1 431.8443603515625 3.275329113006592
0.9991678319590204 -0.0004966190455666656 -0.039742017034025766 -0.009163461676767605 3.0587984504347006 -0.4706230361144849 0.04337167891587599
4.601476192474365 168195 536.6136474609375 4.601476192474365 171344 1195.560791015625 4.367324352264404
0.9991845988747899 0.00019211773355625809 -0.03940424294623723 -0.008798073654815473 3.0910656226276196 -0.4726378427216402 0.039882216048136
3.8569533824920654 170771 839.8246459960938 4.584878921508789 -1 839.8246459960938 4.584878921508789
0.9992203631758723 0.00014646299760141872 -0.038591157330077314 -0.008328681720031598 3.1290687821336225 -0.47106331583563016 0.03423524096640864
3.9704113006591797 168197 1407.7354736328125 3.981712818145752 171173 35.77230453491211 4.387745380401611
0.9992813796275722 0.00018121283669310218 -0.03718894565231441 -0.007326241382378162 3.1774242383237965 -0.46838124602003145 0.023922406405705393
4.005073070526123 174527 657.0497436523438 7.742671489715576 -1 721.737060546875 9.846129417419434
0.999326016969079 0.0010800156058330846 -0.03608519050874525 -0.006648639030257893 3.2164439637359497 -0.47135472225169 0.013887635812154065
4.502546787261963 -1 836.4783325195312 5.666960716247559 170064 349.8406982421875 6.53512716293335
0.9993424519492914 0.001429259258396774 -0.035563111220519084 -0.006919976175369927 3.2478463660208994 -0.47902421233478454 0.0072445284236187105
4.923091411590576 191102 686.3406372070312 4.923091411590576 177944 745.167236328125 4.283811092376709
0.999337614429323 0.0012709396758743988 -0.03568681623349507 -0.007012007285145046 3.274627971387326 -0.4817851904091761 0.006724171984346443
3.811685562133789 179029 956.2894287109375 4.483344554901123 191100 956.2894287109375 4.483344554901123
0.9992963532328217 0.0005838263640404568 -0.03716822759457816 -0.004998041600255862 3.2964246859368496 -0.4659285376893352 0.013092240340838987
2.186929941177368 -1 1460.80517578125 4.3444108963012695 166043 708.355224609375 5.456948280334473
0.9992302949817138 -0.000720936108615041 -0.03912918955469063 -0.002684095132002683 3.3152136862780064 -0.44561924506492967 0.023938676913302353
5.135376930236816 180462 884.4522705078125 5.621861457824707 170064 1433.5701904296875 6.4321489334106445
0.9992677262909574 -0.0008453162533608033 -0.03810849842286153 -0.0033224963035167338 3.346598370162613 -0.44893887375100233 0.013703825612229435
3.230792760848999 -1 776.2586059570312 3.678969621658325 -1 343.40472412109375 4.649617671966553
0.9993407721065573 -0.00040451622945633024 -0.035976855585226716 -0.0048500963175927714 3.3816836275603475 -0.46274235896047433 -0.004892508867338192
4.230920314788818 179028 1017.2296142578125 4.230920314788818 191100 1357.767822265625 4.671455383300781
0.9993379674486059 -0.00024095572152914085 -0.03602083702970263 -0.005105688563640668 3.40555120288817 -0.46343541429492857 -0.009232803389389949
4.359554290771484 179693 750.4301147460938 4.177402973175049 179263 750.4301147460938 4.177402973175049
0.9993270545860659 -0.0016103860746957215 -0.03625438888154402 -0.005335158465741244 3.4328206559103167 -0.458429622244416 -0.004009754350641331
3.6418216228485107 -1 320.5926208496094 5.421432018280029 -1 946.0115356445312 5.014498710632324
0.9993921574269383 -0.0028408652280159387 -0.034456085284344684 -0.004474745262485944 3.4754447033703326 -0.44451892877272753 -0.009400523733724958
3.606786012649536 171173 738.548095703125 7.024292469024658 -1 808.4165649414062 8.007646560668945
0.9994035955700682 -0.0042105181885461985 -0.03400943341971432 -0.00425242715088085 3.5086979453599207 -0.4368812668313957 -0.006500029307489031
3.656484603881836 258800 708.7929077148438 5.320671558380127 -1 896.94873046875 5.729801177978516
0.9993477651955959 -0.005770320101037216 -0.0354522252573792 -0.0037265706487332926 3.5264734500167085 -0.42422498880288884 0.009265453404210427
3.3327691555023193 -1 277.35101318359375 5.2060394287109375 187406 470.9888916015625 6.246494293212891
0.9993166069791815 -0.00676311062036629 -0.036290518270059885 -0.0018914634660648418 3.546358519859219 -0.3985231142719811 0.02237467221850944
3.7602083683013916 -1 302.1529541015625 4.874560356140137 -1 339.8707580566406 4.809819221496582
0.9993673927796911 -0.007110458667404469 -0.034829133019273005 -0.0010895500849606372 3.5756405223430443 -0.3870693509168304 0.00960114714142022
2.9714057445526123 -1 798.2972412109375 4.991519927978516 -1 453.8093566894531 5.07327938079834
0.999420233395508 -0.007014699106720557 -0.03317314882982468 -0.0030875998485292203 3.6018534496716557 -0.4044673597772707 -0.014273579923199714
4.978347301483154 222495 190.4759521484375 5.215493679046631 -1 453.6788635253906 6.2295966148376465
0.9994799706521836 -0.005119579890058335 -0.0318081630828179 -0.0013486764461595041 3.636973623360687 -0.41389093311588215 -0.034282408976104344
35.428688049316406 -1 887.2877807617188 65.5351333618164 -1 1473.96337890625 83.23306274414062
0.999578444737025 -0.003134467075181755 -0.02836696460833093 0.005331346187868102 3.6975556472258666 -0.3986322047392672 -0.06509596019105604
196.06239318847656 -1 999.675048828125 253.01515197753906 -1 1146.278076171875 310.2054138183594
0.9996655477014037 -0.0044685865151822095 -0.024002591880617107 0.008526432807540512 3.760154258833949 -0.37433311268900094 -0.10429775838527885
0.5575005412101746 -1 0.5565564632415771 0.5575005412101746 -1 0.5565564632415771 0.5575005412101746
0.9997429792685494 -0.008572811547583528 -0.018875752015649994 0.009175417770230333 3.8103658992602476 -0.3517044217424254 -0.16040521807885413
4.755366325378418 180888 870.2590942382812 24.734167098999023 -1 1041.7069091796875 31.041500091552734
0.9997697929384803 -0.00842169766634511 -0.01707095959359693 0.009900428006842286 3.826542298101485 -0.3444964344368777 -0.18789422469084363
2.411576509475708 -1 895.3406372070312 2.411576509475708 -1 412.06549072265625 3.8808295726776123
0.9997535684467527 -0.008704589707258853 -0.017370972728700106 0.010736936363378493 3.82679938062559 -0.33685482040045367 -0.17634734994993226
3.7507548332214355 163596 844.019287109375 5.0380072593688965 168429 1195.864013671875 6.457586288452148
0.9996730016835825 -0.011156250119022448 -0.015424863135516128 0.017073411652871868 3.8613433914789304 -0.27184516889329385 -0.15999160475182478
9.790743827819824 -1 964.93359375 19.959430694580078 -1 863.8463134765625 35.64834213256836
0.9995397871416387 -0.013364604353349633 -0.015605480518327901 0.02231748751805347 3.90183150091225 -0.20362312549081182 -0.13527676202571845
3.011597156524658 -1 414.10784912109375 4.064946174621582 -1 1014.44677734375 4.549114227294922
0.9993948681807904 -0.014905570742262236 -0.017669606469489688 0.025990506381396623 3.960117198511979 -0.14343865397077274 -0.10009390578159719
117.1236343383789 -1 736.0396728515625 127.82820892333984 -1 769.3521118164062 153.04249572753906
0.9992195216345204 -0.014715437924030437 -0.019008125619493138 0.0313447704030137 4.041932872115611 -0.09421095282038637 -0.0735509523019939
154.9706573486328 -1 550.0465087890625 154.9706573486328 -1 845.5463256835938 174.98602294921875
0.9991271991962443 -0.012353717380080686 -0.020049145223625036 0.03450010534714011 4.138435254689345 -0.07268456226382364 -0.05667857235009687
202.17164611816406 -1 572.40478515625 211.55084228515625 -1 572.40478515625 211.55084228515625
0.9991391761428992 -0.01129120446777658 -0.022348134824264024 0.033075312062508994 4.21005490133317 -0.09056874066823875 -0.031586384390278194
3.266745090484619 218473 857.769287109375 3.6377153396606445 -1 699.3682250976562 4.652270317077637
0.9991234417091247 -0.009246811385903877 -0.02581192920356985 0.03163208841187771 4.259612647333587 -0.112594610173077 0.002719859946611391
5.833182334899902 -1 785.5433349609375 6.7603373527526855 -1 1178.2005615234375 6.9401092529296875
0.9991746704266556 -0.006873725941965597 -0.02696868740468641 0.029587493458002066 4.314139476324132 -0.14350510890566867 0.012359848850432202
4.82463264465332 235271 1234.1678466796875 6.987481594085693 -1 1122.4149169921875 10.147007942199707
0.9993476147529546 -0.005836830998420269 -0.027088597748825625 0.02316212778391394 4.369964211686228 -0.201025652375728 0.011724947702889184
4.0985283851623535 215955 512.3448486328125 5.037713050842285 225087 1190.7056884765625 7.198268890380859
0.999448294941273 -0.005581117550679631 -0.027503869919308182 0.017762150920699278 4.418705886740569 -0.2445714625021394 0.019759290959115203
3.3689651489257812 -1 877.7014770507812 3.8631365299224854 216101 1119.6812744140625 4.349090576171875
0.9994996089433494 -0.004592389859854182 -0.02738701013311252 0.015145737137409849 4.463892887249666 -0.2687827402024508 0.023577415224641185
3.517810344696045 -1 1188.693359375 4.586824893951416 -1 557.58154296875 10.027965545654297
0.9995569808483287 -0.0029879395295913614 -0.02623425889519054 0.013736007970352496 4.526560201846968 -0.28985059648930883 0.013114444365017072
103.70870208740234 -1 1187.9544677734375 127.33171081542969 -1 1209.5673828125 150.41989135742188
0.9996435113049733 -0.001809055979869265 -0.023832447852413865 0.011899245845318677 4.597083666807365 -0.32130962230434185 -0.009009881504211417
126.65445709228516 -1 1328.8760986328125 126.65445709228516 -1 1316.6334228515625 128.271240234375
0.9996788843153137 0.0002709245968789994 -0.023178376468330143 0.01023805246347565 4.660359407825741 -0.35480973891486384 -0.016077121641957865
3.820674180984497 -1 551.6463623046875 4.291172027587891 -1 1304.4837646484375 4.127689361572266
0.9996663855940003 0.0012664846921496221 -0.023519192944246464 0.010600051566071777 4.721813191190884 -0.3598829348977194 -0.008009217674976941
141.376708984375 -1 789.5494384765625 141.376708984375 -1 724.8203125 188.90252685546875
0.9996800692300442 0.001212615330149284 -0.022963083331771047 0.010534968067029405 4.795709046218732 -0.3574639606017103 -0.0061809461680452605
4.633237361907959 -1 1103.1038818359375 6.659580230712891 -1 376.8633117675781 13.265337944030762
0.9996669180313346 0.0011843442188713622 -0.023522601760502544 0.010551660007844505 4.845528108227005 -0.3510583455291174 0.003981846553936349
3.026994466781616 222495 491.039306640625 3.643707513809204 -1 234.43783569335938 5.446625709533691
0.999615301656218 0.0012239119579253717 -0.025273150330706744 0.011358635773230258 4.890897861247711 -0.33448483232195664 0.0278859616251509
3.9329137802124023 -1 445.3836975097656 5.165797233581543 -1 1087.814208984375 5.936069488525391
0.9995802879250104 0.001134436832996831 -0.02658602898482257 0.011451816783534564 4.936217500691817 -0.3205139569218232 0.04514576591957955
2.9786744117736816 224058 852.8252563476562 4.850113391876221 217259 732.412353515625 5.565909385681152
0.9996374229944979 0.0010229762317835141 -0.0256567187911383 0.008106099519571665 4.984692803326942 -0.3420614629261435 0.03811878718456216
4.182458400726318 -1 1170.0601806640625 5.717069149017334 217617 1170.0601806640625 5.717069149017334
0.9997045747667693 0.001880528979545246 -0.024019840229662477 0.003205320029512094 5.030370813368788 -0.388559605631536 0.02458642481735741
4.56380558013916 -1 293.4357604980469 4.56380558013916 -1 1148.669677734375 4.6455535888671875
0.9997281129159215 0.0030017746072737504 -0.02309796011579822 -0.001083435861796689 5.065745624235231 -0.4350519662815241 0.019342585931101615
5.705191612243652 229110 1004.7935791015625 5.3547444343566895 -1 808.4528198242188 6.400633335113525
0.9997380881157822 0.0032339327270934056 -0.022390145617561426 -0.003460957806942345 5.096065776896344 -0.46189358381226553 0.0148871520700041
3.4253556728363037 -1 1170.72998046875 3.4253556728363037 -1 1017.1339721679688 4.055649757385254
0.9997203258851204 0.003628862747016874 -0.02326721626012561 -0.0021766981455047445 5.124321276862408 -0.45658122265713297 0.023217793737797914
2.4260940551757812 228593 983.5552368164062 3.4131364822387695 -1 387.7910461425781 4.090879917144775
0.9996860777228159 0.003220507666866352 -0.02482905423885733 0.0009446709182094126 5.1575521087296865 -0.42374271953062337 0.04194801924185985
5.1064066886901855 227740 1057.7252197265625 6.035699844360352 225089 1125.62451171875 5.060503959655762
0.9996812378222434 0.001553974645821587 -0.025083427203627835 0.0024144541221176228 5.199276097482786 -0.40126007103819034 0.0498306746741566
3.7293879985809326 224058 265.0959777832031 4.177936553955078 -1 1134.2410888671875 23.207536697387695
0.9997005194363002 0.002200178249799471 -0.02410735094252013 0.0035869604116560215 5.245869651068723 -0.3914610754222089 0.03510471292547275
2.7823662757873535 -1 887.2789916992188 8.910907745361328 235271 875.1400146484375 9.814383506774902
0.9997013741433197 0.005385505367092985 -0.02319105944537947 0.0055075974526394254 5.294773025433558 -0.3769392814661297 0.02008739276340997
3.1837363243103027 -1 393.8279113769531 4.711918354034424 -1 1089.490966796875 5.486810684204102
0.9996818464329725 0.005392466396927534 -0.023237517529480202 0.008194205122391966 5.325642721215893 -0.32409897704061286 0.02525933092923473
2.800414562225342 -1 665.345458984375 5.860360145568848 -1 913.4921875 11.407462120056152
0.9996528924524553 0.003601696446198609 -0.023995298965815582 0.010263918437441396 5.343850079438482 -0.25769709862013784 0.03762921084058908
4.182125091552734 -1 430.0663146972656 5.009181976318359 -1 854.7536010742188 6.232794284820557
0.9996414962580306 0.003221363178046846 -0.024029414861870258 0.011361734008373557 5.352974281034688 -0.21240466896517318 0.03870691894304495
3.591756582260132 -1 711.7355346679688 3.336960792541504 -1 1204.515380859375 4.729878902435303
0.9996255690127545 0.004780396278743066 -0.02458851056180545 0.011012480905644583 5.349854608440317 -0.20186327788071168 0.03768404138421258
3.5030770301818848 -1 917.3472290039062 4.652300834655762 -1 917.3472290039062 4.652300834655762
0.999622071872505 0.006755248321545318 -0.02464883160526358 0.01012497634221125 5.346387982832836 -0.20721912451797062 0.02594434992151538
3.414634943008423 -1 659.3162841796875 4.6284637451171875 -1 974.417236328125 4.8977813720703125
0.9996135043720998 0.008290028892328901 -0.02432003480879492 0.010613821403877772 5.347163633343499 -0.1948514550689716 0.014380460716750103
1.4268782138824463 -1 1538.802978515625 2.8927204608917236 -1 471.4279479980469 4.442995071411133
0.9996087430810378 0.00808526102648839 -0.02499001006126647 0.009617104929202825 5.339844565654564 -0.1845871499766133 0.019275401220036802
4.667751789093018 -1 899.2720336914062 5.8859100341796875 -1 1245.6954345703125 5.5052337646484375
0.9996170379525565 0.007485759324139039 -0.025177612919764034 0.008707964742741096 5.332887982483349 -0.16926157941971057 0.020630278470062324
3.1845364570617676 -1 1256.93408203125 4.764257431030273 280805 413.433837890625 5.202091217041016
0.9996352981867839 0.00812670219308927 -0.024537903598539013 0.007817839693513231 5.33517945388156 -0.16300184285700609 0.01384239526536265
0.8700070977210999 -1 653.0492553710938 3.7594821453094482 236604 557.4017333984375 4.78130578994751
0.9996469475446063 0.009280338000489592 -0.024081583295767258 0.006319251325661657 5.34002940233204 -0.16187861418837926 0.0072506715414258445
0.9179531931877136 -1 1089.4259033203125 2.5735373497009277 -1 700.4293212890625 3.415144205093384
0.9996521144712658 0.009249464008780683 -0.02403160241047713 0.0057078484792676435 5.343078090625699 -0.13800620123032725 0.006197531644680329
2.9310226440429688 -1 966.3779296875 3.415354013442993 -1 260.26025390625 4.700538635253906
0.9996712809269788 0.008518036352371892 -0.023836096418769596 0.00407598503778684 5.343554382434114 -0.11689445468747164 -0.00014773953911098242
0.5 -1 0.5 0.5 -1 0.5 0.5
0.9996626361116813 0.008248963531513904 -0.0245154193109087 0.002358554411171539 5.330431341422738 -0.0996396258725569 0.004540801254614378
3.665860652923584 -1 273.7486572265625 4.6777825355529785 -1 1058.35107421875 4.661402225494385
0.9996113124633972 0.008898440738530796 -0.026325810458872664 0.002234603166344828 5.30571632737423 -0.07127951889685762 0.018483014569384545
0.5 -1 0.5 0.5 -1 0.5 0.5
0.9995796150728731 0.01000336166795226 -0.02718022560421965 0.0013271104742504029 5.285178441442073 -0.05887019026198471 0.017262006272574678
2.3745250701904297 -1 686.2274169921875 4.673269748687744 -1 686.2274169921875 4.673269748687744
0.9996174729770206 0.011206095394202356 -0.025266907571105803 -0.0009563089692178077 5.281547244919956 -0.06296770582966954 -0.012084802084979272
2.8376665115356445 240698 1591.35986328125 3.6413567066192627 -1 383.2666320800781 4.882693767547607
0.9996461943141324 0.0131943698189967 -0.02305525130148867 -0.0013602153420629894 5.282142020770075 -0.04614359027737716 -0.037997640491464243
1.419496774673462 -1 869.2310791015625 3.3707451820373535 -1 819.97900390625 4.895724296569824
0.9995950896621745 0.015344752747322879 -0.023929442440963452 -0.001255814818175329 5.263759334571362 -0.020932555134838073 -0.03091880359855708
4.013023376464844 -1 439.6305236816406 4.367666721343994 -1 1028.6734619140625 4.799846172332764
0.9995466980407203 0.016483836535012213 -0.02517094287716364 -0.0010512866663494591 5.242167111480625 0.013180788819811643 -0.02220085232405571
3.799750566482544 -1 768.218505859375 3.3486716747283936 -1 664.1008911132812 4.848758220672607
0.9995610843283235 0.01674889253105361 -0.02434512111393733 -0.002104370052352904 5.237960447163231 0.031049473548456052 -0.0395227881085919
2.4373860359191895 -1 858.75 3.20560884475708 -1 313.12213134765625 4.387694358825684
0.999593317001795 0.017687335766560237 -0.02216468078081088 -0.003014246956540115 5.246877783618634 0.04309704991361554 -0.0738707313856101
2.363027572631836 -1 830.2754516601562 3.197530746459961 -1 535.029541015625 4.161599636077881
0.9995781977496715 0.019620669707329376 -0.021237619191404086 -0.002723863953185731 5.254999861854621 0.06189544410523288 -0.09601182241916895
3.467918872833252 -1 1178.9716796875 3.8309082984924316 -1 236.83804321289062 4.57145357131958
0.9995168028008757 0.021382695345465306 -0.02255230673022852 -0.000578549586608885 5.255230693776723 0.10635297085618939 -0.09248460539065291
3.3018789291381836 -1 310.2821960449219 4.894922256469727 -1 446.908935546875 4.970503807067871
0.9994849938749759 0.02174203247357201 -0.02359576957896294 0.0005202889910440683 5.2532644136170825 0.1573917232946572 -0.08296572839804986
1.8921458721160889 -1 798.9905395507812 4.473612308502197 -1 1063.5135498046875 4.879049301147461
0.9995370963448188 0.020377929278292278 -0.022585304304236185 -0.0004868864161852287 5.257777197861804 0.20191240251645667 -0.08799679165324621
19.87574005126953 -1 1044.018310546875 33.21025848388672 -1 803.7145385742188 35.07980728149414
0.9995605022670069 0.017885373867738863 -0.023624660194317432 0.000889460535030792 5.245576440379496 0.27624304620508333 -0.07648455402197134
2.570359230041504 -1 991.0942993164062 4.147374153137207 -1 1087.2088623046875 13.810401916503906
0.9995119916797552 0.01638421365748472 -0.026515353443858428 0.0020668969355691863 5.215035294573426 0.34039727273858106 -0.04637259476337732
7.992003440856934 -1 771.3236083984375 19.890628814697266 -1 874.7886352539062 32.082489013671875
0.9995186703156037 0.014888339171682457 -0.02709064925710063 0.00261949805595871 5.1996262741645545 0.39326822337285783 -0.03920186473769891
2.7866313457489014 -1 967.5441284179688 3.0131542682647705 -1 853.5355834960938 6.75309419631958
0.9995646281910675 0.013420073023619866 -0.026189577915749718 0.0021358178500459793 5.1983381469253 0.4306848422088567 -0.051621105028203836
1.6318775415420532 -1 1177.9932861328125 3.1776373386383057 -1 741.8781127929688 4.489626884460449
0.9995429181326946 0.01289864126883005 -0.027293802826973277 0.0016211697745167318 5.191982071035861 0.455654077964878 -0.04497907863286891
3.977890729904175 -1 399.6767883300781 4.529698371887207 -1 468.2307434082031 3.989354372024536
0.9994876750246044 0.013462078415777984 -0.028739759385741588 0.0041456180586200864 5.183257131496834 0.5094091402254564 -0.03316411834417311
3.4189915657043457 -1 259.5137023925781 3.4189915657043457 -1 404.7462463378906 3.816425085067749
0.9995060773775106 0.012670159291438995 -0.02842031277344381 0.004399337542300318 5.1894360400108885 0.5545372476067755 -0.034798235073500994
2.638394355773926 -1 566.3900756835938 3.24817156791687 -1 452.618896484375 3.956590414047241
0.9995707455027282 0.010964727443641773 -0.026935025042282894 0.003550199033667321 5.206930901680828 0.5922191355312493 -0.04925763946549838
2.2508833408355713 -1 1178.3995361328125 3.962465286254883 -1 1224.9744873046875 3.905425548553467
0.9995882920067616 0.010335547743270303 -0.026507907004567028 0.003708611881686712 5.215046838700079 0.6352548623484987 -0.054725327955535454
4.815413951873779 -1 1478.2076416015625 4.914247512817383 -1 814.8656616210938 5.679468631744385
0.9995775783045532 0.010092713280774107 -0.027019495314637012 0.0035705689153575316 5.212838449238213 0.675232091237417 -0.046860313363343606
2.4023890495300293 -1 1041.111328125 2.750150442123413 -1 1058.650634765625 2.356961965560913
0.9995960526046288 0.008590411468820985 -0.026924099911238904 0.0030048780358304587 5.20729866838138 0.7131884641524314 -0.04990999055385493
1.3188294172286987 -1 494.1024475097656 3.4500458240509033 -1 1202.941650390625 3.5847573280334473
0.9996135807072221 0.006855215639624828 -0.02689530329798899 0.00152903392032013 5.202736294739816 0.7416103848168881 -0.05238250053778391
3.309682607650757 -1 836.7726440429688 5.270298957824707 -1 934.4102172851562 4.903770446777344
0.9996437814725856 0.005243591615420425 -0.02602932005802601 0.002699890271296153 5.205078968173575 0.807453131654913 -0.054641713888046825
5.490415573120117 -1 342.9729919433594 6.605887413024902 -1 792.25390625 6.8980712890625
0.9996516746194855 0.003891623377196738 -0.025950549076496954 0.0028202305893068576 5.209165517047567 0.8503140236033533 -0.05181642080035843
2.8559300899505615 -1 1164.134521484375 3.6059675216674805 -1 1199.4991455078125 3.3277926445007324
0.9996463176022173 0.0023125296894011627 -0.026218276869300956 0.003807081397510685 5.208484993539688 0.9006499209264228 -0.04698022067508242
3.0174667835235596 -1 570.6127319335938 4.97554874420166 -1 651.5772094726562 5.520512104034424
0.9996528126226634 0.0015689107585193326 -0.02604449228016143 0.003671124691300097 5.20779314800172 0.9294751059640711 -0.05297467786461697
1.743111491203308 -1 404.7157897949219 2.631023645401001 -1 862.1903686523438 3.4374752044677734
0.9996504004163685 0.0011039057019792558 -0.026237181750088538 0.0030771144613091395 5.200927471877438 0.9492384732737613 -0.04901258801900195
3.880038022994995 -1 1278.2515869140625 4.930877208709717 -1 1360.490966796875 4.767758846282959
0.9996318620689902 0.0002258940545730841 -0.026966413113879033 0.002983600531421264 5.179841182999331 0.9790883040736562 -0.03664811458228228
3.6055240631103516 -1 742.9630737304688 3.8225350379943848 -1 742.9630737304688 3.8225350379943848
0.9995755229307738 -0.002176157824027342 -0.02895780054647989 0.0023418117570408806 5.145051780671737 1.007339834234002 -0.008471587836691111
3.631564140319824 -1 950.4013061523438 3.631564140319824 -1 1339.895751953125 4.269752502441406
0.9995566003344883 -0.0046500485644290455 -0.02937270471073241 0.001491306167309596 5.115371447806485 1.025909444500438 0.001545449493977907
3.125868320465088 -1 733.2915649414062 3.1502771377563477 -1 765.1486206054688 5.325496673583984
0.9995807507674102 -0.005625108542500763 -0.02839112500152275 -0.0007904873773040367 5.093281355795052 1.0187832846514835 -0.0018148078928994082
2.384218215942383 -1 654.3060913085938 3.911384344100952 -1 739.5095825195312 4.225403785705566
0.9995928052464852 -0.005522469226636197 -0.027994964570607007 8.939683215062142e-05 5.0572939573558475 1.035685784910991 0.003810354294546348
4.164091110229492 -1 665.5366821289062 4.164091110229492 -1 1409.9117431640625 4.080124378204346
0.9995964639649051 -0.005721639779592754 -0.027494817528991404 0.004266975057137084 5.016920862876923 1.0858980871222936 0.011473364326461843
4.160225868225098 -1 571.73681640625 6.017043113708496 -1 878.4974975585938 6.017178535461426
0.99959157097627 -0.006845391293220897 -0.026823976639779677 0.007092681331042474 4.977192923627852 1.1257824323469228 0.01582637468125814
3.9564218521118164 -1 568.3812866210938 3.9564218521118164 -1 711.028564453125 4.557913303375244
0.9996632995415506 -0.007802859819480567 -0.023869337861302367 0.0065312815281967735 4.946903464562256 1.1234320926716594 -0.0045248365410612505
1.1366779804229736 -1 610.7490234375 3.592301607131958 -1 920.197998046875 3.9025771617889404
0.9997497873100086 -0.00860476319791564 -0.019307481597033938 0.007317238432665373 4.9054894240361255 1.1271941193230226 -0.03578053061551171
3.475949764251709 -1 263.2932434082031 4.475346565246582 -1 782.3233032226562 5.277606010437012
0.999829024783333 -0.008675920023372615 -0.01541083641209428 0.0053996049519317345 4.864254112909758 1.1021010138274714 -0.052831397452092
3.4450149536132812 -1 1097.7938232421875 3.9593164920806885 -1 701.947509765625 5.243500232696533
0.9998568586911397 -0.009239349165377086 -0.013681774339571826 0.0037021083463037855 4.798958234195556 1.0820753642327843 -0.04520657762527196
157.04171752929688 -1 1017.02587890625 157.04171752929688 701238 987.786865234375 203.291015625
0.9998647552184756 -0.010142739023831405 -0.012737246295120795 0.002314880949386127 4.734616464315305 1.0740396702713044 -0.028598115530516603
6.471954822540283 -1 1588.5430908203125 6.711716651916504 -1 733.8218383789062 10.63679027557373
0.9998641447636347 -0.012004617186553669 -0.01081213157679314 0.0032678728640926215 4.679442134621441 1.0934536126109502 -0.022530634503925753
2.8885819911956787 -1 626.0078735351562 3.8594110012054443 -1 476.14129638671875 5.5745038986206055
0.9998568016631897 -0.012742337491174812 -0.01075983146433565 0.002869674193561672 4.633898615245306 1.0924188548540836 -0.009396351088020422
5.556044101715088 -1 1174.407958984375 5.556044101715088 -1 758.8712158203125 8.186904907226562
0.9998589960187658 -0.012271611222650568 -0.010472740544216572 0.0046601871034683915 4.584732803219541 1.1033894025239592 -0.0027454467605116137
3.6501967906951904 -1 256.0315856933594 4.617430210113525 -1 549.8341064453125 4.659116744995117
0.9998539351684856 -0.012281684163764718 -0.010012001373412585 0.006405340794521347 4.538980343654542 1.1152605267135445 0.00040256179878561855
3.5629003047943115 264890 312.60540771484375 4.548256874084473 264428 538.8787231445312 4.804279327392578
0.9998194894978626 -0.012736865697723818 -0.009945083816429456 0.009992796421212336 4.476433061127281 1.1477882960764698 0.010106072637399469
4.493802547454834 265983 689.256591796875 4.493802547454834 -1 207.4420166015625 5.392698764801025
0.9998158621521176 -0.012504769507872184 -0.009255836034657258 0.011233967592635187 4.4261767865762645 1.1529137570422825 0.01950116992523018
2.6788828372955322 -1 810.2298583984375 2.3147470951080322 -1 490.9418640136719 3.7520127296447754
0.9997977387598395 -0.012653359267377843 -0.00906343833881326 0.012736881700050618 4.380478565100377 1.168950660230442 0.033502735241283055
3.3987834453582764 -1 182.52230834960938 4.240888595581055 266345 547.6597900390625 5.1879987716674805
0.9997717838151479 -0.014089462376807724 -0.008739855981404763 0.013471534969492825 4.338301370383324 1.1872623306337873 0.03880755441756923
2.9581496715545654 716963 961.4222412109375 5.5348711013793945 -1 727.459716796875 7.1660051345825195
0.9997624058047535 -0.014415687266776868 -0.008670341944756486 0.013861640259320006 4.291217491459466 1.1943573157575869 0.03824457539681746
3.829563617706299 -1 577.7705688476562 4.128081798553467 -1 478.6230773925781 4.4693684577941895
0.9997818448922937 -0.012737793873759647 -0.008376368837423927 0.014277523457890897 4.248346906507976 1.1880092587668856 0.03892199426116604
4.103588104248047 -1 722.5232543945312 3.657254695892334 267425 419.371337890625 3.9622206687927246
0.9998126486289051 -0.011357570892457638 -0.007454643228905258 0.0137877307562291 4.210363676464915 1.182012934671962 0.034107877482663314
3.60526704788208 266346 444.4024353027344 4.350239276885986 699254 444.4024353027344 4.350239276885986
0.9998235351532376 -0.012274764095159539 -0.006275509177360712 0.012761140413598547 4.1639463857919745 1.1821900785066448 0.019723006740877996
3.055326223373413 -1 410.3856201171875 4.905032634735107 267422 424.55072021484375 4.350260257720947
0.9998399317516135 -0.012317783705345543 -0.00569588908986477 0.011659327896292237 4.114627751994313 1.1724267746886894 0.017702864537972544
7.6106743812561035 -1 566.6505737304688 20.297035217285156 346317 488.3891296386719 21.431161880493164
0.9998393470601055 -0.012156474900033683 -0.005847610310913842 0.011802781116271002 4.0664545203115265 1.1689031071371414 0.024430230992655698
0.5 -1 0.5 0.5 -1 0.5 0.5
0.9998138460743873 -0.012470928836454846 -0.006310056587095183 0.013301590798291985 4.0182505683597265 1.179480507565001 0.03395635277510371
2.982138156890869 702340 938.0795288085938 4.557084560394287 269223 1161.2003173828125 4.697117805480957
0.9997999906951036 -0.013024171579738671 -0.005478303143715785 0.01415407204298379 3.9844272998475647 1.190524073299607 0.03259956930734809
2.5009214878082275 -1 647.7725830078125 3.6955039501190186 -1 924.44384765625 3.6270251274108887
0.9998251843664719 -0.013307008813674583 -0.0035452887614196267 0.01264733768748917 3.952377391587471 1.184243109214319 0.02409965173860041
3.457728147506714 284325 833.6551513671875 4.077098846435547 284725 883.607421875 4.299214839935303
0.999848306545938 -0.013685323942943793 -0.0024544462492779103 0.01049054333226192 3.9134703330123832 1.1723835850440614 0.02342823205042928
4.225411891937256 304572 644.444091796875 4.8887810707092285 293461 1385.9710693359375 4.105972766876221
0.9998391050448402 -0.014651446497023294 -0.0017063898954897295 0.01020722157115272 3.859451790452968 1.1789046433657218 0.027940444926707983
3.393138885498047 272815 887.5982055664062 4.527115345001221 -1 887.5982055664062 4.527115345001221
0.9998216370733596 -0.015904920135039035 -0.001037247469343903 0.010131716198779447 3.820204490860256 1.1830822314880687 0.026731463520265165
4.479140281677246 -1 319.37664794921875 4.330644130706787 -1 319.37664794921875 4.330644130706787
0.999813959418501 -0.015990576177499972 -0.0005759422834806305 0.010771087034167308 3.7783358611481193 1.1873795810213992 0.025188419490910188
2.0408387184143066 -1 133.06922912597656 4.539411544799805 -1 309.376708984375 4.561578750610352
0.9998175097107808 -0.014833503654074187 -0.0003951111418840073 0.012031555687565624 3.733687643522266 1.188595434034723 0.021517241323342474
2.483400821685791 -1 818.5809326171875 2.483400821685791 -1 553.031494140625 3.533212423324585
0.9998436876053786 -0.013332774476619246 0.0005105361686654697 0.011600725548614845 3.7008265502558233 1.1757901769932833 0.012049337951826652
3.484387159347534 278439 661.46240234375 3.46557354927063 -1 661.46240234375 3.46557354927063
0.999858381636685 -0.013455091244120315 0.0015646124449166573 0.009986449738468869 3.669100648420259 1.1643135101746394 0.006199053567877284
4.079444885253906 272819 647.357666015625 4.924112319946289 -1 647.357666015625 4.924112319946289
0.9998445607662891 -0.014841254862723531 0.0009277104732368593 0.009472634978923701 3.619900729850996 1.1670701177321205 0.01831067695361977
37.101226806640625 -1 792.5274047851562 62.46111297607422 -1 1328.009765625 63.38587188720703
0.9998174050352869 -0.01629528926318267 -0.0003526402447130014 0.009974757199657982 3.566914679571402 1.1756467681597151 0.03834137851118857
2.183012008666992 -1 984.468994140625 4.11239767074585 276563 425.6741638183594 5.709353446960449
0.9997903279608426 -0.017206531148701777 1.0835383951420669e-05 0.011101138877346418 3.5290850584341382 1.183509586978647 0.04686307695804072
3.9605424404144287 -1 777.4158935546875 3.5763869285583496 -1 777.4158935546875 3.5763869285583496
0.9997776842898941 -0.017863376051650625 0.0008472246059630224 0.011169780769613703 3.4975150320180632 1.1819874859680612 0.04298877579840985
4.065450191497803 -1 768.1874389648438 4.763158321380615 -1 768.1874389648438 4.763158321380615
0.9997891133928044 -0.016850577254351445 0.0013999848745692909 0.011654476812636434 3.458447022087053 1.1722816042245408 0.04306117074819316
2.3731212615966797 310195 936.8501586914062 4.089866638183594 276562 1197.1053466796875 4.693005084991455
0.9998136384126464 -0.015612373315580257 0.001208047715802669 0.011290830980816744 3.408305663896921 1.1580606778989109 0.04645522634632855
3.175705909729004 -1 442.2294616699219 3.6817002296447754 -1 702.473876953125 7.261428356170654
0.9998057973284226 -0.015514967026971123 0.0013721778838176111 0.01207354771740804 3.349889615369302 1.1598604441588278 0.037980241729675596
0.5 -1 0.5 0.5 -1 0.5 0.5
0.9997813664811515 -0.01543391910567615 0.001864176165316038 0.013983498322868741 3.3019423404422787 1.1685907492240937 0.023482315844207177
3.1220195293426514 307568 1049.579833984375 2.0472660064697266 294388 1488.3065185546875 4.692142963409424
0.9997848581558858 -0.014336217841760271 0.0022555972390617468 0.014819667381695888 3.2641563072030984 1.1611180529532008 0.009970303858528559
2.836118459701538 -1 1329.863037109375 4.677380084991455 281666 26.294965744018555 5.021004676818848
0.9998208019072324 -0.012493565599912788 0.0028273047926574055 0.013938480540894308 3.2365937856785125 1.1390546280123846 -0.0032327476946467054
3.4269046783447266 -1 897.1469116210938 4.121058464050293 371182 1409.4749755859375 3.758751630783081
0.9998198024404993 -0.011625150684136143 0.002872075598439168 0.01472989141742488 3.206378063222988 1.1433347369295201 -0.003801528402808937
2.971816062927246 -1 564.3479614257812 3.689591884613037 -1 1015.5805053710938 4.055748462677002
0.9997978735075915 -0.012961627432233962 0.002030103054939443 0.015234402698903578 3.172574157319878 1.1614286745640408 3.375540158653453e-05
2.767364263534546 -1 1195.1329345703125 2.872203826904297 -1 628.8082275390625 4.4289774894714355
0.9997787358502467 -0.013631015904360874 0.0014515690287382177 0.015955177669104384 3.1350078621064306 1.1767125974662243 0.00372221361188371
4.757973670959473 282598 682.8587036132812 4.1863484382629395 731126 694.6758422851562 4.662639141082764
0.9997666360428685 -0.013459965885584822 0.0010315839544996887 0.01686530783680505 3.097643255423106 1.187439943348959 0.0072665348596209385
4.446867942810059 -1 108.21419525146484 4.446867942810059 -1 248.13632202148438 4.354506015777588
0.99976506015885 -0.013791703798454773 0.000578866074640938 0.016711621883417266 3.0583103345578717 1.1950461588883348 0.008009479263204661
3.141709804534912 -1 948.6522216796875 3.6345014572143555 -1 1233.220458984375 3.9614651203155518
0.9997751034503112 -0.01422343496385795 0.00012208943250160425 0.01572963804157163 3.0138744392714254 1.196666111151522 0.006770532674547817
3.5238049030303955 272342 636.1929931640625 3.5238049030303955 -1 1095.3829345703125 3.8431336879730225
0.9997726287232882 -0.014072847829231624 0.00013294090647592436 0.016019617236903354 2.965646649475695 1.2006823425019038 0.00461808536118416
3.414839267730713 -1 620.3209838867188 3.414839267730713 272342 1078.0140380859375 3.50666880607605
0.9997803207424616 -0.013252904866176895 -0.0005080961794297828 0.016229990972927447 2.9128962067511956 1.1993512260164894 0.005933019535379235
3.3296937942504883 284325 200.3873291015625 4.51193380355835 -1 475.5392150878906 4.830517768859863
0.9997598259940065 -0.01337757625188783 -0.000354759599705127 0.017355256485726417 2.8670115816131716 1.2039645976348161 -0.0003810956128905738
1.0205591917037964 -1 1.0166125297546387 1.0205591917037964 -1 1.0166125297546387 1.0205591917037964
0.9997760933484519 -0.01321114073793101 0.0005618310358288152 0.01652008702148773 2.8367388125691573 1.199673542953432 -0.0043935695650121976
0.9637484550476074 -1 530.5836791992188 4.441720008850098 282598 577.9021606445312 4.914920330047607
0.9997436723313998 -0.013806295022771434 0.0018190124431697089 0.017851247709964723 2.8086279799040588 1.210403312335339 -0.017721351916835392
2.1790213584899902 284387 146.65594482421875 3.4990487098693848 285882 842.570556640625 4.409238815307617
0.9996955815921525 -0.015163018754133445 0.002875772805911501 0.019249855536044736 2.784577349313453 1.2175110151013002 -0.03527277878044099
1.1073145866394043 -1 1.108506441116333 1.1073145866394043 -1 1.108506441116333 1.1073145866394043
0.999675035491094 -0.014941678508988664 0.004491758939995316 0.0201592103227996 2.7579031376278778 1.212343770495996 -0.038503402908947236
3.661674976348877 283054 236.49375915527344 4.794673442840576 294355 517.2083740234375 4.8941497802734375
0.9996833317067743 -0.015062639052836212 0.005541491380693252 0.01938156561491481 2.7124650019620233 1.2026757073531136 -0.031065264610276387
2.886890172958374 -1 806.4187622070312 3.7657153606414795 -1 1270.6383056640625 4.599625110626221
0.9996909161690904 -0.016977824993887277 0.006330077562055212 0.01702221212239879 2.6588745662665283 1.19167306971306 -0.02989634470630499
4.4345269203186035 -1 212.6743621826172 5.708305358886719 278439 553.5846557617188 5.704360008239746
0.9996779176255047 -0.018040095420251305 0.007866667020522801 0.016022843666197006 2.601789855451907 1.1889184354505593 -0.03661787321205573
5.840269565582275 785063 1232.44970703125 5.847556114196777 -1 1232.44970703125 5.847556114196777
0.9996930673474834 -0.018087739850528847 0.007024969562849402 0.015403070055043473 2.5627268991646956 1.1975029641239703 -0.04976187118296549
1.392441749572754 -1 156.7663116455078 4.389684200286865 272815 951.4496459960938 5.010871410369873
0.9996932557821443 -0.018797945374408563 0.006807247332796054 0.01461824124671969 2.566346657003618 1.193316579982431 -0.0795979855359824
3.83805775642395 284489 467.1817626953125 4.740228176116943 272819 606.2366943359375 4.700491905212402
0.9997380187806881 -0.018343116238274667 0.0055336846549566086 0.012522069528362526 2.5919115425674075 1.1656595294214804 -0.08768693462056683
3.98818302154541 294139 952.6552124023438 3.98818302154541 -1 134.7124481201172 4.582501411437988
0.9997651756939677 -0.01745525000182564 0.003472928000136652 0.012363109968349896 2.61382878983822 1.1427196306092402 -0.063420399879247
1.305016279220581 -1 485.19219970703125 3.943233013153076 -1 199.10540771484375 4.85653018951416
0.9997026734002362 -0.019969435027429053 -0.0063516402809601444 0.012467683299121056 2.5829360773217287 1.1321649169687982 0.013550295436031421
40.73179626464844 -1 1511.795166015625 58.45258712768555 -1 823.8397827148438 146.8114013671875
0.9995553754188834 -0.02268992675850299 -0.017513928520259747 0.008214682142130598 2.517404318423114 1.1130071130530037 0.10309669269559747
26.408170700073242 -1 1002.4227905273438 197.806884765625 -1 1355.3011474609375 202.12843322753906
0.9993215696541314 -0.02702796616960256 -0.023407872148656177 0.008829552095670401 2.4527455049395495 1.1227601441948774 0.15498810608096306
6.8589277267456055 -1 852.9989624023438 65.4074935913086 723339 1270.9259033203125 108.49517059326172
0.9991139978901149 -0.02971835020812563 -0.02837902307385127 0.009092300606154527 2.385593859409662 1.1263452180917632 0.1778034141189019
5.158907890319824 -1 1224.257568359375 8.058565139770508 -1 707.50732421875 8.653328895568848
0.9990661605470375 -0.029686141104635373 -0.027750115020631183 0.014678930221876767 2.349344597472205 1.1451523457174435 0.18295252618208924
3.1148135662078857 -1 641.2822875976562 5.824948787689209 -1 641.2822875976562 5.824948787689209
0.9990695038484694 -0.02771738471492702 -0.027068283503436548 0.018952073572977828 2.3115076526062297 1.1542828352538017 0.1966202477729266
3.80875825881958 274496 877.5582885742188 4.270674705505371 320899 784.3425903320312 5.215940475463867
0.999088337511105 -0.026973983673535894 -0.025216260263461247 0.021425178468371383 2.268448082590224 1.1568696412824748 0.18980850563894502
0.9494081139564514 -1 0.9496102333068848 0.9494081139564514 -1 0.9496102333068848 0.9494081139564514
0.9991383567590671 -0.02375684226553858 -0.02158966396229414 0.026306708428780374 2.2354249558538517 1.1713413777313726 0.16773290976087946
1.0680735111236572 -1 1.077591896057129 1.0680735111236572 -1 1.077591896057129 1.0680735111236572
0.9991774008065417 -0.021621550181651454 -0.019125618417379323 0.028482292839211176 2.2069478110115432 1.1772069492457007 0.14777667571994582
3.1755552291870117 -1 641.352294921875 4.376973628997803 -1 996.6566772460938 4.8584818840026855
0.9992559102611657 -0.02065005454535124 -0.01644956228910408 0.028117840526970177 2.1682464147959633 1.1783300251076665 0.13152068694550867
0.9542471170425415 -1 0.9531831741333008 0.9542471170425415 -1 0.9531831741333008 0.9542471170425415
0.9993618522952674 -0.020366294428371394 -0.013352933907128167 0.026130468505192843 2.1409528871307306 1.1688533020975853 0.11772421983409574
0.9731279015541077 -1 0.9735970497131348 0.9731279015541077 -1 0.9735970497131348 0.9731279015541077
0.9994781136876734 -0.021089152448752955 -0.009707986482694183 0.022461142152069354 2.1083163265776093 1.147354129319106 0.08860374016913153
1.197792649269104 -1 812.0762939453125 2.1979336738586426 -1 1120.2196044921875 2.9755489826202393
0.9995396832820468 -0.020667848711614145 -0.006797249501503987 0.02114376913593848 2.070638603731854 1.1310356861630564 0.06765105552928179
4.237236022949219 -1 1038.177490234375 4.940323352813721 277260 1038.177490234375 4.940323352813721
0.9995616199077243 -0.019799359929447414 -0.005960498518519932 0.021190229145551215 2.014246650256838 1.1322615707773733 0.06829950407970455
4.5962419509887695 270934 887.91064453125 4.584351539611816 -1 875.7669067382812 5.855746269226074
0.9995497651779689 -0.021058094923331164 -0.004120785767332006 0.02097242702995662 1.959067856487926 1.1532997977955368 0.07187013832790579
4.380753517150879 -1 1037.870361328125 9.589879035949707 -1 888.8276977539062 10.662714004516602
0.9995328326772898 -0.022951991895480646 -0.002179824334211885 0.020064167912351775 1.9016318723959043 1.1707248265121293 0.07316762463474032
4.181769371032715 762555 532.99560546875 4.238064765930176 -1 769.0034790039062 4.876152038574219
0.9995288902787625 -0.022888715994589758 -0.0009041311472225697 0.0204275971443838 1.8581313596956466 1.1680640887549678 0.06964053794413859
5.6376752853393555 311122 881.7201538085938 5.126336574554443 311279 239.5747528076172 6.103278636932373
0.9995552595799458 -0.021212889145872903 -5.5423688855294896e-05 0.020959325093303068 1.8119165035167668 1.1534832412011655 0.07093909326849776
2.495495319366455 -1 474.876953125 4.607273578643799 -1 540.0726928710938 4.664977550506592
0.999580847659517 -0.020300950262289744 0.0007367278080265608 0.020626624611567328 1.7629027539110926 1.146880260246653 0.07914625452270253
3.2711668014526367 276704 642.5496215820312 3.680450201034546 288003 710.2440185546875 4.1092610359191895
0.9995256049566019 -0.022243110163510174 0.0012090013833850426 0.021268460265095695 1.7195244359599329 1.166262190672318 0.0804057268704305
0.5 -1 0.5 0.5 -1 0.5 0.5
0.9994379937390814 -0.02477152779152282 0.0012302585794877227 0.02255115397272014 1.6773852312781843 1.1877982524596935 0.07844295115562222
3.2240562438964844 -1 694.4146118164062 4.6449689865112305 320899 997.591552734375 4.484316825866699
0.9994011201929954 -0.024902365146027883 0.0026146794524395 0.023883814990091456 1.6475942706104452 1.1934434744432252 0.07587083210811917
3.1791648864746094 -1 1373.6041259765625 4.065906047821045 -1 477.43511962890625 5.712544918060303
0.9994581083819752 -0.023373394106139145 0.0050449146753853555 0.022621292478571305 1.6205363028962974 1.1798143034601758 0.07528932615784371
4.336371898651123 318396 1005.7666015625 3.946118116378784 -1 386.28887939453125 5.25280237197876
0.9995053944162693 -0.02214649314865953 0.006248368249272417 0.021434954355345745 1.578792500907955 1.1673834402932302 0.0743197318725944
4.451098918914795 -1 776.4630737304688 9.254629135131836 731187 776.4630737304688 9.254629135131836
0.9995476682597529 -0.021647522059163947 0.005913209552149953 0.0200219284281336 1.525336821308523 1.1577205659635978 0.0746680562287029
4.360217094421387 -1 803.1286010742188 4.582483291625977 323714 757.9385375976562 6.110320568084717
0.9995648686177246 -0.020953979575365923 0.0055073926421222675 0.02001681272009628 1.4642884555306246 1.1528619831296134 0.07929241230197391
5.905176162719727 -1 733.2634887695312 6.755396842956543 762355 790.9313354492188 10.050087928771973
0.9995833433222716 -0.021082701091860293 0.005977875981295075 0.018786283988410073 1.4123330940926668 1.1516515618383945 0.08341527047917972
3.1549270153045654 -1 952.0068359375 4.289193630218506 317195 956.8878784179688 4.190826416015625
0.9995615035530516 -0.02182105659635371 0.0071722874222181895 0.01868690442300903 1.3703423691027397 1.159996492984963 0.08678127688983504
4.019395351409912 -1 520.4122314453125 3.8979241847991943 317873 973.3421630859375 4.668979167938232
0.9995691801293052 -0.022026405407028455 0.008207351124164824 0.01757643274383706 1.3323417520449126 1.1601633005920278 0.08672041884823868
4.4561076164245605 -1 947.6396484375 4.380350589752197 -1 572.3425903320312 5.248623847961426
0.9995765062555826 -0.021796903904182763 0.008798904635922644 0.017154661153261964 1.2869906014841435 1.1568001718565066 0.08851320573225861
3.810826301574707 -1 1454.6026611328125 3.4448649883270264 -1 896.6160278320312 3.9382572174072266
0.9995600719608387 -0.022124254538599793 0.009157185132369596 0.01750216738594843 1.2390394343161264 1.160265089232315 0.0951467404700157
3.476043939590454 -1 1334.3687744140625 4.351238250732422 -1 1098.603271484375 4.91023063659668
0.9995152715388471 -0.023669807875160345 0.008844983545033321 0.01818594022496318 1.186855059985894 1.167608787163628 0.09829150812569488
4.344955921173096 -1 1164.0377197265625 6.276401996612549 -1 666.66650390625 10.476285934448242
0.9995146299333963 -0.024070946905277685 0.00861323386942105 0.017801861321213985 1.1397790446427256 1.163639300773037 0.09833622058273729
3.993811845779419 -1 954.4161987304688 4.058847427368164 -1 1381.07373046875 4.441020965576172
0.9995348709846017 -0.023259509800828835 0.009010600068649285 0.01754554006075766 1.0970304646773221 1.1506947150612044 0.09520837728477641
4.525168418884277 -1 669.5348510742188 5.001396656036377 -1 824.6856689453125 5.198095798492432
0.9995885200052875 -0.02128350323486712 0.009176311498748688 0.016899658900945656 1.0538594901801392 1.1330372680812755 0.0971625685438562
2.3513238430023193 -1 211.55018615722656 4.438082695007324 -1 211.55018615722656 4.438082695007324
0.9996191015888313 -0.02063557284783093 0.009532432718350229 0.015651121316063686 1.0128074466382695 1.1233579938731912 0.09847912273101901
0.5 -1 0.5 0.5 -1 0.5 0.5
0.9996225378808656 -0.02095982799589439 0.009849564913568214 0.014780170567799645 0.9779347392318283 1.121623467210932 0.09729582854904338
0.5 -1 0.5 0.5 -1 0.5 0.5
0.9995721750977097 -0.021108693830043927 0.009347863850818568 0.01795848703676705 0.9285654843300414 1.1240399444512421 0.09700104963072906
1.601539969444275 -1 169.94776916503906 3.172577381134033 -1 878.2396850585938 3.540062189102173
0.9994873928024707 -0.02134542140152013 0.008653605156547704 0.022236000807382857 0.8818526399379017 1.118870116742143 0.08952878322054673
3.3078255653381348 -1 848.4620971679688 3.2352070808410645 -1 607.9511108398438 4.60689640045166
0.9994446225763128 -0.021357642166239692 0.0095495865307777 0.023729789747946907 0.8488481289931838 1.1034874865088402 0.0774069401641472
0.5 -1 0.5 0.5 -1 0.5 0.5
0.9994832335219894 -0.02010163545962892 0.012649695182418182 0.02166045641413457 0.8276185646861803 1.08200234081121 0.06137478463850477
1.042923092842102 -1 360.3645935058594 3.5981695652008057 305905 522.8069458007812 4.108165740966797
0.9994334142426085 -0.019819213388751335 0.01566155466103832 0.02224331318875381 0.8037766759033719 1.0699524476765634 0.04706060161862255
2.3628456592559814 -1 400.17437744140625 3.3148601055145264 273088 1093.73291015625 3.223208427429199
0.999358049288702 -0.019869979914932053 0.016712694282064573 0.024685199409659152 0.7764958786048795 1.0686359500038336 0.04790458962624873
1.162376046180725 -1 403.5882873535156 1.162376046180725 275186 883.787841796875 3.088014841079712
0.99933713908903 -0.020410060170803067 0.016915537464576726 0.024951482390059652 0.7672870681195179 1.0599532640239184 0.053685514934892646
4.961623191833496 724906 383.5951843261719 4.916077136993408 -1 383.5951843261719 4.916077136993408
0.9994414855381057 -0.018738387865164886 0.014676597842238407 0.02345607131163112 0.7555027729284175 1.0344143566228838 0.06249285066215366
2.234257698059082 -1 549.0000610351562 6.478357791900635 323784 578.7776489257812 6.583810806274414
0.9995244997884285 -0.018877838137258515 0.013590868538314609 0.02024079648456233 0.7563010180925761 1.0104596250209696 0.06704183031789279
3.9864816665649414 -1 1038.4444580078125 4.253066062927246 -1 356.5661315917969 5.7762861251831055
0.9994649906918107 -0.02244943258460665 0.010448994207627599 0.021367589431121388 0.7500119881163506 1.0086899345807259 0.0807160826820566
1.9531595706939697 319005 624.0726318359375 3.6051180362701416 -1 624.0726318359375 3.6051180362701416
0.9993289706427555 -0.027124010254467014 0.0059772867440403875 0.02387820229803411 0.7486491774757187 1.0262689889468601 0.0996544323736144
2.255397319793701 -1 1070.0843505859375 2.690006732940674 -1 1143.3768310546875 2.94749116897583
0.99917651122701 -0.03263771826448764 0.0037405423950735606 0.02381359068471926 0.7740188381020731 1.0585587549984745 0.10766200229022518
3.4557650089263916 -1 1080.63134765625 3.5324196815490723 -1 807.37939453125 6.508403778076172
0.9992207846435035 -0.03438304450788066 0.003464384865258863 0.019069027880198843 0.8128834868487419 1.0701343746663332 0.1064887974867874
3.563255548477173 -1 1212.038818359375 3.563255548477173 -1 348.14251708984375 3.9342641830444336
0.9994559837879878 -0.0311550006392115 0.001556943241830772 0.010708797005172176 0.8254686333474814 1.025028684902213 0.10812405518667327
48.019229888916016 -1 537.3975219726562 48.019229888916016 -1 866.5735473632812 50.027069091796875
0.999638397242392 -0.026483125216104027 -0.002954934056567987 0.0036037760989096504 0.7917341519508801 0.9727015689063679 0.11612493257434536
18.508045196533203 -1 828.0048828125 37.44055938720703 -1 906.9706420898438 89.29698181152344
0.9996226642141304 -0.024984091481533927 -0.009985130421667116 0.005533672627517534 0.7040526275727255 0.9577765379022839 0.1311373840926822
152.2301025390625 -1 1325.6746826171875 156.8103485107422 -1 767.2279663085938 161.9801483154297
0.9995313352802603 -0.025060571432568315 -0.015956762927980515 0.007379652376177832 0.620413214653199 0.9590233659480943 0.143307492361945
8.345697402954102 -1 1140.4405517578125 45.62311935424805 -1 229.96975708007812 46.730743408203125
0.9994896295853662 -0.024990962225807944 -0.014898366879025073 0.013189799948209874 0.5928879514758788 0.9664975818027891 0.15749667801692177
3.8914871215820312 -1 667.597412109375 6.350324630737305 -1 786.9765625 8.442463874816895
0.9993939671458093 -0.02472575906203981 -0.012743381899584554 0.020927051610974173 0.5857875903626596 0.9773146593274026 0.1871018652809463
3.032566547393799 -1 240.84031677246094 3.032566547393799 -1 457.4881591796875 3.5622427463531494
0.9992009797777086 -0.026591612905502195 -0.01324858934635326 0.026735052172808353 0.5505966654278218 0.9984114004047727 0.1996221121573777
0.6980214715003967 -1 898.5186767578125 2.910346269607544 -1 434.89654541015625 3.1249334812164307
0.9991092094119292 -0.02760315645602341 -0.01137273648461123 0.029824726097416043 0.524975850147312 1.0086240965579072 0.20200728830448095
3.151205539703369 -1 493.7850646972656 4.323057651519775 -1 589.3253173828125 4.910713195800781
0.9991417508746915 -0.02574145463579485 -0.007570550483116048 0.031556709867666906 0.49908175833545665 1.0017440922730363 0.20532518958561444
3.5204150676727295 -1 425.61669921875 3.5204150676727295 -1 437.5853576660156 4.043068885803223
0.999256256589017 -0.023779544365093493 -0.006376636829595705 0.029678366535859035 0.4446282026743057 0.9868794622308295 0.20477603167418654
46.26961135864258 -1 696.1180419921875 55.133060455322266 -1 696.1180419921875 55.133060455322266
0.9992525462021113 -0.022938979829264208 -0.0069769370749078515 0.030322837301989296 0.3567105810247116 0.9730949364707935 0.20213678873795982
87.99713134765625 -1 585.8716430664062 87.99713134765625 -1 566.6898193359375 150.15896606445312
0.9992535314690231 -0.022372122748391225 -0.007245130634073276 0.030649242282843252 0.26475694201239364 0.957242024350333 0.20496390082069574
137.67160034179688 -1 499.4752197265625 137.67160034179688 -1 509.66217041015625 150.03956604003906
0.9993319686477474 -0.02245851422076095 -0.006045570127866139 0.02819011634319012 0.18815937255364804 0.9412616931114729 0.20611067413198958
3.4058151245117188 -1 393.70806884765625 6.710241794586182 -1 1509.9661865234375 13.413582801818848
0.9993805220173946 -0.02216264342225877 -0.004351811398862414 0.02698983487030937 0.1260375868158576 0.9297998669179225 0.20668809528535706
4.248902797698975 -1 132.9152069091797 13.62525463104248 317208 132.9152069091797 13.62525463104248
0.9994237617571348 -0.021429109154480604 -0.003822944107283289 0.026044631201380536 0.06434830125982265 0.922764112345088 0.20933248140199018
3.635894536972046 -1 367.3756408691406 4.068843841552734 -1 1440.095947265625 18.95807647705078
0.9994079421478838 -0.021246096838887063 -0.0033155155705578516 0.026858441826479378 0.00729496349612684 0.9273448748446814 0.2160889953736931
3.490726947784424 -1 1112.9029541015625 4.088409900665283 -1 1212.4949951171875 3.8906936645507812
0.9993456851612825 -0.02282109337658378 -0.00177564655847574 0.02800439833175579 -0.03475873443760129 0.9473922297330913 0.22076693821443097
4.176557540893555 -1 606.6424560546875 4.691852569580078 -1 255.19830322265625 5.05778169631958
0.9992868561615748 -0.024624137043556607 -3.217020288726284e-05 0.028625686763021997 -0.07286957134029332 0.9633165763695803 0.22307468587269816
4.597661972045898 -1 1021.6380615234375 4.151587009429932 -1 1021.6380615234375 4.151587009429932
0.9993267181047273 -0.024422278150329307 0.001250431997935769 0.027351402739190993 -0.13432585815476275 0.9578442612738846 0.22798100228839802
3.587742567062378 -1 457.3825378417969 4.1292314529418945 -1 931.7382202148438 11.96473217010498
0.9993441402899726 -0.023843451800948046 0.0012847894133893487 0.027223673346459462 -0.19287138952450236 0.9484810399336131 0.23019344188012866
9.012001991271973 -1 430.6025390625 14.508302688598633 -1 1174.9052734375 20.941566467285156
0.9993441626046805 -0.023756401029337754 0.0010761458286740722 0.027307874106905165 -0.25446714350854754 0.9437264145730414 0.23288929636320194
0.5 -1 0.5 0.5 -1 0.5 0.5
0.9993650748220367 -0.023804520518222315 0.0013653353091036167 0.02647504274474734 -0.3067645260124443 0.9409582352997785 0.23319855948779733
4.123598098754883 -1 1032.488525390625 6.435069561004639 -1 835.8494873046875 8.060453414916992
0.9993927098524413 -0.023489903576276977 0.0022843584745852056 0.02563625616448005 -0.3610447233352979 0.9376774126085982 0.23138386838221808
3.4408161640167236 -1 1156.5872802734375 4.591244697570801 -1 367.3597412109375 5.955602645874023
0.9993704084954926 -0.022860335200275146 0.0027198611473881365 0.02699618590509521 -0.4112920576816336 0.9335848951410914 0.2301529195429356
0.5 -1 0.5 0.5 -1 0.5 0.5
0.9993596048124531 -0.022384033700567164 0.0033114933898840434 0.02771947539038593 -0.4528063799301041 0.9336721298350342 0.22625473034408494
2.4981870651245117 -1 697.81494140625 4.4984002113342285 -1 937.8792114257812 4.105651378631592
0.9993968013558622 -0.022390020840073792 0.004699997391817506 0.02612719715104037 -0.48801813164756025 0.9372123237094426 0.21922590476279377
3.9262914657592773 -1 1171.2044677734375 3.665105104446411 -1 1267.1480712890625 5.669236183166504
0.9994080402921587 -0.02207992054245242 0.004922527381122159 0.025919391050102394 -0.5299818985330275 0.9359981394345402 0.21302227615147792
5.365183353424072 -1 1158.8795166015625 6.347309112548828 -1 1011.219482421875 7.571941375732422
0.9994266484226628 -0.02162956234116763 0.005488083590447048 0.025464041196889498 -0.5758285732823372 0.9323358981083684 0.20859528934584315
0.5 -1 0.5 0.5 -1 0.5 0.5
0.9994444543967852 -0.021520180715295528 0.005274715090158468 0.02489662182327175 -0.623695822245313 0.9294499226909212 0.20412410288239444
3.8010287284851074 -1 783.400390625 8.577116012573242 -1 764.9854125976562 11.334253311157227
0.9994228765331941 -0.021851815169657524 0.0053770366717453754 0.025446011721639576 -0.6728706173664062 0.9203800780457442 0.20188117315176082
4.000197887420654 -1 1058.311767578125 5.18780517578125 -1 324.53082275390625 5.6869730949401855
0.9993697227789803 -0.02150344914612913 0.007510471832684499 0.02722777406132257 -0.6987991662661075 0.902236326527393 0.2006329072840263
1.2263164520263672 -1 800.218017578125 3.243309497833252 -1 472.5703125 4.460532188415527
0.999417587089356 -0.020367414585993567 0.007224513086226893 0.026409495455968737 -0.7156942601379686 0.880586099603664 0.18990879253587015
5.03035306930542 -1 249.32302856445312 5.537080764770508 -1 196.03672790527344 6.435420513153076
0.9994341223388927 -0.01716042862025995 0.004529316408799018 0.028573415741300536 -0.7393532636337107 0.8437818055368168 0.18073919507305578
7.869828224182129 -1 1010.2691040039062 11.56015682220459 -1 854.7568359375 12.419852256774902
0.999430078506624 -0.01605821072480551 0.0022401721488914646 0.02960800015712726 -0.7510046372709618 0.8227554065401307 0.17649665665826875
1.5688952207565308 -1 836.3126220703125 2.409815549850464 -1 906.2347412109375 3.4504199028015137
0.9993631302289905 -0.018163757986948213 -0.001175121502458209 0.03069252228409663 -0.7625992206282305 0.8167698508450982 0.173283032505361
2.8253469467163086 -1 748.7230224609375 4.335137367248535 -1 1077.0625 4.202234745025635
0.9993890909043264 -0.018173580417302854 -0.006630403427639135 0.02910676393258068 -0.7781401017108993 0.8132648585479789 0.1744296449710537
4.028642654418945 -1 726.5158081054688 4.92816162109375 -1 1225.7579345703125 4.72062873840332
0.9994350907698868 -0.016213139843759005 -0.008978247912203757 0.0280361284528008 -0.7824688425628534 0.7988868998617463 0.17936508804395612
3.445866346359253 -1 564.704833984375 4.20392370223999 -1 1466.1357421875 4.689222812652588
0.9995539917572152 -0.015560039628607508 -0.013318101642755525 0.021733175046606407 -0.816196013035037 0.7874428711155936 0.17394903423179925
2.139862537384033 -1 4.111964225769043 109.1630630493164 -1 559.087890625 111.41944122314453
0.999507963540262 -0.015548127997573616 -0.018894131067095532 0.019623922813469027 -0.8679112477913826 0.7774947565425255 0.15625456785125072
8.02943229675293 -1 515.7605590820312 8.02943229675293 -1 843.123046875 8.472112655639648
0.9994425341176504 -0.017523391110897395 -0.02310381898401032 0.0165458547321669 -0.9118141615627324 0.7756471037512385 0.1388243563766737
4.324802398681641 -1 467.60833740234375 4.324802398681641 -1 472.1838073730469 14.437407493591309
0.9994549659321866 -0.01749717766185724 -0.025265582573737608 0.012052808161207861 -0.9491607512948648 0.7722704182689895 0.13473453219019055
0.5 -1 0.5 0.5 -1 0.5 0.5
0.9995818112843626 -0.01596139719058062 -0.022892496953046213 0.007574294188387774 -0.9684283429756212 0.7643221252815651 0.14474549475288886
6.349209308624268 -1 335.3901062011719 6.349209308624268 -1 429.15313720703125 7.150728225708008
0.9996338847354521 -0.015332151677615143 -0.021582859482108814 0.005585856265532941 -1.0057051523549532 0.7569862576846693 0.15682510335114797
3.3993659019470215 -1 382.28076171875 7.231759548187256 -1 382.28076171875 7.231759548187256
0.9995998556658933 -0.01606049145965545 -0.022636934749055385 0.00545512162712281 -1.0742349295282956 0.75854898967169 0.16415450211221258
3.528381586074829 -1 653.774169921875 7.448305130004883 -1 653.774169921875 7.448305130004883
0.9995733175894009 -0.017663957864240253 -0.021485867748396063 0.00891767026680714 -1.1477166901234162 0.7607160910610333 0.17921484921319017
2.9849603176116943 -1 600.310791015625 3.4748361110687256 -1 608.833740234375 5.0985426902771
0.9995971205935716 -0.017733034969658598 -0.01930402781450617 0.010885333340884339 -1.2121219731074 0.7605929134491259 0.19826551960598915
3.238231658935547 -1 806.951171875 7.122200965881348 375496 806.951171875 7.122200965881348
0.9995866184312602 -0.017593435538342715 -0.018604601312402432 0.013074099935486957 -1.2753917273065938 0.7557192030948657 0.2075469320556458
4.679543495178223 -1 515.0733642578125 14.138474464416504 -1 1023.6784057617188 104.9324722290039
0.9996146610595312 -0.019152955506321994 -0.017158589518786037 0.010453539875912323 -1.3415433031841009 0.7755470401646215 0.20500294707979144
4.415771961212158 -1 447.68878173828125 4.415771961212158 -1 1371.653076171875 4.647641181945801
0.9996078773215528 -0.02065098065358904 -0.014310561681102386 0.012362702743178432 -1.4194092021095188 0.7935138120158913 0.20477407730175326
5.750722885131836 -1 475.031494140625 26.4248104095459 -1 413.8277893066406 30.939186096191406
0.9995922428704053 -0.022867377967165554 -0.012104966491514463 0.012078940535451938 -1.5051629669540245 0.8167049000488922 0.21228824936181848
49.97385025024414 -1 1075.032470703125 49.97385025024414 -1 408.63226318359375 56.49124526977539
0.9995808143602547 -0.023504878520765913 -0.009761850704871355 0.013799366631474946 -1.5952562751658423 0.8220053723002549 0.21744672083584934
50.656463623046875 -1 1234.9600830078125 87.46231079101562 -1 374.2433776855469 194.08277893066406
0.999693337609769 -0.021718448309970023 -0.00865655746690981 0.008161112330430244 -1.6866681535287409 0.8277220908061176 0.2134360310962188
71.6124038696289 -1 961.2674560546875 124.11193084716797 -1 1256.777099609375 200.77842712402344
0.9997518057153708 -0.020212291191745058 -0.007794070230912877 0.005200261807946898 -1.7763677839431526 0.8276861015843062 0.21192157539926557
228.51907348632812 -1 297.1736145019531 228.51907348632812 380159 300.46087646484375 228.88885498046875
0.9997659883550842 -0.020290199364921598 -0.006832367926067637 0.0030975936848325223 -1.859394748440109 0.8350105507482782 0.21065724483518478
29.244022369384766 -1 816.8417358398438 153.4687957763672 400913 1555.0831298828125 213.61734008789062
0.999760431638994 -0.02099976667232514 -0.006111159854859421 0.0008618897544049066 -1.926422861694377 0.8465091773026737 0.20731449361707416
3.679306983947754 -1 1113.8818359375 4.947641372680664 -1 892.2504272460938 12.379659652709961
0.9997692101661684 -0.02077952004048796 -0.005358525639225125 -0.0010120047315244152 -1.9827604547748998 0.8476023669188343 0.20448326408829265
4.753688812255859 -1 394.4626770019531 6.5694193840026855 -1 394.4626770019531 6.5694193840026855
0.9997982438368951 -0.019567540063481954 -0.00396267275535773 -0.002209122259765361 -2.0215801569735548 0.8372496615696295 0.20984888852182454
5.996092796325684 -1 993.9988403320312 5.809726715087891 -1 993.9988403320312 5.809726715087891
0.9997812603213772 -0.02006949633100276 -0.0028739749509462025 -0.005136837081317852 -2.057581749324409 0.839260062162129 0.2178243317186226
3.6309096813201904 -1 977.4695434570312 3.9145867824554443 -1 1033.2991943359375 3.9795081615448
0.9997115191148253 -0.02342121633056764 -0.003187345117860299 -0.0042621597606151 -2.1059421083512007 0.8382658517750995 0.228529407802909
5.171446323394775 -1 1063.848876953125 9.388843536376953 370066 722.6495361328125 11.086318016052246
0.9996073163322003 -0.027643265927381463 -0.004531070123141519 -0.000729648918048366 -2.1540020153081603 0.8277472821823828 0.23332653598186578
3.647901773452759 -1 966.2725219726562 4.441280364990234 -1 1533.1163330078125 5.473930835723877
0.9995814629062798 -0.027790964092038732 -0.007843715331624576 0.001742830678238139 -2.1898994001656678 0.7883308486429298 0.2348435649878479
4.530123710632324 779809 1512.0499267578125 4.312617778778076 -1 967.8024291992188 8.203943252563477
0.9996184989786665 -0.024247826183866786 -0.012587721709337708 0.004055698110436729 -2.2231542432727425 0.7290024527106042 0.21378995440374712
98.96965026855469 -1 606.290283203125 188.1031036376953 808571 626.5106811523438 195.52102661132812
0.999661237144781 -0.02179065017104299 -0.014162296419193919 0.001416995209625618 -2.2262076606434387 0.6984149528256145 0.2083070059587987
2.499610662460327 -1 469.4757385253906 3.9776437282562256 -1 743.7303466796875 3.840101718902588
0.9997133506263518 -0.020140391140505726 -0.012728163962306634 -0.0023611578280853325 -2.205726317074059 0.6907858680995741 0.22172422113674925
4.5563740730285645 -1 1167.6888427734375 5.340439319610596 -1 266.2100830078125 6.77412223815918
0.9997137367037952 -0.01933803582331357 -0.013570949256735243 -0.003783431313274243 -2.19482315445465 0.6887179129632267 0.2243444945568355
1.3073365688323975 -1 873.3468627929688 3.2742576599121094 -1 379.9402770996094 4.2241973876953125
0.9996561346478218 -0.018217496705523903 -0.0185344388404822 -0.0034942598112908227 -2.204828538961065 0.6854911508570739 0.19276037253727474
3.352637529373169 -1 868.4193725585938 3.580214262008667 -1 979.1220092773438 3.7877838611602783
0.9996009264719921 -0.015468544051379535 -0.023196702360568096 -0.004541469020146423 -2.2147422878186633 0.6702621504960007 0.15194907130088575
3.3775529861450195 -1 531.9522705078125 4.893128871917725 -1 750.7056884765625 5.587704658508301
0.9996503252451056 -0.014439971770051865 -0.021530122161658807 -0.005212321204498177 -2.198710075721319 0.660934038263703 0.12953352924820252
4.670783042907715 -1 799.5241088867188 5.107871055603027 -1 748.1793823242188 5.425239562988281
0.9996715642782432 -0.016121648117552612 -0.016505710402322436 -0.01115426194684582 -2.1686125044393596 0.6872131353135337 0.12645078423269984
0.5 -1 0.5 0.5 -1 0.5 0.5
0.9995165280484668 -0.016403029459981462 -0.010869336999442498 -0.02407297853748244 -2.1483627810299373 0.7438184300781734 0.15069492967982456
3.4200856685638428 -1 531.9737548828125 3.4200856685638428 -1 806.171875 3.9818713665008545
0.9994432736940535 -0.017633598757021415 -0.008063641918628356 -0.027150995222972565 -2.1678733498409506 0.7609959581646647 0.19280080082620296
0.5 -1 0.5 0.5 -1 0.5 0.5
0.9993476828008288 -0.017428004791685953 -0.010774029061480814 -0.029738759681223373 -2.219898213779694 0.7471744302240628 0.22379168288941437
5.412121772766113 -1 1585.9739990234375 5.681509017944336 -1 5.55847692489624 159.2417449951172
0.9995211524244206 -0.016900645059750745 -0.015898264763073905 -0.020471424724374035 -2.3110005220979075 0.6863479100330037 0.25065281271622264
6.623143672943115 -1 1008.618408203125 69.73193359375 -1 1128.8328857421875 94.67945098876953
0.9994292361294118 -0.01682910733083308 -0.023908259549073906 -0.01692271377651733 -2.422274182841471 0.6537390465107328 0.24717314320154526
240.0681610107422 -1 825.4413452148438 274.5552673339844 -1 668.9784545898438 280.2174377441406
0.9993904734859271 -0.018246535739685498 -0.029372164296656005 -0.004798062484492299 -2.5489535909281438 0.5953155342947897 0.23778510884048246
10.82812213897705 -1 663.4412841796875 45.34374237060547 -1 619.1681518554688 56.34624481201172
0.9993563244459064 -0.021850296685333594 -0.0276946893630712 0.006519624668202493 -2.605709141879947 0.5771919503890625 0.24848941896292115
22.491165161132812 -1 437.40972900390625 24.680070877075195 -1 437.40972900390625 24.680070877075195
0.9993297245499286 -0.027268955425148192 -0.02181800411851212 0.010976356283834195 -2.6269451162175232 0.6232149286650812 0.27775207764399834
25.48509979248047 -1 672.3652954101562 39.990478515625 -1 660.3927001953125 45.03759765625
0.9993708689150059 -0.031078151677496807 -0.014967939451643441 0.008244734134484106 -2.6427941487678854 0.6848595620071445 0.30309737467522696
3.9187543392181396 -1 1135.665771484375 7.180779457092285 -1 1432.309814453125 7.221009254455566
0.9994490912133719 -0.031073074553544144 -0.011219891707194866 0.003176812968020528 -2.7024568835087712 0.7366925200078198 0.3122307591466872
4.110528945922852 -1 1326.10498046875 3.7058932781219482 -1 1447.88623046875 4.031694412231445
0.9994342042714505 -0.031171727101920486 -0.012148720331854178 -0.0034645859888797407 -2.7751406152150344 0.7858115648204376 0.30923077272528393
236.13262939453125 -1 959.005615234375 248.9556121826172 -1 1093.8743896484375 306.7535400390625
0.999289171543624 -0.029612326541109537 -0.014828683853374559 -0.018010327250136286 -2.8469547930678645 0.8417933833955027 0.2565984494648502
180.45896911621094 -1 653.2612915039062 225.28257751464844 -1 266.8711853027344 235.9964141845703
0.9994550700604712 -0.023821922745918225 -0.019468657572116133 -0.011960363683683754 -2.947914023411651 0.7517279150386814 0.1929755719036676
14.970328330993652 -1 592.1498413085938 14.970328330993652 -1 1059.6531982421875 91.46562957763672
0.9995308106148894 -0.01837346539342909 -0.02396596186668048 0.0051192844015242565 -3.0606197704292963 0.6225447707703515 0.142200828571926
15.004487037658691 -1 1036.492919921875 22.52177619934082 -1 497.6128234863281 33.09284973144531
0.9994266999125588 -0.01722848175263552 -0.02290164630833272 0.018026799903455393 -3.1345311830304996 0.5814036924723857 0.1385811321746346
16.50042724609375 -1 1310.8726806640625 35.09291458129883 -1 945.540283203125 77.76825714111328
0.9995029833034161 -0.02029538289782956 -0.01792776668138216 0.016139361276697586 -3.1749027702871966 0.6635373424632219 0.1684014323628191
12.587380409240723 -1 963.101806640625 82.33319091796875 -1 963.101806640625 82.33319091796875
0.9995717855458777 -0.022123773086043366 -0.013465517936964601 0.013618517971959232 -3.2235544214077465 0.7466382196087326 0.1963116288534288
2.5723204612731934 -1 1233.5311279296875 25.999086380004883 -1 819.2557983398438 138.00961303710938
0.9996019301475072 -0.02151632572976332 -0.010581659504774845 0.014868001028855328 -3.2813063175381356 0.7612033652617249 0.20477048397567185
3.954024314880371 -1 687.025390625 3.954024314880371 -1 801.8991088867188 3.9078800678253174
0.9995889460470502 -0.01789517229882265 -0.009272150289586752 0.020389432997269644 -3.3374255542843145 0.7020476630744557 0.19401372974850628
36.41447830200195 -1 1162.419677734375 50.62745666503906 -1 439.9170837402344 75.86577606201172
0.9996401546825412 -0.012519981463872287 -0.007875743530108859 0.022378200871775587 -3.3832795314758126 0.6444403581026108 0.18819377733917692
17.90053367614746 -1 907.9608764648438 62.36048889160156 -1 948.9188842773438 67.57164001464844
0.9996618744526413 -0.007899527140412903 -0.006144072269456521 0.023999679429886057 -3.4334006193487014 0.5943431213809686 0.18920341949104116
117.45064544677734 -1 708.0806274414062 120.14794921875 -1 709.6210327148438 126.92152404785156
0.9996948699046075 -0.006603485960122547 -0.005914925832581609 0.02305590405903337 -3.488116699868157 0.5815711760678457 0.18478804520011
135.5797119140625 -1 800.44140625 175.90940856933594 -1 780.2576293945312 178.76712036132812
0.9997175423161946 -0.006967277415994891 -0.00526532185928907 0.02210359736319532 -3.537591988939275 0.5857318541827359 0.1857161992297833
2.854992389678955 -1 937.2930908203125 6.165172576904297 672475 863.679931640625 10.988974571228027
0.9997247202446331 -0.00815773357672904 -0.0031981224406858267 0.0217648139788893 -3.5687215266263044 0.5863236998028198 0.19557770339908997
1.4812231063842773 -1 81.45146179199219 4.559084415435791 -1 1309.1854248046875 4.880901336669922
0.9997526515676047 -0.007711922728638816 -0.0010797377100485333 0.020832573001160995 -3.5947130373124243 0.5843370098999174 0.2079828498355908
3.6528494358062744 -1 1326.028564453125 4.184462547302246 -1 152.094482421875 5.192220687866211
0.9997651299492206 -0.0075809867587271085 0.0006344698677139113 0.020293127540350595 -3.630585832276053 0.5827348659493264 0.22318635039836818
3.6350061893463135 -1 1271.4949951171875 3.6350061893463135 -1 346.47802734375 4.3791069984436035
0.9997422632859206 -0.009593939875894136 0.002045891979112096 0.020473828259818375 -3.6779950049427024 0.5825794092567471 0.22931895863596288
2.7980265617370605 -1 1254.7060546875 6.7449564933776855 -1 296.1390380859375 7.38856315612793
0.9997572360691228 -0.010146232488752637 0.003225620507777079 0.019290367182933067 -3.7323786162222583 0.5826239103192675 0.23497324698191133
168.11904907226562 -1 701.33642578125 168.11904907226562 -1 834.5725708007812 248.79364013671875
0.9997951805486658 -0.010609264327082573 0.00552437742350487 0.016325492831203953 -3.7956402781658523 0.5967296845163195 0.2491566330584015
102.2839584350586 -1 533.6513671875 102.2839584350586 -1 912.4716796875 106.69129180908203
0.9998144142165487 -0.011596929070573744 0.0066531461786738105 0.013870256193630325 -3.8777417696620406 0.6055950328091185 0.2524941820376491
143.2435760498047 -1 401.6379089355469 263.3861999511719 -1 814.9631958007812 294.16790771484375
0.9998520717542492 -0.011054137860234672 0.005899168303599288 0.011783058101725504 -3.972828732160847 0.6076049020023063 0.24751169732501607
223.82736206054688 -1 521.7508544921875 245.83148193359375 -1 521.7508544921875 245.83148193359375
0.99984985347477 -0.01134960611435208 0.004945232859689924 0.012124422439592216 -4.050231110326993 0.5975630742516933 0.23966059970769057
65.45076751708984 -1 409.15142822265625 103.44943237304688 -1 739.1923217773438 236.14686584472656
0.999857318026904 -0.012140115132479 0.004613641406885638 0.01080164365203335 -4.108559026485126 0.6049827777662916 0.23490127839378588
7.698630332946777 -1 652.311767578125 10.421497344970703 759319 1100.1556396484375 17.093219757080078
0.9998368479677016 -0.012537895741469114 0.005532855098451008 0.011767163245531074 -4.155313870158932 0.599407787561395 0.24060178421237396
6.991733074188232 -1 1235.851318359375 8.708525657653809 -1 1235.851318359375 8.708525657653809
0.9998417600513742 -0.013132357601404094 0.004556118477754247 0.011101253335359147 -4.205591030399911 0.6095564768656541 0.23405601929303554
160.6620635986328 -1 862.9159545898438 160.6620635986328 -1 1016.4451904296875 202.57867431640625
0.9998394837569637 -0.013651330666980228 0.0032944965476605116 0.011126283482206805 -4.2625415516485985 0.6166016482050001 0.22435906218955323
63.177818298339844 -1 123.9804458618164 73.04654693603516 -1 877.9297485351562 89.00079345703125
0.9998397709905349 -0.014609881497483483 0.003455614395947206 0.009748971092937814 -4.3135476775822585 0.6260406108694822 0.22205767099213075
217.9072723388672 -1 451.281005859375 217.9072723388672 -1 452.463134765625 233.0909423828125
0.9998808797685369 -0.013215062163956423 0.0031721457839724446 0.007316139448135537 -4.381170089103339 0.6225504451867795 0.21133553302359592
64.3674545288086 -1 348.9412841796875 232.35780334472656 -1 348.9412841796875 232.35780334472656
0.9999188855986765 -0.010482868109934622 0.0018509253792239025 0.006993266370675566 -4.461526688168084 0.5909765613007614 0.19340694261927846
279.22344970703125 -1 1154.3631591796875 303.0517883300781 -1 623.3482666015625 311.8234558105469
0.9999457550651057 -0.009427169417337114 0.00011743159732137365 0.00442737098877905 -4.548195535415413 0.5835930730393585 0.16775210821008693
175.69178771972656 -1 183.441162109375 241.1756591796875 -1 561.9317016601562 242.11705017089844
0.9999543580257406 -0.009188273309298318 0.00020936456797807383 0.0026102998678764174 -4.599774240849091 0.5856770695946802 0.1625275718587529
136.39089965820312 -1 521.137451171875 206.46881103515625 662668 544.3587646484375 222.03518676757812
0.9999520853342568 -0.009365828409331518 0.0005950778263990013 0.002784632158612528 -4.653107288967447 0.5771314071010278 0.1608181083184203
145.94894409179688 -1 831.15234375 173.7947235107422 -1 1051.4207763671875 175.9443359375
0.9999469963353707 -0.009721086358101268 -9.048052075831142e-05 0.0033906950856602393 -4.713994201184991 0.5664928239647659 0.1469988651553029
147.28564453125 -1 1109.2152099609375 163.21127319335938 -1 470.44696044921875 176.974609375
0.9999466352030436 -0.009825290003806077 -0.0008457927615632835 0.0030781580623514097 -4.769908730449112 0.5609577750854681 0.12679148282117947
20.624980926513672 -1 766.0088500976562 187.88233947753906 -1 965.5670166015625 219.1451416015625
0.9999538143358805 -0.009087046642232463 -0.0013712932661007976 0.002813242475119143 -4.82024333861831 0.5454845248472829 0.11080948621054271
93.89807891845703 -1 121.64691162109375 131.6054229736328 -1 763.6476440429688 146.3916473388672
0.9999675652490811 -0.006993482914566175 -0.0011067721861599865 0.003838580711206756 -4.867146071324361 0.5112800755536101 0.10972663343835792
120.50975799560547 -1 137.36732482910156 129.01329040527344 -1 1051.3970947265625 130.03665161132812
0.999964410259764 -0.006457459185229852 -0.0016951669352610113 0.005158085281875028 -4.919116415201696 0.48440884720944644 0.09976124299728861
108.13111877441406 823350 959.8870239257812 137.05819702148438 662647 177.65460205078125 137.63516235351562
0.9999617931811399 -0.0066944806475749685 -0.00227770564274465 0.0051388874110597895 -4.956593823221715 0.480494277774941 0.08494679364748069
180.992431640625 661894 980.4130249023438 212.44847106933594 -1 462.9090270996094 241.1249237060547
0.9999656744689857 -0.006631621214236213 -0.003085117348392715 0.003892754141264305 -4.996548673702438 0.4914385022370381 0.06448044042695
27.78612518310547 -1 956.11083984375 74.00820922851562 -1 694.9727172851562 96.79582977294922
0.9999554909115216 -0.0052349291210951375 -0.003320206678966155 0.007112519989710546 -5.033682216055657 0.45401080297947316 0.056832486991646246
18.732067108154297 -1 456.6485290527344 27.34994125366211 -1 13.594242095947266 83.48368072509766
0.9999451987954373 0.0005730835359233909 -0.004309232902378707 0.009523733144479367 -5.074567919661394 0.3890334184442126 0.05590649106916097
138.32247924804688 -1 95.63844299316406 154.60452270507812 -1 784.4010009765625 158.13743591308594
0.9999345996117983 0.009325307385065104 -0.004921510207290271 0.004428755880174441 -5.1218466866338614 0.3722509703780752 0.060000662599116725
167.3993377685547 -1 896.93896484375 195.51316833496094 -1 775.697021484375 197.28271484375
0.9999313783135425 0.009965827282521716 -0.0017105308885304866 -0.005915660118150432 -5.155214277579165 0.46814138387433385 0.10704439855267024
46.6767463684082 -1 1388.44775390625 64.031982421875 -1 954.3348388671875 120.96778869628906
0.9999037579492556 0.007518576487888928 0.005701750468355308 -0.010170343561007678 -5.168509447643744 0.5431466862400927 0.22253995029044252
44.66033935546875 -1 866.1791381835938 97.27692413330078 -1 844.8025512695312 141.04949951171875
0.9998593977102092 0.008993682946947633 0.009991416514567957 -0.010023476126584574 -5.198749865146464 0.5683282409247414 0.31959241418890055
4.885043144226074 -1 426.35003662109375 20.21240234375 -1 917.9371337890625 27.763540267944336
0.9998677866632949 0.013633603117452282 0.007966747209715856 -0.003881365478300939 -5.264481905743498 0.5342370884394562 0.35645177691894786
54.48133850097656 -1 1433.38525390625 54.48133850097656 -1 355.1121520996094 176.05897521972656
0.9998376957599615 0.01790488084818559 0.0015269254677173784 -0.0012906889009579676 -5.333775525275135 0.5174503295898875 0.32297204682250347
182.478759765625 -1 697.0413208007812 182.478759765625 713591 860.6685791015625 225.1435089111328
0.9997751856475098 0.020955425376849728 -0.0026994061186423396 -0.0017780656256858594 -5.3821248921440485 0.5600173794704315 0.299976526939106
0.5584776401519775 -1 0.5589921474456787 0.5584776401519775 -1 0.5589921474456787 0.5584776401519775
0.9997412521225131 0.02163236806952122 -0.0034585011041898756 -0.006124395996901 -5.400050425958425 0.6718323104258496 0.3163711989363926
5.288235187530518 -1 827.8890380859375 99.09422302246094 -1 1201.4713134765625 131.069091796875
0.9996561890263735 0.021907020827911405 -0.0020324624787279866 -0.014263774955654781 -5.393871804115012 0.8201640821802869 0.3497787400758858
27.073135375976562 -1 723.6482543945312 115.17596435546875 -1 800.9086303710938 123.50330352783203
0.999571375584085 0.025265637268151727 -0.0025112276312713494 -0.014574169690184054 -5.4026681148589875 0.8804511764178441 0.35059956832566636
23.186599731445312 -1 805.0316162109375 32.328086853027344 -1 852.9884033203125 37.14238739013672
0.9994460771786928 0.030713221635290704 -0.004135339548101386 -0.012129954481610392 -5.405751182939146 0.9197843424074753 0.3494058169612709
30.08795928955078 -1 458.55108642578125 34.94599914550781 819161 587.5578002929688 93.16741180419922
0.9992094567686505 0.03716560179779432 -0.005737864723185383 -0.012894047290304626 -5.392548307475001 0.9730125995614732 0.349733030352929
2.9218101501464844 -1 556.9447631835938 7.652645111083984 -1 784.663330078125 10.4963960647583
0.9990763487684048 0.040585549975617155 -0.009201508939838536 -0.010704891311905697 -5.401393120834527 0.9962223143901301 0.30732501849406135
12.958086967468262 -1 817.0481567382812 91.59899139404297 815835 858.579345703125 109.94036865234375
0.9990069577307712 0.04115239049149839 -0.013576797350673993 -0.010356144844634388 -5.408706853147618 1.0745831293344072 0.23485829143455336
10.04491138458252 822331 841.7289428710938 10.04491138458252 822675 846.7833251953125 76.82416534423828
0.9990965708955212 0.03903964147061097 -0.014180035467698545 -0.00899305358550615 -5.393717779437743 1.169075231611739 0.19796608268600285
0.5 -1 0.5 0.5 -1 0.5 0.5
0.9991966320406988 0.036974659143787184 -0.014166413328926916 -0.006186908203544837 -5.377492959046103 1.2322130467755013 0.15686409346449418
55.336151123046875 819550 869.9017944335938 55.00907897949219 820040 869.9017944335938 55.00907897949219
0.9991736312518444 0.03696588417730483 -0.015770636781432257 -0.006071658216798036 -5.381371350097333 1.3010538983790858 0.11421166553594163
70.427978515625 819525 788.2131958007812 86.6606216430664 -1 864.9254150390625 157.66944885253906
0.9992418875708508 0.03477686939515052 -0.016749001665860106 -0.005068571999387618 -5.396326990378256 1.3725691619858487 0.09343205178270549
185.95849609375 -1 837.0545654296875 226.18348693847656 -1 857.5409545898438 235.25827026367188
0.9993229532266148 0.03177781653056382 -0.017357409685473505 -0.006521185474867594 -5.40667910677066 1.4799783136363882 0.07383275350694021
2.2492642402648926 -1 564.7017211914062 31.78385353088379 820496 565.013916015625 35.6486701965332
0.9993970818860102 0.029464939650371894 -0.017692785769691487 -0.004924975211652514 -5.414305705490928 1.5568787461448799 0.05390790652455387
35.30498123168945 -1 630.2910766601562 37.521514892578125 819149 713.373046875 38.14177322387695
0.9994809152640148 0.027741917338562714 -0.015906668464313434 -0.003906909744781063 -5.394102474328306 1.6379620128518264 0.0493131321140532
36.224308013916016 -1 637.4411010742188 36.48005294799805 820492 701.3994750976562 63.542049407958984
0.9995280819953146 0.02707662154223012 -0.01417807734745964 -0.0030744091067847193 -5.375785676669843 1.700491346418764 0.04891269844650295
61.641998291015625 820492 658.2172241210938 72.03433227539062 -1 651.0773315429688 78.4936294555664
0.9995783607800334 0.024740337910585077 -0.015116089289722844 -0.0015875090414569717 -5.37937050638037 1.7648126394731736 0.019242129588714338
8.076096534729004 823075 646.7227783203125 9.859663009643555 -1 850.619384765625 15.305294036865234
0.9995908741142958 0.02364576305140065 -0.016080647207830413 -0.0006124234747082909 -5.386338539880655 1.8204527088843172 -0.00617704903696739
3.000237226486206 -1 722.6846313476562 17.075071334838867 -1 693.3616943359375 22.188600540161133
0.9995790744490216 0.024776155553912996 -0.015055259646785392 -0.0010748007134149416 -5.380067628146373 1.8709140564006295 -0.0017819354048521129
4.107588768005371 -1 651.031494140625 16.515928268432617 -1 703.6399536132812 20.997407913208008
0.9996191253671831 0.023159439663465568 -0.014892865128554868 -0.0018566429071677634 -5.383060361033999 1.9396544651454177 -0.022611567563004805
23.561918258666992 -1 685.606689453125 29.029800415039062 822005 688.4159545898438 48.1365852355957
0.9996916738772577 0.019071056952747075 -0.015739140675627233 -0.0022652633367018374 -5.393320110934782 2.014501227089077 -0.0678428071102081
27.61229705810547 -1 867.971435546875 27.461936950683594 -1 699.664794921875 42.75541687011719
0.9997281297762511 0.01647821717835091 -0.016375574438844177 -0.001993854182290844 -5.396872562336155 2.0656033409945933 -0.10413960854659864
55.17146301269531 -1 661.6774291992188 59.43209457397461 -1 648.1722412109375 63.21247863769531
0.9997236488468157 0.015430985924780012 -0.017571771036232697 -0.0023965542864636978 -5.399481542818688 2.116737043395397 -0.13548920137116044
9.752963066101074 -1 849.5548095703125 9.752963066101074 -1 845.5342407226562 72.95919799804688
0.9997484482621183 0.010680344942547838 -0.019672478725054662 -0.001401431484968883 -5.409531528106917 2.1783333401757625 -0.18602208703203985
34.677650451660156 823765 663.7597045898438 125.40342712402344 -1 665.4173583984375 139.69406127929688
0.999730391793244 0.007260771004858637 -0.022052021171171606 -0.0003650912327328338 -5.416393771960711 2.228109568763692 -0.2216776187008192
25.6060848236084 -1 1257.3455810546875 39.03825759887695 -1 820.0283203125 65.294921875
0.9996898415411889 0.00537134174185013 -0.024251748816503497 0.00179501715480575 -5.427789336101843 2.2561548303923926 -0.24064450530483555
7.4425129890441895 -1 134.140625 8.004814147949219 -1 1232.4613037109375 24.284149169921875
0.999669096265761 0.0023825875617884537 -0.02552781340052357 0.0020861425395457276 -5.41466988864574 2.2991561381004217 -0.2544606324003426
37.47812271118164 -1 1234.2423095703125 40.824119567871094 -1 821.236328125 115.21159362792969
0.9996269845839002 0.0006497234173368771 -0.027197850384727922 0.002397182852816194 -5.38614053542741 2.3321904376005613 -0.2746120386245202
54.45463180541992 -1 291.7700500488281 76.28081512451172 -1 196.58828735351562 85.90827178955078
0.9995734382119974 0.0011414782901458496 -0.028844239446865996 0.0044326627540565225 -5.340260739274444 2.3257414706129453 -0.2926695937533984
98.00199890136719 -1 866.228515625 108.17644500732422 744745 863.4655151367188 108.65530395507812
0.9995140586690644 0.005556495911825216 -0.02971069169773555 0.007618836848118471 -5.267348869821312 2.287549579879603 -0.27801547462683623
105.09710693359375 -1 759.95361328125 262.2813415527344 -1 691.8786010742188 294.5455322265625
0.999521491677852 0.007523214224291771 -0.028274357907916166 0.010037410358870012 -5.1760329235882665 2.2674140823220577 -0.2525439750693562
265.0760498046875 -1 810.5289916992188 267.6397705078125 -1 814.4979248046875 268.0957336425781
0.9995754391875119 0.005941040632773876 -0.026398144153118207 0.010806636598118232 -5.0690802281164045 2.287176085128964 -0.24265684027712833
112.80489349365234 -1 979.4392700195312 112.80489349365234 -1 983.0936279296875 114.56879425048828
0.9995916575896137 0.0025121194908979986 -0.025231988174502437 0.0131739935355135 -4.980102382821076 2.310211364659867 -0.24508390037105243
54.150001525878906 -1 1011.2824096679688 133.2947540283203 -1 1018.6926879882812 138.40823364257812
0.9996134333471929 0.0003261454627343134 -0.023953199063626276 0.014111050832335952 -4.884925465491492 2.330062529621428 -0.24753629813771208
121.96955871582031 -1 1063.8392333984375 134.2630157470703 -1 442.3995361328125 141.82528686523438
0.9996198763712465 0.0003835737295596613 -0.023905779844367 0.013728413045966814 -4.7994634492491866 2.352116089357515 -0.25186736098363677
78.27758026123047 -1 329.552001953125 90.98329162597656 -1 297.3291931152344 93.06033325195312
0.9995907492406055 -0.0015049784058777241 -0.024602689285559372 0.014518152517491856 -4.71431253039615 2.3724704135773016 -0.27000657743275963
144.0264892578125 -1 1106.1915283203125 152.19459533691406 -1 152.56570434570312 198.42347717285156
0.9995796028950359 -0.003470364500986778 -0.024326189355112073 0.015388650294687533 -4.617973399965328 2.389185477322557 -0.2723734265580476
139.92127990722656 -1 1138.552734375 167.14320373535156 -1 1140.7872314453125 187.177734375
0.9995875655360478 -0.0051011108715421465 -0.023049877968705126 0.016351777249632875 -4.507540344942593 2.3975617364059656 -0.2547502694520367
116.0571517944336 746064 1192.1456298828125 180.95143127441406 -1 464.04150390625 187.71151733398438
0.9996321712283861 -0.005645675779552099 -0.02153809244696736 0.015484158484096839 -4.3843707278271165 2.417023588941175 -0.23687991297024472
186.85745239257812 -1 1220.3697509765625 195.03062438964844 751092 513.4400024414062 198.66952514648438
0.9996057177308024 -0.006333621602542771 -0.02156973432594177 0.016823818781458888 -4.3038640947325755 2.423867300969246 -0.231832849946634
131.97344970703125 754394 333.3002624511719 189.09751892089844 -1 333.3002624511719 189.09751892089844
0.9995595357898938 -0.005044984747971508 -0.022989551357639776 0.018076588969138642 -4.22921561774663 2.417223508071662 -0.23490963441630627
131.3345184326172 745538 541.24755859375 179.6580810546875 741499 1275.05126953125 214.00315856933594
0.999501292671575 -0.002449337712881623 -0.024606168086948096 0.019639327501111515 -4.153805035067004 2.394121028415037 -0.24646473989112014
114.11027526855469 -1 578.7216796875 134.4335174560547 -1 793.7688598632812 182.06698608398438
0.9994708552932084 -0.0009585879300520587 -0.025186628469034432 0.02056025960453157 -4.078229374044455 2.3807191635317455 -0.2525301762471785
159.898193359375 -1 752.6201782226562 160.59275817871094 -1 624.7078247070312 164.5704345703125
0.9994872350313543 0.0005324358147520373 -0.024439496664076344 0.02068077668484132 -3.997307751028476 2.371676811577996 -0.23794329027362873
136.21701049804688 -1 785.4186401367188 159.4362335205078 -1 671.953369140625 200.12684631347656
0.9995020495609228 0.0015267954389731853 -0.023405138899636982 0.021107375305586415 -3.930321915406272 2.3635312015461776 -0.22236836679313132
99.89936828613281 -1 675.192138671875 114.64307403564453 744709 675.192138671875 114.64307403564453
0.9995042539440194 0.0009863797317241675 -0.02334053819696578 0.021106697503636664 -3.8709790317100117 2.3685785256737506 -0.21812482026930594
73.4325942993164 -1 947.0715942382812 87.5621337890625 -1 555.4315795898438 109.03112030029297
0.9994837163852934 0.00030082349822921497 -0.02430266954109966 0.021014053370106145 -3.813965019717094 2.373381540334695 -0.2239862153510126
99.87271118164062 753683 728.6676635742188 112.04359436035156 744734 833.8849487304688 145.26272583007812
0.9994057046438102 -0.00033567104124448087 -0.024650751987350613 0.02409284700527354 -3.7325845794401062 2.3497813539195276 -0.22157028035516185
163.31947326660156 -1 792.99072265625 193.07525634765625 -1 796.910400390625 193.27723693847656
0.9993265071598624 -0.0004859409067550575 -0.025083723708922825 0.02677877431846184 -3.630081587224011 2.3392377977795302 -0.20695957617505023
201.29234313964844 759076 898.9812622070312 216.44070434570312 -1 861.1277465820312 222.92893981933594
0.9992271667046979 -0.0015234445687732534 -0.026163522517852988 0.029295366961443425 -3.5357490123570527 2.3390240516208367 -0.21120073120805904
122.19966888427734 -1 809.9313354492188 167.25347900390625 -1 967.8990478515625 188.02255249023438
0.9991938798821579 -0.0019965424336691835 -0.027911390117094176 0.028784692565351575 -3.459460151099846 2.3562184516293114 -0.21612411267246973
96.1918716430664 -1 437.0802307128906 96.1918716430664 -1 439.65625 109.68932342529297
0.999223351729063 -0.0032388569060769435 -0.028424115533711814 0.02709746891142368 -3.3919780271765894 2.3797857266002747 -0.22884396770051826
112.83477783203125 -1 627.9038696289062 116.8255844116211 -1 361.2686462402344 118.27021026611328
0.9992583131101472 -0.0020567605357606753 -0.028274753083991473 0.026060156453882474 -3.3217406428661844 2.3780350338641334 -0.22903011707167292
119.99018096923828 -1 939.2664184570312 146.1250457763672 -1 917.5584716796875 166.10137939453125
0.9993135111107846 -0.00013128439572012823 -0.028367818542456392 0.02382763410382312 -3.239259236832938 2.3825680206133955 -0.22619032123500443
128.69493103027344 754991 1186.0157470703125 129.39642333984375 -1 1186.0157470703125 129.39642333984375
0.9993816799066385 -0.0009347615425114767 -0.027965608391577957 0.021291050587815594 -3.161237011234702 2.4014290310208657 -0.21574251424602564
134.56155395507812 -1 981.524169921875 140.25816345214844 -1 981.524169921875 140.25816345214844
0.9994049955422186 -0.003953859836351021 -0.02878837902679928 0.018580934063223673 -3.0822284881432873 2.439134577770415 -0.2041182439205963
130.53762817382812 -1 981.388427734375 169.33094787597656 -1 994.1322021484375 172.67874145507812
0.9993297600747464 -0.006210378251970491 -0.02998969298661594 0.02005193620291928 -3.019555766205997 2.438499103783592 -0.20102614693218746
150.18789672851562 -1 807.1807861328125 164.8392333984375 -1 755.5717163085938 166.89134216308594
0.9992197781814215 -0.00713254924454747 -0.03377947291188145 0.01918094998013268 -2.9660063449554865 2.4382076288564924 -0.22275265951554776
25.69089126586914 -1 445.3070983886719 47.64875030517578 -1 445.3070983886719 47.64875030517578
0.9991888489983125 -0.0071917807196980425 -0.03536425377671222 0.017868740367569903 -2.900049371776148 2.4337347208565596 -0.21853446299464155
145.28480529785156 -1 1042.267333984375 170.64784240722656 -1 755.107421875 180.58316040039062
0.9992283922773733 -0.007127665319165771 -0.03318541604566541 0.019762201692878536 -2.8066550886556807 2.424300613265114 -0.18331283093693973
189.34686279296875 -1 803.7863159179688 208.00473022460938 -1 1052.946044921875 214.87530517578125
0.9993101032898971 -0.00888079794129725 -0.030792549247627025 0.018768798616146807 -2.6957936139747583 2.4478587429657805 -0.16748988531699313
174.2008819580078 -1 6.773378372192383 184.43701171875 -1 684.726318359375 192.8995361328125
0.9993533171953802 -0.011139413729015984 -0.028295365742051028 0.019189402020048544 -2.594103954526982 2.472152925896156 -0.1694105987001354
154.5712127685547 -1 10.85682201385498 182.11280822753906 -1 663.515869140625 186.84634399414062
0.999300316816304 -0.011711898497816798 -0.029342126927328578 0.020018687064636515 -2.5434347751956223 2.47621155412909 -0.18099278213816683
96.25408172607422 -1 1088.4720458984375 112.50300598144531 -1 303.0643005371094 139.21205139160156
0.9993160951903594 -0.012539061281529023 -0.02921477795965565 0.018884135787448998 -2.470986655293391 2.489228904630434 -0.18668389344197794
183.90704345703125 -1 663.0525512695312 187.45892333984375 -1 61.220882415771484 206.42880249023438
0.9994080328687437 -0.015249518714435778 -0.025942251635928993 0.016674399433400575 -2.369950717105457 2.5161500740418887 -0.1914821677170322
197.11643981933594 -1 54.96232223510742 201.8629608154297 -1 821.427734375 204.6101531982422
0.999555999940143 -0.013988020902302424 -0.021781051527810975 0.014755475229229903 -2.2693159101261275 2.511035859403346 -0.18035802921654745
168.19049072265625 -1 970.708251953125 195.31768798828125 -1 1256.83984375 200.93051147460938
0.9996663628261334 -0.00924163050380023 -0.02013185719100031 0.013283961218019634 -2.18799911275439 2.4742981545189946 -0.1714094138041729
144.82290649414062 -1 837.0687866210938 144.82290649414062 -1 1320.421142578125 168.3200225830078
0.9995662294517121 -0.0038692155416471187 -0.022353369648391918 0.018780547812619244 -2.165841787479897 2.3923319587642062 -0.15964392345593867
103.01498413085938 -1 1034.2322998046875 111.45289611816406 -1 1031.9444580078125 119.53858184814453
0.9996607374105045 -0.0033450881093003617 -0.024745328883091635 0.007408722149942854 -2.103029009765862 2.416731519606023 -0.181441953300459
30.58985710144043 -1 855.7015380859375 36.27082824707031 -1 946.0745849609375 58.41946792602539
0.9996754256797021 -0.007178181250002259 -0.023897600382388754 0.005140204471819033 -2.067556853184375 2.430212785940287 -0.18974242804265448
74.55520629882812 -1 837.9417114257812 84.56511688232422 -1 898.9536743164062 90.50728607177734
0.9996085451929183 -0.010041864273808133 -0.02520857198855687 0.006815074284378099 -2.054603067303014 2.4390343371716794 -0.1919495809618124
12.616875648498535 -1 376.9125061035156 14.343596458435059 -1 672.0841674804688 21.77699851989746
0.9995065739193586 -0.010225337111540354 -0.02912804336531988 0.00579726337588462 -2.0470001402409506 2.44309385714978 -0.20337126075240045
3.625398874282837 -1 563.8370361328125 12.586349487304688 -1 540.513427734375 17.415069580078125
0.9995213961714023 -0.009531086906084358 -0.029074637753449463 0.004560966724839836 -1.99241093697314 2.4330715598769146 -0.2098204807774444
120.32864379882812 -1 940.007568359375 130.07376098632812 811056 1122.0780029296875 133.44345092773438
0.9996211623969006 -0.009573335742404812 -0.02564933943397763 0.0028274224362789062 -1.8867890786368582 2.427595772714712 -0.2055942919985764
230.88357543945312 -1 897.7633056640625 230.9183349609375 -1 872.1373901367188 231.4642791748047
0.9997378052556175 -0.008400504251661285 -0.021168073254686143 0.0023801146365601956 -1.7705597170718155 2.4147924049443983 -0.1885121271609652
259.4107360839844 -1 984.5992431640625 279.4665832519531 -1 1473.1680908203125 287.0809326171875
0.9997828975013958 -0.006167945972088084 -0.019703509197725653 0.002808207879409782 -1.7000987721445984 2.3961578865259945 -0.168020577375154
98.29900360107422 -1 1553.9803466796875 121.48533630371094 -1 1121.4014892578125 140.340576171875
0.9997818539495876 -0.005820014296289689 -0.01942461549803492 0.005005622785429468 -1.6459004843230323 2.3799763082751473 -0.16091625728230113
13.630640983581543 -1 314.91473388671875 70.30671691894531 808475 343.5583190917969 80.99268341064453
0.9997498388189966 -0.006310143701107844 -0.02027729495218102 0.007019485542679946 -1.611068208132048 2.3592690691914115 -0.1633584605864363
5.138320446014404 -1 1323.5692138671875 5.982691764831543 -1 125.8334732055664 16.192480087280273
0.9996968765364781 -0.00733873842102635 -0.023424451374280203 -0.0018955314324669615 -1.57301215017401 2.3690754019366174 -0.17497670628912834
61.38679504394531 758282 318.9369201660156 65.29199981689453 808475 386.0080261230469 67.23287200927734
0.9995619078524679 -0.011783996002694709 -0.02684152491602092 -0.0040819540327622405 -1.5689871006856022 2.364047067034903 -0.17175953105599198
78.36901092529297 -1 1077.4061279296875 78.36901092529297 -1 68.72024536132812 79.27813720703125
0.9993692410047952 -0.01919265985819773 -0.029787945774841108 -0.0023324295449805603 -1.5687600489381113 2.3975972723423795 -0.18322520286295169
151.36273193359375 -1 1038.2010498046875 169.89669799804688 -1 410.8034362792969 175.92352294921875
0.9991381873092936 -0.026939956736964678 -0.03148354265158973 0.002430624079323579 -1.5789160592649643 2.4437923730192903 -0.19727832174568352
210.58680725097656 -1 1012.0396728515625 225.18614196777344 -1 411.4614562988281 246.5128173828125
0.998880346602433 -0.03258918950152333 -0.02993872401856752 0.0167233580113898 -1.6014804656265553 2.4403051942123044 -0.19536514327438936
208.59072875976562 -1 207.3824005126953 216.61184692382812 -1 432.7173156738281 223.55751037597656
0.9987697972755785 -0.034129996340391384 -0.029708067893440798 0.020284627232060457 -1.6190029612236394 2.4188244629186584 -0.15333968427498143
194.1567840576172 -1 588.7277221679688 195.2415771484375 -1 450.2177734375 195.46742248535156
0.9987871382947844 -0.03536746867881564 -0.02819220601666747 0.01945749357142442 -1.6665655263895511 2.4007545952377827 -0.09128682958920104
208.4524383544922 -1 427.9296569824219 208.6542205810547 808990 474.4270324707031 213.67466735839844
0.9985952968747512 -0.041818454496105766 -0.022317031994786855 0.023676993181743624 -1.6684230877028037 2.41665886694402 -0.04646881516247413
247.18727111816406 -1 463.62164306640625 250.76919555664062 -1 334.9992980957031 251.18170166015625
0.9986974524172858 -0.040860355692314436 -0.01761175769184756 0.024973102709204976 -1.6055382690793532 2.3990720211783145 -0.040683807127167335
245.49868774414062 -1 1061.9927978515625 256.5549621582031 -1 1192.0162353515625 271.603759765625
0.9990819009245024 -0.03433762097066563 -0.018629080281705953 0.017585232412892476 -1.5652156890796887 2.3917803803875173 -0.06884004903858061
213.87490844726562 -1 471.0076599121094 217.20809936523438 -1 474.61688232421875 220.28701782226562
0.9991451406681076 -0.028912467217136254 -0.022258423169002874 0.019432439804488784 -1.5969015177332948 2.3329234207227936 -0.08982231531670823
210.34030151367188 -1 492.8550720214844 220.44741821289062 -1 492.8550720214844 220.44741821289062
0.999125010615535 -0.024085527047795378 -0.02293681824145104 0.025357502209314806 -1.6246767062951242 2.2676410391042974 -0.06037709161885214
133.52499389648438 807815 1016.472900390625 167.18357849121094 -1 779.6712036132812 172.5902557373047
0.9990555795535466 -0.02168102031409088 -0.02393863107041941 0.029065860791338265 -1.63525478211433 2.2178698258865674 -0.025372746466647774
0.5 -1 0.5 0.5 -1 0.5 0.5
0.9991898371231722 -0.02258921465511271 -0.026947740697380495 0.019575904636579097 -1.6003316786567623 2.2220062371591127 -0.009416983430667592
118.19833374023438 -1 426.9239501953125 120.62907409667969 808475 457.6750793457031 146.8717041015625
0.9992006069431018 -0.02051267978607134 -0.03269332583779597 0.010417461216393344 -1.5680003350042455 2.2379642934706023 -0.005165883682659124
51.91620635986328 -1 1028.3935546875 99.61614227294922 -1 1064.030029296875 101.3438720703125
0.9990874540227181 -0.01788941502441397 -0.03839941755138468 0.0054509426892801905 -1.5559394540884224 2.258641089615082 -0.03348939672084383
35.4294319152832 -1 292.9961242675781 35.4294319152832 -1 681.8956298828125 45.14054489135742
0.9989945459658677 -0.017794332945053008 -0.04083583586517506 0.005068861280707272 -1.523154102178254 2.2853719097785468 -0.08644793840947669
119.6017837524414 -1 395.4910888671875 125.48600769042969 -1 426.187744140625 128.81886291503906
0.9991267680058998 -0.018205965349835967 -0.03685953225682415 0.007457825525838265 -1.423912409739799 2.311815307834003 -0.09750021345076791
239.1533660888672 -1 989.9137573242188 278.7915954589844 -1 565.7245483398438 315.870361328125
0.9993234827979939 -0.013005163992415084 -0.028885351465293054 0.01868365351703432 -1.3258812478195718 2.308621815774268 -0.051798806946374946
255.95159912109375 -1 1165.0159912109375 307.09417724609375 -1 735.76318359375 315.9681396484375
0.9992546014459207 -0.008996165314426244 -0.0253135882861804 0.027722423178130465 -1.2156034455428337 2.3101321930376795 -0.02697215978067186
263.0489501953125 -1 581.0042114257812 296.2108154296875 -1 581.0042114257812 296.2108154296875
0.9993622521629995 -0.00489812249568684 -0.03006657806745865 0.01863057248256494 -1.1007372765108696 2.3152034553779086 0.009320659106220706
116.95188903808594 -1 659.027099609375 120.98857879638672 -1 669.1265258789062 138.0755157470703
0.9992657549267063 0.000618433242904242 -0.033902286286510756 0.01783826100356601 -1.0713615671980905 2.2827596391491505 0.08468607179778549
4.779621601104736 -1 757.681640625 19.826467514038086 -1 897.0736694335938 29.6329402923584
0.9993321929312005 -0.0004504642488770755 -0.03608097177391898 0.005755756173429821 -0.994067292371221 2.301725423966231 0.09119209745874685
0.5 -1 0.5 0.5 -1 0.5 0.5
0.9993036964810821 -0.0033287545134935608 -0.03607425222244745 0.008926921038376539 -0.9295928185460489 2.2977251664600087 0.07946488463885754
11.794600486755371 -1 663.3820190429688 187.013427734375 -1 621.5388793945312 188.9227752685547
0.9992816469264102 -0.0008329214907405337 -0.0372105206880222 0.0071325667159799835 -0.8356632451778729 2.287397992734213 0.11349054115986208
114.1591796875 -1 677.0286865234375 114.1591796875 -1 651.4757080078125 178.94882202148438
0.999131752515497 -0.0009325828591143097 -0.04057574631992063 0.009406392246982464 -0.7890060216991752 2.2946100075322513 0.1370150347800852
112.39917755126953 -1 428.2542419433594 112.73885345458984 813342 442.4079895019531 112.53490447998047
0.9989758409452217 -0.0026604365685411885 -0.043541366840440396 0.012014185728473209 -0.7521308482588055 2.310781199055797 0.14236865321274622
137.95870971679688 787704 712.9324340820312 145.623291015625 798675 709.19091796875 147.83055114746094
0.9990275154692223 0.0011906272349779753 -0.0422061126382536 0.012698417151252245 -0.6668157191008182 2.3129538643408987 0.17700312585696146
199.73512268066406 798237 723.5338134765625 205.60177612304688 -1 1384.2520751953125 232.23634338378906
0.9991262137030458 0.0036963056429190084 -0.040697228643177125 0.008768237951534948 -0.580408124583611 2.339887272554296 0.1944438621018549
129.6078338623047 -1 794.2846069335938 132.5098419189453 -1 797.9780883789062 192.01307678222656
0.9990985455035307 0.002156167555469829 -0.04125985965747472 0.009750451027912195 -0.5248605774325512 2.3663701924339504 0.1689027731143464
199.20079040527344 -1 1125.42138671875 199.20079040527344 -1 744.0576782226562 200.33575439453125
0.9991318158485494 0.004152373004988805 -0.041122761487244565 0.005224064056947304 -0.43172656831100537 2.3568226572074784 0.15814562252393347
132.78048706054688 -1 775.571044921875 144.91165161132812 -1 792.3659057617188 144.7602996826172
0.9991144185697186 0.007746891271119431 -0.04109413171692227 0.004651518048841597 -0.3585121146437474 2.3206799708185155 0.16764429189097482
104.18148040771484 -1 799.1956176757812 117.12720489501953 -1 847.0467529296875 138.08370971679688
0.9990582673089694 0.007843738424812872 -0.042433355517526014 0.004523784770105565 -0.31426266079642945 2.3082689422358 0.17096445704843585
3.4904141426086426 -1 624.3145141601562 4.071131706237793 -1 624.3145141601562 4.071131706237793
0.9989998897493285 0.005990316091609415 -0.043895098589730994 0.006046214828307603 -0.2798903938656015 2.314008294250711 0.16994126023265166
93.04737091064453 771272 339.7530517578125 93.04737091064453 770212 627.0975952148438 93.36697387695312
0.9989882554155557 0.00406886388547539 -0.04449321174918349 0.005124841139797316 -0.22375936666021995 2.327866854400448 0.1770110914783402
106.4102554321289 801054 142.75784301757812 116.15331268310547 -1 723.3856811523438 116.04046630859375
0.9989478807386654 0.0019596371741278508 -0.04510182054054773 0.008069521287126232 -0.19239393561680332 2.345176029289785 0.18018210494975045
116.1656494140625 -1 384.5570373535156 118.24676513671875 771272 384.5570373535156 118.24676513671875
0.9988600510806309 -0.0002250808203833331 -0.046996651576625394 0.008358375105798743 -0.15315741557999663 2.368919359275421 0.17985956108315665
126.63896179199219 -1 398.51934814453125 132.09690856933594 771272 343.11761474609375 132.6337432861328
0.9987584681722909 -0.002373495357702615 -0.04847946855707386 0.011208474577291279 -0.12659637662633494 2.38929748621348 0.17307463805581583
148.38958740234375 -1 385.8359375 148.38958740234375 -1 683.820068359375 151.51788330078125
0.9986398367734631 -0.003975822166447207 -0.049867221038189684 0.014694540248010158 -0.08147494797436045 2.411681078100642 0.1683651282333354
70.17668914794922 -1 794.6253051757812 80.33631896972656 -1 508.1084899902344 94.49436950683594
0.998652466630996 -0.002655023560631183 -0.050145639256121706 0.013100252108820529 -0.018747534750668586 2.414561519581972 0.18240950503006487
26.50731086730957 792606 386.36773681640625 77.55194091796875 -1 661.05224609375 87.44630432128906
0.9986547178199802 -0.002850589596696394 -0.04972385068688322 0.01442800705973433 0.03324117595804715 2.425226968071544 0.19665488574421774
193.24398803710938 789901 688.6458129882812 201.15802001953125 -1 969.394775390625 202.55319213867188
0.9986507763963743 -0.0057381784729051 -0.04897357937275564 0.016287683510937435 0.09215775741526722 2.4501010089639794 0.18915144708914639
203.73350524902344 792432 715.1735229492188 212.8682403564453 787699 997.174072265625 213.23326110839844
0.9986365871129468 -0.008136820454954213 -0.04849482418540994 0.017521731065050054 0.15445032883873266 2.466791660989161 0.1676720469464004
105.6064682006836 -1 1228.052001953125 105.6064682006836 -1 695.4529418945312 190.07289123535156
0.9987310221312342 -0.009064546246931114 -0.04662311060123189 0.016747089057588996 0.23799816463371892 2.4698755973594375 0.14870459443864859
193.55081176757812 -1 780.1441040039062 197.5063934326172 -1 780.1441040039062 197.5063934326172
0.9988949859593542 -0.00847481583793942 -0.04368952032554718 0.01510663216928765 0.3234756089152266 2.467382566698744 0.1584046450630611
187.37863159179688 -1 1073.7926025390625 211.14601135253906 -1 1073.7926025390625 211.14601135253906
0.9989785684183675 -0.00988374467443031 -0.04086233419699367 0.016565055869898686 0.40205522000403654 2.4842093265167 0.16495510567823884
203.08387756347656 783571 1056.816162109375 219.95135498046875 -1 1056.816162109375 219.95135498046875
0.9989979287563474 -0.014344077801110139 -0.03835937559724205 0.018053921356682844 0.5079422397211186 2.5156316371313165 0.14451202247847983
221.6595001220703 783571 369.114990234375 230.8125762939453 -1 92.73320770263672 245.5207977294922
0.9989875517282276 -0.015526285905746992 -0.03712408507215461 0.020114876225576766 0.5741258703640771 2.5272094270364427 0.12489142515245724
26.44679832458496 -1 1419.3511962890625 26.44679832458496 -1 909.775390625 227.9311065673828
0.9990200812129352 -0.012899607155649955 -0.03734562827902079 0.01994446080934038 0.6394951095975147 2.510365018143555 0.11501058806107943
230.49224853515625 -1 891.9551391601562 232.0826873779297 772928 891.9551391601562 232.0826873779297
0.9990329661134758 -0.00988946274515484 -0.03717074737776605 0.021299452680791194 0.6783842410647719 2.492102508070792 0.11349476379235426
196.52529907226562 -1 804.6751708984375 210.7962188720703 772037 981.9136352539062 211.9853515625
0.99910375392042 -0.00859706151252481 -0.03558670048562719 0.021245380298344354 0.7266688240585066 2.4790891348869333 0.10673830739668515
205.2891387939453 -1 836.3653564453125 214.71109008789062 -1 1237.5909423828125 218.7040557861328
0.9991945902384952 -0.009201591040629016 -0.03328041941250699 0.020442975423710298 0.7848851940112195 2.4762349254309024 0.09497782522987931
170.84449768066406 -1 1042.977294921875 182.64686584472656 -1 1041.0977783203125 182.80902099609375
0.9992238633100947 -0.011026236816341375 -0.03200793938185623 0.020139138756328532 0.8370277702328178 2.477820656088555 0.08589952000371255
71.98482513427734 766760 618.5598754882812 90.07809448242188 766688 735.7884521484375 90.6238021850586
0.9991918112791591 -0.011402824210327404 -0.03329954257328371 0.019412375874989042 0.8714484514812907 2.471791768412748 0.1039993372514109
3.6487364768981934 -1 864.7763671875 27.69854736328125 -1 864.7763671875 27.69854736328125
0.9991391846889578 -0.013048441425690652 -0.03443411571036616 0.01910286550992229 0.9054196507339183 2.4751187015397007 0.12099987107068169
84.07158660888672 -1 635.2310180664062 104.76988220214844 764535 635.2310180664062 104.76988220214844
0.9991664511929503 -0.015240963925563804 -0.03401264974742053 0.01665099054905679 0.9756075503130098 2.474796516988298 0.12657218754931546
0.5360196828842163 -1 0.5360094308853149 0.5360196828842163 -1 0.5360094308853149 0.5360196828842163
0.9992852008791858 -0.01610919360448289 -0.03060102344285512 0.015269530101097212 1.0606841894934211 2.464064093800375 0.12067196330477373
219.41831970214844 775027 1344.427978515625 230.009033203125 -1 1323.4202880859375 231.0968475341797
0.9993034965025063 -0.01685380287435139 -0.02991472551536528 0.014614390301285708 1.1278586081962416 2.44375407023491 0.11612232751677047
195.04953002929688 768410 1345.4708251953125 224.4176483154297 -1 1118.4725341796875 230.2784881591797
0.9993557409786431 -0.014345700842652192 -0.028102798719997376 0.017103699730285173 1.1992458207358805 2.4188237378621036 0.11395748946969948
184.9105224609375 -1 1352.2901611328125 232.6165313720703 -1 506.09307861328125 241.08448791503906
0.9995302140022406 -0.012561097822815972 -0.023727445254253014 0.014784399204128582 1.3058555054914582 2.382822353899282 0.1007006648444405
168.53160095214844 -1 1166.2030029296875 168.53160095214844 -1 665.0250244140625 182.53746032714844
0.9996785054212104 -0.008577360432504304 -0.021408457455469 0.010535304276733147 1.395233294411793 2.317434688249053 0.09858882018475094
135.8498992919922 -1 1093.516357421875 140.5292510986328 -1 817.36083984375 165.07020568847656
0.9996684756849586 -0.004641542545996178 -0.021687951693094818 0.0130777504129285 1.4291784541733887 2.2903282939825886 0.09674425709393687
46.33549118041992 -1 666.234375 97.67903137207031 -1 617.310791015625 102.8416519165039
0.9994846089174527 -0.008437543141212001 -0.02546015104504519 0.017638172003651482 1.4235517500276498 2.309968369221419 0.04184168248577962
3.1212048530578613 -1 794.8844604492188 3.9292502403259277 -1 550.33935546875 38.039581298828125
0.9993651360155648 -0.015930395333267264 -0.026595499970661057 0.01755638921954446 1.4332900541794256 2.349864253938466 -0.010560834938827618
167.849853515625 -1 863.5211181640625 167.849853515625 -1 860.947265625 169.18246459960938
0.9991072631505391 -0.026510603278660578 -0.02392868803704061 0.022567288770845847 1.4390891635686143 2.4291656616572155 -0.05910845764822535
0.5355716943740845 -1 0.5354796648025513 0.5355716943740845 -1 0.5354796648025513 0.5355716943740845
0.9986477068141707 -0.04019678132062081 -0.02121441418714248 0.025237374605070338 1.447220383618328 2.5184420443680184 -0.11158317300765949
273.00640869140625 -1 759.3388671875 274.61273193359375 -1 759.5850830078125 277.93798828125
0.9981122503452278 -0.05251927793361336 -0.021249216691254343 0.02370932192462235 1.4312136788266976 2.580537757206394 -0.15459026826340957
279.3809814453125 -1 988.6981201171875 293.0782775878906 -1 647.4265747070312 299.0299072265625
0.9976667228875302 -0.05847442844103215 -0.022381825202767082 0.02721957314036026 1.374375937576244 2.6114432132773215 -0.16904999592673556
30.59471893310547 -1 1294.4468994140625 69.17716217041016 -1 1294.4468994140625 69.17716217041016
0.9978067557686042 -0.05743179966102697 -0.02133163397874292 0.025064475299233963 1.3698179450338315 2.5920873452009454 -0.14123327920681197
129.68283081054688 -1 1199.0965576171875 139.74151611328125 -1 846.259765625 222.87261962890625
0.9977977023408218 -0.05697200372100854 -0.015424744903433773 0.030265710631905803 1.377184697487591 2.5707473340390465 -0.11657709015980745
266.9951171875 -1 1168.5213623046875 298.9250793457031 -1 1247.2197265625 299.5074462890625
0.9975316822280635 -0.05886510194819936 -0.011827836902148847 0.03640803480132052 1.3814515829551444 2.549133040548564 -0.08577245420202981
9.765607833862305 -1 711.3955688476562 9.765607833862305 -1 428.848876953125 11.733136177062988
0.9970999275837725 -0.05740619031312015 -0.019328786681468448 0.04607235322394467 1.294198044493949 2.536503006925444 -0.014364850784040057
127.2499771118164 -1 906.3094482421875 280.7016296386719 730431 1069.247802734375 299.2365417480469
0.9965990121676033 -0.054767314149489967 -0.0266557740032149 0.0555015311473283 1.2299219766538818 2.5414820780016965 0.07289382154621542
73.65019226074219 -1 575.3565063476562 113.00228118896484 -1 646.5325927734375 120.945556640625
0.9967570548000265 -0.05484470221438976 -0.0235241334854595 0.05398191816849707 1.3208860781960179 2.5586542944133814 0.08227986180897509
211.36947631835938 -1 39.73293685913086 211.36947631835938 -1 729.4736328125 268.5115661621094
0.9975348010221108 -0.050292862974711056 -0.016847172301510192 0.04594694188983848 1.4508719679305686 2.5072351525748773 0.03606466873654105
276.21014404296875 -1 1280.815673828125 320.70556640625 -1 849.9278564453125 344.06646728515625
0.9980783424060957 -0.041178666233452066 -0.012460904102685312 0.04459445858038794 1.5557208059582885 2.4430816273251343 -0.00019667407978372082
272.30224609375 -1 970.9267578125 284.8216247558594 -1 991.6453247070312 377.4013671875
0.99889269764358 -0.033848482897998675 -0.009755094646506124 0.03118488300880679 1.7206576551055661 2.3449976778926973 -0.03959027260994212
202.03553771972656 -1 718.6328735351562 234.6112518310547 -1 682.9136962890625 236.93736267089844
0.9991836316136958 -0.029946167944876683 -0.012336422194550582 0.024147671277395512 1.8264688179490245 2.2766194831404563 -0.060188078466033114
130.9724578857422 -1 852.3703002929688 131.60458374023438 -1 1432.4119873046875 171.59710693359375
0.999349516294323 -0.02830954085604834 -0.017045080093749075 0.014442279024449046 1.9396006726753292 2.221336627537396 -0.07383430971897738
100.35944366455078 725083 265.0870666503906 108.31927490234375 -1 813.1195678710938 109.81627655029297
0.9993932620293801 -0.024629762549277224 -0.022777334847919772 0.009363526273101812 2.0131407981115625 2.1818148693476385 -0.05775389953901771
0.5 -1 0.5 0.5 -1 0.5 0.5
0.9992848883132927 -0.023095381058446905 -0.029801120895574074 0.0028650577346438196 2.0830982489328846 2.1519581334668323 -0.03702694142178754
4.765328407287598 -1 856.2535400390625 5.410726070404053 -1 190.3007049560547 6.363469123840332
0.9990819517470576 -0.024438105938969102 -0.03518419121146129 0.0003245923615662725 2.159138177282601 2.152269151628827 -0.016888470975993455
95.02890014648438 -1 324.7084045410156 122.25676727294922 -1 832.3817749023438 204.4122314453125
0.9990238132076982 -0.02340248848705649 -0.037261677347732725 -0.003913001124052306 2.2896841939968082 2.129831343066215 0.021510292545614082
221.88047790527344 -1 519.9813842773438 229.39540100097656 -1 721.6970825195312 235.57608032226562
0.9989068537335865 -0.02386775578446118 -0.03925593603384575 -0.008625501955673869 2.3990643550448074 2.1215337135783643 0.03950950719397278
105.97892761230469 728711 940.4154663085938 107.69454956054688 -1 936.9053955078125 108.98649597167969
0.9985929401038631 -0.025016040047053913 -0.045267817362941005 -0.011711636362271193 2.4985661549910243 2.125503026312083 0.07936962183284424
112.0709228515625 -1 590.0405883789062 113.8253402709961 -1 1111.7679443359375 120.86547088623047
0.9985521055623395 -0.02333861063465251 -0.04743036342111765 -0.009968066833805253 2.5830101996825796 2.139656375112221 0.11479103341205064
249.60020446777344 -1 273.6221008300781 258.0624084472656 -1 1170.7474365234375 273.1665954589844
0.9985658769315017 -0.02124571819687955 -0.04804253912831358 -0.010330697964044492 2.6913191292974483 2.1391286656856843 0.14794320888230286
127.64111328125 -1 183.84141540527344 132.8875274658203 709458 886.021240234375 263.7989501953125
0.9984771467774477 -0.02231689356815405 -0.049967238989573615 -0.00697270768020515 2.7652979014332626 2.1757738691212016 0.1623542794866068
18.850814819335938 -1 466.1934509277344 184.6888427734375 -1 1076.1448974609375 235.9185333251953
0.9984325059540822 -0.02157470376744859 -0.051315644327616095 -0.005811011860267352 2.8336778760308183 2.189272103092333 0.1602442581854336
181.2220001220703 -1 902.1614990234375 181.38185119628906 -1 969.549072265625 210.49818420410156
0.9984567220003019 -0.02008312028225895 -0.051635449884582026 -0.0038239884096371627 2.8983091184262375 2.1987355539936053 0.15055385555038428
131.11795043945312 -1 344.51947021484375 139.60206604003906 -1 1019.9119262695312 206.85533142089844
0.9984787473405 -0.019713006639094956 -0.05127860987715749 -0.004700281657443208 2.975456775597761 2.2022939012706844 0.1258369096879231
94.78407287597656 -1 49.10371398925781 122.45565032958984 -1 991.85400390625 156.74453735351562
0.9984292299213495 -0.017031982679451683 -0.05326322443871195 -0.0034660246766810236 3.03746913802451 2.202265808832914 0.11850465753632179
68.9260482788086 -1 793.4837036132812 100.49749755859375 -1 1011.1004028320312 132.8670654296875
0.9984199509999111 -0.015304422008081443 -0.053975394694456884 -0.003167472164271562 3.11509263726278 2.2064280536889163 0.10693896230793445
80.58695983886719 -1 81.0283203125 105.63973236083984 -1 1056.28759765625 219.7049560546875
0.9985408763003875 -0.017949547445620113 -0.05091906920386712 -0.0010865059427715021 3.234791244224564 2.2466753675757283 0.0711325232012538
132.05918884277344 -1 1043.889404296875 218.49913024902344 -1 620.1876831054688 302.16827392578125
0.9987120770689207 -0.017618562505337373 -0.047465842382557286 -0.003281337965220361 3.3547961101759403 2.2449018226431954 0.051303861737118234
126.04155731201172 -1 133.73968505859375 136.50648498535156 -1 735.2434692382812 164.33187866210938
0.9987635315596177 -0.017085354775886987 -0.046231896852153564 -0.00648925205199963 3.4327826163273896 2.2277396626622408 0.042063330140580515
74.87545013427734 709866 665.730712890625 94.93949890136719 -1 418.4501953125 108.86590576171875
0.9987609471889998 -0.01625294975711068 -0.044881354705429255 -0.014073947354261044 3.513834038488726 2.1775972275940707 0.023177108202336108
108.37638854980469 -1 180.39039611816406 108.94722747802734 -1 386.3601379394531 120.5815658569336
0.9988628074082981 -0.014506431350590376 -0.039856488785609656 -0.021774198666458307 3.6221882104016143 2.116032083968337 -0.045260560535626604
114.13002014160156 -1 993.5110473632812 202.00656127929688 -1 997.134765625 212.77427673339844
0.9992097999401462 -0.00898305104304185 -0.033029640826966966 -0.020202062379195338 3.7107035526637966 2.098282523365634 -0.0857592366445276
175.4366912841797 -1 1001.896728515625 243.12701416015625 -1 1530.5980224609375 300.5214538574219
0.9993250289808532 -0.005339812882183774 -0.03026224377095456 -0.02012882144457464 3.789633056355651 2.089154208219938 -0.10023531905341466
95.36579132080078 -1 350.8658142089844 120.47522735595703 -1 307.9829406738281 142.18528747558594
0.9993544711827277 -0.007264714198544817 -0.030243852665573306 -0.017977047328395876 3.838403891902224 2.1269161086187887 -0.11963900627468929
28.414844512939453 -1 294.9195556640625 72.17687225341797 -1 302.0826416015625 74.0324935913086
0.9992666968137683 -0.010008972658680445 -0.03174613336040652 -0.01892279371239048 3.8880725992851866 2.135141050585592 -0.12458127515625875
2.4691197872161865 -1 199.42893981933594 12.371800422668457 -1 199.42893981933594 12.371800422668457
0.9992368053559796 -0.010006490535692523 -0.033631384309226665 -0.01716411834555667 3.9284929159716038 2.142047372092322 -0.10730705103160955
181.11148071289062 -1 1435.2740478515625 217.3609619140625 -1 480.9524230957031 226.7064666748047
0.9993514123351869 -0.009779686251094185 -0.03181822776679368 -0.013737277105676902 4.003163758292347 2.1595242899345415 -0.1322081684805306
124.97344207763672 -1 1038.7891845703125 224.2112579345703 -1 1125.368408203125 266.5201721191406
0.9994442198456538 -0.00795773099496915 -0.03088611199770644 -0.00969401981580766 4.079846245010086 2.1606413112900547 -0.14451558716641125
81.0289306640625 -1 1195.3458251953125 90.29969024658203 -1 825.1163940429688 95.03519439697266
0.9994118862443724 -0.005538698441202551 -0.032741096748849216 -0.008557162889986487 4.132548490492401 2.1477440614948944 -0.11776121721515438
4.34593391418457 -1 192.65155029296875 4.34593391418457 -1 709.5298461914062 4.642382621765137
0.9993784752729326 -0.005817206219943883 -0.03401725424671102 -0.007186771629732331 4.171755901282175 2.159802279535568 -0.0998053507369768
5.470581531524658 -1 544.68505859375 11.29071044921875 706322 544.68505859375 11.29071044921875
0.9994251800169908 -0.008181974031355106 -0.032388881498242345 -0.005772798649585917 4.228349545285258 2.185690861516998 -0.11506426936144407
130.2379150390625 -1 390.26495361328125 155.58058166503906 -1 689.2572631835938 188.751220703125
0.999499348315295 -0.00845554824055292 -0.030479440651951423 -0.000748410847408535 4.283838323951621 2.225551503061218 -0.12457061763489703
218.81398010253906 -1 848.4998168945312 269.4476623535156 -1 341.3949890136719 319.0069274902344
0.9995175472573171 -0.007512235215384013 -0.030075864699370854 0.001918699916797217 4.338897057254085 2.242419029271495 -0.1218516886505785
29.934249877929688 -1 560.4573364257812 42.923484802246094 704880 544.6056518554688 52.487796783447266
0.999566753370456 -0.008236779714302552 -0.028128220066391915 0.0026952276862562863 4.397175842342763 2.2592104518413176 -0.13539583168894617
8.426351547241211 -1 266.34747314453125 77.79361724853516 -1 628.5032348632812 131.98269653320312
0.999597758209579 -0.009802991445347123 -0.026169882213386505 0.004833260394813401 4.453867418350046 2.295567253542904 -0.16025581748175485
72.15653228759766 -1 703.0173950195312 212.6505889892578 -1 677.7272338867188 232.14743041992188
0.9996553539833128 -0.008600794605230378 -0.023977373841371576 0.006347056666474489 4.528056384426281 2.3096213057884185 -0.1873813198939123
91.35181427001953 -1 404.2862854003906 182.36737060546875 -1 155.46295166015625 302.5771789550781
0.9996815809128292 -0.005800281305408322 -0.02195532722324793 0.011002596371992615 4.605225290982814 2.342648216270739 -0.21320200649517218
78.68256378173828 -1 518.204345703125 276.9030456542969 -1 520.8812255859375 311.301025390625
0.9996565837100869 -0.003535120408129568 -0.02052704682498829 0.01590150676579708 4.689726152123037 2.3773238499213196 -0.23973138737992672
41.75593566894531 -1 915.2491455078125 45.905941009521484 700909 837.4059448242188 57.241310119628906
0.9996830208930854 -0.0013404624396379948 -0.018929292248520097 0.01654517432647285 4.777745632084449 2.379361784428717 -0.2599296632363576
289.1456298828125 -1 910.7899169921875 309.72308349609375 -1 910.7899169921875 309.72308349609375
0.9997231097231115 -0.0003951139106743864 -0.017128052270230777 0.016130021573992445 4.84433833086165 2.3805499083856723 -0.2751792377100754
15.750863075256348 -1 856.95166015625 15.750863075256348 -1 342.09906005859375 25.82134246826172
0.9997026428009874 -0.00044475254052423916 -0.018384536488615186 0.016013650114758214 4.885293766429363 2.386947674255081 -0.2586023759588074
3.704777479171753 -1 746.3157348632812 4.454120635986328 -1 851.31103515625 3.8822314739227295
0.9996590197939873 -0.0016465441724246366 -0.019944933520102036 0.016772974205296196 4.931518274425176 2.4088847212617104 -0.2393697811085589
18.537107467651367 -1 940.0674438476562 62.837303161621094 -1 940.0674438476562 62.837303161621094
0.9996755941245521 -0.0034886031163310236 -0.019320666500608114 0.016224919290791083 5.007628174192848 2.4203279785844654 -0.2431087244625784
62.21012496948242 -1 339.98138427734375 66.48284149169922 -1 943.607666015625 67.61949157714844
0.9997399920910414 -0.00576505240164103 -0.01633677573098452 0.014826400214707793 5.100501697308345 2.423973520653344 -0.2715948255960031
148.5963897705078 -1 332.4982604980469 229.61143493652344 -1 746.1929931640625 236.3330535888672
0.9997564834335082 -0.008267865916934984 -0.0137710060992188 0.015131940287368638 5.1934297338783075 2.45064587416899 -0.2988465233840248
128.79293823242188 -1 978.6962890625 263.03424072265625 -1 842.5742797851562 269.7511901855469
0.9997644885502459 -0.010748227201518497 -0.012392143068485646 0.014208372041168945 5.277440765237784 2.457968201489399 -0.3246506535932224
79.42952728271484 -1 1100.3197021484375 79.42952728271484 -1 1063.03466796875 103.92180633544922
0.9997252763702116 -0.012222676359598958 -0.013238371018661186 0.014990780562897802 5.3260156720260525 2.4756799781911463 -0.314891548858635
31.376811981201172 687608 513.5909423828125 63.099937438964844 691898 1097.0919189453125 67.4946517944336
0.9996781607306291 -0.014866672517276998 -0.013830540725735833 0.01520766746494409 5.3691283692561855 2.4995253861862867 -0.3017617084062287
88.38536834716797 -1 573.1848754882812 133.98800659179688 699257 595.5498046875 148.62779235839844
0.9996338218945885 -0.018792320704174185 -0.011366867697138624 0.01580712262637852 5.4137495521091346 2.536610146086623 -0.32832972137360233
143.8432159423828 -1 731.5342407226562 158.1912841796875 -1 601.5521850585938 161.53866577148438
0.9995778873442768 -0.020556550110479545 -0.010833969278559235 0.01743847727237023 5.428708786393298 2.551460793416904 -0.3319578084180081
9.422167778015137 692602 1256.044189453125 20.5401554107666 697337 1318.438232421875 27.94310760498047
0.9995482641718783 -0.019508655839850637 -0.01044489482975959 0.020336767449689232 5.429407967251569 2.5623459718750925 -0.3237094985730051
0.5 -1 0.5 0.5 -1 0.5 0.5
0.9994886631499872 -0.021395046228843136 -0.00897192414860856 0.022003836224369487 5.435521172008498 2.583744415755806 -0.33085809033321284
0.5 -1 0.5 0.5 -1 0.5 0.5
0.9993674299273209 -0.024388846219345506 -0.007074690198944618 0.024897247621767038 5.433313765136264 2.6224839307414465 -0.35001301920437716
5.680251598358154 -1 390.12060546875 5.680251598358154 -1 1350.082275390625 51.18103790283203
0.9992350374408294 -0.02627342295964847 -0.007394787782334749 0.028006504784814756 5.420695271412667 2.649883080470284 -0.3414856365329486
4.072811126708984 -1 1012.7520141601562 4.072811126708984 -1 373.6282653808594 7.767282009124756
0.9991265576148513 -0.026877516421954416 -0.00931016688723489 0.030611138041841904 5.403105928747407 2.6590995960704027 -0.31048733921420496
34.09372329711914 -1 399.90728759765625 34.09372329711914 -1 734.2974243164062 35.051109313964844
0.9991993839028546 -0.024968308207266955 -0.006813302442988656 0.030508256312728056 5.4154323459278695 2.630075287278694 -0.3053667324890414
145.81460571289062 -1 631.2535400390625 149.83047485351562 -1 1173.9539794921875 162.0627899169922
0.9992649791463393 -0.02336686314665602 -0.0014040225946946056 0.030356545898790957 5.434634278660783 2.604271766431824 -0.3428764411689037
0.5 -1 0.5 0.5 -1 0.5 0.5
0.9992873546912702 -0.023517064587270823 -0.00046477501040021244 0.029521422924914314 5.423832731656112 2.5718965905041005 -0.3511381348527751
143.34031677246094 -1 685.6897583007812 164.43844604492188 697697 623.255126953125 166.1815643310547
0.9992648107555152 -0.022701911189910697 -0.0007104023975324484 0.030886186920749282 5.378121684220366 2.5465769167080428 -0.3361341535510382
126.55448913574219 -1 1168.747314453125 129.5107421875 -1 1168.747314453125 129.5107421875
0.9992869988411281 -0.02281494398142961 0.0009202230075181076 0.030068679183360397 5.3592359752134 2.5083445511205094 -0.32942442536404304
3.5037102699279785 -1 1278.0252685546875 24.202999114990234 687606 595.8685913085938 25.136188507080078
0.9991719386069606 -0.02656601379053693 0.0011149922185095596 0.030796766129607953 5.328242660180643 2.4955764066311263 -0.32283832292635056
6.5399169921875 -1 704.365966796875 8.061750411987305 -1 415.0819396972656 11.433477401733398
0.999119400339553 -0.027370797516693118 -0.0002582798535325764 0.03179931760194678 5.295131858609168 2.4759106216538758 -0.2905395335461075
34.64183044433594 687606 744.4563598632812 39.30801010131836 695430 452.1007385253906 45.637847900390625
0.9989866306638794 -0.0301730837359829 -7.562789648998034e-05 0.03339597360629697 5.270960334584705 2.473720027293123 -0.29581273116394613
7.978801727294922 692602 963.214599609375 9.911699295043945 692913 1271.740478515625 26.800268173217773
0.998728221780245 -0.03326408931687961 -0.0025463764231339545 0.03780152574566403 5.2051032838361735 2.493551721727677 -0.2930578570342225
122.80770111083984 -1 643.0975341796875 128.3990936279297 -1 641.318603515625 138.13633728027344
0.9985790088798208 -0.033089309224296676 -0.0025477379328037323 0.04169615894875057 5.153157366263256 2.4900770216886667 -0.28732939330361423
15.4953031539917 687016 1262.901611328125 15.498220443725586 -1 736.9888916015625 18.909866333007812
0.9985191787651764 -0.034802173856977134 0.0014346257263580236 0.04178756013422788 5.138419350412054 2.4738034176729644 -0.3157764704586554
17.943195343017578 691401 1239.74462890625 19.07671356201172 685418 1200.6822509765625 29.80131721496582
0.9984626960838593 -0.03794753684802009 0.0018994671130176067 0.04035617673672327 5.096573508461664 2.431387452642133 -0.3107975371312136
147.08566284179688 696854 1042.278564453125 147.08566284179688 -1 1068.7445068359375 158.12539672851562
0.9983854738468976 -0.03799402084721874 0.0005419112365976129 0.04222092281770591 5.033408567402376 2.4253803211221037 -0.26955562621292223
20.392353057861328 -1 1121.0589599609375 20.755870819091797 -1 1186.5115966796875 25.1844539642334
0.9981845248313864 -0.04115887152075548 -0.0006750495118127554 0.043967556111682723 4.984353720204047 2.419763159177343 -0.24458058596748067
93.56543731689453 -1 1015.3751220703125 117.02622985839844 691899 1098.07421875 153.37913513183594
0.9979569336373582 -0.04276672506287764 -0.0029982261153000595 0.047370628797593455 4.921035949022532 2.409431822463575 -0.20065027036611865
0.5 -1 0.5 0.5 -1 0.5 0.5
0.9979842175067049 -0.04147594900319096 -0.005082203886457492 0.047764196480956304 4.865759475719684 2.34791429225338 -0.13904282698075618
61.3375244140625 -1 579.6246948242188 133.2783660888672 343264 963.8406372070312 134.3686065673828
0.9979731714745944 -0.03997451894991065 -0.006622181148780424 0.049068661776086674 4.791854807206616 2.2967269653223394 -0.08090289564034106
92.41796112060547 696850 512.502685546875 109.98175048828125 696484 522.8215942382812 125.32652282714844
0.9980637352425574 -0.039406701989945066 -0.004190839305896826 0.04794089170908438 4.748606627965503 2.2344863465123956 -0.06915175677358065
5.222658157348633 -1 785.3538208007812 19.4534969329834 -1 785.3538208007812 19.4534969329834
0.9982373266317455 -0.03847304185005484 -0.0005195494561569296 0.04518622398776504 4.7419505855678 2.1642786775757887 -0.08148999129932298
73.81062316894531 -1 484.6574401855469 79.72566223144531 684778 626.0548706054688 80.96144104003906
0.998332821879919 -0.037568574975308675 -0.00012232734497509781 0.04381967557642742 4.699836122202043 2.0934229009245344 -0.08022242598735949
60.93907165527344 -1 535.1965942382812 79.63868713378906 404984 660.191162109375 143.2980499267578
0.9983835065748679 -0.03753302631071889 -0.0008742577991493446 0.04267178703230382 4.651854937097428 2.049906162388669 -0.0677677748714532
0.5 -1 0.5 0.5 -1 0.5 0.5
0.9983671133290605 -0.039514659575442375 -0.0005497104662120508 0.041247988072622636 4.607667992452508 2.027573708533814 -0.07259686909650959
31.965816497802734 716774 1145.2987060546875 33.18106460571289 -1 465.90966796875 41.274147033691406
0.9984570818730287 -0.038977360319328774 -0.001471321488967597 0.03952285735127556 4.551628994102281 1.9916874997507013 -0.06657469265520091
58.48543930053711 -1 847.8475341796875 62.69686508178711 -1 847.8475341796875 62.69686508178711
0.9984916278578093 -0.036976236025871696 -0.0036518025725167454 0.040421422602282694 4.476897873933818 1.9815816380670166 -0.0446230598658443
38.922607421875 684224 844.9130859375 61.867313385009766 684215 1203.4085693359375 107.9183578491211
0.9984183278791242 -0.03833228782698201 -0.003917831399535725 0.040940552782395674 4.415432094985591 1.9937464616482563 -0.04185722656207124
17.893217086791992 716774 443.928955078125 32.855403900146484 342453 730.27587890625 32.87150573730469
0.9983449707554526 -0.03918999403689348 -0.0029891640869427437 0.04198248006900131 4.3651856975781484 2.004308862026139 -0.04856225389012671
8.599162101745605 346384 581.2659912109375 21.184816360473633 346505 571.1365356445312 25.02165412902832
0.9984069608416878 -0.03753422524847818 -0.003079591395099557 0.04201474258757922 4.318008534026188 1.9933914925091825 -0.04483136124300314
5.881604194641113 -1 789.32861328125 7.240726947784424 342513 667.40576171875 10.097867965698242
0.9985007300095913 -0.03678955828613401 -0.0013797065867462766 0.04050823349837709 4.282839034903909 1.9671403972201251 -0.05660876753811187
4.97091007232666 344201 215.7504425048828 12.685723304748535 689335 792.6381225585938 15.416135787963867
0.998637866060371 -0.0365289408594996 -0.000431691558036567 0.037254027869089275 4.241659225183235 1.9284495828931607 -0.061177207824798546
116.04930877685547 -1 675.2418823242188 146.5817108154297 -1 523.4409790039062 152.20877075195312
0.9987445281172932 -0.035379542566514516 -0.002407773826133824 0.035381607492478304 4.172735620085419 1.8923939350223957 -0.05450414912324015
182.03756713867188 -1 680.0617065429688 216.0801239013672 -1 647.8670043945312 216.43472290039062
0.9989325820043001 -0.03380507984156768 -0.002991488086848175 0.031336307793898135 4.107549241162229 1.8291274382407936 -0.04969881370288107
21.60277557373047 -1 641.8007202148438 25.30304527282715 -1 612.0697631835938 120.37393951416016
0.999093131363061 -0.03139908927377259 -0.00322503368274127 0.02857641009077825 4.035986369891297 1.7632071948476244 -0.05472577037721406
14.827488899230957 -1 629.568359375 18.816082000732422 -1 151.25001525878906 90.8389892578125
0.999247956110976 -0.02793936995695647 -0.003937167369447161 0.02659722781701774 3.9741432818667497 1.7023892880855525 -0.061614930936691785
3.515653371810913 -1 566.26318359375 3.515653371810913 -1 108.57842254638672 61.10984802246094
0.9993870027426218 -0.025095509391413123 -0.004730231824328041 0.02394700533245253 3.918938669323967 1.6456232370161308 -0.06517760611212889
3.061927556991577 -1 363.4356994628906 15.328719139099121 -1 73.53923797607422 41.516727447509766
0.9994252538745586 -0.0246063194905392 -0.005437303567952974 0.0226743619273798 3.8726777919743114 1.6191454716760405 -0.06424083093404402
4.885745525360107 -1 144.59002685546875 4.885745525360107 -1 354.9117126464844 4.758798599243164
0.9994886421722491 -0.022468704422052784 -0.006622050334639706 0.021766027189955333 3.823317582925356 1.575995420972693 -0.04737082258261917
13.447484970092773 -1 25.711721420288086 17.026123046875 -1 848.8961791992188 31.44796371459961
0.9995903468646503 -0.01944680339492735 -0.006885449277699586 0.01983811687059276 3.7837918667909154 1.5342146422566736 -0.021158033551483334
4.153188228607178 -1 128.48178100585938 5.305970191955566 -1 148.5612030029297 5.841649055480957
0.9996223961131867 -0.019956900478374943 -0.005247017898989815 0.018145415823154543 3.751244935610546 1.5126215770156626 -0.01309003477995985
4.136387348175049 -1 803.5181274414062 5.264428615570068 -1 1430.33447265625 5.693602085113525
0.9996861723355797 -0.021947267822432157 -0.0013737627322867054 0.011999460493025228 3.7325959167134486 1.470756326981571 -0.031042191247766932
3.968961000442505 -1 703.5363159179688 3.968961000442505 -1 745.677978515625 4.3689374923706055
0.9996791978004815 -0.024131701698759334 0.0008657842651610385 0.007642831655491565 3.686225281015689 1.4346867425079253 -0.04332068185657706
107.94541931152344 -1 1069.27490234375 217.87435913085938 734410 1158.970703125 236.29388427734375
0.9997227337355397 -0.022599201388773436 -0.0020638010990571484 0.006282712308591104 3.603836291796531 1.3900256528812447 -0.007012205128658499
146.9142608642578 -1 249.52880859375 163.49693298339844 -1 341.0845642089844 173.93836975097656
0.9997849859657424 -0.01997116963010092 -0.0035999943181539346 0.0042631281936378945 3.528724814781733 1.3283296099454038 0.01835176781764644
16.836475372314453 -1 763.4515991210938 35.95174789428711 703233 699.0658569335938 44.927146911621094
0.9997674972472003 -0.021326243983573235 -0.0012809303592624902 0.002915816015733595 3.485383539909644 1.2945188415205382 0.02329213847015489
1.9741376638412476 -1 495.2735900878906 4.8662824630737305 -1 727.7052612304688 4.092398166656494
0.999756757482455 -0.022026925368668748 0.00026704516702598667 0.0010812556819484573 3.455290975540606 1.2589735137142148 0.031580533786951866
4.551393985748291 716932 331.1215515136719 4.927243709564209 -1 1507.0233154296875 4.299366474151611
0.9997486483652955 -0.022330747269762277 -0.0004176871880764975 0.0019502193598729988 3.4093718108679316 1.2336207960285475 0.04462675837034125
4.726373195648193 -1 760.7902221679688 4.726373195648193 705712 864.9859008789062 22.363359451293945
0.9997574323572832 -0.021717226036510044 -0.001645948625792437 0.0032755751819723705 3.3589599470562597 1.2077329200043965 0.058174795872074275
4.119924545288086 -1 825.087646484375 4.854374408721924 -1 934.669189453125 7.318510055541992
0.9998035592115632 -0.019396059166092477 -0.0015457889185614717 0.003774442122357709 3.315887737078453 1.1625059873165589 0.05367976109715317
2.408020496368408 -1 622.496337890625 2.9028143882751465 -1 743.4601440429688 4.478917121887207
0.9998388115501541 -0.017604954801564338 5.122217474524876e-05 0.0035233309096956715 3.2815438985797853 1.1171074098869889 0.04149767331826822
0.5 -1 0.5 0.5 -1 0.5 0.5
0.9998475153562328 -0.017366684084739476 0.0007629903558103237 0.0016619764095178325 3.2366363207995805 1.070489253921467 0.03355475750710547
51.432979583740234 -1 970.1002807617188 51.432979583740234 -1 1174.563720703125 61.26808547973633
0.9998963641394567 -0.01421645036644295 1.5315322114064424e-05 0.0022700848253727314 3.1765487992020383 1.0186305460113594 0.04390784023031734
32.3818359375 -1 996.4405517578125 91.37718200683594 -1 631.8125610351562 100.56906127929688
0.9999196933502286 -0.012191043132033992 0.00040588535516234195 0.0034381062834533444 3.1290878416717907 0.9850498826819993 0.055264065348451845
3.3071579933166504 -1 941.354248046875 3.3036201000213623 -1 1199.5765380859375 4.610354423522949
0.9998945392726819 -0.014438547489541577 0.0011853339293806592 0.0010166919590470682 3.079625265264696 0.9574388786197722 0.04612759163235051
22.89909553527832 264319 336.9203186035156 31.203338623046875 263782 1122.3175048828125 35.18315505981445
0.9998644158463157 -0.0164483704649965 0.00027146583420038664 0.0007261815564748404 3.0077149024453784 0.9399157861974115 0.05567106019828714
19.554929733276367 -1 1194.662353515625 154.3199920654297 298017 1191.2779541015625 154.3378448486328
0.9998770535149692 -0.01565197663388487 -0.00090220463423644 -0.0002819724701071844 2.9283432780653604 0.894827952195146 0.08046910231378084
21.44307518005371 -1 117.39450073242188 32.90888977050781 -1 215.86611938476562 33.42787551879883
0.9998931173862471 -0.014551326576237124 -0.00023429212047960864 0.001399216097230513 2.8645267983180696 0.8666802572730181 0.09562753603353812
4.060105800628662 -1 405.57257080078125 4.617229461669922 300940 514.1646118164062 4.770620822906494
0.999864460923953 -0.016311777925225313 -0.0007802967877496552 0.002092084867847462 2.8037117094808326 0.8528621534863121 0.11554738802242423
86.60281372070312 -1 1117.8892822265625 136.20689392089844 298017 1070.0308837890625 212.60768127441406
0.9998400671766667 -0.017472222442063864 -0.003598115171603346 0.001270857311235195 2.716331051204237 0.8388088992706675 0.14773954523564345
208.61866760253906 -1 999.1220703125 225.0192413330078 333328 963.0194091796875 279.1284484863281
0.9998172469074339 -0.01849098949894353 -0.00458622546390635 -0.0015882788745881415 2.623913760483141 0.8132552146018424 0.16183589175792967
198.8367919921875 -1 995.9430541992188 200.45826721191406 -1 995.9430541992188 200.45826721191406
0.9998053841485853 -0.0186960154276319 -0.004175709539456669 -0.004713415372280152 2.5375915331844117 0.7761031124970856 0.16316677232866503
15.87691879272461 300025 439.46978759765625 21.384796142578125 -1 23.078279495239258 35.07421875
0.999805483446564 -0.0183600261034562 -0.004505233102352481 -0.005622062464652499 2.4765952829605613 0.7555535871096457 0.16810951524481216
4.679325580596924 -1 864.6051635742188 4.769482612609863 -1 1277.6812744140625 4.685581207275391
0.9998224373741182 -0.017561708219485696 -0.004676955041356593 -0.004980584225990352 2.4312221099573135 0.7441478651897886 0.17521821382112893
4.982171058654785 285206 846.829345703125 4.982171058654785 -1 868.2667236328125 4.525198459625244
0.9998312955030183 -0.017414540334297967 -0.004225214960556732 -0.004032601671180585 2.3922275450365555 0.7341491036933036 0.17709894459163103
3.282219886779785 -1 333.6210021972656 4.327887535095215 -1 759.3731079101562 4.727434158325195
0.9998246093239244 -0.0178330776213332 -0.005095677883756841 -0.00260115353611777 2.330826621997899 0.7201057170712211 0.18499675657052148
3.2878167629241943 280198 680.2272338867188 5.060931205749512 -1 857.6953125 4.7341532707214355
0.9998533119133077 -0.01652051654378859 -0.0045163258412254555 -0.00017317624600161327 2.2795291479099906 0.7017372338205968 0.19104152194584115
3.687821388244629 -1 1199.1337890625 3.33026385307312 -1 837.883544921875 4.49410343170166
0.9998530898555181 -0.01704430929702143 -0.0014610021065486949 -0.0010750347926223919 2.2482763929059706 0.6800399679712213 0.17848162355287558
3.383230209350586 -1 1380.262939453125 3.987338066101074 -1 745.624267578125 4.865636825561523
0.9997918843121459 -0.019950819663069243 0.002947817779964807 0.0030762361217079003 2.218451671155624 0.6816801890195354 0.15942571283963916
0.8388887643814087 -1 0.8423792123794556 0.8388887643814087 -1 0.8423792123794556 0.8388887643814087
0.99977946840464 -0.0196829167462872 0.004097233122248785 0.0060671266375555075 2.1702770302056376 0.666175444315163 0.16571553050689528
7.534063816070557 -1 1173.7481689453125 8.72551155090332 -1 406.4325256347656 17.433034896850586
0.9997347555926728 -0.01981827487679904 0.0020158090367004854 0.011558155341325618 2.077280542701971 0.659759502616535 0.19368923019567857
154.80902099609375 -1 1425.918701171875 154.80902099609375 -1 1417.3204345703125 156.56884765625
0.9996699861459384 -0.02195543348424788 -0.0009124666824802797 0.013305831204836385 1.9966579501484534 0.660671780186222 0.22242624310263143
9.92769718170166 -1 868.5718383789062 100.70024871826172 298017 864.0609741210938 101.53226470947266
0.9996703746281906 -0.021855327877514513 -0.002638241506135093 0.013210844630636372 1.932439740915997 0.6449492241806868 0.25997895155674716
134.68618774414062 -1 1482.25146484375 140.61917114257812 -1 1482.25146484375 140.61917114257812
0.9996841006271677 -0.020872383377012853 -0.0058621113194154825 0.012715274920057286 1.8421509273056664 0.6207082812575617 0.30129952196414966
138.10324096679688 -1 1423.0517578125 151.689453125 -1 1481.9239501953125 153.56666564941406
0.9996320838419688 -0.0223257269402496 -0.006210353331757261 0.014095757583303285 1.7642710046982903 0.6150380307226069 0.3323605080096671
5.202350616455078 -1 1489.817626953125 9.046714782714844 -1 1498.81640625 9.889175415039062
0.9996155035390546 -0.023244753299525883 -0.008502914341288663 0.012499079010526534 1.6802019179637613 0.5847052779158741 0.3672202201596038
72.43538665771484 -1 716.8678588867188 188.69625854492188 -1 114.26329803466797 208.5070343017578
0.9995547764263008 -0.018664945473528743 -0.017259752163509497 0.015619529093179372 1.54746253304145 0.5375115984540031 0.4057139883598534
252.59954833984375 -1 1388.0927734375 253.40863037109375 -1 655.6419677734375 263.0545349121094
0.9994002390219895 -0.017669298373245435 -0.026058188466367614 0.01441974173273828 1.3969059645521409 0.4900473714555871 0.4541579668095441
90.10320281982422 -1 1218.603759765625 107.62903594970703 -1 1139.737060546875 115.67472076416016
0.9992998836281628 -0.022587895130653003 -0.025719421704312583 0.015101023856105792 1.2925166768323826 0.4959205292132958 0.45666647313685005
0.5 -1 0.5 0.5 -1 0.5 0.5
0.999331584178847 -0.026352792262694224 -0.02194540017575545 0.012661540730942627 1.2312723010501363 0.4878498496870626 0.41453684926621465
3.3359551429748535 -1 677.9949340820312 9.61422061920166 784323 398.45806884765625 17.856006622314453
0.9993491746435118 -0.023349398373732413 -0.020534474427492518 0.018285734737858432 1.1666138811178668 0.4485801196058231 0.38131213433090044
55.40871047973633 -1 810.3719482421875 61.94696044921875 -1 1168.2821044921875 76.09910583496094
0.9994029454606469 -0.018301991573182286 -0.018938439965064426 0.022363479173156696 1.1249546877446688 0.3836427978919966 0.3695763042906289
0.5 -1 0.5 0.5 -1 0.5 0.5
0.9994994413557147 -0.01625620696428556 -0.015674625266323943 0.02215645701615902 1.103704671237344 0.3390775399976696 0.3640333272973206
1.9468388557434082 -1 980.93603515625 4.203682899475098 -1 993.9712524414062 4.435903549194336
0.9995589778417947 -0.01858351505302735 -0.013222349083081708 0.01901768305724046 1.0623738673013114 0.3248339066168498 0.366892653810156
0.5 -1 0.5 0.5 -1 0.5 0.5
0.9996136869887703 -0.019277062307103746 -0.010089545619328559 0.017293719169698345 1.0109402177666467 0.30318626807144505 0.36926662057708387
0.5 -1 0.5 0.5 -1 0.5 0.5
0.999697836166781 -0.016964730436776758 -0.007554623857094092 0.016104718036693767 0.9721225036697697 0.2616250447314123 0.37442964390640254
0.5 -1 0.5 0.5 -1 0.5 0.5
0.999757627987049 -0.015230547858332558 -0.006687899598885952 0.014421778413206144 0.9256436539054219 0.2327246283383873 0.38573872095451117
5.765063762664795 -1 605.5776977539062 11.081632614135742 117128 871.4227294921875 10.841155052185059
0.9997966934769226 -0.015931163995502356 -0.004582564774002692 0.011479103904616818 0.8871294357694783 0.21718660722679092 0.39537327116824905
3.746882915496826 -1 56.331241607666016 4.279480934143066 119914 371.36419677734375 4.434123516082764
0.9997980262944255 -0.017154683400638648 -0.003127617649548076 0.009992070007428574 0.8398686187137153 0.19643024455686842 0.39679018251365683
49.420372009277344 366047 807.5884399414062 68.74347686767578 331333 825.9496459960938 74.98602294921875
0.9998315330412546 -0.015581277795509179 -0.005582897227215978 0.007934770140594481 0.76021969662309 0.139632410410496 0.3989210614122429
122.77650451660156 -1 832.8707885742188 124.36885070800781 -1 788.3057250976562 127.87265014648438
0.9998627801966566 -0.013043382919505504 -0.008210619732959449 0.0060726158307877 0.6775766679869429 0.0773091688703335 0.3988132629701023
43.395015716552734 -1 755.0827026367188 113.78038024902344 -1 753.68408203125 116.42188262939453
0.9998527464678009 -0.012974532823278791 -0.010065726315016055 0.00498277358149467 0.5968470569577934 0.039071838359053916 0.39812179552547716
100.31514739990234 -1 764.9310913085938 105.01219940185547 107188 1252.2335205078125 106.34453582763672
0.9998341666161923 -0.013633623462958964 -0.011629548686210375 0.0032430195080470113 0.5157967033306999 0.011069718293846054 0.4002491487854666
19.939453125 120205 697.1251220703125 47.363746643066406 -1 882.6737670898438 82.19857025146484
0.9998478635979903 -0.012610093946156047 -0.012003474641724729 0.0010732128070468005 0.4457667050450902 -0.0330895092031799 0.39536908415674543
2.0188727378845215 -1 634.044921875 3.8242135047912598 -1 878.6689453125 6.53460168838501
0.9998879028538539 -0.009307860032354278 -0.011676108329635927 -0.0011017996256605753 0.3937446045278841 -0.08429046992857533 0.3810611338406946
3.6985769271850586 -1 797.7167358398438 3.6768932342529297 -1 831.9563598632812 3.450666904449463
0.9999011372022065 -0.007137470103025704 -0.01202115993433826 -0.0015046780704503267 0.3417142992270587 -0.12082876999832937 0.36866254071952187
3.9005234241485596 -1 833.04541015625 7.144721984863281 -1 841.707275390625 8.189879417419434
0.9998955262758866 -0.005846835724187522 -0.012993855671200467 -0.0024312055195222235 0.2850268088886741 -0.15040096082003745 0.3571372975566564
1.7665150165557861 -1 163.35220336914062 3.155345916748047 -1 795.6468505859375 2.7914113998413086
0.9998951677298559 -0.004072246824733475 -0.013662056614349124 -0.0025334887700963356 0.2397515068581148 -0.178879408192433 0.3435645218245392
2.506439447402954 -1 771.0462036132812 3.1215035915374756 -1 1323.71484375 3.070507049560547
0.9998903352896177 -0.0023200426128296 -0.014387420790108721 -0.0026338032764333273 0.19367453742690993 -0.20513881553517246 0.3305438019416595
2.9600019454956055 -1 812.6072998046875 2.8852431774139404 -1 1487.374755859375 4.521926403045654
0.9998845113886626 -0.0005204234072934041 -0.014807905572055562 -0.0033791977008880885 0.14372199314783365 -0.2280431439158247 0.31819257501973486
0.5 -1 0.5 0.5 -1 0.5 0.5
0.9998929729803431 0.00034214553201745534 -0.013948018063352347 -0.004402080538820265 0.10613566141579694 -0.2462963014268852 0.30753908989873374
5.220251560211182 -1 433.23046875 5.435138702392578 -1 1180.7196044921875 5.385997772216797
0.999901524221315 0.0008695043643982389 -0.012933127201085281 -0.00537773584810935 0.07737613904203769 -0.26270365527656264 0.2972111983644673
4.11384916305542 -1 969.19384765625 4.157544136047363 -1 969.19384765625 4.157544136047363
0.9998951099584713 0.002828822430855862 -0.013769116925968421 -0.003489736934259254 0.024954254806682768 -0.2814797685324292 0.29968479031152
14.515673637390137 -1 1238.5025634765625 17.219995498657227 -1 946.0393676757812 27.279645919799805
0.9998585619970589 0.00198594504349677 -0.016563133303293988 -0.002138840488510295 -0.044207706036205274 -0.28058307050029735 0.31450655792405036
102.34739685058594 -1 566.0072021484375 117.92497253417969 -1 904.9939575195312 124.34188842773438
0.9998416953783287 -0.0012391886536214831 -0.017581046712478735 -0.0024403669731889155 -0.10433231116303013 -0.26401163148507906 0.3234304325737663
5.011350154876709 -1 1159.68701171875 5.158801555633545 -1 680.9512329101562 6.6030659675598145
0.9998593721193045 -0.0026197069986488193 -0.01627597320024691 -0.003076656759586791 -0.15349871491058523 -0.2631557073441849 0.3327166173240237
2.8100624084472656 -1 191.45321655273438 4.535525798797607 -1 639.3472290039062 4.264573097229004
0.9998595449079837 -0.001147397419462486 -0.016660841171951876 -0.0014107824087467645 -0.21416405144739828 -0.29414543160020645 0.33160271869209273
7.869019508361816 67112 1571.947509765625 17.520124435424805 -1 469.1131591796875 34.10874557495117
0.9998554869658793 0.0005800000104414586 -0.01698266244417885 -0.0005078981386128799 -0.27535573434744015 -0.3314556948359201 0.32057386348894085
5.168807506561279 -1 715.3919067382812 5.179024696350098 -1 741.5285034179688 6.581012725830078
0.9999127640774736 -3.17024251139499e-05 -0.013133071749114208 -0.001409133185833499 -0.3168798384638713 -0.35674742210336413 0.3137558025761899
5.550934791564941 -1 998.8758544921875 6.797725677490234 -1 730.7217407226562 8.065614700317383
0.9999449128559886 -0.0006422856902573099 -0.010120898656578494 -0.002706683007786936 -0.37322658661115865 -0.3777081939775128 0.30044733457677747
4.972601413726807 -1 1077.789794921875 5.150039196014404 -1 499.2438049316406 6.505849838256836
0.9999535038771257 0.0005511823647439666 -0.009625186004825861 -0.00020512491954192887 -0.44601173807106637 -0.4075316555872392 0.28152320860732866
15.00557804107666 63774 222.53485107421875 43.240623474121094 115509 894.3131713867188 58.65983200073242
0.9999677959085781 0.00010696000637994882 -0.007632826763264662 0.002477026624697026 -0.5112086258940188 -0.4279776575661521 0.2708458290949418
1.8919007778167725 -1 680.5521850585938 3.759092330932617 -1 1013.2997436523438 3.724576711654663
0.9999290912719876 -0.0017296714614074879 -0.00972736868300959 0.006648230074045062 -0.6181634066021024 -0.43605103965794567 0.26241591569909956
88.93072509765625 -1 900.9605712890625 95.25150299072266 69759 968.998046875 127.06488800048828
0.9998811977844689 -7.159085848953392e-05 -0.013508562445748044 0.007423202307226999 -0.6928329662981398 -0.4551671619238476 0.2503182603293189
40.196128845214844 -1 505.7677917480469 43.649166107177734 68777 753.4816284179688 78.13380432128906
0.9998733669137585 0.0012969609905746338 -0.015243196351025723 0.004383262909919853 -0.7430622364065613 -0.4572344202611882 0.23444960215425414
3.9917261600494385 -1 469.44964599609375 5.529775142669678 -1 762.4829711914062 5.321450233459473
0.9998724816891821 0.000331347153832404 -0.015830254963537273 -0.002076920212601112 -0.7859394345865498 -0.4542508981957856 0.22044685001660405
5.257107257843018 409932 720.35302734375 5.055005073547363 -1 750.6085205078125 5.098702430725098
0.9998005353570312 0.0002138837562516075 -0.01817672312832777 -0.008273481120359805 -0.857140864125384 -0.453389283727285 0.20838013388107937
43.69511795043945 390501 802.7208862304688 65.97547149658203 -1 1161.37158203125 108.51615142822266
0.9996062590772221 -0.0019093379191293155 -0.020828569614809993 -0.018704329182114315 -0.9521948957025342 -0.4324406099130183 0.2062533309531954
147.550048828125 -1 1114.8282470703125 147.4579315185547 33012 798.9560546875 159.4019317626953
0.9994439872534265 -0.0027027480145553904 -0.02235629062980458 -0.02458877315805273 -1.0622246250987484 -0.4293026357003228 0.20592450484684802
79.21454620361328 -1 528.7249755859375 163.1121826171875 -1 1190.7235107421875 172.2359161376953
0.9993538897187116 -0.0029082002710746754 -0.026057849762435022 -0.024583204449844305 -1.1836480631059003 -0.4493328149829499 0.2011430209227387
79.97244262695312 198984 1004.5194091796875 87.6037826538086 -1 208.52752685546875 89.60185241699219
0.9993848382992667 -0.0019921368082692465 -0.02760646602221536 -0.021537395437933354 -1.2879816125465344 -0.48129547189235256 0.20574510056522965
21.396066665649414 -1 797.1810302734375 126.5511474609375 -1 903.645751953125 131.63926696777344
0.9993525723914527 -0.0005435299914946076 -0.026418822117545905 -0.024416929939210442 -1.3801291459419203 -0.4955041735944574 0.2137693819791154
4.366720199584961 -1 1202.4329833984375 9.69202995300293 62126 474.248779296875 19.174833297729492
0.9994811364549427 -0.00037638565789053526 -0.021956015653243857 -0.02356373444951562 -1.4375266396637387 -0.506817460021328 0.23055379822718003
4.427306175231934 73389 830.8914794921875 5.069171905517578 360052 837.1810302734375 4.261728763580322
0.9995711295753428 -0.0012968275003140855 -0.01942149800864985 -0.021878769915322487 -1.4815900133485185 -0.5048561761669185 0.23383658953141723
4.518164157867432 -1 332.7151184082031 4.142868518829346 -1 168.04884338378906 5.505425453186035
0.9996780940621621 -0.0011733533663834056 -0.017403697449536636 -0.018423973762615144 -1.5346525844612438 -0.5171292840383374 0.22513046349309168
3.122251272201538 72322 1203.76611328125 8.835107803344727 -1 40.93916702270508 10.3694486618042
0.999782376314652 0.0011698074311680194 -0.015888635346475482 -0.01346784422349394 -1.6004119298105604 -0.5555371379112514 0.2131655472814446
7.99793815612793 -1 19.935335159301758 26.429100036621094 -1 185.88502502441406 46.48255920410156
0.9998186225544987 0.003466638060011106 -0.016201983344889065 -0.009391493463649212 -1.679502070034503 -0.5991381052817923 0.1972563412032125
3.4571967124938965 -1 672.5647583007812 88.38008880615234 -1 345.1142272949219 101.4677963256836
0.9998003058762961 0.006416515657379077 -0.01754189450477066 -0.007103424080476812 -1.781073399389406 -0.6455023601025021 0.17623328784737916
65.00381469726562 -1 780.0017700195312 197.70169067382812 -1 516.3837890625 251.8363494873047
0.9997470681930806 0.009198391903483809 -0.01789208796888234 -0.010052980346333132 -1.8872197612750374 -0.6775471767886229 0.15608729748378855
133.66539001464844 -1 73.5971908569336 218.5087432861328 -1 770.4244995117188 241.40765380859375
0.9997352591765244 0.009592423267915463 -0.01649916597321901 -0.01285202308140971 -1.9687958507027934 -0.692343564532297 0.14488384323266607
30.542022705078125 555266 528.0809936523438 197.8686065673828 -1 464.51873779296875 200.04258728027344
0.9997211431759884 0.011943940783129329 -0.015501746541988562 -0.013216429911747056 -2.0617594587384005 -0.7284087812175501 0.1312471989124011
8.493130683898926 -1 679.6414184570312 215.09054565429688 -1 514.4263916015625 236.162353515625
0.9997087661070039 0.014683916699104165 -0.014742422696650923 -0.012224014570466072 -2.1389080918389047 -0.7731640495448237 0.10582467927566194
105.4906234741211 -1 641.619384765625 199.03175354003906 -1 622.2343139648438 203.6317596435547
0.9997109534997597 0.015306101858995343 -0.014945599262767286 -0.010970950786523633 -2.1987732574276073 -0.7938904124437786 0.08736928158428478
2.655545234680176 -1 873.69970703125 3.3906235694885254 -1 535.921630859375 7.702471733093262
0.9997533491382768 0.013470621374141756 -0.015218587398364496 -0.00895420818339768 -2.2493855191933103 -0.797822884440821 0.0848089288266136
3.8519303798675537 -1 829.8308715820312 3.8519303798675537 -1 822.1328735351562 4.505420684814453
0.9997815485320701 0.012769304835284734 -0.014899861812511832 -0.007196817825098361 -2.3011528340370644 -0.8113402088888516 0.0833587946166201
33.1307487487793 623522 482.9708557128906 66.26577758789062 -1 764.0894775390625 71.63250732421875
0.9997750755433292 0.013689362307821579 -0.01451191288016034 -0.007197504185082133 -2.367912796990076 -0.8326004607101433 0.07714516696865767
134.28822326660156 -1 61.98131561279297 146.42056274414062 -1 388.33544921875 146.31654357910156
0.9997421663905094 0.01421101124639486 -0.016258762448394776 -0.007021434597903788 -2.4625180237423776 -0.8564964293172053 0.05309573341251907
256.16461181640625 -1 631.9805297851562 270.77813720703125 -1 491.61517333984375 290.029052734375
0.9996731505568232 0.01528094722537389 -0.019038660236117652 -0.0075903968344295065 -2.5787447658735396 -0.8831900059535572 0.027912940792350273
182.35491943359375 -1 541.6424560546875 182.35491943359375 -1 775.05126953125 238.92042541503906
0.999555022939768 0.017472207240759534 -0.021422295268718094 -0.011205505585906023 -2.7172359467850646 -0.9061283853732696 -0.0019632903931979234
215.35791015625 -1 510.724365234375 226.3868865966797 -1 500.98944091796875 259.2079162597656
0.9995268142527498 0.017977907964432348 -0.021847135329617674 -0.012068350875771596 -2.7945307218316873 -0.9255836809514354 -0.013940060283696085
93.43821716308594 -1 188.03770446777344 107.42377471923828 -1 188.03770446777344 107.42377471923828
0.9995302620673916 0.01728445390276671 -0.02214263684181043 -0.01225587607910928 -2.850399438491751 -0.9348252040037327 -0.0193146254851487
15.228550910949707 644448 1199.88427734375 37.243995666503906 389330 703.1660766601562 40.021663665771484
0.9994987517250024 0.015857434077650702 -0.02264362665064547 -0.015428974584891798 -2.909151110480963 -0.9141549512591014 -0.018644985158350665
19.112255096435547 57964 1064.8486328125 20.842453002929688 -1 1064.5294189453125 25.46451759338379
0.9994948548012591 0.015073903545986991 -0.02180018690800057 -0.0175375171695589 -2.970272428874562 -0.9043649913224825 -0.012907676250168644
4.574227333068848 -1 491.9168395996094 4.520482063293457 -1 138.80157470703125 15.339842796325684
0.9994428767418563 0.014791670908666935 -0.022371787937362855 -0.01986569168637364 -3.0505681444438775 -0.8959637548207451 -0.02003950286335582
231.92686462402344 -1 475.42474365234375 278.784423828125 -1 446.4166564941406 301.0513000488281
0.9993566940790706 0.012986866904545768 -0.022236691211928 -0.024961347145133286 -3.1462426611050627 -0.8629611003497717 -0.021493543726201644
300.08636474609375 -1 737.698486328125 371.4846496582031 -1 343.0896911621094 378.9861145019531
0.9992136677072015 0.01228044644497664 -0.023940563852764205 -0.029121921376276658 -3.26551780847882 -0.8499179654057508 -0.03281232831459187
194.21055603027344 -1 959.3816528320312 194.21055603027344 -1 480.1186218261719 201.46461486816406
0.9989781418432633 0.014299234767161481 -0.029560114070919706 -0.031054849227918343 -3.423687483972249 -0.8758604652541864 -0.06787135749242695
4.5 -1 186.5 7.5 -1 20.0 8.0
0.9987348571513701 0.014567668105075907 -0.03360049405052838 -0.03445975850717825 -3.5664503974502035 -0.8895768190543849 -0.11459495190528828
160.33123779296875 831326 1253.5369873046875 375.1835632324219 -1 887.5422973632812 387.92779541015625
0.9984459699668221 0.014906504573179517 -0.03781748162848652 -0.038121900027420275 -3.7048958772080254 -0.8982897159994132 -0.1639434147552672
221.94873046875 -1 1172.9979248046875 343.40936279296875 -1 1199.8575439453125 344.45440673828125
0.9984064492401996 0.012253783695995309 -0.040151395515677646 -0.03771302611634734 -3.7865567788259806 -0.9013465070322287 -0.1793355285094126
122.41504669189453 -1 646.2767944335938 154.3166046142578 -1 1313.7962646484375 208.50355529785156
0.9984664923165995 0.009657839246904209 -0.04111866821601139 -0.035786100461054286 -3.8492023720261677 -0.9080510227784822 -0.17718359374517498
17.409547805786133 -1 1315.612548828125 179.6419677734375 603352 591.043212890625 193.53045654296875
0.9985250696287029 0.010036586487277833 -0.04226827341604812 -0.03256294392563041 -3.9077511953930375 -0.9375411589526748 -0.18342627473752784
18.686294555664062 -1 136.397705078125 138.94601440429688 -1 970.9990234375 147.42713928222656
0.99850745138184 0.010603386383069202 -0.0432991955895575 -0.03155340541765533 -3.96522858791326 -0.9550619023883293 -0.20043880237497205
116.39485931396484 -1 945.439453125 141.02987670898438 -1 540.5916137695312 163.87551879882812
0.9984413287296978 0.011931493953004075 -0.04471015640984546 -0.031201834086029934 -4.038135036281241 -0.9806084018783331 -0.212553197249669
3.3878469467163086 -1 1083.58642578125 3.7863776683807373 -1 800.9278564453125 170.90478515625
0.9983412451775799 0.013874282175557896 -0.045996179765462025 -0.031727179489760914 -4.124186720712892 -1.0079240394578117 -0.22133689699980244
209.5003662109375 -1 409.19281005859375 302.6268310546875 -1 942.7894287109375 317.1979064941406
0.9982261803723772 0.017275352676245134 -0.048443078062758584 -0.02998871782672756 -4.235107166258354 -1.055003630505038 -0.2424832288699959
201.10989379882812 -1 924.3551025390625 309.08001708984375 -1 850.2940673828125 314.0333251953125
0.9981003947899771 0.018322187169504074 -0.050622633597855723 -0.0299541039764942 -4.338550031379723 -1.073566031460907 -0.2511690988683029
158.7153778076172 90572 607.3651733398438 201.94114685058594 -1 1144.8013916015625 202.5455322265625
0.9982328678944516 0.01850254191564664 -0.048720458435257845 -0.028550207139990545 -4.401390643595506 -1.109513135132993 -0.22193779816193285
118.45773315429688 -1 1068.6136474609375 124.94586181640625 -1 652.5590209960938 139.53636169433594
0.9981457951650216 0.02285904198879492 -0.04812155544606768 -0.029440646990045036 -4.4673794046197735 -1.1494412986541693 -0.23409487507765422
262.6528625488281 -1 785.16650390625 271.16925048828125 710666 776.628173828125 272.4179992675781
0.9978827672627222 0.02922476307226861 -0.04909244298724166 -0.031077774453881563 -4.528508980494751 -1.186417700461708 -0.2790999585596093
96.64505004882812 -1 156.81150817871094 119.36235809326172 -1 1053.0289306640625 124.21514129638672
0.9978088076413331 0.0320973773914821 -0.048348979575078874 -0.03177605910144636 -4.557961273711033 -1.2093512673505118 -0.27436582482535626
3.8856656551361084 -1 543.2350463867188 4.216686248779297 -1 554.9756469726562 5.21014404296875
0.9977381538236177 0.033530281379816354 -0.04741157098870483 -0.033859113568023534 -4.584936365948868 -1.1836028797890552 -0.24433082671104758
22.897930145263672 580527 975.63720703125 50.0377082824707 654792 1021.4458618164062 51.14940643310547
0.9976738040998586 0.03401442754628734 -0.04799242064525752 -0.03444890262728649 -4.6129446294615075 -1.134938128467656 -0.22078454712884696
15.485698699951172 -1 1059.3211669921875 19.297840118408203 -1 973.0243530273438 60.13349914550781
0.9977805937244095 0.03234483092965334 -0.04957365807741972 -0.030498379037583144 -4.628816151677532 -1.0981983795827388 -0.20625177521338897
123.0847396850586 648804 992.20654296875 129.6621856689453 -1 938.051025390625 134.07821655273438
0.9977974813146718 0.03196073775240249 -0.051855288549542126 -0.026262645979853984 -4.631818885862094 -1.0748257490663176 -0.21510475540543691
52.77360534667969 -1 664.3682250976562 56.309364318847656 -1 652.0309448242188 83.8333969116211
0.9977368585603971 0.03373505545226788 -0.05359285665463006 -0.022603380704198334 -4.624825573875793 -1.0533122269568758 -0.2306093997247297
2.0876853466033936 -1 840.0784912109375 2.0876853466033936 -1 646.9989013671875 4.64362907409668
0.9977176196519115 0.03482375896808069 -0.05393558953283263 -0.02092389612864977 -4.611153877015443 -1.0020193392862111 -0.23216006324900218
22.306798934936523 760662 842.3596801757812 22.714780807495117 -1 563.8163452148438 54.28204345703125
0.9978514690090262 0.033954978300894834 -0.051909503043918996 -0.021092859902054388 -4.57659172033542 -0.9154555425829655 -0.20837056204990256
29.58814239501953 -1 614.0869750976562 138.50559997558594 -1 947.462158203125 190.73043823242188
0.9980433266866353 0.03236454992218484 -0.048701682291335036 -0.02214046310722485 -4.534513631028542 -0.821497929368853 -0.18653578375910146
30.33784294128418 -1 887.0299682617188 64.87369537353516 -1 911.7868041992188 67.48780822753906
0.9980947183872614 0.032016251197298944 -0.04732155751183915 -0.02329298137591551 -4.510929125689275 -0.7369431429441196 -0.18530655827117404
6.46517276763916 -1 1010.9828491210938 11.52661418914795 -1 892.9417114257812 16.73560905456543
0.9981226958058438 0.03272232213208602 -0.04691348562123013 -0.02189654352690349 -4.487756717162858 -0.6817054234322225 -0.19746098488701455
34.00993347167969 633142 677.5348510742188 77.3963394165039 647145 712.0286865234375 101.51164245605469
0.9981714516131729 0.0334764804645608 -0.046864958918359255 -0.018350860081689124 -4.456192120209327 -0.6418099815849392 -0.20021676910155684
56.92974853515625 -1 688.1832275390625 60.33833312988281 679347 688.1832275390625 60.33833312988281
0.9982466182456574 0.03148931427301263 -0.04705671568928125 -0.017256238183983984 -4.438986760438765 -0.5529662545232031 -0.19559666338295406
6.970820426940918 -1 757.03466796875 15.430922508239746 -1 824.5203857421875 24.963991165161133
0.9983261625205345 0.028406663611842683 -0.046880694437263865 -0.0184427540933203 -4.438939787825796 -0.43699063707993974 -0.1758852724212942
23.78102684020996 626052 797.2421875 61.114173889160156 720863 756.8848266601562 62.91122055053711
0.9983504330986617 0.029027743188685298 -0.04597518606183389 -0.018441397009610262 -4.438027636614748 -0.37290107196403577 -0.16825283673106584
2.9717230796813965 -1 1154.451416015625 3.598309278488159 -1 950.6283569335938 7.617161273956299
0.9982454336369321 0.031554445392166924 -0.04434275972733223 -0.02332575526687881 -4.440122001770802 -0.27472324927629294 -0.1556184754009529
11.125329971313477 785299 844.2125244140625 31.93910789489746 129950 1110.436767578125 41.32785415649414
0.9983556776246097 0.031963915150617896 -0.04119059801412011 -0.023824015576505066 -4.419943024273623 -0.1978649439410674 -0.1203110024776671
184.22108459472656 -1 1063.97607421875 193.43399047851562 721802 709.4171752929688 201.3999481201172
0.9984330609392382 0.030078003302446928 -0.04071379984401277 -0.023856299861947462 -4.411876711586148 -0.09945084322335528 -0.1080196370848595
78.59896087646484 -1 952.6929931640625 91.54100799560547 -1 1217.2611083984375 106.2028579711914
0.9984471046315265 0.0275595102578409 -0.043409582228393036 -0.02143503715942467 -4.425043006127086 -0.002360411697170849 -0.13031604856320986
7.613839626312256 818529 1027.51513671875 27.24091911315918 -1 1027.3743896484375 30.91790008544922
0.9984387973406773 0.027303827734767066 -0.044901548721899054 -0.018929339087961756 -4.4311438820879205 0.0767520239506599 -0.1433165082085541
18.11019515991211 -1 966.6002807617188 18.11019515991211 -1 941.8980712890625 184.02989196777344
0.9984538804555672 0.026767338260477985 -0.045739816504342154 -0.016769835771959066 -4.425554567206471 0.15735648552679515 -0.14353639670798923
8.98233413696289 760060 163.48019409179688 24.95806312561035 -1 999.146240234375 138.47337341308594
0.9984979127819069 0.02566657044883586 -0.04439922316929739 -0.019283524406426254 -4.407091576657574 0.27593219129311586 -0.1275737886158618
8.621953964233398 -1 527.5925903320312 49.58464813232422 -1 527.5925903320312 49.58464813232422
0.9986424077608187 0.026040817636375172 -0.040812753027007424 -0.019223330326982906 -4.37938114358905 0.3493090250002752 -0.0949075889346936
7.355887413024902 -1 529.5556030273438 10.354832649230957 -1 224.84170532226562 14.550868034362793
0.9986571010778994 0.025250322096449826 -0.038910957078669206 -0.023072778764892724 -4.3622258249424135 0.4780184431298338 -0.0757105652093981
15.261075973510742 -1 535.1448364257812 29.8991756439209 -1 765.0814208984375 93.08682250976562
0.9986659190432093 0.024283864016566035 -0.03941262968092404 -0.022876204047906377 -4.3654428039877855 0.5719267507586332 -0.07943519811221517
25.394399642944336 -1 949.8510131835938 95.23201751708984 679633 1046.7530517578125 205.94586181640625
0.9986899946093584 0.02256889783111922 -0.0403396865245705 -0.021946507898704712 -4.36818305039763 0.6691982456179747 -0.09399459436846028
13.96341609954834 -1 827.0060424804688 42.71445083618164 -1 553.8193969726562 51.531917572021484
0.9987299207611131 0.02235379175949915 -0.04020536566246486 -0.020551932814738157 -4.3617687239289 0.7518346792564228 -0.1150435740401129
16.311697006225586 752260 768.3412475585938 24.657896041870117 -1 618.976318359375 29.931787490844727
0.9987614062046849 0.022420755612947124 -0.0402574542450364 -0.018769671587263677 -4.362509061887212 0.8315319838804268 -0.1435168383267494
5.416595458984375 -1 673.541259765625 11.474140167236328 -1 678.7870483398438 19.448692321777344
0.9988154401166198 0.023585738851428666 -0.03839314069509888 -0.018368349273729385 -4.351684433854365 0.9076300112239171 -0.15437551280381753
21.388858795166016 -1 655.9896850585938 36.45431137084961 752631 685.107666015625 41.12917709350586
0.9988393211430949 0.024831103397610976 -0.036723327440125846 -0.018836774251017156 -4.341832625645934 0.9799791110678922 -0.1503960692047832
17.037214279174805 722455 444.677734375 38.70832824707031 -1 733.1802978515625 49.6779899597168
0.9988796599312939 0.022638331093681286 -0.03644125292242047 -0.01997413393066045 -4.343849788714077 1.0890383141802105 -0.15834660618957347
66.76287078857422 -1 754.3192138671875 66.76287078857422 -1 684.4024658203125 107.31211853027344
0.9990344648800644 0.018142948070191938 -0.035182075040366925 -0.019057623487197813 -4.33896153789217 1.2135768305252337 -0.1555611125635526
47.169708251953125 -1 1017.4351806640625 112.3525619506836 -1 785.4566650390625 194.6156463623047
0.9991278752720073 0.01483014820464408 -0.033260580122390096 -0.02042766184844948 -4.31686268123627 1.3448450522500672 -0.1554319583001876
53.256187438964844 -1 700.3544921875 57.9423828125 -1 428.4688720703125 76.35574340820312
0.9991821459355887 0.010689928747197165 -0.03431508933298363 -0.018526718840664855 -4.313755356455274 1.4531868636301841 -0.1746982582263879
28.658693313598633 -1 834.13427734375 32.06986999511719 -1 832.2058715820312 169.08578491210938
0.9992556179877021 0.008052789989053987 -0.03417852019735012 -0.015974706586572338 -4.3099294605650895 1.558286650043346 -0.16999647406479285
3.388681411743164 -1 566.4236450195312 3.388681411743164 -1 1008.4457397460938 37.0697135925293
0.9993198395756333 0.006557046202746976 -0.03379629215601933 -0.013216429628713734 -4.302886320967502 1.6435557168275854 -0.17935143727903227
40.36849594116211 752238 849.9398803710938 40.36849594116211 -1 1016.3170776367188 52.84024429321289
0.9993139258252415 0.006200885320777745 -0.03393339072158783 -0.013481530592569882 -4.290534316412557 1.7386701331924437 -0.20589217600101806
63.99850845336914 751196 823.4910888671875 83.58834838867188 -1 821.1801147460938 86.56151580810547
0.9993046653753955 0.004352955773674123 -0.034786591005232 -0.012693723694642703 -4.284235853658263 1.8400112715273595 -0.23444275078890028
20.093292236328125 -1 465.8951416015625 38.52853775024414 -1 577.0626831054688 118.37744903564453
0.9994442831676102 0.0026341424095766438 -0.031067820020369834 -0.011788837793846131 -4.248933528803757 1.9294449908348719 -0.22184889999005344
87.75768280029297 -1 835.4528198242188 283.7804260253906 -1 605.3357543945312 354.9744567871094
0.9995647766772429 0.00038786626794904723 -0.027723369243364604 -0.010075791965292083 -4.206147405320433 2.0322624808116174 -0.20295039389108466
3.5891125202178955 -1 514.8493041992188 3.7552552223205566 -1 546.5008544921875 8.719952583312988
0.9995653835060176 -0.0031373775850648475 -0.02791720690123901 -0.008934792509627852 -4.188378523113943 2.1446915537494573 -0.22652259901560226
17.33654022216797 -1 507.0570983886719 24.272079467773438 -1 540.1275634765625 27.41632080078125
0.9995446771480456 -0.007810750779792169 -0.027934552349987755 -0.008312120203112294 -4.177237198252064 2.2661726350228832 -0.25863108507152344
9.190378189086914 -1 609.7730102539062 42.784122467041016 -1 663.8375244140625 71.17506408691406
0.9995845921109837 -0.008681704781186819 -0.026170828779341 -0.008388023450914772 -4.159156429474228 2.338659133292564 -0.2604307749625041
42.894832611083984 -1 532.3480834960938 46.381839752197266 -1 457.8443603515625 49.0834846496582
0.9995905217134421 -0.008170139328995152 -0.025605010480568825 -0.009819427798164701 -4.152213299332536 2.41108901610945 -0.27216224865538313
0.5468319654464722 -1 0.5466505885124207 0.5468319654464722 -1 0.5466505885124207 0.5468319654464722
0.9995488068939125 -0.008524876073940386 -0.025728304749561174 -0.012944630531370028 -4.148918583188883 2.5110048701724557 -0.28593775195383186
83.42483520507812 -1 1031.2861328125 122.63984680175781 -1 867.1791381835938 135.6380615234375
0.9995069016753848 -0.00901270917956264 -0.025713970015048795 -0.015605009534843872 -4.133821483822998 2.5926569031705426 -0.2793948977340935
56.75190353393555 -1 826.4456787109375 59.486412048339844 -1 1203.4033203125 108.15339660644531
0.9994597630239282 -0.012149557828200605 -0.026936377177191245 -0.014387561478601967 -4.1231953655380735 2.621644854685262 -0.2951510512874725
51.40327453613281 744153 772.3449096679688 53.72774887084961 -1 840.9009399414062 79.35044860839844
0.9994634396609666 -0.010767818875253686 -0.0268633426607397 -0.015337785982034198 -4.079139531917369 2.6159219509979863 -0.2757508638661201
143.26844787597656 -1 1091.396240234375 145.4810333251953 -1 1113.4205322265625 156.8809814453125
0.9994601848027566 -0.008722772637351318 -0.027012037730909114 -0.016540920445398906 -4.029860526954192 2.5856152954136706 -0.25649790924169275
108.05059051513672 -1 698.8392333984375 125.12835693359375 777056 524.4677124023438 128.87059020996094
0.999472145207584 -0.008386670440215266 -0.026780196896280566 -0.01636813267522833 -3.986738933066517 2.553792023018884 -0.23292179328077406
64.07868957519531 -1 1597.726806640625 86.53397369384766 -1 1595.4287109375 92.06163787841797
0.9994087678094893 -0.010499482266574052 -0.026866104342039617 -0.018710642296161 -3.932389542966796 2.544197210919603 -0.21413668478958484
120.04840850830078 -1 1252.9532470703125 143.96287536621094 744745 966.8953857421875 144.49609375
0.9994308931864632 -0.010827700405551175 -0.02477574192851776 -0.020169612299887094 -3.8631604001799005 2.524632168118645 -0.18805381135579408
123.14899444580078 743238 1271.3839111328125 134.19410705566406 751092 1273.7869873046875 136.64678955078125
0.999502107967105 -0.010178533197446564 -0.02358748775607846 -0.018318407480422634 -3.7895385049190815 2.4751071019905404 -0.15968195547891817
166.87469482421875 -1 671.6647338867188 171.1590118408203 785048 707.5474853515625 174.79745483398438
0.9995694364398672 -0.007771622324612961 -0.02368163167865089 -0.015483021112386381 -3.7243436445652107 2.4224197404964185 -0.13517756828992264
81.89080810546875 748306 1334.59521484375 105.65238952636719 743238 772.05615234375 120.62357330322266
0.9996240469907542 -0.0076273496909469276 -0.022697446826333973 -0.013357174929014502 -3.6575233961400557 2.387957577746912 -0.11489332277962863
115.35081481933594 751092 730.041748046875 169.22743225097656 -1 772.517822265625 178.96527099609375
0.9996482772616145 -0.007594956114535305 -0.022120027434961102 -0.012503711280298863 -3.5930844577755687 2.3621915544175383 -0.10458105420221173
19.20722770690918 -1 718.4099731445312 85.53866577148438 749226 720.9049682617188 86.04496002197266
0.9996566553257977 -0.006627115629376098 -0.022479541764652885 -0.011718489805663184 -3.553048383908635 2.321799803634574 -0.08536169989083066
44.48286819458008 -1 938.9077758789062 45.579166412353516 -1 735.5299682617188 75.42828369140625
0.999663451026902 -0.005757317745067399 -0.022417241716321288 -0.011717732169627631 -3.5079567812704457 2.2848670088822067 -0.06441895745250494
93.5731430053711 744745 826.4697875976562 153.03944396972656 -1 966.76318359375 208.5506591796875
0.9996818100268016 -0.007254566842255917 -0.02135884477943325 -0.011289362743626912 -3.4527548332634987 2.2556649069267642 -0.04726099787584162
91.5872573852539 741465 791.7073364257812 98.04889678955078 -1 779.706298828125 101.43193817138672
0.9996457105224921 -0.007587776495915666 -0.019900935260697444 -0.015963453811110143 -3.3777540816341283 2.2472763824101145 -0.02492392628168125
54.04989242553711 -1 933.566162109375 57.143524169921875 -1 1043.1536865234375 69.35425567626953
0.999622859404572 -0.006399203546106612 -0.01983044768490429 -0.01788693641792903 -3.3312002014808892 2.213388807466229 0.0041585280707277135
2.630432605743408 -1 825.3754272460938 3.228414297103882 -1 1012.6920776367188 4.0676093101501465
0.9995649664701969 -0.006657909832294806 -0.021674753217759926 -0.018861471709505518 -3.294809659153907 2.188557695875429 0.015125098531526717
3.6782219409942627 -1 385.19384765625 3.6782219409942627 -1 849.2186279296875 7.926944732666016
0.9995767675794779 -0.007228098142832264 -0.022484323899087916 -0.016985155030238272 -3.256824494206672 2.1527585378072773 0.015669265477451275
21.174591064453125 -1 575.4417724609375 24.61808204650879 -1 573.8234252929688 32.100433349609375
0.999574763526631 -0.005357489588178171 -0.022511338901226703 -0.017743422636752826 -3.1975727220712646 2.120503273109794 0.025932280975200287
4.9130353927612305 740736 742.0621337890625 7.576711654663086 -1 845.6658325195312 8.25873851776123
0.9996186817668525 -0.004942023540492462 -0.02167248126506801 -0.016382033507492424 -3.1329736674419046 2.084652379471913 0.030066483286002095
178.50485229492188 -1 597.8630981445312 181.6201171875 753312 803.4934692382812 190.60617065429688
0.9996477158700529 -0.0050406381529842295 -0.019674723819777133 -0.01708629173964606 -3.0392352159516447 2.06138871847907 0.027084117970954634
10.653985023498535 -1 890.3382568359375 62.515960693359375 -1 961.2587890625 123.9571762084961
0.9997129756423778 -0.0007783362634642555 -0.015775789010558268 -0.01801346735133997 -2.932824921346188 2.0036756473011135 0.058606129151132745
87.5331802368164 -1 1529.611572265625 106.21389770507812 -1 1054.917236328125 131.0380401611328
0.9997728103941602 -0.00025552633015289667 -0.013935929919401515 -0.01612613283273604 -2.85461186484711 1.9599406320138284 0.07436478346503815
264.058349609375 758549 486.74713134765625 273.5657653808594 739199 635.6776733398438 291.5195617675781
0.9998309421238258 -0.0015406060837968873 -0.012753800796318486 -0.01315500930920425 -2.7915589185798493 1.9279278946777212 0.08683411312042381
47.43980407714844 -1 1286.0689697265625 111.14946746826172 401638 1088.6343994140625 112.1435775756836
0.9998762233747597 -0.002023932382397959 -0.01143446273814145 -0.010615775498251294 -2.7307867341330945 1.891089280288374 0.10722174775342558
114.80619812011719 628276 1004.4910888671875 142.0874786376953 745977 785.0126342773438 204.53668212890625
0.9998929867960243 -0.0024397477299529335 -0.011471387354101163 -0.0087447046440691 -2.681827359990232 1.8460978768709635 0.11941199780843945
22.227128982543945 -1 1138.2022705078125 24.346332550048828 736215 1343.337890625 29.446372985839844
0.999882103053162 -0.002270923105393862 -0.012258959430058019 -0.008963303851120647 -2.6396431617397353 1.8059095784974908 0.1293734302153627
3.681999683380127 -1 1012.1541137695312 3.681999683380127 -1 467.299072265625 4.073261260986328
0.9998540241327223 -0.002414868153367238 -0.011769163310514414 -0.012148482719011797 -2.5785235374562165 1.7823497357154403 0.14577120854729703
3.044978141784668 -1 1186.40771484375 5.104599475860596 -1 1259.7042236328125 114.4861068725586
0.9998777080895053 -0.0028003741695833374 -0.0099230960471704 -0.011758355966170494 -2.5156079644909815 1.7437332109820889 0.1713078736937216
74.4295425415039 -1 1281.245361328125 105.97699737548828 738353 823.1587524414062 116.03889465332031
0.9998823485321244 -0.0036461703066127836 -0.011024186776604461 -0.010023065493804072 -2.4682758040534383 1.703766016425926 0.18945872023810087
0.5 -1 0.5 0.5 -1 0.5 0.5
0.9998540204962328 -0.0036707066231196953 -0.013610497340819533 -0.009654945496551916 -2.4228204803375832 1.6574894551505495 0.1896734134992949
8.827937126159668 -1 1083.8714599609375 11.660748481750488 -1 1112.3646240234375 15.526358604431152
0.9998274602906846 -0.0025159846413402654 -0.0166760582022047 -0.007786433894969417 -2.3807521768509257 1.5969233612734752 0.19102836903595366
32.489234924316406 -1 1418.1763916015625 41.28601837158203 -1 1395.2083740234375 55.07594299316406
0.9998104166926568 -0.00209305113896835 -0.01870329640222607 -0.0049936473119543655 -2.3294964748111604 1.5483941672725705 0.2015050567251369
15.535531997680664 -1 1144.3009033203125 27.324914932250977 -1 1343.6815185546875 34.92612838745117
0.9997910127626964 -0.00399047385303664 -0.01964200896336714 -0.00402472374866993 -2.262264632791156 1.5303336136179728 0.2053047387339811
0.6476970911026001 -1 0.6484159231185913 0.6476970911026001 -1 0.6484159231185913 0.6476970911026001
0.9997865307275792 -0.005555862081376853 -0.019730120242614346 -0.002597638823252157 -2.1966475614496885 1.512295982941743 0.20942711691857027
0.6403024196624756 -1 0.6399968862533569 0.6403024196624756 -1 0.6399968862533569 0.6403024196624756
0.9997821266951339 -0.005536096178406551 -0.019931573741159652 -0.002789829431953721 -2.1203996888805525 1.4837627665938316 0.21763560611041793
8.965784072875977 -1 365.8861389160156 42.21040344238281 -1 1481.0302734375 74.53707122802734
0.9998080893780752 -0.004959894115991236 -0.018912396435648474 -0.001226835596948101 -2.042151600504411 1.441251723381922 0.234156236091622
46.450435638427734 -1 1407.208740234375 46.450435638427734 -1 403.9058837890625 48.12711715698242
0.9997899081952395 -0.005730585213404583 -0.019677239792365773 0.0003257272173823403 -1.9830697094555423 1.4114327278994239 0.23790399828896686
0.5 -1 0.5 0.5 -1 0.5 0.5
0.9997258555416857 -0.006110426892613302 -0.022208813641054304 0.004200600110891929 -1.9403281706873343 1.3674898723300482 0.22819964324987657
24.306255340576172 802641 1530.183837890625 24.593923568725586 738323 1528.085693359375 28.990629196166992
0.9997508792834748 -0.00446810141295427 -0.021735510612494447 0.0024047910713139733 -1.8493747703387757 1.3261661550261674 0.21567274477291087
31.3604679107666 -1 1029.635986328125 39.46092224121094 -1 1006.0543212890625 46.6616096496582
0.9997760090229139 -0.005581443464509975 -0.02039426359117279 0.000923733533425775 -1.7699563390835054 1.30154749965807 0.2041366920238601
5.839357376098633 -1 827.2994995117188 8.216360092163086 -1 833.0484619140625 8.41286849975586
0.9996789077443509 -0.008119347467563393 -0.023943494747246864 0.0016931234600795907 -1.7197640828059721 1.2729704333198728 0.1822096776837494
2.6474609375 -1 1055.6524658203125 4.5033159255981445 -1 962.530029296875 5.455216407775879
0.9995706317426197 -0.01012587186980836 -0.0271736673553279 0.004196507952850737 -1.67317248402616 1.2179163179445385 0.16932059335620708
3.847257137298584 -1 1084.0567626953125 5.162745952606201 -1 1563.234130859375 10.779923439025879
0.9994870118098869 -0.013241384198175507 -0.028875378605914766 0.004073263829482236 -1.6121723033489819 1.173874510491151 0.1703774389870979
2.901900053024292 -1 1050.9951171875 3.0455167293548584 -1 1095.2789306640625 3.5641229152679443
0.9993669022393036 -0.01667909642001553 -0.030858884128087648 0.00594404925948859 -1.5616150690410793 1.1375137001341815 0.182742068788093
3.2688493728637695 -1 1062.4097900390625 9.700942039489746 -1 873.8240966796875 11.116514205932617
0.9993062212040176 -0.01874145460491752 -0.031433753785393134 0.006910373737952038 -1.488701438385985 1.1103228384784058 0.20339743031137367
130.91746520996094 -1 958.9591064453125 151.315673828125 -1 958.9591064453125 151.315673828125
0.9992228403424279 -0.0212559739605519 -0.03161018210249203 0.010133868779812958 -1.4086386750541648 1.0800868081477577 0.21706691054601315
119.12870025634766 -1 154.93345642089844 120.4627685546875 -1 400.983154296875 250.62875366210938
0.9991568622928564 -0.02295238844536896 -0.03174924174191687 0.012277542366463588 -1.3194585823206226 1.0432911766474458 0.2238420180097297
7.693965435028076 785626 1347.8717041015625 7.693965435028076 814116 498.08837890625 83.34330749511719
0.9991408551780727 -0.025069786555216297 -0.030341388643813142 0.012979115966456218 -1.2208958733648045 0.9944388547279348 0.24236959084340445
35.510555267333984 -1 1009.9295043945312 35.510555267333984 -1 1185.730224609375 43.803688049316406
0.9991725916535537 -0.025838627184857858 -0.03014260111764735 0.008827289016754522 -1.1486185235336723 0.9590916954295534 0.2610869212032243
55.96818161010742 -1 779.1981811523438 115.29796600341797 -1 672.2445678710938 117.24407196044922
0.9991043989654628 -0.02560086819912118 -0.02929645828256201 0.01663469408828384 -1.093396978322674 0.8935633338294514 0.27721666897146086
3.914912700653076 -1 1079.990234375 4.280466556549072 -1 1157.4781494140625 5.803690433502197
0.9989846698200079 -0.024569203467251405 -0.03192270500384855 0.0201723724641384 -1.0587374191526286 0.8377702633940778 0.27840080597629935
4.900147438049316 -1 1181.0233154296875 8.133191108703613 378102 791.8602294921875 9.635937690734863
0.9988925541734919 -0.0215499835061018 -0.032748445303433724 0.026015433070628813 -1.0375918100907595 0.7769697113700574 0.283094341980969
7.098261833190918 368393 676.6236572265625 9.221444129943848 -1 1174.3551025390625 10.188098907470703
0.9987998951867237 -0.018706186526431377 -0.033192760686631 0.030774804607473553 -1.019180890488039 0.7185164201546517 0.2973951157673086
8.744169235229492 -1 906.8572998046875 22.650894165039062 -1 920.0780029296875 41.678733825683594
0.99881755149997 -0.019822108016299585 -0.02638973306476284 0.035695445622174644 -0.9128299984046869 0.6782560572833408 0.31865476186596253
167.56187438964844 -1 788.3180541992188 209.96929931640625 -1 826.7090454101562 221.00738525390625
0.9985527277836608 -0.021151530665060935 -0.018739580534066057 0.04575905055551739 -0.7718676757226857 0.6511096137638219 0.3259195139068651
20.88437271118164 -1 859.695068359375 151.92921447753906 -1 885.885009765625 162.35806274414062
0.9986243285746697 -0.01937474483941914 -0.013534062135956417 0.0468070379675715 -0.6445949969300379 0.6244524460070996 0.33561552069902234
113.3751449584961 -1 345.5259704589844 113.85437774658203 -1 717.8232421875 136.57656860351562
0.9987468221986089 -0.01915624883419299 -0.00928671427926349 0.045294372903024446 -0.506817933054357 0.5862689611748647 0.34752643392869076
130.101318359375 -1 1066.5740966796875 162.25587463378906 -1 1063.5799560546875 165.82904052734375
0.9987669976121203 -0.019025043130598752 -0.008285854595838757 0.045098523571913025 -0.40964320756438793 0.552620027057629 0.36693274795770264
7.26557731628418 -1 1597.3917236328125 14.28688907623291 -1 538.96044921875 20.923381805419922
0.9988854250979965 -0.019290136806282866 -0.01280686704507217 0.041131281347408566 -0.36101039394159534 0.5198203818032897 0.37839394040927726
4.285822868347168 -1 784.4370727539062 6.3162007331848145 -1 858.3447875976562 6.113162517547607
0.9989252952888873 -0.01705235503174641 -0.016897143508870435 0.03964792757662422 -0.32964997079033714 0.4729447360080807 0.3782375832356749
0.963076114654541 -1 827.6158447265625 6.86743688583374 -1 827.6158447265625 6.86743688583374
0.9991680117604883 -0.01607685727571964 -0.01879869330960597 0.03242573151959004 -0.2850319593563666 0.44720146990982174 0.36230512502431905
3.101027488708496 -1 1059.7271728515625 3.5873546600341797 -1 642.8009643554688 5.30239200592041
0.9993301878115782 -0.015664833620113103 -0.02250723449857445 0.024232480503576452 -0.23783302291349814 0.4279425474396874 0.33744823465317725
4.683384895324707 -1 596.9087524414062 4.528607368469238 -1 833.3280639648438 4.786759376525879
0.999405249632468 -0.014021706520986176 -0.02487657770694043 0.019331182966756635 -0.17707479836978804 0.4081887222022481 0.3235584918089429
16.653701782226562 -1 914.4448852539062 18.46979522705078 -1 891.5521850585938 20.443626403808594
0.9996094496004518 -0.012159229850032458 -0.022677711260951965 0.010900587640158036 -0.06107030101629545 0.3783495007779548 0.30209274863543306
37.176025390625 -1 1401.3385009765625 147.5000457763672 -1 661.6995849609375 154.9440460205078
0.999779974301412 -0.011630861891560382 -0.0170402034535272 0.0037891296876375424 0.10830366257249628 0.34512113096905694 0.2574617601818657
125.01226806640625 -1 729.6761474609375 127.50856018066406 -1 717.287109375 146.7948760986328
0.9997698172569932 -0.013118063492048745 -0.01697506590605131 -0.00027577095946929037 0.21991646275480928 0.3364278162428471 0.22206727581174324
117.82244873046875 -1 804.757080078125 117.82244873046875 -1 750.0787963867188 122.4142837524414
0.9997286163505792 -0.013426384013191014 -0.019032611982687582 0.00043074726148574445 0.30779154298859 0.3297162104486133 0.19103050896383744
133.5849609375 -1 1444.528564453125 138.53067016601562 -1 669.990478515625 140.48300170898438
0.999710325160836 -0.01024426489271904 -0.02176331490286896 0.0008239709108735875 0.3828749638152407 0.30239417837170424 0.18369366904572368
6.767898082733154 -1 267.4585876464844 11.169590950012207 784569 546.4078979492188 12.870552062988281
0.9995800687188898 -0.009279407428727954 -0.027450522290691143 0.00021827432133743335 0.4187154624875502 0.2975114000797143 0.1951023018433864
4.958113670349121 325068 944.719482421875 4.551207065582275 -1 1159.7452392578125 4.162439823150635
0.9993807726804542 -0.00892933851190133 -0.033981745046350105 0.0018918546358493962 0.4539415577827322 0.29699226316730853 0.22892417417188157
4.234332084655762 -1 902.7616577148438 4.850681781768799 -1 902.7616577148438 4.850681781768799
0.9992732809201627 -0.009005759438208359 -0.036971451007030746 0.002217689434855102 0.5066131061408586 0.30331558708956197 0.25798391438085655
6.108753204345703 -1 276.9893798828125 8.167879104614258 306320 1468.705322265625 12.301252365112305
0.9990347457705581 -0.011644430149579792 -0.0423551400335894 0.00016156231901123217 0.5424468910506843 0.3135299597598017 0.2778248908823702
1.4684102535247803 -1 1175.7364501953125 4.430984020233154 -1 529.1673583984375 5.528217315673828
0.9989290079461475 -0.012119960427913024 -0.044644207589928174 -0.000915626353295692 0.585842007359431 0.3010049350067778 0.2916816104170366
10.449333190917969 -1 1338.38818359375 29.05661392211914 -1 1338.38818359375 29.05661392211914
0.9991449813314165 -0.007809561179716295 -0.04059737749337793 0.000412280346141276 0.6602778918998512 0.25640699039243126 0.2805505159017972
18.522428512573242 -1 1197.427734375 43.98176956176758 -1 866.2030639648438 56.96028518676758
0.9993413606445763 -0.005514806409628872 -0.035816801597411616 0.0018943438554588805 0.7318162982641628 0.20844707089931638 0.24296744605186196
47.54523849487305 -1 1040.8880615234375 74.39029693603516 -1 1035.984130859375 75.66590118408203
0.9994897544965786 -0.010067237186741556 -0.02941133949706371 0.0073385625829217125 0.8118605621969432 0.20949287851561338 0.21684111565216718
53.46810531616211 -1 354.4932861328125 100.2183609008789 -1 839.1242065429688 133.0006103515625
0.9994173481193587 -0.0192205115059529 -0.023639945816921425 0.015384705954011223 0.898838284384211 0.24341988533082032 0.20186647850526077
45.27338790893555 -1 1012.3467407226562 105.61235809326172 -1 838.521728515625 116.51189422607422
0.9993279882752638 -0.02125882877007444 -0.020829125835408368 0.021395830574477456 0.9750926651357208 0.2462627100452923 0.2035634772643679
77.93156433105469 -1 1451.6856689453125 121.69732666015625 -1 1053.392333984375 129.60618591308594
0.99937285909066 -0.01775843589634358 -0.01856162072429269 0.024371965525224207 1.0672933240758062 0.19754591839293886 0.2127461670441735
20.332015991210938 -1 1166.642333984375 28.70330238342285 -1 431.3653564453125 37.300933837890625
0.999483266900165 -0.015556272316058014 -0.01869931762232934 0.021012784172058614 1.1464196713595878 0.14392789094572753 0.20881790962869665
4.105123996734619 -1 1219.92333984375 4.585390567779541 -1 1036.396240234375 4.9257493019104
0.9994420678442599 -0.01579993712446128 -0.022207742937366052 0.019306246752819636 1.2053612422409363 0.10696748118819496 0.21137425807363347
2.382471799850464 -1 565.1397705078125 4.002165794372559 -1 1239.5535888671875 3.843233346939087
0.999499712106165 -0.012857493853822668 -0.026345991652778455 0.01187009163082258 1.2772539664052267 0.03828910083363088 0.22854757054607275
12.457734107971191 -1 1323.47412109375 18.68817901611328 -1 1218.7410888671875 22.947662353515625
0.99954206976999 -0.012259379311751499 -0.026831057161228255 0.006741865500441939 1.3777869611864675 -0.007712300959820944 0.24037326993648808
4.065510272979736 -1 1314.5018310546875 8.580886840820312 -1 1233.2877197265625 35.14926528930664
0.9995057199688515 -0.011593318068233837 -0.02913402277682588 0.0022626185175874843 1.4676020938887375 -0.05667875975592201 0.25982374480479026
17.057100296020508 -1 1168.358154296875 21.137287139892578 -1 1286.828369140625 23.44797134399414
0.9994259137710898 -0.009942229202522537 -0.03224705817201421 0.00302029809085104 1.5470691248617296 -0.09556693979936673 0.2642779066982003
7.990299224853516 -1 1399.2869873046875 12.232298851013184 137800 1369.90087890625 35.71636962890625
0.9993822015904127 -0.006574101885813883 -0.034390369546658556 0.003049395208712945 1.6318336411236616 -0.14044729507937262 0.2570698277245807
8.638555526733398 -1 1421.6546630859375 13.081460952758789 -1 815.8237915039062 30.3878116607666
0.9992758771900221 -0.005101778002347401 -0.03741131887397581 0.004699611413354864 1.7058980251453835 -0.16068025557481042 0.25590671177065377
3.7825984954833984 -1 1430.812255859375 5.022418975830078 -1 669.131591796875 10.02341079711914
0.9991709699787458 -0.004227343736674905 -0.040481224503059555 0.0008790787206829183 1.7968723584781894 -0.19707799496338538 0.25316455724989684
1.3349043130874634 -1 1075.4091796875 1.3349043130874634 -1 560.0743408203125 3.6380274295806885
0.9990023639436807 -0.003636104839264019 -0.04444216485432671 -0.0024391719079187766 1.8557059836206447 -0.23031114269215017 0.25890033204872076
4.20277214050293 -1 875.1791381835938 6.031699180603027 -1 649.972412109375 6.746224880218506
0.9986763456044806 -0.004787982881103184 -0.051153953767074434 -0.0024300131700480797 1.9068199695299526 -0.24081850392953713 0.28770862702467975
4.476071357727051 -1 123.31788635253906 6.06614351272583 -1 763.5877075195312 6.440910816192627
0.9982843715803417 -0.006428807705154117 -0.05816720612308827 0.0018868019946295094 1.9446397431880786 -0.21893503214835544 0.34334946371273534
4.943629741668701 -1 871.7088623046875 4.59770393371582 -1 1459.5941162109375 4.54369592666626
0.9979144199484574 -0.00888221394008314 -0.06389710554863742 0.0022531393571124272 1.9970742274160347 -0.20849715294488166 0.4200100164699183
0.5 -1 0.5 0.5 -1 0.5 0.5
0.997603679380944 -0.014624655801901115 -0.0676240327667326 9.230732811102149e-05 2.0319826957370766 -0.19701441753750817 0.4908122068105063
0.5 -1 0.5 0.5 -1 0.5 0.5
0.9973130806650607 -0.018704014837566438 -0.07079922487836005 -0.002061242330699103 2.0330267963933393 -0.18875875869641084 0.5365812936564931
1.3990377187728882 -1 920.6426391601562 3.738800287246704 -1 920.6426391601562 3.738800287246704
0.997268065582029 -0.019275957865303887 -0.07128102877137066 0.0019641170912295014 2.039833232148514 -0.17282322810809295 0.5414674195570386
3.8618922233581543 -1 987.4965209960938 3.647355556488037 -1 362.22906494140625 4.627079486846924
0.9972368303595036 -0.0221905378297171 -0.07035619440426687 0.008734421234832616 2.058871078328902 -0.14229554190124177 0.5235135112262407
4.673850059509277 -1 1257.591796875 4.2842936515808105 -1 1283.5399169921875 4.487127780914307
0.9974822085925056 -0.021790425655346942 -0.06640088907851097 0.01205582103215395 2.1087871091604224 -0.1469555466586397 0.5052647942969626
46.81343460083008 -1 1329.7095947265625 50.122188568115234 -1 1300.2969970703125 67.38616180419922
0.9978036073762881 -0.020403391244694494 -0.06062747610810364 0.017203833100317412 2.1960791840546374 -0.15031663141558546 0.486191255859738
10.527569770812988 -1 1505.746337890625 10.527569770812988 -1 1353.5703125 54.35053634643555
0.9978694132651572 -0.020891118775503027 -0.05834083390706716 0.02040936856413761 2.2900391566068814 -0.15798248632169928 0.477711136682671
2.592249631881714 -1 1528.110595703125 69.54154205322266 -1 1479.4654541015625 72.8899154663086
0.9979499591138206 -0.01976508273916853 -0.057490426689689886 0.02000178612212217 2.385921125017778 -0.19621328564195148 0.47320830271956604
2.9568841457366943 -1 1434.5028076171875 3.2832963466644287 -1 1418.2001953125 41.35744094848633
0.998109313935728 -0.01634054928603517 -0.05684780577752545 0.016706611327912832 2.4998496387836755 -0.25744516386028676 0.4687569419219122
8.36768627166748 -1 1470.7015380859375 8.36768627166748 -1 1461.8212890625 11.44497299194336
0.9982397178450463 -0.015313227606756066 -0.05644109551888353 0.009867801859289765 2.6017248183243566 -0.32375832001877236 0.4748605242778349
8.73242473602295 -1 970.9457397460938 134.8075714111328 -1 1451.3961181640625 135.08621215820312
0.9981995369208778 -0.014871124782371218 -0.057953274635542826 0.004236991582472265 2.6935020237167673 -0.3755823012126071 0.4951567752396945
3.3280141353607178 -1 974.5267333984375 3.91237211227417 -1 1334.057861328125 4.062403678894043
0.9980207250050721 -0.015180259905657668 -0.06102409887680658 0.0005015234997196935 2.75053983770126 -0.40442292547879966 0.5340219909644404
10.675065994262695 -1 1528.8798828125 18.277772903442383 -1 1306.57177734375 50.47315216064453
0.9980276201025623 -0.015757543639995104 -0.06075451233796991 -0.0012077091640265228 2.8394003718769767 -0.423361765773563 0.5590535096864613
25.68332862854004 -1 462.3935852050781 85.62895202636719 -1 462.3935852050781 85.62895202636719
0.9980437329208187 -0.016412809479364722 -0.06014038579809198 -0.0047392888209616965 2.938673188555255 -0.46089101756453277 0.5678277475567233
38.89347839355469 -1 1065.03271484375 131.62954711914062 -1 1082.2886962890625 138.31976318359375
0.998022282648299 -0.015040293535793853 -0.06068956978875233 -0.006487605620896931 3.02505013989211 -0.5137997252450643 0.5643126818752536
89.51946258544922 -1 1304.5455322265625 95.5232162475586 -1 1372.781005859375 100.97089385986328
0.9979751356517379 -0.01140055015293598 -0.062318513008007594 -0.005662067959376471 3.1109423221691004 -0.5693963995868424 0.5618029443651451
5.829935073852539 -1 1098.14013671875 89.2666015625 -1 667.8360595703125 116.7106704711914
0.9979809148679784 -0.009459115689611693 -0.06259292150272583 -0.005171544005141921 3.2009452761630923 -0.6024602372400318 0.5576527558323264
50.815406799316406 -1 1445.7750244140625 65.43307495117188 -1 1574.87548828125 82.85600280761719
0.9979802167152347 -0.007895816551198634 -0.06284283762082055 -0.004890898257581345 3.279034404033857 -0.6231306161297737 0.5545298676798902
3.708066463470459 -1 1321.61474609375 4.621391296386719 -1 1376.944580078125 6.280866622924805
0.9978402209632384 -0.006475068685051014 -0.065299828851696 -0.0029831636727899436 3.3324596929518115 -0.6221591450503149 0.566887347424421
4.1008687019348145 -1 1393.016357421875 4.430749416351318 -1 467.8459777832031 5.666387557983398
0.9978011980357238 -0.0046232972065695516 -0.06607391023227263 -0.0023733326845746076 3.3943202742661045 -0.6371306223506088 0.5673925393477257
27.675695419311523 -1 1510.5517578125 56.609893798828125 -1 1206.342041015625 58.65922546386719
0.99789340509652 -0.0011186233588441126 -0.06483666132674866 -0.0019256413617939412 3.473268743185712 -0.6676769093934066 0.5455837695258859
69.36046600341797 -1 1405.7064208984375 199.56068420410156 -1 1557.4339599609375 276.6799011230469
0.9979281556204583 0.00279784414383251 -0.06427068517671854 -0.000920497154972708 3.5543861546196167 -0.7045854102193015 0.5258190378916855
51.09384536743164 -1 1425.34814453125 118.54600524902344 171178 1490.0606689453125 128.36605834960938
0.9980141442299636 0.00525758753238428 -0.06271946698940395 -0.002528665821710262 3.6425401386251046 -0.7549989306501267 0.5048037323170627
195.07716369628906 -1 1495.6298828125 212.583251953125 -1 1025.209228515625 247.28663635253906
0.998210348966411 0.005685407480569664 -0.05939235873547444 -0.004040183408279042 3.73516616357101 -0.7936882375770224 0.47544462068962784
135.53146362304688 -1 1063.1304931640625 234.70887756347656 -1 590.9024658203125 309.4036865234375
0.9983230961233539 0.005863103422290983 -0.05729408190399008 -0.0058316330233620295 3.8042284825710655 -0.8297386351628719 0.46140073399624365
195.06576538085938 -1 868.7987060546875 223.11402893066406 -1 1058.108154296875 258.9298400878906
0.9983756054721402 0.007665034038636334 -0.056122757361905 -0.006134635883314173 3.86183540862886 -0.8627603946184899 0.4594832145455729
3.9484400749206543 -1 955.5025024414062 10.657045364379883 164572 1425.645751953125 10.263050079345703
0.9983998015497171 0.0073163917327536895 -0.05568069290752698 -0.006630770304900054 3.915773180422443 -0.8868701695832091 0.45919607738115176
4.348835468292236 -1 834.8973999023438 5.098853588104248 -1 946.3020629882812 5.423789978027344
0.998477219660202 0.006166671874228539 -0.05439737514614414 -0.0067926103110676215 3.9825592366432745 -0.908789728248019 0.4492534267367027
47.91707229614258 -1 1541.329833984375 158.46511840820312 -1 1110.8997802734375 258.48553466796875
0.9985444949578246 0.007737698197493253 -0.05283032401798169 -0.0076142287976321875 4.057862559921339 -0.9497953122621271 0.4308475954856043
92.77802276611328 -1 1172.6346435546875 268.5081787109375 207415 768.9407348632812 272.6322937011719
0.9986547205658276 0.008541512012132416 -0.050834631417540715 -0.005624225526979089 4.146644498523685 -0.9595362062876648 0.4055394086491277
283.83642578125 189296 1039.3033447265625 284.7492980957031 -1 1051.2540283203125 286.6009826660156
0.998805600367443 0.009238119116436454 -0.04776049074287073 -0.004578793926626202 4.23620025064598 -0.9774622514293628 0.3703486464221899
275.44451904296875 211130 1161.4224853515625 281.7761535644531 -1 1331.0323486328125 285.1199645996094
0.9988694012990188 0.011049101345731461 -0.04574597449673731 -0.006718803861952884 4.309363752783855 -1.0301081364215194 0.3443364055444601
170.2002716064453 -1 827.69384765625 215.49314880371094 -1 844.8670043945312 225.2093505859375
0.9988430033324783 0.012420837900910534 -0.04595372580795604 -0.006828803991999195 4.3758614650397405 -1.0638303543433958 0.3309963264762491
184.8721923828125 212413 781.3310546875 231.96142578125 211149 1158.9417724609375 236.57510375976562
0.9989292420955145 0.013430153868629583 -0.04328587624272248 -0.009291564531644246 4.457910490182806 -1.1198232902823253 0.295320840264893
190.88052368164062 209821 1217.4169921875 216.41934204101562 -1 797.8109741210938 221.9807891845703
0.9991278308219131 0.013424909009412853 -0.03717655368552147 -0.013463036479758436 4.550208801474825 -1.183569527968503 0.2230217393294102
201.3339385986328 -1 1320.51220703125 202.8878173828125 -1 1328.4696044921875 238.6795196533203
0.9992587734428984 0.014646821826208457 -0.03317294853098032 -0.012920131328536045 4.6395036478522895 -1.2032650930409454 0.18172137934282873
55.98945617675781 -1 992.8695678710938 56.538780212402344 233040 999.4551391601562 141.97723388671875
0.9992393541254706 0.015770142433488586 -0.033828578677628715 -0.0112979218970347 4.693067816300153 -1.2089073381817674 0.18610506360856338
4.583415508270264 -1 559.3558959960938 5.747560977935791 -1 721.234130859375 8.257268905639648
0.9992258846342856 0.016740999196676622 -0.034162411493437114 -0.010014991946040898 4.743203863989831 -1.2186579530009598 0.18465046911857005
3.595581293106079 -1 1152.402099609375 3.9933834075927734 -1 942.02392578125 15.91163444519043
0.9992605083206504 0.01778335834360032 -0.03290521422260512 -0.008912662550730848 4.8076550068921895 -1.2394843574872356 0.16703837135626373
124.968994140625 -1 1434.4119873046875 185.5611572265625 -1 1406.834716796875 196.42361450195312
0.999321622939273 0.019631548008845652 -0.029814269680801187 -0.009055692805871072 4.89087489966567 -1.2794248486694262 0.13307768678235213
0.5 -1 0.5 0.5 -1 0.5 0.5
0.9993656239022023 0.020152813559142696 -0.02740701658067505 -0.010538942563608636 4.963418522253352 -1.3221952961731087 0.10860246618017631
34.77663803100586 -1 1402.0750732421875 75.97261047363281 -1 1548.646240234375 84.83370208740234
0.9993734081305784 0.021367452680807454 -0.024935500998132354 -0.013207720370228725 5.03746134966154 -1.3800027495986578 0.07956778041634162
51.591129302978516 -1 1568.4525146484375 145.20950317382812 -1 919.4915161132812 199.88568115234375
0.999288735116266 0.0253721873895397 -0.021769953971253437 -0.017445488840749254 5.103163306042477 -1.4714743616588692 0.0329873154806787
136.3959503173828 -1 750.884033203125 152.52476501464844 -1 717.8175659179688 188.91366577148438
0.9992448878167519 0.028263146491142338 -0.017633808379824898 -0.019997437949163366 5.1678139058970025 -1.5449806713090641 -0.018781434569347173
4.359588623046875 -1 1555.768310546875 17.08145523071289 -1 814.1023559570312 142.37762451171875
0.9992194884438195 0.028366071956769996 -0.01449687446037666 -0.023358521072517718 5.21960124083403 -1.6028360365336107 -0.055714851945417754
132.4646453857422 627085 838.117431640625 132.4646453857422 626827 742.076904296875 199.92628479003906
0.999218292604035 0.027455442727294378 -0.010825017588946696 -0.02630249768224169 5.277711491226823 -1.6454283532549292 -0.07614395302033168
209.51690673828125 -1 1192.5557861328125 223.16822814941406 -1 818.4693603515625 223.42649841308594
0.9992548016618182 0.025858210695118785 -0.006477065515159669 -0.027914904939109635 5.352037624485509 -1.673762805761034 -0.10663139623814324
10.480854988098145 -1 958.1600341796875 58.13685989379883 -1 863.8993530273438 211.40603637695312
0.9992147608305447 0.023537599204648176 -0.004467573401428253 -0.031557629029152094 5.39167026543336 -1.7218201576407823 -0.11545662756366568
0.5 -1 0.5 0.5 -1 0.5 0.5
0.9990641894346173 0.02250862353265233 -0.006743656017893836 -0.0363129503005297 5.371362805791936 -1.7885527775379224 -0.09068366907549573
14.098675727844238 -1 780.0735473632812 16.3581600189209 -1 557.3110961914062 17.75574493408203
0.9989469474834282 0.02515396194451935 -0.012777222544241641 -0.03618033852923206 5.330403614783716 -1.8307770078884127 -0.04280292970692323
90.76701354980469 -1 890.14892578125 168.65431213378906 -1 803.3590698242188 170.47174072265625
0.9987476233129278 0.029389817524855658 -0.018743712014589575 -0.03589006565260128 5.286058484244147 -1.8853171921305827 -0.010388171690444804
18.615232467651367 -1 1062.9384765625 59.068580627441406 -1 1062.9384765625 59.068580627441406
0.9986813144972538 0.03234515874816742 -0.017672338306253296 -0.035736693165182874 5.282979298156234 -1.9229614329726803 -0.037930341219633526
2.986826181411743 -1 1117.6552734375 3.3804831504821777 -1 1085.108642578125 4.190423011779785
0.9985544136365515 0.03349566324952242 -0.015135089673572938 -0.039218013858561274 5.284194549796253 -1.9756056079359596 -0.07019515857606094
2.385913610458374 -1 230.9891815185547 3.3734512329101562 -1 577.326171875 3.8024535179138184
0.9986331756673472 0.031876415827245784 -0.012507277741488314 -0.03948724571371092 5.312503780284006 -1.9750787997561408 -0.09459112194480347
0.5 -1 0.5 0.5 -1 0.5 0.5
0.998740894198746 0.03072261419739568 -0.012072379410890581 -0.037775718223836664 5.335739254514225 -1.9603029520269988 -0.09413796775892491
3.6187992095947266 -1 868.9849853515625 3.6662018299102783 -1 259.914794921875 4.564977169036865
0.9987832630577672 0.03223755108480128 -0.013295699125936717 -0.034870591054446044 5.347970507761299 -1.9504789228947614 -0.09007359734269352
4.255922317504883 -1 639.2273559570312 4.697139739990234 -1 739.9052734375 5.585910797119141
0.9987748693762908 0.033842117189391716 -0.015562457822252495 -0.032577312857928024 5.346662335832828 -1.9577509923235128 -0.07726030197488769
0.5 -1 0.5 0.5 -1 0.5 0.5
0.998774848586656 0.034778671560853174 -0.01718322304085156 -0.03072430114897881 5.346141986731956 -1.9670886260607037 -0.07510401686518124
3.8674073219299316 -1 747.484375 3.8674073219299316 -1 888.788330078125 4.169307708740234
0.9987195220294053 0.036639240081059475 -0.01772271052749609 -0.030046429658070008 5.34461859014342 -1.9938864775684142 -0.08506110810689708
1.6235785484313965 -1 1295.4559326171875 1.6235785484313965 -1 1233.756103515625 3.5506558418273926
0.9986227176249367 0.037826581106952785 -0.018077962716787094 -0.031543697772383444 5.335877380508914 -2.0330528466361564 -0.0911250414693348
1.106629729270935 -1 1165.580810546875 2.2775979042053223 -1 1218.6298828125 3.655534029006958
0.9986168149195286 0.03741597984261717 -0.01852638928545093 -0.031957382753236944 5.331045961276747 -2.0481230129575008 -0.08976650857571215
3.5904951095581055 -1 1112.7071533203125 3.6152217388153076 -1 697.8573608398438 4.055621147155762
