0.9990205206827405 0.031954025722880336 0.019336509564930646 -0.023728440587887714 4.121745664049829 -1.1173623706796838 0.03759087340330649
116.3935775756836 -1 786.0183715820312 239.4888153076172 -1 1029.3638916015625 313.1526184082031
0.9992788011885623 0.018191376228192044 0.01793182498450928 -0.028096280515384504 4.102073999504076 -1.0985573148176384 0.0738437260651133
123.87873077392578 -1 598.9921875 147.18995666503906 -1 598.9921875 147.18995666503906
0.9995743075316172 -0.0011909754992521894 0.018790532559207318 -0.022286793986336723 4.101600844531901 -0.9491028460080116 0.10129101807698658
3.2704832553863525 -1 846.9066772460938 22.9678897857666 -1 877.4124755859375 165.5350799560547
0.9998807511905793 -0.0038499880012868287 0.004672537313169783 -0.0142066317616102 4.027185932154887 -0.8883170012754124 0.18914064185241514
286.30865478515625 153365 870.7543334960938 327.5668640136719 -1 707.6060180664062 343.3556823730469
0.9998252099942707 0.002851018358586772 -0.005879888868106586 -0.017517079126677132 3.9559122709532635 -0.9640544495576981 0.22028529104096944
145.68121337890625 -1 525.4413452148438 228.99559020996094 19640 532.4065551757812 240.07078552246094
0.9994797763131246 0.018011133571093275 -0.012481316547786963 -0.023664161632834843 3.9233554840202265 -1.119465405532018 0.19565045101700734
82.52230072021484 -1 465.50439453125 82.52230072021484 -1 491.64117431640625 134.07289123535156
0.9993249883585756 0.025370765819045467 -0.011435417476920217 -0.023981724521317985 3.957388100539205 -1.1916929742945956 0.15018082656588985
261.5 -1 932.5 271.0 -1 957.0 291.0
0.9994317524167979 0.022952782807710015 -0.005052591178639259 -0.02416222971606508 4.040219354352753 -1.1802639484591706 0.099563900741856
27.312774658203125 -1 362.79296875 68.60856628417969 -1 695.5255126953125 173.39219665527344
0.9995989053842004 0.01267076988609432 -0.004309434742723797 -0.02495813930164444 4.083688126638186 -1.0917881639909617 0.12106067851760977
6.651432037353516 -1 929.43212890625 59.18817138671875 -1 929.43212890625 59.18817138671875
0.9997059707613475 0.005647391234877327 -0.008804217116431153 -0.021876122995605825 4.078604280418559 -0.9750468057380177 0.18854664409662542
3.880742073059082 960 941.7462768554688 4.005255699157715 961 434.37518310546875 4.2934393882751465
0.9997298786368961 0.007541970685540275 -0.007917788041635954 -0.02050846340815059 4.09239326790232 -0.9450141054643947 0.18191112399190174
4.600644588470459 1981 838.9998168945312 4.262009620666504 129940 838.9998168945312 4.262009620666504
0.9996230978317987 0.011672933266428442 -0.0048643405343503105 -0.02436684430289614 4.1119597990559384 -1.010325146789339 0.13315418266796428
0.5744530558586121 -1 0.5740261673927307 0.5744530558586121 -1 0.5740261673927307 0.5744530558586121
0.9994673500424028 0.015297226013711885 -0.0072099163485232366 -0.02791107632732418 4.088877739155059 -1.0812548394847898 0.12429216568740985
15.052971839904785 -1 628.9744262695312 15.052971839904785 -1 379.4222106933594 26.0618839263916
0.999309215771122 0.018330893045490876 -0.008661584656905077 -0.031145570893648663 4.064166223640208 -1.136042671366794 0.11761583916145947
1.1902806758880615 -1 669.3106689453125 2.7451891899108887 -1 1029.2449951171875 3.1651995182037354
0.999223709133928 0.016678269167612 -0.005179107614832127 -0.035312763790475585 4.073144662662126 -1.162701639368795 0.09697366418973294
0.6196190118789673 -1 576.2352905273438 3.926393985748291 -1 678.911865234375 3.4017574787139893
0.9992629400967198 0.011378006861785452 -0.0060946390321619665 -0.0361520799426577 4.074179499742867 -1.1373530116190207 0.11810903983678542
3.757521390914917 73497 874.8067016601562 3.164557456970215 -1 550.2703247070312 4.469820976257324
0.9994303234498705 0.010393515470138663 -0.00769854274018412 -0.031172677856368652 4.0866227200783545 -1.089491889489743 0.13772517850941546
2.2121529579162598 -1 588.0682983398438 4.283841609954834 -1 820.19775390625 4.137598514556885
0.9995413857835282 0.011020091537015844 -0.006297152626539695 -0.027494027665257516 4.117926018229369 -1.0572760496652702 0.11776642288122562
4.614778518676758 5749 564.1353759765625 4.896574974060059 18188 834.1815795898438 7.100531578063965
0.9996419479749648 0.008842620047593315 -0.003704787898157721 -0.02498116222559568 4.158877461524795 -1.0216001954610847 0.09817624215585266
4.2221574783325195 -1 372.87249755859375 12.41061782836914 110983 1005.022216796875 14.699908256530762
0.999720691769854 0.00550929183011844 -0.0021199293034193096 -0.022884318877428658 4.198339033976701 -0.9789993939305817 0.08799531251358486
3.3551456928253174 28299 630.9295043945312 4.309540748596191 5471 630.9295043945312 4.309540748596191
0.9997720675764626 0.004873007028259179 -0.0010587528007659501 -0.02075923261815294 4.232946516593329 -0.9466349880241872 0.07822931572318084
3.5614113807678223 13054 1058.29296875 3.8991539478302 -1 1202.884521484375 3.1977782249450684
0.9998154291158852 0.005062016567372971 -0.0004175956425267355 -0.018528607718057425 4.25425551807964 -0.9149266110695918 0.07101092177392705
1.887115478515625 -1 848.2719116210938 1.887115478515625 -1 853.8076171875 2.463463306427002
0.9998821842506278 0.004696551765196666 -0.001233242788885263 -0.014561563512692718 4.268654819132219 -0.8695331145953932 0.08228014460610236
2.733968734741211 17181 524.3756103515625 2.733968734741211 -1 601.19580078125 3.609753131866455
0.9999058653578288 0.005663657407124853 -0.0031522747400991834 -0.012093244880888459 4.268769165497786 -0.8466243081778817 0.10209169301064071
1.8721057176589966 -1 467.4339599609375 3.2586400508880615 19913 920.4595336914062 3.9673643112182617
0.9998993132143464 0.005626290495957395 -0.0038436881440360093 -0.012447262758723321 4.255072415590478 -0.8408289320101913 0.1145433177209301
2.232943534851074 -1 954.4718017578125 2.232943534851074 -1 523.0704345703125 4.488364219665527
0.9998960746395348 0.0027906643759120454 -0.004118513555026352 -0.013531073826133552 4.225545116519487 -0.8222731989147453 0.1331248070641354
4.388152599334717 150335 923.733154296875 3.7745614051818848 -1 923.733154296875 3.7745614051818848
0.99989108022699 -3.858955409565205e-05 -0.005347611333509547 -0.013756062168195025 4.188768101013621 -0.795994660363167 0.15774935647681046
4.199429035186768 -1 921.1328125 4.199429035186768 -1 860.522216796875 4.454287052154541
0.9998811022544579 -0.0012985409863883217 -0.006979974530317891 -0.013688502521212046 4.144272275913421 -0.7949564672552458 0.17911769007257763
3.640230178833008 -1 620.753173828125 3.640230178833008 -1 776.6887817382812 3.8706107139587402
0.9999294775306183 -0.0007063004209941127 -0.005153108776716349 -0.010676449550073302 4.117595916250603 -0.7970717421396318 0.1618808701326175
0.5944153666496277 -1 0.5943271517753601 0.5944153666496277 -1 0.5943271517753601 0.5944153666496277
0.9999661318648729 -0.0014679268492549964 -0.0008418147125949893 -0.008054294628245296 4.106714643287037 -0.7921684836106405 0.13162959130462487
0.5130257606506348 -1 502.4628601074219 3.7375850677490234 28648 797.6362915039062 3.6333186626434326
0.9999823416963988 -0.0017143230468926374 0.0011980666600950732 -0.005562555901350113 4.080199370056322 -0.7853993387174439 0.11149759673378187
3.0639772415161133 -1 918.4083251953125 4.742388725280762 37451 1312.2958984375 4.60920524597168
0.9999950964660034 -0.0006547446978850555 0.001160377130903609 -0.0028340568525248547 4.045006945010177 -0.7801624080708801 0.10072849873533761
3.6902081966400146 9755 352.6357421875 4.595643043518066 -1 474.4401550292969 4.990993022918701
0.9999974494844756 0.00015565902025891016 0.0007121226338088878 -0.0021376800901272155 4.005363055576712 -0.7895153430787294 0.0996601216920696
4.830615043640137 7126 446.04595947265625 4.830615043640137 13083 511.21221923828125 3.973987340927124
0.9999995152220237 -6.014404015711283e-05 0.0009803420770964064 6.976979335035954e-05 3.978721240517448 -0.7706925712178104 0.09892360808828773
4.071044445037842 -1 419.8565673828125 4.23005485534668 211223 437.3586120605469 4.292518615722656
0.9999967435383732 0.0006540383878968226 0.001298993328269438 0.0020970843496398435 3.956018524538954 -0.7557719690146993 0.09782166317471565
0.6646985411643982 -1 0.6670876741409302 0.6646985411643982 -1 0.6670876741409302 0.6646985411643982
0.9999904733228432 0.0011319517662306971 0.0014016679161843809 0.003975836491561334 3.9331405431491913 -0.7411963822751478 0.09459668113571075
0.7154538631439209 -1 781.8280029296875 3.5244293212890625 29300 674.94921875 4.318296909332275
0.9999859381312426 0.000577703831234877 0.0007715725506829477 0.005214832102875855 3.8995563829913604 -0.7258628890190305 0.09830757635666593
2.2318694591522217 -1 628.921875 3.5341274738311768 494379 848.693359375 3.3058042526245117
0.9999874576143256 0.0018798988783061605 0.0006239221521339975 0.004600142975275942 3.8606370555208023 -0.738040814115291 0.09705251291260715
4.587288856506348 8631 719.8513793945312 5.683372974395752 192302 733.9605102539062 6.103528022766113
0.9999871672639716 0.003539553584048506 0.0005660166604778568 0.0035800129808867677 3.821311311792812 -0.7584147330188861 0.0907617229085592
3.3374109268188477 156996 700.7399291992188 4.992961406707764 56324 700.7399291992188 4.992961406707764
0.9999901968337261 0.0035621249148885983 0.0003159605230431445 0.0026110671160147476 3.7811400495016887 -0.7691426295275249 0.09106397350753513
3.221529006958008 172726 727.55810546875 5.3085036277771 17382 755.8140258789062 5.674561500549316
0.9999932639246464 0.003396686043421586 0.0003566181918545396 0.001344415382416601 3.74273111562424 -0.7815458420180111 0.09218386976493939
3.4279868602752686 172726 780.1765747070312 5.9347968101501465 464316 793.8770141601562 5.519870281219482
0.999994140813968 0.003378739175839151 0.00040142130146757915 0.0003759258629192615 3.704772943284513 -0.7952252847215145 0.0925506381249651
4.8231425285339355 24193 765.1281127929688 3.740766763687134 464316 447.4656066894531 6.621051788330078
0.9999932238198834 0.003622660150078407 0.000653582967220342 3.843252025613246e-05 3.667154614028542 -0.8061704204614273 0.08981707768608595
4.332259654998779 -1 589.7628784179688 4.680961608886719 494315 634.708251953125 4.71136474609375
0.9999915499007561 0.004096651466258795 0.00023359490608447587 -0.0002510124845200484 3.6234983080681227 -0.8194102625773421 0.09281873717409946
1.1569119691848755 -1 502.3476257324219 4.150507926940918 27709 732.3546752929688 4.252614974975586
0.9999894072588289 0.0045952449973214625 -4.8414934393114756e-05 0.00025835933279571584 3.5839379311603294 -0.8269997077023302 0.09161996782087274
1.2858233451843262 -1 648.5772094726562 7.357842445373535 172329 344.69012451171875 8.63665771484375
0.9999868516655988 0.005054739062009134 -0.00014278499679289212 -0.0008518928240080724 3.537299267956935 -0.847446225200609 0.08696620516211505
4.219034671783447 -1 928.3284301757812 5.960528373718262 55343 928.3284301757812 5.960528373718262
0.9999855784081689 0.005009428633459917 0.00062764520616002 -0.0018315736243802452 3.495156084983916 -0.8626460316770426 0.08047444613634748
0.8857773542404175 -1 0.8854807615280151 0.8857773542404175 -1 0.8854807615280151 0.8857773542404175
0.9999826948948585 0.004489191318994042 0.001885215021157127 -0.0033019746276913703 3.4521229256247654 -0.8762681188060629 0.07410678647436006
3.4556336402893066 -1 983.734619140625 3.7359821796417236 -1 349.1416931152344 4.06924295425415
0.9999858755363001 0.0037906812963368446 0.0020540482061437975 -0.0031081102258000005 3.4172945569964277 -0.8776355296079855 0.0721953943728941
4.001148700714111 -1 974.6748046875 5.21229887008667 35039 587.255126953125 5.393641948699951
0.9999842084737219 0.004327410689649887 0.0020892169245234483 -0.0029140165663942333 3.378880147069487 -0.8908966297676967 0.06616072238312709
2.408684730529785 457629 542.7806396484375 6.222856044769287 35524 542.7806396484375 6.222856044769287
0.9999722712465621 0.006101662946398752 0.002452361537870119 -0.0034946201751300567 3.342154460412856 -0.9182871966987204 0.051405181870449956
2.629997730255127 -1 830.1016235351562 3.5096147060394287 -1 576.6986083984375 4.396613597869873
0.9999697130839317 0.005857850473653059 0.0034852100014258094 -0.0037565694341526374 3.309860952999771 -0.9292977818207359 0.03955807847350239
0.6180452108383179 -1 0.6192924976348877 0.6180452108383179 -1 0.6192924976348877 0.6180452108383179
0.9999721357090995 0.004315928730546874 0.004420148352941432 -0.004190805783311921 3.278040260178289 -0.9295299521166906 0.03424600389845211
4.193409442901611 40294 1027.6571044921875 4.200287818908691 -1 1120.362060546875 4.458433151245117
0.9999732335905842 0.004319553016310976 0.004473148987633474 -0.0038554509807060006 3.2465583628655583 -0.9358843373498795 0.025707880458214465
2.945668935775757 -1 634.27587890625 2.945668935775757 -1 459.4842224121094 7.037499904632568
0.9999683599649558 0.005518067763233902 0.004374312506099699 -0.00370072793595172 3.2208095137030934 -0.9514115562406154 0.015258301147995887
3.777637004852295 -1 541.3997192382812 4.619999408721924 -1 548.9799194335938 4.509061813354492
0.9999658568987547 0.006478616594473781 0.004789304028931786 -0.0018371528732105747 3.201833799819848 -0.9553868031890942 7.283843891099557e-05
4.13923454284668 -1 160.15243530273438 4.13923454284668 43751 211.13304138183594 4.097742080688477
0.9999706451903646 0.005689832919148578 0.005085002175996689 0.0006908775494970129 3.1859563298723446 -0.9408816465260301 -0.007763784624268938
2.8223929405212402 172742 580.9531860351562 4.621711730957031 47076 594.0751953125 5.2384819984436035
0.9999673501811532 0.004980767193335571 0.006224075628421132 0.0013234093925378707 3.1676416223529014 -0.9329987842662375 -0.016755467921688458
4.479432582855225 172742 498.2378234863281 6.874507904052734 30371 1117.777587890625 7.82894229888916
0.9999686935799215 0.004184540626669782 0.006659276995874422 0.0008692006103796099 3.142114121172236 -0.9285597141287553 -0.02105726232522019
0.9302767515182495 -1 0.9371942281723022 0.9302767515182495 -1 0.9371942281723022 0.9302767515182495
0.9999659238236556 0.004334086657006427 0.007005040801145544 0.0005443231823715513 3.1203750728062776 -0.9301313971510058 -0.02066292408226449
0.7815471887588501 -1 0.7861403226852417 0.7815471887588501 -1 0.7861403226852417 0.7815471887588501
0.9999634848543955 0.004002620463928052 0.007508158338877793 0.0007972111597345889 3.111588574611139 -0.9262625300132062 -0.02153445977159889
0.7109187841415405 -1 0.7130257487297058 0.7109187841415405 -1 0.7130257487297058 0.7109187841415405
0.9999546696413474 0.0035247171797516737 0.008811301589325454 0.0007720074926657974 3.1026501175545786 -0.9241894285547833 -0.03089666266978863
0.6857470273971558 -1 0.6862338781356812 0.6857470273971558 -1 0.6862338781356812 0.6857470273971558
0.9999459721299248 0.004433707877256945 0.009392545898905678 0.0004184938899012305 3.0832607161240873 -0.9368540873636365 -0.03957649899698375
4.254127502441406 -1 469.3279113769531 5.709177017211914 -1 1083.3709716796875 5.72055721282959
0.9999426146651349 0.004861564524575558 0.009545680387451388 0.00011204002573067732 3.060295882923447 -0.9473488358888802 -0.04584081988526582
5.011288166046143 -1 319.20477294921875 5.367198944091797 -1 400.45233154296875 4.9072442054748535
0.9999379780924034 0.0031919286515284455 0.010650146930618668 0.0006526333703275871 3.044919517271899 -0.9416142762934748 -0.05386042958714765
2.5 -1 632.5 3.5 47075 322.5 4.5
0.9999064568639072 0.0008727392036600104 0.013305700826312147 0.00304535279903132 3.039418945311954 -0.9263112386549793 -0.0691482126622454
0.6528810262680054 -1 0.6529025435447693 0.6528810262680054 -1 0.6529025435447693 0.6528810262680054
0.9998864378883295 -0.00559758456628446 0.013963024915574999 0.0009012819859248364 2.9889731139448132 -0.90987348029705 -0.08031439476387102
178.3973388671875 -1 987.1744995117188 180.1751708984375 -1 631.8826293945312 184.9403533935547
0.9998218479751294 -0.013297079899386938 0.012382025234936941 0.005113260097832713 2.953322723360586 -0.8364443643194435 -0.05866678823240374
54.33922576904297 -1 747.6553955078125 165.84690856933594 -1 1166.8128662109375 173.1493682861328
0.99979245958 -0.01579315700812094 0.009388645195385627 0.00880155100458676 2.925649396991801 -0.7896727941697743 -0.04104148476104725
4.217491149902344 77917 735.23876953125 5.631319522857666 -1 1159.80859375 9.251326560974121
0.9998428825663359 -0.015268864587172935 0.005674974072119131 0.006990466718297014 2.8890326832164415 -0.7970257781892663 -0.02386770465198309
4.7168378829956055 -1 712.454345703125 4.7168378829956055 199062 974.5551147460938 4.897392272949219
0.9998969540084952 -0.012900514011275094 0.0036812770338997144 0.00510943266691922 2.8646681227963016 -0.8047290662370407 -0.01168188010212071
3.749877452850342 -1 940.3330688476562 5.3423752784729 627816 754.2955322265625 6.398066997528076
0.9998864907024491 -0.014327359214181856 0.004636869898398034 -0.00048158720347664895 2.862151181891311 -0.8158583674087448 0.0014240537836943982
3.959547281265259 356348 381.46148681640625 4.4542236328125 172726 486.1753845214844 5.368312835693359
0.9998541976671173 -0.01568376553632851 0.006250031010125015 -0.002557345971724567 2.8777278465997447 -0.8086467929868107 0.0063952661879846245
3.5832295417785645 -1 789.349609375 3.5832295417785645 -1 1286.0263671875 3.813664674758911
0.9998578921979421 -0.015023377254872319 0.005897127961146831 -0.004870054122494756 2.8667921712831363 -0.8203864052986546 0.0041060165312225005
5.04227876663208 -1 595.839599609375 4.695107460021973 18867 595.839599609375 4.695107460021973
0.9998876326937214 -0.014018052551128944 0.004579393711327098 -0.002691717306176834 2.841222375849503 -0.8148996444474416 0.010018569069261712
4.38552188873291 -1 661.6583862304688 4.567717552185059 35545 705.2185668945312 4.347278594970703
0.9999028185724951 -0.013550707913212695 0.0028480114873375402 0.0016188132686822255 2.8246874044328867 -0.8037644163977155 0.026611408209700448
4.998635768890381 -1 284.26605224609375 4.998635768890381 -1 813.1546020507812 4.646679401397705
0.9999199732082821 -0.01202579300633763 0.003773541500222278 0.0010898927761035914 2.815811171290923 -0.8199620601842927 0.018057213041446477
5.0264058113098145 494315 735.1976318359375 6.4116435050964355 -1 776.8670654296875 6.793080806732178
0.9999221872124654 -0.009633506389302927 0.007759074573266671 0.0016161177721082675 2.830690755886288 -0.8352449256946892 -0.009604106397447243
3.3608195781707764 -1 372.94549560546875 4.308487892150879 77917 341.763916015625 7.862769603729248
0.9999088721605238 -0.007800618543561117 0.009300531361991566 0.005907439495391345 2.840798012572232 -0.8200337914749695 -0.020727682534707165
3.5330286026000977 103977 526.7306518554688 3.944819450378418 75020 526.7306518554688 3.944819450378418
0.9998626069878117 -0.008604055120494463 0.009455803953622985 0.010551073623627612 2.827583789900105 -0.790869758705928 -0.015213545218206182
3.767240285873413 -1 46.533721923828125 4.4798197746276855 2038 664.6012573242188 4.113184452056885
0.9998462043262795 -0.008711502225901 0.010413775283446544 0.01110093273765221 2.8050346253611016 -0.7932196190600861 -0.01998450158996873
3.514460563659668 103977 971.41162109375 4.580035209655762 65618 971.41162109375 4.580035209655762
0.9998461242876642 -0.0073896516676465905 0.012518273358677766 0.009819044112592334 2.7784556691374793 -0.8152203786332266 -0.029744059165526294
3.634533405303955 -1 260.7552490234375 3.634533405303955 -1 675.2406005859375 3.063565969467163
0.9998631315568691 -0.006899354129537217 0.011694984587717764 0.00945221674421152 2.730315077431823 -0.8244377024576001 -0.02063683108239029
3.8219878673553467 190365 636.8074340820312 5.139670372009277 -1 28.86731719970703 14.548430442810059
0.9998629539639402 -0.007562541809248346 0.011010874621529821 0.009779667272249295 2.690836879179813 -0.8230166623206383 -0.008145604639478176
0.9290839433670044 -1 0.9306227564811707 0.9290839433670044 -1 0.9306227564811707 0.9290839433670044
0.9998451540449188 -0.007373321682383228 0.012583861621108791 0.009846242276193904 2.669322108698541 -0.8269635263947103 -0.009270805993657979
3.1738414764404297 62061 1252.27001953125 4.630002021789551 -1 1252.27001953125 4.630002021789551
0.9998302976530479 -0.007069452176424151 0.013557274006821749 0.01027614044506976 2.6519202968683313 -0.8277136830013399 -0.010618270223517308
4.977013111114502 5478 832.0380859375 5.367659091949463 2024 214.0931396484375 6.039961814880371
0.9998016660446271 -0.008317164788441508 0.012202166833946641 0.013362652013229434 2.6307289088373595 -0.802812516540757 -0.0007806843484313166
2.715550422668457 -1 464.1676330566406 5.327212333679199 60348 1513.6805419921875 5.236307144165039
0.9997496102353708 -0.008974469162014866 0.01000918275129818 0.01788832015968184 2.6077452456301615 -0.7722749447509664 0.0063401839242150735
2.330275535583496 211013 829.2832641601562 4.5867919921875 627816 571.1080322265625 6.033045291900635
0.9996772039828272 -0.008230147165745594 0.009055901108202202 0.022265290697081892 2.5933942391943567 -0.7582885477057205 0.007484151699848339
3.5 -1 853.5 3.5 97211 879.5 3.5
0.9996029093435771 -0.008619975746501342 0.008375473484381866 0.025486684639211294 2.5841302554358476 -0.7380609540799596 0.01662284327431419
4.391718864440918 -1 598.40966796875 4.398695945739746 5478 598.40966796875 4.398695945739746
0.9995389044355623 -0.008692966704260306 0.008405442116764946 0.02785245756582882 2.581081613097074 -0.7158752391917015 0.021985702592822322
3.971334934234619 20628 1163.5220947265625 2.983386993408203 56474 1175.6783447265625 3.646228075027466
0.9994941914410855 -0.00819000832623511 0.008749016001953368 0.02945742280214754 2.5710208007751785 -0.7152150357701476 0.011167615111730348
3.648589611053467 -1 12.95864200592041 4.749549865722656 -1 824.9720458984375 9.629570007324219
0.9994641134112714 -0.007419712715457491 0.008486416517343057 0.030731329306351123 2.5487775856757535 -0.72290771986962 0.007253517780456944
5.4724555015563965 70929 843.4716796875 5.9166388511657715 72763 284.9171142578125 6.29513692855835
0.9994802684264297 -0.007100089624740395 0.007615389349980372 0.030508811818899986 2.50696127499227 -0.7348773851346067 0.01613065781039095
4.151699542999268 -1 280.2298278808594 6.967487812042236 54300 525.0330200195312 7.121428966522217
0.999546423303898 -0.0073322900082429445 0.0066887863967433885 0.028433172882367755 2.456673231968951 -0.7518587241036198 0.0242767257112102
10.457876205444336 28216 273.64532470703125 20.117000579833984 75323 451.5008239746094 103.90294647216797
0.9996337665165828 -0.007210803094478353 0.00530700241221827 0.025537675775205687 2.404698237621832 -0.7724077293203925 0.039848472416119156
21.129533767700195 732272 977.3837890625 33.806644439697266 71440 977.3837890625 33.806644439697266
0.9996769078200094 -0.008044670750400166 0.003804667886314871 0.023809404575024413 2.3597553926076844 -0.7810843442405263 0.05713141574681437
20.992616653442383 -1 233.1578369140625 26.73031234741211 75323 955.2090454101562 38.762107849121094
0.9996808253564546 -0.008946854793001752 0.002543504710350099 0.02348897161944881 2.322861973490443 -0.7832084230523437 0.06858081840813429
4.335636615753174 62061 672.8110961914062 5.981830596923828 2024 879.5389404296875 5.5608673095703125
0.9997470085424632 -0.00833570673723182 0.0021767143254162362 0.020777314993340998 2.2939447246666838 -0.8029951307530452 0.07764739073429452
5.413874626159668 2024 1220.201171875 5.560845375061035 72568 484.044189453125 7.7224931716918945
0.9998242643696043 -0.008584673508973253 0.0026589429906105745 0.01645216644387253 2.2713984028489893 -0.8199595330892675 0.082191401690838
3.1044983863830566 -1 157.21142578125 4.41048002243042 72169 1380.705078125 4.651862144470215
0.9998119875311451 -0.010719430616588149 0.0017075203827048395 0.016067600020548804 2.244476863012479 -0.8093299531116706 0.09868587171012216
0.5 -1 0.5 0.5 -1 0.5 0.5
0.999772026314102 -0.011554232547457821 -0.001467981220011527 0.017895254711000542 2.2051553681910274 -0.7954355148049936 0.119227182357715
4.583370208740234 -1 739.17626953125 12.536436080932617 -1 781.3341064453125 12.643433570861816
0.9997649354551679 -0.01088788939220295 -0.0026751723903358864 0.018557239869905377 2.1742584024108695 -0.7991040965142125 0.12747452148268928
3.4960033893585205 88278 151.3529052734375 4.214624881744385 26021 151.3529052734375 4.214624881744385
0.999775023881709 -0.011201322086314257 -0.002045509737659883 0.017895471375739696 2.14723002323036 -0.8049324870369633 0.12444572578802253
1.0799872875213623 -1 1422.6121826171875 1.1424797773361206 76643 672.4564208984375 2.3783962726593018
0.9998146552461169 -0.010988330730461094 -0.0009089379954029951 0.01578244513904255 2.1243538961900748 -0.8159085523005701 0.12154410689601522
3.0588576793670654 88278 297.3777160644531 4.869414329528809 -1 696.5557250976562 4.507233142852783
0.9998466936165439 -0.011231795725445566 -0.000802376460223437 0.013408662157840241 2.0895035026563114 -0.8264150764491963 0.12536587374328362
4.7266669273376465 57201 917.7734375 6.473030090332031 210526 917.7734375 6.473030090332031
0.9998397128595437 -0.011542121645958636 -0.0015891974605404425 0.013594207159175755 2.0566706179308554 -0.8232935926536722 0.13141758346657378
0.5145043134689331 -1 1292.407958984375 4.003083229064941 -1 592.2407836914062 5.6085309982299805
0.9998422839979045 -0.012111003990672133 -0.00048750665589389336 0.012980487257882808 2.0435528303731307 -0.8226145142018899 0.12921951977648388
0.9317731857299805 76643 1378.7542724609375 0.9317731857299805 -1 495.7043151855469 2.175875186920166
0.9998538594475843 -0.012292781815640101 0.0011484277057297804 0.011824904938652661 2.0326190052705626 -0.8286847763886295 0.12449760630141973
4.452037334442139 -1 547.2255859375 4.324337482452393 -1 839.7838745117188 4.715710163116455
0.999859477690923 -0.011861149007392434 0.0013723746489821597 0.011766673433135939 2.013373046744334 -0.8333903375660429 0.12546983209452114
3.7741000652313232 22598 79.00365447998047 4.823337078094482 77917 1272.3299560546875 4.617608547210693
0.9998466044470312 -0.012814621713709074 0.0007361501149892614 0.011916842244684298 1.9868251538592665 -0.8273017174791701 0.12720929615509713
4.095442295074463 -1 459.3786926269531 4.374183177947998 664650 892.239501953125 4.154661178588867
0.9998305180946109 -0.013929829853857335 0.000816603025613773 0.012009499839842317 1.967443085800244 -0.8222193732998886 0.1270680980498144
4.363934516906738 -1 972.106201171875 3.9742889404296875 -1 1022.9591064453125 4.709268569946289
0.9998371627165162 -0.013750445099575348 0.0006681836173127115 0.011667340794026622 1.9446988336058 -0.826743275837306 0.12595068208923427
3.6937754154205322 -1 1341.8995361328125 2.863478183746338 76643 1255.9422607421875 4.40173864364624
0.9998238954692984 -0.014625451631717587 -8.890482152796881e-05 0.01175866952927026 1.9124484506893382 -0.8306038371644323 0.12190494693961107
4.59161901473999 78683 264.6301574707031 4.174855709075928 22598 786.6077270507812 4.9114670753479
0.9998541591696706 -0.01350019099026508 -0.0005622918657618925 0.010444570943566182 1.8811313883435272 -0.8527597080352388 0.11794250570427454
3.9594316482543945 77884 978.8099975585938 5.048034191131592 -1 1085.5023193359375 4.960676193237305
0.9998991744426753 -0.011243588525176 -0.0003308144032171371 0.008666788780377447 1.8496587818876922 -0.8820152915403202 0.10815827722556735
5.805279731750488 61823 315.02410888671875 5.805279731750488 155396 859.9679565429688 6.011657238006592
0.9998821782531542 -0.012772119437139195 -0.0007550058700870103 0.00848130549781606 1.823235369532014 -0.8896656070879797 0.10037921180206931
3.255342721939087 85725 973.0140380859375 4.388926029205322 213362 518.74462890625 6.040495872497559
0.9998912876265631 -0.012474760949111803 -0.0018805781995879537 0.007632607247291219 1.7881868854581597 -0.9035728666879626 0.09442096207132349
8.082271575927734 -1 555.0623779296875 12.52942943572998 -1 771.237060546875 12.57766342163086
0.9998876444432854 -0.01224564562751277 -0.0031392621533683387 0.008055289315478031 1.7476814697427432 -0.903400317289838 0.09418659653143266
3.5130302906036377 56421 538.0438232421875 4.737876892089844 172559 538.0438232421875 4.737876892089844
0.9998994090562706 -0.013501527720716255 -0.0016253088126227588 0.004029750537116612 1.7052575947694741 -0.9039762885955853 0.09359536159975376
5.506165027618408 2024 462.48614501953125 5.559732437133789 70929 462.48614501953125 5.559732437133789
0.9999035189689671 -0.013883320042635278 -0.00022325075487609897 0.00039539495529999577 1.678197406466691 -0.9068515203690365 0.09448587027524344
3.48999285697937 727986 1058.9266357421875 3.775057315826416 85725 773.5038452148438 5.984924793243408
0.9999076543064188 -0.01354226534824927 0.00018350157091994362 -0.0011208192746248581 1.6507189072117407 -0.9074328727753521 0.09626913952108243
4.939316749572754 88417 276.4717102050781 5.801540374755859 74792 434.0317077636719 5.336916446685791
0.999906931162262 -0.013584152737202822 6.989247780308623e-05 -0.0012629026571197135 1.6172718310575447 -0.9048559754547981 0.09857369825657236
1.591160774230957 -1 1150.79638671875 2.596395492553711 -1 750.9386596679688 3.218695640563965
0.9999142306054526 -0.013055917603956066 0.0010346147777609877 6.340730378439969e-05 1.6053545521701085 -0.9042320786789563 0.09273995704887614
4.4775919914245605 97850 1323.6109619140625 4.4775919914245605 88369 1365.4620361328125 4.617367267608643
0.9999126938290614 -0.013022286061605102 0.00200664110834352 0.000999087934952044 1.5861353053938634 -0.9033446729934608 0.0902052319411777
3.917948007583618 83888 847.1388549804688 3.917948007583618 -1 908.420654296875 4.445152282714844
0.9998972385040701 -0.014128622768595611 0.002277857055458437 0.0008401296522068544 1.554525120474688 -0.9001992626171955 0.09467703832306902
4.399267196655273 -1 992.3407592773438 4.34278678894043 -1 1345.0987548828125 4.716457366943359
0.9998804289169982 -0.015113335984688798 0.003031161448005009 0.0012357202150041486 1.5173916767316427 -0.8974293852014775 0.09992871360276816
4.1099853515625 22598 402.3015441894531 3.2330353260040283 88278 869.2352905273438 3.513925790786743
0.9998721353178368 -0.01546756133857418 0.0038194008883906563 0.001371035390088464 1.477997098051586 -0.8970027311800497 0.10249113951075503
4.0953369140625 73245 689.9657592773438 3.692582845687866 -1 1032.59326171875 3.6150107383728027
0.9998526826026642 -0.01652849353266239 0.004532226227813478 0.0009385729682519657 1.4258728077235272 -0.8868628451744487 0.1111760052960919
2.8809428215026855 -1 1006.4527587890625 3.4477272033691406 -1 1387.668701171875 6.705594062805176
0.9998251349853567 -0.017858309049000317 0.005547151456089529 9.67478522336147e-05 1.3742731431041944 -0.8742329159878114 0.12119622817378636
0.9658496975898743 -1 1069.4114990234375 5.621184349060059 579264 1079.6265869140625 5.568456649780273
0.9997980868988173 -0.019050718934892675 0.00637189237804406 0.0005045087226605109 1.3280505369056124 -0.8617107163147847 0.12411857751356442
3.396801710128784 97147 703.1231689453125 4.340355396270752 -1 620.4983520507812 5.609360694885254
0.999798880232174 -0.018622483195790244 0.0074172570953067885 0.0006216938922431224 1.2898276361482093 -0.8630280204864752 0.12045147071818367
4.849922180175781 -1 287.14959716796875 5.505814075469971 -1 698.1755981445312 5.4190521240234375
0.9998010363556646 -0.018067218472628734 0.00805601765108818 0.0025620106179974826 1.2535443478813182 -0.8598654466052063 0.11584583241389759
4.224298477172852 98487 169.77110290527344 4.224298477172852 -1 634.0082397460938 5.0542731285095215
0.999777700087143 -0.018969867268076722 0.008368896209572253 0.003828331298076696 1.2196048041371335 -0.8497685894691449 0.1152855002876061
2.998086929321289 94314 1135.8773193359375 3.4188923835754395 87116 1290.5670166015625 3.9898388385772705
0.9997513900506352 -0.01955406890175635 0.009069535178092378 0.005704385406109956 1.196468487567695 -0.8396261112022637 0.12018186681529062
3.6742072105407715 -1 632.8065185546875 3.3584136962890625 -1 257.425537109375 4.925910949707031
0.9997552904984371 -0.019120460262901175 0.008631493503488704 0.007018863128716744 1.1628909205152371 -0.8392231794430208 0.12184127254979533
6.178910255432129 595489 1151.9444580078125 6.700341701507568 -1 1255.177001953125 6.575438499450684
0.9997536045210647 -0.019511765462717084 0.007461197954619215 0.0075067823165959596 1.122610437079482 -0.8423110436610446 0.11710320678699561
2.1997408866882324 -1 651.9967651367188 3.518301010131836 94316 140.67457580566406 4.873028755187988
0.9997285214862967 -0.02070938818698221 0.007703646734086443 0.007393131592270235 1.088922281005487 -0.8393276393318073 0.11718158621009726
3.620628833770752 663189 482.0527648925781 5.32981014251709 -1 513.21484375 4.410093307495117
0.9996536156706833 -0.022376127645832227 0.009205966696962572 0.010354118276397697 1.0621262746933466 -0.8210279728675894 0.1298869507519338
4.680957317352295 -1 1325.711669921875 5.063636779785156 -1 805.1510620117188 6.004933834075928
0.9995829959540685 -0.024526583583151382 0.010088077575789547 0.011424166842812855 1.0364914043877376 -0.8030755179769148 0.1464377141585773
4.72572135925293 158916 1229.4068603515625 4.84679651260376 -1 1362.094482421875 4.413508415222168
0.9994943058729614 -0.02727148894848083 0.009749958246426492 0.013127708568250454 1.0043221784500962 -0.7759169511543269 0.16614911768105847
3.457169532775879 -1 1278.6708984375 4.4645843505859375 -1 1085.1798095703125 5.857351303100586
0.9993944692345682 -0.02746930615169912 0.008321492564324469 0.019669388511132913 0.9702449952286837 -0.7514865255396338 0.18283213522560318
5.011354446411133 -1 1056.514892578125 7.39346170425415 -1 1039.405517578125 8.180194854736328
0.9993810705445052 -0.025357059304483388 0.004512213820063833 0.023961120741517516 0.9242265568968139 -0.7529390042285036 0.20369738817345368
4.7512640953063965 -1 1193.725830078125 4.7512640953063965 -1 1489.2064208984375 7.997603893280029
0.9994997337280974 -0.023272647235301626 0.0038548378198693107 0.02106671292599346 0.8889063077117922 -0.768391750412076 0.20524220750161118
4.489017009735107 494316 986.08349609375 4.319875717163086 -1 1183.7664794921875 4.5534987449646
0.9995460733275279 -0.02287026262456031 0.004351368670622941 0.019122342264909557 0.8677296829816077 -0.7765959465224944 0.19981052980124978
4.938857078552246 157697 761.9534301757812 5.962639808654785 -1 966.302978515625 6.100516319274902
0.9996120192305137 -0.022844689425514937 0.0008913932347367942 0.015910266906870345 0.823663538213038 -0.7868377383891514 0.19965845614067176
2.651644229888916 -1 698.998291015625 3.2349636554718018 -1 1053.5277099609375 3.406189203262329
0.9996320341925868 -0.023480955519456427 -0.002994921823393571 0.013246561333263292 0.7783083594501354 -0.7921136134393889 0.2103500833117707
4.909380912780762 -1 675.4827270507812 11.79066276550293 -1 675.4827270507812 11.79066276550293
0.9995754813840807 -0.026088891459899198 -0.005305210067786572 0.011835603250943415 0.7440202509522528 -0.7830808557547932 0.2252288116313262
1.9265196323394775 666219 885.6934204101562 2.707146167755127 -1 1420.1839599609375 10.9993257522583
0.9995130089580258 -0.02726286389418595 -0.006531783764936995 0.013704633406582756 0.7180609313944781 -0.7807955927761558 0.24120009630448994
1.8834351301193237 -1 1164.7213134765625 3.5851409435272217 236735 894.026611328125 3.998391628265381
0.9995916351719426 -0.024835601148704173 -0.007246744243927664 0.012134269970940696 0.669809029763239 -0.8107856070057917 0.24265767101431826
66.7955093383789 -1 774.8494262695312 101.17630004882812 -1 629.8096923828125 103.68306732177734
0.9997154430907174 -0.02111062997828592 -0.006662063534759234 0.008887691337423566 0.6031680711892387 -0.8467389887108938 0.22364628192974076
35.467613220214844 -1 662.342529296875 47.39790725708008 -1 773.7432861328125 76.03257751464844
0.9997352550121749 -0.0187828140669295 -0.006750510474972622 0.011447986276911005 0.5310320428450653 -0.8654196440401993 0.21206826349850302
69.53669738769531 527959 717.1572875976562 75.45855712890625 665336 756.982666015625 94.76187896728516
0.9998260726152993 -0.016089762216201085 -0.003586017387147306 0.008722645802247067 0.4651162864453705 -0.8990342155712885 0.19702342393952013
4.102634906768799 -1 347.7782287597656 4.265098571777344 -1 347.7782287597656 4.265098571777344
0.9998613035284998 -0.01602892551187613 -0.0005593077972865178 0.004487140293308766 0.3992987802020362 -0.9182229518741016 0.1840390165579602
2.8572356700897217 -1 685.417724609375 4.380915641784668 -1 510.0987854003906 5.198315143585205
0.9998566814294927 -0.01647144779111549 -0.0006719064494226231 0.0038544195658742953 0.33754198333801627 -0.9245085838783721 0.18316105643410435
3.717698097229004 -1 485.5145568847656 3.663259983062744 -1 443.0506286621094 4.559189796447754
0.9998657008029753 -0.01559538348104465 -0.00024619900194708714 0.005030284078026409 0.30479456883961364 -0.9364463052868163 0.1787403658422997
1.520592451095581 -1 514.3176879882812 1.520592451095581 -1 540.8681030273438 2.734862804412842
0.99986846608508 -0.015005908174687667 0.0013809999879619884 0.0059971732970932 0.2866191436561369 -0.9430790751761344 0.17298813207155417
3.9194605350494385 228365 502.6791076660156 4.728321075439453 -1 932.5535278320312 4.449473857879639
0.9998474917430555 -0.01574231971627003 0.0024629969844204144 0.007148865009637779 0.2628574438704083 -0.9406687764741392 0.16906012430565456
1.0737881660461426 -1 642.1748046875 1.413457989692688 -1 946.8406982421875 0.769529402256012
0.9998571798789953 -0.014539635886801199 0.003293915780822054 0.007960461766171966 0.2339641955521829 -0.9540051378208992 0.16199924963893098
2.659705877304077 -1 468.2937927246094 4.157155990600586 -1 743.7798461914062 4.277436256408691
0.9998919675447246 -0.012817565858609473 0.004007992345946615 0.00597488429631517 0.19538851162311033 -0.9698847595390757 0.14980456782041182
6.003273963928223 548185 1028.4039306640625 9.717652320861816 -1 711.2139282226562 9.873187065124512
0.9998789553428507 -0.013597373153495637 0.004346831442141277 0.006187985312512406 0.1606891199218728 -0.9618649887208679 0.1502027805838151
4.474253177642822 221342 796.9252319335938 5.117199420928955 -1 1316.0772705078125 5.624292373657227
0.9998841627609908 -0.014073994626654316 0.003089645852725137 0.004902838311251416 0.11148238518273441 -0.9576506857179469 0.1521556089663921
3.3269500732421875 -1 1295.1197509765625 7.879288196563721 -1 585.8297729492188 9.980682373046875
0.9999087274162359 -0.012520693974297947 0.002474652655632408 0.004432285356296754 0.07152938435475666 -0.9724441286081505 0.1450700160041246
9.478906631469727 -1 513.6729736328125 10.397584915161133 93095 530.5858764648438 11.770947456359863
0.9999154541502739 -0.011268544959792818 0.002252849046621746 0.006085155471633335 0.04578000195768508 -0.9844883875481554 0.13735493209706043
4.396542549133301 -1 115.22105407714844 4.966031551361084 -1 279.105712890625 5.725100040435791
0.9999021247849668 -0.010698680109305003 0.0014753390361046037 0.008893956889720733 0.029534262762224567 -0.9869013641457891 0.1336926495516325
3.030291795730591 -1 1002.1065673828125 3.644775867462158 -1 750.69970703125 4.148592948913574
0.9998901552877313 -0.010914286973334977 0.0018536187988500027 0.009854937640021736 0.015664247627955444 -0.9872896668340287 0.13452493323040612
4.324179649353027 -1 104.18202209472656 5.218947410583496 -1 418.60125732421875 5.627865791320801
0.9998921955525895 -0.01144096828855924 0.003400586698169471 0.008552048161156766 0.001294154076031111 -0.9889979097815768 0.13695865625819634
4.746311187744141 -1 1460.928955078125 4.581723690032959 220700 1460.928955078125 4.581723690032959
0.999893777703354 -0.012361414423709482 0.0045585752128854285 0.006232827254919395 -0.023061310313523823 -0.987758912092813 0.14026674447697726
2.991421699523926 -1 208.02890014648438 4.297375202178955 -1 460.37213134765625 4.183635711669922
0.9998836596948947 -0.013166331604621672 0.0041697807918159935 0.006475161416465631 -0.058536951360046156 -0.9865320808921912 0.14472749780368474
3.568718433380127 -1 370.7186584472656 3.568718433380127 -1 477.8885498046875 5.106328010559082
0.9998737676406259 -0.013512285662380651 0.0026558769823522847 0.007925480286562012 -0.10560275821995765 -0.9875652354967833 0.14776342820756677
2.2210726737976074 -1 350.04833984375 2.2210726737976074 -1 390.8382873535156 4.8276824951171875
0.9998544422056608 -0.014593722650278676 0.0024652643815265113 0.008487645865781464 -0.14917838302694705 -0.9832257514473661 0.1547846776926971
2.720468759536743 -1 438.9635314941406 2.795334815979004 -1 1198.3997802734375 5.425017356872559
0.9998448547304554 -0.015970117195263325 0.003160219906142947 0.006725684794061144 -0.19644922215231153 -0.9765340215459872 0.16128524058306148
3.798919916152954 -1 899.43701171875 4.647318363189697 -1 903.2669067382812 7.682559490203857
0.9998342982905123 -0.016990989997921997 0.003762852122531951 0.005340708259522959 -0.24354991542582352 -0.9733947982938892 0.1660769518032608
6.151256561279297 521583 663.9086303710938 6.241117477416992 499715 883.9843139648438 11.098222732543945
0.9998265007053913 -0.01762622518098129 0.0036327515945994305 0.004804975435280663 -0.29518771295127694 -0.9734528966690207 0.16722377441216663
3.8519492149353027 -1 646.1351318359375 7.761242389678955 499715 857.4301147460938 10.595499038696289
0.9998385863324413 -0.01686895286411457 0.0035290517628277338 0.005077942857971804 -0.34083878606257906 -0.9800994002173766 0.16292952747419714
0.5 -1 0.5 0.5 -1 0.5 0.5
0.9998605470300642 -0.015832173378538282 0.004053666956273021 0.0034346125051071697 -0.3860424832587053 -0.987501504593823 0.15381041372447157
2.248330593109131 227278 278.8734130859375 4.583799362182617 542322 620.0243530273438 5.220004081726074
0.9998731324756175 -0.015094159021330517 0.004698383319885212 0.0019520530255436991 -0.42468602092585067 -0.9925137993967097 0.14763364134001372
4.120965003967285 -1 1195.4091796875 8.37568187713623 601027 235.52964782714844 9.213542938232422
0.9998796007849117 -0.014534200278598579 0.005435068169816681 3.1471522380993324e-05 -0.4615225566249117 -0.9950564946798766 0.14616943766019097
4.084851264953613 -1 246.9122772216797 6.968657493591309 -1 309.4532470703125 8.314936637878418
0.9998769135386638 -0.014525208803060668 0.005864136038184465 -0.0008876880919016932 -0.5007838980829471 -0.9924348179393554 0.14874560448326246
3.727637529373169 542322 295.3681335449219 3.7702393531799316 -1 1578.5653076171875 5.780566692352295
0.9998524573297363 -0.01622406663865302 0.005607255487992721 0.0006339710442855641 -0.5452693070302335 -0.9856962828530176 0.15721946116036212
5.467552185058594 228979 1147.51708984375 6.5244317054748535 222042 1118.621826171875 15.213691711425781
0.9998285645748981 -0.017337490968583894 0.006455638145762566 0.0007600020684485721 -0.5824700839123312 -0.975175097666899 0.16388987456324422
4.686418533325195 -1 741.1998901367188 5.502277374267578 -1 184.00291442871094 5.889251232147217
0.9998134577504917 -0.017611486292657266 0.007885900897888563 0.0008353553722757599 -0.619404364487005 -0.9700711655112775 0.17114703661878525
2.2504260540008545 -1 194.38912963867188 3.2423031330108643 228365 785.9475708007812 4.299458980560303
0.9998083035845716 -0.017704726039448664 0.008336745362865963 0.0006304252246225664 -0.6571222555625738 -0.9711253094986133 0.17075617113294814
4.303222179412842 -1 1066.6885986328125 6.788431167602539 -1 172.10504150390625 11.399149894714355
0.9998224507052654 -0.01675552803034672 0.008610356063521694 0.00042557561101162154 -0.7035898406584168 -0.9782520474126349 0.16880123851109585
3.853604793548584 -1 1005.4719848632812 3.853604793548584 -1 512.10302734375 6.022568702697754
0.9998352820314327 -0.015736347925641866 0.009041748989628177 0.00015144073800526844 -0.7503419267567648 -0.9845875801431405 0.1704115631619451
9.534525871276855 664516 1354.0167236328125 13.48870849609375 236341 1126.668701171875 14.444703102111816
0.9998239750494807 -0.016123249985622715 0.009582124513298514 0.0004925606238701128 -0.7887537144585571 -0.9845221061460815 0.17418071971035218
0.5 -1 0.5 0.5 -1 0.5 0.5
0.999796366085708 -0.017109441887851125 0.010692758415041482 0.0003978411453266192 -0.8267333307475485 -0.9787251431708736 0.17750383496441632
4.308152675628662 542086 952.2523193359375 5.226190567016602 229744 1054.5888671875 5.727513790130615
0.9997895915885837 -0.01695427615536187 0.01154497438883396 0.00019656434523473998 -0.8726378284061166 -0.9852349136653927 0.17672958343868855
6.152000904083252 221342 89.18054962158203 7.73466157913208 214743 132.56593322753906 9.072760581970215
0.999809428737659 -0.01588218011071561 0.011205700740821401 0.0018151675167608745 -0.923955903952651 -1.0011343187914483 0.17130930463481558
0.5 -1 0.5 0.5 -1 0.5 0.5
0.9997873036555748 -0.016691480533269888 0.012056857903509126 0.0011722219148439952 -0.9644997184407619 -0.9946417885809664 0.1722652414515272
4.754271030426025 663574 1002.224609375 5.34160041809082 228645 38.881996154785156 7.576507091522217
0.9997515731814287 -0.01776789088153785 0.013443308638915201 -0.0006094487009966488 -1.0047398101072624 -0.9823172835657454 0.17429588082390046
3.3035085201263428 -1 1007.61767578125 3.188796043395996 235312 1342.6072998046875 3.734617233276367
0.9997580920245211 -0.01717539610966215 0.013570796824937345 -0.002143985424773752 -1.053748600139345 -0.9816225849517174 0.17166327672518192
15.504205703735352 542895 77.76950073242188 22.5218505859375 622630 1438.273193359375 22.648406982421875
0.9997851618440496 -0.01626292151007397 0.012808324208804022 -0.0010461220707512087 -1.1082088025742338 -0.9894267370684845 0.1660555557396024
4.038951873779297 -1 884.830078125 7.7425079345703125 601027 1227.8067626953125 9.168137550354004
0.9997856482072542 -0.0160437283964036 0.013031101280746818 -0.001202837210086714 -1.1579156795035042 -0.9905128801274483 0.16576043464871654
4.179975509643555 565071 842.1465454101562 7.422256946563721 505666 1322.315185546875 7.433282375335693
0.9997554465471842 -0.016666725213224317 0.014135890520584646 -0.003382893598298553 -1.199954812217011 -0.9798473330537997 0.16539222843242413
5.810129165649414 565071 1019.9522094726562 5.577871322631836 -1 1307.8828125 5.762793064117432
0.9997633017439237 -0.01604497510063537 0.014021702180804929 -0.0043921666704637066 -1.251500355606528 -0.9791006626509341 0.15813219715048074
19.526687622070312 -1 55.902442932128906 85.63117980957031 241728 664.377685546875 85.27893829345703
0.9997701874694055 -0.015393491340788839 0.014219139416539437 -0.004519817029923678 -1.3117782083587723 -0.9787901974382305 0.1605335756548018
4.011206150054932 -1 770.5518188476562 4.2928056716918945 505666 850.3665771484375 4.435445308685303
0.9997124001712416 -0.017851309146058012 0.015611128796763588 -0.0035693645538146506 -1.3408175036339132 -0.9678172530144165 0.16614976479908342
2.2607908248901367 -1 1199.375 3.263132333755493 -1 1152.37109375 5.245478630065918
0.9997032229152489 -0.01817437651587437 0.01603139495811856 -0.002480424725782762 -1.3627580062011773 -0.9743851140010132 0.16622884215434716
2.461585760116577 -1 1192.2694091796875 2.461585760116577 -1 444.08367919921875 4.599106788635254
0.9997311021911041 -0.017311084876032896 0.014906204516967055 0.003981798472228259 -1.3676566272262332 -0.9977931355291944 0.15753566095697
2.728090286254883 -1 814.4492797851562 2.728090286254883 565429 1193.328125 2.3990304470062256
0.9997603342291865 -0.018824584525482708 0.010665725152866012 0.003339375143918554 -1.40462964150303 -0.9884742653287716 0.14195052448165452
158.3456573486328 620155 1171.638916015625 181.50157165527344 -1 1251.22412109375 227.07614135742188
0.999766764961497 -0.020584789627253332 0.006344846447884163 -0.001557253344059983 -1.4732384631829754 -0.9740070674973281 0.14204431061984105
140.89639282226562 663690 854.0119018554688 225.4324951171875 257202 340.331787109375 229.51284790039062
0.9998081735369705 -0.019041842668358133 0.0016731651504494319 -0.0042690601823134385 -1.5517190892453472 -0.9904250012523683 0.13278354718126853
164.64480590820312 -1 1088.27001953125 166.9188690185547 -1 720.697265625 216.33450317382812
0.9998178187202408 -0.01693740856788929 -0.002148306240454464 -0.008534538112951033 -1.6072248527117967 -1.0011751706834544 0.11606990568810886
5.884634494781494 -1 755.86572265625 11.770484924316406 241398 1169.707275390625 13.516119956970215
0.9997983662226326 -0.016128245759982306 -0.001856795279127435 -0.0118177366086541 -1.62634529795825 -1.0046687610898686 0.11994271210036211
3.990063190460205 -1 215.55563354492188 5.455894947052002 -1 229.6250457763672 5.7011213302612305
0.999709909629802 -0.018234174962001696 6.847572230868159e-05 -0.01573552549182328 -1.6389457891066843 -0.98203953043349 0.13989613237955856
115.89973449707031 -1 1274.3702392578125 133.51220703125 309519 909.8700561523438 134.4166259765625
0.9995277703670534 -0.023532878420541678 -0.0033919308427264494 -0.019466245232944213 -1.7079392157523743 -0.9377521090281553 0.1453504933587756
20.528850555419922 268563 999.57373046875 143.0623016357422 -1 1004.5237426757812 166.7371368408203
0.9995552404858253 -0.024075037450794683 -0.005266842190377829 -0.016792086303032073 -1.7751319523495341 -0.9471647600613884 0.13738207449782272
0.5152006149291992 -1 0.5150412321090698 0.5152006149291992 -1 0.5150412321090698 0.5152006149291992
0.9996533452369794 -0.021867585811520665 -0.004981901785738804 -0.013790529427456883 -1.8293212708731064 -0.9706963068282296 0.12292801790635967
200.16152954101562 -1 649.54296875 200.16152954101562 -1 1137.31005859375 210.6884307861328
0.9996418323267866 -0.02077155035979744 -0.004257707898320412 -0.016328554175056936 -1.9121505481097651 -0.953472094188825 0.10934267294791608
4.008971214294434 -1 952.1434936523438 6.0994486808776855 -1 483.64947509765625 8.447810173034668
0.9997338709543991 -0.0174506033910203 0.00033287210516065824 -0.015084856777035374 -1.967690636831947 -0.9720916671751617 0.11733767536703434
86.6513671875 -1 124.41941833496094 244.3109588623047 -1 598.0211181640625 254.49180603027344
0.9997450921949118 -0.01557071127278664 0.0009344114845334713 -0.01632269762705725 -2.040367130163813 -0.9891139478232766 0.10863203439507105
98.56063842773438 663690 663.8359985351562 110.9102554321289 268154 105.26901245117188 125.80967712402344
0.999746861137977 -0.016267673690366358 0.0008582453430856284 -0.015519015832119645 -2.1192976939933046 -1.0066653689369849 0.10591601487599941
266.0489501953125 -1 870.4924926757812 297.02239990234375 -1 870.4924926757812 297.02239990234375
0.999736462737109 -0.01666355498331938 0.0015636572502434022 -0.01571260593328299 -2.198796266588795 -1.017343465131685 0.10810333506544106
222.85861206054688 531020 490.706787109375 225.7706298828125 -1 96.66744995117188 243.45770263671875
0.9997113449967969 -0.016260353918668428 0.0015066830673089687 -0.01762264115477366 -2.280733871973853 -1.019415972649794 0.10378132492860405
200.7949981689453 -1 974.7999877929688 247.5550079345703 309493 488.9504089355469 265.69464111328125
0.9996879809540411 -0.017188630536842255 0.001528606724820808 -0.01805976405664513 -2.3503223797611565 -1.0142671454389647 0.10197311391642765
108.02462768554688 -1 1146.15576171875 185.8262481689453 690989 894.5685424804688 198.5904998779297
0.9996650980330763 -0.018081455007159856 0.0019673370745920274 -0.01840875726873336 -2.4053791411697367 -1.0021188406889068 0.10336665044508882
3.5158934593200684 -1 1022.5222778320312 5.033200740814209 -1 433.5207824707031 10.155141830444336
0.9996672050945119 -0.017205000420297954 0.0028477798523399637 -0.01900939685990847 -2.4613566256350796 -0.9992261509379579 0.10424081231393045
11.347184181213379 -1 1010.2015991210938 20.898780822753906 269140 1010.2015991210938 20.898780822753906
0.9996874638957366 -0.01664428629856266 0.0025667955756340623 -0.01847576314512342 -2.51905578544101 -0.9944580066302889 0.09678888923722725
135.58421325683594 268564 1140.7662353515625 162.44789123535156 -1 1057.3692626953125 201.6537322998047
0.9997093600878204 -0.01703669324907082 0.0015556606882834347 -0.016986063574619494 -2.5880493102508515 -0.9870417360206474 0.08786685238156026
89.05201721191406 -1 1110.026611328125 170.1071014404297 647838 1098.459228515625 185.47364807128906
0.9997464290831715 -0.016386578935671532 0.0017057909250675835 -0.015350825500674766 -2.6465243561521623 -0.9880827311166975 0.08137227056494067
3.323458433151245 -1 743.812255859375 6.118370056152344 -1 934.2201538085938 8.362750053405762
0.9997953862727017 -0.015331305492434595 0.002873330063981889 -0.012879465596848215 -2.688496649453683 -1.0004959105421387 0.07875373724288989
4.0074334144592285 281974 743.6162109375 4.0074334144592285 274530 855.5320434570312 4.246443748474121
0.9998270027742989 -0.014871780849187709 0.003721682113294909 -0.010532983432228362 -2.7235361390573387 -1.0079428239427097 0.07659657777033477
2.78529691696167 717147 295.43511962890625 4.765817165374756 541485 1570.2939453125 5.4061384201049805
0.9998457165157669 -0.014850531339031582 0.004876124877066049 -0.008014255436681347 -2.7507101257218167 -1.013944039882584 0.07941715105318511
1.0614395141601562 280826 642.4793701171875 2.482016086578369 663628 294.7217712402344 3.552924633026123
0.9998488775480021 -0.014933727061084428 0.0053681987163844355 -0.007098471990993604 -2.7890041517799093 -1.011994052586125 0.08105218981596109
3.414369821548462 283364 633.5223388671875 3.9098405838012695 280826 833.2975463867188 3.5011146068573
0.9998589735427655 -0.015292009010573189 0.0051864609222994126 -0.004613903935862857 -2.8334056777086247 -1.0143583617121648 0.08130633317564064
69.55094909667969 -1 571.5029296875 99.68290710449219 518839 571.5029296875 99.68290710449219
0.9998565438426303 -0.01588801457929635 0.0048771980738347475 -0.003267363883457168 -2.879340232409045 -1.018234778259371 0.08079247772284306
6.384500980377197 -1 837.50537109375 6.384500980377197 286426 222.50245666503906 7.261422634124756
0.9998779725574959 -0.014258898707250705 0.005688781501986953 -0.0028916374237792685 -2.9371166273796936 -1.0356590901487086 0.07655695518481886
33.152591705322266 -1 459.8357849121094 41.58031463623047 -1 464.26007080078125 45.374935150146484
0.9998830172438664 -0.01347648339794063 0.006577856825813043 -0.0030113156769434927 -2.9985198465454923 -1.0421249290497459 0.07299578749377704
201.4913787841797 291747 641.5244140625 207.6666259765625 605781 860.5516357421875 227.4459228515625
0.9998574079606081 -0.014331898173919588 0.007767344230467555 -0.0044078117736830276 -3.069389517979135 -1.0259856521308937 0.07706172123184954
207.3019561767578 731666 842.1934814453125 207.3019561767578 290243 882.97216796875 209.60731506347656
0.9998406262540357 -0.014133991287261265 0.008237719522040603 -0.0071478919483695235 -3.141974169931051 -1.005392471393847 0.07424674802842336
214.52401733398438 -1 892.6153564453125 219.05096435546875 680760 851.1680297851562 256.9283752441406
0.9998501477765125 -0.012631375587921564 0.007779621451243571 -0.008922322125909713 -3.2297653907022084 -1.0044317271877945 0.05767192405682078
182.59730529785156 -1 985.72314453125 354.8865661621094 -1 869.3064575195312 358.0471496582031
0.9998734362141483 -0.009935376989319216 0.006704597712058351 -0.010461749706007745 -3.3189831213865646 -1.0135230280196261 0.0317738037336042
86.30570220947266 -1 803.506103515625 170.69642639160156 -1 707.863525390625 246.51463317871094
0.9998752780066997 -0.007931017605717183 0.006752103994389142 -0.011871667212804993 -3.3862520914566603 -1.0198080085846266 0.019576246104506905
86.35393524169922 535833 105.3659896850586 112.47941589355469 708633 772.6801147460938 148.49530029296875
0.9998618225135139 -0.007015215265482456 0.0066761844487661995 -0.01351115079997072 -3.4425079223668256 -1.0174796961485968 0.006203267721721778
26.908174514770508 -1 268.9404296875 51.37177276611328 634789 564.5737915039062 64.13929748535156
0.9998606874878178 -0.006540968456182122 0.00664203658479118 -0.013845746568900051 -3.484702747299914 -1.0242733982541294 -0.006732861698729391
41.8806266784668 634789 553.9889526367188 43.616580963134766 298988 289.1539306640625 46.14392852783203
0.9998597052410204 -0.004520533324798268 0.006512277044902725 -0.014755502752863078 -3.5292980474200517 -1.0377181653677248 -0.021170558463775392
19.718700408935547 647036 464.6925354003906 39.04534149169922 -1 209.8136749267578 54.93830871582031
0.9998632213273159 -0.003158279897618992 0.005502563139016373 -0.015273693199501481 -3.580874049892645 -1.0496138503110355 -0.038480122224911095
262.6147766113281 -1 823.3995361328125 262.6147766113281 -1 516.0201416015625 263.8827819824219
0.9998265012971134 -0.004341935139140433 0.004473796656156356 -0.0175527788882691 -3.6447191964386065 -1.028619995426673 -0.048849985400207074
3.553715944290161 -1 984.3547973632812 4.129823207855225 288875 355.74554443359375 4.7720947265625
0.9997672793476013 -0.005217181052004912 0.004971415679948854 -0.02033354848281839 -3.6978731814599675 -1.0019596082314277 -0.046717186310736146
4.07822322845459 -1 846.240966796875 4.8660173416137695 -1 957.9454956054688 6.409039497375488
0.9997552239743127 -0.005336741226233613 0.005273427941776814 -0.020813512123121134 -3.755664345314026 -0.9975093121894409 -0.04917033194588009
0.6739120483398438 -1 0.6744180917739868 0.6739120483398438 -1 0.6744180917739868 0.6739120483398438
0.9997558675414911 -0.004983158785390261 0.004347555767250296 -0.02108250942679578 -3.8260301256751377 -0.9933175982391373 -0.06033772854208599
310.5175476074219 299522 1047.90478515625 332.5108642578125 321910 981.5322265625 337.787109375
0.9996889282683208 -0.004237464002369318 0.003878504472295177 -0.024270306953623817 -3.894970942339397 -0.9701717146563474 -0.0679448055170488
251.33126831054688 -1 355.5327453613281 252.9270782470703 -1 730.0810546875 286.9632263183594
0.9995544731359498 -0.0031238891412628143 0.00504322816208183 -0.029251707646770646 -3.959197121617795 -0.9393864868561249 -0.06782822518174057
159.94830322265625 -1 442.8169860839844 159.94830322265625 -1 1025.8253173828125 272.96551513671875
0.9994613895514982 -0.003151577498034823 0.005456000933421327 -0.03220606167908063 -4.0191970672135255 -0.9225303160826693 -0.0712775137132654
156.8480224609375 -1 928.2766723632812 232.58392333984375 -1 931.021728515625 258.15570068359375
0.9994510599442616 -0.0050632053245273 0.003769832568086986 -0.03252277802620928 -4.092632038769816 -0.9084557079664849 -0.081670728495602
0.5315264463424683 -1 0.5316977500915527 0.5315264463424683 -1 0.5316977500915527 0.5315264463424683
0.9994388798682188 -0.006852885271885536 0.0011272305808168943 -0.032767250760906176 -4.17123329214441 -0.8924243652471149 -0.09342970042095308
99.23086547851562 -1 1500.5888671875 148.87184143066406 -1 1495.569091796875 150.41976928710938
0.9994218742234524 -0.006875672121433278 0.0012250702837256478 -0.033273738283519746 -4.244253172549881 -0.8855784259979081 -0.08903213850026674
140.46905517578125 694018 1203.5592041015625 166.7165069580078 717784 83.3957290649414 167.39828491210938
0.9993463865452866 -0.007199397896919709 0.0026436882252283238 -0.03532675022370823 -4.312814214328702 -0.863531745644872 -0.0761172075052796
110.69451904296875 -1 1594.7047119140625 138.43540954589844 -1 406.6529235839844 258.5338439941406
0.9991249439681535 -0.009010623822058583 0.001610376980662256 -0.04081129359566622 -4.40025256185886 -0.8034285069557991 -0.07972547973579357
201.2103271484375 -1 1062.34814453125 232.70480346679688 -1 676.7850341796875 323.061767578125
0.998953054372916 -0.010783119176581642 0.0006125257477768855 -0.04445384473871579 -4.48567663501621 -0.759775431023679 -0.08627021127971414
203.97549438476562 404459 1569.44970703125 205.49427795410156 367135 1569.44970703125 205.49427795410156
0.9989134486797442 -0.010746677718689989 -0.000531949393374432 -0.04534476810607401 -4.571494788680995 -0.7446090699216592 -0.10026829980907917
144.41036987304688 -1 1503.6962890625 151.46661376953125 -1 1540.483154296875 216.72451782226562
0.9987527654765468 -0.010564587509862076 -0.0027177189660946145 -0.048722858570876645 -4.667489005410138 -0.7091658725364759 -0.12086560592443918
213.39808654785156 384186 606.3243408203125 312.4516906738281 -1 1074.0548095703125 357.679443359375
0.9986060280334808 -0.010897150792927418 -0.004897195375486944 -0.051412745085684636 -4.77064809738805 -0.6778766648590197 -0.14529006826500218
311.25360107421875 -1 738.1832275390625 315.36309814453125 -1 583.8643188476562 324.8469543457031
0.9984710304341584 -0.009820172451358114 -0.005494412023415738 -0.054120024328271114 -4.86172503695227 -0.6563312475143718 -0.16115045694128924
186.66024780273438 -1 1147.3878173828125 322.2562255859375 -1 1192.59521484375 340.9451599121094
0.9983671782254289 -0.007648473992363446 -0.0055802066287997856 -0.05633240259178341 -4.940270754476373 -0.6446814529729079 -0.1766505580655167
109.72064971923828 -1 749.4216918945312 184.45416259765625 -1 1157.3199462890625 351.51019287109375
0.9982280464260866 -0.007859756991819181 -0.005505422721607841 -0.0587254788745457 -5.018425539062412 -0.614359828671182 -0.17866360176396434
111.56266021728516 -1 1274.1915283203125 141.0976104736328 -1 1274.1915283203125 141.0976104736328
0.9980918754755884 -0.010405249207055536 -0.005502864759508863 -0.060614003151089564 -5.091896756930129 -0.5772664913959296 -0.1764466655217178
129.22862243652344 -1 828.8974609375 153.4658203125 -1 1200.59765625 217.81954956054688
0.9979576432354027 -0.0109594396027332 -0.004419943490801805 -0.06277656482456515 -5.15629830808848 -0.5460513679080958 -0.16514333570940967
195.6849822998047 -1 1181.67041015625 302.14495849609375 376949 1191.4755859375 302.0118713378906
0.9978842184096621 -0.01132915717335497 -0.0045869820174541664 -0.06385684335019334 -5.2243435297776575 -0.5266985153680601 -0.16576905596657815
152.39524841308594 -1 1387.844970703125 169.39503479003906 -1 1135.980224609375 188.95947265625
0.9977401724829306 -0.01356274105225698 -0.004948316381948555 -0.06562099080222374 -5.298224298095688 -0.4911807325471543 -0.1580158587669664
149.27276611328125 -1 1098.8585205078125 202.49716186523438 374970 1130.7652587890625 207.18954467773438
0.9976292339704257 -0.014432379023418087 -0.008218794343867348 -0.06678375088926508 -5.40165363564247 -0.4633280583757732 -0.17675879290381494
193.9582061767578 694038 1130.280029296875 229.64950561523438 372945 1194.1727294921875 232.3754425048828
0.9977215826625045 -0.013088725693358996 -0.009761946365296053 -0.06546016462179223 -5.485840950765141 -0.47449046990870664 -0.18798717060920944
167.2300262451172 695335 1069.955078125 169.9989471435547 -1 1346.3265380859375 179.05413818359375
0.9976907655871168 -0.01298968741949243 -0.012772792482404753 -0.06543133847888233 -5.564372674656929 -0.47257140360848765 -0.22003073934569703
152.5192108154297 -1 1077.349853515625 217.47633361816406 464580 967.702392578125 221.02835083007812
0.9977647653134566 -0.013118846326862202 -0.013619510613506577 -0.06409272892211448 -5.632462632383519 -0.4851777376924611 -0.22727938432141684
202.4710235595703 -1 1036.9759521484375 238.31190490722656 -1 993.512451171875 240.1808624267578
0.9976951937909819 -0.011030240433171674 -0.015027935247014332 -0.06524412038316542 -5.709263712053799 -0.48385048316958534 -0.24650753011769239
0.5 -1 0.5 0.5 -1 0.5 0.5
0.9978158849738094 -0.010072679155605889 -0.017955452302722455 -0.06276625336250954 -5.782374187242024 -0.5168155564934985 -0.2776578641661651
192.0919647216797 375687 922.8590087890625 192.0919647216797 398286 896.4591064453125 218.51454162597656
0.9977890196437894 -0.011149566519566702 -0.020549620865157266 -0.0622131218233712 -5.84471460371907 -0.5107723673178886 -0.29596651552000125
191.5681610107422 391200 917.7616577148438 197.21620178222656 728308 864.287109375 217.69285583496094
0.9976486033290548 -0.013216080104717256 -0.021710204599606934 -0.06364956023803545 -5.89313794771845 -0.4747922916726524 -0.29426846746951835
11.308184623718262 -1 1068.1678466796875 32.27370834350586 -1 1010.457763671875 132.04656982421875
0.9975987289938643 -0.013146152768593008 -0.022529005806519734 -0.06415916516431111 -5.9204434020050885 -0.4649743702038436 -0.29616913777113707
2.4349331855773926 720260 1028.5928955078125 2.8033604621887207 -1 961.2627563476562 3.441027879714966
0.9976518327811436 -0.011059775722316124 -0.023451211563611764 -0.0633919757192974 -5.927143744501837 -0.486856438278919 -0.3062792938988228
2.926481008529663 -1 215.03358459472656 3.998044490814209 -1 822.4185791015625 4.1096673011779785
0.9976392416193541 -0.010449073629901932 -0.024964529791148295 -0.06311523345234299 -5.921875287835406 -0.49654757217003187 -0.3215034358015193
3.866764783859253 384778 724.4139404296875 4.376014232635498 -1 665.298828125 6.128044605255127
0.9976990950215758 -0.011342236718860418 -0.02389458911966286 -0.06242529992034059 -5.89177051254809 -0.5078139159954073 -0.30422115508637704
231.62274169921875 -1 909.6788330078125 233.53982543945312 393014 888.2255249023438 240.56871032714844
0.9977165082228954 -0.011961956051507154 -0.023062495196220008 -0.062344223006300846 -5.850165115329746 -0.5185287446646163 -0.2952733207419863
142.5889129638672 -1 1374.569580078125 158.5968780517578 -1 871.2081909179688 186.48211669921875
0.9977832849729368 -0.010284277290980451 -0.023405968408788093 -0.061440300390413274 -5.792356913426423 -0.5569304289600595 -0.3003722069862955
185.3816680908203 729361 1081.3536376953125 216.18568420410156 -1 930.306640625 219.5522003173828
0.997899595505533 -0.008232242323440633 -0.02308134951177008 -0.05996564667322013 -5.7347291452369555 -0.5975820343065923 -0.29201579688569906
176.85560607910156 389829 1174.208740234375 184.4549560546875 -1 369.7627868652344 198.63816833496094
0.9979824099076632 -0.00719713801203832 -0.023578507595563764 -0.05850952656529058 -5.671359986256133 -0.6301295406561944 -0.29101724276526003
147.6402130126953 443688 905.1463623046875 196.28807067871094 374970 960.3841552734375 216.07546997070312
0.998183038050522 -0.006407032061004842 -0.023660805015775353 -0.0550430630906843 -5.576417718754107 -0.6854441485542102 -0.28598968097047195
163.19801330566406 326067 1039.427978515625 204.27650451660156 -1 978.0399780273438 256.6404724121094
0.9984204849237863 -0.005859150391939152 -0.023581579252471396 -0.0506568333119601 -5.476710812134139 -0.746152937870089 -0.2845089924298313
138.437744140625 443688 1033.7159423828125 169.69325256347656 -1 511.02667236328125 169.94378662109375
0.9986053642218525 -0.005628116199801537 -0.02430238176020345 -0.046530045090931844 -5.388489838226738 -0.7995506130562697 -0.2858934939833273
159.73590087890625 326067 1035.6181640625 302.7950134277344 706937 1017.5943603515625 304.53472900390625
0.9987424361543834 -0.0053647715005750085 -0.025203506958195794 -0.0430063796216589 -5.292095877587417 -0.8436538322401882 -0.28790752896716487
161.53500366210938 326067 1069.9150390625 305.6839294433594 -1 901.062744140625 313.9039306640625
0.998806751577137 -0.006230249371712906 -0.026268871058057388 -0.04069647908638716 -5.2084806769156895 -0.8705159753234518 -0.2917191399618772
173.49232482910156 -1 1112.05224609375 200.61595153808594 368742 278.24169921875 264.8256530761719
0.9988505356842617 -0.006884416603824104 -0.026796364778217757 -0.039142904924916865 -5.110584722566606 -0.8998154657024408 -0.292407487419215
163.15940856933594 326067 1190.5421142578125 172.4908905029297 694038 1211.868896484375 284.1295166015625
0.9989291209415555 -0.006286469850616844 -0.0264861054302468 -0.03741093223760194 -5.020181096745172 -0.9338079824182277 -0.28526500438455177
134.45962524414062 -1 1242.6497802734375 202.0718994140625 372945 1226.2847900390625 203.94935607910156
0.998934140395126 -0.007055745835341563 -0.027029908353504124 -0.03674484532773342 -4.933849672364846 -0.9450258128829473 -0.284607899795409
158.9332275390625 326067 1010.451416015625 320.15802001953125 374653 1013.3865966796875 323.3395080566406
0.9989771658468374 -0.008572683776665348 -0.026444907285757463 -0.0356622782241073 -4.82578207198426 -0.9535827698626946 -0.27323983245392547
164.46316528320312 326067 1059.595947265625 325.0242004394531 374653 1061.8707275390625 327.5092468261719
0.9989594426911832 -0.009563478449347186 -0.02841121921644851 -0.03437112684659282 -4.719022857868855 -0.9688937775280658 -0.2924855142858297
125.50724029541016 721265 1372.0673828125 218.9392547607422 367136 1296.3748779296875 305.6221923828125
0.9990606009640245 -0.009122617936369837 -0.030000123454554658 -0.029911302815168128 -4.614742617983818 -1.0208000456740112 -0.3081486674747128
220.3713836669922 380205 1068.14013671875 271.878662109375 -1 1072.298583984375 335.314697265625
0.9992334007280481 -0.006963464192418489 -0.02850872578115116 -0.02591087783607414 -4.477200751858985 -1.0733080337066663 -0.2966478999056365
207.9473114013672 -1 667.4347534179688 229.89170837402344 323388 845.6102294921875 318.6174011230469
0.9992593372811812 -0.008046644106805285 -0.02934918809032188 -0.02355108348742947 -4.383682536020821 -1.0899503297961195 -0.30030977044192403
156.16880798339844 -1 1108.976318359375 210.05941772460938 -1 494.8500671386719 243.783203125
0.9992777001849944 -0.010899677489081121 -0.03081596661040996 -0.019381721943327403 -4.299032515114222 -1.1116820715907532 -0.3056093169693811
237.61099243164062 -1 726.365966796875 294.1217041015625 -1 366.5315246582031 318.1349182128906
0.9993030802650503 -0.01208724442634934 -0.030941973986752736 -0.01702488005136747 -4.219485212842644 -1.1269070829936156 -0.3041490174627848
169.15106201171875 717784 805.7571411132812 170.77957153320312 -1 803.3253173828125 179.31536865234375
0.9992897177918748 -0.012528633722514481 -0.0316438181133847 -0.01617906139705161 -4.166870580158309 -1.1372230470711562 -0.31153820018704903
4.332740783691406 -1 1197.500732421875 5.317377090454102 -1 1033.81494140625 6.208412170410156
0.9992498963580737 -0.011815416185916791 -0.03362599842151809 -0.015143737943079461 -4.110337359317789 -1.1568759909281343 -0.3306565623904179
5.5722856521606445 681050 1405.73974609375 6.559733867645264 -1 1199.9654541015625 16.52618408203125
0.9992453683223591 -0.010843081415110357 -0.034739062120604534 -0.013576414648916024 -4.047587154468289 -1.1747321811453397 -0.3413081052965593
239.01246643066406 323388 165.9127197265625 270.8142395019531 -1 165.9127197265625 270.8142395019531
0.9992906094685984 -0.011434357434513423 -0.03377518980905123 -0.012114860762706042 -3.961699104441417 -1.1772156006391865 -0.3280150674855181
178.89529418945312 -1 556.4435424804688 270.8442687988281 -1 287.8529968261719 277.1424865722656
0.9992975552230756 -0.012523535972103463 -0.03382739383372156 -0.01016191902929454 -3.8676595542509946 -1.1783949766743298 -0.3221577629140439
257.8146057128906 -1 603.1871337890625 283.1748962402344 320777 279.0065612792969 284.13897705078125
0.9993227796373904 -0.013463968789870535 -0.03328277257584654 -0.008059819594114887 -3.7649772285555887 -1.1861514367439605 -0.31380687206888125
109.35041046142578 -1 400.7606201171875 292.0584411621094 -1 767.0623168945312 322.46484375
0.9993306393898321 -0.014133051190312818 -0.03288286726248983 -0.007566180103519769 -3.676454796201986 -1.188575313740817 -0.3058817478649076
286.738525390625 373815 810.1073608398438 292.26202392578125 318206 387.8950500488281 294.56414794921875
0.999340167955825 -0.014377312367043652 -0.0328040171506064 -0.0060347376004942326 -3.587570809871014 -1.197619884487395 -0.30043340750374664
289.99822998046875 -1 1128.1112060546875 300.4442443847656 -1 1128.1112060546875 300.4442443847656
0.9993711361473693 -0.014546361185322631 -0.03206487423599817 -0.004192785710281724 -3.4847543038301176 -1.2029786020049418 -0.2993021281755155
301.5069580078125 -1 740.1747436523438 308.1849060058594 -1 777.4659423828125 316.5498352050781
0.9993722387270296 -0.014425135734107853 -0.0321272645198617 -0.0038578226045680435 -3.391747925100277 -1.1986915085349943 -0.30420852885192984
255.71011352539062 -1 630.9060668945312 293.3573913574219 -1 565.018798828125 315.22088623046875
0.999402778232568 -0.014133762724136554 -0.03136688971968522 -0.0032313838514752852 -3.304943431999712 -1.1984759447607627 -0.3041212571031327
267.58282470703125 -1 611.9599609375 284.7147521972656 730941 974.7568969726562 294.1048583984375
0.9993943300629282 -0.01418132965768965 -0.031774656646078876 -0.00048386179302413516 -3.227110963121365 -1.2093800979469311 -0.3106303762026621
227.85081481933594 -1 619.2106323242188 234.03512573242188 -1 842.983154296875 289.1640625
0.999421187826651 -0.013815985734413748 -0.031019344504470553 -0.002051372190864254 -3.164496889914163 -1.1948706089682002 -0.30687622658476416
80.36861419677734 -1 1528.290771484375 80.36861419677734 -1 1545.9775390625 157.62245178222656
0.9994229173542106 -0.014293463345092646 -0.030543245629872245 -0.0040791321619377575 -3.1009297159682725 -1.1720409036464567 -0.30381413291139997
2.524954319000244 -1 113.5035400390625 164.36683654785156 -1 633.0610961914062 211.31385803222656
0.9994283589570337 -0.015624840858084944 -0.02970067800336935 -0.004085264587534198 -3.027664979319299 -1.1578439215572986 -0.305240684222492
216.86740112304688 292100 766.4546508789062 239.45889282226562 -1 731.0272216796875 243.6096954345703
0.9994734370943498 -0.015433598853951245 -0.02803694929728283 -0.005346217665234016 -2.952288495814048 -1.1458832806539654 -0.30355185883486724
289.1131591796875 -1 1381.28369140625 302.81939697265625 -1 818.1104736328125 304.1120910644531
0.9995032182062874 -0.01470548198786197 -0.027289202103601397 -0.005689028329018256 -2.883703003844281 -1.1414395240492674 -0.3060208097270022
114.57135009765625 -1 927.98681640625 127.93876647949219 730745 491.6531066894531 194.53775024414062
0.9994907603727939 -0.014721317513935366 -0.028079747569109113 -0.00360978067523882 -2.8166408433081647 -1.1488718881602056 -0.31662171519870486
231.05404663085938 -1 842.407470703125 249.39833068847656 296968 769.3671264648438 262.27667236328125
0.9995224254095452 -0.013974159921589345 -0.027277316194779532 -0.003948668017967152 -2.7467392485724718 -1.150129097171171 -0.31431318784421924
88.34024047851562 683586 572.1976318359375 90.869140625 -1 943.2658081054688 103.43817138671875
0.9995417470016311 -0.013061778274485071 -0.02710846250430341 -0.0032889527038439245 -2.685939526787286 -1.1542872792955179 -0.3173120427456794
35.872493743896484 240939 782.4949951171875 50.98095703125 258211 916.0333862304688 56.927581787109375
0.9995036288823905 -0.014082295328151934 -0.0281369277556412 -0.001580539685468836 -2.6319124489391372 -1.15628201633963 -0.32300765241183343
9.550236701965332 287043 684.4249267578125 60.3402099609375 -1 683.420654296875 64.27487182617188
0.9995132219547802 -0.01436229940851093 -0.02756823584383903 -0.0026525206376481997 -2.580673985952543 -1.151978555155018 -0.3249585905789807
64.06396484375 273286 1103.989013671875 80.5583724975586 -1 764.3423461914062 113.1973648071289
0.9995441512748381 -0.013071862164747369 -0.02701470249734966 -0.0032896687963043106 -2.5299095539284493 -1.1577260073576414 -0.3306113628377914
4.6984429359436035 -1 641.70068359375 9.900599479675293 229828 830.5267944335938 10.481071472167969
0.9995407209204686 -0.011172632968213993 -0.028005276928701264 -0.003037097050497114 -2.4827839710762127 -1.1678741135365662 -0.34127021595231294
4.429023265838623 -1 849.6541748046875 9.365489959716797 639009 849.6541748046875 9.365489959716797
0.9995576456224745 -0.01023785361302896 -0.027644425891663067 -0.003935117301211757 -2.4280438283283385 -1.1652158419113112 -0.338813974500898
82.40568542480469 269094 1053.4931640625 120.88072967529297 256695 769.9853515625 170.9002227783203
0.9995663885823197 -0.011401835830260497 -0.0267647628778181 -0.004547573451073407 -2.371299794092622 -1.1489795406751402 -0.3341954303888366
118.89523315429688 -1 1135.40234375 153.12924194335938 -1 445.94384765625 160.54530334472656
0.9995268181734906 -0.013309518002097672 -0.027308289706241592 -0.004822218975703841 -2.315741002774857 -1.1320633640389486 -0.32907559789544527
5.7999725341796875 -1 135.20811462402344 7.006749153137207 -1 935.6953735351562 6.837225914001465
0.999480644593706 -0.014173945156905525 -0.02835129630587368 -0.005808989500372329 -2.2724544681722696 -1.1185969660130304 -0.33095642869127334
2.4600906372070312 -1 869.3834228515625 4.23387336730957 -1 925.548095703125 6.086434841156006
0.9994470903244931 -0.014985819572800655 -0.029338310166995885 -0.004494709131999934 -2.223615369550379 -1.1203828816738945 -0.32767889983971116
4.145755290985107 -1 995.1758422851562 10.092815399169922 -1 1073.7799072265625 13.042903900146484
0.9994300871453495 -0.014937128097115913 -0.02991779685161535 -0.004616117892207164 -2.171129987681144 -1.120466119217199 -0.3281916154571216
77.93404388427734 647838 1117.75439453125 90.29812622070312 -1 1319.9376220703125 96.02468872070312
0.9994412759964754 -0.014939533895768029 -0.029324968806813727 -0.005830297247460497 -2.114632902156231 -1.1193169137004861 -0.32323217350545896
4.834466457366943 -1 1339.19384765625 74.40007781982422 273286 974.8145751953125 117.6547622680664
0.9994726003225601 -0.014271525289577092 -0.02864561046182905 -0.00550216063363399 -2.0489836069952885 -1.129339315046226 -0.32086484161042733
108.50401306152344 -1 486.3425598144531 133.3750457763672 -1 1183.9371337890625 157.82693481445312
0.9994794893768091 -0.013510196786074383 -0.02870400914367826 -0.005857026289353683 -1.9841345876459673 -1.137647590026124 -0.32126061072770123
168.69097900390625 -1 1264.9454345703125 178.9761199951172 634797 1206.3853759765625 195.51641845703125
0.9994625807384705 -0.013674023370382463 -0.029369421336867207 -0.005000787817950311 -1.9162270427554837 -1.1462580148075188 -0.3184498178358485
131.1431121826172 257732 1292.0416259765625 141.89193725585938 256695 1266.3575439453125 168.9832000732422
0.9994652361398625 -0.014214465981909126 -0.02901652133508137 -0.0050231657695881055 -1.8424191457968928 -1.1513722413374683 -0.3152487762731335
101.33264923095703 256689 1421.0198974609375 146.00872802734375 267130 1276.7149658203125 151.42919921875
0.9994259404098406 -0.014613964478041403 -0.03043913547313573 -0.002771409350620402 -1.7794293589673016 -1.16559146501354 -0.3171379352494226
6.309225082397461 -1 643.8651123046875 11.00704288482666 262326 1098.7333984375 12.698978424072266
0.9993153226177922 -0.014232601049151224 -0.03414868652901947 -0.0004315750417316231 -1.7301932159991122 -1.1780792309642465 -0.3282212836691865
4.355338096618652 -1 588.8348388671875 4.355338096618652 -1 676.392333984375 4.5667724609375
0.999268288164902 -0.014232919478184123 -0.03544057027251237 -0.002068393065495758 -1.6835409527462453 -1.1748246407118168 -0.33043450990202505
71.54463958740234 -1 1189.747802734375 104.91163635253906 -1 1189.747802734375 104.91163635253906
0.9992742264388883 -0.014349619984984857 -0.03518240035816927 -0.0027032362614943482 -1.6317771611242256 -1.174945711954608 -0.32763963905650845
4.591866970062256 -1 525.7029418945312 7.922698497772217 262325 735.0549926757812 8.655149459838867
0.9991533187613175 -0.015393873437670277 -0.03815269078027744 -0.00021553434636433064 -1.5883247888654588 -1.1718321954073236 -0.3366110947183564
3.171609401702881 -1 423.94500732421875 4.454250335693359 -1 377.3218078613281 5.552476406097412
0.9990548076520233 -0.016578654852863504 -0.04017105485971705 0.0009622172863779714 -1.5554851111591594 -1.1651993617007301 -0.3337661600946153
3.8614134788513184 265206 577.1477661132812 10.702714920043945 229670 662.1526489257812 11.772429466247559
0.9991552169355022 -0.016775406936774984 -0.03731212995864628 0.003904247766747353 -1.4921593641026956 -1.1743883915742255 -0.3124105293561098
208.03330993652344 515607 1469.0169677734375 210.4980926513672 634797 419.2159118652344 233.6525115966797
0.9992080283547107 -0.01572480930258794 -0.036298610958404726 0.004296194406628603 -1.4424232149536131 -1.1772791548853832 -0.31417447498194
6.782243251800537 -1 1133.4947509765625 7.495889186859131 268565 734.3553466796875 48.04643249511719
0.9992304664711443 -0.016736622471069534 -0.034950805293396656 0.006066428394317603 -1.3816184121787165 -1.1802770049873437 -0.31905727698347125
66.85047912597656 -1 1110.3984375 191.9911346435547 -1 418.2388000488281 227.5657501220703
0.9993474671429706 -0.017795770636651356 -0.030295373247548458 0.008375011771271177 -1.2798248347673673 -1.1818624742506478 -0.3152132173117081
292.4116516113281 -1 666.943603515625 298.5276794433594 -1 671.7955932617188 298.8609313964844
0.999337359549365 -0.016879390718889407 -0.027630993210806393 0.016626971824323097 -1.165179577007476 -1.202284408354399 -0.31216671933400497
22.0180606842041 255335 691.1062622070312 195.09786987304688 -1 702.244384765625 228.51014709472656
0.9990252411161389 -0.018071024168713146 -0.030075763642702057 0.026785334413499604 -1.075308112832198 -1.2068816012908392 -0.32378854556205916
117.68402099609375 -1 597.3114013671875 124.7984848022461 -1 650.1569213867188 146.01718139648438
0.9988028529729838 -0.02083166571158951 -0.02977187698758614 0.03274962499548293 -0.9794863691547663 -1.1980655175776636 -0.3257599669009829
207.8961181640625 -1 814.4022827148438 228.92340087890625 -1 769.7302856445312 249.15916442871094
0.9987522330847803 -0.021588903023529952 -0.023732094359073835 0.0382711885331164 -0.8435121060436052 -1.2096568525551796 -0.3279711157675989
248.2562255859375 -1 568.0919799804688 250.041015625 -1 926.0814208984375 256.0213623046875
0.9989733511179122 -0.018249155877232647 -0.019085568685870993 0.03680968804477998 -0.7034351329330817 -1.229382170863016 -0.3191225188699969
220.0510711669922 -1 1395.385009765625 254.8558807373047 -1 664.0716552734375 271.020263671875
0.9989941413825488 -0.017681978138822985 -0.020384427131652307 0.03581240375842635 -0.6096893031038629 -1.2249526329437175 -0.31253328290553717
84.2074203491211 -1 670.3153076171875 91.79568481445312 -1 604.1646728515625 105.97210693359375
0.9989039276961726 -0.02011288729293046 -0.024844771310960412 0.034192869672018004 -0.5377919636311413 -1.207210679553005 -0.3162808221696168
0.5 -1 0.5 0.5 -1 0.5 0.5
0.9990181339919811 -0.01919979609696132 -0.02859426743968664 0.02786581516128396 -0.4920143238804186 -1.2068467536172207 -0.33190232052721724
3.859147071838379 -1 627.9164428710938 3.859147071838379 -1 652.9821166992188 25.37579345703125
0.9991738153731978 -0.014608715281147804 -0.029119171616905665 0.024297035925119472 -0.42199832762056494 -1.2392749455520404 -0.34867727305903146
12.575486183166504 -1 763.3297119140625 45.9550666809082 -1 900.5079956054688 47.77975845336914
0.9990960715410514 -0.011541526631940151 -0.032367281058374206 0.025023830864418697 -0.35253130486621514 -1.2593512422562065 -0.36175005192859744
78.55601501464844 -1 862.0249633789062 189.7541961669922 -1 816.7816772460938 204.14305114746094
0.999086681277816 -0.010215637045193618 -0.032886622923103744 0.025296523194981886 -0.26448100650805145 -1.2584702347285017 -0.36446897719155186
185.4025115966797 -1 409.1006164550781 223.6551055908203 -1 1072.552001953125 256.10906982421875
0.9992038220932598 -0.010469301253557233 -0.03125147550677331 0.02248245814258603 -0.1768592166213679 -1.2490301828370427 -0.3613380467846783
107.040283203125 -1 992.8870849609375 141.0637969970703 -1 868.4192504882812 223.94622802734375
0.9992828077310025 -0.010335275399846171 -0.030366967432205526 0.020122115808858664 -0.1162530157322685 -1.2387269141024964 -0.36398422576288875
110.75281524658203 349766 871.2481689453125 121.42764282226562 -1 1025.380859375 143.59469604492188
0.9992329034678308 -0.008635985930058472 -0.032763039470949384 0.019636894329034406 -0.07021463519909378 -1.2276157437242343 -0.37120672001889016
6.437924385070801 -1 1034.3038330078125 6.790138244628906 500786 953.2421875 7.567973613739014
0.9991904674473653 -0.008139068318066562 -0.034377483454785536 0.01924458262851232 -0.030788180500978354 -1.2067313511454054 -0.3765549117144013
28.41951560974121 -1 975.1357421875 47.04119873046875 -1 914.4859008789062 71.05384063720703
0.999229976172739 -0.008015905740723138 -0.03458300512745505 0.01670974952947892 0.008043374141725446 -1.1849837697072636 -0.3716326203797445
3.6903460025787354 -1 639.3571166992188 4.802256107330322 -1 636.9615478515625 8.019251823425293
0.9992404406903815 -0.00778241642760391 -0.03564054934189936 0.013701347599672675 0.03809257630335382 -1.1637293874013257 -0.3596640446754317
2.7019684314727783 -1 957.2228393554688 4.422495365142822 -1 705.021484375 11.981565475463867
0.9992183706829545 -0.007276049867832204 -0.036854580962018636 0.012306366244211116 0.07251252593700397 -1.1441160251889713 -0.3438726584297447
2.9881882667541504 -1 289.27593994140625 5.422998428344727 -1 1017.1405639648438 7.560512065887451
0.9991825468724604 -0.007080255138145121 -0.03852633472060431 0.009991473646973958 0.11121581961249245 -1.1240959913502746 -0.32581424964159783
36.6447639465332 -1 1007.0582885742188 39.33129119873047 -1 1005.689697265625 63.10734558105469
0.9991362832125452 -0.0073554409871699955 -0.04025105759434823 0.0072413685613598195 0.16056735414806964 -1.1052199589565963 -0.30239158742684574
45.485965728759766 -1 338.121826171875 45.485965728759766 -1 789.3427734375 68.57630157470703
0.9990811436056144 -0.007958276972979017 -0.04182305720356557 0.004936213677156369 0.22082640631848802 -1.083918778478651 -0.2784448634637343
2.4008092880249023 -1 879.4450073242188 57.63086700439453 -1 1064.705810546875 57.50617980957031
0.9990691515059071 -0.00834562117614891 -0.04221550057068685 0.00300543308316413 0.3025329317051234 -1.0681207840024445 -0.2535544714772528
20.5 -1 379.5 20.5 -1 1092.0 105.0
0.9990700373273108 -0.00805492553525346 -0.04232971744955084 0.001540684934888225 0.3829701692116847 -1.0616634801054934 -0.234642935966391
85.15263366699219 359255 1095.096923828125 85.15263366699219 611444 1103.688720703125 99.63400268554688
0.9990371319928355 -0.008454670753592786 -0.043042690362318864 0.0008088561996750975 0.46474244429900635 -1.0495014913511447 -0.21787144018157922
141.80245971679688 -1 1162.56640625 141.80245971679688 -1 1148.3475341796875 144.44891357421875
0.9989775601346006 -0.009251707438912585 -0.04422192859592127 -0.001631345531321661 0.5198461700437843 -1.0410279722489977 -0.20671037771346912
26.007509231567383 -1 578.1115112304688 43.038455963134766 -1 760.9540405273438 97.30900573730469
0.9989512431035202 -0.010164515952196756 -0.044452556676198525 -0.004131188973944423 0.5817872024918554 -1.0355677158902457 -0.19995985078462297
160.56295776367188 -1 1207.8499755859375 160.72488403320312 312026 1237.0404052734375 163.4633331298828
0.9989167064508087 -0.010385038781398381 -0.045123767281619695 -0.004627112414064443 0.6552966397608538 -1.0364448540315359 -0.19286601187794256
94.79642486572266 -1 1218.93896484375 129.14369201660156 312493 1231.014404296875 141.87550354003906
0.9989046063898237 -0.008918959748361075 -0.04577456808104992 -0.0038377607001775036 0.7275992306466972 -1.0419046309425648 -0.19270389804210228
58.24930191040039 212367 705.492919921875 71.8115005493164 -1 705.492919921875 71.8115005493164
0.9988671052155714 -0.0077584898242037065 -0.04687592756838137 -0.0026380615072849754 0.7937413759350113 -1.0480694220139493 -0.18975413695840987
97.96868133544922 -1 1284.6419677734375 118.47962188720703 212369 1303.087646484375 156.4851531982422
0.998892130740175 -0.007928159742883134 -0.04608041276759378 -0.005315165812340742 0.8585015322827101 -1.0551532631671852 -0.17736385661222392
121.63043975830078 -1 1179.30126953125 156.4629364013672 -1 1179.30126953125 156.4629364013672
0.9988788396980226 -0.008827287645241638 -0.0459276002428542 -0.007334721009891367 0.9098362851051957 -1.055510539436602 -0.15913462341206316
5.30902099609375 -1 827.1217651367188 6.8098530769348145 -1 791.6577758789062 8.715946197509766
0.9988359863723467 -0.009919816540426719 -0.0470653267934033 -0.003622786388364054 0.9544723306886019 -1.0411259948464624 -0.1412834044295637
2.8062591552734375 -1 68.20829772949219 4.571368217468262 -1 343.95013427734375 4.412815570831299
0.9988406830905934 -0.010291423883797049 -0.046918675849137066 -0.0031645306325839154 0.9887748188057751 -1.0398218078659742 -0.1271880323754792
5.167411804199219 -1 900.9566040039062 4.307224750518799 -1 840.6591186523438 5.519440650939941
0.9988570135506393 -0.01045968278571506 -0.046630074882218216 -0.000947435063246149 1.0176367456875144 -1.031182691901669 -0.12515431661927365
3.7854385375976562 -1 850.0138549804688 4.379246711730957 542248 149.6736602783203 5.054898738861084
0.9987670885807907 -0.012175804567983093 -0.048124818714782525 -0.00023318371044573545 1.0252642447693483 -1.0214656036397485 -0.12052920075467084
4.466196537017822 -1 1234.3958740234375 4.485327243804932 -1 826.291259765625 5.235511302947998
0.9987973396844994 -0.014347495114196362 -0.04675808017646616 0.003421339113002057 1.0647772028751687 -1.0044728711504927 -0.11982801121208743
2.8287413120269775 -1 882.96044921875 2.935173749923706 -1 906.344970703125 4.447773456573486
0.9988827559772837 -0.014864736147119521 -0.04474145011784697 0.003237602794515733 1.1060417505530296 -1.0059523176027207 -0.11212077728568445
4.298835754394531 -1 916.8401489257812 8.080263137817383 526042 928.7500610351562 9.601984024047852
0.9989563848366689 -0.015517146165727335 -0.04290814991134014 0.0020615625410402355 1.143698634209531 -1.002728822958111 -0.10563349693031984
39.53779983520508 -1 880.1990966796875 62.26212692260742 -1 939.83349609375 81.64200592041016
0.9991026668551889 -0.015543458579180958 -0.03842747934600068 0.00869429751960483 1.2143372163820563 -0.9813207352799841 -0.11753135061679319
120.81961059570312 -1 890.536376953125 202.60696411132812 -1 890.536376953125 202.60696411132812
0.9992408883061767 -0.017447390408317217 -0.03356198698786335 0.009318193733182168 1.2833133113866715 -0.9621205144958225 -0.13796111449519413
71.7623291015625 -1 968.0671997070312 71.7623291015625 -1 346.0158996582031 234.43408203125
0.9993244162731437 -0.02002563753940833 -0.029004663155239835 0.01041222342883512 1.3646199832030688 -0.9263804686794831 -0.144836134399572
68.41770935058594 -1 1010.4043579101562 102.45182037353516 -1 1010.6732788085938 168.7039031982422
0.9994997864169941 -0.01973578065663458 -0.023434849744363013 0.007841156274142247 1.4585085537311597 -0.9116747723707509 -0.13316626567186576
110.60928344726562 -1 1060.221435546875 118.61002349853516 -1 1031.8685302734375 271.0328369140625
0.9996446168775105 -0.018973874436656456 -0.018560718167533272 0.0024762426744260714 1.5739903168900395 -0.9184612023677631 -0.10797970731054064
140.34268188476562 -1 319.1739501953125 140.34268188476562 -1 334.12493896484375 199.61582946777344
0.9996659169248177 -0.019759473511273835 -0.01598421339912672 -0.004703473974859799 1.6647653873941084 -0.9309823458910749 -0.08879429100165061
215.2568359375 -1 223.72735595703125 229.40980529785156 -1 223.72735595703125 229.40980529785156
0.999538129769183 -0.022044078397600007 -0.01700807403991056 -0.012178307048895588 1.7086606622763594 -0.9398818056581574 -0.06479886440687904
2.7479426860809326 -1 327.4069519042969 2.7479426860809326 -1 647.4547729492188 3.6710927486419678
0.999399632061639 -0.022456979842510764 -0.020254614149810148 -0.016905918994719504 1.73600970506453 -0.9493828071389698 -0.05146998605764014
3.715606212615967 -1 319.1481628417969 5.759084701538086 -1 319.1481628417969 5.759084701538086
0.9992939044369931 -0.021928640159696408 -0.023575064125899287 -0.019366043666072544 1.7745100373451999 -0.9662584316637577 -0.04537763539288871
5.501119136810303 -1 1504.5931396484375 5.080817699432373 -1 1504.5931396484375 5.080817699432373
0.999184063552838 -0.020831446498159694 -0.02558675563829568 -0.02329325899781 1.8131943183201338 -0.9932178448712612 -0.04287291480662759
59.39830780029297 -1 1394.402099609375 88.10321044921875 -1 607.043701171875 96.96022033691406
0.9991361472591013 -0.018381575939326364 -0.02578866308373739 -0.026907652491061144 1.857430527675185 -1.0266055488873267 -0.04173848149047835
134.50338745117188 -1 620.5346069335938 136.7696075439453 -1 1222.423583984375 153.1420440673828
0.9990361027596292 -0.016984567401208198 -0.025721652011583447 -0.031253583328003584 1.9068073749703436 -1.0563696057863365 -0.03838689993909345
98.5272216796875 -1 1244.361572265625 98.5272216796875 -1 1291.2132568359375 124.58447265625
0.9990354845118004 -0.016756948973394196 -0.026102704974553907 -0.031079802772649066 1.9811023877965683 -1.064934652590575 -0.031392911545795106
231.0737762451172 -1 1316.002685546875 235.6779327392578 185481 1316.002685546875 235.6779327392578
0.9990950186012312 -0.014097750306016161 -0.024689569611903463 -0.03163577713434296 2.0766876117111304 -1.0918943965801646 -0.03763743980813897
80.97537994384766 -1 1318.155029296875 80.97537994384766 -1 1307.292236328125 106.05817413330078
0.9991069665243295 -0.012150933274658849 -0.023401681808711713 -0.03301492922347238 2.156523386492205 -1.1178201570404276 -0.04246677460215711
110.9144515991211 -1 851.7650756835938 128.2889862060547 -1 496.0275573730469 172.45443725585938
0.9990747555431285 -0.012811314196111897 -0.02358767324589156 -0.03360245133694272 2.2191509540725747 -1.125784086605391 -0.03164273031246887
51.55275344848633 -1 981.5261840820312 64.45623016357422 79483 572.411865234375 72.35093688964844
0.9990257702153998 -0.014075309055066355 -0.0243817318955705 -0.03398422090182329 2.2731941140780267 -1.1289499180343472 -0.011924533682047236
37.299224853515625 211629 932.8303833007812 40.20869445800781 62408 1399.78125 43.983863830566406
0.998981090310545 -0.013972108431538935 -0.025103129000039918 -0.03480509017858467 2.324115496412864 -1.1411810961207913 0.001597618819551365
8.744315147399902 -1 952.4696655273438 39.557857513427734 62408 1435.248046875 41.902381896972656
0.9989393072658838 -0.013909611996334352 -0.025939529802192877 -0.0354107877194059 2.377083655406688 -1.1513308328987302 0.015152729128326723
3.9332873821258545 -1 907.2642822265625 7.9444580078125 -1 972.2163696289062 40.03370666503906
0.9989159003008923 -0.014364584589815686 -0.026351526160547093 -0.035584826887736294 2.426506583461186 -1.1542718678143313 0.0261421427241102
3.8194375038146973 63271 303.0613098144531 11.357765197753906 45307 438.3290710449219 12.505839347839355
0.9988568118392381 -0.014371305262069933 -0.026754275014316615 -0.03691535989091151 2.46885934720084 -1.1646065559345435 0.03342365708982315
0.9875862002372742 -1 977.306884765625 3.375455379486084 63271 681.2972412109375 5.429138660430908
0.9988032369504092 -0.013829756976838031 -0.027599681897098403 -0.03793532968784496 2.510629114677298 -1.177954841428691 0.04534084611986205
0.6506222486495972 -1 0.6523586511611938 0.6506222486495972 -1 0.6523586511611938 0.6506222486495972
0.9987336134875582 -0.013540458307455277 -0.02908593254455757 -0.03875350057636357 2.549846539380944 -1.1845299252461294 0.061515583923731854
3.5876967906951904 63271 191.94207763671875 4.164246559143066 -1 718.0286254882812 5.874186992645264
0.9986598751642575 -0.015192896066426648 -0.030325549551943616 -0.039089521491023564 2.5936425919257267 -1.1751915161433644 0.07807478056670304
11.832563400268555 -1 325.7157287597656 18.817604064941406 188891 525.0818481445312 25.13829803466797
0.9986334236047044 -0.016367479550196008 -0.030722784268978297 -0.03898078243805357 2.6419949913185987 -1.1670627077030584 0.08769910119982105
93.08346557617188 65216 786.3931884765625 102.33165740966797 664867 1069.3616943359375 102.73320770263672
0.998625598087808 -0.016171756660717514 -0.030699758749713636 -0.03927994326604312 2.6982814015997976 -1.170738997556909 0.08632313107281217
112.14370727539062 64149 831.3712158203125 132.88697814941406 79474 1102.906005859375 137.529541015625
0.9986720221820603 -0.015555111843514316 -0.030271603271620064 -0.0386763576580827 2.7690811495427674 -1.168732887743804 0.07945356885148021
241.18272399902344 -1 939.9506225585938 244.36782836914062 -1 924.252197265625 246.46609497070312
0.9986847005119787 -0.015911349687948433 -0.03018221934922235 -0.0382718114225434 2.8396407435531996 -1.1567383992907148 0.07933111293149776
13.344220161437988 156125 633.729736328125 33.081295013427734 48172 636.7935180664062 33.091224670410156
0.9986961069412189 -0.01646624622449428 -0.03047772977240853 -0.03749742262673253 2.8984653100810416 -1.1393765051941944 0.08636201939800998
4.683740615844727 50661 546.2749633789062 4.843276023864746 205833 201.01876831054688 5.389153003692627
0.9986152140998221 -0.01674228211388726 -0.03197956134324603 -0.03827084809981343 2.9343108021938136 -1.1406526296880495 0.09877866010010374
5.669366836547852 -1 469.8634338378906 7.829695701599121 -1 1018.5780639648438 7.43416690826416
0.9984142275661468 -0.016422026394557337 -0.035583546538346174 -0.04041235526845969 2.9437472988412368 -1.1634305444324173 0.11936848098288239
4.142574310302734 47076 1047.80126953125 4.277674198150635 -1 584.15234375 4.869697093963623
0.998354617553403 -0.017301704674072216 -0.03719086208914465 -0.040069295005474875 2.9674822759889414 -1.166603681582528 0.11626502757272268
5.526962757110596 55875 567.45947265625 11.3439302444458 40983 567.45947265625 11.3439302444458
0.9984093522011231 -0.01872319605638492 -0.0360868044043512 -0.03906340889694631 3.017956969075739 -1.1574220210485022 0.10558041011999049
5.9789814949035645 -1 360.6881103515625 11.593503952026367 210889 594.642578125 13.487214088439941
0.9985103929879552 -0.019406707942775152 -0.035024174939048636 -0.03706321561470525 3.0613474322600873 -1.1331341579679326 0.09869907469052096
5.339389801025391 139917 871.3890991210938 6.51776123046875 211118 946.8208618164062 22.134132385253906
0.9986588436566958 -0.02038599359522658 -0.03348720510746121 -0.03381615509630587 3.108848710262274 -1.1055869609577538 0.08954440724263563
0.6935014724731445 -1 0.6955087184906006 0.6935014724731445 -1 0.6955087184906006 0.6935014724731445
0.9986898485717371 -0.01930733053331259 -0.03319278786146563 -0.03382384042982142 3.141411850109769 -1.1027505423915906 0.08639051716371801
3.1091017723083496 -1 313.0494384765625 4.147587776184082 50661 313.0494384765625 4.147587776184082
0.9988252037553182 -0.016956812715459884 -0.031637133090709736 -0.03255411887120511 3.1921944463118956 -1.0916185637822566 0.07097797519980946
17.3652286529541 -1 1006.6546630859375 32.53986740112305 1082 1269.7841796875 33.54791259765625
0.9990286672458157 -0.018170189278147227 -0.030393968542926014 -0.026225425046265006 3.2499370822051543 -1.047735013631467 0.06048351350081322
0.7982074022293091 -1 0.7990472912788391 0.7982074022293091 -1 0.7990472912788391 0.7982074022293091
0.9990949124478405 -0.019684485506269424 -0.031432356134301245 -0.020829880917609258 3.2894204432970846 -1.0081562237256358 0.060594202307851404
0.9008306264877319 -1 0.9000285863876343 0.9008306264877319 -1 0.9000285863876343 0.9008306264877319
0.9992482594926796 -0.020468518406926588 -0.029441895146076483 -0.014735347477519367 3.3409905330070764 -0.9604818512329006 0.04827310826875751
8.065939903259277 192606 938.093017578125 17.102794647216797 -1 464.02642822265625 67.52604675292969
0.9993801520675392 -0.020474281706002136 -0.026462074642115342 -0.010948700732082721 3.398043445287011 -0.9287523093856049 0.03288203742186459
7.403774738311768 -1 810.0994262695312 16.059938430786133 188221 312.4007873535156 24.209802627563477
0.9994740031609785 -0.019175905591216874 -0.023076764373108783 -0.012307095359724853 3.456875046957181 -0.945700605786449 0.019342259952069504
171.93714904785156 -1 1121.7279052734375 173.4980926513672 -1 1410.1629638671875 183.42738342285156
0.9995485742298766 -0.017642588531383865 -0.021363593336804737 -0.01161824877822821 3.524823213062887 -0.951435815010104 0.03429632833456459
4.014141082763672 -1 653.3859252929688 6.221340179443359 -1 653.3859252929688 6.221340179443359
0.9993994451472835 -0.021740561077543734 -0.022825911132761834 -0.014390094658997564 3.5730313076447917 -0.9379323104043912 0.09233803819047996
72.37116241455078 -1 659.5641479492188 116.11872863769531 -1 659.5641479492188 116.11872863769531
0.9990889577883929 -0.03117591434643422 -0.024592168625694088 -0.015637839756572194 3.636071094469071 -0.8952488981779427 0.1598970653596436
258.5832824707031 -1 989.9073486328125 272.3538513183594 -1 1275.260498046875 304.0886535644531
0.9987911844041244 -0.035405851425113904 -0.02561893729098168 -0.022500348742849327 3.6704741938716468 -0.9229409271863009 0.19551057534480903
3.450526237487793 40953 662.8468017578125 4.164875030517578 -1 204.33639526367188 3.7439136505126953
0.9986853647051281 -0.03478380175146493 -0.027092646919232764 -0.026146088472462397 3.711759068968168 -0.9501205063451006 0.2163846514418142
3.2849249839782715 26064 998.9812622070312 3.4855167865753174 -1 998.9812622070312 3.4855167865753174
0.9987360987471692 -0.031107089097406615 -0.028594515280195753 -0.027219620920604135 3.7668505563923635 -0.9751838583139826 0.23011497522071545
275.48455810546875 103058 1383.80322265625 307.848388671875 -1 940.9627685546875 308.5332336425781
0.9988816069234792 -0.027259871354820435 -0.026933505104672645 -0.027695145178593842 3.8455738763165446 -0.9991546175619749 0.20906493479674307
222.34637451171875 19630 1427.737548828125 223.516845703125 205029 1330.2880859375 253.91455078125
0.9990168456915149 -0.023232207825235142 -0.024653885039216946 -0.028597071469187125 3.9226566329001944 -1.0315395300784553 0.18769118489693803
262.7956237792969 -1 1345.72509765625 262.7956237792969 -1 735.0831298828125 291.387939453125
0.9990536360675333 -0.02015416841665521 -0.025130153858795388 -0.029225282251969922 3.973891238416454 -1.0552989282401892 0.1915809955886175
4.029882907867432 -1 1128.994384765625 4.752103805541992 199062 200.54391479492188 5.660243034362793
0.9989219639032282 -0.019507738341421083 -0.026314110939330025 -0.03289263963249282 4.002589122323982 -1.0950721941253627 0.20541181175219864
3.426105260848999 34575 812.8135375976562 3.5257487297058105 -1 701.0790405273438 5.759038925170898
0.9989251460734283 -0.01845977484356867 -0.023506708571939913 -0.03542913923620972 4.0586046276085535 -1.142567340342336 0.17829164603024247
146.09873962402344 -1 1343.4769287109375 176.4009246826172 -1 1033.98583984375 208.2935791015625
0.998953233984514 -0.01587966442472813 -0.021745373046021376 -0.0369785251291665 4.109454652821866 -1.1799333617596621 0.15319312913334945
11.32799243927002 19371 1094.432861328125 11.258342742919922 -1 1094.432861328125 11.258342742919922
0.9990150261281376 -0.014508555089812355 -0.019804318802278485 -0.03696306746172561 4.170199167837744 -1.1861171057524011 0.1359256542496236
148.57647705078125 -1 619.47607421875 148.57647705078125 -1 953.0360717773438 197.7808074951172
0.9992079339976105 -0.014281972859232819 -0.01625324879838463 -0.0333970326671807 4.256868037388943 -1.151293792357449 0.10188241977213063
182.4529266357422 -1 692.0546264648438 207.15184020996094 -1 753.2825317382812 254.37228393554688
0.9993202207180134 -0.013814835370102911 -0.013507211536188229 -0.031397484362834946 4.324955258016545 -1.1291087252332463 0.07648589925140546
135.9626922607422 154918 513.2093505859375 152.71945190429688 -1 437.83038330078125 158.00758361816406
0.9994627819763405 -0.012782539968465442 -0.012054035408303914 -0.027666845617889773 4.373129249518491 -1.0883871255014206 0.06378954286233422
5.113622188568115 -1 723.5275268554688 5.68422269821167 -1 761.033203125 5.016029357910156
0.9995339393362135 -0.012277415019376157 -0.012975854594474015 -0.02475472466047393 4.386080565688826 -1.0386428657253222 0.07781643790466618
3.4837441444396973 -1 966.5628051757812 3.4837441444396973 -1 365.9202575683594 4.683886528015137
0.9995858421804014 -0.012109024744435901 -0.01280952293131829 -0.022747126291220564 4.392200563559141 -0.9871903111753937 0.07875265660375032
3.487055540084839 -1 500.4486389160156 5.563618183135986 36127 562.571044921875 5.614783763885498
0.999630163804893 -0.010682605376356163 -0.012968298400490819 -0.021383189434038198 4.387566453004418 -0.9453815689947432 0.07452535663273259
3.013615608215332 -1 574.731201171875 4.943662166595459 -1 898.0572509765625 4.198812484741211
0.9996376247079481 -0.00896280941606731 -0.013083776443601243 -0.021750910546381355 4.375530434077425 -0.9237439213252263 0.06869660993330123
0.5876930952072144 -1 0.5869917273521423 0.5876930952072144 -1 0.5869917273521423 0.5876930952072144
0.9996169567433159 -0.007135801445073916 -0.012543971128068996 -0.02361501465819255 4.358930208320177 -0.9139942359836208 0.058277237066580376
2.786465883255005 33228 1013.5877685546875 2.786465883255005 33229 492.6898193359375 4.519261360168457
0.9995929969554773 -0.006006022345847614 -0.012875666011843446 -0.024738337816028876 4.342293846774105 -0.8874617278779894 0.056708531659571494
4.761130332946777 1981 934.97705078125 4.915771961212158 19585 969.9857788085938 6.416191577911377
0.9996106468988897 -0.005484372045612747 -0.012703445526492475 -0.024230120540435624 4.338437533158159 -0.8359495701879834 0.044670933976239835
1.8858274221420288 -1 289.0185546875 3.7376692295074463 35323 975.3809204101562 4.200629711151123
0.9996563626036813 -0.0036754622971534685 -0.012132197269126507 -0.0229446610849353 4.346163757089648 -0.7867274695961933 0.025068967043548638
4.828130722045898 33585 520.9443359375 4.889162063598633 29137 776.9783325195312 4.430412292480469
0.9996817611033036 -0.0005420041295748354 -0.012375055659605316 -0.02197591286710465 4.351879076488445 -0.7370951767482283 0.022015254526396338
0.8704081773757935 -1 1019.89306640625 1.366182804107666 -1 1019.89306640625 1.366182804107666
0.9997057678663075 -0.00021951671280200243 -0.012821574773522004 -0.02058972383438687 4.3535706542790455 -0.6688378386213023 0.031117578778875162
2.298905372619629 -1 913.8603515625 3.3944647312164307 -1 996.1777954101562 6.674582004547119
0.9996990816492474 -0.0020386411164240296 -0.012779871144267202 -0.020839025543098508 4.351679079868391 -0.6134400945416645 0.03346084765165926
2.814952850341797 -1 819.5162353515625 3.388317108154297 -1 1003.5655517578125 13.473214149475098
0.999692374482096 -0.0025652097304776273 -0.01253310607403182 -0.02124846708646004 4.350852603531399 -0.5723215912505557 0.022076820910261533
3.842118740081787 -1 927.3729248046875 5.686385631561279 105203 927.3729248046875 5.686385631561279
0.9996633908748681 -0.00033407450938030867 -0.012610295124432706 -0.022670990178144355 4.348394669739443 -0.5551493323328797 0.01129905222544687
4.6628899574279785 172827 653.2943115234375 4.6628899574279785 172827 941.9199829101562 4.557341575622559
0.9996243443112193 0.002125800242609416 -0.013128410295748204 -0.02396447530826121 4.342707815216177 -0.5319794654354612 0.009662343546248882
3.585676670074463 -1 1005.61865234375 2.95536470413208 -1 845.4661254882812 4.251108169555664
0.9995816542179623 0.001831696527522564 -0.013004027302064416 -0.025769297868592944 4.336344054219853 -0.4975797265623284 0.008274420015108943
2.977277994155884 -1 747.8726196289062 8.615527153015137 157370 848.77685546875 9.41783618927002
0.9995493313907182 0.0012781645795856573 -0.012214401554539131 -0.027391765301641384 4.336058986054159 -0.4615478114013488 -0.0008085129415091887
3.5325746536254883 -1 877.232421875 4.938913345336914 -1 877.232421875 4.938913345336914
0.9995314563008283 0.0019146713022976192 -0.012792142777847586 -0.02774099821745321 4.3333491097802845 -0.4171034629456477 0.0033665937547783416
3.831958770751953 116275 1265.451904296875 3.831958770751953 116276 970.7987670898438 4.375168800354004
0.999520070777462 0.0029327128142294734 -0.014248212424195463 -0.027349876622787896 4.324855411380179 -0.36740373734344123 0.011032309094256922
1.1799514293670654 -1 1038.017822265625 4.529773712158203 -1 477.1029968261719 4.820859909057617
0.9994994303263158 0.0024562230579649714 -0.014184011914345745 -0.028172141410857967 4.323232824329658 -0.32712529702120013 0.005825637355931315
2.925233840942383 -1 576.5341186523438 4.499311447143555 -1 1223.8062744140625 9.202592849731445
0.9994834006081016 0.001226741284907132 -0.014212487852968822 -0.028799864647497227 4.325310838811567 -0.28302485457215326 0.0030440403713159338
3.3693480491638184 -1 894.689208984375 3.562145709991455 -1 1224.067626953125 3.246924877166748
0.9994930758872046 0.0018044695943853903 -0.014400284485756627 -0.02833667146555751 4.329068189555631 -0.24149280577510907 0.002667700531064764
3.1659953594207764 -1 318.7674255371094 6.249220848083496 -1 352.708740234375 7.923794746398926
0.9995393821900085 0.0030871322987166276 -0.014127973434910776 -0.02668133115136619 4.339372410556611 -0.18287721444985033 -0.004608079706020597
3.0245003700256348 -1 348.2762756347656 3.6568455696105957 -1 614.049072265625 3.606304168701172
0.999575001133617 0.0031597597775572892 -0.013484862767409183 -0.025651345052882545 4.350573947048921 -0.130394797871683 -0.020876590074420644
5.0286431312561035 -1 832.6544799804688 6.8912034034729 131697 447.5171813964844 8.730086326599121
0.9996077534217264 0.003927183552945003 -0.013910006106158323 -0.02398808576434116 4.350368694664709 -0.07040086489479205 -0.03184334501119869
0.5 -1 0.5 0.5 -1 0.5 0.5
0.9996188298952204 0.004659172839621777 -0.014302828503801135 -0.02314986229228481 4.3453023025925335 -0.022600007157153816 -0.03956106345227066
4.124173164367676 -1 785.8646240234375 4.124173164367676 -1 733.0030517578125 4.417967319488525
0.9996169111933352 0.005289109309928343 -0.0146689991040418 -0.022866496108700025 4.338969505603798 0.020916087875121996 -0.04334545913258777
1.856996774673462 -1 401.619140625 2.9973981380462646 -1 401.619140625 2.9973981380462646
0.999630579928642 0.005286966489864137 -0.015430513772253952 -0.021740535908441615 4.332965945455589 0.07914269433701224 -0.04142457247298276
5.47767972946167 -1 375.94329833984375 19.935522079467773 126854 1238.9183349609375 23.034481048583984
0.9996535297029143 0.0042935820484889895 -0.016645143666846187 -0.01993301025955585 4.326695538180194 0.1450424318100699 -0.03758503194227518
0.8879042267799377 -1 537.6953125 2.1359469890594482 -1 463.39959716796875 2.9465317726135254
0.9996653159703899 0.004380800791031047 -0.016857081271258033 -0.01912860270025545 4.322887966166501 0.1853764338455836 -0.046015091193683806
2.8064239025115967 -1 966.4244995117188 2.3984811305999756 -1 966.4244995117188 2.3984811305999756
0.9996528977921012 0.005303148429667473 -0.016478198018258384 -0.01986025031712962 4.318296778815447 0.20606561818784683 -0.05260289648887756
1.1288909912109375 -1 1047.7838134765625 3.1405580043792725 -1 111.66239929199219 4.492956161499023
0.9996593427486553 0.004388746248173304 -0.016191357758092197 -0.01999443161595453 4.310560231581689 0.2477216786307932 -0.05474061715220111
13.399957656860352 136164 752.0444946289062 15.437581062316895 -1 1053.3314208984375 20.569482803344727
0.9996764513191259 0.0024021240796646406 -0.0161124870999785 -0.019534846745197076 4.300574347773408 0.3007008503262492 -0.053419878965246435
1.9675524234771729 -1 1064.1846923828125 4.053411960601807 170450 1093.31689453125 4.113898754119873
0.9996631600914438 0.00253473054329407 -0.016198556581600444 -0.020118356337782084 4.289497397586895 0.33003802552636435 -0.05355886740546489
4.301973342895508 -1 1278.99609375 4.7346930503845215 -1 235.60885620117188 5.808443069458008
0.9996300283077263 0.0029166451600884944 -0.015803321686404855 -0.021944354859062366 4.279896715417484 0.3520575953684899 -0.06201431279494445
2.2195611000061035 -1 1042.7930908203125 3.3032853603363037 -1 825.13720703125 5.035322666168213
0.9996368639262676 0.0028791201427084473 -0.014980237975036833 -0.02221358631720822 4.277036018274213 0.3873525415841873 -0.07368053638440152
1.070799708366394 -1 1039.7373046875 3.1384174823760986 -1 545.7637329101562 5.9341721534729
0.9996790739792227 0.002903681364925895 -0.015192478577512065 -0.020062559090170903 4.272381469358469 0.4471112821195667 -0.07407832097991135
2.1946446895599365 -1 867.8873901367188 2.4713501930236816 -1 867.8873901367188 2.4713501930236816
0.9997110074792754 0.002527479180659004 -0.014344923138609505 -0.019124239956425503 4.277488210599226 0.4981815731681067 -0.08751705757065129
3.7339022159576416 -1 1241.0733642578125 5.061337471008301 133063 1057.823974609375 5.478987216949463
0.9997601015351739 0.001777409144599033 -0.013135774822329048 -0.0174365023708489 4.284303230825239 0.553050243077271 -0.10424554444195243
2.1413955688476562 -1 997.7453002929688 2.1413955688476562 -1 359.9080505371094 4.023013114929199
0.9997720991331949 0.0020211955756557413 -0.013165797417024568 -0.016683115465168822 4.282737695831501 0.5945163218338022 -0.10544226941724909
3.0816903114318848 -1 582.1134643554688 4.322639465332031 -1 947.39599609375 4.35775899887085
0.999782889787379 0.001838346995745144 -0.01407194978157509 -0.015256932786962081 4.273720053536118 0.6424234578104427 -0.10315335856489191
3.199148654937744 -1 769.0244140625 4.496971130371094 -1 1139.8238525390625 4.699626922607422
0.9998049264746444 0.0007231711206975088 -0.014168425041348007 -0.013741970470379164 4.269551771973017 0.6892345030036552 -0.11187145988303561
3.353797197341919 -1 461.07861328125 4.388585567474365 -1 809.78271484375 4.318511009216309
0.9998056312694912 0.000855634276029205 -0.013302064509973198 -0.014526618724691784 4.273060124606778 0.716924913955718 -0.13037629882073806
1.3932689428329468 -1 1013.4262084960938 3.4023401737213135 -1 1078.9364013671875 3.72971773147583
0.9998023359637924 0.0016475332324502015 -0.012830231473062005 -0.015098337522376203 4.2717954693331865 0.746694199507101 -0.13557496866464536
3.748039484024048 -1 449.61572265625 3.7719321250915527 -1 534.7323608398438 4.128623008728027
0.9998205295138335 0.0002879179276830937 -0.013290152847717196 -0.013498062943589602 4.262174518373653 0.8075690500245968 -0.13320610733882227
10.58591365814209 -1 1017.4291381835938 16.397415161132812 334879 1016.8516235351562 19.661951065063477
0.999824456494451 -0.001071274832952029 -0.013236300836145246 -0.013217749656548955 4.259183117638183 0.8512579658563737 -0.13649790870090187
3.2013866901397705 -1 305.5191650390625 4.702367782592773 -1 841.3344116210938 5.005706787109375
0.9998172031774357 -0.0010923786542883097 -0.013149342927566527 -0.013836969317709008 4.255136774665905 0.8819689979327838 -0.1402374780510325
0.9276233315467834 -1 368.0218811035156 4.1144795417785645 -1 695.7115478515625 4.177882194519043
0.9998077564056141 -0.001070000865217925 -0.014610002078231774 -0.013032772866685947 4.239139663602337 0.9255449938932189 -0.13554956903275167
4.495051860809326 -1 1525.4622802734375 4.920370578765869 -1 762.6764526367188 5.4558820724487305
0.9998170413183507 -0.0011124738675512913 -0.015384735733022778 -0.011311772528582455 4.227053365343226 0.9742872429838602 -0.14447258973563534
3.6724014282226562 -1 384.7594299316406 3.6960537433624268 -1 1228.0404052734375 4.012633323669434
0.9998203775025961 -0.0007730488852402916 -0.014738485539359988 -0.011890843956312604 4.230596564576175 0.999034617706564 -0.1668816247886772
3.388385772705078 -1 377.88250732421875 3.8131227493286133 -1 310.0079345703125 4.884812355041504
0.9997998338158876 0.0002555620390962824 -0.015033642549084328 -0.013199112904821203 4.229667070375081 1.0272702950814359 -0.17338094131168041
3.821972370147705 -1 1201.441650390625 4.214590072631836 -1 1201.441650390625 4.214590072631836
0.9998134690617775 -0.0012949912470338505 -0.014067607616740477 -0.013170136531778027 4.2295402003550615 1.0833478894976716 -0.18522890368746694
59.896812438964844 -1 1200.4437255859375 87.4991455078125 -1 425.4336853027344 88.86295318603516
0.9998038984054278 -0.0035693619972947677 -0.014789749314973214 -0.012676265358594507 4.22002238156047 1.1518303792082312 -0.1789800999523819
12.57497501373291 -1 1161.834228515625 101.34844207763672 -1 1217.592529296875 106.01171112060547
0.9998043136583414 -0.004768530453350688 -0.015508833339320204 -0.011316872180138186 4.2087567792906135 1.2202258507271821 -0.1710976682052495
4.408485412597656 -1 701.4120483398438 74.92054748535156 179225 776.5435180664062 84.05929565429688
0.9998022673416855 -0.006036404792841004 -0.01563409706331782 -0.01070341275559485 4.204974885948457 1.2824554657019211 -0.1704540803992959
10.56855583190918 175989 651.8770141601562 14.512709617614746 331694 1001.8994750976562 19.133808135986328
0.9998113259553023 -0.0073276580027532 -0.015048346553062641 -0.009857240268653646 4.2048957705775925 1.3452627219195825 -0.18480220782287968
5.123470783233643 -1 674.5634765625 10.063830375671387 174714 674.5634765625 10.063830375671387
0.9998053562172386 -0.008837254389628353 -0.015141812550158567 -0.009048653317999296 4.200710835072501 1.406213513245417 -0.2047602317255731
2.9115095138549805 -1 790.2518920898438 3.7089216709136963 -1 933.1741333007812 4.516447067260742
0.9998094066511383 -0.00904169114461925 -0.015124472645400533 -0.008405267416488454 4.195769431701318 1.452509830085929 -0.22096551719259372
4.2513251304626465 -1 949.8005981445312 4.6241583824157715 -1 847.4419555664062 5.266932487487793
0.9998424478122261 -0.007922446651145922 -0.013866094581471075 -0.0077489233428609545 4.197376517703234 1.4883653752158243 -0.2411267376814804
4.499480247497559 -1 717.4806518554688 4.517236709594727 -1 844.6565551757812 4.791221618652344
0.999856400161262 -0.00735044865671595 -0.012676586570857105 -0.008511998238896912 4.207117146896804 1.5200450529216913 -0.26310991791276495
3.567286968231201 -1 652.1133422851562 3.567286968231201 -1 629.68310546875 6.4583306312561035
0.9998539526598609 -0.008360829742735214 -0.012772167303268356 -0.007683854426207212 4.206238219133979 1.57601544103381 -0.27530340124229996
3.1885886192321777 -1 667.9091796875 6.819980144500732 -1 708.107177734375 16.934709548950195
0.9998453556321409 -0.008577574934379092 -0.01353487154745869 -0.007245500760918779 4.197544212898781 1.6278967858534037 -0.2742760851866699
3.46726655960083 -1 916.1360473632812 3.866305351257324 -1 698.5397338867188 6.4318318367004395
0.9998478914168895 -0.008649066087739491 -0.01386624685161534 -0.006092198557171488 4.188382605833033 1.6853237140892807 -0.2702884359678662
5.031445026397705 -1 667.3050537109375 16.12417221069336 -1 742.7418823242188 19.266027450561523
0.9998408045110586 -0.009137398555769238 -0.014770760724769263 -0.004086344322700209 4.177272648055848 1.7464335412176757 -0.26396299751753743
2.2088708877563477 -1 822.4332885742188 4.614229202270508 -1 395.7409973144531 5.965017318725586
0.9998626651372099 -0.008425888330711707 -0.013903142719693637 -0.0032183680755649077 4.179325908926244 1.7956672993130562 -0.2609944736549841
2.55071759223938 -1 716.7523193359375 4.460494518280029 -1 711.7897338867188 6.103037357330322
0.9998592170335194 -0.0081512629642602 -0.014062920448227014 -0.004163807593037878 4.1807725855183255 1.8410407642123854 -0.24563554508636962
8.641084671020508 -1 663.2071533203125 13.852898597717285 334915 626.4658813476562 14.654621124267578
0.9998118929255801 -0.011102594649137331 -0.015864804773609558 -0.0011041404442376217 4.158788115987941 1.9281957039011315 -0.2394372843277646
13.40335750579834 -1 890.6456298828125 13.40335750579834 -1 890.1935424804688 16.641033172607422
0.9997578063773496 -0.01385146884341943 -0.01702383664800931 0.0016292281030488491 4.142618189141131 2.0102261339096987 -0.25348590355029094
8.840269088745117 332874 818.4046630859375 8.757208824157715 -1 818.4046630859375 8.757208824157715
0.9997553410477865 -0.01372919503900124 -0.017239309676920382 0.0018903576033373584 4.143831234428853 2.0513653970557773 -0.2720704323392729
1.180782675743103 -1 784.447265625 2.0612709522247314 -1 784.447265625 2.0612709522247314
0.9997737647665748 -0.012969661851954929 -0.01666524860653893 0.00254492530297462 4.153850353097872 2.0851291587340253 -0.29685810746878766
3.6290297508239746 -1 999.238037109375 3.5772039890289307 -1 317.6538391113281 3.965074300765991
0.9998065918194062 -0.01287948653463575 -0.014489650365431967 0.003308748004160657 4.1754055005860975 2.124030421237103 -0.3371040584388385
18.721376419067383 -1 845.2343139648438 22.79079246520996 -1 688.5682373046875 29.057897567749023
0.9998389717710392 -0.012403293398708283 -0.012516706157651073 0.003394246257986237 4.202307935845357 2.163155665521894 -0.37158611791432333
3.172482490539551 -1 404.07122802734375 8.917283058166504 -1 856.4129638671875 9.234352111816406
0.9998701410522008 -0.01180032284308994 -0.010857379764540084 0.0016033457828910074 4.2289033918356225 2.189517066304233 -0.4014174066516191
8.122627258300781 -1 510.20074462890625 10.749859809875488 -1 242.84750366210938 38.290199279785156
0.9998831055021948 -0.012001114662392315 -0.00909990591669848 0.0026344431013107903 4.236064743248393 2.249758919181062 -0.42330944156206757
2.835723400115967 -1 755.7355346679688 17.131866455078125 -1 883.8054809570312 26.303916931152344
0.9998339548603375 -0.014690070138058231 -0.010421788720052116 0.0027660201644566056 4.22403366348433 2.311388003808977 -0.4245353965647252
30.78568458557129 -1 863.52734375 30.78568458557129 -1 1366.25537109375 42.371456146240234
0.9997518283630926 -0.01830619996656622 -0.012142542718434662 0.0037045085731585298 4.197762302509973 2.376900033520533 -0.43012722093132244
10.061017036437988 -1 635.9581298828125 22.05545425415039 -1 632.8338623046875 22.48575210571289
0.9997369598705406 -0.019643759941256115 -0.011772539781873754 0.00124139891397951 4.201414745068152 2.395054391733825 -0.44829318524803685
2.4433162212371826 -1 1160.732421875 2.977694272994995 -1 1160.732421875 2.977694272994995
0.9997811657840049 -0.018566204476091627 -0.009604099341413482 -0.0008233290766041779 4.2163005505360704 2.409328443454181 -0.4717192837851233
5.188486576080322 -1 672.0577392578125 5.188486576080322 -1 619.9606323242188 6.738061428070068
0.9997915790742674 -0.01853794879130168 -0.008381978698856195 -0.0016986170510060721 4.227948935046582 2.4379851361502767 -0.4896064639403699
2.1772167682647705 -1 567.314453125 3.7049946784973145 -1 249.8807373046875 4.757481575012207
0.9998097396196252 -0.017738903980889766 -0.008058158831105994 -0.000939107846289594 4.231703473173432 2.47268205219404 -0.4916062664382916
1.7650134563446045 -1 269.9046325683594 3.3834002017974854 -1 337.1249084472656 4.561156272888184
0.9998134967621468 -0.017417397396857742 -0.008341479469347489 -0.0001602511498114508 4.228819704930322 2.508397056539115 -0.4912208329682527
0.5 -1 0.5 0.5 -1 0.5 0.5
0.9997951137975657 -0.018120416815044678 -0.009002480466227654 0.0005798848307470992 4.220594139408919 2.544732447110318 -0.4901961147929759
5.301209926605225 -1 1116.6209716796875 5.301209926605225 -1 1038.51708984375 11.488913536071777
0.9997799441689461 -0.018285128582248334 -0.010272021603980736 -0.00045042472959085794 4.214076472237705 2.568456104212904 -0.4770259809273599
4.652081489562988 -1 290.84136962890625 4.582076072692871 -1 364.6539306640625 4.844852924346924
0.9997932416318697 -0.018760409384609225 -0.00781920509099327 -0.0006172995260646826 4.2252452213813925 2.5767753191844895 -0.4978446816154725
5.269288539886475 -1 434.53448486328125 5.681891441345215 -1 734.0694580078125 5.212528705596924
0.9997942894535827 -0.018962654985607 -0.00698307570450025 -0.0017415928363629085 4.238065750567308 2.566545289592208 -0.49853990250240915
4.110642433166504 -1 812.0875854492188 4.598578453063965 -1 75.8952407836914 5.26844596862793
0.9997678473695164 -0.020207819620650627 -0.007457991445090672 0.0005232168839229993 4.231212798957973 2.578107976472572 -0.4895368882427989
4.620816707611084 433399 110.5821533203125 4.629062175750732 -1 310.2723083496094 4.260997772216797
0.9997459478642637 -0.020977323233512157 -0.00808882073894333 0.0016008179143469391 4.22893245524716 2.568436028994702 -0.4758413130310051
4.174612522125244 -1 1199.1441650390625 5.41740608215332 -1 1209.345458984375 6.050713062286377
0.999715643427795 -0.021721688387027503 -0.00959336208816607 0.0021835620467641455 4.225738950551355 2.544773310641132 -0.45495244402025325
3.847475528717041 -1 840.2583618164062 4.719682216644287 -1 1315.66357421875 4.9836506843566895
0.9997198437481671 -0.021658782787936662 -0.009173639583580886 0.002641113605272285 4.2229331760110975 2.5011106190895553 -0.45581892775339156
2.1357595920562744 -1 1112.6512451171875 2.9571032524108887 -1 1109.872314453125 3.669992685317993
0.9997365333354692 -0.020393227973426225 -0.010225671180471387 0.0025329461326962497 4.211274946665046 2.4329586963146177 -0.42963124508428135
55.748252868652344 -1 923.1119995117188 86.05644226074219 -1 702.6682739257812 113.7038345336914
0.9997622234633234 -0.0187249987953872 -0.010705850538111045 0.003202455314286471 4.2053204203045285 2.3841527001944387 -0.402414692754793
2.3415417671203613 -1 1082.2576904296875 2.3415417671203613 -1 768.2323608398438 24.94594383239746
0.9997915601537513 -0.018069544100980918 -0.009248780385620726 0.002188123097346528 4.218409156768106 2.335394015217574 -0.403460338660883
3.643225908279419 -1 1021.9649658203125 3.5036392211914062 -1 758.18017578125 4.385363578796387
0.9998069286874024 -0.017992399931868835 -0.007877756052709019 0.0005655554165424918 4.234628595781793 2.279999908625943 -0.40386128556396667
3.2088253498077393 -1 1059.67626953125 5.444728851318359 -1 682.6718139648438 5.886471748352051
0.9998027071944441 -0.0182880724777254 -0.007437679072974721 -0.0021849534818240927 4.239557195807618 2.2158060212851884 -0.397165718322588
2.8292949199676514 -1 654.78173828125 5.711585521697998 -1 327.0109558105469 8.494468688964844
0.9997875107152975 -0.018873688762176048 -0.008001692267237818 -0.002165689515589754 4.222432565503427 2.1722285768356437 -0.3762291352049092
3.1733710765838623 -1 385.7939147949219 13.366451263427734 446533 1042.9456787109375 14.09132194519043
0.9997899164152327 -0.01852900299498234 -0.007540419485585965 -0.00446555219602098 4.222799287679893 2.1027798770591306 -0.36144891509208704
5.1447062492370605 -1 753.0878295898438 17.119081497192383 -1 674.6669921875 33.08123016357422
0.9998144638322958 -0.01789114421739838 -0.006059439304209514 -0.0037720108231164584 4.222869357767717 2.05389620381141 -0.36731443256179797
2.6241917610168457 -1 1475.540771484375 7.085660934448242 -1 721.94775390625 13.847057342529297
0.9998293130332285 -0.017283041958874836 -0.004917055972693101 -0.004296954818407258 4.229732020219367 1.993206140828137 -0.37498053258480396
2.275786876678467 -1 711.5401611328125 8.860710144042969 -1 830.3305053710938 16.189260482788086
0.9998413178862473 -0.0161787393124521 -0.0041270722982491535 -0.006209244398246232 4.2377483441237125 1.9240193399589383 -0.3691312449565506
5.120975494384766 332874 484.8825988769531 8.389972686767578 -1 740.0603637695312 14.870512008666992
0.9998488173803566 -0.015380574717322421 -0.004981333246742599 -0.006400517444086246 4.2272026399621305 1.8749587187238372 -0.3488984478511986
18.668046951293945 -1 674.8109741210938 20.714168548583984 334913 626.9337768554688 21.911800384521484
0.999876971633043 -0.013176437748789882 -0.006251088386643056 -0.005774684421647959 4.218984345571171 1.8193529372017616 -0.3220283577649926
7.0565900802612305 -1 832.001708984375 7.0565900802612305 -1 675.9957275390625 11.535365104675293
0.9998794954392721 -0.01292551170136231 -0.005676242542032381 -0.006458019663069585 4.23036825100034 1.763251335867571 -0.31288944224728005
3.0196235179901123 -1 554.96826171875 3.0196235179901123 -1 607.4938354492188 3.081036329269409
0.9998639475877378 -0.0142452328658188 -0.005143862821741959 -0.006534548961881552 4.235007186180109 1.7297020370557 -0.3091245986131185
1.8811419010162354 -1 855.8931274414062 1.8811419010162354 -1 1129.456787109375 2.211414337158203
0.9998192349753472 -0.016246650997036538 -0.007324807158981489 -0.006625021115120006 4.218499467384724 1.6984696149696243 -0.2893153289302629
0.5 -1 0.5 0.5 -1 0.5 0.5
0.999772855128688 -0.017983201738306386 -0.009546702220756322 -0.006301037992197177 4.198782715252051 1.6678680252910554 -0.2690396315785591
3.2958168983459473 -1 798.6640014648438 4.145560264587402 -1 862.577880859375 4.3506693840026855
0.9997823171988688 -0.017403578539160122 -0.009597443505080731 -0.0063500195793909945 4.195901206175585 1.6283318867162544 -0.26201401626021265
4.431629657745361 -1 860.470703125 8.152603149414062 182181 860.470703125 8.152603149414062
0.999798042648066 -0.01685866529390249 -0.008118901798323941 -0.007330945040935527 4.211610808246368 1.5805464713976574 -0.26481028060425915
0.5 -1 0.5 0.5 -1 0.5 0.5
0.999786505321681 -0.018162294160293135 -0.007996147193787436 -0.005756429236136229 4.215940401454723 1.5621573169308074 -0.26323899763555
0.8036900758743286 -1 1402.1558837890625 3.5676052570343018 -1 636.7816162109375 5.368269920349121
0.9997716741884985 -0.01851143555268463 -0.009468424640947935 -0.004926984770057567 4.208047151086102 1.5300260763733653 -0.2455099960614889
3.305293321609497 -1 754.80859375 3.6529226303100586 -1 676.3169555664062 4.336461544036865
0.9997792723773599 -0.01795011379206924 -0.009799831998528637 -0.004812819573731495 4.204161690277792 1.4869478066634543 -0.2391899578578577
2.9536190032958984 -1 878.462646484375 3.1096415519714355 -1 878.462646484375 3.1096415519714355
0.9997956603907586 -0.017010878684547873 -0.008664966244435426 -0.00664724229806858 4.216982710384254 1.4138131786825083 -0.24993172599831345
3.1827189922332764 -1 710.5896606445312 7.660545349121094 183341 963.1408081054688 24.934621810913086
0.9998187007386404 -0.01656301410294546 -0.00792107092999812 -0.005048648576065415 4.2183496631971975 1.3778352307871697 -0.25535852937757575
5.647677898406982 -1 736.609375 11.439044952392578 178706 708.3148803710938 14.058213233947754
0.9998327688929087 -0.015419407648233829 -0.008307839493310048 -0.0052588894902318535 4.219465341905519 1.3283100857905692 -0.23978112254765055
1.9551926851272583 -1 294.9345703125 2.2383999824523926 -1 685.1878051757812 8.643603324890137
0.999855235144768 -0.014885357685940404 -0.007535412301906972 -0.003339527152556378 4.219533808858117 1.3024383632952792 -0.23548661035766222
5.582551956176758 -1 891.7225952148438 5.353243827819824 -1 971.9771118164062 5.08574914932251
0.9998355299397998 -0.01587460990007979 -0.006928514862625494 -0.0053763846884527 4.225082097491743 1.2507364000785628 -0.23717890709396447
2.4420483112335205 -1 1187.2803955078125 3.3897438049316406 -1 230.21783447265625 4.653531074523926
0.9998346242805243 -0.01588840238812445 -0.005765745364365895 -0.00671110570392017 4.229172345208013 1.1989898243197432 -0.24160217093806696
3.5135107040405273 -1 1024.015380859375 10.956765174865723 170480 903.814453125 13.274704933166504
0.9998574946627937 -0.014052770705049084 -0.006165224481993783 -0.007035624296352732 4.222258195608959 1.1508515025233539 -0.23637382255105044
19.089988708496094 -1 676.1342163085938 19.089988708496094 -1 442.88116455078125 36.53517532348633
0.9998682071527294 -0.012125152839829439 -0.0076543449431372 -0.007613146346226429 4.209313957299812 1.0977263059141456 -0.2228979440212891
3.5 -1 888.0 9.5 -1 377.0 61.0
0.9998763941062517 -0.010787444504679212 -0.006343876077137459 -0.009517498960134619 4.218038233952802 1.0401539873363124 -0.22739502547195656
3.476841449737549 -1 609.1905517578125 4.551892280578613 -1 723.8101806640625 4.7394914627075195
0.9998507226741173 -0.012089466760171415 -0.004740353632377797 -0.011397640498811937 4.232284780804777 1.0005384940167033 -0.23415000148012574
1.3360968828201294 -1 1235.355712890625 2.4324758052825928 -1 540.9674072265625 3.2087926864624023
0.9998106493496419 -0.01440961965290282 -0.006239556249872258 -0.01149331311288056 4.221883679691181 0.9766242379861299 -0.21827768589713178
2.171034336090088 -1 328.6683044433594 3.729969024658203 -1 321.93572998046875 4.295082092285156
0.9997924932163125 -0.014159338689006044 -0.006550155699866056 -0.013098820424277593 4.221978175743073 0.919520424292462 -0.20722481803451048
3.880492925643921 -1 799.9945678710938 15.822652816772461 -1 1139.2999267578125 26.001676559448242
0.9997842868837119 -0.01345723509590582 -0.004366494245731174 -0.015205796657960907 4.240653129652701 0.8595365645431524 -0.2198516480238006
2.9730162620544434 -1 626.7833862304688 4.740581512451172 -1 686.4722290039062 4.284376621246338
0.9997504686674032 -0.014795609340336562 -0.0039549668662371045 -0.016261875065401037 4.2479569709518605 0.8212228387169574 -0.21931753999098377
3.6960036754608154 -1 762.2769775390625 3.725567102432251 -1 106.08329010009766 4.435492992401123
0.9997201762156018 -0.01606574494511486 -0.004678645245072109 -0.016720388317126755 4.246712388266366 0.7878690306604385 -0.21060606025790654
5.077550888061523 146348 1013.7777709960938 4.396803379058838 -1 1148.2703857421875 4.7289719581604
0.999718379376786 -0.015335775811655005 -0.004578991701322212 -0.01752166520358769 4.250730038009268 0.7368928773276833 -0.21210870367094437
4.088846206665039 -1 821.6268920898438 4.689242362976074 152571 1062.3475341796875 6.240992546081543
0.9997190164306029 -0.014316430940503262 -0.0038686680938709323 -0.018492198336957335 4.258830668595828 0.6858132994995789 -0.21861408536360358
3.4826347827911377 -1 1210.01904296875 3.4323158264160156 -1 631.0538940429688 3.879537343978882
0.9996894418281522 -0.014180301867944594 -0.0031039234433148954 -0.02025597678487496 4.2714816694143805 0.6227636149476384 -0.23072501841419465
2.9005188941955566 -1 1278.1531982421875 4.808420181274414 -1 1120.4306640625 5.6097564697265625
0.9996871073621558 -0.013206884867186679 -0.004071119690055835 -0.020849257791585453 4.268823996578253 0.5662628704689567 -0.2240885194114329
7.5624518394470215 -1 373.0165100097656 13.278938293457031 -1 373.0165100097656 13.278938293457031
0.9997378430700277 -0.009867736190988508 -0.0060224446764193685 -0.01976368073698188 4.258713672942127 0.5157488322207177 -0.19560540421833933
1.5792624950408936 -1 1172.6632080078125 2.369114875793457 -1 923.7424926757812 4.045882225036621
0.9997085056354589 -0.01217528149136122 -0.005346181601988277 -0.02015154145474731 4.266819703059999 0.482272424063743 -0.202230052990344
3.1636831760406494 -1 1094.3404541015625 3.1636831760406494 -1 1360.8829345703125 3.9234941005706787
0.9996827280878673 -0.014317527682906223 -0.00446706930226524 -0.020236028654288512 4.28165493666771 0.4421784451462932 -0.2152639371238942
5.189781188964844 -1 1014.1939086914062 6.114671230316162 339740 1052.7586669921875 5.821434497833252
0.999715419962562 -0.01362439436181707 -0.004835389372721365 -0.018975615325107865 4.287942645656885 0.4000250613073876 -0.2083119981764442
3.0334229469299316 -1 897.0955810546875 6.97531270980835 145755 897.0955810546875 6.97531270980835
0.9997465586672973 -0.013468195433083646 -0.0053666513662956605 -0.01722281039160769 4.291025492501703 0.36122146795697807 -0.20058337195569978
3.365036964416504 -1 1112.0985107421875 3.781129837036133 -1 621.9531860351562 4.039092063903809
0.9997394358365908 -0.014629364660961302 -0.006096322850151173 -0.01642793262887018 4.29202583251306 0.33084753258773586 -0.19308565003980574
3.1722097396850586 -1 1131.6134033203125 3.1873812675476074 -1 776.8187866210938 4.84956169128418
0.999756672317546 -0.01491661474587283 -0.006692918011453203 -0.014808632940361215 4.295214882262765 0.3005445082980624 -0.18592085865924732
2.4230120182037354 -1 740.8829345703125 3.3136658668518066 -1 1011.345458984375 3.3256995677948
0.9997387074819141 -0.015128361923926139 -0.007338606079085178 -0.015485292658087608 4.29562410664018 0.25101596234394336 -0.18665283485076514
3.1694538593292236 -1 1000.4727783203125 3.3655591011047363 -1 1185.70556640625 4.86880350112915
0.9997722421967282 -0.014873583659897965 -0.006795516689157749 -0.013713540570040353 4.296230324084563 0.2174141835270329 -0.197352346291121
2.7893831729888916 -1 1130.42529296875 3.984668254852295 -1 1571.3248291015625 5.769344806671143
0.9997554511956926 -0.015101324382817843 -0.0053551370833389705 -0.015241729337596866 4.303315385642181 0.16633330131602614 -0.2079991790796753
4.422575950622559 -1 747.281982421875 5.33105993270874 -1 766.0849609375 5.14363431930542
0.9997346680031873 -0.015904248981948782 -0.0041426653947587416 -0.016139602854598405 4.3069575501066435 0.12695396833382394 -0.2109418161226971
2.7884066104888916 -1 163.32591247558594 3.7066588401794434 -1 267.11102294921875 3.7112438678741455
0.9997210661815675 -0.016634102745432883 -0.004903550879603569 -0.01603283029959261 4.296601481901361 0.08023754113561972 -0.19922635205419584
11.038455963134766 -1 392.956787109375 33.76535415649414 -1 392.956787109375 33.76535415649414
0.9997405932034159 -0.015790054595454364 -0.005845387984917311 -0.01533792412487668 4.28616035176616 0.029540662616749 -0.19148871669619572
41.05342102050781 -1 812.1163330078125 76.79730224609375 131255 1260.456298828125 118.86231231689453
0.9997375799880234 -0.015364446121988784 -0.006503733677873022 -0.015697337459021604 4.284413504779747 -0.01702297335671929 -0.1884890603497126
3.9803357124328613 -1 730.3692626953125 3.9803357124328613 -1 1283.7774658203125 3.2849228382110596
0.9996985946339159 -0.01731779797035753 -0.007250681675798878 -0.01581901942813549 4.286305414515389 -0.05110612767229862 -0.18593468253532172
1.4179661273956299 -1 697.018798828125 3.452216625213623 -1 474.1744079589844 4.015102863311768
0.999680078504167 -0.016938415337865678 -0.004433316081469608 -0.018253121274637407 4.304929414628419 -0.12081491370331815 -0.2063287253584246
27.196435928344727 -1 852.4197998046875 30.215518951416016 142203 783.8463745117188 112.06592559814453
0.9996671587970181 -0.016372570463663205 -0.00300701635939101 -0.019709602018416005 4.312367490622564 -0.17537546337849833 -0.2140833844549172
3.4937827587127686 -1 1204.1209716796875 3.5466926097869873 -1 296.71734619140625 4.8234124183654785
0.9996597816756277 -0.01788870245311587 -0.0031016065347193654 -0.018726859365204827 4.309605907202569 -0.20920899342185495 -0.20943595226269157
4.406839847564697 -1 265.5609130859375 5.962367534637451 114981 549.3605346679688 6.072371482849121
0.999635765075954 -0.018294188959459577 -0.0023594073521179602 -0.019700076859610546 4.311275400163189 -0.2597136688827658 -0.21312155979194525
3.6627726554870605 -1 1026.2945556640625 4.613829612731934 -1 1114.7232666015625 5.05902624130249
0.9996389488433779 -0.01797463283335761 -0.002355295108782981 -0.01983272837415958 4.310309827102605 -0.3040394590462709 -0.208531681789606
2.994152545928955 -1 555.9906616210938 5.628496170043945 112712 758.7442016601562 5.198331832885742
0.9996179575758721 -0.01925126797875389 -0.003109300797144848 -0.01958723619107713 4.303999531715644 -0.33394310193240906 -0.1954883895256725
4.918560981750488 -1 519.4037475585938 4.347120761871338 -1 374.4954833984375 4.94463586807251
0.9996067927703743 -0.01984179875825775 -0.0026823049960890935 -0.01963079492202372 4.305354163013796 -0.3730446280602415 -0.19602893106341177
4.015581130981445 -1 731.3193359375 6.223430156707764 -1 734.7352294921875 9.411420822143555
0.9996346516739494 -0.018847910522523523 -0.0025244144907130748 -0.01920798722188283 4.306163709927892 -0.43585671762946543 -0.1908687935964262
4.480600357055664 -1 847.7131958007812 5.5365681648254395 -1 763.9335327148438 6.725100040435791
0.9996224260353388 -0.019483151790124314 -0.0029825535180074397 -0.019144621648366958 4.296876304620184 -0.4802898619868626 -0.18050045922112995
3.852597713470459 -1 854.1319580078125 3.852597713470459 -1 648.2557983398438 4.108433723449707
0.9996035520472646 -0.020710677227058223 -0.004188904642551414 -0.01860805366457884 4.288752089503381 -0.5102721342584847 -0.16359668343677797
4.79470157623291 -1 529.7623291015625 5.167918682098389 -1 860.7816162109375 6.3050689697265625
0.999590644545632 -0.021749099577869267 -0.004013684521649138 -0.018149665037154965 4.294540044358145 -0.5525914464682988 -0.1572438227762122
2.2195210456848145 -1 633.1212768554688 4.102688312530518 -1 780.4644165039062 4.916584014892578
0.9995922992202603 -0.02114966115039395 -0.0040215061575762275 -0.018755123593347363 4.295740217936755 -0.6111375014532351 -0.15352388795755398
5.321091651916504 137755 909.3964233398438 8.037664413452148 108607 838.4248046875 8.898740768432617
0.9996054574342256 -0.020796656728998456 -0.005051431464045989 -0.01819097514629097 4.2933089842161465 -0.6589617401444783 -0.14170624062701792
3.152444362640381 -1 952.4798583984375 3.2387819290161133 -1 912.0875854492188 3.176668405532837
0.9995918324814755 -0.02065613621048169 -0.006010140032003487 -0.018798156557901124 4.28723117353832 -0.7065854902650132 -0.12711003896052353
2.647972822189331 -1 789.6563110351562 3.620006799697876 -1 789.6563110351562 3.620006799697876
0.9995465737686818 -0.021734885623533 -0.0057547130909862375 -0.020028102542713814 4.283531621175446 -0.7595086176624563 -0.11431264696325799
1.0510843992233276 -1 654.5564575195312 3.5486557483673096 -1 1237.5479736328125 3.8012633323669434
0.9994936996446383 -0.023946507512914123 -0.006607823868475198 -0.019880790032858607 4.276929610159389 -0.7996696386704527 -0.08914463427015765
3.3525187969207764 -1 943.7495727539062 3.778953790664673 -1 541.0214233398438 4.05087947845459
0.9994058242754706 -0.025146284371016066 -0.009953095973872263 -0.021368169484870622 4.249135274509368 -0.8610862047407113 -0.04109548317440269
4.5277323722839355 -1 353.3667297363281 7.201005935668945 -1 353.3667297363281 7.201005935668945
0.9993363341291472 -0.026282796398230876 -0.010982682926325189 -0.022704329511056824 4.228911568142497 -0.9152471948237357 -0.011608875602554365
2.170551300048828 156996 855.8814086914062 4.531941890716553 -1 1004.3334350585938 4.34337854385376
0.99922707143896 -0.02835087658372299 -0.01278761061656377 -0.024040892561909222 4.2082422738934495 -0.9586859214709225 0.024505517356108883
3.118673801422119 22021 919.78271484375 3.235726833343506 13088 947.3223876953125 3.3749327659606934
0.9990605880757268 -0.03166122813466543 -0.015204999948713766 -0.02538337966755433 4.186472572538172 -0.9874448875111901 0.06480407726695873
1.2750515937805176 959 360.6398010253906 3.2128071784973145 1981 1145.976318359375 3.7488856315612793
0.99895729208779 -0.03331904997401518 -0.016639396267322346 -0.026406438330791045 4.173243606473547 -1.0058243691823359 0.08669804632487346
2.02659273147583 -1 780.5286865234375 3.093142509460449 19580 950.50390625 3.8785080909729004
0.9989550960972902 -0.033129249433673784 -0.01806268293300126 -0.025785815838894617 4.1628908619130165 -1.005333990069596 0.09909112423485952
3.669497013092041 19913 895.566162109375 3.418551445007324 959 702.164794921875 4.8172502517700195
0.9988637364148844 -0.03409103118276245 -0.01963388408120843 -0.02689885246768368 4.138802517912351 -1.0038800972883861 0.12011096157206705
0.6129634380340576 -1 0.6138122081756592 0.6129634380340576 -1 0.6138122081756592 0.6129634380340576
0.9987916745875631 -0.03590517093033784 -0.01984184880664971 -0.027061236316337584 4.118943160783854 -0.991176938975155 0.1296111826475768
3.4088311195373535 35323 401.3550720214844 3.3748483657836914 33585 428.5430908203125 3.2640395164489746
0.9988154578944523 -0.03612430861252109 -0.018533335873190636 -0.026818479818487943 4.1050413336236415 -0.9913706495789225 0.12305242177318411
3.415036678314209 33586 1226.0010986328125 3.495272159576416 8631 399.07891845703125 5.199103832244873
0.9989672482740802 -0.03432886093844199 -0.01636541931723644 -0.024862406016964645 4.1002155732914325 -0.9894064507855396 0.09925492484795201
1.9323729276657104 35324 960.4806518554688 2.3278119564056396 -1 318.92840576171875 4.697704792022705
0.9990530430410541 -0.03322886781305306 -0.013324406865285486 -0.02472488050447797 4.085354146461251 -1.0034458981218883 0.07669494029882926
3.962160348892212 198542 782.3641357421875 4.574950218200684 17672 892.066162109375 4.478429317474365
0.9991388778265698 -0.03327460940890684 -0.010435455610642552 -0.022481202155266482 4.068406041156116 -0.989260863408454 0.05100114655405516
3.2337405681610107 -1 383.9591979980469 3.2337405681610107 -1 889.7463989257812 2.7915775775909424
0.999259370181641 -0.034378055574212314 -0.005611749330259969 -0.016351411822256617 4.075901837971411 -0.9363474353312498 0.01181382721730488
4.577925682067871 7121 484.3818054199219 5.899537563323975 190218 815.4232788085938 5.831240653991699
0.9993204220849663 -0.0342314612325553 4.777844424623705e-05 -0.013671092971273278 4.084091101831458 -0.9168765511105724 -0.036176662554966724
1.8942146301269531 35555 1509.4359130859375 3.8700411319732666 20628 350.8575134277344 4.391678810119629
0.9993929520343741 -0.033559432701279715 0.001826046982902532 -0.009173737144904628 4.067667019990572 -0.884233561982671 -0.0541786163521777
3.162191390991211 13083 888.3880004882812 3.8632378578186035 959 938.1806640625 3.2341296672821045
0.9994448687385741 -0.03307034863674375 0.0023692513197146868 -0.003270021615049328 4.0401718394565975 -0.8460184218648165 -0.06305812767999613
3.149221658706665 156996 960.3070678710938 2.620128631591797 961 693.5029296875 3.0314512252807617
0.9994346680027152 -0.033407141117960754 0.003782425025661272 -2.4032318621148226e-05 4.006395213004977 -0.8206853948992167 -0.07377807857676129
4.616997718811035 -1 948.7760009765625 4.331413745880127 961 1309.2567138671875 4.722299098968506
0.9993665599996904 -0.03520761445026641 0.004444163877818539 0.0026743310441749374 3.9495058919230366 -0.787953372923566 -0.07429543974038993
3.1896564960479736 13083 868.63232421875 3.1806704998016357 626230 405.6946105957031 4.904805660247803
0.9993057574915123 -0.03646173555239702 0.0061738272678132314 0.004519816554813759 3.885633401853297 -0.7666443538961273 -0.08286456162685303
4.93770694732666 -1 728.0484008789062 5.028933048248291 171993 735.0477905273438 5.430924892425537
0.9993138937164363 -0.03593539797935654 0.007466128981999904 0.00496446526673333 3.8336572246723035 -0.7625414540075827 -0.0935775327210061
2.7943098545074463 35555 1176.7266845703125 3.821988344192505 152437 833.333740234375 4.476435661315918
0.9993088633535567 -0.035542320279516315 0.00949698770585367 0.005324125908136208 3.796598766040555 -0.7593972078181471 -0.11044029029081438
5.922337055206299 9046 834.1619262695312 5.381709098815918 29222 910.5725708007812 6.175809383392334
0.999264987468866 -0.036030327710573816 0.010877316739181688 0.007279030462303258 3.759662902724918 -0.7381218196389998 -0.1169572829989682
3.7057719230651855 113599 1228.2899169921875 3.992807626724243 -1 366.873046875 5.238737106323242
0.9992139240359396 -0.0370629462972399 0.010547502490393292 0.009307105655501456 3.71760447940727 -0.7150532541586416 -0.10905835291142485
3.9399757385253906 11679 1234.3970947265625 4.397806644439697 50735 230.92962646484375 5.254989147186279
0.9991994753289217 -0.03726722902626647 0.010949464169549684 0.00957451709022552 3.678136038652462 -0.7119523763273089 -0.1112643150414004
1.4361988306045532 12564 1084.516845703125 3.805079698562622 -1 1084.516845703125 3.805079698562622
0.9991754686100983 -0.03757812407955292 0.012566116609761282 0.008852131483558085 3.6472093164833153 -0.719837976940025 -0.12183793903186407
1.1640915870666504 -1 765.7081909179688 1.6571886539459229 12564 1090.8612060546875 3.3474671840667725
0.999167174432861 -0.037694944821662024 0.012361929720002388 0.009551511102566239 3.6078109838366665 -0.7155066688291003 -0.11892151904472585
4.28087854385376 40954 516.2993774414062 6.7146782875061035 -1 516.2993774414062 6.7146782875061035
0.9991623663820917 -0.037879470305320705 0.010550698486947408 0.011331111885632662 3.561072575139974 -0.6994254527005721 -0.1033738559455588
3.5449507236480713 -1 729.5301513671875 4.328304290771484 12564 1225.394775390625 4.740918159484863
0.9991337003912188 -0.038591831516763535 0.010500767807704644 0.011500137311385088 3.5224970725334246 -0.6919810483134723 -0.10147456039693192
0.883435845375061 -1 0.8887044191360474 0.883435845375061 -1 0.8887044191360474 0.883435845375061
0.9990455081012439 -0.040315842544965334 0.011562650781836385 0.012206993467443734 3.4927564362411436 -0.6760012138529816 -0.10079035993119323
3.6537766456604004 -1 553.6949462890625 4.182928562164307 187631 624.8319702148438 2.908142328262329
0.9990341744885433 -0.040221516707510174 0.011163419659005903 0.013723186920664945 3.4516839147925453 -0.6658178754075978 -0.08809315730870287
4.4112749099731445 -1 610.4625244140625 4.286808490753174 42042 650.934326171875 4.635577201843262
0.99899224484599 -0.04098401320144196 0.012439676924154083 0.013418637691519169 3.418407165778114 -0.6702796647242625 -0.08966499815895763
3.9293177127838135 194645 612.535400390625 3.6561996936798096 -1 853.0524291992188 4.821578025817871
0.9989461668056457 -0.042364721904818436 0.011784920785191565 0.013149213068517964 3.366930660198304 -0.6705456834901978 -0.08132575859309431
100.46098327636719 -1 789.4583740234375 277.0967712402344 102761 524.4063110351562 285.4240417480469
0.9988479261629349 -0.04401657159327296 0.012352608077558 0.014586805642803307 3.3110135196891948 -0.663857013925518 -0.07644969142788875
0.898146390914917 -1 0.8985512256622314 0.898146390914917 -1 0.8985512256622314 0.898146390914917
0.9987173305773137 -0.04521252781709347 0.01512684173436031 0.017049914722862065 3.276993345050641 -0.6513594231179737 -0.10217781929031729
0.9163933396339417 -1 926.3379516601562 1.1737583875656128 59387 498.4934387207031 2.7190582752227783
0.9986383801710651 -0.046022814054294196 0.017373779048479285 0.01736197101166129 3.2434366019381726 -0.6588166450103885 -0.12427507170328982
2.7893500328063965 195105 613.7423706054688 3.73003888130188 -1 613.7423706054688 3.73003888130188
0.9986262476181749 -0.04530336040206608 0.01768722672566834 0.01950346418150185 3.223011015351908 -0.66370504730811 -0.1196464713769916
3.3164937496185303 129945 772.3580932617188 4.003237247467041 -1 900.2652587890625 3.840709924697876
0.9986930253763113 -0.04353710684549229 0.015546423239023712 0.021796103245943513 3.1946366234994916 -0.671902771754004 -0.0841359851637892
4.471792697906494 40953 853.02490234375 4.683128356933594 43188 894.7674560546875 4.710825443267822
0.9986847506943313 -0.04319547246266651 0.014737291929690595 0.02336090999741967 3.180362340628077 -0.6705998856946667 -0.06645626822336313
0.5625414848327637 -1 502.05767822265625 3.8094427585601807 40953 529.4910888671875 3.3581533432006836
0.9986327446399287 -0.04669275229157288 0.015575872015484476 0.01760171660145741 3.1658274909579576 -0.6943564576896741 -0.05048880225557668
4.7039713859558105 -1 856.7041625976562 6.146648406982422 89802 1022.2322998046875 6.266427516937256
0.9985731268862594 -0.048312966252301304 0.01655219491890241 0.015607446808148533 3.163633319148767 -0.6944580361859665 -0.03405728813351286
3.413376808166504 -1 477.15936279296875 3.461743116378784 -1 477.15936279296875 3.461743116378784
0.9986380601199083 -0.04813931580938965 0.01515411584052911 0.013228149017990111 3.1366140445158526 -0.7057541863373248 -0.007702966234376614
4.421404838562012 -1 1018.3609008789062 4.144604206085205 -1 1042.32080078125 4.440087795257568
0.9986359091904004 -0.048984927636020775 0.012962697800608242 0.012600246254992072 3.1028166483179147 -0.7052420251233841 0.028814245059548143
3.5829405784606934 197128 886.4757080078125 3.8752994537353516 308661 806.479248046875 4.399582862854004
0.998577095391424 -0.05117999271663428 0.010603301610814988 0.010581252293670186 3.0623827623528186 -0.7069581778290999 0.06444805377813126
18.776809692382812 155922 689.6277465820312 21.316272735595703 628378 705.9013061523438 23.291486740112305
0.9985226441285949 -0.05331781408554751 0.0061893727398747095 0.008451717497957336 3.0109029137951606 -0.7200382207411976 0.10423983908802316
3.327841281890869 -1 1067.62158203125 3.555084466934204 -1 1052.85009765625 6.7373046875
0.9986752985083351 -0.0508754592531648 0.0026545216669620762 0.0072311347509897905 2.9652015917067334 -0.7565975463523934 0.11992521122180898
179.89866638183594 -1 459.8631591796875 192.61888122558594 -1 981.2409057617188 285.49517822265625
0.9988769807200173 -0.046911355739065366 -0.00012929826937228386 0.0066396816446769496 2.916015022610726 -0.7984406435163628 0.11662434749665868
11.559264183044434 -1 482.4810485839844 38.420875549316406 -1 959.6744384765625 261.53900146484375
0.9990207225302506 -0.04398512088293994 -0.0010136934252639358 0.004677341305571645 2.8581735601574434 -0.8286351837162425 0.10500517677017422
7.063320636749268 51247 926.2239990234375 6.763280391693115 -1 705.03125 11.214471817016602
0.9990221270893652 -0.04415312959635982 0.000376349116566199 0.002269161525689059 2.8034273106794765 -0.831631909777941 0.094292546386151
2.136492967605591 -1 886.40380859375 2.5990891456604004 91364 662.7208251953125 4.729377269744873
0.9989080454571864 -0.04664603466450064 0.0022084823473364733 0.0014095306678305014 2.751510202137486 -0.8128185385355894 0.08950817132007538
3.715590476989746 -1 778.7098999023438 5.6030707359313965 -1 884.9093017578125 5.712104797363281
0.9989513331331482 -0.04562079268565928 0.003868058153395947 -0.00012422704996262074 2.7104382921324923 -0.8197473480694225 0.07641600881447518
3.896883964538574 -1 1188.4251708984375 4.816392421722412 -1 583.6962890625 5.451163291931152
0.9990236402978825 -0.04383226106304798 0.0052010949526775764 -0.0018567787593783442 2.663096113751257 -0.8401721425127948 0.06039252212424795
3.6300108432769775 -1 199.4427032470703 4.042977333068848 -1 199.4427032470703 4.042977333068848
0.9991110671328972 -0.04155183506371884 0.005552531254688684 -0.004437333891709537 2.6023138977700424 -0.8731685387390438 0.05536704076484607
236.83067321777344 79175 1050.6197509765625 248.1859130859375 714789 632.7572631835938 250.6283721923828
0.9991156325273576 -0.04113065840056164 0.004683713599998684 -0.0073678087588958325 2.5218434416104603 -0.8970932454891648 0.06626256022704714
225.6142578125 195187 788.375 229.26010131835938 165956 792.9918823242188 229.55795288085938
0.9990431812393561 -0.04211625416844869 0.0029975136250230657 -0.011399915176593143 2.4294162260283225 -0.9095855094322433 0.08562425930182659
222.54055786132812 -1 985.989013671875 249.20693969726562 201498 995.3677368164062 271.477294921875
0.9989274619353098 -0.043691343026103995 0.002835991776201669 -0.015064842737344398 2.3447881313288916 -0.9154083279539232 0.10106649441681125
249.8515625 -1 516.1165161132812 264.4526062011719 -1 877.3442993164062 277.14959716796875
0.9988914632575365 -0.044165733338520204 0.0018659930665408187 -0.01617871131345523 2.2723264596278336 -0.9209768475869146 0.11311919773790569
20.5665340423584 -1 1356.123291015625 232.19143676757812 -1 680.4324951171875 251.71107482910156
0.9989452074210952 -0.04308693589288512 0.000579439814563041 -0.01586356754607293 2.209690640819097 -0.9315505588179739 0.11814805134988972
5.514316082000732 -1 670.5631713867188 7.577173709869385 186491 910.4655151367188 7.793464660644531
0.9990109382919111 -0.042219513917210766 0.000407317804445171 -0.013946035634406698 2.162903893754252 -0.9329982537795827 0.11833512020390756
3.56194806098938 89802 467.6424255371094 3.8909549713134766 -1 598.0770263671875 3.4779372215270996
0.9989801350095106 -0.04295755385077402 0.001141780360496016 -0.013857660738610668 2.1146175212474736 -0.9287666106191494 0.11097056504330209
4.062216758728027 74026 467.368896484375 3.762042284011841 -1 421.7801208496094 5.049402236938477
0.9989951503002638 -0.04320442862159385 0.0013981872543761503 -0.011836895557409528 2.070542442267693 -0.9172889086012853 0.10417124687789044
4.113779067993164 -1 897.8237915039062 3.9482581615448 -1 852.5970458984375 4.534160137176514
0.999092415387424 -0.041657590975621515 0.0009140860204640562 -0.00884053596667756 2.0275876031891453 -0.9113828858483118 0.10001027126744491
3.7270426750183105 -1 415.448974609375 4.229523181915283 -1 434.97967529296875 4.953991413116455
0.9991567354069112 -0.04035051812542363 0.0003853688048964925 -0.007583222856930965 1.9746393730671483 -0.9102503259351502 0.0993251819426792
3.298698902130127 -1 1277.65087890625 3.298698902130127 -1 1256.30908203125 13.424166679382324
0.9991703339010716 -0.04023468681330175 -0.0012547447168945423 -0.0061838050383390564 1.9176815269913015 -0.9030463436070841 0.10546277719669953
4.976012706756592 81887 1251.0968017578125 6.96898078918457 -1 1318.341552734375 23.5679931640625
0.9991818336958052 -0.039999690854571175 -0.002211553480469908 -0.0055495022326666425 1.8706157282456841 -0.9012882689622016 0.11045548864900556
3.893980026245117 80782 275.4794616699219 4.694196701049805 211179 353.62628173828125 4.67724609375
0.9991811052755165 -0.04005338345830616 -0.002765319439764529 -0.005019795049123571 1.8282304663596183 -0.8955728552363068 0.1169995685242462
4.326578617095947 80700 490.7410583496094 4.154288291931152 -1 1541.2633056640625 4.682547092437744
0.9991212945130147 -0.04138043460032824 -0.003028752935396363 -0.005926646487031662 1.781092865310042 -0.8856961253898917 0.12729147444549418
11.005589485168457 364339 987.0662231445312 13.664281845092773 596260 1297.5296630859375 15.543088912963867
0.9991000162111546 -0.041668862286042906 -0.0040805688199543385 -0.006797976225549418 1.7267882388304425 -0.8811010659951132 0.137018656840829
4.157256126403809 -1 1175.576416015625 25.950523376464844 92614 1170.9815673828125 43.02665710449219
0.9990979160339843 -0.041413969174138594 -0.005532435981728548 -0.007591408690178404 1.6614019549657386 -0.8843760313956833 0.14478036033281722
48.8304557800293 -1 875.4679565429688 52.727359771728516 86537 1150.5611572265625 53.83396911621094
0.9990663769583978 -0.041814956638409166 -0.006546260959878379 -0.008662003232157616 1.5958961267295424 -0.883880609159083 0.1465865780437728
3.1859827041625977 -1 1132.9593505859375 26.05233383178711 81887 1088.5972900390625 56.428489685058594
0.9990611366657589 -0.04116971508981612 -0.0065600764017620695 -0.011784106293995457 1.528615402798761 -0.8925326579645253 0.1418254502267243
3.9249913692474365 91364 1427.64990234375 6.095608711242676 716650 1227.7584228515625 16.879629135131836
0.9990800178463479 -0.04012714371686644 -0.0068384867891617546 -0.013496865402813888 1.4718328387599489 -0.9041923318538904 0.1341688002036574
48.4765739440918 -1 878.7030639648438 52.96809387207031 96420 1069.7821044921875 74.45515441894531
0.9990939145240495 -0.0394918607676264 -0.007955100131415595 -0.013728047057790743 1.4145946685391684 -0.9123449952331613 0.1306979670094172
3.677001714706421 -1 1069.5299072265625 9.376762390136719 81887 70.79166412353516 10.458263397216797
0.9990662222865436 -0.039786672358222426 -0.007292987696992906 -0.015182770472004078 1.3704106372308975 -0.9164806905079979 0.12693135704258804
3.0440444946289062 93082 156.51165771484375 4.800204753875732 663385 370.4480285644531 4.6569647789001465
0.9989965728460719 -0.04121403696725192 -0.005301774772114156 -0.016707536710438856 1.3421840750390222 -0.9133673353486271 0.1239284044448064
4.085183143615723 628388 1191.3336181640625 4.934433937072754 527259 227.66412353515625 5.369825839996338
0.9989905804350966 -0.04141874734274294 -0.003420622724503662 -0.017047196563759647 1.316382708140044 -0.9163493622258014 0.1209336220821349
3.3198113441467285 91364 1182.1912841796875 3.1154582500457764 -1 85.64070892333984 4.508391380310059
0.999043693418146 -0.04094388012353267 -0.0015846157788710845 -0.01525733642195646 1.280317472057568 -0.9158726440881667 0.11396350277364206
4.512694358825684 -1 1170.9595947265625 5.158127307891846 -1 1031.6512451171875 8.919595718383789
0.9990791879801216 -0.040708242787820335 -0.00043235896858716136 -0.013543565993893768 1.2290173211084308 -0.9136540821563687 0.11593387881762711
3.644644260406494 -1 1145.64501953125 7.536862850189209 -1 1145.64501953125 7.536862850189209
0.9990974611574784 -0.040885940218140265 0.00044021744337102356 -0.011506920081500381 1.1706360865674559 -0.9080654976302333 0.11777586188785952
4.087619781494141 -1 691.567626953125 7.697282791137695 596260 694.0254516601562 11.460498809814453
0.9990060134570425 -0.04262104856873621 0.003384853904067799 -0.012608491567870951 1.12485285201519 -0.8946202153552485 0.11018347813869844
2.8541178703308105 -1 1130.028564453125 3.536165237426758 -1 603.3338623046875 4.87172269821167
0.9989052825259138 -0.04513102782423833 0.006726270681504537 -0.010304569475303931 1.1018197040472288 -0.8728727875123038 0.10691959096881626
3.187772274017334 159848 1130.791259765625 1.8363122940063477 -1 1078.7412109375 3.9122166633605957
0.9989026705643672 -0.04628947160793344 0.006603713290484903 -0.002670304928428761 1.0807889432844062 -0.8532053955339142 0.11994789044457271
2.64259934425354 -1 629.2103271484375 4.130277156829834 -1 1066.2095947265625 3.6740951538085938
0.9989298571544027 -0.04572506133924989 0.004738845360402473 0.005089459269560598 1.064589508880006 -0.8403392844442171 0.13880298341940459
4.91694974899292 -1 597.3311157226562 4.5912346839904785 -1 1066.7249755859375 4.805068492889404
0.9989481055284776 -0.04553404457586165 0.004550389608826692 0.0029372095663962807 1.041998815012463 -0.8414696108927434 0.15032823940100037
3.6983416080474854 600258 748.1046142578125 4.186062812805176 -1 318.081298828125 5.123957633972168
0.9988635326732351 -0.04711830141775627 0.006279984671514062 0.0034742710855727122 1.0504343174174318 -0.8284380726967329 0.15636960149691362
2.5748372077941895 -1 1244.5498046875 2.0812697410583496 600993 787.8204956054688 4.208510398864746
0.9988339920258683 -0.0477914439422418 0.005999885151013095 0.003261232551960524 1.0712806316635624 -0.8176151164374924 0.1575413990866675
3.4093096256256104 -1 866.233642578125 4.908759117126465 -1 610.4935302734375 5.572359561920166
0.9988676311290464 -0.04744037041957349 0.0035041723271047945 -0.0007664942289022992 1.0669884118307211 -0.8209376977068488 0.15658376005081717
1.69608473777771 -1 234.45005798339844 3.624300956726074 -1 234.45005798339844 3.624300956726074
0.9990417489603012 -0.04374792270879793 0.000587811614443573 -0.001165148279666541 1.0520037470249075 -0.8414157681830127 0.14927869992767231
17.426042556762695 -1 930.8948974609375 53.46657180786133 -1 782.583740234375 64.63182830810547
0.9992887250751176 -0.037259286527836596 -0.0039033585285818077 -0.004307353872169297 1.0058151698787976 -0.8748959938778402 0.13097971915766468
11.579432487487793 -1 1032.3336181640625 11.579432487487793 -1 857.047607421875 36.51738357543945
0.9993490268690961 -0.03422663758387515 -0.007628403559775518 -0.00847745448952977 0.9478632465757175 -0.8850003243200594 0.11144167527114135
3.5145645141601562 100323 720.8651733398438 4.93674373626709 -1 1082.8980712890625 5.5810441970825195
0.9993282662565522 -0.03189850920778056 -0.012359006525478574 -0.013143680180907077 0.8845552654637734 -0.9003942002412055 0.09827521101103233
30.05876922607422 -1 816.19482421875 41.35235595703125 -1 454.63726806640625 70.365966796875
0.9994436107540456 -0.027897275993963185 -0.014858407876087465 -0.010650757269798512 0.8584420086814503 -0.9177713758089157 0.0732429851703949
3.2091691493988037 -1 864.6576538085938 3.997823476791382 -1 1070.077392578125 6.081736087799072
0.9995658486408149 -0.02326425483107636 -0.015461938013436479 -0.009371080566886573 0.8357356810125443 -0.9346498369209033 0.04721916085106268
2.277311325073242 -1 710.40380859375 2.282579183578491 -1 848.6641235351562 3.6650002002716064
0.9996203745087104 -0.022190818988506295 -0.014559467388771384 -0.007395696656850222 0.8043243354742171 -0.9361273338507742 0.024005929142942802
5.91513204574585 -1 821.0169067382812 13.574188232421875 587384 708.8402709960938 20.460124969482422
0.9995930601771081 -0.023525498220045855 -0.015353481509887123 -0.0049533407704661515 0.7405939219832725 -0.9218240803989128 0.014106971855567661
2.5004777908325195 -1 789.1497802734375 8.90064525604248 -1 789.1497802734375 8.90064525604248
0.9995557477750965 -0.02602356892945448 -0.014483132026713122 -0.00114884143314115 0.6655859281943706 -0.8938538678483213 0.027264237935531222
14.385306358337402 -1 1509.3096923828125 18.47583770751953 -1 762.5392456054688 26.507156372070312
0.9994820819777896 -0.029426622957550864 -0.012834609049718736 -0.002216862015997405 0.5873021141313206 -0.8698899905230779 0.04922581195240562
10.062848091125488 -1 739.1677856445312 48.57896041870117 592600 733.4132690429688 53.55856704711914
0.9994200820076118 -0.03192895783175232 -0.011496126237249531 -0.0028072073692251404 0.5174165040411627 -0.8538951760505141 0.06884135062076886
63.997371673583984 500272 579.4462280273438 127.0242919921875 -1 634.0744018554688 129.7017059326172
0.9994383829333539 -0.03136787496929395 -0.01170344249980448 -0.0014158294838137362 0.44583903668894226 -0.851930737203423 0.07892780230339891
50.279685974121094 496255 904.326171875 68.02050018310547 -1 904.326171875 68.02050018310547
0.9994718728134149 -0.03056375538212457 -0.01055413983848439 -0.0032314770703794245 0.3776189396756136 -0.8569765220669546 0.08201128740720041
4.2745208740234375 -1 966.6316528320312 12.323528289794922 527595 481.77374267578125 13.285223960876465
0.999486426836613 -0.030617583167435233 -0.008968448141812517 -0.003002183920515023 0.3134798170634261 -0.8556975172260078 0.08290856808361856
18.826648712158203 -1 591.4215698242188 95.44833374023438 -1 226.07101440429688 124.03903198242188
0.9994833154171274 -0.03064857006559664 -0.008958325031474373 -0.0036763797888234016 0.23681843842209074 -0.8580609110322256 0.0842290666663623
53.87129211425781 -1 599.0032348632812 66.43038940429688 -1 567.526611328125 126.40299224853516
0.9994563234196441 -0.0313248757217889 -0.0075324335216584775 -0.00700515401288461 0.15160798901472572 -0.8647344825235 0.08776632778784728
100.58345031738281 -1 562.4807739257812 103.53680419921875 -1 592.3948974609375 151.07505798339844
0.9993757421247471 -0.03194485522180304 -0.007510544427647925 -0.013086023073087006 0.03727636708129585 -0.8766566822851058 0.0893046164872216
0.5933641195297241 -1 0.5933592915534973 0.5933641195297241 -1 0.5933592915534973 0.5933641195297241
0.9992780319664794 -0.03283364600297462 -0.008912098922138978 -0.01690979042310566 -0.09497848152485339 -0.8824947071000965 0.09568235214438613
36.47861099243164 -1 377.2518005371094 65.675048828125 -1 1135.169189453125 122.49239349365234
0.9991118364269218 -0.03443872348713056 -0.011285638522274951 -0.021497604502484915 -0.2441830346995095 -0.8789133176674421 0.1030350635769405
33.65549850463867 745927 503.748779296875 280.12237548828125 -1 949.1803588867188 282.1770324707031
0.9990208752194736 -0.034371236259780044 -0.01175262905089317 -0.025254399697547794 -0.3679318458755636 -0.8790945699501131 0.10548251576278789
127.39373779296875 606663 1031.7958984375 127.26322937011719 577723 949.9054565429688 140.26205444335938
0.9989793934314241 -0.033514842402648 -0.010949358807445417 -0.028231868160215362 -0.4521445447023713 -0.8764597530626459 0.10556216569257833
121.65724182128906 -1 226.12864685058594 124.09652709960938 -1 663.3163452148438 189.79244995117188
0.9989512858832981 -0.033721522164905135 -0.009743898523433974 -0.029398024024618424 -0.5222544213714908 -0.8673940974992652 0.1148319723223848
3.3580172061920166 -1 1556.023681640625 16.982852935791016 -1 188.7500457763672 43.71149826049805
0.9989114742155485 -0.03478740428175103 -0.007744909655869995 -0.030095174999992015 -0.5768415347219804 -0.8528142245532015 0.12962084753685138
0.8251155614852905 -1 88.28465270996094 3.632178783416748 -1 630.4680786132812 4.591025352478027
0.9988917167662081 -0.03612104402652262 -0.005198057776497779 -0.029725217402798657 -0.6294441445162805 -0.8365983860208582 0.13759973556350558
3.4799251556396484 -1 1197.6961669921875 4.106085777282715 -1 1197.6961669921875 4.106085777282715
0.9988868900636224 -0.036554392428565965 -0.002940153660147092 -0.02966669428260993 -0.6907685582903584 -0.8237927523311807 0.14004560542655317
0.5 -1 0.5 0.5 -1 0.5 0.5
0.9988867269744586 -0.03664401388584408 -0.0007165068761161141 -0.029698645398131284 -0.7453475726238706 -0.8142906349599378 0.1418137317144086
3.5833816528320312 -1 1458.80859375 3.6209793090820312 232961 1154.967529296875 6.36059045791626
0.9988360080468296 -0.037095721093157556 0.0007421060464873063 -0.030821839404361787 -0.8007575176021979 -0.8034456444735179 0.14055392282471682
0.5 -1 0.5 0.5 -1 0.5 0.5
0.9987993305565996 -0.03844369330603189 0.0029953289698337235 -0.03021601775619799 -0.8313966616956239 -0.7916050143760306 0.14512585850418064
3.6624197959899902 -1 1000.5640258789062 4.4886698722839355 -1 1012.0171508789062 4.25712776184082
0.9988426970769361 -0.04050361394491023 0.005084632935995322 -0.025433644280362495 -0.8417813116708686 -0.7843039930440611 0.15509702913441473
4.607586860656738 -1 567.741455078125 4.771271705627441 -1 1393.31005859375 4.553979873657227
0.9988671822339898 -0.04307625302144024 0.006774404128780074 -0.019049832814549677 -0.8432960255415318 -0.7770914749675498 0.17697250848049997
4.064650058746338 -1 342.8526916503906 4.744304180145264 -1 442.8564453125 4.33419132232666
0.9989054615600663 -0.044045100831639164 0.007668887258965817 -0.013751222724224237 -0.8431681189192964 -0.7852496815458229 0.1954552202810783
3.301295280456543 -1 1032.0570068359375 3.49434232711792 -1 341.224609375 4.622097969055176
0.9989837734383634 -0.042706756818767955 0.007085142770480312 -0.012544085490511071 -0.8531237792187044 -0.8022837315371144 0.19822297516910425
4.2415595054626465 -1 1085.2547607421875 3.8945515155792236 -1 689.8414916992188 4.340743541717529
0.9991686558450461 -0.03870608540726817 0.005061478181371528 -0.011756596780900084 -0.8669682286321544 -0.8196706391611938 0.17630559227803083
2.5681354999542236 615538 1155.6505126953125 3.9958736896514893 -1 1364.1917724609375 4.064783573150635
0.999235313143465 -0.03743813433943861 0.0021974595789890964 -0.011061023264699231 -0.8728297855297416 -0.8175867503181494 0.16003440860984502
3.1675775051116943 -1 918.8154296875 3.854856014251709 236478 1175.986572265625 4.6290459632873535
0.9992615942462705 -0.036812841212335926 0.00012947672101097941 -0.011002918797121744 -0.8879148648053203 -0.8068597143528824 0.15071042294570425
2.420506477355957 -1 957.5299682617188 3.707294464111328 -1 1192.9427490234375 3.7177517414093018
0.9992854935267 -0.034998806619641346 -0.006721352408589577 -0.012586078980366592 -0.9630727570431568 -0.8032890831669212 0.12926423584559513
52.5703010559082 -1 1338.3563232421875 217.9034423828125 -1 746.1272583007812 236.25228881835938
0.9993167535556757 -0.03377052617588188 -0.011234581699957735 -0.009968038863095365 -1.0254163569522083 -0.8116190478911919 0.11127591279646294
3.311598300933838 -1 22.241090774536133 8.139596939086914 -1 1556.177490234375 16.79869842529297
0.999330030206201 -0.03360808695142688 -0.010842328995430129 -0.009614110540950307 -1.0851496079787764 -0.8176379588523897 0.09005683976235553
3.3736178874969482 -1 1235.025390625 3.644380569458008 -1 1407.981689453125 3.869748830795288
0.9993709881441832 -0.03371782824755734 -0.01019037296929681 -0.004110038045282162 -1.1324427438789022 -0.8302449171728227 0.08032407007084658
2.0 -1 25.0 5.0 -1 21.0 6.0
0.9993889950344741 -0.03370370731462852 -0.008783107488003096 -0.002924677775046432 -1.1927602464154454 -0.8247123134566873 0.09020520129789011
3.207287073135376 -1 1267.4747314453125 3.73654842376709 241387 1200.99755859375 4.14046573638916
0.9993771104580272 -0.03448452502422827 -0.007227303025529314 0.001993669329344213 -1.2465850445070272 -0.8277577229331485 0.10820956239048199
3.5133631229400635 -1 1550.9329833984375 129.35630798339844 -1 1016.5975341796875 242.99339294433594
0.9994061877564916 -0.03373093416768526 -0.006893578903912833 0.0014051776069246322 -1.3188985022271962 -0.8335571017421358 0.10597434968504085
5.04149055480957 -1 1225.4443359375 10.183424949645996 615538 1219.4661865234375 12.0571870803833
0.9994857000070054 -0.031744386985578826 -0.004088783562416668 -0.001977681823750285 -1.3762799024144303 -0.8431678065241702 0.10658264956968286
5.837191581726074 -1 963.1099243164062 10.820186614990234 -1 264.1394348144531 22.256778717041016
0.9995071386279683 -0.031038020625403305 -0.0023341903864969754 -0.004083217190892115 -1.425119072838056 -0.8462221825878474 0.10680731507915985
4.477348804473877 -1 1292.8167724609375 4.477348804473877 250322 225.8231658935547 4.80405330657959
0.999497552016047 -0.03127683010127134 -0.0021133977004028684 -0.004683691162523837 -1.4832008828689995 -0.8481925812801269 0.10913953931519393
5.027007102966309 536476 202.15322875976562 5.027007102966309 -1 1181.744140625 8.984452247619629
0.999518240540347 -0.03071035982128621 -0.0023249632706759124 -0.0038412462256724816 -1.5337790516528569 -0.8524669424279695 0.10757798736310718
0.5 -1 0.5 0.5 -1 0.5 0.5
0.9995392907257555 -0.030146480913514913 -0.0019182604770780884 -0.002952331405312561 -1.5779152265004046 -0.8604380918347813 0.107444066597954
1.7942938804626465 -1 262.3495178222656 3.450833797454834 236331 557.1726684570312 3.864105701446533
0.9995539648704461 -0.02981072931466907 -0.0005369440796910563 -0.0017039426498133795 -1.6065767739504782 -0.864566337945457 0.11049588346664688
0.9451566934585571 -1 1216.5184326171875 2.272000789642334 253196 948.73193359375 3.599825143814087
0.9995305030273471 -0.030610122984996237 0.0004525140228352469 -0.0012606029513773838 -1.64052747370773 -0.8580952299416404 0.11294074623670719
2.484656810760498 -1 1196.3179931640625 3.4805614948272705 -1 130.24073791503906 4.688159465789795
0.9995135245353873 -0.031156557279447005 0.0012626782154420888 -0.0006235808403126715 -1.6796207078135381 -0.8532188065997549 0.11784825575435011
3.860290765762329 -1 1447.9967041015625 3.9501938819885254 -1 136.28451538085938 4.569944381713867
0.9995173163152956 -0.03102396882847326 0.0015015864496318923 0.0006268828707831825 -1.7234154913546273 -0.8568616104346165 0.11716808952796043
3.5344996452331543 -1 147.89266967773438 4.357142448425293 97972 635.8883666992188 4.953197479248047
0.9995188724409996 -0.030895930125993933 0.0026260949369525536 0.0007541626512588551 -1.763608602067027 -0.8589035795153631 0.12155426871087412
4.231418609619141 97972 149.47952270507812 4.7169294357299805 501357 407.36767578125 4.342580318450928
0.9994949795077184 -0.03150371944746713 0.0040913875484562 0.0007497651426201472 -1.7999113698093707 -0.8560405546257829 0.12540983765760186
3.7337563037872314 599783 93.18763732910156 5.050479412078857 245798 637.8246459960938 5.791841506958008
0.9995014360901566 -0.03129235126206406 0.0042030297888808466 5.0465831643487696e-05 -1.8452294608044875 -0.8595341584309416 0.1161998177703563
3.1715259552001953 536476 1361.1287841796875 5.838825702667236 -1 676.5618896484375 6.597354412078857
0.9995431425385549 -0.029960988927660564 0.0035856847425952726 -0.0017286444266269069 -1.8982353449378975 -0.8729566507270583 0.09386092100031221
4.566280841827393 245206 1055.4736328125 4.777054309844971 -1 1055.4736328125 4.777054309844971
0.9995591869983913 -0.028939889660748765 0.006202022157143461 -0.0023343938615979967 -1.9393037569615479 -0.8818845404419164 0.0941397720146549
3.6635468006134033 -1 1061.77880859375 3.6635468006134033 -1 1073.727783203125 4.646152973175049
0.9994814171452244 -0.03053208921033193 0.009955350084779286 -0.0023620572634059467 -1.9968555211293038 -0.869222130363428 0.11556446333267405
7.835293769836426 -1 1113.5609130859375 13.484140396118164 714281 1461.795654296875 22.315204620361328
0.9993823635047967 -0.033520901244068965 0.010547066239056966 -9.439335555346854e-06 -2.069569401211832 -0.8624986374798929 0.12171754627275487
0.7782265543937683 -1 591.6107177734375 2.4984347820281982 -1 647.7459106445312 2.926734685897827
0.9993374676265375 -0.03316091939651442 0.01320016666914882 0.00712283809051799 -2.105225864110439 -0.9043150156206864 0.1267386708085497
2.636099100112915 -1 385.39886474609375 3.7344069480895996 -1 495.4002990722656 3.9868228435516357
0.9992234569015681 -0.032870576489670046 0.017537861697380804 0.01282309580407483 -2.1148920795817636 -0.9456078153259495 0.14072603123768287
3.257927417755127 599907 634.74560546875 4.329143047332764 265758 1089.0263671875 4.4704694747924805
0.9989866528132051 -0.03458647482773019 0.021523277374515624 0.019136138354415175 -2.115927227516868 -0.9757029877734189 0.15945561609744432
4.424908638000488 -1 1297.8065185546875 4.033589839935303 -1 1297.8065185546875 4.033589839935303
0.9989321470624332 -0.035627782336693364 0.022306237475914894 0.01917442204278094 -2.142568942954618 -0.978697978307757 0.17275353056232864
0.5 -1 0.5 0.5 -1 0.5 0.5
0.9990956801096752 -0.03337008570333493 0.022044947233188988 0.014431897582222492 -2.2039347247935415 -0.9758782826620681 0.18183983227074482
176.6804656982422 708814 994.004150390625 201.8431854248047 519866 842.6679077148438 211.70620727539062
0.9992242662633463 -0.03135752388128415 0.021039712206231413 0.011175952612232202 -2.2695467909422433 -0.9697685829689605 0.18368620443396563
164.1518096923828 265602 804.9267578125 167.95333862304688 509782 472.3371276855469 174.7017822265625
0.9992333384142947 -0.033006858363832825 0.018251585290985854 0.010495824728883909 -2.3236962050771517 -0.955430359841884 0.17585566535684471
59.14195251464844 268563 907.209228515625 86.1142578125 -1 808.3548583984375 119.9657974243164
0.9992654601585739 -0.03405717492831816 0.014761148086149038 0.009526671882369386 -2.370036573641851 -0.9484611085109987 0.1585421826693058
61.88653564453125 269087 905.9818725585938 80.97115325927734 237192 905.9818725585938 80.97115325927734
0.9993411817158658 -0.033309796366665624 0.011988752779886501 0.007995611266877402 -2.4165702267753093 -0.9546070389777275 0.14575541583277593
42.62540054321289 291406 297.6295471191406 45.82238006591797 -1 292.38604736328125 61.07376480102539
0.9994230871246733 -0.03245841199188242 0.009460364176261001 0.0032320152854609283 -2.47918999345799 -0.9419227304607398 0.140619085397429
218.56198120117188 -1 702.60302734375 221.23777770996094 -1 753.4992065429688 266.8313903808594
0.9993741878974725 -0.03466050140856722 0.004911260100236952 -0.005075601501488088 -2.5795900546743553 -0.8927566948550418 0.12809526865701906
193.38575744628906 728911 691.57958984375 209.8754119873047 -1 653.7969360351562 228.53890991210938
0.9994031080027566 -0.033635611819065055 0.004593002678792237 -0.00640137941230797 -2.6506144053323695 -0.9071716063759789 0.129028237497133
67.15713500976562 -1 352.7467041015625 96.93492889404297 -1 717.1924438476562 117.06950378417969
0.99955065367143 -0.028284898725231617 0.005397664530629494 -0.008325891347786706 -2.7139350085545466 -0.9376150328013313 0.12441048566329223
39.630828857421875 -1 596.6763305664062 146.1024169921875 514571 751.3863525390625 158.47010803222656
0.9996333959700593 -0.025841862647299554 0.005858398674299819 -0.00556335881081174 -2.7819639492858648 -0.9606866389224659 0.13346567991520428
137.5841064453125 -1 598.08740234375 137.5841064453125 -1 598.943359375 140.4695281982422
0.9995770143387525 -0.027581840903899583 0.008494030325309472 -0.0035896945288426095 -2.846038708153873 -0.948208393524597 0.1582533504255944
0.8004179000854492 -1 1065.5443115234375 3.3216257095336914 -1 695.5056762695312 3.97330641746521
0.9995600110311953 -0.027988782678373292 0.009635633505933912 0.001888639308841594 -2.8967550592795615 -0.9771109557809137 0.15894014541414692
74.77099609375 -1 574.6753540039062 107.21564483642578 298312 288.9153747558594 136.44833374023438
0.999634760160974 -0.025193429230545388 0.00866276658051755 0.004538047673750012 -2.9514737190191034 -1.0157283564636268 0.13461811363858467
132.64657592773438 -1 210.59716796875 145.9596405029297 663735 759.1597900390625 179.63531494140625
0.9997284149985307 -0.020891835034253868 0.008985365457059745 0.0050882886150662105 -3.0110352336936397 -1.055221526705418 0.12210827132019116
2.6138758659362793 -1 309.98345947265625 57.18881607055664 -1 105.53846740722656 58.35655975341797
0.999725338678304 -0.020221920818335792 0.009869394387292424 0.0065510439927836716 -3.0567742735064805 -1.0744589096740798 0.11881207208924442
2.4192278385162354 -1 174.9709930419922 4.080570220947266 -1 589.587890625 4.915000915527344
0.9997051659689901 -0.02053048168822001 0.010343243246681528 0.007816506617641633 -3.108788814506116 -1.0832995695373335 0.11777637238159579
7.6811699867248535 776040 569.3802490234375 8.460108757019043 236346 140.5852813720703 13.833860397338867
0.9997178959394811 -0.019937580726333136 0.00986709971163013 0.00832236483209411 -3.1606293167174355 -1.0921564815028533 0.11391099376223822
0.6351940035820007 -1 0.6353110671043396 0.6351940035820007 -1 0.6353110671043396 0.6351940035820007
0.9997244672621305 -0.020167486185012344 0.008667927420420636 0.008314390696919144 -3.226097300704327 -1.095359997048884 0.10717974729877522
131.78781127929688 717528 539.0557861328125 218.18658447265625 -1 777.8587646484375 224.02212524414062
0.99972555838986 -0.02064763797632787 0.007722105621610437 0.007927927399376667 -3.3061543406901173 -1.0973381202682664 0.10462259222939613
200.14007568359375 299532 633.899658203125 212.73934936523438 271821 633.899658203125 212.73934936523438
0.9997259524334925 -0.019970240354720652 0.007397904262884174 0.009720110268827943 -3.362108343894811 -1.122181150365388 0.1005864975805885
19.53868293762207 -1 379.90863037109375 34.7587890625 -1 568.7811279296875 95.56248474121094
0.9997283873080539 -0.01922255821202515 0.0077484021743541446 0.01065866454896938 -3.4190211471918337 -1.139441612729449 0.10318631644886261
11.021560668945312 281024 315.17578125 45.73790740966797 518780 33.58921432495117 49.43112564086914
0.9997138473904079 -0.019565717597685967 0.007733351444030603 0.0113842569454115 -3.4752948826026007 -1.1460421443044628 0.11238256721777187
192.50440979003906 -1 673.6123657226562 216.06387329101562 688250 673.6123657226562 216.06387329101562
0.9996992137868683 -0.020567007916975702 0.00793142827019001 0.010750469052795497 -3.5395245760049177 -1.1325174234026132 0.1226280347804834
88.31126403808594 311072 522.3297119140625 128.15774536132812 -1 522.3297119140625 128.15774536132812
0.999684308373712 -0.021737081062965558 0.007665019871232666 0.010001518315165173 -3.6152893098095746 -1.1176465553600978 0.13012846867614983
96.9746322631836 311072 511.4826354980469 219.7440185546875 359680 508.15594482421875 219.9700927734375
0.9996649524445886 -0.02225286537384888 0.006783057002456875 0.011348258646735722 -3.6932553411451274 -1.1271523474461647 0.12926448486208753
108.46920776367188 663690 1489.3612060546875 242.53834533691406 -1 619.6483764648438 270.9327087402344
0.9996560399292931 -0.021899808603964302 0.006690854008288455 0.012784079498861064 -3.7739701122775102 -1.141708173488255 0.1323218318369361
118.55502319335938 -1 1583.93408203125 140.93858337402344 -1 382.7341613769531 151.70828247070312
0.9995960172859035 -0.023027758214180807 0.00801755222295686 0.01460285705405089 -3.8297803548344485 -1.1457773720499025 0.1512094545850687
18.5 -1 18.5 18.5 -1 17.0 22.5
0.9995040118782714 -0.02527564692486032 0.009319914140606891 0.016309847092534184 -3.87122077353994 -1.1439534446330561 0.16877364489978897
4.642060279846191 -1 494.6478576660156 5.157961368560791 -1 621.647705078125 5.867648124694824
0.9994992312166872 -0.024562866070511793 0.01043257952547096 0.017003343556435232 -3.9086541564691717 -1.1581371979634676 0.17008423726978256
7.94916296005249 -1 446.85223388671875 12.933475494384766 -1 460.7843017578125 13.513069152832031
0.9995257406370232 -0.023137668070875285 0.010501376369915697 0.01739721858774308 -3.954969923899856 -1.1720639552524557 0.16001062639953822
4.467668056488037 -1 531.8377075195312 9.306190490722656 -1 577.6610717773438 43.48937225341797
0.9995253147831866 -0.022832713888216713 0.01055386977154968 0.01778842648790818 -4.008443916479326 -1.1814829294701148 0.1494995230823698
3.94863224029541 -1 103.1973876953125 18.41315269470215 639052 471.66650390625 44.565162658691406
0.9995653301495248 -0.020735066993930597 0.01114597012239299 0.017747538135174493 -4.062822489803593 -1.200847683664345 0.14081876657584275
220.68959045410156 -1 468.6910095214844 229.98707580566406 322185 403.3373107910156 265.1698303222656
0.9996147086598478 -0.01873673964250574 0.010968735365893927 0.01729322592605532 -4.1265787576418145 -1.2124920885834618 0.1279215725320585
67.17447662353516 -1 1080.2708740234375 168.208740234375 -1 1345.457763671875 238.60511779785156
0.9996278913812181 -0.018910235180322595 0.011188283440434254 0.016164903087284604 -4.191827439180554 -1.2037654944049077 0.12335455526159572
100.44673156738281 726886 394.43170166015625 209.8539581298828 -1 893.2778930664062 234.49891662597656
0.9996648088849788 -0.01885150602965671 0.011762609986820289 0.013286519622176472 -4.264634951506076 -1.1780850482433116 0.12191658684209072
261.0939636230469 -1 278.47003173828125 264.6272888183594 -1 534.1332397460938 321.90167236328125
0.9996992899442132 -0.017320535958749318 0.01178093896874502 0.012749046872313288 -4.329343663229892 -1.176719417955053 0.11377401271227128
241.46388244628906 -1 834.6964111328125 241.9851531982422 680174 208.75924682617188 322.5843811035156
0.9997364931401121 -0.01630337015016736 0.011238879581243814 0.01161171784946362 -4.38951093230831 -1.1652975071947957 0.1012751980422947
223.43934631347656 -1 1552.3345947265625 277.3520812988281 369627 786.1028442382812 314.0294189453125
0.9997601149193115 -0.016230852533006133 0.010628158977678744 0.010164363202990266 -4.448974105828478 -1.1454221630329127 0.0907849293854937
84.19538879394531 726886 1364.16796875 111.38591766357422 -1 1343.41357421875 122.92473602294922
0.9997714861568255 -0.01657824933494279 0.010915788649155293 0.007936162481185614 -4.511342451545977 -1.1181203192467783 0.09128130823912223
48.211708068847656 680251 1095.6900634765625 68.4214859008789 828112 1401.3040771484375 84.3819351196289
0.9998065549686248 -0.015457396799038481 0.010670974494816814 0.005835394528074034 -4.57413381339448 -1.1018590855148673 0.08124805665003758
194.16783142089844 384202 1137.792236328125 221.41104125976562 -1 1137.792236328125 221.41104125976562
0.9998411390245912 -0.014247420978208367 0.009966169480650247 0.003922139130729263 -4.645808873345932 -1.0956690084347076 0.06296374277476126
236.8513946533203 -1 960.0264282226562 239.21974182128906 -1 620.2577514648438 269.94384765625
0.9998739681263115 -0.012822349076058087 0.009218870320714228 0.0016271624152461711 -4.715174833099477 -1.0838633399409714 0.04814287475128814
37.71909713745117 -1 4.491333961486816 177.3829345703125 -1 923.902099609375 263.7002868652344
0.9999058148479949 -0.011504816555117689 0.007468442815590589 0.0004722193460790657 -4.796571704352998 -1.0801252561020036 0.030456906633228156
49.03367233276367 -1 1314.55419921875 241.4167022705078 695335 1144.4951171875 251.1453094482422
0.9999109515322041 -0.012318399329971549 0.005123397365175583 -0.00031119663872567816 -4.871323722157086 -1.0671670858602587 0.012297765986948535
168.01541137695312 -1 1024.9794921875 212.82357788085938 -1 869.746337890625 271.92596435546875
0.9999083567138479 -0.012876049917430583 0.004153689570961786 -0.0004820531964078911 -4.927818449372716 -1.0644766622653652 0.0013991416198859568
77.75001525878906 -1 648.5318603515625 189.60166931152344 -1 954.73046875 205.4127655029297
0.9999192797071768 -0.012272709636840967 0.0028259055553729318 -0.001681941093734075 -4.979272485451137 -1.0603062352050319 -0.019394049684830886
58.54240417480469 -1 1545.480224609375 63.161808013916016 -1 947.5750122070312 217.55519104003906
0.9999180318106847 -0.01262815343174535 0.0020073890195580926 -0.0006555837667871098 -5.019509802177883 -1.0735723483370507 -0.02643598473243092
15.57470989227295 -1 704.16064453125 15.833078384399414 716034 704.16064453125 15.833078384399414
0.9999224758809456 -0.012170634757250732 0.0015026321786303885 -0.0021586973527866447 -5.071278467183203 -1.0658284761936667 -0.030056744732339238
33.76108932495117 -1 1109.4857177734375 48.44029235839844 720265 1123.392578125 49.049774169921875
0.9999335586417759 -0.010479355876726578 0.0010927915540062012 -0.004676238768765523 -5.135478550027016 -1.0604760214662732 -0.037621775786849235
179.6451416015625 -1 704.543212890625 204.26718139648438 -1 976.7255859375 230.76702880859375
0.9999233645362905 -0.009501417016165909 -1.2002107066779873e-05 -0.007936497026975122 -5.214621652292667 -1.0422457969439967 -0.05438848432474846
2.939880132675171 -1 1124.4056396484375 190.4463653564453 -1 1212.5989990234375 226.33871459960938
0.999871705431037 -0.009739847234007558 -0.0005358171698999976 -0.012705154632995255 -5.299321306115813 -1.0018669092910206 -0.06077178248112067
211.35801696777344 413019 1133.0634765625 219.57875061035156 325485 634.72998046875 233.3464813232422
0.9998310849997094 -0.010038368521439148 -0.0012447002974140464 -0.015345466656354298 -5.361893895047027 -0.9752210726990145 -0.07031820864933658
152.35499572753906 -1 1290.798095703125 160.92767333984375 391193 1115.8106689453125 240.52606201171875
0.9998178916217315 -0.00978103140124729 -0.0010645911173875844 -0.016351809182965787 -5.409101831969692 -0.9655734027178766 -0.06699385848853957
4.617735862731934 -1 1344.34326171875 4.764729976654053 378015 973.8729858398438 6.437727451324463
0.9998377497864777 -0.008865520270310762 -0.0012476215963644233 -0.01563074190824019 -5.443638949648149 -0.974367206251172 -0.07158685455996314
8.707207679748535 -1 1145.158203125 8.95079517364502 -1 946.2211303710938 12.221094131469727
0.9998458486025822 -0.008157869993258477 -0.0015732362625999518 -0.015467809056799904 -5.486287166885462 -0.9776204517308189 -0.07919112209841618
3.702786445617676 -1 926.5233764648438 9.049097061157227 794425 902.3229370117188 15.217321395874023
0.9998403839384682 -0.00815396132832881 -0.0026196628731803132 -0.015679825472995224 -5.54440139062105 -0.9694319184483781 -0.08802696289652903
183.93209838867188 385752 1007.0234375 206.15213012695312 -1 1007.0234375 206.15213012695312
0.9997986125126169 -0.00971987649895054 -0.004545132083942778 -0.016958779231742813 -5.62133508361775 -0.9402247732774764 -0.10065889909211906
262.38714599609375 404323 1286.47607421875 268.3732604980469 389829 1286.47607421875 268.3732604980469
0.9997799717874845 -0.010423898871842387 -0.005988431425902779 -0.01718979447183303 -5.6858228595483915 -0.9277982408568377 -0.11208409645399012
37.45237350463867 -1 968.0206909179688 227.2550811767578 443688 424.4188232421875 250.88229370117188
0.9997328743643468 -0.010034561855902227 -0.007747376896637321 -0.019325258983589937 -5.755703337106585 -0.8975620634974881 -0.12845064034657258
35.551937103271484 -1 935.0577392578125 229.92843627929688 443688 929.0982055664062 231.40963745117188
0.9997006756251369 -0.009897351335671248 -0.009680102533210975 -0.02017169318946076 -5.806695626009762 -0.8810612062700113 -0.14841908212378474
41.900856018066406 794425 950.72998046875 219.4419708251953 -1 907.9367065429688 233.84432983398438
0.9997209110105265 -0.009363845170816376 -0.010890034030473481 -0.018757016039737617 -5.849592093339687 -0.8897465755134336 -0.16556205340165306
4.836609840393066 -1 729.9754638671875 25.064729690551758 730852 1291.731689453125 141.84234619140625
0.999727049764472 -0.0081212355070659 -0.010634464295541152 -0.01915149268883447 -5.886220366519871 -0.8834082804367644 -0.16864258886016126
29.16030502319336 391725 942.8639526367188 36.491485595703125 393637 1157.0040283203125 38.34988784790039
0.9997377386394722 -0.006761397740990541 -0.010639194158798907 -0.019119230849429167 -5.923472197290923 -0.8809118223734016 -0.17316561007145242
26.149049758911133 -1 248.14810180664062 37.779991149902344 -1 1077.040771484375 44.438472747802734
0.9997312049830988 -0.005677568824932534 -0.012075619084201827 -0.01895949416553617 -5.956189358172941 -0.8841137141251337 -0.199637981630708
3.409339189529419 -1 773.7838134765625 3.0713956356048584 -1 696.3262939453125 4.02103328704834
0.9997602050769618 -0.00312863715149516 -0.011306747349627198 -0.018490577016881185 -5.95968938385288 -0.9033222747571554 -0.21381365795201823
1.0699068307876587 -1 694.070556640625 1.7079167366027832 720260 982.5880126953125 2.9837465286254883
0.9997608845892393 -7.650215074508346e-05 -0.009564432718195633 -0.019664420142533893 -5.956116745485081 -0.8925228695158648 -0.2122182494461308
4.765100479125977 -1 993.7354736328125 4.765100479125977 -1 660.4696655273438 5.12490177154541
0.9997607653292252 0.0012597732719414312 -0.0077433054942063605 -0.020417303927029517 -5.948641640878015 -0.8656839993966745 -0.19798490311269212
5.320673942565918 -1 688.8023681640625 7.346585750579834 398943 1079.442626953125 7.268823623657227
0.9996902295619664 -0.00047000450590503265 -0.006432337992721532 -0.024038490843951883 -5.951083772264611 -0.7739892520795282 -0.16905766946893463
46.52702331542969 739844 1024.9468994140625 174.43875122070312 -1 1042.5255126953125 178.39553833007812
0.9996506331149044 -0.004408066660878916 -0.007535750952366928 -0.02494780789704781 -5.962455278727188 -0.6983154623674067 -0.1644684789488098
65.03778839111328 755633 678.5335693359375 66.37451171875 486408 696.939453125 68.95878601074219
0.9997038716635782 -0.005211645250256036 -0.00842442210402581 -0.022226939664528742 -5.955758244946287 -0.6786898837286013 -0.16973011517737127
4.279386520385742 -1 1212.43359375 4.279386520385742 -1 1211.39453125 7.968676567077637
0.9997015357728127 -0.004284946910195697 -0.008378752171279999 -0.022544957651516522 -5.953752494902726 -0.6370433447694902 -0.17469245091030625
3.547797918319702 -1 824.9285888671875 3.547797918319702 699465 1080.1888427734375 4.407578468322754
0.9997049335759896 -0.0034656948552965225 -0.006866402798826112 -0.023040990768641773 -5.951250514854607 -0.6052890630333788 -0.17040630582552269
3.126056432723999 -1 1106.721923828125 3.177819013595581 -1 629.915283203125 5.077013969421387
0.9996660282156609 -0.0028134595743766434 -0.0069560531818759815 -0.02472912859119941 -5.956469555324587 -0.5583355554875347 -0.1886736692756703
3.130857229232788 -1 791.5513305664062 3.130857229232788 -1 812.827392578125 3.748272657394409
0.9996485084233221 -0.002617943549303884 -0.006331385409629319 -0.025610926133092893 -5.950005623137015 -0.5156662654961808 -0.190606401866192
23.896108627319336 -1 856.1725463867188 27.472272872924805 711153 856.0989379882812 31.407716751098633
0.9995982736537268 -0.003009176543210986 -0.006254398469311326 -0.027479422570498256 -5.946464245015068 -0.45187917190679266 -0.19128883144405956
16.023521423339844 -1 1045.1318359375 16.754928588867188 -1 854.1326293945312 32.121517181396484
0.9996373543900582 -0.0021572643755924867 -0.007287671787338639 -0.025834003916914466 -5.946046531682014 -0.42928684887268725 -0.20562982361277685
3.505833864212036 -1 925.4757080078125 4.028024673461914 -1 559.4837646484375 7.726880073547363
0.9996596734235289 -0.0007440673535328918 -0.008357763671366826 -0.02470083968108265 -5.945455752464247 -0.4018580085827888 -0.2164360571876109
2.9447946548461914 -1 603.5933227539062 14.907927513122559 -1 536.1063232421875 19.61690330505371
0.9996819693068141 -0.0006032744512951135 -0.008515742133774363 -0.02372927387632322 -5.939091332858333 -0.36661825173831314 -0.21398385725296498
34.02579879760742 -1 855.2747802734375 62.63984680175781 694762 1054.0069580078125 75.6462631225586
0.9996662852487364 -0.001467962284271562 -0.008853470578112988 -0.02422352745672286 -5.934636339663536 -0.3005356674319948 -0.21676533495342937
22.85955047607422 674481 917.18896484375 67.36714935302734 727778 952.2116088867188 98.30328369140625
0.9997016409724176 -0.0020966715786178685 -0.009141025084041559 -0.022553817099547062 -5.929973737302097 -0.2657019644886579 -0.224013804758141
6.170630931854248 699807 520.3428955078125 14.921247482299805 -1 956.5504760742188 15.561070442199707
0.9997145713263091 -0.001813153324509829 -0.008850683641064633 -0.022116820566293945 -5.919051390799491 -0.2273656471920468 -0.23018577538148574
17.67039680480957 693634 633.6592407226562 21.033767700195312 -1 522.5880737304688 34.854148864746094
0.999712099426186 -0.0019427434202669049 -0.00811485903775168 -0.02249651243389128 -5.900521008374317 -0.18157823833558406 -0.2269737651157147
34.61739730834961 693634 871.10205078125 170.9495849609375 -1 884.9573974609375 174.63404846191406
0.9997233427907167 -0.002272856413445067 -0.008183120286855217 -0.021934186683115697 -5.888159787200419 -0.14717301198862412 -0.2309435774020539
13.603866577148438 705326 716.102783203125 18.516021728515625 -1 733.3881225585938 19.216144561767578
0.9997290619301027 -0.004005062043558363 -0.008670672507228258 -0.021226908598676437 -5.881416482550299 -0.11472257077300442 -0.23335769095081776
0.5596436858177185 -1 0.5595658421516418 0.5596436858177185 -1 0.5595658421516418 0.5596436858177185
0.9997248957326004 -0.004973867300377769 -0.008384810784267676 -0.02133280208110701 -5.870986995570175 -0.07760406914632122 -0.2289723926043766
22.204360961914062 -1 728.641357421875 23.659841537475586 744487 753.9063720703125 27.71761131286621
0.9997456495716147 -0.005848860633083301 -0.008871639129678673 -0.019892737646634132 -5.870528881531688 -0.05622210510976353 -0.2282696367789224
4.68345308303833 709863 819.2615966796875 27.421024322509766 709864 884.0381469726562 28.014310836791992
0.9997462708291767 -0.007584738097129741 -0.010637589450204432 -0.01834958860142319 -5.874446705997067 -0.03675551864804838 -0.23554567510689045
2.0335440635681152 -1 503.3577880859375 2.0335440635681152 -1 820.1477661132812 2.607304096221924
0.999743549653827 -0.008918161942130597 -0.011055628189031658 -0.017637301337957982 -5.869796535765352 -0.023176148211233347 -0.2283969117440244
4.099366188049316 -1 820.8004150390625 4.682310104370117 726583 478.4850769042969 9.20688533782959
0.9996649030547329 -0.011236954631284782 -0.011971703218410516 -0.020012265569803296 -5.868733999279048 0.03220093417532237 -0.2271180396214605
22.212322235107422 -1 864.8969116210938 21.981971740722656 726690 865.0135498046875 25.668319702148438
0.9996421568076642 -0.013965639711200881 -0.010256089685514686 -0.02037969245943102 -5.847091240638399 0.07839958584673441 -0.19302724443415753
63.47372055053711 -1 731.0805053710938 163.39852905273438 -1 1079.543212890625 203.9445343017578
0.9996533438824134 -0.016037201735334766 -0.009096377317082831 -0.01879510960103159 -5.825454104579764 0.10645382040807962 -0.18075394211366871
0.6080894470214844 -1 0.607342004776001 0.6080894470214844 -1 0.607342004776001 0.6080894470214844
0.9996494578901316 -0.016795654968124765 -0.009950293222621972 -0.017884601727232493 -5.809063023733851 0.11582818318810716 -0.1924032732949215
3.005101442337036 -1 797.4785766601562 3.005101442337036 -1 560.118896484375 5.284421920776367
0.9996728062774523 -0.013856313699651637 -0.010940277212664615 -0.0185092759050791 -5.789996171315833 0.10957815369554676 -0.20516068165103493
4.019103050231934 -1 852.701171875 15.20688533782959 -1 813.88427734375 19.8757381439209
0.999643449895073 -0.012074201454830884 -0.01095964028966234 -0.02114410144286098 -5.764892422276932 0.1280877774665565 -0.19848113789881247
3.403327226638794 -1 882.06298828125 3.296180009841919 -1 910.0966796875 4.097706317901611
0.9995983090739753 -0.013865822959090553 -0.013251827665790552 -0.020865006916673513 -5.74250286434257 0.13703932420204365 -0.21293542786967048
15.85305118560791 673390 907.4407958984375 19.618810653686523 -1 910.8372192382812 20.05293083190918
0.999599136146017 -0.015390361581909845 -0.014306809783666968 -0.018974166129995404 -5.712625052740729 0.12707898779256635 -0.21190650944155154
62.478607177734375 724090 849.8389892578125 62.478607177734375 704849 915.5160522460938 90.43878173828125
0.9996184225907515 -0.016246742489880693 -0.014156328838106596 -0.017281519883179487 -5.668654909791246 0.11225192622226987 -0.19903636220580276
3.672905445098877 -1 858.150634765625 8.010113716125488 836286 876.5079956054688 21.271142959594727
0.9995724209819801 -0.015697543829057123 -0.015858853788073564 -0.0188960071572444 -5.634214664347645 0.1175135299300028 -0.21100774425857688
2.5300230979919434 -1 1099.10888671875 3.1490278244018555 -1 867.198974609375 3.949376344680786
0.9995239878670151 -0.0151116403097166 -0.017739295721908566 -0.02021765052768771 -5.598998459357129 0.12577184820724718 -0.23354677203449925
23.070215225219727 -1 925.3253173828125 89.79854583740234 794646 489.03729248046875 184.3580322265625
0.9994674331593509 -0.016122791087597753 -0.01872527842229716 -0.021313601511981427 -5.545451060349029 0.1422714579028983 -0.2437880037743845
31.06598663330078 -1 1160.4490966796875 238.0433349609375 -1 974.206298828125 312.3432312011719
0.9995221926374251 -0.017449670545828935 -0.019516572801907744 -0.016431640489735975 -5.488709226524978 0.10176857890038239 -0.2477564637939182
2.6868507862091064 -1 62.91975021362305 6.314854621887207 -1 910.4652709960938 203.5177459716797
0.9994604218586688 -0.01853459748477577 -0.021742637142968965 -0.016204677233400775 -5.440328339421406 0.1123608988944592 -0.2706530997046764
0.5270544290542603 -1 0.5274744629859924 0.5270544290542603 -1 0.5274744629859924 0.5270544290542603
0.9994440047119234 -0.018241442393729396 -0.023160893225491766 -0.015572547954218731 -5.384978337172956 0.10268783683425838 -0.282018677585598
55.15802001953125 -1 979.1103515625 143.408447265625 -1 979.1103515625 143.408447265625
0.9994269943496394 -0.017793536913397433 -0.02461816581960775 -0.01493381803276033 -5.341227444177567 0.09389412459125547 -0.2886310365588056
4.383392333984375 -1 118.84651184082031 4.6950907707214355 -1 178.8854522705078 4.432832717895508
0.9993148158625157 -0.01871609046441031 -0.028592781500239334 -0.01421476702144757 -5.304475951174962 0.09125216693903275 -0.32085676952244024
60.60780334472656 -1 977.26025390625 70.8880615234375 -1 81.20793914794922 81.51368713378906
0.9992800204198181 -0.01875760615369065 -0.03043931713819816 -0.012690192012380603 -5.2343458421674045 0.07489557977541773 -0.31885095913010225
0.5258674621582031 -1 0.5257879495620728 0.5258674621582031 -1 0.5257879495620728 0.5258674621582031
0.9992564925695698 -0.019185503879819144 -0.030922314399013436 -0.012735343365899307 -5.165097111498242 0.08297751227889465 -0.3076538807487777
128.3412628173828 -1 11.140542030334473 128.3412628173828 -1 1193.91259765625 235.16661071777344
0.999234758408973 -0.020608019772431915 -0.03053799344253491 -0.013139180527115385 -5.083788964274765 0.09681138455390272 -0.2843473346279096
135.107421875 715815 939.3005981445312 278.9337463378906 675421 1196.417724609375 349.64697265625
0.9992266365593759 -0.020866363345118263 -0.030620586452739438 -0.013156874867409662 -5.012806960727907 0.09919530538873529 -0.26920996889179766
27.703256607055664 -1 95.42575073242188 141.5471649169922 -1 1235.928466796875 213.43612670898438
0.9991915560769049 -0.02107900118051161 -0.03213428261516214 -0.011802451213812667 -4.958031223168178 0.08472342583439502 -0.27210156343389336
236.634033203125 -1 762.1272583007812 261.5404052734375 679630 1099.7462158203125 266.6246337890625
0.9992059707973341 -0.021213323296831732 -0.03236387949970627 -0.009486945840988832 -4.888520493600616 0.06341116754383602 -0.2640061748534783
46.70435333251953 -1 143.99034118652344 86.89627838134766 -1 1274.0616455078125 198.53065490722656
0.9992183787579799 -0.022389874671265186 -0.03094775850795275 -0.010176507643234396 -4.811671651025485 0.07945166459368963 -0.24037622856683222
61.435184478759766 678801 136.37612915039062 63.43892288208008 -1 192.48812866210938 104.24024963378906
0.9992283202456724 -0.023048330492585554 -0.02977513258673082 -0.01117944363369603 -4.737444054153036 0.09546251837059164 -0.23126646055106015
53.47254943847656 -1 250.3553466796875 161.66453552246094 -1 531.24267578125 177.7679443359375
0.9992836137680209 -0.020699812974291583 -0.030182663174077293 -0.009632436933322835 -4.677251123474076 0.0652327250453232 -0.24385773694955992
7.341036796569824 -1 1418.001708984375 60.67295455932617 -1 1418.001708984375 60.67295455932617
0.9993620033729129 -0.016871369667348004 -0.03057093066246207 -0.007507416230415721 -4.611840218879849 0.020988177315459294 -0.2573311958312185
210.65469360351562 730636 793.498779296875 302.83770751953125 -1 1408.01904296875 305.5155334472656
0.9994236372404576 -0.015194450397218874 -0.02940632008667245 -0.007535936646554939 -4.54663028879279 0.01118098752305646 -0.2522163945771671
119.30197143554688 -1 275.3912658691406 155.8452911376953 -1 1253.9256591796875 257.2915954589844
0.9994449971709887 -0.014842524881300802 -0.02848847980484716 -0.008820635092731448 -4.481733118932112 0.020179788822414325 -0.24239040897611588
83.51062774658203 -1 1312.30322265625 152.6288299560547 -1 1311.4215087890625 156.12435913085938
0.9994331023070419 -0.014973599615176499 -0.028611046196840934 -0.009522256193185901 -4.428176652221068 0.027991725243790455 -0.23849660278583185
21.337053298950195 -1 375.0414123535156 49.46027755737305 -1 1307.3968505859375 92.57427215576172
0.9993673810742252 -0.015997674981521964 -0.029486259761560937 -0.011809848657108926 -4.381664302244026 0.049436162944506014 -0.23918786157367347
3.131418466567993 -1 886.5909423828125 2.9569311141967773 -1 549.0439453125 3.6829450130462646
0.9993139638884311 -0.016159952534427122 -0.03053687747368817 -0.01334003844948434 -4.3382015546646935 0.0527152158624523 -0.24232744391608196
4.76500129699707 -1 616.3582153320312 8.010130882263184 -1 372.9328308105469 8.720841407775879
0.9992644188192501 -0.01479323058334901 -0.03258341684893562 -0.013787768390232224 -4.2743256546851995 0.03591056336311899 -0.2503435272953882
35.365116119384766 678752 437.9930114746094 73.49795532226562 -1 439.0669860839844 76.59144592285156
0.9992441071936041 -0.015168123874481533 -0.032795694330653206 -0.014338224797923571 -4.214543943027999 0.039916985433935424 -0.24473470212178067
23.586809158325195 689587 470.90386962890625 50.297645568847656 -1 429.73126220703125 181.48216247558594
0.9992019089674632 -0.016776242731130906 -0.0335415825813677 -0.013750092128452485 -4.148471118922666 0.03817501172724035 -0.24614750121365095
13.162224769592285 -1 534.9862060546875 89.0076904296875 685153 470.0909423828125 173.48605346679688
0.9992097273338699 -0.016217321543502968 -0.03398441324084969 -0.012727094719656525 -4.075183612008614 0.026308990929711982 -0.24823610354741643
26.566003799438477 682737 512.0552978515625 31.01180076599121 -1 1154.7900390625 89.18573760986328
0.9992431511996741 -0.01529752898683276 -0.03275395866063938 -0.014362749719314753 -3.9985892766308604 0.03312304470263899 -0.24739871434375857
20.31680679321289 682737 561.429931640625 48.93560028076172 683157 556.4757690429688 83.29509735107422
0.9992629993386618 -0.014091745484118111 -0.03148593663260399 -0.016837952853011994 -3.921215857813192 0.045163257976031025 -0.2489624120990832
14.587985038757324 -1 1486.619140625 107.5682144165039 -1 559.0985717773438 122.7574462890625
0.9992549883162637 -0.012973947095249828 -0.03203179579480873 -0.017178739185196752 -3.8506861217884314 0.05284613009892641 -0.26450832141143543
8.684330940246582 -1 616.607666015625 45.56077575683594 -1 582.8456420898438 128.83331298828125
0.9992525567382012 -0.012487326765664705 -0.03358481997266757 -0.014507046212752459 -3.7939683025563644 0.04782906169659116 -0.28432776045475344
55.604652404785156 -1 689.8438110351562 68.23391723632812 685153 252.35816955566406 147.93704223632812
0.9992501184850366 -0.012858400427172043 -0.03348564481939491 -0.014579912109612635 -3.7188620833409463 0.06279823954290202 -0.2938514900294275
79.11194610595703 684210 629.3661499023438 118.95697021484375 686736 264.2065734863281 161.95079040527344
0.9992960172230788 -0.011149206540067066 -0.032408898069277776 -0.015258718214653189 -3.647447281653895 0.05872084951524168 -0.29128059719843163
29.21541404724121 -1 742.735595703125 29.21541404724121 -1 738.5949096679688 70.64781188964844
0.9992508761009861 -0.009412548898002422 -0.03398971253791334 -0.015930787056660175 -3.5963455592838764 0.0478495490296817 -0.30111581019912537
3.082688570022583 -1 726.51806640625 3.3674683570861816 -1 720.3573608398438 4.56402063369751
0.9992213603444917 -0.009702763060450781 -0.03520934930740457 -0.014927529656495336 -3.545408104535416 0.034324635930361905 -0.303123566553046
23.218700408935547 -1 778.196044921875 135.31997680664062 683148 722.4434814453125 138.6711883544922
0.9991956670427456 -0.011200446264070591 -0.03496297562544768 -0.016129454482491427 -3.5000324548121275 0.04532726470964008 -0.29290288962483496
50.212039947509766 -1 797.1144409179688 55.17498779296875 -1 999.241943359375 60.90462112426758
0.9992089248536158 -0.01271619005832912 -0.03325005332793498 -0.01772729412434488 -3.446578307044188 0.05976360889067723 -0.2750357680749588
0.5136245489120483 -1 0.5132883787155151 0.5136245489120483 -1 0.5132883787155151 0.5136245489120483
0.9992164856877629 -0.013711704905156726 -0.03273839129754683 -0.017510043222085776 -3.413782805892047 0.053473093355132006 -0.27344238529016074
0.5 -1 0.5 0.5 -1 0.5 0.5
0.9992270653510329 -0.012362765260447946 -0.030618421024736945 -0.021329467856226147 -3.3726157150338953 0.049909719329679296 -0.2669751024829586
2.1176538467407227 -1 739.8468017578125 39.92527389526367 -1 1426.4906005859375 58.56394577026367
0.9992547618683176 -0.01073683944695428 -0.02786808856101603 -0.02445425938640582 -3.3182098827834876 0.04072324755652972 -0.25966710230220125
19.600513458251953 688022 841.8568725585938 61.446571350097656 -1 808.064208984375 98.50503540039062
0.9993006680933441 -0.013114308854564409 -0.026618751167684786 -0.02275152165759675 -3.2606327991322472 0.02581472655696372 -0.25072346137570406
39.31177520751953 691352 126.61604309082031 55.396121978759766 -1 128.5655517578125 59.72744369506836
0.9992485402456297 -0.01801148823268081 -0.02467426304150358 -0.0238562748974094 -3.2151224380824637 0.06427047472189618 -0.2353228980867253
9.297869682312012 -1 671.6264038085938 9.297869682312012 -1 874.9265747070312 17.515844345092773
0.9992808492524436 -0.020642153191819668 -0.023047210054909884 -0.021920582510630483 -3.17925407552556 0.07408211728254425 -0.22452186664997573
3.9965429306030273 -1 960.8997192382812 19.789289474487305 730142 960.8997192382812 19.789289474487305
0.9994309904767658 -0.018592707804260773 -0.022122346471916205 -0.017395639617811272 -3.131745239909289 0.026518860368351552 -0.22846101497472243
43.47623062133789 -1 942.65771484375 107.85215759277344 795721 975.0327758789062 117.86380004882812
0.9996675682056474 -0.018033807602751396 -0.016283895987928912 -0.008623780644734198 -3.0275151636850652 -0.057266407327474296 -0.184358547306172
151.01263427734375 -1 1015.2554931640625 233.77459716796875 -1 856.8585815429688 293.9713439941406
0.9996957396197327 -0.01866920150888027 -0.015236812231058841 -0.005265800434139803 -2.971036201160734 -0.08525636850954174 -0.1733403028156382
2.964392900466919 -1 1082.72802734375 3.7485768795013428 -1 1196.691162109375 3.3964169025421143
0.9996919776952312 -0.019173463623937157 -0.015519952533356309 -0.0027311348962034293 -2.920585163460016 -0.11318596358730795 -0.1713296141741963
161.3756103515625 -1 682.7008056640625 163.39016723632812 -1 855.5925903320312 176.04483032226562
0.9997366365719413 -0.017161680162868117 -0.015235848117588394 5.623119334690919e-05 -2.8452370376643694 -0.16113458368068825 -0.1664590951390165
145.2677459716797 -1 841.516845703125 189.8910675048828 645617 1499.3150634765625 267.4993591308594
0.9997361162360822 -0.017084766093550523 -0.015355992015685483 4.65825901784701e-05 -2.7342224038820704 -0.17866499861166876 -0.15318794221432064
62.832794189453125 684239 74.88729858398438 119.28878021240234 -1 766.5427856445312 122.76285552978516
0.9997292490900607 -0.017298671288231884 -0.015225454472158662 -0.003220251791609489 -2.6359527926781725 -0.1647257506451463 -0.14938930666128525
60.5227165222168 -1 1217.020751953125 101.57544708251953 -1 778.4918212890625 162.7074737548828
0.9997439606277595 -0.01562670211483645 -0.014760538977184507 -0.007067238388388782 -2.5385345892374125 -0.1574329248326776 -0.1465591532883402
42.28377914428711 -1 1219.57861328125 46.918800354003906 525006 1215.8642578125 48.007301330566406
0.9997071057560266 -0.01522832499414889 -0.014644465938522935 -0.011804255002194317 -2.468130726181771 -0.13355964620907548 -0.14195946761423225
7.666671276092529 -1 1437.4942626953125 11.257085800170898 -1 508.5982971191406 19.720428466796875
0.9996424594747456 -0.015009918622514678 -0.01598572372291741 -0.015300725318813388 -2.416490627210027 -0.11428568503785409 -0.14772871958400566
3.98770809173584 -1 478.0522155761719 6.060319900512695 -1 882.3186645507812 5.843660354614258
0.9996121471423551 -0.014072534487651233 -0.01810703610922212 -0.015800452584774798 -2.3597876847788983 -0.12351035517503849 -0.16182475531928533
31.019559860229492 -1 1307.6102294921875 32.89603042602539 -1 1283.936279296875 35.47890090942383
0.999633086490878 -0.011704190332234878 -0.01834273178763897 -0.01613221968466502 -2.288448410257399 -0.14794288017342552 -0.16715282686360367
24.482223510742188 -1 1169.0726318359375 76.50776672363281 -1 1051.59375 79.52688598632812
0.9996699504962607 -0.00915883692620389 -0.017423326877086878 -0.01650858750763434 -2.2135309631969147 -0.1680395432188693 -0.16383771155187893
2.7191288471221924 -1 1333.59228515625 2.7191288471221924 -1 1390.6158447265625 4.097387313842773
0.9996972908272491 -0.008686845502648166 -0.018098151481887894 -0.014224005793380621 -2.1546401447767933 -0.18332729376239604 -0.16526160141045665
4.45482873916626 -1 589.3689575195312 5.070006847381592 -1 676.0560913085938 6.496623992919922
0.9997070767925775 -0.00990714715749004 -0.020167241557693956 -0.008993965420935016 -2.095848028270808 -0.1918455902064413 -0.16556597598289038
3.1627588272094727 -1 676.341552734375 16.71933364868164 519831 706.20751953125 45.159027099609375
0.9997022033711171 -0.011245874712491064 -0.02120362169303357 -0.004409229409224255 -2.0371583606101837 -0.19080591149170933 -0.1572271824570951
3.116644859313965 -1 152.1999969482422 8.49454116821289 -1 156.26422119140625 9.88305377960205
0.9996755401174595 -0.012885500724346643 -0.021925261137903374 -0.0014357179330708634 -1.9902151104151893 -0.18634928167026435 -0.1458906216268401
3.567275285720825 -1 380.380126953125 4.486902236938477 -1 182.76910400390625 5.732033729553223
0.9996091760114914 -0.01391864257709028 -0.024197029217211716 0.001506784490164686 -1.9588609149558835 -0.18868418262421652 -0.143021475841907
3.7433218955993652 -1 674.7033081054688 3.095621109008789 -1 1532.1656494140625 4.122895240783691
0.9995553421245307 -0.013732698642134361 -0.026187166638469244 0.0038423068287011647 -1.9204339062359086 -0.19659201391066805 -0.13579147973050323
4.38777494430542 -1 198.45367431640625 3.9380619525909424 -1 771.7581787109375 4.89033317565918
0.9994973632103898 -0.01454759342740195 -0.027639229408546705 0.005427841067191956 -1.8708213366146815 -0.19813410314165436 -0.1250160436381554
4.489475250244141 -1 507.9324951171875 4.368890285491943 -1 523.77783203125 18.361238479614258
0.9994250823891673 -0.016125568115552383 -0.028912867929427707 0.007315518604468351 -1.8186577891026434 -0.19721837006372306 -0.11660713537106411
3.9691808223724365 514153 65.0882797241211 3.9691808223724365 -1 1534.7335205078125 5.386672019958496
0.9993983020458655 -0.01644544523956001 -0.029375493788559748 0.008346350303692508 -1.7468600888833 -0.19992637849100703 -0.10428264267263172
156.67393493652344 -1 584.855224609375 194.09323120117188 532519 584.855224609375 194.09323120117188
0.9993903056212586 -0.018109310049121974 -0.028709965585930062 0.008173603602253627 -1.6649017563072046 -0.18930220160581243 -0.09745569799617881
4.283320903778076 -1 122.88492584228516 6.331249237060547 -1 354.9103088378906 6.645801067352295
0.9993793596966518 -0.01960916854549533 -0.028550915931811797 0.006420367646728277 -1.6104695642010374 -0.17804058553487542 -0.09583770390785057
2.8935952186584473 -1 278.228515625 2.8935952186584473 -1 437.2723693847656 5.505512714385986
0.999358733620473 -0.020756873827617935 -0.028637486043844956 0.005582841434026803 -1.5571220801593306 -0.17946354185501534 -0.09107632209679631
4.265812397003174 -1 945.4014892578125 5.951199054718018 -1 1585.9576416015625 5.463167667388916
0.9992865214567783 -0.021175211641415306 -0.030414170469722463 0.0072826287418657305 -1.5138453339896671 -0.18640032079215882 -0.0930216544378954
3.9413013458251953 -1 75.73587036132812 4.759505748748779 -1 288.1639404296875 5.593311786651611
0.9991996136757546 -0.021031227978689355 -0.03273317185515559 0.00929295110457517 -1.4643330842253062 -0.19624330940330814 -0.09662274978924766
2.7799599170684814 -1 283.53411865234375 4.584322452545166 -1 264.755615234375 5.047980308532715
0.9992014071845899 -0.020108612060742194 -0.03291764254070173 0.010422111632886718 -1.401825304794433 -0.21035124970296987 -0.09487236692421233
169.49102783203125 -1 1289.5986328125 186.8805694580078 514580 1289.5986328125 186.8805694580078
0.9992616182424916 -0.01819168535909378 -0.03188149097561708 0.01135127412957129 -1.3226196056132908 -0.22618548362707877 -0.09751987730562804
65.31556701660156 -1 660.3281860351562 142.55250549316406 -1 803.53271484375 159.2096405029297
0.999256219736398 -0.01859092070776824 -0.031630925954905534 0.011868846135845258 -1.2436668715362118 -0.22816496689606774 -0.10515759418597607
4.047900199890137 -1 214.1404266357422 45.57959747314453 -1 421.6946105957031 58.26939010620117
0.9993099640890376 -0.0196443706840119 -0.03044476773537848 0.008173768429221793 -1.1768573989038744 -0.2253221644933502 -0.1024720875290763
44.633262634277344 -1 1381.4815673828125 126.4400405883789 -1 1033.6859130859375 177.7064208984375
0.9993479112698951 -0.02206613596390227 -0.028200179057083143 0.0046462657338038876 -1.1025279405074075 -0.22653376541670903 -0.100103382104065
3.2253870964050293 -1 965.625 4.024057388305664 -1 1525.1517333984375 4.363642692565918
0.9993279463851588 -0.023606817496276886 -0.027889152691403667 0.002927268944638897 -1.0514711988037047 -0.23062485190480975 -0.10081498900476626
3.8470048904418945 -1 822.4323120117188 5.779508590698242 -1 283.30303955078125 6.374732494354248
0.999262970609411 -0.024378836492028814 -0.0282943905366117 0.00886653056793944 -1.012566988269326 -0.23993116051888333 -0.09816159149899105
3.3174796104431152 -1 639.9212036132812 6.876718044281006 -1 510.1686096191406 10.018616676330566
0.9990549703209539 -0.028084117218841305 -0.0300699765917655 0.014008752435789685 -0.9575864665361326 -0.23771471168729294 -0.09306275405045641
3.892420530319214 511056 155.10791015625 4.573302745819092 -1 155.10791015625 4.573302745819092
0.9989667853026242 -0.029342701226689485 -0.02915793455335398 0.018819739622121023 -0.901095364743207 -0.23718754630343397 -0.07507194472205067
2.5606157779693604 -1 338.6431884765625 34.990150451660156 -1 388.66754150390625 75.40985870361328
0.9990355157898533 -0.029303630360728396 -0.027159275688743788 0.018212885061033583 -0.8568270297563323 -0.21724653940348615 -0.05082337316164994
3.598625659942627 -1 441.3249206542969 4.205221652984619 -1 871.0816040039062 4.431213855743408
0.9989571647091816 -0.02949967339982208 -0.027887889900878537 0.020895404814772697 -0.8257805160504219 -0.19094558777498427 -0.04217354348832169
0.5 -1 0.5 0.5 -1 0.5 0.5
0.998883522733142 -0.029254263639254586 -0.02741778400466802 0.024983218195963813 -0.7814772164837412 -0.16624125219772332 -0.06320638354076874
20.41838264465332 -1 459.3229675292969 94.30736541748047 -1 456.8369445800781 97.36148071289062
0.9988798010117487 -0.028710918094375776 -0.02107081289068396 0.031158420323135372 -0.6802231981769283 -0.16104407495521472 -0.10309940867724106
55.3651008605957 -1 659.2327880859375 106.92500305175781 -1 534.890380859375 130.98825073242188
0.9989787349672129 -0.029468766337741602 -0.015492304519644517 0.030546151877269608 -0.5767779616351147 -0.1578299699487288 -0.14240570696530286
59.087158203125 -1 1253.8941650390625 59.087158203125 -1 326.583251953125 66.77142333984375
0.9991243862861362 -0.029071273581162956 -0.012969668806439249 0.027149760068409273 -0.5135452785779427 -0.17270732010969886 -0.14809116675755712
2.879222869873047 -1 747.0889282226562 4.54655647277832 -1 1294.83447265625 4.587283611297607
0.9992076981231854 -0.02826802751026231 -0.014726617443345134 0.02383319891919119 -0.48544533548996627 -0.18404867489847887 -0.13136256233575988
1.5093097686767578 -1 1530.1163330078125 3.4294307231903076 -1 754.5155029296875 4.109514236450195
0.9991661155093498 -0.029389895901503354 -0.014603166592808171 0.024291051074795227 -0.42063811251621436 -0.1871747349745402 -0.098804395105182
3.4515209197998047 -1 1062.2073974609375 14.828720092773438 539657 638.8831787109375 25.44110870361328
0.9992018228536723 -0.030072434842312683 -0.017565024135604183 0.019566190116345906 -0.36406863534336414 -0.18603380503897202 -0.07386937413090411
3.7726211547851562 -1 289.9442138671875 5.422047138214111 -1 370.0052490234375 5.559879779815674
0.9992049426643267 -0.03113128005835631 -0.02171846711497781 0.0121915603301478 -0.328864409858188 -0.1833454618789421 -0.05370453683248452
3.5675933361053467 -1 1074.3404541015625 4.599395275115967 -1 606.7388916015625 5.013926982879639
0.9991052589482843 -0.0329722500756792 -0.025148031401576613 0.00831196628085809 -0.29918793091220336 -0.17292311789815842 -0.036809888374626745
4.157170295715332 -1 828.7547607421875 4.84891414642334 -1 1287.5740966796875 4.196753025054932
0.9989879522556594 -0.03575083452587164 -0.027129170475030006 0.0029928561751232964 -0.24817197462286877 -0.16256656960631255 -0.009974742845986397
3.905766487121582 -1 368.25 4.0239152908325195 -1 1437.295166015625 4.777622222900391
0.9990106324437945 -0.03448075617792714 -0.027962458969472654 -0.0026333640137509128 -0.18388073725006723 -0.1843380020951906 0.008124604078677537
52.034149169921875 576297 1071.241943359375 65.91883850097656 -1 1194.0277099609375 75.85882568359375
0.9990284879398655 -0.03197292739292495 -0.029428862531662325 -0.0073317288960668015 -0.12288549860804966 -0.21659256257292073 0.01776149597378949
3.0361056327819824 -1 1017.8424072265625 7.428592681884766 -1 1148.8975830078125 9.574275016784668
0.9990158059097218 -0.03034337715418809 -0.031244139589237357 -0.008396591377210907 -0.059553326644740855 -0.23960373823405617 0.029368602098389048
10.82960033416748 505447 1149.983154296875 11.36965560913086 -1 297.1786804199219 16.212053298950195
0.9989721637531649 -0.029617260125300544 -0.033045724822354426 -0.00924197056669803 0.003911225768604934 -0.2571187439376623 0.04654627731131725
4.307071685791016 -1 1056.879638671875 8.956692695617676 -1 709.0836791992188 10.168567657470703
0.9989191688319907 -0.02904677285116612 -0.03432309497879392 -0.011777278039271876 0.06121083419255237 -0.273031663994789 0.0586753982250404
4.210357666015625 -1 732.7410278320312 4.892195224761963 -1 1196.6302490234375 6.09082555770874
0.9988701239838066 -0.029668272502796928 -0.03502309793912568 -0.01231469163320671 0.12449362678640882 -0.26937675507337233 0.06586782435257281
4.668702125549316 -1 1417.289306640625 8.748908996582031 505447 755.8331909179688 15.660865783691406
0.9988288276077139 -0.03045271728648154 -0.03575531992923497 -0.011625929916677841 0.18399850927685885 -0.25895593172256404 0.07442152432412112
4.397332668304443 -1 586.8094482421875 5.540128231048584 -1 768.1321411132812 9.525219917297363
0.998804287614708 -0.030256531987104117 -0.036253779116789175 -0.012657046035320477 0.2416968378458921 -0.25524370462773627 0.07710020656577463
44.267112731933594 -1 1107.100830078125 65.71237182617188 588891 468.6456604003906 70.13005828857422
0.9988757881555019 -0.02911664907152289 -0.03406011289737395 -0.015468978408062491 0.31595762298545627 -0.26335362898931536 0.07212457938550636
22.377029418945312 -1 1512.4913330078125 26.822843551635742 -1 1464.6165771484375 99.58406829833984
0.9988114838721774 -0.030608513698003662 -0.03188209712784416 -0.020549220349903724 0.39593038596111313 -0.265515894853067 0.06730285236946408
32.41502380371094 -1 1006.26953125 74.39698791503906 498451 1006.26953125 74.39698791503906
0.9988140723837025 -0.029351551778366673 -0.03158485588129603 -0.022612653436594948 0.4489375573686359 -0.27404006428288463 0.07074579020299843
4.210966110229492 -1 760.5410766601562 4.366186618804932 -1 1112.2630615234375 4.6711506843566895
0.9988158237348962 -0.02787614381730116 -0.03291403781636266 -0.022506376369400446 0.4948623659349368 -0.2755098814966251 0.07817915862451884
3.6899523735046387 -1 1434.5753173828125 4.439255714416504 -1 1561.3529052734375 4.58847713470459
0.9987008727557459 -0.030298270022899018 -0.03512781630072557 -0.02108596956446243 0.5300228612691185 -0.2624921330073464 0.08685080675650259
3.7555811405181885 489581 909.3978271484375 4.310789108276367 -1 287.549560546875 6.202004909515381
0.9986060422126297 -0.03175513103457311 -0.03625950386293103 -0.021513541991476606 0.5674091421527653 -0.2564373610738504 0.09013328037754452
4.505919456481934 -1 635.6846313476562 5.779181003570557 -1 896.6527099609375 5.510039329528809
0.9985707937049473 -0.03151705325829188 -0.036572333473114685 -0.02292399916500086 0.601654729236982 -0.2602105015529146 0.09201208362344082
3.677211284637451 -1 362.9322814941406 3.677211284637451 -1 907.4318237304688 4.634042263031006
0.9986391167074945 -0.030388791333862783 -0.03653437355489083 -0.02148663519245795 0.6334429134986497 -0.26386107554300164 0.09417018078422877
3.963510274887085 -1 699.8280029296875 3.963510274887085 -1 947.2164916992188 5.754624366760254
0.9988046666086255 -0.02717736443152845 -0.036120002299040756 -0.018600383256955993 0.6804150386058461 -0.27367336990990915 0.09250953512854371
0.5 -1 0.5 0.5 -1 0.5 0.5
0.9987998324515993 -0.027902213692380527 -0.035360788225383695 -0.01923475556906064 0.7289929364883507 -0.26695322511126424 0.08401823829156965
19.55905532836914 -1 636.4589233398438 24.11651039123535 -1 957.1275024414062 24.556081771850586
0.9988171736456966 -0.03110518854342513 -0.034036342719074617 -0.01543529236556086 0.7726892480774952 -0.23944416585249262 0.08010768319101619
82.349365234375 470421 673.4393920898438 82.29679870605469 473567 869.7206420898438 99.3476791381836
0.9988746190525088 -0.03317729445395642 -0.03131756701970187 -0.012960422114552218 0.8253764850141118 -0.2114430733625429 0.08044089029496937
68.67933654785156 490903 717.8550415039062 85.38432312011719 -1 804.1082763671875 105.14323425292969
0.9989828192175076 -0.033263283360599305 -0.028346776631288935 -0.011105905768046995 0.8817389056618058 -0.18530965894979515 0.06818646237803062
73.91333770751953 -1 710.2868041992188 84.83118438720703 441306 1104.9635009765625 135.9327392578125
0.9991548259047724 -0.03231216540838824 -0.02488215450120624 -0.005141616983305219 0.9517951589950138 -0.1606616925545534 0.043513687788453624
112.8566665649414 -1 657.291015625 147.05758666992188 609214 1042.266845703125 184.89849853515625
0.9992528114361368 -0.03224361364191811 -0.02080694033473434 -0.0046086277994617135 1.0260558601951437 -0.15382278826944637 0.013680095034498196
85.42974853515625 607484 1254.0150146484375 99.44322204589844 -1 1254.0150146484375 99.44322204589844
0.9993884659524788 -0.02982226393787849 -0.01814790961610394 -0.0019950116130938497 1.0945628124477056 -0.16320374148958594 -0.01211864361056847
37.545448303222656 -1 760.0484619140625 54.8953742980957 -1 779.5712280273438 55.612972259521484
0.9994899016953761 -0.025625625412947845 -0.019028847528714993 -0.0010801355894935474 1.1470258343390844 -0.1909095343777503 -0.012647769725156098
9.34564208984375 -1 938.4185180664062 9.335928916931152 639707 776.1362915039062 16.41609764099121
0.9994466055909342 -0.02365472623579977 -0.023385525779965756 0.00023169692202073733 1.204318475927986 -0.20605700979924943 0.006504392913954561
0.5 -1 0.5 0.5 -1 0.5 0.5
0.9993415533790122 -0.027171951881915696 -0.023998244060076314 0.0014929845889173142 1.2938774496954486 -0.18602048827862452 0.0288277079711196
56.952388763427734 -1 867.2488403320312 103.14677429199219 -1 870.1669921875 224.70352172851562
0.9990559279210328 -0.03413465299058799 -0.026059443401196793 0.006556200170534961 1.3915026824046055 -0.13007166965433545 0.0492523423447374
92.91038513183594 -1 911.952392578125 99.89781951904297 -1 912.0809326171875 103.4767837524414
0.9989286357133511 -0.03758389058159078 -0.02615615249779233 0.006699821424961876 1.4978290053298524 -0.09454691912304614 0.0670873637650382
83.3593978881836 -1 1176.39404296875 220.85997009277344 -1 1022.7247314453125 266.849853515625
0.9990508003047452 -0.03555520476281994 -0.025160329099985664 0.0005326014480123096 1.6052060796586631 -0.10879026407837471 0.09313206265768807
105.48765563964844 -1 985.0515747070312 105.48765563964844 -1 950.9291381835938 109.68163299560547
0.9990825657430986 -0.033227126014712775 -0.027015485268503822 0.00038533193062167135 1.672203784297893 -0.11596601125279653 0.11611124744800701
11.642093658447266 -1 1352.804443359375 14.634878158569336 576285 1110.7889404296875 14.9171724319458
0.9990609333909708 -0.0317948915047459 -0.029388565294589955 -0.0016274139268826126 1.7201199847676585 -0.1349860485647931 0.1264919331059577
1.1734540462493896 -1 384.64208984375 2.7588956356048584 -1 1361.6829833984375 3.658971071243286
0.9990597374782054 -0.029732220801153914 -0.03137951187983931 -0.003310925911854035 1.774128365121676 -0.16146884258897756 0.13035765930290433
15.291021347045898 -1 1293.9713134765625 41.723602294921875 -1 1144.3804931640625 46.3607063293457
0.9991235910150272 -0.026603524282467737 -0.03185346362731822 -0.005446028638559554 1.8371381928596082 -0.19886311677389393 0.12524535993484984
15.558937072753906 -1 1088.6016845703125 78.97943878173828 -1 1073.4559326171875 80.4836196899414
0.9991607781266902 -0.023503545795426333 -0.0327479400665563 -0.007272909301412274 1.8949992939676013 -0.23330107379572138 0.1223335624580183
58.38118362426758 -1 1126.1837158203125 78.8691635131836 364420 1553.614990234375 102.97327423095703
0.9991789604369615 -0.02196590975783608 -0.03332306555214069 -0.006962552034376068 1.9613632336568687 -0.24291106107490432 0.12279418211842802
158.0504913330078 -1 1572.53515625 174.27017211914062 -1 510.20684814453125 194.98057556152344
0.9992095360591523 -0.021186948152317007 -0.032666699194631284 -0.008018917643426838 2.038910898242044 -0.2482986704620812 0.1209028678473821
0.5 -1 0.5 0.5 -1 0.5 0.5
0.9992493868067138 -0.019839170339991306 -0.03190286230891558 -0.009448685788281496 2.1039189168330132 -0.260329437266488 0.11829600544065892
76.4830322265625 712499 1317.974609375 76.4830322265625 -1 567.828369140625 88.38512420654297
0.9992218745401735 -0.01967509703378453 -0.03286970096326046 -0.009387159086693526 2.159838351252097 -0.25393996055024043 0.1220410245024147
0.5 -1 0.5 0.5 -1 0.5 0.5
0.9992059510524086 -0.018540058533718696 -0.03424429411745543 -0.008429823925511877 2.2194462375504953 -0.24998151492013093 0.13377036360567227
55.63421630859375 588830 1464.5535888671875 80.62397003173828 -1 1196.498779296875 96.8468246459961
0.9992487339266529 -0.01612196329281858 -0.03419822861888244 -0.008516525400478333 2.2820964425920947 -0.2617849998958157 0.13663231436522222
42.00434875488281 629603 1502.573974609375 55.382652282714844 -1 1508.212158203125 75.45936584472656
0.9992419775326521 -0.015349793979840253 -0.035269929302020456 -0.005990513203533778 2.3468203993027976 -0.24800532060197208 0.14245580965744614
7.648283958435059 355620 100.96341705322266 18.383331298828125 -1 603.0184936523438 28.086429595947266
0.9991975139037345 -0.016049873225467585 -0.03639617689283599 -0.004695538907110101 2.4022895480689894 -0.2347276503444495 0.14799741238804293
186.5591278076172 -1 769.177490234375 250.11337280273438 -1 637.4655151367188 255.4943389892578
0.9992310379775696 -0.015125933139186818 -0.03609828656222455 -0.0023350794867131102 2.47106043620971 -0.22960005007298628 0.1426739110076267
86.48823547363281 -1 518.2457885742188 125.42737579345703 -1 726.7116088867188 180.91624450683594
0.9992272698734813 -0.013721445854039633 -0.036831246061379865 -0.00021066188485229537 2.5275830984270984 -0.2263700697049373 0.14075353002052773
20.774574279785156 199635 798.486572265625 53.536800384521484 -1 807.9151000976562 55.20206069946289
0.9992137697729275 -0.013779404325203387 -0.037164742649258696 0.0008673041174304841 2.5842183395290625 -0.2166920650862985 0.13777412824510196
44.56275177001953 -1 1257.1729736328125 269.78466796875 199080 721.9610595703125 288.9248352050781
0.9992012931612325 -0.01504577878730258 -0.03701572714985602 0.0004860341261372928 2.6443409154023203 -0.20438984985739253 0.13520301649031263
62.47315216064453 -1 870.4336547851562 83.63076782226562 -1 803.4359741210938 107.51258850097656
0.9991786957791077 -0.015202488328861619 -0.03754989737156866 0.0009074454016776508 2.703564765644226 -0.18973797353289937 0.14021610797949377
96.88414764404297 199115 612.4052124023438 101.46990203857422 -1 151.1418914794922 114.6265869140625
0.999170629872252 -0.014314580812437722 -0.03807464028814082 0.0018619730878878826 2.7571320269551975 -0.18398961126970864 0.13944334388379778
162.71009826660156 -1 1000.125732421875 201.87745666503906 198594 847.8558349609375 206.64413452148438
0.9992132894313107 -0.013174537714681663 -0.03734958515944556 0.0020596767419864977 2.8171225021743584 -0.19042010794190536 0.1287716357139237
46.56166458129883 -1 937.463134765625 66.21199798583984 481106 937.463134765625 66.21199798583984
0.9992384309931043 -0.012043315212289483 -0.03710406535876132 0.0008971727756934526 2.8826173927431205 -0.20192392390076727 0.12545459069759984
173.9148712158203 -1 110.4781265258789 182.626708984375 -1 110.4781265258789 182.626708984375
0.9992875360710751 -0.011821095860808572 -0.03576366670408994 -0.0023753083017079533 2.9423178995448698 -0.21567773873962878 0.11743621007072012
166.0990447998047 -1 217.8753662109375 180.27536010742188 -1 962.574462890625 194.09707641601562
0.9993290718787712 -0.011367216774497887 -0.034336785586145176 -0.005760003153352794 2.9915809308412804 -0.23265279583025036 0.10443062241227934
4.178880214691162 -1 371.36358642578125 5.393747806549072 -1 962.93115234375 8.756913185119629
0.9992829357385656 -0.009563375768684485 -0.036082463937971584 -0.006341291807338084 3.025953050250113 -0.24367942070908413 0.10658516145508155
3.4501099586486816 -1 935.272216796875 4.154275417327881 -1 616.7647705078125 5.8912272453308105
0.9992205873382259 -0.008816205686543321 -0.03783257647490008 -0.007013452360594036 3.0645182723215663 -0.2537166289457765 0.11480771431906144
7.129864692687988 -1 687.5034790039062 7.741806507110596 -1 1020.9502563476562 18.33428192138672
0.9992263182477753 -0.009319269399768234 -0.0374487834100075 -0.00758318930006999 3.119973502585413 -0.25617526055170636 0.11891825777297535
75.71056365966797 -1 816.428955078125 161.87908935546875 -1 1077.055908203125 211.5067901611328
0.9992615894214776 -0.009802509636922396 -0.03628621286162104 -0.007968529841920612 3.1823484009015996 -0.26135855855079315 0.11659350232744904
187.2720947265625 194668 457.4043273925781 194.49127197265625 188331 707.1373901367188 261.22845458984375
0.999264596983051 -0.009250262086082634 -0.03627813008250639 -0.008282218625240343 3.236445223975719 -0.27934190975979595 0.11833437617856708
11.610124588012695 -1 1139.5977783203125 11.260506629943848 197242 1139.5977783203125 11.260506629943848
0.9992565907235691 -0.007019009410987961 -0.03737229186716205 -0.006349110409631292 3.2791074135045615 -0.2898832558519553 0.11775992459466585
14.998713493347168 -1 1154.7332763671875 39.914085388183594 -1 462.3057556152344 199.4982147216797
0.9992314254854898 -0.005121144519835612 -0.03853005252042953 -0.005076145566853814 3.323174836785397 -0.3056969948497395 0.11418634043294652
2.868950366973877 -1 355.37054443359375 4.560697078704834 -1 355.37054443359375 4.560697078704834
0.9991972837090672 -0.004891307022911878 -0.039128531764117715 -0.007058423762699435 3.3652805086108017 -0.32747829804252043 0.11480438674912649
7.067539215087891 192404 489.67120361328125 8.33133316040039 167934 489.67120361328125 8.33133316040039
0.9992223102223627 -0.005967125081979321 -0.037951488136389135 -0.008879905425952128 3.4213030610150064 -0.3310984267444091 0.11055867081571429
52.95596694946289 -1 946.56396484375 90.57624053955078 -1 1134.806396484375 122.5064926147461
0.9992459080508524 -0.006967276750153793 -0.03619221424012072 -0.012214578450005521 3.475665610102766 -0.34704510365406854 0.10270712949922477
56.5743293762207 -1 46.36854553222656 120.56819152832031 -1 55.92478942871094 176.55519104003906
0.999271749743053 -0.006460602833263253 -0.03445870796536831 -0.015060817436170352 3.531042854314225 -0.36734020678366236 0.08733191386087832
3.2075750827789307 -1 397.61663818359375 3.4559199810028076 -1 1266.3878173828125 3.6380178928375244
0.9992839046337404 -0.006236173099664946 -0.03294293590837068 -0.01753713370975147 3.576720552465674 -0.38647442491579687 0.07963157396677614
3.7638957500457764 -1 1289.222900390625 4.267983913421631 -1 363.590087890625 6.074185848236084
0.9992785339603769 -0.006837047445880874 -0.031224350996153432 -0.020511125105456027 3.6216341494302 -0.40132210416378866 0.0727088268199652
3.950315475463867 -1 397.1400146484375 6.681352615356445 -1 574.2740478515625 6.5222249031066895
0.999311451513373 -0.008274750736881711 -0.028137311233343038 -0.022725384287974073 3.6825448437797883 -0.40638627294698226 0.05112632459945406
107.403076171875 -1 1384.6396484375 194.865966796875 -1 660.9030151367188 201.49505615234375
0.9993285341017956 -0.009332653453285662 -0.02385172559021662 -0.026200719376504904 3.7442218225878534 -0.4243107384118277 0.02508153156082197
28.139144897460938 -1 601.97802734375 143.5570068359375 -1 519.8356323242188 168.16200256347656
0.9993574590092463 -0.010786732121251455 -0.02163636876262692 -0.026460972761682192 3.79972100821138 -0.4075735986249628 0.019490160899512766
55.53933334350586 115849 743.3234252929688 55.53933334350586 -1 648.9414672851562 66.16688537597656
0.9994204471394262 -0.011826818596213776 -0.0208440324091855 -0.024174832252707758 3.8541980569668652 -0.37145078700711076 0.026357491913653126
4.598020553588867 -1 767.943359375 68.88912963867188 115849 767.943359375 68.88912963867188
0.9994808858088529 -0.011395675027439005 -0.02019046727810084 -0.022370572735442795 3.9098764302756424 -0.35377056593531936 0.027962468828772662
4.32879638671875 -1 1076.1435546875 4.32879638671875 -1 593.2137451171875 20.6474552154541
0.9995997413720413 -0.00933152483975375 -0.01996190322720305 -0.017742663629261697 3.9704711114195326 -0.32844621648693934 0.0243644264877697
41.19077682495117 -1 813.6760864257812 41.19077682495117 -1 817.0096435546875 43.86547088623047
0.9996560851504531 -0.008536268205383129 -0.020507153087796947 -0.013939161345985938 4.0214323049768055 -0.29994953946789527 0.02420188895796747
2.777404308319092 494781 336.5948791503906 3.9312543869018555 154541 1093.939697265625 3.508068799972534
0.9996367767104419 -0.009154000220959477 -0.021115178007965002 -0.01402384346764232 4.061693945649664 -0.29206121013757225 0.02844818788720643
4.382378578186035 -1 1004.0438232421875 4.772994041442871 -1 1137.7159423828125 5.500430583953857
0.9996701235692632 -0.00837630074739027 -0.020086047990552688 -0.013639366001567631 4.113875527404065 -0.28902669036071277 0.012148290890068475
178.0136260986328 -1 1198.015380859375 180.16690063476562 -1 1492.090087890625 189.49087524414062
0.9997260718990499 -0.005616561581165627 -0.018878652057792 -0.012642464070800762 4.1677725658837455 -0.29617878300712325 -0.007153151698185111
79.43109893798828 -1 822.436767578125 79.43109893798828 -1 889.5835571289062 79.1663818359375
0.9997409334244483 -0.0014810117492512866 -0.01956956965267956 -0.011528425019085308 4.218227786116875 -0.30863959232551935 -0.017378179009614633
4.253446102142334 -1 1594.88818359375 4.731895446777344 -1 705.6080322265625 5.187342166900635
0.9997211654343292 -9.018677283904869e-05 -0.018866591272370108 -0.014199823334606116 4.265405875134108 -0.33626452662756195 -0.03263783292075974
40.184974670410156 -1 861.2271118164062 66.92344665527344 -1 285.4922180175781 163.4345703125
0.9997515966444851 -0.0006076285074469992 -0.01718424068814013 -0.014180185695957416 4.3218748503491575 -0.32647853862614623 -0.051253530082457595
97.83372497558594 -1 220.7513427734375 136.95265197753906 -1 965.1066284179688 194.02684020996094
0.9997845928404646 -0.0007214908753017455 -0.016070869520597008 -0.013113905695688167 4.3848790439323535 -0.3125838435995042 -0.05577017009090983
3.1393911838531494 -1 818.0545654296875 24.16475486755371 -1 923.4719848632812 75.2430648803711
0.9998014389455984 -0.0008840406522324596 -0.015196588715381355 -0.012859426342249998 4.438928520093902 -0.3113652962974087 -0.061084631088432914
79.87486267089844 -1 321.22222900390625 108.50160217285156 -1 761.8729248046875 273.1405029296875
0.9998579327039198 -0.00040012949270261085 -0.012603571172887448 -0.011185003313509334 4.492400034136599 -0.30118417193455344 -0.07911381654862928
4.747411727905273 -1 844.371826171875 4.443448066711426 174241 975.6961669921875 8.261240005493164
0.9998760630895036 0.0006817137323124915 -0.01103754112287164 -0.01120564201565929 4.518201825138931 -0.2966575974473865 -0.08812098509504707
3.123438596725464 -1 773.3809814453125 4.711373805999756 149749 476.408203125 5.0517072677612305
0.9998680515643033 0.00097019916364331 -0.011526112292072588 -0.011405564870594506 4.509483472198705 -0.27933420724646385 -0.08388952859775876
3.704284429550171 117737 857.5556030273438 4.282339096069336 -1 1240.8525390625 4.7546186447143555
0.9998640228967179 0.001896129212030668 -0.012317432129832283 -0.010799133137891558 4.4913230353456886 -0.2543447295195148 -0.07954053141812917
3.51078200340271 -1 784.5621948242188 4.941524505615234 -1 797.392578125 4.698829650878906
0.9998524899498746 0.002869682837229068 -0.013003090631779103 -0.010848174752983365 4.48249785855502 -0.22904216123853913 -0.07304121260521014
4.481075286865234 -1 1329.4691162109375 5.287106037139893 111764 1377.684814453125 5.143769264221191
0.9998691642050143 0.004320680540236889 -0.011435845842525189 -0.010592809896407799 4.49104707357619 -0.1987878713978309 -0.08298306339142442
1.1528377532958984 -1 803.142333984375 4.409920692443848 -1 192.96176147460938 5.675967216491699
0.9998793173604712 0.004547269524437112 -0.010584028368384372 -0.010423598137279916 4.49036515812028 -0.15666831313735297 -0.08725312714569586
4.3610687255859375 -1 949.8805541992188 10.6856050491333 121724 1151.255859375 10.892180442810059
0.9998731567100629 0.004085382151965007 -0.012220807499777995 -0.009361196898905187 4.470478047076256 -0.10637055434295106 -0.06784416183103792
4.19270133972168 -1 938.2689208984375 5.139794826507568 176840 563.0428466796875 7.755501747131348
0.9998602257828245 0.00446035612722649 -0.013654236684592572 -0.00855546265837721 4.453467347017273 -0.0595973873464485 -0.051221030792009827
2.0045666694641113 -1 877.018310546875 2.0045666694641113 -1 1551.4561767578125 3.2070107460021973
0.9998457564264261 0.005240192071891316 -0.014306234115723007 -0.00873701370855681 4.445152291154763 -0.027035634214611134 -0.045278610864978246
4.311767578125 114979 1249.572509765625 5.756514549255371 -1 355.99822998046875 7.046295166015625
0.9998166814370675 0.006788122085378083 -0.015059742972819009 -0.009681376984501208 4.436981354836947 -0.005282393272552708 -0.045166483196843
2.66215443611145 -1 371.88232421875 4.414876937866211 -1 1198.425048828125 4.119174480438232
0.9997992334559594 0.007705566525363193 -0.014933476147355148 -0.01091367562077903 4.428312799431076 0.02242771817910005 -0.05224863569705716
14.903133392333984 126069 322.9543151855469 16.231338500976562 -1 904.58837890625 18.930402755737305
0.9998238450729836 0.006789532460654204 -0.013237549551284216 -0.011443266767734288 4.43251881838631 0.06867530761372315 -0.06952638222343027
76.96590423583984 -1 842.6190185546875 118.83369445800781 179594 841.421630859375 123.43854522705078
0.9998120030230759 0.006399733234989342 -0.011744727706095177 -0.01403792707686636 4.435452882985285 0.1037980780720404 -0.08073972366277904
23.041122436523438 131254 856.7922973632812 70.50360107421875 -1 856.7922973632812 70.50360107421875
0.9998017956101223 0.004438788964964743 -0.013087271147623356 -0.014331433327076547 4.41976903028947 0.16806065924046215 -0.06220180285576466
16.353721618652344 -1 1392.814697265625 100.68842315673828 -1 846.8404541015625 108.44931030273438
0.9998272392398005 0.0014509814046483698 -0.013592418987556055 -0.012594938394009339 4.408486728989159 0.2576090059655743 -0.047761044750538585
9.152658462524414 -1 429.15985107421875 11.49690055847168 -1 739.8324584960938 14.613585472106934
0.9998446890929853 -0.00033095417712982156 -0.012283844867624927 -0.012633104018902934 4.412657611427289 0.3184455344086715 -0.048765690641948176
10.556131362915039 -1 548.4139404296875 11.115743637084961 -1 622.655029296875 12.67574691772461
0.9998210849491578 -0.0018991309568666297 -0.011126984547449266 -0.01517832690313623 4.414903396010181 0.34509395602486154 -0.05162318416698171
2.575606346130371 -1 896.9012451171875 3.053560495376587 -1 732.754150390625 3.7827329635620117
0.9997981205466974 -0.0036484263147443974 -0.011451650889259273 -0.016101764767505026 4.406426099460875 0.381533059571993 -0.04673190323947799
3.064116954803467 -1 937.0431518554688 3.064116954803467 -1 1110.64404296875 19.48177146911621
0.9998169398671305 -0.004843590610237234 -0.012012491814470642 -0.014082841514925452 4.392657070374519 0.4432277557180199 -0.035450544455224976
3.3492283821105957 -1 587.2312622070312 3.517657518386841 -1 686.4991455078125 4.137933731079102
0.9998162576021001 -0.00466992540159463 -0.01200634241380185 -0.0141947375149109 4.387114329413218 0.483917364176402 -0.029072852305873885
0.8999588489532471 -1 668.1672973632812 3.1647629737854004 -1 1197.787841796875 5.032447338104248
0.9998416451481622 -0.005751222588495724 -0.009886332317534337 -0.013633359800928366 4.395891192123827 0.5288072365364826 -0.04446679173654633
5.25367546081543 -1 447.7029113769531 7.753870487213135 -1 581.7291259765625 7.8475871086120605
0.9998445354071763 -0.007461882865633989 -0.009051482768975846 -0.013164193108213419 4.39893863918 0.5798170581985882 -0.055921954908909485
2.727084159851074 -1 1067.1204833984375 3.682020425796509 169893 513.6058349609375 5.721843719482422
0.9998504712422545 -0.009105836154046918 -0.009583629692782352 -0.011147777647995386 4.392471786841055 0.6444444570393839 -0.05019618661896868
3.2447848320007324 -1 1113.6131591796875 3.641127586364746 -1 424.7349548339844 3.944119930267334
0.9998532824064176 -0.010083687671320174 -0.009691058834139597 -0.009890211460484993 4.385498885589926 0.694222790089473 -0.04887215472566648
1.0960874557495117 -1 1220.501220703125 3.844252586364746 -1 1220.501220703125 3.844252586364746
0.9998594617240768 -0.011021779967214452 -0.009234251895567836 -0.008620078835084238 4.379476874323408 0.7389799862355007 -0.05648809841227037
3.9742889404296875 -1 1005.1365966796875 3.376483678817749 -1 1066.221923828125 3.2893784046173096
0.9998478015365505 -0.012771628842284844 -0.008476343272035055 -0.008331318261615794 4.375650167020873 0.7804880306914685 -0.06651600911770834
3.341737747192383 -1 511.7090759277344 3.9834272861480713 -1 901.0455322265625 10.010163307189941
0.999800340736762 -0.015973152546769388 -0.007660129697591891 -0.009244429316521594 4.36914220031761 0.8181105003796899 -0.07049041859550365
2.7643189430236816 -1 790.6358642578125 3.2127416133880615 -1 790.6358642578125 3.2127416133880615
0.9997739180041103 -0.018671641789800617 -0.006193873159107507 -0.008069610081837656 4.3534241907082825 0.866149515919765 -0.07480388181204096
3.4796319007873535 -1 689.1516723632812 3.4796319007873535 -1 529.7840576171875 3.819495677947998
0.9997226326294313 -0.021508264412653876 -0.00671366804828773 -0.006854125164611583 4.318558872175076 0.902885372746541 -0.06025440802122938
63.56261444091797 -1 1140.3447265625 87.65690612792969 -1 1103.950927734375 96.32787322998047
0.999673011471843 -0.023829364503615263 -0.008688077158833475 -0.0032478973894944385 4.2631122991020725 0.9577924016015419 -0.03295843593519397
2.223949432373047 -1 325.7822265625 4.165990829467773 -1 715.0487060546875 5.133630752563477
0.9996475179112003 -0.024879728912940387 -0.008893295575930134 -0.002597752296561442 4.225027639092892 0.9739338591906077 -0.01790834011645017
1.1160800457000732 -1 1520.4566650390625 6.032988548278809 -1 439.4892883300781 7.701641082763672
0.999659962573511 -0.0248950209764128 -0.0070325699791992805 -0.003277211863506314 4.190578277896467 0.9711397414770572 -0.030270073069162535
2.6432785987854004 -1 448.8017272949219 4.467914581298828 -1 734.3181762695312 4.9051833152771
0.9996952655295912 -0.023950793047253584 -0.005301924712049729 -0.0027613736573544835 4.14308717457992 0.9695771175679975 -0.043719744519674954
4.169991493225098 -1 476.0845031738281 5.236959934234619 373315 433.1759033203125 6.6059250831604
0.9997271759299299 -0.022736441035932246 -0.004277132457589569 -0.0032146685874013103 4.07543077941444 0.9638482718741125 -0.0439748784696818
79.13603973388672 -1 1074.5267333984375 133.21519470214844 -1 1122.28271484375 165.1321563720703
0.9997554939905775 -0.02162408901610502 -0.0029347985134589934 -0.0035690289387300686 3.9766217446078533 0.951606550048044 -0.04818644387019509
194.45751953125 -1 346.0711975097656 196.76315307617188 -1 1078.7041015625 238.02682495117188
0.999788745313056 -0.02023122963110647 -0.002990258220868914 -0.0020543730750697655 3.859612049709012 0.9499745557338686 -0.026439035992757178
236.0420684814453 -1 676.835693359375 264.0830078125 -1 808.440185546875 275.55352783203125
0.9997677605266527 -0.02124422331700321 -0.003601595436914391 0.0003694556641865503 3.7369214643954667 0.9731328234617438 -0.006822583617077293
53.59333801269531 -1 1136.817138671875 128.6300811767578 -1 825.1865234375 178.63397216796875
0.9997368640288011 -0.02278069631845863 -0.0024407157444651553 0.0011337917619374163 3.653669499464403 0.9855943998363955 -0.011096392550548622
137.73544311523438 739670 854.7783203125 159.209716796875 -1 222.87098693847656 164.44232177734375
0.99974404560405 -0.022614736367310883 -0.000645618630120243 -1.2444632234705373e-05 3.5797581162226506 0.975685465921972 -0.0206351173393682
214.54608154296875 -1 929.1155395507812 222.25 -1 733.935302734375 235.11106872558594
0.9997701639839705 -0.02133813617915144 0.0006926999061881996 0.0019553308428131603 3.506362896543395 0.9796243998573926 -0.024441803564245523
4.486346244812012 -1 269.2900695800781 26.121234893798828 -1 185.88397216796875 76.20525360107422
0.9997927033853111 -0.020195141445098708 -4.846522993022216e-05 0.0025892413223398444 3.439136481671479 0.9727906017963844 -0.01292937102475638
72.51971435546875 -1 40.988922119140625 94.38072204589844 -1 854.1747436523438 140.2603302001953
0.9997887466975923 -0.02034396616634288 0.0005052413049911282 0.0028861304031863513 3.387390386440694 0.9705656150856952 -0.01911079432382396
0.5 -1 0.5 0.5 -1 0.5 0.5
0.9997824112412853 -0.020388229749687306 0.0021147838227950156 0.0038701356072257014 3.3495774743362112 0.9685574974318424 -0.027066960218911435
2.0115954875946045 -1 1426.9810791015625 4.46112060546875 -1 139.16036987304688 4.734561920166016
0.9997632841264453 -0.020380663275217554 0.0023111914035162124 0.007256905088476827 3.3045173778195145 0.9868723272973267 -0.036155115571298926
3.5553905963897705 -1 1418.624755859375 3.96658992767334 -1 365.400634765625 4.245843410491943
0.9997181660366552 -0.02128104397642669 0.002471273215592832 0.010227339452369396 3.2483379972924653 1.0007566734710713 -0.04750883681598327
3.2683491706848145 -1 34.5242919921875 3.97174334526062 -1 114.3294677734375 3.990060806274414
0.9996633859399047 -0.022472204684465414 0.004174781366658031 0.012275423753392238 3.1798577031319173 1.0032740679194982 -0.06604595018094365
4.286766529083252 -1 711.5679321289062 4.263308525085449 -1 398.179931640625 9.159390449523926
0.9996613973288889 -0.022662843160427906 0.006969256190830335 0.010719873995791414 3.127378690030152 0.9770927541920765 -0.08593622538357093
129.07418823242188 -1 556.6617431640625 129.07418823242188 -1 783.8170166015625 145.17251586914062
0.9996586516913405 -0.022681908566218534 0.007324854034805504 0.010698487547958796 3.057517156999372 0.9582709078458855 -0.0905795110957782
51.84119415283203 -1 1592.4390869140625 99.32245635986328 -1 1592.4390869140625 99.32245635986328
0.9995963866685402 -0.023713369938200494 0.007300089480754982 0.013836493014678559 2.9879410672806634 0.9701518786494046 -0.0936767537528973
3.426703929901123 -1 429.281494140625 3.7419745922088623 -1 856.606201171875 3.747708797454834
0.9995453308275579 -0.024996840328263516 0.007299392838101541 0.015198962419396016 2.93460184019188 0.9692770279614726 -0.09831853060343909
3.6973867416381836 -1 723.5897216796875 4.111087799072266 -1 879.5846557617188 6.420773029327393
0.9995145103516152 -0.02456985074779372 0.00917563653297294 0.01681885028819585 2.8886177324732225 0.9604542078742413 -0.11623301624587884
0.5 -1 0.5 0.5 -1 0.5 0.5
0.9994777216370465 -0.025500781867282496 0.011481946174807372 0.016191324449060865 2.847088317205712 0.9481897279699179 -0.1401738325997678
4.01078987121582 -1 36.03294372558594 4.01078987121582 -1 1417.2725830078125 3.885249614715576
0.9993669331005077 -0.02688899859389009 0.013877448484506163 0.018711793165356306 2.7986021357440616 0.96151947785291 -0.15959331592215256
4.648736000061035 -1 832.4869384765625 5.635986804962158 -1 682.8831787109375 5.935791969299316
0.9993393323091019 -0.026336583405629173 0.014882768772424289 0.02014414227966615 2.738893962401235 0.9629743999834219 -0.15885497848821978
126.21861267089844 -1 380.0730285644531 150.5155792236328 -1 670.442626953125 159.4610137939453
0.9993622746341925 -0.026065747512856775 0.01509018112214139 0.01918090921384737 2.6646182501712246 0.959904776749147 -0.16369305546788018
88.85614776611328 -1 678.733154296875 153.85108947753906 -1 678.733154296875 153.85108947753906
0.9993383996070234 -0.027669200576445965 0.01515490421971799 0.018097162441242806 2.5682882788026973 0.9568417777471871 -0.18318349158279934
121.6813735961914 -1 1370.5216064453125 121.6813735961914 -1 482.8642883300781 173.6890869140625
0.9993133201647537 -0.0281518497303175 0.013661322558402637 0.019842624927498026 2.474513194996333 0.9619222876683889 -0.17863562331186786
0.7758392095565796 -1 0.7763657569885254 0.7758392095565796 -1 0.7763657569885254 0.7758392095565796
0.9992705436992956 -0.02811666331555033 0.01157301541727751 0.02310625571280925 2.3703345027978626 0.9719706723513738 -0.16430398101128144
113.01383209228516 -1 1293.437744140625 122.7247543334961 630694 1306.9903564453125 148.06182861328125
0.999217804941239 -0.0289884195413855 0.009884329535826573 0.0250149925151263 2.2846180109616716 0.9849129699304194 -0.14537912820581522
104.91888427734375 -1 1260.6024169921875 131.07972717285156 -1 1466.3138427734375 132.5391845703125
0.9990217778979948 -0.032121564945958546 0.010032100125762757 0.028688836121718977 2.20554320649487 1.012535385063014 -0.14385434547600026
4.5017218589782715 -1 1258.5240478515625 5.530788898468018 -1 1036.14599609375 6.020864963531494
0.998742186631283 -0.03570245337074335 0.009758166316395183 0.03382539957509693 2.137084409904966 1.0292660122793853 -0.15150646155529437
29.107831954956055 -1 462.851806640625 37.68381118774414 -1 1294.265625 131.662841796875
0.9985271735260319 -0.03865198911624333 0.008867590986998278 0.0370253061777876 2.063338162715833 1.032288444156171 -0.1554253330540549
44.50453567504883 -1 1204.83935546875 101.39581298828125 -1 289.4862060546875 126.61071014404297
0.9983451031134732 -0.04110999501885946 0.010861549648588716 0.03871756885612847 2.0014838137435547 1.0277614202874683 -0.15227186134957016
2.8771615028381348 -1 1215.997314453125 4.648400783538818 -1 1128.0106201171875 5.7335309982299805
0.9981751423310524 -0.04348939496233764 0.012979230936512555 0.039832114210645204 1.9520050354451488 1.029467438407464 -0.14509626849047536
3.7102646827697754 -1 990.2041015625 5.424046039581299 -1 990.2041015625 5.424046039581299
0.9975761175827624 -0.049178818204099944 0.015081752982357699 0.04686015573523049 1.907257500092436 1.0567927797912138 -0.16267451460543172
2.794736385345459 -1 319.7693176269531 6.006515026092529 -1 969.263671875 5.495291233062744
0.9972240084620102 -0.05245075944788813 0.016609993750401127 0.05017273052079128 1.8725719836437202 1.0596764150330757 -0.16609480172477517
4.227297782897949 -1 462.1585998535156 5.580172538757324 -1 462.1585998535156 5.580172538757324
0.9973920020244614 -0.05224002773675251 0.019410541700780985 0.04586288990657168 1.8469162292723638 1.0215022915037335 -0.13903370402343412
0.5 -1 0.5 0.5 -1 0.5 0.5
0.9976834357594416 -0.04930066003618725 0.02554244218896312 0.039303823964800776 1.841446050788685 0.9810174099768924 -0.11735526505852346
4.285239219665527 -1 509.8575439453125 4.320157527923584 -1 930.3702392578125 4.536311626434326
0.9979083989408941 -0.050783616734287294 0.025179332670225613 0.031078172418731464 1.819334575928472 0.9638768880114776 -0.10561160684022815
121.43965148925781 -1 1076.636962890625 190.87445068359375 -1 1087.4588623046875 197.14186096191406
0.9979500948949093 -0.052782647150729486 0.021009880782358534 0.02946498207218761 1.7737849363593305 0.9754068798002962 -0.09575327342320102
4.915797710418701 623644 617.8532104492188 5.290910720825195 -1 951.28125 4.864176273345947
0.9981880627296323 -0.049028991536568305 0.02238196076384184 0.026754387403503638 1.7763231156339376 0.9542616910499201 -0.07405102441780415
1.3463549613952637 -1 451.3987121582031 3.1671481132507324 -1 894.6837158203125 3.7418034076690674
0.9983844271483204 -0.04787262063326383 0.023679360498469134 0.019391640152586136 1.7748289206689516 0.9175252583967285 -0.04814109344024045
5.944133758544922 -1 838.8748779296875 8.648336410522461 640007 1473.9892578125 11.434133529663086
0.9984156945771485 -0.049315518616622464 0.02202739941293197 0.015775744695797546 1.7350197291874458 0.9163293818479646 -0.013581276176974893
5.408322811126709 -1 534.052490234375 5.927397727966309 -1 1468.51806640625 6.87819242477417
0.9984972703062476 -0.049283181048464235 0.017954706426766172 0.01587443774895363 1.6754753312903017 0.9219988038394645 0.015482143138261347
217.4930877685547 610915 976.1727294921875 231.15061950683594 734102 988.4801635742188 243.07574462890625
0.9986674538443696 -0.046815970548925015 0.012129971672237215 0.018012365774567246 1.5996183318278847 0.9106816141294243 0.053926297500690765
111.6093521118164 663264 1121.075927734375 176.36753845214844 -1 258.4458312988281 213.87547302246094
0.9987235974653638 -0.045718274958794616 0.006551356596324954 0.0204473696934783 1.4962325654986626 0.9042100478544344 0.07566312394116227
183.02545166015625 -1 1069.8680419921875 212.56053161621094 -1 910.3782348632812 220.22299194335938
0.9987189143764097 -0.0460938655759423 0.00783167351393125 0.01935330754790578 1.4274296439168253 0.896951249329326 0.06763029079726356
3.6774096488952637 -1 695.400146484375 3.6774096488952637 -1 478.6585998535156 5.831814289093018
0.9987259629976248 -0.04604492899865118 0.009884404441400034 0.018127710743909963 1.35797602489306 0.8812993586559876 0.06353353614821698
227.47315979003906 -1 825.0205078125 236.7240447998047 -1 806.34619140625 242.34010314941406
0.9987488767047963 -0.045670166487149125 0.009410731148876755 0.018065306894358524 1.26391021842764 0.8738403930852359 0.07193442631079278
6.064140796661377 -1 1263.2388916015625 6.423969745635986 -1 1291.5382080078125 24.49159812927246
0.9987040776367225 -0.04589019072689152 0.011209264157360111 0.01893695075463679 1.1903047422187025 0.867154940898533 0.07277049058372051
4.3007073402404785 -1 996.8914794921875 4.3007073402404785 -1 613.29443359375 11.800376892089844
0.9987424942235571 -0.04425633111891146 0.013265392180594434 0.01946372930083615 1.1235075148731277 0.8510651930019085 0.07589012116021297
3.1237411499023438 -1 591.5859375 3.0243797302246094 -1 654.6866455078125 3.135101079940796
0.9987628453661516 -0.04381757644622438 0.015192749197112804 0.01794377558714193 1.0703980185881852 0.8326185700591835 0.0856657576897061
2.8189103603363037 -1 225.6663360595703 3.405055522918701 -1 225.6663360595703 3.405055522918701
0.9987332183937904 -0.044964641075882474 0.01577569917450187 0.016163750964866462 1.0000657513760423 0.8310655270055409 0.09481006230740063
96.91789245605469 -1 1439.8428955078125 165.59706115722656 608450 1435.1324462890625 169.59300231933594
0.9987203151714777 -0.04571599973928552 0.014535342701864871 0.01601571865890613 0.9260896304576969 0.8278140539105906 0.10790451593037775
163.4038543701172 -1 1356.70751953125 179.85400390625 -1 1356.70751953125 179.85400390625
0.9987465757199192 -0.04586011165870902 0.01220505486600227 0.015911137046242987 0.8453064794356363 0.8288700274561449 0.11958329328066886
94.49562072753906 -1 1395.9759521484375 121.45409393310547 -1 1586.4232177734375 147.34002685546875
0.998707684472363 -0.04696213931069724 0.011937736332781312 0.015329999949859884 0.7834499505180358 0.8402131232618255 0.12601770078000332
0.5401791930198669 -1 445.229248046875 4.533773899078369 -1 481.3838195800781 4.860147476196289
0.9986547771996445 -0.04739625412515944 0.013520832027126756 0.016106463687788196 0.7442322442173953 0.8563912384224067 0.1263401768708478
4.384376525878906 -1 100.48088836669922 5.477837085723877 -1 1078.89013671875 4.998432636260986
0.9985834389312509 -0.04818784637026928 0.013824372826652692 0.0178306946129925 0.7025307964933057 0.8696169588332524 0.13163327769451613
5.730726718902588 -1 1341.3272705078125 5.6810150146484375 -1 1341.3272705078125 5.6810150146484375
0.9985766555699138 -0.04813677424109463 0.0130890503715467 0.01887301451381798 0.6507677473822819 0.8789922948049056 0.13812579806054853
0.5083484053611755 -1 629.7591552734375 4.328330993652344 -1 629.7591552734375 4.328330993652344
0.9985590926203916 -0.047903592691386894 0.013120075261060984 0.02031866082058512 0.5884537175004216 0.8806179651627956 0.14581009747269869
3.5714612007141113 -1 611.4466552734375 5.343006610870361 -1 639.1663818359375 7.875979900360107
0.9985869462720697 -0.04749441347758271 0.015067021866181569 0.01847637073473318 0.529659984312829 0.882552033599691 0.15378452042942858
3.1248505115509033 -1 587.0455932617188 3.855090618133545 -1 587.0455932617188 3.855090618133545
0.9985241711376065 -0.048968385081193104 0.015510198679870524 0.01763549413561152 0.46133566393858 0.8915347997005495 0.15888094370277883
154.29873657226562 -1 1167.00048828125 154.29873657226562 -1 1142.3785400390625 195.73968505859375
0.9985007469363744 -0.04972960529817765 0.015172466784181642 0.01711785547528894 0.3874406303776882 0.8945921319656195 0.16578831994612978
17.215557098388672 -1 1067.3955078125 21.90537452697754 -1 1067.3955078125 21.90537452697754
0.9984827871438513 -0.05006728756227408 0.015610855133927643 0.016783673483201176 0.32448950028838863 0.8872588713354727 0.1695797667911415
4.701980113983154 -1 516.62744140625 6.01434326171875 -1 690.6464233398438 6.775557518005371
0.9984637990386999 -0.05001027261198453 0.01642131399015213 0.017301881091914804 0.2676400346704062 0.8717898721774336 0.1675589352001949
2.6248648166656494 618943 219.12127685546875 4.18582010269165 -1 1181.0731201171875 4.006098747253418
0.9984698413027124 -0.049843687875723956 0.01802394064565886 0.015770870346474494 0.23056497760929362 0.8559834601324603 0.1638431570967601
3.861464500427246 -1 475.15008544921875 4.5775465965271 -1 451.9494323730469 4.98246955871582
0.9985306453845259 -0.048918082341651986 0.019014719881455464 0.01349117770275637 0.18537192146847084 0.8414101817058518 0.16500452374809113
3.686591625213623 -1 469.967041015625 4.1818037033081055 -1 469.967041015625 4.1818037033081055
0.9984814722762477 -0.050545931206230583 0.018374684096438013 0.011925994462002877 0.1313317663200451 0.8467930978797268 0.1621091507473253
23.405933380126953 -1 646.4127197265625 92.9215316772461 600327 998.3638305664062 97.5886459350586
0.9984206293459539 -0.05221769244301688 0.01804394147214364 0.01019684600774474 0.08864326447707513 0.8573837254855733 0.15969838811611034
5.026784896850586 -1 408.42755126953125 8.263348579406738 586356 421.9783020019531 11.747750282287598
0.9984245034786252 -0.052026214042084136 0.01940719939798524 0.008071215362923883 0.05777442206022092 0.8556424434244708 0.15751891912325242
0.5 -1 0.5 0.5 -1 0.5 0.5
0.9984685071647211 -0.05104834695204137 0.019663184042341512 0.008250191939228898 0.023263147406098802 0.841784308279369 0.15415758517346825
3.9819793701171875 -1 530.5961303710938 4.690692901611328 -1 963.3601684570312 4.725113391876221
0.9985975819188652 -0.04839827138875002 0.020148326381037834 0.00738387814224617 -0.01050038526377623 0.8195164771061222 0.15113748850364428
6.23660945892334 663288 559.044189453125 7.409629821777344 583181 384.0343322753906 9.856032371520996
0.9985517006784577 -0.04855206287174145 0.02162175830645367 0.008348522671466754 -0.04625765987402949 0.8129992298828873 0.14491895924778272
0.5 -1 0.5 0.5 -1 0.5 0.5
0.9984869885159002 -0.04973327721170534 0.021169492454220853 0.010108782887320936 -0.08892465160223054 0.8115392670407726 0.13806987401297902
3.6316323280334473 -1 538.9301147460938 3.9276628494262695 583181 518.6699829101562 7.3232221603393555
0.9984555335843985 -0.04901081734047088 0.020507023475348354 0.016246514287523824 -0.14519738798701984 0.7914398222649124 0.13319468548013405
26.40027618408203 -1 296.97296142578125 30.423471450805664 -1 803.09521484375 31.17407989501953
0.998561522171157 -0.04672613285775579 0.019074913356199784 0.018102558599131163 -0.20697760397892254 0.7567642862934677 0.12295061444044565
8.76824951171875 -1 744.6615600585938 78.01373291015625 -1 734.5568237304688 79.67098236083984
0.9985024748509359 -0.04582663619590883 0.018691451220169422 0.023310014646242133 -0.2746684935653811 0.7295505300609106 0.1104389874205371
0.5 -1 0.5 0.5 -1 0.5 0.5
0.9982911555264038 -0.04753276119876102 0.020830118843366545 0.026860967211741717 -0.3224101989103842 0.7306106171155516 0.09821025725645631
4.68846321105957 -1 1490.6884765625 4.885812759399414 -1 484.43304443359375 5.637321472167969
0.9981029140801686 -0.04900168732349025 0.02307412480827456 0.029274430967289978 -0.3581936459658416 0.7271818952252141 0.09514454209991682
3.9096567630767822 548226 545.1488037109375 4.5692877769470215 -1 545.1488037109375 4.5692877769470215
0.9982778157737492 -0.04712789852241216 0.024656933736520486 0.02474670348888298 -0.39436084918382874 0.7075141135229922 0.10244036802720922
3.4685075283050537 -1 104.88204956054688 4.694230079650879 -1 480.01446533203125 8.635309219360352
0.9985495635598972 -0.0433361011328782 0.026103359496675478 0.01842189121472236 -0.42720788206778004 0.6843546760268105 0.11259837352168713
3.526442527770996 -1 1433.396240234375 7.117603302001953 -1 940.2243041992188 7.170686721801758
0.9985433604288226 -0.04400327679860889 0.026056575458088406 0.01720243732430371 -0.47060213351819685 0.6805898697777752 0.1209800095742055
0.5 -1 0.5 0.5 -1 0.5 0.5
0.9985690276181968 -0.04473854954466232 0.025423427472660253 0.014560515163659396 -0.5046489728600669 0.6761135585557969 0.13705782535422686
0.5 -1 0.5 0.5 -1 0.5 0.5
0.9985599755379065 -0.04434435556975758 0.028103498973734053 0.011033889988211218 -0.5106735615231862 0.6689947770051052 0.16457707739710267
3.639962673187256 -1 566.9703369140625 3.6424942016601562 -1 1006.3648681640625 3.8410041332244873
0.9984617542010554 -0.04607125054470995 0.03030433049269221 0.005763056861377621 -0.5076377337913726 0.6725399015713994 0.17430019742922584
3.890346050262451 -1 347.316650390625 5.590986728668213 -1 404.6297302246094 5.730712890625
0.9983762075520354 -0.049067278017677206 0.028474660635297792 0.005152098956348155 -0.5293919337410655 0.6735509846892455 0.165384879537349
3.683647394180298 -1 1454.2830810546875 3.981811761856079 -1 538.2342529296875 4.481049537658691
0.9984833997092918 -0.048894136200912014 0.024928604230137014 0.00433919822991922 -0.554215951491394 0.6610582783750655 0.1533549153379594
3.7742724418640137 -1 447.1134338378906 8.696516036987305 -1 1257.133056640625 8.65615463256836
0.9986011852495928 -0.04830927331542776 0.020556828428017048 -0.006269269082185003 -0.5969329425995304 0.651115296983699 0.1462947853367393
186.86343383789062 -1 1359.4259033203125 189.42572021484375 -1 763.9309692382812 193.7594451904297
0.9986276175072631 -0.04858997682477627 0.016413847533414218 -0.010605720771590702 -0.678508596862905 0.6346709778707952 0.13920969105394626
183.1240997314453 -1 709.665283203125 184.77090454101562 -1 704.4080810546875 185.19638061523438
0.9987945022559466 -0.04663055814713746 0.012092840911432975 -0.009428494517858581 -0.7555761520786519 0.6083007516067686 0.14030536239716684
36.488155364990234 -1 1252.168701171875 174.6080780029297 -1 801.0619506835938 234.37171936035156
0.9989104994543271 -0.046142254622926406 0.006063210045939493 -0.003455995103959725 -0.8388517758395594 0.5982435294490913 0.14613314627643761
2.6146910190582275 -1 609.09765625 31.826526641845703 -1 1412.783203125 46.6528205871582
0.9988373181591901 -0.04804409075944735 0.0019470371016537928 0.003462115275336993 -0.9156867927271096 0.6025590063008218 0.15591621606184228
35.48738479614258 -1 1214.175048828125 63.92823791503906 -1 1239.6724853515625 105.9577865600586
0.9987467481967788 -0.04957094650658216 0.004238195583047073 0.005449029913798892 -0.9705802830601675 0.6180188258254651 0.16422468121951728
3.346733808517456 -1 1081.2142333984375 4.570247650146484 -1 1081.2142333984375 4.570247650146484
0.9986939998462362 -0.05010416527924842 0.007933180842639054 0.006077165006284391 -1.031782162765119 0.6266508541282714 0.17110003358001322
3.501631498336792 -1 223.80862426757812 4.195937156677246 -1 961.0814208984375 4.033786773681641
0.9986897013162641 -0.04949045020983118 0.010200933840359324 0.008094243117427588 -1.0948784766917998 0.6211448497362339 0.17349343515752735
3.7929530143737793 -1 1192.5020751953125 4.060558319091797 -1 196.50360107421875 4.559955596923828
0.9987812488996398 -0.04720302993147803 0.011902790100995497 0.008137223087486411 -1.1533153111267427 0.5999207793518727 0.16982575288629123
4.537519454956055 -1 998.09814453125 4.471475601196289 -1 1178.5697021484375 5.36468505859375
0.9988606179935322 -0.04454353917792896 0.012878426543764759 0.011290928608407743 -1.207999164239543 0.5655364970790586 0.16884646986685622
4.219550132751465 -1 909.8800048828125 4.232564926147461 -1 472.66815185546875 4.670619964599609
0.9989385778290041 -0.04158893821343955 0.014874565199439844 0.01307001351848425 -1.2527450475035236 0.5358707057190665 0.1736791213423828
3.1472694873809814 -1 758.7491455078125 3.8633174896240234 -1 999.7303466796875 3.6574792861938477
0.9988999144939702 -0.041921340859843684 0.015766943597010738 0.013891202037995666 -1.3016823001292654 0.5279728546413023 0.17541128200771977
2.802359104156494 -1 457.3575744628906 3.514528751373291 -1 496.8941955566406 9.801520347595215
0.9988917604865243 -0.04186015944954243 0.015456206518610429 0.014969420932195918 -1.3638241872817907 0.5242980121222693 0.17404587752170717
0.5 -1 0.5 0.5 -1 0.5 0.5
0.9989071458407063 -0.04131447709630221 0.016461539248374724 0.01437517638874544 -1.4150043047299024 0.5276624767898674 0.17607422866771905
2.367859363555908 -1 1004.6348876953125 4.633447170257568 -1 1004.6348876953125 4.633447170257568
0.998896511309358 -0.041564321890708154 0.01773279486072174 0.012795109463657486 -1.4669334579773288 0.542410413551314 0.1766239690412892
0.5 -1 0.5 0.5 -1 0.5 0.5
0.9989504334245556 -0.04024638716259369 0.017868668882540514 0.012608352533828035 -1.5268714628994617 0.5453114133222068 0.1807758193172086
2.3695578575134277 -1 29.360023498535156 3.158128499984741 -1 29.360023498535156 3.158128499984741
0.9989835908399314 -0.0397845461720732 0.016883364674202192 0.012803402505447764 -1.5920508333081764 0.5503987934752869 0.17813400804548682
3.2035412788391113 -1 288.76800537109375 9.735491752624512 -1 1097.8115234375 26.94614028930664
0.9989665920669079 -0.04062995387583318 0.016219951740805538 0.012323471418466776 -1.6536757260934507 0.5646620040528659 0.17266973358773105
4.889127731323242 -1 618.3634033203125 5.668145656585693 -1 953.8593139648438 10.473718643188477
0.998979671150899 -0.04032337489586836 0.01674808630274772 0.011538789773842109 -1.7008342822645863 0.5647556903950088 0.1714563549816547
0.5 -1 0.5 0.5 -1 0.5 0.5
0.9990531186557694 -0.03835004293595914 0.01678073508765837 0.011855262161131721 -1.7479416237505991 0.5495926620047654 0.17291638506202972
5.981386184692383 -1 882.278564453125 6.206261157989502 -1 872.1055908203125 7.768057346343994
0.9990903201129524 -0.0368626467399732 0.01682710026962214 0.013286317339224153 -1.779977733193016 0.5353358072721932 0.17690135132888202
2.3719429969787598 -1 454.18817138671875 3.4131219387054443 -1 738.67041015625 4.791243076324463
0.9990777261512258 -0.036689001406801154 0.017743916639171974 0.013519160719888727 -1.7994776154929495 0.532415915165609 0.18183027793594328
4.8497138023376465 559929 786.7853393554688 4.465895652770996 561920 981.302001953125 4.63678503036499
0.999047617185106 -0.037079930981892384 0.01827610244931128 0.013961425228185177 -1.8186128681265394 0.5304664029543048 0.18091259160986659
4.221179485321045 559929 856.21533203125 4.5279130935668945 559930 954.0093383789062 5.520828723907471
0.9991085999344566 -0.036569414694819634 0.017123611448226873 0.012307127075749312 -1.8566659140488386 0.526809789161983 0.17548078887271792
11.978835105895996 580613 449.2236633300781 12.651280403137207 561092 209.7831268310547 15.028072357177734
0.9991215573034942 -0.03775036066840407 0.014728277655227356 0.010681846196079496 -1.9056075940694908 0.5321175030790559 0.16801807896131787
13.485085487365723 557537 510.4942321777344 13.494428634643555 556052 510.879638671875 22.1071834564209
0.9991232569132839 -0.03827774889214014 0.015307982107881436 0.0072936354808493436 -1.9295460056232248 0.5460727704784528 0.1784933462185878
4.138805389404297 -1 5.873277187347412 4.138805389404297 -1 469.12158203125 4.1155171394348145
0.9990880257815752 -0.038703795448774725 0.016461144112260608 0.007359598647291372 -1.9586396748298927 0.5538756089375585 0.19105591077641582
4.3489766120910645 -1 918.921630859375 3.916961193084717 -1 941.2076416015625 4.987403869628906
0.9991176318871603 -0.037843836120874184 0.01699330950699783 0.006559660955302553 -1.9904677728832991 0.5537788850161687 0.19588591923325038
4.5079264640808105 557122 122.95463562011719 4.229296684265137 -1 454.376220703125 5.1217942237854
0.9991640114025692 -0.03725123924002745 0.015745493412111577 0.005975192902161 -2.0406971053097482 0.5515644623383347 0.1889910128444999
4.22139310836792 -1 391.2631530761719 5.063972473144531 -1 812.6985473632812 8.432982444763184
0.999177880548551 -0.037187767627857145 0.014245766296766159 0.007595466014683219 -2.0968478297982482 0.5401137945047335 0.1756972516500953
2.7486774921417236 -1 393.12060546875 3.006833791732788 -1 378.5858459472656 11.007190704345703
0.9992151650413184 -0.03681838502574544 0.012862628149168878 0.006929161034572904 -2.166186538628097 0.5262459256411266 0.16252190614362966
9.351351737976074 -1 4.486019134521484 123.13970184326172 -1 17.217500686645508 165.6692657470703
0.9992602864610484 -0.03645956201800205 0.011598976320804274 0.0038786579571567325 -2.2344132956327205 0.5272653327005934 0.14764509247383045
192.00030517578125 -1 693.5773315429688 206.084716796875 -1 611.2793579101562 206.5516357421875
0.9993254780074474 -0.03464047771902872 0.011795290642256 0.0030817896179101234 -2.2837547633648474 0.5051858513175347 0.1418954553025061
53.074729919433594 -1 299.8819580078125 58.744483947753906 -1 279.5470886230469 68.93463134765625
0.9994034972316861 -0.03130592142125946 0.014575273668893827 0.00038781763515924534 -2.316446728606384 0.484609971631695 0.1506675138418592
2.52866268157959 -1 209.39076232910156 3.6069107055664062 -1 760.3466186523438 7.541021347045898
0.9992591734471883 -0.03541844957095262 0.014527512458381547 0.003948302597760346 -2.37680955205926 0.47365777491219074 0.14062200268980185
33.179874420166016 -1 644.622802734375 45.44694519042969 -1 824.057373046875 56.565956115722656
0.9989823836580178 -0.04113959327669365 0.014210977574617416 0.011822822097400872 -2.425798392706664 0.4542825435130482 0.13209194255870962
0.5 -1 0.5 0.5 -1 0.5 0.5
0.998785938784055 -0.04374113714585669 0.017978441439015995 0.013789019249579907 -2.4231404919582054 0.4394552631691154 0.14449624906244218
1.9490796327590942 -1 731.8279418945312 3.937105894088745 -1 731.8279418945312 3.937105894088745
0.998930841607791 -0.04055333612951185 0.01897360097750075 0.011515341048524327 -2.4225798045936013 0.4174231922463563 0.14884507921468618
2.7375731468200684 -1 1115.933349609375 2.3578224182128906 -1 1395.0216064453125 4.355281829833984
0.9989069608684396 -0.040402968557032355 0.017803129831357276 0.015347059280693895 -2.4185690339633976 0.3833840191950225 0.1470448993079067
1.6057640314102173 -1 888.0189208984375 2.776371955871582 -1 1537.784423828125 3.389073371887207
0.9988683012548318 -0.041663744716491126 0.01720030602983584 0.015178886552228368 -2.407141784068596 0.3792529109957073 0.16472916708848453
0.5 -1 0.5 0.5 -1 0.5 0.5
0.9988048118085522 -0.04361347461872582 0.018013629238672238 0.012740561267697114 -2.3880123486015425 0.4119792252081786 0.2032210986106904
3.8838436603546143 -1 214.3000946044922 8.767902374267578 -1 748.686279296875 9.305859565734863
0.9987647886284695 -0.04535224268411069 0.01283529472765583 0.015726610846088965 -2.4058756669286674 0.41321915471290316 0.18955315057148772
3.5940871238708496 -1 1099.7154541015625 3.5940871238708496 -1 1109.65771484375 4.752567291259766
0.9988252114409455 -0.045981165849353765 0.0062434432768392585 0.013962406423450152 -2.4452084987708544 0.43812622740393364 0.1593138907453596
15.918582916259766 -1 744.5081176757812 77.28823852539062 779341 747.7434692382812 79.79297637939453
0.9987175443338401 -0.0479374483123782 0.0038373652833992977 0.015828528572299407 -2.4726185467463693 0.44591934335031164 0.1634716349794015
0.5 -1 0.5 0.5 -1 0.5 0.5
0.9986838013461788 -0.0500029626556631 0.0018996282447631663 0.011258777328562753 -2.506490616958283 0.48708802614830643 0.147468877718525
3.5596067905426025 -1 733.1763916015625 3.7586166858673096 778180 794.2427978515625 3.4414544105529785
0.9987540353844695 -0.04888225365773209 -0.0013330297881072443 0.009956159508712257 -2.5444858924365827 0.48098678142566426 0.13034850644089277
11.8797607421875 -1 157.11642456054688 95.57447814941406 620161 840.103515625 161.6509552001953
0.9989216858129057 -0.044950649683075765 -0.004644257026759886 0.010645918581374886 -2.597063549159862 0.45048055755110206 0.11975515848558393
4.323977947235107 -1 617.015625 5.336647033691406 -1 1169.0340576171875 7.186485290527344
0.9989552145260224 -0.042569006571586174 -0.00557577534872488 0.015661091278622738 -2.6540582649923135 0.41594299123725065 0.12589822444690138
26.607938766479492 776276 672.891845703125 51.75740432739258 647840 99.32125091552734 57.924774169921875
0.998919925244728 -0.04293796401861295 -0.004355198949529372 0.017214715713987708 -2.7039019022853163 0.4199290184146692 0.14653196319671302
1.167575716972351 -1 1134.09521484375 4.3819899559021 -1 615.3115844726562 5.418917179107666
0.9988528628920278 -0.043407811502950505 -0.003109736334355814 0.019976229195097502 -2.7540779255370036 0.42420984907552917 0.16645649587949943
3.8709681034088135 -1 644.5550537109375 5.139158248901367 -1 932.0177612304688 4.849869251251221
0.9988205321836244 -0.04341810530434221 -0.002231762526170977 0.021620172437543803 -2.8182891919105235 0.4263621064871494 0.17530873876910485
5.144073486328125 -1 239.44761657714844 31.360193252563477 -1 257.4053649902344 38.45404052734375
0.9989548894162523 -0.04092075346721544 -0.00041452984313487666 0.020358020828354244 -2.8978945079585023 0.42643412373941936 0.1775835263595815
24.92006492614746 -1 206.7050323486328 27.448610305786133 -1 206.7050323486328 27.448610305786133
0.9990159769518092 -0.03968331858998123 0.0007067728402722576 0.019794254036475608 -2.979124252853357 0.4240458148034241 0.1860423213428796
185.02882385253906 778201 1359.0933837890625 219.5653533935547 -1 983.8163452148438 222.633544921875
0.9990348815623985 -0.03961933939793981 0.0008542880944785588 0.018944222315178175 -3.060278361357651 0.4327878952836455 0.1950690090127579
80.75206756591797 777131 685.8938598632812 93.3582763671875 -1 685.8938598632812 93.3582763671875
0.999027792664758 -0.039593804255315675 0.0019150041009707791 0.01929074667467051 -3.123897627501907 0.4352852504256526 0.21637058409157192
2.865844964981079 -1 1109.4713134765625 85.78799438476562 615642 460.4927978515625 130.0116424560547
0.9989645401874472 -0.039725131733729165 0.0008719821853720497 0.022158542458574095 -3.209466063513308 0.421503899125007 0.220416142472562
146.04771423339844 -1 23.6320743560791 221.0143280029297 631877 14.238748550415039 221.70448303222656
0.9988251923692381 -0.041182494837035545 -0.0008242594742879078 0.025525630332500625 -3.288073515281164 0.4057150824634131 0.2199536749100825
23.83905792236328 -1 391.9447937011719 96.30891418457031 772057 582.0640258789062 113.36579895019531
0.9987620325202216 -0.04170153794502001 0.00015519513184768808 0.027117522813987865 -3.3475032004763903 0.3908318658503275 0.23776363413645674
4.2129669189453125 778180 778.6856079101562 5.227913856506348 647118 306.98651123046875 5.6717939376831055
0.9987276586318725 -0.04237976213104015 0.0018566972611431087 0.02726852252497491 -3.404283082653671 0.3754872168095714 0.25989781562932224
34.03654098510742 -1 322.8304748535156 37.78817367553711 765858 457.6615905761719 81.24667358398438
0.9986219693597252 -0.0436262214748779 0.0017366418478933312 0.0291187085397197 -3.4740397460249928 0.34550605036235404 0.26412350735262524
7.849278450012207 738121 442.70452880859375 22.512737274169922 618262 399.3865051269531 48.77960205078125
0.9985561427389564 -0.045028448634311775 0.0013202520242663902 0.02926304062254466 -3.547998426416604 0.33010729817473156 0.2727287145459084
169.42831420898438 -1 514.4551391601562 189.97740173339844 -1 805.7718505859375 235.6904754638672
0.9985403508856333 -0.046349677198517014 0.0015938822129643207 0.027682749434999963 -3.6218136945975066 0.3362968791984723 0.2840802679215626
170.7790069580078 -1 1099.7364501953125 210.09442138671875 -1 750.9508666992188 246.1750030517578
0.9985588071261383 -0.04749125970954684 0.0010109473054539314 0.02497732867161105 -3.695916983124957 0.35301375224433557 0.2799069133737632
222.08128356933594 -1 750.6717529296875 238.75888061523438 776113 755.8352661132812 246.87933349609375
0.9985932910118527 -0.04791843832250216 0.0005258218533220751 0.022693301351463843 -3.7537426431798857 0.36088800430193746 0.26911837047754694
27.778043746948242 -1 627.67626953125 54.66910934448242 -1 432.89630126953125 66.25604248046875
0.9986478772602662 -0.0475885677826464 0.000278025268087914 0.020920520115692173 -3.8047765443905575 0.3660074266007797 0.26401006381962516
4.033768653869629 651835 620.6161499023438 6.040613174438477 647118 341.1161804199219 21.097749710083008
0.9987065104031814 -0.04676905481329162 0.0006463353992377448 0.019938501466346154 -3.8428615122883887 0.3663623737889768 0.265724782279404
0.5 -1 0.5 0.5 -1 0.5 0.5
0.998680645142454 -0.04689089848421596 0.0020706576591669064 0.020830867338002483 -3.8747336235078307 0.36234490857532775 0.2790832494749736
0.5 -1 0.5 0.5 -1 0.5 0.5
0.9986575191045353 -0.04723368017724086 0.0024696259142834983 0.021119657685020603 -3.916452798799066 0.365915861686052 0.27844735269911175
15.387202262878418 -1 294.5093078613281 54.55426025390625 835580 803.6326293945312 99.1552505493164
0.9986918861294425 -0.04675991165918085 0.002254010286833694 0.020565667469579583 -3.9754402648370224 0.3614309588398467 0.26988341016774364
133.55264282226562 -1 250.59564208984375 133.55264282226562 -1 919.122314453125 171.68479919433594
0.998822985501739 -0.0446577273137606 0.0032596430092664474 0.01864686976451332 -4.030495114652044 0.343845212802962 0.2633790992860604
72.40178680419922 -1 301.26678466796875 75.74263000488281 -1 940.62353515625 78.51895141601562
0.9989079954577955 -0.04227440681714907 0.00461514334242034 0.019349201292971404 -4.075954187185094 0.3041608179046446 0.25810192875958377
5.93126916885376 -1 870.0177612304688 18.702951431274414 -1 962.70849609375 29.207670211791992
0.9989817420934596 -0.04015086857095152 0.00666046216596627 0.01946856339462341 -4.109279176946854 0.2762970502399594 0.27406720100019655
5.059762477874756 -1 866.154052734375 5.031825542449951 -1 989.7291259765625 6.462324142456055
0.9989443268879843 -0.04005220677255671 0.007727770230300251 0.021126620132621468 -4.149776121338754 0.2509796294854757 0.2838520527494568
5.487349987030029 -1 849.5784912109375 8.016347885131836 -1 527.5206298828125 8.648687362670898
0.9988276000842762 -0.0416828173581662 0.00799392015186378 0.023282295582199835 -4.199097166590143 0.2293525931634521 0.2850577879636757
3.9921350479125977 -1 932.7827758789062 5.9042229652404785 -1 1028.948974609375 13.765085220336914
0.9987566009118438 -0.042174956570929775 0.00888950243177102 0.025049988418675354 -4.245946352316215 0.20450915955227722 0.2888042070181897
2.2734413146972656 -1 904.663818359375 3.4753785133361816 656847 730.3585815429688 4.647100925445557
0.9987708853545201 -0.041163259991329436 0.011530940523977665 0.02508668981087454 -4.272644633882484 0.18638682013422211 0.3108863351963212
3.4836766719818115 -1 1012.5917358398438 3.175995111465454 -1 196.51646423339844 4.38703727722168
0.9987673511737208 -0.041582661854031 0.013727029902608247 0.023371544934291364 -4.298668819952757 0.19660765611680217 0.32468651287213435
4.278707027435303 -1 968.18115234375 4.501798629760742 -1 1160.3516845703125 4.846282482147217
0.9987598077006752 -0.04191169768943732 0.015283596638833068 0.022105831635139014 -4.341729785071304 0.20517806627212187 0.33289461172017354
4.361041069030762 -1 690.45654296875 7.211953163146973 803385 686.2726440429688 10.026383399963379
0.9988251310755966 -0.041926316407121314 0.015148408095401345 0.019001769826061974 -4.396519667000084 0.22363372122428604 0.3267503819913939
192.07400512695312 -1 401.0126647949219 196.410888671875 -1 401.0126647949219 196.410888671875
0.998931977971902 -0.040618954309055974 0.014726859914646102 0.016374478099668122 -4.461635618064391 0.22547098129644003 0.3204781706153344
177.56707763671875 -1 377.73187255859375 186.57374572753906 -1 375.4936828613281 188.70298767089844
0.9989934756425529 -0.040400721714622286 0.014766758931966339 0.01271849594861422 -4.513357174483544 0.2431138462287502 0.3188699994733422
3.2000670433044434 -1 1369.1163330078125 3.693890333175659 -1 1179.4539794921875 5.968211650848389
0.999007937055953 -0.04070076798432227 0.01467367382817314 0.010548577206416746 -4.559432790738983 0.25256217147092386 0.3156009536443945
35.91701126098633 660336 524.4915771484375 36.686790466308594 -1 578.9777221679688 45.02323532104492
0.9990644871059224 -0.039770897341486075 0.013730890845967807 0.00999444670851477 -4.605096372097424 0.24476955789404475 0.30905107264365833
2.816911458969116 -1 81.27595520019531 4.644046783447266 -1 470.0595703125 4.269223690032959
0.9991244862592492 -0.03893491221301921 0.012875573710478462 0.008279684159556268 -4.649077130992615 0.2519715365370076 0.301682405709024
3.9692091941833496 -1 699.6649780273438 4.536198139190674 -1 638.325927734375 5.714994430541992
0.9990921571731312 -0.039485296046014466 0.013864442983225977 0.007971831161216959 -4.676831113031783 0.25529081577556983 0.3093565431769361
3.8222103118896484 -1 475.2727966308594 5.307453632354736 776065 826.5437622070312 5.616411209106445
0.9990393099747477 -0.0404594117805504 0.014924217862524854 0.0077949242936608 -4.704846214746107 0.2685179438019605 0.31884099948164996
4.943658828735352 -1 508.8931579589844 4.990622520446777 -1 1233.032958984375 4.9017181396484375
0.999015346178841 -0.04081946404085295 0.015520967054176077 0.007823620408171417 -4.733218961664289 0.2695497967860281 0.31980661983817127
0.5 -1 0.5 0.5 -1 0.5 0.5
0.9990477264477466 -0.03982288738328634 0.01611261991620898 0.007626362139482076 -4.7629795297070325 0.2595321269898604 0.3146311274731075
3.0944888591766357 666627 595.5972290039062 3.5666136741638184 -1 19.430042266845703 4.112220764160156
0.9990930720577148 -0.03846697434400245 0.0173969493624909 0.005538176954082659 -4.7918524265823645 0.2728151293446013 0.3155011583854689
0.8444254994392395 -1 514.0404663085938 2.978180170059204 -1 648.2260131835938 3.583975315093994
0.999076651206999 -0.03834161296781185 0.018429323763994962 0.006010470334090743 -4.828551560275049 0.2662156521228584 0.3209906479853258
2.3280248641967773 -1 765.336669921875 5.572866916656494 666629 15.338077545166016 7.335811614990234
0.9991215697011281 -0.037766904009454094 0.01754855028313607 0.004668865221326695 -4.877657566396195 0.2780909303740255 0.3180346558282825
2.8881354331970215 -1 737.5172119140625 3.892285108566284 -1 1057.8720703125 6.744974136352539
0.9991195266058259 -0.03793375393704512 0.01731005898376567 0.004643675825535865 -4.918078721773703 0.28390958764700175 0.3304591104764214
7.240103244781494 799038 483.9165344238281 50.0656852722168 647048 1239.2196044921875 73.81602478027344
0.9991113831480235 -0.03890452254835237 0.01564829403598093 0.00424418226421353 -4.970091449578503 0.2911724673176633 0.3232374710848373
72.00926971435547 -1 733.1246948242188 163.3367156982422 -1 1020.0603637695312 180.7131805419922
0.9991608947263761 -0.03827564255010163 0.012909561863780939 0.006769405398529647 -5.024172813471962 0.2559118407591857 0.2941154460229802
144.7191619873047 651855 211.8623046875 157.42013549804688 675332 457.54937744140625 158.74127197265625
0.9992076544546838 -0.03794513288658242 0.01014201770787778 0.006431923989128412 -5.073836664886629 0.24845081053622534 0.2629451680208387
9.70759391784668 800373 652.859375 9.70759391784668 -1 1172.3946533203125 21.179840087890625
0.9991722018644885 -0.03937488972889823 0.00930947343696321 0.004226438741239673 -5.117929999357612 0.2748347924993402 0.2556799032175386
178.48011779785156 671353 678.3771362304688 186.9762420654297 -1 1211.9566650390625 222.08328247070312
0.9991762863915967 -0.039305707763883396 0.010089850493203387 -7.047625749108199e-05 -5.158093643179648 0.30804844672844045 0.2628017060918526
67.63666534423828 -1 117.48967742919922 98.62303161621094 -1 440.4650573730469 106.15447998046875
0.9992969254216825 -0.035852435157561355 0.010041323473000791 -0.004407897339526096 -5.202197189257015 0.31532348277961614 0.2554380771992991
84.07379150390625 -1 401.9482421875 111.61804962158203 -1 283.1444396972656 161.46206665039062
0.9993486007519992 -0.03439658214634703 0.009235229240282802 -0.005827508262575681 -5.244364462729482 0.30855562920736135 0.23387860697245427
3.748594284057617 697342 376.8631591796875 7.193997859954834 -1 701.9129028320312 10.849035263061523
0.9993734109200509 -0.033042725597833084 0.009455140529119964 -0.008459559602265231 -5.272142161809875 0.3172227745363483 0.22334266865843702
11.032471656799316 661508 332.2834167480469 17.43256378173828 -1 330.4303283691406 25.011821746826172
0.9994296115227547 -0.03170617140904679 0.008222020770517818 -0.008220017062329808 -5.314406036127089 0.2987292140803793 0.19269179516653004
6.727447032928467 -1 1191.9066162109375 7.5769734382629395 725452 373.10064697265625 13.231472969055176
0.9994091040693308 -0.03176411988043617 0.009264001254239946 -0.009309225119214752 -5.336975323909818 0.3022011326883658 0.18665063525732842
3.7040648460388184 -1 659.819580078125 3.2627055644989014 -1 79.54981231689453 4.21509313583374
0.9993947351401569 -0.031110369649104175 0.011224506556791011 -0.010785115993268887 -5.3480814105327985 0.3089801115360197 0.19855034846229314
5.694128513336182 -1 871.1217651367188 5.724350929260254 -1 881.13134765625 6.486601829528809
0.9994363639408571 -0.0294460599643242 0.010629114963295652 -0.012120474427725488 -5.385703260717757 0.3150601449893752 0.19260525089102595
110.10274505615234 -1 556.7291259765625 110.10274505615234 -1 555.3264770507812 112.59770202636719
0.9994196672076036 -0.029580924441064353 0.00997633436325807 -0.013629763773726097 -5.426460006573459 0.34082830936136643 0.18780790805973993
2.088902473449707 -1 1070.1595458984375 80.24897003173828 -1 1070.1595458984375 80.24897003173828
0.9993753211289766 -0.030727447421024286 0.008823570074856124 -0.01506439857668095 -5.473492008357662 0.3709483473899411 0.16786026906145782
9.07436752319336 -1 1343.942138671875 9.07436752319336 -1 191.09872436523438 182.21615600585938
0.9993839690358819 -0.03069726959594091 0.0070160074007769415 -0.01549631290319786 -5.5247403880424 0.3818045749348479 0.13284763145923853
7.811678886413574 -1 923.6610717773438 172.48789978027344 706142 1014.8790893554688 248.5818328857422
0.9993869990588057 -0.029942334961023893 0.004772318208725686 -0.017501647586192316 -5.581107810357068 0.4113413845710678 0.0990935055552972
114.1650390625 -1 961.281494140625 124.03648376464844 -1 993.412841796875 248.4234161376953
0.9994205166086157 -0.02797739896327099 0.0042825592902792165 -0.01890914633035927 -5.622888096304223 0.42545288904392276 0.09063029855481412
167.58265686035156 695415 120.64669036865234 167.58265686035156 -1 954.1472778320312 206.1483154296875
0.9994427017639048 -0.026631029039260855 0.0035798219762383145 -0.019805530989978823 -5.668881076849424 0.4300763540952128 0.07004120026278741
54.07806396484375 704835 977.5074462890625 148.93624877929688 -1 861.4923706054688 161.27427673339844
0.9994654363032981 -0.024822765753730568 0.0034897782595631793 -0.02098793422641847 -5.706076287635445 0.44574643273426423 0.0605295649948715
75.7333755493164 -1 958.4202880859375 174.15310668945312 -1 858.8147583007812 187.59051513671875
0.999319475412591 -0.02653348039810237 0.004108706867585698 -0.02529187630334529 -5.732982678205852 0.5285658229580209 0.06305941497826517
25.189512252807617 -1 1179.617919921875 36.226348876953125 -1 951.0440673828125 51.9718017578125
0.9990925863433768 -0.02938657616074602 0.006524609094628563 -0.030130757232658012 -5.738091114157664 0.6279799252055657 0.08919953696097194
0.752826452255249 -1 713.8567504882812 18.360639572143555 739981 709.2794799804688 59.13019943237305
0.9989382201271397 -0.029310394388151955 0.007970909123493554 -0.034638096913343484 -5.7396481568509365 0.7082086135264848 0.10412685587463366
0.5 -1 0.5 0.5 -1 0.5 0.5
0.9989912242202389 -0.027178942482306196 0.007171848730833423 -0.03502004572061671 -5.749054228795547 0.7335481950989708 0.08155472789215942
3.2028565406799316 -1 747.5938110351562 3.475327968597412 -1 99.62216186523438 4.169110298156738
0.9990985705503147 -0.025957686196447442 0.005768643131992205 -0.03309029477143187 -5.748143851140688 0.7317633484461971 0.042972881347286065
2.938779354095459 -1 776.9031982421875 2.938779354095459 -1 683.85888671875 3.519336462020874
0.9990823960623254 -0.0249618052618952 0.004745174404463613 -0.03447836243647911 -5.747829316983375 0.7717340902281583 0.013855033212223694
2.9821019172668457 -1 748.2542724609375 4.029644012451172 -1 995.3612060546875 3.8381996154785156
0.9990981809364088 -0.02417231135177573 0.005814898941084582 -0.03441963340561131 -5.74696295105643 0.7902252626012305 0.02323078378060016
4.499889850616455 -1 418.25946044921875 5.253444671630859 -1 745.822509765625 6.069969654083252
0.9989268062439859 -0.023573312254176373 0.0038427253810296037 -0.03968334887838265 -5.7628032810559455 0.8649155237601774 0.011766881117623668
218.82269287109375 690264 882.5419311523438 255.56773376464844 -1 599.4092407226562 256.8710021972656
0.99880831652614 -0.022377995033229563 -0.0015473301567947685 -0.04334487219841289 -5.799792956706799 0.9119832358704775 -0.04378604215859936
160.09950256347656 -1 771.6089477539062 221.3291473388672 706142 790.4066162109375 266.2643737792969
0.9988864810229863 -0.019664622334686833 -0.0057616477946264184 -0.04249593007148095 -5.819135832562994 0.9160162405503175 -0.08149500903921739
3.8350143432617188 -1 673.6095581054688 10.61552906036377 741969 640.353515625 11.995943069458008
0.9989509322054393 -0.01852341744298107 -0.0056268950244380365 -0.04150007354814152 -5.794848108174355 0.9380218631360684 -0.07879205291049031
74.56542205810547 -1 951.1580810546875 93.5219497680664 -1 9.179286003112793 156.703125
0.9990188628670948 -0.018525296693675513 -0.006126530501331489 -0.039756642742622916 -5.758797749794842 0.9654887878596728 -0.08686821171196302
30.91370964050293 -1 483.151123046875 94.18946075439453 827713 773.4273681640625 183.8230743408203
0.9991027343655139 -0.019411646625998643 -0.008907828153356525 -0.03657273241379579 -5.743349828996754 0.9914706257918351 -0.11000388342348287
28.774078369140625 740008 1030.5614013671875 91.50299835205078 -1 683.6746215820312 129.0827178955078
0.9990379336528539 -0.020200666671303186 -0.009809547231299192 -0.03766846123467183 -5.723562198880321 1.063279721029597 -0.10855971313592527
0.5070871114730835 -1 0.5070450305938721 0.5070871114730835 -1 0.5070450305938721 0.5070871114730835
0.9989806535485889 -0.01941531051173122 -0.009914058412436111 -0.03952734495462853 -5.708548107330299 1.1342828763734563 -0.11037769507294447
2.32043194770813 -1 133.634765625 3.2490527629852295 -1 592.3154907226562 4.934586524963379
0.999131698979396 -0.016764499535555512 -0.010236397202329831 -0.036742561453770924 -5.70148467479152 1.1358642185384427 -0.12973099530162777
5.996334552764893 -1 122.41255950927734 12.612826347351074 -1 626.55712890625 12.279577255249023
0.9992723844863719 -0.013874040499257041 -0.009341845734900302 -0.034277434580359686 -5.675740647373067 1.1378499503405088 -0.13739757024916413
23.376100540161133 723294 654.6697387695312 34.59584426879883 724015 551.8518676757812 36.218482971191406
0.9992970763626808 -0.011727029179372043 -0.008647687524547377 -0.03454051910586146 -5.653258406829791 1.1708082916181692 -0.13568931039496085
12.704106330871582 722037 625.5686645507812 19.330181121826172 -1 643.678466796875 22.68589210510254
0.9993084652911415 -0.0120990550354039 -0.008228657498685918 -0.03418323069113243 -5.641984447777618 1.2174583398745997 -0.14312802549299544
54.7653923034668 -1 1034.2647705078125 57.26430892944336 -1 669.3582153320312 60.412662506103516
0.9993389716001266 -0.012282795493233115 -0.007259235842212759 -0.03343734844541337 -5.6254947474712464 1.2654914280316998 -0.14127848190330963
18.489896774291992 -1 851.4720458984375 71.81478881835938 -1 851.4720458984375 71.81478881835938
0.9994948066851325 -0.010786492869830525 -0.005228290657166264 -0.029435488068366624 -5.605619389815401 1.2682030521361325 -0.1212732419818827
153.3778839111328 -1 284.0413818359375 164.55538940429688 723267 79.49977111816406 165.2993927001953
0.9996875393104088 -0.006598268434844193 -0.006859250149993438 -0.023113573686073224 -5.615490038871244 1.2200659110718932 -0.14381838577628828
2.3061585426330566 -1 321.32672119140625 4.641051292419434 -1 738.5206298828125 5.6401872634887695
0.9998428009145206 -0.0011853142407316623 -0.01217446342415235 -0.012835533876360756 -5.6526427167415365 1.1243850484210736 -0.20600677263351472
5.771697521209717 -1 953.8182373046875 7.028830528259277 739995 636.8749389648438 8.273365020751953
0.9998757743895293 0.0023127921220754124 -0.014221527896733166 -0.006390221108974869 -5.660702746383654 1.0823306406316355 -0.22931436075956194
9.119237899780273 -1 656.7617797851562 10.176675796508789 745626 962.1448974609375 10.567766189575195
0.9998787829822767 0.0025754805519298245 -0.014074901941405768 -0.006138678778676173 -5.653438057104453 1.1314620636644044 -0.2301458364383059
23.4893856048584 -1 1094.1365966796875 23.4893856048584 744940 571.2186889648438 26.333988189697266
0.999886477436493 -0.0007883864822583933 -0.012682646239628758 -0.00809698528816291 -5.648341404977534 1.2415576889612459 -0.23249333766005817
4.0957536697387695 -1 868.9339599609375 12.689160346984863 -1 805.7962646484375 16.493436813354492
0.9998782521962951 -0.001593635190869496 -0.01239637241439696 -0.009341898239865606 -5.659019666503349 1.301165615338437 -0.23982800744476945
4.7765984535217285 -1 899.3571166992188 6.633457660675049 -1 862.0470581054688 29.6589412689209
0.9998796627508925 -0.002261416052152348 -0.010976045718903142 -0.0107271820613444 -5.6621408847729375 1.3545343678501593 -0.2223944316621911
5.604109287261963 -1 614.2135620117188 7.632378101348877 -1 846.9212646484375 13.096909523010254
0.999878416561713 -0.0038503568125395583 -0.010893135556422233 -0.010472174760154728 -5.6789514511008505 1.4131098354562168 -0.20958453100406918
4.466619491577148 -1 813.2659301757812 5.474066257476807 -1 807.5913696289062 11.127224922180176
0.9998689246087271 -0.00603488840175797 -0.011173105709542778 -0.01004367624774179 -5.689418949269037 1.4619035716426392 -0.21532405108895503
6.460052013397217 743361 905.6324462890625 12.01624870300293 -1 893.9695434570312 14.66847038269043
0.9998513371875982 -0.006288413095646812 -0.011549757140746814 -0.011151793349059691 -5.699389128004551 1.5201536454139768 -0.23151740172315582
9.832418441772461 -1 818.3914184570312 23.356435775756836 -1 808.6810302734375 27.104413986206055
0.9998224733294463 -0.007664476759060568 -0.012119804459178008 -0.012222436797536429 -5.709381839465055 1.579907919246823 -0.2520480205403406
11.128658294677734 -1 908.4783325195312 13.063093185424805 -1 930.1919555664062 13.30448055267334
0.9998085512718031 -0.008737340316151209 -0.011627746592114659 -0.013088743146981083 -5.7108317131837145 1.6294252299706111 -0.2578380574564801
7.933279037475586 -1 926.5394287109375 8.577873229980469 -1 822.2266845703125 17.821531295776367
0.9997746076774502 -0.010471186603361854 -0.011134806594379997 -0.014734455423395331 -5.700791464226608 1.684981873463367 -0.2604461253189266
24.469356536865234 -1 851.8758544921875 29.1722469329834 -1 942.9379272460938 35.487789154052734
0.9997048602631137 -0.013546571140301488 -0.01182957586633369 -0.01633229657677503 -5.692595932698299 1.7555352345458648 -0.26785186623859897
37.248268127441406 -1 989.419189453125 43.51491165161133 -1 823.4290771484375 54.475502014160156
0.9996027619363884 -0.01714748833921153 -0.013881817088354377 -0.017537876927556467 -5.691908226241226 1.8230197047694137 -0.2766706156375687
3.3610637187957764 -1 928.6168823242188 6.28248929977417 -1 845.1118774414062 12.438899993896484
0.999533121612683 -0.02050418072821979 -0.014639377647106617 -0.01728600572646447 -5.686626928583099 1.8686717418638557 -0.2700519923820164
8.085189819335938 -1 1016.503173828125 10.860030174255371 -1 292.05328369140625 21.783672332763672
0.99942319151609 -0.02300136263122234 -0.014320732489370616 -0.020472864915976503 -5.646874254862122 1.936980366478712 -0.2575809333394677
26.637052536010742 -1 102.52210235595703 55.478355407714844 -1 486.1324462890625 60.704315185546875
0.9993885825045158 -0.024486726218921086 -0.015147535485284802 -0.01983465571711083 -5.611732794237829 1.9565510964030237 -0.2511922635507922
10.401381492614746 -1 905.9385986328125 43.95478439331055 -1 311.26580810546875 55.61301803588867
0.9993757453734823 -0.025869727315386767 -0.014986147271065255 -0.018822650126758544 -5.57440328428749 1.959014752148551 -0.2461460116716331
18.455411911010742 -1 124.45511627197266 22.037731170654297 -1 955.3292236328125 49.41756057739258
0.9993267809357522 -0.026651621184262127 -0.015095935646631519 -0.020193779234966003 -5.526285581614986 1.9847437634931824 -0.24711169526159196
115.04732513427734 -1 581.7313232421875 119.46578216552734 803229 560.1213989257812 125.43017578125
0.9993073301067582 -0.027613303692508105 -0.014756683094244905 -0.020114814394963296 -5.473720771071484 1.997083097557074 -0.2425549473787079
44.596710205078125 -1 777.0945434570312 44.596710205078125 -1 904.0775146484375 158.51034545898438
0.9993471082490574 -0.027856663718392606 -0.013533365412648301 -0.018606760635187503 -5.405255522285099 1.9896457603916573 -0.22564469948061952
50.42348098754883 -1 1006.7752685546875 236.32220458984375 822284 933.4900512695312 237.4235076904297
0.9994296505058047 -0.027138844256251342 -0.012447127109718969 -0.015777384098593722 -5.344678055954415 1.970202016215132 -0.20431326723327164
219.0 792887 1032.5 239.0 -1 1010.5 263.5
0.9994747609131852 -0.026954930029390606 -0.013374548843673104 -0.012031437481463379 -5.306503279800263 1.9412278956727869 -0.21015857707346183
106.88016510009766 -1 703.5614624023438 116.89097595214844 -1 1089.306884765625 124.64938354492188
0.9994382163752533 -0.027661394114394132 -0.013305751934861915 -0.013455701012897671 -5.249669916664472 1.9592988564591185 -0.2199898361062751
0.5072330236434937 -1 0.5071637630462646 0.5072330236434937 -1 0.5071637630462646 0.5072330236434937
0.9994401369355667 -0.027854369953148213 -0.010727752107870624 -0.015114962502138354 -5.18315119656254 1.9746614442844945 -0.18591175392039905
109.04167938232422 -1 1132.8695068359375 127.02100372314453 -1 1078.0572509765625 140.76004028320312
0.9994135763844181 -0.027641325372307575 -0.010148604274562278 -0.01747759426944927 -5.127946808226471 1.9943705151989897 -0.16286196528065508
2.2670717239379883 -1 595.201904296875 2.7784006595611572 -1 1087.806396484375 4.274227619171143
0.9993539346615833 -0.029041683285477255 -0.012063109474562645 -0.01740043959683264 -5.088636627898648 2.00040080845729 -0.16885941605418522
16.603397369384766 -1 627.8710327148438 16.603397369384766 -1 407.1742248535156 57.99552536010742
0.9992881096592867 -0.03139664375581954 -0.013326823873592835 -0.016122047633029275 -5.033442479535256 2.0071093822102064 -0.17398133340256464
125.59119415283203 -1 549.8726196289062 196.22572326660156 -1 840.9041748046875 223.59567260742188
0.9992089891029147 -0.03213901445074117 -0.013661868158794015 -0.01902191379641744 -4.957552188400001 2.047033820119477 -0.17388920149603201
99.412353515625 -1 481.4364929199219 142.4684600830078 801977 764.6704711914062 156.0300750732422
0.999202356695876 -0.03260368488452776 -0.012911688672746852 -0.019103360986378437 -4.882867780571611 2.04863339723403 -0.1688408935429214
135.8012237548828 -1 792.6443481445312 144.06298828125 796486 1207.9676513671875 156.0537872314453
0.9992112429413949 -0.031459026718984325 -0.01422972778862251 -0.019614700213586873 -4.812356668439306 2.0555648283110304 -0.18305235932202024
3.737149477005005 -1 800.8201293945312 4.355641841888428 -1 800.8201293945312 4.355641841888428
0.9991248122606128 -0.03372730739673807 -0.016387680963919776 -0.018534351177906083 -4.76687842132333 2.062784219671353 -0.22173304945404343
164.46717834472656 825538 748.8748779296875 236.0432586669922 -1 644.7095336914062 255.93165588378906
0.9990599456439688 -0.03558951478144907 -0.016037030430014202 -0.018852721354704845 -4.701505316263235 2.083533444845838 -0.23263018698612473
157.81761169433594 801977 918.6568603515625 176.91883850097656 -1 1214.463134765625 264.1318664550781
0.999096981104795 -0.03479318815453817 -0.013188216738963232 -0.020511639246387443 -4.611819282676462 2.091422006133431 -0.2083806307471551
152.8778076171875 -1 960.0526123046875 163.55589294433594 -1 950.6130981445312 170.0030975341797
0.9991018807715933 -0.03272856845540539 -0.011327162048688914 -0.024412456767959754 -4.530678840424745 2.1085714455235633 -0.19161443892274757
17.66714096069336 -1 1354.8934326171875 75.23674774169922 797921 914.72509765625 106.79693603515625
0.998974509247569 -0.034119326971440836 -0.008349224202888444 -0.028567321467096722 -4.444673531976678 2.1458861088574444 -0.17310267035033028
3.0 -1 149.5 3.5 -1 157.5 3.5
0.9987059228935284 -0.03570600981669149 -0.0071185770002302855 -0.03550896086690965 -4.3531168284070025 2.215496078976547 -0.1853419793834602
35.9939079284668 818578 618.4982299804688 114.50902557373047 -1 452.22613525390625 157.1169891357422
0.998577249201392 -0.039675224965695116 -0.005647812980592524 -0.03517749436555593 -4.264556472831104 2.220689465280696 -0.20612710932495634
160.08811950683594 -1 526.0250854492188 213.55043029785156 807641 1349.583251953125 223.56036376953125
0.9985339231701329 -0.04072779407245414 -0.005159456293061102 -0.03527932934757779 -4.1794578561787015 2.2350335453906642 -0.21522732617983614
140.85337829589844 -1 696.0902709960938 198.39564514160156 -1 938.02880859375 204.2762451171875
0.9985888694529 -0.040493284614543226 -0.006526810122516323 -0.03373372875223096 -4.114992229372997 2.225074050801566 -0.23119197603980163
160.58181762695312 801977 585.9616088867188 210.67091369628906 -1 1037.5208740234375 211.43385314941406
0.9984463701330931 -0.04180970691748738 -0.0074098528052027705 -0.03608169143664627 -4.042129123505296 2.2585898932631197 -0.24024005014686295
33.279457092285156 -1 952.2528686523438 83.54840850830078 -1 621.8162231445312 145.84814453125
0.9980544275877862 -0.048465607998433795 -0.0037278495556554827 -0.039045454939713814 -3.932768228721923 2.3290098507088666 -0.21907388586083848
30.934097290039062 -1 377.18408203125 350.4590759277344 -1 467.2272033691406 381.14337158203125
0.9975204378106225 -0.05535481644285448 -0.00028568332591591807 -0.04345962300480017 -3.825927495648259 2.4205441340658824 -0.20910594143580086
78.3643569946289 -1 967.622802734375 118.842529296875 -1 824.1713256835938 209.95785522460938
0.9975218073958214 -0.05941820866023962 -0.003754389960230361 -0.03749166314540831 -3.824340676911364 2.40714986639414 -0.23823381606115715
46.968711853027344 -1 525.9056396484375 57.2698860168457 -1 450.5343933105469 59.0804443359375
0.9976084890980543 -0.06119511436764014 -0.00947013724059501 -0.030704673222055796 -3.8352476635104735 2.361059422760766 -0.28666733862487054
18.80908966064453 -1 478.4156188964844 40.97212219238281 -1 474.8805847167969 44.00532913208008
0.9977307494711012 -0.062204051561080415 -0.012648088104530709 -0.02245068810796841 -3.839050905144562 2.3191265160116994 -0.3343316518366129
112.65801239013672 -1 1001.4473876953125 117.0708999633789 -1 657.1387329101562 137.37249755859375
0.9976540950457693 -0.06322343918008458 -0.013107025349404867 -0.022744433673745217 -3.7916498745843725 2.339197576591081 -0.3746876116814608
149.37928771972656 -1 962.1060180664062 152.47938537597656 -1 1031.4281005859375 200.7186279296875
0.9978429792380459 -0.06116504466339914 -0.015186636527827342 -0.018373681384980876 -3.755523923740881 2.2830660094647044 -0.3911276103996757
91.41410827636719 -1 962.9492797851562 95.17218017578125 -1 983.9298095703125 100.35884094238281
0.9980262739134441 -0.05975036101249724 -0.017065586080088988 -0.009067342999282826 -3.747432619464213 2.214152233329459 -0.381083674437988
101.09864807128906 -1 1203.1546630859375 107.84757232666016 -1 1080.3365478515625 113.45094299316406
0.9981140459381341 -0.05907044710844567 -0.01608586078140861 -0.0045031835780665564 -3.720564115462098 2.1947289437561794 -0.36374472443108885
133.97938537597656 -1 1052.266845703125 133.97938537597656 -1 1086.7371826171875 168.68380737304688
0.9983016310157123 -0.056168583797680575 -0.012993676533522559 -0.00837305653114693 -3.649289704012428 2.20104868102396 -0.32599309710446245
68.36666870117188 -1 1278.94140625 68.36666870117188 -1 1051.6907958984375 95.87185668945312
0.9983563213780854 -0.056129585772914194 -0.005888853096051032 -0.009972290338292594 -3.5480816357142855 2.1961228174275673 -0.25343730265331216
276.52374267578125 -1 514.906005859375 319.4225158691406 -1 514.906005859375 319.4225158691406
0.9983144371647352 -0.05692621322550548 0.0029891685258536787 -0.01089750741161109 -3.379219438040944 2.2004422254677416 -0.16793993628439602
0.6119458675384521 -1 0.6116332411766052 0.6119458675384521 -1 0.6116332411766052 0.6119458675384521
0.9983134156456018 -0.056160311167207176 0.000478075993300922 -0.014700851504562348 -3.287772633486847 2.205803472936984 -0.1851180010366024
51.533241271972656 -1 840.7994384765625 60.41064453125 -1 903.6142578125 61.949527740478516
0.9983875712540836 -0.0553659355353855 -0.00490759124816961 -0.011523293617914624 -3.2705648976741593 2.1607660018161683 -0.2290876760331015
2.444239616394043 -1 729.1820678710938 4.076531887054443 -1 724.3307495117188 9.196884155273438
0.9982215634203261 -0.0582209928996718 -0.008153290706892568 -0.009876748407509229 -3.2266965171247564 2.1472206718517084 -0.25853575199942225
207.83396911621094 -1 982.0718383789062 211.46713256835938 -1 478.559814453125 229.27793884277344
0.9981201380464843 -0.059474088481836725 -0.01097016993799867 -0.009933689991804377 -3.1335101589884418 2.141960749312944 -0.25370837359134696
71.60904693603516 -1 1133.923828125 190.91891479492188 -1 694.2963256835938 237.9122772216797
0.9978780442534855 -0.06279428316868106 -0.012613343082646184 -0.011712829480958389 -3.0434696052349173 2.1742640579123313 -0.2395383503564424
135.45431518554688 -1 870.2301025390625 166.0658416748047 -1 750.6917114257812 225.32412719726562
0.9977108995226838 -0.06498844184747855 -0.01258261226706888 -0.013825384928119532 -2.942744365180968 2.2060103692183453 -0.20868957322294254
141.53155517578125 -1 906.4215087890625 146.10012817382812 -1 906.4215087890625 146.10012817382812
0.9977125896564725 -0.06492607560995546 -0.012404465455259231 -0.014153529017003202 -2.8354910066856753 2.207994766882188 -0.18364554282322088
122.97770690917969 -1 984.8955688476562 287.01715087890625 -1 307.0498962402344 303.9300537109375
0.9977908542553653 -0.06415497766263917 -0.012516887776595525 -0.011869183874338224 -2.727299574714682 2.2063974270064075 -0.1660620897901631
306.0308532714844 -1 865.839599609375 306.0308532714844 -1 362.05950927734375 308.1400451660156
0.9977935204159611 -0.06435689357569424 -0.012945337676244324 -0.009934741952250883 -2.6213657825949643 2.216912948409581 -0.165926445208883
174.12355041503906 -1 998.0118408203125 174.12355041503906 -1 322.04339599609375 187.3711395263672
0.9978701274560823 -0.06315353329362756 -0.014575814994310628 -0.007374657996431647 -2.532971715214006 2.214534154113263 -0.15802594144939938
157.79917907714844 -1 1181.10546875 162.49612426757812 -1 360.80712890625 188.64767456054688
0.9979073334754629 -0.062201796169036275 -0.01649675453074216 -0.006304557017706074 -2.4700976110087223 2.208688276481805 -0.15233978109359225
64.18421173095703 -1 792.213623046875 64.18421173095703 -1 790.2434692382812 69.01280975341797
0.9979061169359351 -0.06134514090968789 -0.018991052745841428 -0.007713325107833798 -2.4200168735709844 2.2093441849363487 -0.16413600638281176
47.074466705322266 -1 1040.701171875 92.49040985107422 -1 1073.973876953125 109.76124572753906
0.9979134950740558 -0.06077475333205814 -0.02024445403141765 -0.008077610257980624 -2.3670346467195547 2.1986514663262335 -0.17054017082487774
131.02684020996094 -1 1403.0198974609375 148.56405639648438 -1 1403.0198974609375 148.56405639648438
0.9979989323262568 -0.05971131661655014 -0.019435853516097393 -0.007411972859533362 -2.2970324968910774 2.1853920818161665 -0.14913930107933498
145.2242889404297 -1 1277.3720703125 148.25686645507812 -1 1254.33740234375 149.77859497070312
0.9980165888822059 -0.05982978078589085 -0.018226799360326486 -0.007146287995641822 -2.2120455775128907 2.183250700147532 -0.12400017964010725
176.51583862304688 -1 482.59326171875 190.7047119140625 -1 482.59326171875 190.7047119140625
0.9980243397535938 -0.0598808389616433 -0.017262008422454303 -0.007982822174899984 -2.132275616582774 2.201045087832524 -0.10112180927777775
138.80735778808594 -1 544.55615234375 175.202392578125 766854 511.5810852050781 186.41195678710938
0.9979513664989579 -0.06106270033693493 -0.01831253587845126 -0.005391452506040854 -2.067785002367128 2.2111402957908575 -0.10361179899091776
124.60542297363281 763422 286.5577087402344 125.66763305664062 769954 609.4719848632812 129.7205352783203
0.9979557746210498 -0.060351847905725634 -0.020538638506498372 -0.004482263174346381 -2.014408191495825 2.215896151839086 -0.10749096339574964
13.411359786987305 769178 839.7313842773438 69.13286590576172 759373 916.8755493164062 76.75518798828125
0.99798785762274 -0.059439947351703715 -0.02182820828109676 -0.003264662254728719 -1.9563371047890266 2.2091190706805106 -0.11194333414322696
202.78892517089844 -1 1229.685791015625 228.21900939941406 -1 1229.685791015625 228.21900939941406
0.9980751605396656 -0.05783216880353854 -0.022163237760492106 -0.0031945355173746254 -1.8840119426466673 2.202714196687721 -0.0967080446079883
142.92343139648438 -1 1254.0985107421875 168.48159790039062 -1 601.4318237304688 199.12718200683594
0.9980642028273253 -0.05821961397393619 -0.02146853622548644 -0.004174390460468512 -1.8022925170075397 2.2156146149642786 -0.07705365270707507
0.5373229384422302 -1 0.5372899174690247 0.5373229384422302 -1 0.5372899174690247 0.5373229384422302
0.9979703212686656 -0.059650810916827966 -0.021899596271470312 -0.004174482845564295 -1.7209360071310356 2.2366233082169336 -0.06240282744587491
201.52772521972656 766854 659.9186401367188 208.7445526123047 765150 816.6944580078125 215.60743713378906
0.9979229572612534 -0.06021017131199443 -0.02269140700991055 -0.0030994659936583037 -1.6550811932924074 2.2541792268767327 -0.04929344561283191
169.86143493652344 766215 130.1345977783203 205.9239501953125 -1 666.3512573242188 212.85842895507812
0.9978319286511 -0.06143485783592707 -0.02345618630619266 -0.002647211943684016 -1.5928837894129257 2.279859395606748 -0.04969733822616538
182.19480895996094 766215 727.0192260742188 191.4547576904297 765817 713.4927978515625 207.8861083984375
0.9977003216506695 -0.06333459049923598 -0.024107909491571114 -0.001267487432292237 -1.5217326150448864 2.2976704137455637 -0.06246874634500189
180.89825439453125 753347 737.79638671875 181.2395782470703 -1 730.9697875976562 192.62355041503906
0.9977244266708716 -0.0623664851023348 -0.025613371913974687 -0.0005874857082414917 -1.451737802465873 2.2814530450411143 -0.06968356249105848
180.4790496826172 -1 830.3018798828125 184.71253967285156 -1 767.2255249023438 192.76132202148438
0.9976988005205556 -0.062096873127121234 -0.027216326038993027 -0.000594461620546214 -1.39587919983081 2.2673082533271547 -0.07945487276596643
178.41748046875 763941 779.5902709960938 203.86920166015625 763942 780.2752075195312 213.4635772705078
0.997645334780829 -0.06294807756921407 -0.027222025166538138 0.0005355989360009439 -1.3323917005648909 2.2558661874756964 -0.0870498689992895
162.10629272460938 -1 790.3831787109375 173.4517822265625 -1 835.219482421875 179.6477508544922
0.9976558082961601 -0.06336676054783032 -0.025791948678500095 -0.0015222397889344788 -1.2465256162116942 2.2557059076834474 -0.08384050585590427
164.72923278808594 -1 838.4644165039062 175.7041473388672 763941 841.9467163085938 175.57469177246094
0.9976241516255879 -0.06427928608782131 -0.024643135819268074 -0.0026346404610598285 -1.1703377238278763 2.259530474853399 -0.09021839579335385
172.62632751464844 -1 853.1770629882812 201.31837463378906 762268 853.1770629882812 201.31837463378906
0.997525566034116 -0.06565182445984355 -0.025086033509031512 -0.0018094132182375545 -1.1100811587886164 2.2615573972036755 -0.1074701553870047
163.9835205078125 -1 883.83544921875 177.98336791992188 -1 860.73193359375 199.97930908203125
0.9974341800315496 -0.06661260430130819 -0.02621440482016578 -0.0007889441755311371 -1.0630505438086155 2.2548147408250405 -0.1283420227102565
159.7066192626953 483334 840.2643432617188 200.04083251953125 -1 860.6918334960938 200.01995849609375
0.9975025975970762 -0.06572058729615209 -0.025870756132806365 0.00027598849872460454 -0.9988986192408918 2.233457242791452 -0.13673855358078296
147.53636169433594 -1 929.699951171875 166.55714416503906 -1 664.9216918945312 182.30690002441406
0.9976045782244487 -0.06485786862641711 -0.023964181895116406 -0.002068905255482432 -0.9281909040628469 2.215331250207826 -0.13349274643538175
146.4911346435547 -1 299.41656494140625 154.69857788085938 -1 901.62841796875 156.84877014160156
0.9974595392794139 -0.06739913989349089 -0.02089813531974271 -0.009751481029814416 -0.8527974921702846 2.2181961460588298 -0.12103435428309857
78.16156768798828 -1 818.9615478515625 137.9522705078125 -1 820.90283203125 143.8342742919922
0.9972375030134428 -0.06949799331663241 -0.01871928035110122 -0.018357016413673998 -0.7723554037111041 2.219942834979916 -0.09806737038668481
152.15028381347656 762205 701.7938842773438 154.06126403808594 758646 960.733642578125 167.64749145507812
0.9974400175974998 -0.06794117019783061 -0.017934620958913322 -0.013257377504957361 -0.7417075342302885 2.212851308123104 -0.08800950033431158
0.5 -1 0.5 0.5 -1 0.5 0.5
0.9973164605794885 -0.06874703938179667 -0.02078213060013929 -0.014206515447424432 -0.7189608044929031 2.227825842484384 -0.11726217514730579
93.3934097290039 -1 166.79811096191406 137.06796264648438 758586 822.3497314453125 137.605224609375
0.9969254014400217 -0.07450936784266811 -0.018311662712682485 -0.01589909041532178 -0.6820145581845819 2.2674490498153763 -0.1438760154246446
185.1997833251953 -1 762.3532104492188 188.8503875732422 -1 762.3532104492188 188.8503875732422
0.9966659974272257 -0.0790608289585698 -0.018403357725014644 -0.008221394116709808 -0.7071513039176089 2.263365912770485 -0.14784721868036138
134.92828369140625 -1 613.935546875 134.92828369140625 -1 1301.563232421875 135.44192504882812
0.9970860010038937 -0.07418675262052807 -0.017426171901344982 -0.0034872439760774104 -0.7033972767364761 2.2191169920746487 -0.1299348594323607
193.26138305664062 -1 974.080078125 207.39942932128906 -1 975.7495727539062 209.5741729736328
0.9973090932436716 -0.07087373283662164 -0.015283039022162031 -0.010858878650023234 -0.6248233368919552 2.1952346686559094 -0.128158826271304
151.02438354492188 -1 1018.0389404296875 185.41455078125 -1 999.811279296875 201.72601318359375
0.9970250708785688 -0.07412868602006772 -0.012602535617804549 -0.016944675993515356 -0.535807378571419 2.2125202252130856 -0.13736594751954773
165.8937225341797 760540 762.1047973632812 173.12542724609375 -1 534.7877197265625 175.40582275390625
0.9966198799114069 -0.07758711188557281 -0.010461192215204168 -0.0248921371534306 -0.4322625044321543 2.233103474972763 -0.1360711575528612
114.91264343261719 -1 895.5233764648438 114.91264343261719 -1 1068.24951171875 156.24566650390625
0.9965434093797023 -0.076125274526126 -0.012819372227542217 -0.03068940364186115 -0.3738806098946845 2.2215697952443714 -0.116119315499916
0.5 -1 0.5 0.5 -1 0.5 0.5
0.9966984553074573 -0.07427554410836988 -0.016290164763653046 -0.028459853603057375 -0.3548271686480948 2.2020563140984675 -0.09444499039647819
75.06459045410156 759373 987.2604370117188 90.68547821044922 -1 1036.30029296875 91.55410766601562
0.9968392359002551 -0.07181925685289242 -0.02018799801101237 -0.02731257679533885 -0.3055925821687743 2.187509241369211 -0.065918687401924
147.38243103027344 760521 848.1047973632812 155.1444091796875 753347 1084.84619140625 154.90794372558594
0.9969555441463105 -0.07072098970081139 -0.021875350380962194 -0.02448782671822812 -0.24610330311480524 2.190746856520833 -0.042737071099544485
311.8271484375 -1 281.655517578125 314.33331298828125 -1 281.655517578125 314.33331298828125
0.9969900425852445 -0.07069932561379032 -0.023267655192094516 -0.021704298318298364 -0.1866382391800439 2.1956235524888785 -0.0357647091914029
217.71702575683594 753371 1125.255615234375 218.12875366210938 -1 142.6751708984375 283.429443359375
0.9971752083535661 -0.0684400844490722 -0.024214180086521347 -0.019267386132097615 -0.12713483509983772 2.1903415458584456 -0.020902458764569858
160.31326293945312 756313 1106.48681640625 166.9430389404297 750428 1109.0902099609375 169.20457458496094
0.9973111134534127 -0.06684249319232365 -0.02382505131282464 -0.01830275979434483 -0.06204431981589969 2.1916408553113147 -0.002238676222387375
150.2493133544922 -1 929.5294799804688 159.11329650878906 -1 425.6809387207031 188.87896728515625
0.9972488709227089 -0.0670592960417435 -0.023826828531745885 -0.02073698386668396 0.006578180921359675 2.2033170736381007 0.006988214157549758
132.97377014160156 -1 217.8050079345703 134.3154296875 -1 1080.155517578125 149.45565795898438
0.9971435194100622 -0.06754040332067912 -0.02540905032159119 -0.02230416507179361 0.038811466730442674 2.216783345140592 0.009405832719460893
71.84913635253906 754961 746.0892944335938 71.84913635253906 -1 365.4946594238281 87.97154235839844
0.9971161676221801 -0.06661437292040855 -0.026756900811453408 -0.02461588604627549 0.07180460491063832 2.2183687400463175 0.016238366466685743
0.5 -1 0.5 0.5 -1 0.5 0.5
0.9969750960791958 -0.06720271363665735 -0.027542695008931577 -0.02767404974687798 0.12058857136371066 2.2265376523537936 0.017226766267093196
95.33831787109375 468737 1501.298583984375 108.9422607421875 761337 1245.1357421875 111.6376953125
0.9968937162982777 -0.06776097086052049 -0.028637146826814647 -0.028129753903440875 0.16932311036809267 2.226198509263399 0.02486343307906329
80.5951919555664 754961 1022.7081298828125 100.82291412353516 -1 713.42724609375 118.1436538696289
0.9968433414147791 -0.06741244685803686 -0.031147066123015366 -0.02808513766316655 0.2245659103324956 2.221146471235691 0.036242757643910564
45.64078903198242 748188 1249.5 116.04827880859375 -1 841.3734741210938 126.23175048828125
0.9968670804477523 -0.06758098042234306 -0.031210424741390696 -0.026734703891975048 0.29297149548091383 2.2235689078983647 0.04193982454319673
181.41143798828125 753347 886.2383422851562 260.2612609863281 -1 735.9105224609375 296.4356994628906
0.9969760252661436 -0.06672398633265497 -0.02995723782271413 -0.026254115761815622 0.3743415811416798 2.220249471981208 0.0482090988088377
232.39788818359375 -1 1289.0994873046875 271.57769775390625 -1 1289.0994873046875 271.57769775390625
0.9971080789656501 -0.06484442860944792 -0.02924538716510311 -0.02674670576553588 0.4537859956674034 2.210912111288556 0.05597653995650082
172.0342254638672 772724 1161.556640625 195.82196044921875 -1 1264.9696044921875 197.91224670410156
0.9970998937452654 -0.06504263938515646 -0.03098072387757109 -0.02452451228902807 0.5232649882387425 2.2231354051060435 0.05368825732498454
215.5884246826172 -1 508.433837890625 219.5768280029297 -1 422.57843017578125 250.46051025390625
0.997021313773511 -0.06687970171324564 -0.031136977678569804 -0.022496533091430935 0.6002343873739557 2.250904329718456 0.047558014949121284
201.24156188964844 -1 786.4390869140625 236.98171997070312 -1 508.89306640625 279.1218566894531
0.9971031797095109 -0.06667572098946956 -0.03052583954271481 -0.020193324736894794 0.6851955223810858 2.273283634833187 0.05362711436162433
197.89468383789062 -1 1191.335693359375 198.55458068847656 -1 678.154052734375 238.51866149902344
0.9972125230020462 -0.06535825497835795 -0.030818224211819924 -0.018593534642657922 0.7589676466260091 2.2935986433016553 0.06449468994936623
274.62457275390625 -1 576.6858520507812 290.3949890136719 484787 892.064453125 345.79736328125
0.9971825750630934 -0.06583143054549519 -0.030895178822793048 -0.018401702866295822 0.8253793306582781 2.320041994101793 0.06128076847538771
214.47674560546875 -1 1028.1922607421875 227.9019317626953 -1 747.7626342773438 228.45602416992188
0.9972870168699671 -0.06395336170370823 -0.030784448688032092 -0.01951643482736175 0.8856847118019633 2.324162139842964 0.06500903695943772
202.3458709716797 -1 792.028564453125 232.14817810058594 -1 1269.083251953125 253.33990478515625
0.997597478019041 -0.05954633179076719 -0.030899164479289233 -0.017284323961174672 0.9354344787550163 2.3174715261637098 0.08253552211879864
218.0681915283203 -1 1453.7388916015625 252.59201049804688 -1 1453.7388916015625 252.59201049804688
0.9977057637993902 -0.0580168373562769 -0.030827915512636334 -0.01633692412287597 0.9967279409328282 2.329502096847491 0.09429888315972657
276.4623107910156 -1 566.3261108398438 313.0613098144531 -1 531.3781127929688 322.7012023925781
0.9976746101484788 -0.059911520022780246 -0.029237447709224134 -0.014182865898373474 1.0798079973230346 2.363606111633209 0.09210102202459668
239.34901428222656 -1 689.0423583984375 284.29632568359375 -1 648.4620361328125 290.44158935546875
0.997610557738447 -0.061874508112967866 -0.027978315498095468 -0.012725336791305403 1.1570427845045417 2.3871799112743797 0.09478710048602618
278.6697998046875 -1 740.8609619140625 320.5321960449219 -1 508.3373107910156 323.7752990722656
0.9976500811492036 -0.06189609282890913 -0.027475910644726393 -0.010404980045416356 1.2315584631719005 2.3922227931444846 0.10845173839520889
247.67324829101562 -1 1339.6358642578125 251.44366455078125 -1 1443.0855712890625 263.5894470214844
0.9976366203761815 -0.06248272635029182 -0.02696059224510578 -0.009497844914421115 1.2937536488032435 2.391868073666365 0.11264099048193871
248.2250518798828 -1 915.3698120117188 249.0794677734375 -1 762.0952758789062 261.87054443359375
0.9977325496866567 -0.061752635900377224 -0.024701959403494136 -0.010304584258800417 1.3654379298443178 2.373101901905607 0.11086580241942942
231.04052734375 -1 910.9786376953125 280.8132019042969 -1 845.6303100585938 283.2751159667969
0.997888851041377 -0.059664266027169933 -0.024154516913355878 -0.008635718814439426 1.4118344317740221 2.3496770848231643 0.11320066818842485
185.3286895751953 -1 1399.7666015625 214.5557098388672 -1 1313.1534423828125 221.57196044921875
0.9980013495026249 -0.057487872210458604 -0.024723481747304484 -0.008786375244911826 1.4615358791041608 2.3172021625340844 0.10845683930827743
191.44012451171875 -1 1419.376708984375 198.12237548828125 -1 1025.169921875 212.7618408203125
0.9981894643626701 -0.05488368116741721 -0.022995618533833535 -0.008762208918161598 1.5242603360891485 2.283134754677123 0.08781433460538693
199.6490020751953 -1 899.6209106445312 227.02735900878906 -1 802.8880615234375 275.3898620605469
0.9983886731205999 -0.052311910029520216 -0.020537538291370182 -0.007856906164751052 1.5973608913638833 2.254949148466508 0.055865020249587144
198.59548950195312 -1 918.379638671875 206.64772033691406 -1 803.967529296875 206.87652587890625
0.9985382580618439 -0.05037893682945785 -0.018077076657426288 -0.007518590976611347 1.6666200667132762 2.2398546099113523 0.02671463961328918
174.12445068359375 -1 880.6297607421875 191.3609161376953 -1 947.1907348632812 217.55221557617188
0.9986741308418567 -0.04861798803060517 -0.01590727506051568 -0.005764566529008876 1.7396621261883454 2.23521609180792 0.0065160853351161905
165.83419799804688 -1 1112.28369140625 194.18751525878906 -1 906.4129638671875 223.21961975097656
0.9987103667660454 -0.04803849167423911 -0.016072425300517994 -0.0034034947707540218 1.7904313868584536 2.241392594953451 0.003616807961098531
36.28086853027344 -1 1081.4576416015625 68.208740234375 -1 374.437744140625 98.17938995361328
0.9986499888552207 -0.04913326944308138 -0.01685376427704053 0.00026874336262948015 1.830243784011182 2.2671966584258434 -0.0010181181946133495
97.89210510253906 -1 389.51580810546875 102.53629302978516 472763 514.5567626953125 107.65502166748047
0.9985830982902784 -0.04977847739199172 -0.01845209834108858 0.003663204107639556 1.8549661525720502 2.2847920133163147 -0.01106718538737502
17.568635940551758 432695 1515.313720703125 23.25932502746582 -1 1091.615478515625 29.431476593017578
0.998547670336743 -0.050340531298515505 -0.019156540328797277 0.0011865649066222068 1.8952803893167345 2.2728824876822578 -0.032876709436646126
24.860254287719727 -1 855.7813720703125 34.962646484375 -1 1319.9644775390625 35.02698516845703
0.9984021001814312 -0.05334486800296533 -0.01861748757278507 -0.0009800854712653502 1.9352089821888407 2.2498112401725576 -0.07901498499406591
20.011707305908203 -1 245.00233459472656 20.011707305908203 -1 864.8430786132812 26.165802001953125
0.9984374446971557 -0.052637014864022585 -0.018579875261588025 -0.0026080506288939593 1.965286215579706 2.2199323619938225 -0.09661520923716684
36.291812896728516 -1 1159.1322021484375 76.98628234863281 468255 1120.0948486328125 78.19710540771484
0.9984856642745116 -0.05222784894543619 -0.01709196115138983 -0.002548508744252062 2.0142623538610636 2.220973835936778 -0.0994631234857548
108.3179702758789 -1 77.80645751953125 108.3179702758789 -1 539.6557006835938 135.8316650390625
0.998272609177189 -0.05654602924277576 -0.014362372058088858 -0.00693300889278416 2.0795730653457984 2.2277355983458684 -0.12038383858382007
4.98647928237915 -1 229.3740234375 4.98647928237915 -1 1071.7598876953125 52.10675048828125
0.9981834012283771 -0.05699226096582794 -0.007645119601158916 -0.017981430655980114 2.1604265513909984 2.163320775067576 -0.12439994889290733
140.14569091796875 -1 692.59423828125 143.0686798095703 -1 718.1248168945312 148.7873992919922
0.9983604376878645 -0.05537007136925666 -0.005002161609813109 -0.013622409312904798 2.147856696626153 2.1517662842285468 -0.07546384076130477
138.97975158691406 -1 215.64231872558594 175.0515899658203 -1 1088.3282470703125 175.84237670898438
0.9980913908657499 -0.06108931378507936 0.00130149505760807 -0.008943004615669584 2.2002941136847647 2.202114035044973 -0.07705756939451698
201.71945190429688 -1 130.07472229003906 205.9501190185547 -1 685.1425170898438 211.3105010986328
0.9977400799636071 -0.06554305877762354 0.005861161481964534 -0.013582601605370916 2.2996460806651826 2.203490680131718 -0.07700604949035351
268.1208801269531 -1 1428.5594482421875 363.812744140625 -1 1082.1658935546875 365.9271240234375
0.9976355011220025 -0.06557320018796947 0.008902734518911078 -0.018555420670129597 2.4011486553548784 2.169747013206521 -0.05984293079600749
191.88865661621094 -1 347.42022705078125 230.19944763183594 -1 1137.6075439453125 243.8766326904297
0.9974459720245888 -0.06634532656623525 0.01149182662426072 -0.023827892386460353 2.5133530248594487 2.1254925048833413 -0.053674391967555024
183.65911865234375 -1 1200.7947998046875 225.128173828125 -1 1205.857421875 230.5617218017578
0.9975955675715131 -0.06409385908985805 0.007769631771054197 -0.02519312626060118 2.582013640038686 2.0870130699531746 -0.011433007142883244
28.291305541992188 -1 1148.864501953125 49.872623443603516 428746 802.0357666015625 56.63151550292969
0.9977673185050803 -0.06324506839040304 0.00046838562586752885 -0.021452740206802712 2.6049009901210143 2.0906625055609065 0.0203925999560981
42.052711486816406 762257 1456.7972412109375 45.65129089355469 -1 1456.7972412109375 45.65129089355469
0.9979384119152289 -0.061502102171593694 -0.004487464232565883 -0.01778426600529561 2.63431899720969 2.093652535402183 0.04030159602016461
145.8980255126953 452742 764.7686767578125 161.7393798828125 -1 1205.2325439453125 161.54046630859375
0.9982073423469124 -0.05772141018638942 -0.005739614084335281 -0.014744399647709492 2.717612934577287 2.096213599499208 0.05849004646603857
152.0218048095703 -1 372.9635314941406 158.21005249023438 -1 384.2430419921875 169.70733642578125
0.9983043638686782 -0.05617434946502739 -0.007380986435759063 -0.013355170615532874 2.7850612971150497 2.112432805804148 0.074536349154823
30.019208908081055 -1 548.1825561523438 53.8015251159668 -1 829.1368408203125 104.90478515625
0.9983074102150234 -0.05556605636043508 -0.011243114579087308 -0.012973837708391679 2.827817676794487 2.1401157743956296 0.10127789041986804
23.390565872192383 432694 819.3748779296875 37.44414520263672 -1 562.1192626953125 50.2795295715332
0.9982927561909604 -0.055199897010149775 -0.013712513300739982 -0.013285754991780448 2.859492653761081 2.16121208912899 0.11527987567846397
41.914424896240234 423967 588.043701171875 41.5863037109375 424721 720.9827270507812 41.74678039550781
0.9983653684880732 -0.05312904253762201 -0.015070585065588527 -0.014723223440882028 2.895298458128622 2.1528855328797682 0.1177429962309262
61.5125846862793 -1 474.01593017578125 117.58366394042969 405750 849.6534423828125 128.25521850585938
0.9984807207279698 -0.05033242955661663 -0.017044324300397415 -0.014573533498268416 2.9370343608577887 2.1432725060149798 0.12763504303630976
0.5 -1 0.5 0.5 -1 0.5 0.5
0.9984866313258192 -0.049636710663563385 -0.018261430418905013 -0.015071966599449527 2.998353880166111 2.1398403429631254 0.1383941640399113
190.69834899902344 -1 1359.072265625 197.58697509765625 -1 734.38818359375 233.25167846679688
0.9985161485421246 -0.04941650603900678 -0.018533872559074124 -0.013416616543030297 3.051358341073458 2.149659816809478 0.14332053299193612
142.93621826171875 -1 1405.6917724609375 199.5243682861328 -1 1125.5025634765625 230.6147918701172
0.9985906420358839 -0.047803218677402094 -0.019451251303348408 -0.012378640683684952 3.1128144377715925 2.153208162090204 0.15175450395970122
22.47626495361328 424820 486.43017578125 103.02737426757812 -1 1428.915771484375 112.9813461303711
0.9985821987097212 -0.047734636236882115 -0.02105708691108971 -0.010563901467280708 3.16575198192728 2.181357365265012 0.15100262048998755
24.3887939453125 427748 612.2028198242188 30.9508113861084 -1 324.93695068359375 64.16548919677734
0.9986011116879349 -0.04691911419950551 -0.02287728094533412 -0.008428907100134343 3.215516076317828 2.2123597812803104 0.15179143897462835
115.96736145019531 431740 534.4841918945312 136.36936950683594 420264 702.2634887695312 142.4146270751953
0.9986040867590295 -0.046964750953410364 -0.022824253421090457 -0.007952580198833298 3.2957817254349355 2.2422451787255464 0.1254951389199432
134.9874725341797 -1 510.3742370605469 134.9874725341797 -1 575.9168090820312 154.62332153320312
0.9986304766520209 -0.04703580269474733 -0.022173488931388045 -0.005756800780641569 3.370814920405468 2.278589742468724 0.09065350881774159
117.68994140625 -1 441.85955810546875 296.0111999511719 447340 620.1377563476562 319.19354248046875
0.9986473882086878 -0.04635289312434245 -0.023236448888291465 -0.0038562632212445326 3.4382164274584013 2.297098916065884 0.06179929493252117
171.34112548828125 417086 683.8392333984375 192.1504364013672 -1 700.8490600585938 198.2273712158203
0.9986972921360657 -0.04515384350739337 -0.02368736730611181 -0.001938485673162383 3.492344829862644 2.3084958489834566 0.0399313046628159
105.08319091796875 -1 971.445556640625 116.65576934814453 -1 814.4175415039062 198.93023681640625
0.9986916088506537 -0.044699040242873564 -0.02481421431844615 0.0011493391219648283 3.5337314429337288 2.3315614961244457 0.016632303260703266
74.05680084228516 -1 707.1627197265625 74.05680084228516 -1 701.5256958007812 80.10479736328125
0.9987313724254252 -0.044143831764577604 -0.024225217888939 -0.00032660159340911453 3.6063446152652565 2.3176041958183338 -0.019659946278483314
123.67259979248047 -1 1024.510009765625 181.16285705566406 -1 867.9242553710938 185.6498260498047
0.9988816105886993 -0.042175419098103004 -0.02103062781969865 -0.0038045689814781235 3.701748704144355 2.286117656495154 -0.06015242417202994
85.94120788574219 -1 721.57861328125 124.43778228759766 -1 907.1876831054688 169.0191650390625
0.9989657883263104 -0.041567554547191264 -0.018424389296708723 -0.0001845036658965105 3.7694724813791143 2.3131323050024872 -0.09750421704909934
71.22462463378906 -1 745.4778442382812 78.65444946289062 -1 805.9625854492188 104.61172485351562
0.9989578479148714 -0.04240526899749312 -0.016867543910944974 -0.0007051332862395345 3.8418619128233575 2.3263645229855885 -0.12765216921012348
0.5566151142120361 -1 0.556705117225647 0.5566151142120361 -1 0.556705117225647 0.5566151142120361
0.9989035565052583 -0.04418651582359244 -0.015448926336178007 0.0007531902661934397 3.9021174565366548 2.3569328658727113 -0.16239446173447378
91.01393127441406 -1 267.83349609375 103.88338470458984 -1 1108.04443359375 108.37351989746094
0.9989013333103187 -0.04451573975587189 -0.014643654458248438 0.00019649163463509204 3.97178460995557 2.3624296662980924 -0.1848957256374926
95.41571807861328 449711 349.8633117675781 105.07442474365234 410916 780.8458251953125 244.14181518554688
0.9989432271928901 -0.04444709201060228 -0.011617754238012786 0.0013829836297686567 4.046727042112144 2.382320335455551 -0.2186552527724705
295.97198486328125 413466 677.08251953125 315.6363830566406 -1 652.4970092773438 325.3948059082031
0.998985367234588 -0.044041216986268804 -0.009400043022000272 0.0004964360264905268 4.132638209335451 2.388406906200527 -0.24575291917077408
101.7137680053711 449711 949.6907348632812 131.74378967285156 -1 990.3546142578125 137.02255249023438
0.9990303716224016 -0.04342260168383938 -0.007242389604367339 -0.0005848348752385837 4.2224094941373655 2.3942412939438733 -0.27913213732731124
63.75865936279297 -1 993.5974731445312 158.94398498535156 -1 992.9205932617188 168.48081970214844
0.9990384120314265 -0.04351546687455213 -0.005352744095060239 5.965792671027168e-05 4.292503105944628 2.4162085076406283 -0.31597376662993054
100.78900909423828 445599 491.5524597167969 104.30917358398438 -1 480.5104064941406 117.2427978515625
0.9989771454806413 -0.045081526637162875 -0.0034843236509331773 -0.0004221991330644862 4.365264993847455 2.440573594530036 -0.35172223967166877
127.67713165283203 -1 380.9403991699219 153.5551300048828 -1 450.439697265625 187.33509826660156
0.9989438550713005 -0.04592754208101554 -0.0011202864734102492 -0.0007617426749473257 4.437350596357312 2.463324544373835 -0.37850295423861513
134.21572875976562 -1 1092.1199951171875 139.56039428710938 -1 1110.60400390625 139.5531463623047
0.9989428751712308 -0.045950845200009555 0.0008149724660677528 0.0009938762092359364 4.500250450309482 2.501876073383561 -0.3939160403059997
133.56495666503906 -1 515.4091186523438 139.27191162109375 445599 581.861328125 140.7878875732422
0.9989164159288029 -0.04645925021776795 0.001377784772866378 0.002373555619204609 4.549718929369946 2.5317416342699155 -0.3963507059928785
146.82015991210938 -1 1150.6146240234375 146.82015991210938 -1 617.0960083007812 151.79464721679688
0.9988544375168098 -0.04749571471307964 0.004843476541559843 0.00324198578999105 4.604228552042216 2.5521273099388693 -0.41956058859624357
163.24160766601562 -1 645.2516479492188 165.2817840576172 -1 606.5054321289062 181.5272674560547
0.998740072555761 -0.04947331268045849 0.007809739659113679 0.003109142999580834 4.644672704668195 2.5643815415352407 -0.4455802911197156
42.99882888793945 -1 918.3355712890625 55.97830581665039 -1 918.3355712890625 55.97830581665039
0.9987085593255698 -0.050024592608863654 0.006033116442238449 0.006508084983805745 4.621829915665671 2.5911866467140228 -0.4288349302923416
11.14490795135498 -1 917.0147705078125 56.92180252075195 -1 917.0147705078125 56.92180252075195
0.998696621534059 -0.05016337425398459 0.002677317270693254 0.009029174499560944 4.585965464770083 2.604491683314174 -0.3920747978127427
116.98143768310547 448884 510.9382019042969 118.90184020996094 -1 455.0089416503906 123.15550994873047
0.9985781305223997 -0.05144315130475128 0.00032830312417425194 0.01397181603386673 4.531419028718456 2.6395085448198885 -0.3623809702002562
3.571190118789673 -1 382.4163818359375 3.571190118789673 -1 198.02879333496094 60.61766815185547
0.998376168468202 -0.0526326410024613 -2.1247218501565675e-05 0.02179061459468826 4.466009610227181 2.688495135183341 -0.33809702242084433
5.123055934906006 -1 593.0790405273438 136.49398803710938 -1 590.8711547851562 139.01953125
0.9983398947712376 -0.0520903200566189 -0.0012500947771056329 0.02454567838951486 4.405587582123973 2.678087670902322 -0.30009763424385844
160.11611938476562 409405 637.5474853515625 165.053955078125 449711 627.8048095703125 173.95387268066406
0.9983158884863845 -0.05280531035507917 -0.0023274308189707715 0.023907510529694243 4.349406380451988 2.652114508333883 -0.2724927767279177
163.1120147705078 -1 1079.3216552734375 180.6964874267578 -1 1099.0284423828125 182.72154235839844
0.9981284808428602 -0.05613375000357256 -0.004040396460946554 0.023920974840063693 4.275827598641508 2.652113679935655 -0.25683040742335567
153.713623046875 -1 510.9754943847656 200.31886291503906 -1 1067.146484375 212.67874145507812
0.9981166679275683 -0.05714384548334441 -0.005315812395406331 0.02166657026668255 4.208032519940258 2.6277572393076154 -0.2361193849875257
203.6932830810547 -1 1006.919921875 203.6932830810547 -1 1005.6242065429688 206.07476806640625
0.9982703963170168 -0.05564923357857967 -0.005001465644721435 0.01828562223682115 4.154633580136932 2.569073724467539 -0.22949908354478737
170.10365295410156 449792 459.43060302734375 170.10365295410156 449791 541.542724609375 182.47265625
0.9982958175382997 -0.05579629737414009 -0.004645208403115517 0.01645162374254425 4.101982337107229 2.5270552714352577 -0.24205935538915593
125.07634735107422 415510 457.59405517578125 139.8785400390625 -1 812.3193359375 159.4739990234375
0.9982792317870105 -0.056622602899886666 -0.003634546651035369 0.014806967759112749 4.060459876932314 2.479022467342923 -0.2688754871320559
101.1110610961914 -1 488.1248474121094 122.69168090820312 -1 488.1248474121094 122.69168090820312
0.998165983209789 -0.057557922850443685 -0.004148312713516726 0.018290625511682958 3.9975474423138553 2.4661082949422695 -0.28630833149984697
112.75728607177734 421709 418.3456115722656 133.53102111816406 408848 480.11761474609375 139.5013427734375
0.9979255606992182 -0.060292500165970236 -0.006747081296686616 0.021537563020535402 3.932523163815707 2.460245242198251 -0.2855923003741509
3.0334532260894775 -1 553.4702758789062 3.5615477561950684 -1 1048.216796875 4.13674783706665
0.9976682602023987 -0.0627975221355052 -0.00605722534269842 0.026035049827254145 3.8854350540311993 2.472558218964167 -0.29008558962840136
4.196496963500977 -1 1029.6072998046875 5.904947280883789 -1 1068.529296875 9.778790473937988
0.9974394828120964 -0.06496007597694996 -0.005499397478795703 0.029401076238412233 3.8330598136424494 2.4813808200875336 -0.28988871989621057
19.591556549072266 446470 1039.1181640625 20.439682006835938 -1 1059.154541015625 48.565799713134766
0.9973071319613278 -0.06669947418297333 -0.006059376429575622 0.029882246235357412 3.768592435289666 2.457778992790833 -0.27709949478185314
0.5502078533172607 -1 0.5502724647521973 0.5502078533172607 -1 0.5502724647521973 0.5502078533172607
0.9972783613275145 -0.06708774462066856 -0.005543982103212186 0.030072725384620573 3.6915600907799475 2.425784680459763 -0.2609240538398494
3.5350699424743652 -1 838.9386596679688 135.33709716796875 408849 875.6607055664062 140.48609924316406
0.9972606428607868 -0.06735547882716486 -0.003938884942934986 0.030313938349546196 3.62437029471769 2.394899978071884 -0.2619740202661862
43.6415901184082 -1 390.6963806152344 99.05224609375 -1 390.6963806152344 99.05224609375
0.9973078335892663 -0.06631247371078873 -0.004000725124294692 0.03104408301625314 3.548606731234634 2.356132787858182 -0.2555988384589844
80.1309814453125 -1 262.3294372558594 121.68959045410156 -1 813.1011352539062 123.58928680419922
0.9974632704995533 -0.06416592494071895 -0.004293561271515663 0.030517591851996668 3.4767852157543304 2.308780796509517 -0.2396741175218033
0.552818775177002 -1 0.5525381565093994 0.552818775177002 -1 0.5525381565093994 0.552818775177002
0.9975473231339848 -0.0636823793863718 -0.0030888885446272137 0.02888514205384099 3.4126802617468353 2.2660817196947027 -0.24316384714045186
80.36368560791016 408849 773.705322265625 138.2724151611328 -1 773.705322265625 138.2724151611328
0.9977111877296149 -0.06227006323074109 -0.0018543329155655327 0.026294230428729352 3.3521745242224648 2.219748044173879 -0.24615134219384938
50.48516845703125 -1 703.8421630859375 60.03742218017578 -1 733.54345703125 79.3368911743164
0.9978393825857232 -0.060390248374636565 -0.0022289238904133904 0.02578015439215424 3.2793710398156546 2.184895388299286 -0.2377581553234174
50.37405014038086 408849 692.6342163085938 117.09028625488281 -1 473.43475341796875 224.8210906982422
0.9978886863385745 -0.06001945203927513 -0.0026908624805520756 0.024669704365680622 3.214005691220941 2.158756896066412 -0.22739895932417714
23.191377639770508 -1 570.3966064453125 147.95118713378906 -1 597.2568969726562 241.24526977539062
0.9978930291498782 -0.05978237193399648 -0.002668569046397569 0.025068887475721415 3.147780345037855 2.138893156496201 -0.2164701249651391
3.1191835403442383 -1 817.8185424804688 3.1191835403442383 -1 122.021240234375 3.597728729248047
0.9979198826260939 -0.06019685976906469 -0.0011701444176531203 0.023040761608691625 3.102178912481714 2.105764855935535 -0.21723722643940435
81.8143539428711 -1 874.5108032226562 93.61741638183594 -1 623.7354736328125 96.8525161743164
0.9979273213325801 -0.06012738579982195 -0.0012722033656214719 0.022894110890303927 3.0338273329690097 2.0791567940822455 -0.21630536192308297
0.6137411594390869 -1 0.6110008955001831 0.6137411594390869 -1 0.6110008955001831 0.6137411594390869
0.9980588335511815 -0.05741474943430906 -0.0025024536874383796 0.02399685486459689 2.956893115802762 2.0445155885070934 -0.19714814454570184
0.721610426902771 -1 0.7238979339599609 0.721610426902771 -1 0.7238979339599609 0.721610426902771
0.9980394967733485 -0.056838928337534955 -0.00484353185608423 0.02574954960773604 2.8793193223609754 2.0292946665727305 -0.1795752765477836
2.283775568008423 -1 428.95794677734375 11.730672836303711 -1 428.95794677734375 11.730672836303711
0.9979311879534843 -0.058240727155863904 -0.005143234210708202 0.026737781358175984 2.8109458134631597 2.015692444578328 -0.17832061292535248
1.0506272315979004 -1 1530.7052001953125 4.322397232055664 -1 1530.7052001953125 4.322397232055664
0.9979335391852918 -0.058635293760771805 -0.002347373050878545 0.026173336326606914 2.773472189390438 1.9904261434680801 -0.19462167917412615
3.714259624481201 -1 271.7173767089844 4.357819557189941 -1 871.0265502929688 4.525689125061035
0.9980237066032955 -0.05726086401838243 0.00021870563450855835 0.025881009978993733 2.7221881251028743 1.9641400854294704 -0.2053371901258686
3.9988210201263428 -1 798.6323852539062 9.914214134216309 405493 537.0889892578125 13.717336654663086
0.9979994858139413 -0.05735150816827997 0.0006528565973760791 0.02659707886584818 2.647684180165764 1.9610289993087202 -0.2147029747248944
108.46614837646484 -1 412.2289123535156 209.8669891357422 -1 412.2289123535156 209.8669891357422
0.9979731717748624 -0.05718665871836501 -0.0005900448102060907 0.027908535063169013 2.554810457903315 1.954819976508268 -0.21684020377641006
168.93138122558594 436378 370.1697998046875 172.03501892089844 -1 369.7629089355469 180.2862548828125
0.998067240872817 -0.05468846630551004 -0.0008204532319614129 0.02950052891335491 2.4666310207025535 1.934206520947975 -0.21498877261431237
104.18354797363281 -1 343.8982238769531 136.3173065185547 -1 287.325439453125 157.32318115234375
0.9980767437745677 -0.05468438037498772 -6.519660657767703e-05 0.029196366704816984 2.391168408626594 1.9152549014978035 -0.22203306918950289
122.78240966796875 -1 843.9740600585938 231.30484008789062 475217 1222.925048828125 242.4200439453125
0.9981098271320913 -0.054702457491765645 0.0012315175454036152 0.027980305417269164 2.3088003576079332 1.888917147163969 -0.22694183333139648
104.7750015258789 -1 723.3383178710938 104.7750015258789 -1 154.61082458496094 163.92428588867188
0.9981875637606368 -0.05288294217312191 -0.00020362317298330655 0.02872177777092491 2.223567940906205 1.86133320841903 -0.21038097277065257
134.64854431152344 441244 13.91480541229248 136.07879638671875 -1 811.806884765625 187.83029174804688
0.9980177577699464 -0.05439772247267628 -0.0017106881387955741 0.031599311886909925 2.120801589664376 1.8506562156620618 -0.2025672235736791
82.28084564208984 -1 908.012451171875 115.00790405273438 -1 930.64404296875 191.32208251953125
0.9979375461656457 -0.05561590843889461 0.0008067887770358686 0.03204487124760511 2.05994028292803 1.8260840601323511 -0.2071838156156242
5.7176642417907715 -1 696.36962890625 5.727046012878418 -1 792.128173828125 5.163249492645264
0.9980514899777964 -0.0551823407091026 0.003805446705947284 0.02887301858714243 2.0178475079653757 1.784358469590137 -0.21000037587230225
180.6841583251953 -1 752.40771484375 219.9090118408203 436796 507.6462707519531 246.12474060058594
0.997905765367697 -0.055311033277037604 0.00263896120244342 0.03343364962891983 1.9213144570296419 1.774872048229119 -0.19284723352123315
123.84986114501953 -1 74.67263793945312 151.65106201171875 -1 1102.8880615234375 210.5900115966797
0.9979316583645161 -0.05746370435968332 0.001490910446399942 0.028776815340660022 1.8624248280441011 1.7521661688693968 -0.17850312822842215
211.60032653808594 -1 1075.408203125 235.3948516845703 -1 632.2230224609375 253.6248779296875
0.9979589323974154 -0.059898933071771326 0.001609958217653624 0.022079291193604324 1.8199948321430286 1.7066868256981598 -0.17311709718375037
110.8758773803711 -1 381.0100402832031 118.31563568115234 468287 100.71620178222656 119.65203857421875
0.9982048833385665 -0.055299841557421764 0.0042394898503647135 0.022604537787173643 1.7771835287048499 1.6350939830005644 -0.14482391168498596
6.701216220855713 -1 945.013916015625 6.701216220855713 -1 1042.3583984375 56.05767059326172
0.9983683736584685 -0.05300686891834344 0.007339655051653636 0.019924652813556935 1.75592743943844 1.558224062633685 -0.1414251131176799
42.0885009765625 -1 473.6971130371094 50.237606048583984 -1 354.4118347167969 54.624855041503906
0.9985060876408806 -0.051583624403831685 0.008018821955443487 0.016137568959218907 1.7216687722716673 1.4884403622136513 -0.13005362369040482
19.07404136657715 465499 102.87310028076172 39.59025192260742 -1 102.87310028076172 39.59025192260742
0.9985175622091609 -0.05128460136382794 0.010611106196340401 0.014831454686499735 1.687324164144629 1.4521612477740387 -0.11506354656219857
3.1720592975616455 -1 356.5990295410156 4.941276550292969 -1 1419.1929931640625 4.612552642822266
0.9983929966249933 -0.054115532888724026 0.011691805014218994 0.012092769982318806 1.6357744967841703 1.44135873068952 -0.10817267199322785
203.4210205078125 -1 1472.684326171875 212.57273864746094 -1 775.8287353515625 232.865234375
0.9983616688691158 -0.055003065205579856 0.01071401533068992 0.011569391788615236 1.5476815958290011 1.4383634867509862 -0.1006618369744371
141.43002319335938 747911 937.7792358398438 141.43002319335938 -1 1146.4322509765625 313.1678161621094
0.9983049175314768 -0.053454845385377335 0.004626417738117816 0.022549221632005716 1.3857849268657318 1.4328708334457683 -0.09086334125903688
103.3901138305664 -1 836.5390014648438 110.64798736572266 -1 530.43603515625 167.01528930664062
0.9983573282515226 -0.05128431593243049 -0.002097699545436136 0.02545905973207558 1.243298236999803 1.3853972750051446 -0.08933830400039817
150.59165954589844 -1 949.4173583984375 246.7841339111328 467586 1153.6368408203125 356.2171325683594
0.9980309827269357 -0.054123790302571896 -0.0009345531328821755 0.0316843723439816 1.148742850627845 1.3766908268003817 -0.09668432978738481
2.6029293537139893 -1 787.7273559570312 4.093926906585693 -1 275.88970947265625 5.412562847137451
0.9980842420745765 -0.05481334110313628 0.005580971835764781 0.028145978627471247 1.099312989521625 1.336665763997045 -0.08399309992658328
11.160852432250977 -1 786.7372436523438 20.795135498046875 -1 838.8281860351562 35.43620300292969
0.9978950774068779 -0.055685866918027876 0.00538293124943533 0.0327951637268778 1.0080911073004466 1.3205339345749036 -0.05756866066172787
234.0870819091797 640881 781.4105224609375 235.5606231689453 621316 884.017822265625 242.1127166748047
0.9978541539197678 -0.05695382627705626 0.005439291245268984 0.03183964962458571 0.9275883356514718 1.2992184216657374 -0.031546753985758055
89.9583511352539 -1 345.1214599609375 126.4662094116211 -1 727.3803100585938 136.6569061279297
0.9978184761552136 -0.0579754813277563 0.007966273536548558 0.030556025494874177 0.8392249519149373 1.2803012203915836 -0.00651525855777677
163.869384765625 -1 690.8494262695312 235.38638305664062 -1 692.0317993164062 238.07199096679688
0.9978679104884259 -0.0573630150980366 0.009297193339184386 0.029709929524303003 0.7619720203719215 1.2546652551664301 0.007022199938413989
220.58677673339844 732634 667.8162841796875 229.49957275390625 -1 673.0648803710938 231.9349365234375
0.9979575796486749 -0.056548706516536956 0.009144620811611458 0.02827169827366801 0.6659920535937981 1.213980709855823 0.005372157345554002
100.83015441894531 -1 1037.6396484375 148.1596221923828 -1 130.2195587158203 205.96571350097656
0.9978718714033048 -0.05716013174657378 0.008760949813268132 0.030127949799981145 0.5809653028010138 1.1703062570022333 -0.0010209630097245176
42.49424743652344 733089 609.9556884765625 42.49424743652344 -1 574.9541015625 54.84185028076172
0.9979606694796382 -0.05722603155920071 0.01155010513420674 0.02581237213288214 0.5357879406529544 1.1144646900104966 -0.0007080752158693288
2.8421926498413086 -1 984.8001098632812 2.8421926498413086 -1 399.2585754394531 4.537771701812744
0.997950880896935 -0.05653649395471402 0.016568041940126916 0.02496325608991479 0.5174786722578961 1.0661372570139507 -0.003058101677215016
2.6427528858184814 -1 1211.8927001953125 2.947688341140747 -1 800.2683715820312 3.4531662464141846
0.9980265279007091 -0.05349404003004329 0.01916004196502212 0.026726954177719923 0.48557802024795027 1.0051919550811863 0.003060922569832937
30.896137237548828 -1 611.2156982421875 33.9779167175293 -1 611.2156982421875 33.9779167175293
0.9979012059239295 -0.052075878674003255 0.01869028480705452 0.03364460327792417 0.4282901592858862 0.9430723616686201 0.014650234887854854
2.65014386177063 -1 702.6067504882812 3.007398843765259 -1 807.11669921875 4.47619104385376
0.9975052859029298 -0.05516904101220924 0.01875075875353953 0.03984959919088327 0.3973708770201898 0.9060849496680505 0.015575060305077623
3.3315978050231934 -1 708.0474243164062 4.02918815612793 -1 371.32305908203125 4.380845546722412
0.9971309922563006 -0.055876465483229394 0.01930610032584011 0.04727451086236184 0.37374165454499597 0.8686881813491164 0.021234627062330674
4.956823825836182 -1 800.054443359375 6.238558292388916 -1 766.05859375 9.046539306640625
0.9971332306109811 -0.0552941336219213 0.016424309548203668 0.048970616232328026 0.3119825729049162 0.821547242033173 0.0375354103108524
153.69537353515625 -1 1266.3314208984375 168.82044982910156 -1 575.5888061523438 189.0295867919922
0.9972139556952007 -0.055888157788651034 0.011660223854449727 0.04800916126517323 0.22084648083825423 0.7788503769597392 0.05962610359058448
55.56696701049805 -1 1172.0238037109375 136.8977508544922 -1 1158.2171630859375 152.10902404785156
0.99730204165568 -0.05259252949900805 0.007786145754112816 0.05061659297704629 0.12572715324529585 0.7143379486632021 0.09731044891096886
30.085832595825195 -1 619.0172729492188 30.085832595825195 -1 499.9635009765625 33.78193664550781
0.9975144493916507 -0.05042316786781012 0.0030109563112531495 0.04912597621562944 0.03070418114141131 0.6685104236108702 0.12072295521871612
103.63389587402344 -1 1105.09228515625 212.63836669921875 -1 426.0598449707031 223.48114013671875
0.9975580425055492 -0.05397810601485283 -0.001145545908190184 0.044305796777829524 -0.0459617290564784 0.6557922561014868 0.12744874430913247
98.96067810058594 -1 380.0216369628906 209.9149932861328 -1 39.829811096191406 211.44204711914062
0.9976680024072512 -0.05644219416868083 -0.003956419995651118 0.03817305896791917 -0.11031407148667843 0.6449204240164571 0.1457922196148181
87.8469467163086 588335 917.9540405273438 107.93070983886719 -1 919.9195556640625 108.00856018066406
0.9978268475393731 -0.05692781109093101 -0.004109148019079465 0.03292296397029512 -0.15578247135246062 0.6246590952346576 0.16465728346880287
3.567065477371216 574443 389.6031799316406 4.195591926574707 -1 780.5904541015625 4.131308078765869
0.9981424374116317 -0.055986795848345344 -0.0029368930011584773 0.023843824946986135 -0.20120540979957746 0.594031948419701 0.17317108216403362
86.00540924072266 -1 348.1106872558594 178.83348083496094 -1 384.6345520019531 194.73866271972656
0.9982257012049234 -0.05454216493188672 -0.004501878561739238 0.023459215415210455 -0.28775221617894026 0.5534103811088532 0.1800378270381864
40.32276916503906 -1 921.9588623046875 178.1772918701172 -1 1040.14990234375 188.56703186035156
0.9981485658029869 -0.052327182849939494 -0.007982755780619579 0.02995967507460844 -0.4074518159179576 0.4947005567835093 0.17659646423573774
128.11920166015625 -1 862.9564819335938 158.4774627685547 -1 873.2203369140625 162.91464233398438
0.9980274604776007 -0.052421901039637175 -0.007801755056959189 0.03364914623067223 -0.5059534106342052 0.44935319525337397 0.17660254966425729
8.550887107849121 -1 982.9718627929688 25.290332794189453 -1 1346.5179443359375 85.9029312133789
0.9981284015290358 -0.05112426010059438 -0.004772900763206317 0.03321480857333508 -0.5839505186611349 0.4141660317462162 0.1797345515666848
14.4324369430542 -1 1305.5872802734375 29.161544799804688 -1 1310.2069091796875 44.56924057006836
0.9982404653375054 -0.049452144963870535 -0.0015691699506064493 0.03268021460913728 -0.6508525134571107 0.3752163050203445 0.17936377198554085
54.20587158203125 592495 907.4940185546875 65.18769836425781 555451 907.4940185546875 65.18769836425781
0.9984352187737311 -0.04812457744390781 0.00267180725221563 0.028354900883341368 -0.7102343311639139 0.3414704668076719 0.1767423713501582
6.106626033782959 -1 266.2593078613281 21.69054412841797 600037 824.635986328125 25.037202835083008
0.998546823500753 -0.047218929614511636 0.007032131281540327 0.025003261632338347 -0.7633663875291854 0.3094179894843238 0.18328921905963036
4.637945175170898 -1 250.19189453125 14.14030933380127 600037 495.1288146972656 16.87207794189453
0.9985869718764727 -0.04745117080204803 0.00941750073960114 0.021994469029989614 -0.8267573502726367 0.2866740439324423 0.18451098269101737
46.789676666259766 543500 684.9401245117188 52.970787048339844 540426 474.7286071777344 60.85079574584961
0.9986128478370293 -0.047071912085457815 0.010994241532752911 0.020874431263072053 -0.9166226928652585 0.2582320540955577 0.18563554465994675
115.72603607177734 -1 500.9311218261719 149.43441772460938 536560 628.789794921875 152.4971923828125
0.9986511920700489 -0.046429216556427046 0.010452757752570381 0.020757270591111904 -1.0135281284709685 0.23804202820696113 0.18562479852990163
123.41803741455078 -1 1019.1348876953125 132.7054443359375 738065 1013.9283447265625 132.86863708496094
0.9986259849394963 -0.0467275538607798 0.00872904192032604 0.022056331085701163 -1.1155100766842883 0.21174417043261354 0.19035732156420038
52.145721435546875 -1 410.1011047363281 122.32115173339844 565459 414.06048583984375 122.36595916748047
0.9986675196056529 -0.04577812807883679 0.007927834941730392 0.022465478125943253 -1.2043237939265263 0.1776564994683822 0.19077987838993501
11.45697021484375 -1 423.8124084472656 50.91480255126953 607455 385.53955078125 112.9228744506836
0.9988107365899294 -0.04357753835942772 0.008449479169440431 0.02016722402763193 -1.2856853420041396 0.1475364342496606 0.19693631295374434
48.50703430175781 -1 856.8125610351562 50.562286376953125 -1 528.5576782226562 59.35877990722656
0.998742271669738 -0.04503643424026627 0.008471802708998133 0.020342638220087472 -1.3690030028372187 0.13691997180655008 0.20965594640798954
68.79937744140625 535931 333.3722839355469 86.7248306274414 -1 337.40081787109375 86.9457015991211
0.9986629241270999 -0.045727623098681766 0.004072283792760624 0.02376478412203074 -1.4704949927198718 0.11307139886264503 0.19556421601665008
37.59001922607422 -1 783.9630126953125 37.59001922607422 -1 180.5569610595703 41.19257736206055
0.9984193021470273 -0.046357990836429566 0.0016503982439626172 0.031734996005810194 -1.5383120610336414 0.06548202411536796 0.1719363486130404
3.5485336780548096 -1 889.0047607421875 3.722531318664551 -1 1226.0518798828125 3.751126527786255
0.9981679931254722 -0.048102880837472564 0.004445337476594787 0.03642813925693311 -1.5607500778587122 0.035989677916900546 0.1754892466836747
4.620022773742676 -1 299.3879699707031 4.725997447967529 -1 417.23321533203125 4.358673095703125
0.9978402666786597 -0.04974020376737596 0.007278365801029773 0.04228167114847816 -1.5629196065093198 -0.008542955081551638 0.19772138104741122
5.067252159118652 -1 758.3786010742188 4.773565292358398 555943 950.619384765625 4.425482273101807
0.9979459682659648 -0.04890384197431666 0.006721777763588404 0.04082984650416963 -1.5894751442487374 -0.05144914663776343 0.20803703018313582
2.887089967727661 -1 401.4196472167969 2.887089967727661 -1 267.2602844238281 12.594239234924316
0.9981111054916125 -0.04602971157057184 0.0040112552833851895 0.0404894625562353 -1.6359942801021985 -0.10400156507782576 0.20126239246515815
4.670934200286865 -1 255.69126892089844 8.894573211669922 607435 123.51041412353516 74.09696960449219
0.9983408094425902 -0.04395999647698011 0.000547266203596624 0.037186656356282474 -1.6906960107367517 -0.14433750704124632 0.2020877103322553
40.61066436767578 -1 412.5816345214844 140.93124389648438 -1 380.196044921875 165.4783477783203
0.9984866161729359 -0.044734546277719923 -0.0045586589992348955 0.0316625381322369 -1.7726134073490198 -0.15592511299960427 0.20623558432654504
54.61721420288086 -1 310.47601318359375 187.1123809814453 -1 1128.7449951171875 214.9948272705078
0.9985170303016966 -0.04851598004669169 -0.008492100187439454 0.023191035164397203 -1.861900354595069 -0.12592146169055796 0.22468267039891482
203.31675720214844 -1 777.1353759765625 251.75160217285156 534374 777.1353759765625 251.75160217285156
0.998555148891763 -0.05139992483033071 -0.009586805971745339 0.012399818565028416 -1.9552281439013959 -0.09653514788911682 0.25350621637019577
13.091743469238281 -1 590.4354248046875 61.953834533691406 -1 50.46104049682617 224.63995361328125
0.9987206354456707 -0.04954013040911671 -0.007618168756536062 0.006695619376909818 -2.0496406752946874 -0.12841933421758342 0.2838216194942038
2.851308822631836 -1 208.42662048339844 4.102118492126465 -1 230.01837158203125 19.9422664642334
0.9986972788549482 -0.04967693418070297 -0.007304805382382549 0.009087752002218116 -2.1391599740990324 -0.1873650697228763 0.2797485663557671
22.061206817626953 -1 704.4078369140625 97.91201782226562 -1 704.4078369140625 97.91201782226562
0.9988066160482137 -0.04609433139141348 -0.009936361221925838 0.0127249784896512 -2.256199906157406 -0.26963758756782635 0.2507423109569103
152.50640869140625 -1 263.3052673339844 170.54196166992188 -1 666.25 222.86331176757812
0.9989080986607063 -0.04181452108241378 -0.007969092367725533 0.019252268010179218 -2.368460047716566 -0.3776669338293298 0.234451553022999
0.5391064882278442 -1 0.5391773581504822 0.5391064882278442 -1 0.5391773581504822 0.5391064882278442
0.9990515315104156 -0.03881607456644368 -0.003756000206831589 0.01937116941208549 -2.4556581566242444 -0.4308634631869434 0.24014884517774443
108.99134063720703 521178 627.7354125976562 120.10304260253906 531970 617.6841430664062 180.6202392578125
0.9991361891216631 -0.03759008280959603 -0.0014124595905193097 0.017659734417970845 -2.548846647929488 -0.45575913910343324 0.24337223903195818
22.479293823242188 -1 505.12762451171875 102.74105834960938 502055 585.6885986328125 166.46315002441406
0.9991403171706316 -0.03732407167124215 -0.0011719118030473167 0.01800463553576133 -2.638421159564864 -0.4732010383098919 0.24409673546125815
50.60924530029297 -1 1161.1763916015625 147.70130920410156 645691 819.500244140625 210.5806884765625
0.9991047024438388 -0.03865699340230057 0.0008162842523855138 0.017168695224806522 -2.7191613661527074 -0.47618183923872803 0.25509236011076347
9.303027153015137 -1 178.2532196044922 23.068721771240234 526398 196.9145050048828 23.948768615722656
0.9990811424082543 -0.03849693073162441 0.0037730452862367613 0.01845592960893712 -2.7810518696054722 -0.5141432757989974 0.2668276420924883
45.63816833496094 -1 538.362548828125 53.921661376953125 -1 1081.5223388671875 87.55317687988281
0.999153864273642 -0.03546101115030515 0.004585164211585753 0.02032359378651736 -2.8548293205394972 -0.5815141053592348 0.25990209859246305
37.21056365966797 -1 445.8201904296875 37.21056365966797 635666 61.647377014160156 45.25496292114258
0.999135888192594 -0.034106427994686064 0.004591059987625119 0.02330559296026911 -2.919461946040875 -0.6365455703776937 0.25195563306405777
17.89103889465332 635666 481.0292663574219 27.969573974609375 -1 471.7486267089844 39.43850326538086
0.9989841903919572 -0.033853580786805025 0.00487703839755493 0.029338318140377257 -2.9920027050101305 -0.7097834116409248 0.2465113354088418
78.85841369628906 530509 768.1292114257812 81.49223327636719 -1 568.4490356445312 92.22613525390625
0.9988988504503644 -0.033164344621777 0.003799834411797032 0.032966256584446435 -3.0878033900830695 -0.7669381642380528 0.2226255709193492
50.615047454833984 -1 534.5982055664062 72.99334716796875 665461 442.81695556640625 94.26636505126953
0.9987532169535446 -0.03353243119450193 0.0036625937809062294 0.03679909088453157 -3.159343086612607 -0.8144891719944573 0.20969025872789845
54.34995651245117 637900 508.34332275390625 58.10730743408203 665461 631.3736572265625 67.6945571899414
0.998785932011993 -0.03187531390315598 0.005140679745202397 0.03720483557640686 -3.231518671907597 -0.8510037011118694 0.20421929582084514
35.40354537963867 637900 482.70916748046875 39.03376388549805 665461 442.08563232421875 67.42704772949219
0.9988524040331275 -0.030252146894490833 0.007789347110486881 0.03630438867559031 -3.307230515325098 -0.8801893076381757 0.2114569412063844
50.76694107055664 -1 418.064453125 53.43663787841797 638301 493.33551025390625 98.40829467773438
0.9989451449431512 -0.029153428424367682 0.010634937245405554 0.03384631612743161 -3.407182030329757 -0.904767006305031 0.22418727514767867
257.5024719238281 -1 355.4038391113281 286.0792236328125 -1 357.9748840332031 289.63702392578125
0.9990577344723788 -0.029981690904057206 0.01114807836379281 0.029333628317108156 -3.5175692421039644 -0.9012404104057203 0.2277367953080752
20.060453414916992 -1 928.615234375 158.18853759765625 707889 537.4715576171875 287.30328369140625
0.999136818747788 -0.030322906138725635 0.010376860054573448 0.026428385521246985 -3.644640888579625 -0.9225409516675164 0.22247041138314017
16.497272491455078 -1 300.65625 229.01303100585938 738377 273.36517333984375 258.269775390625
0.9992264783634669 -0.02921292468165457 0.009534246022505325 0.02453870660142288 -3.7587340446585396 -0.9506561922031317 0.2106895122556319
218.35279846191406 -1 209.6757354736328 218.35279846191406 -1 461.0299987792969 333.21337890625
0.9993265741951913 -0.028700547606168497 0.009849930381292529 0.020631421325073358 -3.8682988343498863 -0.9490317613187977 0.20907791140017648
238.38308715820312 -1 435.095947265625 293.906494140625 -1 320.1210021972656 312.0910339355469
0.9994085030551156 -0.02848784481012781 0.009022785614100843 0.017019872472175006 -3.971202289562494 -0.9469234349071426 0.2042157155219101
0.6757766008377075 -1 0.6757169365882874 0.6757766008377075 -1 0.6757169365882874 0.6757766008377075
0.9995198869343791 -0.026826969314321804 0.007001411958689282 0.013830747292872411 -4.075586282608758 -0.957915583455187 0.17303685862138313
305.3758239746094 -1 509.5777893066406 311.2593994140625 -1 467.6321716308594 365.4281921386719
0.9996210060692415 -0.02410843418389173 0.004605621991173104 0.012466590247258921 -4.179355910238087 -0.9973133407743113 0.13547260518519866
353.3258056640625 -1 893.3416748046875 355.0517883300781 -1 888.7422485351562 358.6144714355469
0.9997006128434178 -0.02147295462213766 0.0009197805102445167 0.011694054220140637 -4.283681708457925 -1.0346856228535124 0.08688375863501077
323.1526794433594 -1 837.8887939453125 327.4804382324219 -1 513.1507568359375 426.88153076171875
0.9997475622992638 -0.020494131084659965 -0.0009156731184383404 0.00916317687838317 -4.392705493351819 -1.0420726377887883 0.06365548045227619
288.62017822265625 682651 843.068603515625 293.8898010253906 -1 887.0175170898438 295.7987060546875
0.9997607289106092 -0.02058384428706545 -0.0026716012545035892 0.0069031028697356086 -4.490128088233754 -1.035565829915119 0.044242111712377595
319.40020751953125 -1 1027.3585205078125 354.3055725097656 382960 1164.4156494140625 365.3118591308594
0.9997441048443063 -0.021264734532256618 -0.005194166413501203 0.0057058329451616955 -4.590641006472269 -1.0353627535065864 0.020874266742816557
221.56298828125 -1 261.8569030761719 221.56298828125 -1 687.5801391601562 288.9396667480469
0.9997174199171067 -0.020410630733584366 -0.009692580956968896 0.007385143311627146 -4.681055280611336 -1.0757515078675086 -0.025706936017103166
300.4773254394531 -1 688.1359252929688 306.37823486328125 -1 1067.37158203125 351.0524597167969
0.9997019892356243 -0.019909594249961398 -0.012536135557039134 0.0065104593104752945 -4.757348940455095 -1.0898461134766595 -0.06308294315163611
113.8569564819336 -1 1205.575927734375 113.8569564819336 -1 1199.6583251953125 136.1803436279297
0.9997091902095402 -0.019164232644723105 -0.013674813033884773 0.005221751259177757 -4.834974411720855 -1.100975053112824 -0.08482459773356074
29.525714874267578 -1 1170.001220703125 134.798583984375 319500 535.4916381835938 252.97218322753906
0.9997422572713464 -0.017091692593424856 -0.014449217499330766 0.003809617296010143 -4.905433692900219 -1.1229821518874403 -0.10047598437906337
231.0432891845703 -1 993.3538818359375 256.86114501953125 -1 779.2276611328125 292.6207580566406
0.999740158332519 -0.016938392215749234 -0.015166032611941879 0.0016426019691286211 -4.974972769637398 -1.1358089534809737 -0.12021972341568224
183.29930114746094 -1 1170.868896484375 258.1104736328125 381325 1236.4688720703125 286.7657775878906
0.999691170786598 -0.01880362634070447 -0.015950348977655987 -0.003094035431475217 -5.046129194679161 -1.1112821231198908 -0.12984299983169928
0.6034092307090759 -1 0.6034902930259705 0.6034092307090759 -1 0.6034902930259705 0.6034092307090759
0.9996658817150809 -0.019500774148096967 -0.015848396523453268 -0.006055829428762171 -5.126457158212668 -1.1090027932124584 -0.1263146009579604
180.17367553710938 -1 388.1594543457031 180.17367553710938 -1 894.3707885742188 185.69741821289062
0.999592574690731 -0.0206721086904303 -0.016697136773038267 -0.010418933200132657 -5.21576084261651 -1.0881911447080568 -0.130237822692574
233.72328186035156 443688 1120.00927734375 238.73077392578125 325485 1154.5321044921875 241.93260192871094
0.9995348657880861 -0.022429976895429086 -0.017896891422204266 -0.010327123892220765 -5.288767317061646 -1.1082079575931592 -0.13616840340649405
49.22771453857422 794425 1106.939453125 250.14662170410156 326067 781.9036865234375 260.2034912109375
0.9994719172441583 -0.023473585602047427 -0.02078241405628261 -0.00854217099238564 -5.361101507238459 -1.1468371333695553 -0.16157607537431684
219.77284240722656 381325 1087.55322265625 232.48199462890625 -1 1051.0599365234375 276.2223815917969
0.9993966264984905 -0.02272218457565602 -0.024916424929504192 -0.008322081487156673 -5.444989152223508 -1.1746714876050028 -0.19861817130524181
238.92269897460938 326067 1011.072509765625 268.31719970703125 -1 817.0195922851562 365.858642578125
0.9993796918877775 -0.02160906146070761 -0.027041006563729132 -0.006485666434426796 -5.507678049142625 -1.2261840475665304 -0.22058612579529954
13.47369384765625 -1 577.3631591796875 102.86024475097656 -1 473.0331115722656 201.57382202148438
0.9994068988673337 -0.018413628573869068 -0.028638825191826322 -0.005158146057917326 -5.557592333945305 -1.2805860532644167 -0.24920561741464295
2.6843016147613525 -1 218.2977752685547 71.58052062988281 -1 218.2977752685547 71.58052062988281
0.9994799444464327 -0.014782257829135902 -0.028528861572094548 -0.0027257219647416095 -5.573581921894399 -1.3254102327802906 -0.2627646731770569
4.536227226257324 -1 977.3056030273438 4.5624680519104 729316 1191.1854248046875 4.157345294952393
0.9995420742749603 -0.01305583062339939 -0.02729472709933237 -0.00043001559969387096 -5.567466226248434 -1.3382337218961993 -0.2567615281027972
4.810394287109375 -1 828.5381469726562 5.102436542510986 -1 1212.833251953125 5.08353853225708
0.9995880907839819 -0.012756641695180527 -0.02570531937304079 0.0003916777051920513 -5.553482189702116 -1.3149806229490948 -0.2423684642767868
76.97132110595703 -1 865.6517333984375 76.97132110595703 -1 869.3423461914062 99.56390380859375
0.9996356972692196 -0.011974876486725981 -0.024023566610613643 0.002818390589402708 -5.5312621603054986 -1.294458953979885 -0.2346032039139155
2.5684027671813965 -1 848.5536499023438 23.210681915283203 -1 848.5536499023438 23.210681915283203
0.9997133863472586 -0.011857129505358534 -0.020797914506009492 -1.9753252965900352e-05 -5.500290275158355 -1.210521736972097 -0.19745980704693267
243.2950897216797 -1 1025.2867431640625 291.0505065917969 486110 971.014892578125 363.98675537109375
0.999784157356591 -0.013040913007292869 -0.015648721784062552 -0.0040854367248256 -5.4707255775152115 -1.10274115353002 -0.13790649762302234
32.225006103515625 391798 889.7769165039062 43.03024673461914 -1 889.7769165039062 43.03024673461914
0.9997444831838139 -0.01260882971683689 -0.016167855993131773 -0.009517677725471456 -5.488918163621568 -0.9835882248921253 -0.13375528270338158
91.56401824951172 -1 904.1605224609375 99.02010345458984 -1 937.27490234375 108.0933837890625
0.9996971160116658 -0.01269760149317127 -0.018239079294558914 -0.010572754644162609 -5.5034500987798305 -0.9087083913793983 -0.14603339086923833
15.353157997131348 -1 932.52001953125 16.650480270385742 710530 992.8281860351562 19.43704605102539
0.999634856331126 -0.013217018269328695 -0.02042077257455212 -0.011766753306480322 -5.49989026160918 -0.833598675880843 -0.1687315596987337
0.5323857069015503 -1 0.5326195955276489 0.5323857069015503 -1 0.5326195955276489 0.5323857069015503
0.9996164854307598 -0.012391197980552817 -0.021891662497691103 -0.011579955990829687 -5.485099215005948 -0.7692721908028768 -0.20284006795129883
13.099717140197754 -1 637.5909423828125 93.22989654541016 828064 656.6349487304688 94.04228210449219
0.9996471646804996 -0.009860567831350473 -0.021369903184525037 -0.012314324429919565 -5.44459326830406 -0.6904380018391798 -0.21601320395013235
10.684300422668457 -1 666.1004638671875 89.29036712646484 -1 666.4091796875 109.99319458007812
0.9997083148232513 -0.0062204299414682935 -0.020158665037948286 -0.011756689520701788 -5.394701727169766 -0.6157300705512863 -0.22654348072688604
105.23454284667969 -1 688.0875854492188 112.45011901855469 -1 688.0875854492188 112.45011901855469
0.9997090793366351 -0.006157320620896451 -0.017930677803731306 -0.014910898301835966 -5.345768759130573 -0.47938419210401395 -0.21683745329658816
143.22402954101562 831239 705.6304931640625 143.22402954101562 -1 702.7142944335938 153.24159240722656
0.9997045222153096 -0.008021129611619616 -0.014368539777444813 -0.01789063460800771 -5.294903583456337 -0.3220978146467519 -0.18144873084230442
50.62645721435547 -1 818.4013671875 58.49608612060547 -1 1103.4161376953125 197.72483825683594
0.9996588325492993 -0.01065962570993873 -0.014258943323494982 -0.019112127594629894 -5.2779943323537255 -0.18696850944584953 -0.17607223225873606
90.57161712646484 -1 913.2403564453125 90.67369842529297 -1 915.0664672851562 160.37936401367188
0.9996013434454498 -0.01197882757041686 -0.01757965924850151 -0.01856387494023695 -5.287833878302176 -0.08566088316393847 -0.223147050816357
6.647576808929443 704836 1078.3875732421875 10.50597095489502 726690 592.1307983398438 79.2444839477539
0.9995889658338366 -0.011322191614075796 -0.016996508297798727 -0.02012028990790973 -5.279318701228734 0.0073337301618149175 -0.22965561519085956
3.1811468601226807 -1 1016.9896240234375 3.1811468601226807 -1 981.1195068359375 108.59315490722656
0.9995388912208428 -0.011241387532807935 -0.014101637820333445 -0.024429080091756268 -5.259531129140073 0.14100997352232897 -0.2092032408370098
26.708993911743164 -1 1092.7333984375 56.95679473876953 726690 911.6604614257812 174.6270751953125
0.9994159269340717 -0.013751412604632902 -0.014440708185926904 -0.02775192946402853 -5.255977757607886 0.2793050647483433 -0.2272204213947461
41.116050720214844 699325 1041.7386474609375 144.11404418945312 709863 1000.2045288085938 225.7271728515625
0.9992966928352158 -0.01673117741962499 -0.015491720392497018 -0.0297690105652515 -5.254255267794263 0.39890923686665447 -0.24841193219387478
11.633731842041016 -1 892.4150390625 36.39466094970703 -1 1004.0098876953125 86.80731201171875
0.9991914684545007 -0.019517608603954767 -0.01575017219660255 -0.03142299154916235 -5.25577608598241 0.5174100546084458 -0.26311091965318667
127.09762573242188 755864 1073.4871826171875 156.451171875 726689 1013.8252563476562 196.25880432128906
0.9991623149382339 -0.019558667746542063 -0.017055165515195998 -0.0316425070514201 -5.263877494675419 0.5949581319432018 -0.2846407899826004
28.604629516601562 -1 658.894287109375 100.34954833984375 -1 658.894287109375 100.34954833984375
0.999143850798168 -0.019062894442768617 -0.01864346496798916 -0.03163214633342983 -5.267090610332023 0.6751322057852105 -0.31258238208344835
60.420799255371094 -1 807.1609497070312 93.1941909790039 -1 753.0206298828125 98.96837615966797
0.9991154455874044 -0.019628685729433607 -0.01777402788886167 -0.03266687952381773 -5.253241509904296 0.7829013667333321 -0.31855170644344655
3.298086404800415 -1 651.400390625 3.298086404800415 -1 614.1524047851562 7.587583541870117
0.9990731266714333 -0.021753737052257926 -0.016033368501843254 -0.033505127692809146 -5.222101065931174 0.8960424030280157 -0.3129346198794326
10.22226333618164 -1 611.14990234375 44.505672454833984 -1 582.6199951171875 52.64228439331055
0.9991686552825575 -0.021413171284950166 -0.01543847712487109 -0.031066506408545694 -5.194194425025812 0.9680348336467781 -0.3231194804331174
181.80264282226562 -1 840.5162353515625 208.0222930908203 -1 831.4638671875 211.3302764892578
0.9991192022044875 -0.02523625358855136 -0.015661175221152183 -0.02964251814160272 -5.180335349509999 1.0740583698946964 -0.3397242345273645
52.66951370239258 -1 847.9849853515625 55.15084457397461 -1 749.988525390625 59.805171966552734
0.9990920159230854 -0.027105469036828426 -0.01676316323017066 -0.02827425729453831 -5.175639543687838 1.1587813853712166 -0.3593695462879094
9.700282096862793 -1 824.8631591796875 10.424586296081543 -1 468.6815490722656 30.503067016601562
0.9991487548705703 -0.02651343106511928 -0.01743828952894165 -0.026357345694306013 -5.176520256163319 1.2082612075273813 -0.3779706401662107
2.7929515838623047 -1 708.1973876953125 3.308271646499634 -1 882.7675170898438 10.015172004699707
0.9991182125010866 -0.026486001650686524 -0.01848450698776294 -0.026825587908057044 -5.179458347088175 1.2862493771492793 -0.40340459442544296
46.596527099609375 745389 969.9089965820312 86.6080093383789 -1 1213.0120849609375 126.39649963378906
0.9990622338774361 -0.02690359311099993 -0.019793983026853045 -0.027550821284991128 -5.193179717708583 1.378687615620976 -0.4396375055624405
5.482735633850098 -1 1026.9635009765625 12.372211456298828 -1 1026.9635009765625 12.372211456298828
0.9990853610719885 -0.025078075076342052 -0.020054932532806883 -0.028237052311178734 -5.198377205185689 1.4415872762918764 -0.46654843043013194
10.188502311706543 -1 703.02685546875 19.473983764648438 -1 780.81298828125 26.728588104248047
0.999127895187836 -0.023725558206117773 -0.01716329050457689 -0.02976522138987456 -5.175192676654003 1.527034781386811 -0.46004043627485286
36.13593292236328 -1 932.8534545898438 60.46461868286133 -1 430.08465576171875 66.04041290283203
0.9990469247009641 -0.024725698376806108 -0.014640378074213086 -0.03285637556349577 -5.144343600125371 1.6430724930503027 -0.4524041704999083
28.650930404663086 -1 811.7538452148438 38.17719650268555 -1 472.05914306640625 122.9765853881836
0.9990078901780046 -0.025626206050347326 -0.01244764306648229 -0.03422848386426769 -5.123440229572951 1.7510503663794874 -0.4458158168429069
0.5215890407562256 -1 0.5215083360671997 0.5215890407562256 -1 0.5215083360671997 0.5215890407562256
0.9989707045315933 -0.027687087816475237 -0.013501960129200602 -0.033296452191852066 -5.117663589739569 1.8432529096920849 -0.47184152195434353
6.61865758895874 -1 794.9843139648438 14.368631362915039 -1 1128.4788818359375 25.15366554260254
0.9988680943973254 -0.030914992240028274 -0.01570948246185828 -0.03255772428526795 -5.1150829134158515 1.9361535251559454 -0.5100248155642132
79.7159423828125 -1 1066.3978271484375 83.9928970336914 834644 1100.3546142578125 115.01084899902344
0.9988979972741883 -0.03241261997462794 -0.016995711438083105 -0.029382969569283983 -5.112976687738405 2.0043747774282403 -0.5320441387330969
52.853023529052734 -1 839.1144409179688 103.86475372314453 -1 793.3535766601562 137.15353393554688
0.9988833192193921 -0.033191813430389995 -0.02107747134692884 -0.026194623648214586 -5.1160093794761545 2.0886188658712115 -0.5916508726729174
8.750455856323242 -1 1151.428466796875 32.046714782714844 -1 1145.400146484375 50.91975021362305
0.9988105368194339 -0.03512227208253384 -0.022213212071755736 -0.02550511226578483 -5.10280958031421 2.1930139350514026 -0.6344224978432629
86.87833404541016 -1 697.1162109375 124.43626403808594 -1 541.5989379882812 141.40191650390625
0.9986589971787952 -0.03777647990317991 -0.021658180711897956 -0.028001216548901725 -5.065332893784561 2.3216340105912763 -0.6598099709866715
22.39736557006836 -1 533.96435546875 22.63238525390625 -1 533.96435546875 22.63238525390625
0.998312978659921 -0.04352281676947636 -0.0223274467610516 -0.031280124372182985 -5.031706612964831 2.4914384319261274 -0.6931367907001633
36.48418045043945 -1 456.5656433105469 58.96023178100586 -1 537.7807006835938 93.29945373535156
0.9980233410298124 -0.047510788025770426 -0.021790397272743723 -0.03489003249578869 -5.0089965513961054 2.624478422622525 -0.7054299446924747
41.11199188232422 -1 702.5841064453125 68.59585571289062 -1 636.8541870117188 90.82539367675781
0.9979892651367709 -0.04796901699641276 -0.02175197675934688 -0.03525977293215142 -5.001882209547053 2.683862207373425 -0.6898507750016513
17.20077896118164 -1 492.08428955078125 65.98237609863281 -1 492.08428955078125 65.98237609863281
0.9980655109813843 -0.047589531343608056 -0.020404106855994177 -0.03441140391459675 -4.9780253132485965 2.6952528614216393 -0.6502367109511253
112.07746124267578 -1 554.9993896484375 112.07746124267578 -1 675.9469604492188 119.6000747680664
0.9981236735894722 -0.04770857564357044 -0.020093178788277273 -0.03269997242354585 -4.932403855291044 2.6701382428260314 -0.634466465450793
133.58892822265625 -1 1115.8436279296875 133.71572875976562 -1 1115.8436279296875 133.71572875976562
0.9981758969860236 -0.04808436178538354 -0.019411411332545276 -0.030918763525056008 -4.882832355703307 2.640572413680203 -0.6128007103228158
19.777297973632812 -1 1239.238037109375 96.36970520019531 -1 491.0484313964844 107.97223663330078
0.9982827250872129 -0.04722734979977278 -0.019312269033069707 -0.028778715887480898 -4.836396368098126 2.587836026230112 -0.5953500632837163
73.51127624511719 -1 1273.994873046875 81.48818969726562 -1 1119.4901123046875 152.4382781982422
0.9985081144560872 -0.04396894308724176 -0.020226045021192077 -0.025282098645906984 -4.7966677581556745 2.5067440603871667 -0.5754557713149633
147.58566284179688 -1 1132.6092529296875 149.13226318359375 -1 575.1405029296875 162.89334106445312
0.9986595330701948 -0.042561861224639716 -0.020532743897856025 -0.021119455607094856 -4.746814939660486 2.437713104765895 -0.5485063732473724
31.882749557495117 -1 591.079833984375 111.17823791503906 -1 619.8304443359375 113.20208740234375
0.9987092037815527 -0.04301262562658046 -0.019238559536410745 -0.018966236993368937 -4.680576805344324 2.394608894894697 -0.5280196164421788
130.74798583984375 -1 649.5013427734375 133.90704345703125 -1 845.4498901367188 175.22601318359375
0.9988733639686374 -0.04072332067558582 -0.017355586155833398 -0.01709963556100838 -4.608001674771293 2.3459608836017214 -0.49243862766049773
9.56686782836914 -1 671.6757202148438 9.56686782836914 -1 642.9301147460938 51.811588287353516
0.9990151753563598 -0.038859484841330665 -0.01474329471102684 -0.015532388954443034 -4.550824778099535 2.306352226045681 -0.4546735249799214
61.55508041381836 -1 1419.1942138671875 81.52076721191406 -1 1419.1942138671875 81.52076721191406
0.9990770914905395 -0.03826106297893777 -0.01352865106739365 -0.014072381419744727 -4.503111584296091 2.2726679758918222 -0.4286104049850013
70.87706756591797 -1 732.4808349609375 76.53924560546875 -1 750.6239624023438 88.44342041015625
0.9990407410752734 -0.040004928406847655 -0.012393542835461555 -0.012790757245656573 -4.4597078301005855 2.25388429136189 -0.4095210737352482
110.4742202758789 -1 667.1799926757812 147.4915008544922 -1 939.318115234375 155.8424530029297
0.9990300517213806 -0.040802509757881786 -0.010025636945021248 -0.013175642636332469 -4.397800456854596 2.2376406747401 -0.38092452641215774
76.92332458496094 -1 547.3907470703125 126.42753601074219 -1 547.3907470703125 126.42753601074219
0.9990897551640322 -0.04020209892770954 -0.008369590098895334 -0.011549992625857769 -4.333369695391715 2.1856841471692494 -0.35915629604772775
40.500526428222656 -1 854.9946899414062 43.94496536254883 -1 1078.9522705078125 51.36248016357422
0.999212272933663 -0.037733604349412427 -0.005963179864345388 -0.010744729286980803 -4.266921940173123 2.131473919203747 -0.3156314006976858
24.635162353515625 821836 884.2522583007812 24.635162353515625 -1 870.072021484375 58.858158111572266
0.999240089698717 -0.037090771477979304 -0.0035487562515822448 -0.011442208665083114 -4.192580735960483 2.114960172619038 -0.279048134010537
107.44541931152344 -1 1203.4638671875 108.0117416381836 -1 1026.45703125 152.21600341796875
0.9991727588874009 -0.03939319985277104 -0.003730387756710691 -0.009383917619207942 -4.14137101298818 2.0922836800096314 -0.27304516945501267
0.6684879064559937 -1 0.6687743663787842 0.6684879064559937 -1 0.6687743663787842 0.6684879064559937
0.999208050832384 -0.038548942334264695 -0.004713180998939232 -0.008662339264243943 -4.091769603441479 2.0561240429308203 -0.2730625498240105
39.83546447753906 -1 1022.5620727539062 48.708656311035156 -1 789.0540771484375 107.91488647460938
0.9993160940089161 -0.035980354250332997 -0.006896320374537085 -0.005019873312715321 -4.049344821008531 1.979702523864931 -0.2803795177650561
7.238465309143066 -1 1148.623291015625 102.50309753417969 -1 870.0523071289062 131.88052368164062
0.9993172791115504 -0.03587679023706289 -0.008175029648538192 -0.003316697396345225 -3.9897232035516312 1.932493765011069 -0.2877760249648564
124.85809326171875 -1 916.236328125 128.80499267578125 -1 1295.1134033203125 140.81362915039062
0.9994200524048575 -0.03322386965128691 -0.007291989993753002 -0.0016000682476751218 -3.9215045775090864 1.872056231775249 -0.2687627090526424
10.3395414352417 -1 951.592041015625 25.78223991394043 -1 866.5117797851562 118.9397964477539
0.9995330917611491 -0.029637090941700188 -0.007377709651166995 -0.0009003972539155747 -3.8590929198077535 1.8141989166768773 -0.263341045895154
52.31298065185547 -1 947.1471557617188 68.5033950805664 -1 953.7625122070312 99.21346282958984
0.9995031972137818 -0.03060961048572499 -0.007509796215220922 0.00011604372501278681 -3.807769286326881 1.776466168397254 -0.2770355905054789
220.7943878173828 -1 595.0028686523438 249.86997985839844 812007 611.5243530273438 261.8026428222656
0.9995693165192119 -0.028614342975484236 -0.006494112522742679 0.0004768143653555952 -3.7546152434639475 1.725909792475709 -0.2620744680484848
45.814735412597656 -1 738.4822998046875 197.39862060546875 -1 653.3740234375 200.87060546875
0.9996285904019798 -0.026441656905264496 -0.006567527490314453 0.0006225863147845387 -3.7004200778572636 1.6822869046592095 -0.23945673119232339
32.820579528808594 -1 451.9095153808594 164.46939086914062 -1 593.8011474609375 192.0297088623047
0.9995760028838294 -0.02833938370206371 -0.0063290748108945334 0.0021532770867016843 -3.6381445363495786 1.6612141559398055 -0.21995422066843312
184.239013671875 -1 540.0318603515625 188.125 785404 658.0796508789062 189.91696166992188
0.9994935720599613 -0.03099501287324532 -0.00594159563507382 0.0040750495844701935 -3.5732126719437067 1.652887620279761 -0.20678913377557898
171.0665283203125 -1 688.8613891601562 197.75173950195312 -1 356.3526306152344 200.0059356689453
0.9994134931657661 -0.0334480085479825 -0.005818551192190828 0.00447714913748804 -3.503951893373072 1.648765263397921 -0.20547676999659345
31.506895065307617 -1 1568.1646728515625 201.41587829589844 -1 642.4000244140625 205.8873291015625
0.9994385465405041 -0.032712633471967095 -0.005462824819168221 0.0047573990087542446 -3.436421531512719 1.6155510984774324 -0.19827123429692275
56.60181427001953 -1 1555.65478515625 168.41416931152344 -1 641.5092163085938 213.56378173828125
0.9995078267624148 -0.030320349529641747 -0.004207403096146849 0.006861370436114801 -3.375172347129179 1.5580470055793116 -0.17833152548042266
40.120670318603516 -1 654.4213256835938 149.77818298339844 -1 880.1045532226562 158.56179809570312
0.9995661119746865 -0.028069431539606084 -0.00556455763152036 0.006980723688667193 -3.322076556120148 1.5187318708891255 -0.17684735463746024
13.286925315856934 -1 872.9274291992188 24.505706787109375 -1 628.9979248046875 27.54314613342285
0.9995553836093473 -0.02817880681562796 -0.00667289674886793 0.0071036886895048884 -3.265936295996153 1.481045215434361 -0.18245623743299444
44.99725341796875 -1 1371.3658447265625 99.40180206298828 -1 902.04345703125 110.6254653930664
0.9996108059763842 -0.026708131786191327 -0.005653777171800907 0.005739954305281157 -3.1915020439612682 1.4482066647028458 -0.169489591388504
94.51207733154297 -1 1429.4022216796875 117.6390151977539 -1 809.7410888671875 117.99436950683594
0.9996398593184567 -0.025828508295468344 -0.003906580851931399 0.006146417416243821 -3.124026875451543 1.4156293882749038 -0.1544643463363951
104.4788589477539 -1 807.3638305664062 142.27529907226562 780567 816.7240600585938 147.09715270996094
0.999658629294022 -0.025379638678071786 -0.0031200210349097398 0.005363234780343929 -3.053686424902519 1.3870143496538745 -0.14792738318766088
83.51780700683594 -1 975.6778564453125 85.65817260742188 -1 923.9274291992188 101.86480712890625
0.9996610198701589 -0.025075286139995382 -0.004082937039740282 0.005692539176931137 -3.007442639076419 1.3552998021490263 -0.1568662623617027
53.904762268066406 813802 838.2332763671875 61.94682693481445 812023 774.8480224609375 67.9234848022461
0.999574671344621 -0.027308766143604904 -0.0038363034844437023 0.009486330880906372 -2.9470639344548135 1.319693289468217 -0.15918597941958845
205.9037322998047 -1 1353.073974609375 222.54537963867188 784041 1320.863525390625 283.1574401855469
0.9995216710688608 -0.028800792701812804 -0.0021748420329601487 0.011055019927210561 -2.889494843806902 1.2942825753988105 -0.15218034900010932
65.62601470947266 -1 933.9344482421875 65.62601470947266 -1 921.928466796875 108.07435607910156
0.9995849871977982 -0.027413807721810853 -0.001925376638892652 0.00863883324111931 -2.8373945901730977 1.2670051868081287 -0.14456518498211304
30.4084415435791 -1 956.0914306640625 42.860652923583984 -1 939.3313598632812 87.10513305664062
0.9995719863455874 -0.023922339630643618 -0.0003679512906863136 0.016835391043300615 -2.7945656442615254 1.1685036353323475 -0.10593987116775842
14.180642127990723 -1 1270.35107421875 19.328590393066406 -1 1270.35107421875 19.328590393066406
0.9994756873178284 -0.02681742737500585 -0.0031532573280331207 0.017867093153723368 -2.7451126817142146 1.1568129522347679 -0.11038874754443777
14.186860084533691 -1 875.2733764648438 14.186860084533691 -1 851.2805786132812 211.34068298339844
0.999208282880624 -0.034586046013076986 -0.0037210449341511286 0.01930716624816671 -2.67100563356591 1.1594161466078197 -0.10687631457521608
111.3958511352539 -1 1022.5814819335938 111.3958511352539 -1 981.6834716796875 169.70111083984375
0.9992125947591746 -0.03732897942814987 -0.001207126828878025 0.013389571102519194 -2.560740677048517 1.1750721038526684 -0.09234719680749155
243.5675506591797 -1 767.0181884765625 323.2140197753906 -1 767.0181884765625 323.2140197753906
0.999279114666912 -0.03697528490415204 0.0033844397693634644 0.007913587316570074 -2.4432870333857433 1.1702326298337098 -0.06362119241037698
38.404903411865234 -1 1458.3228759765625 241.455322265625 -1 727.564453125 264.18939208984375
0.9992864727890567 -0.037246117047991294 0.004737690380605873 0.0041019940895449004 -2.343793430321407 1.160397935269349 -0.039782200523760344
38.63822937011719 -1 1103.129638671875 137.57899475097656 777108 999.482177734375 217.2083282470703
0.999389621206567 -0.03476163368771341 0.0026218070078103386 -0.0022671515100542673 -2.262944439268557 1.1604082148975916 -0.024901947785580518
2.9854259490966797 -1 1172.0849609375 4.234681606292725 -1 559.5588989257812 4.529749870300293
0.9993336187139841 -0.03630791093045994 0.0010536773391927388 -0.003597759850871726 -2.196028852707682 1.1545367452249184 -0.0147822122877091
249.5790557861328 775117 423.1374816894531 262.1299133300781 -1 423.1374816894531 262.1299133300781
0.9992316316478906 -0.039064549727479136 -0.0013600120962519746 -0.0028736102696201747 -2.1264456119335624 1.131484217704202 -0.015500636466603445
2.793877124786377 -1 1244.1138916015625 3.4937682151794434 -1 801.4457397460938 6.446487903594971
0.9992316533188201 -0.03828763350851922 -0.008011861021282166 -0.0024434011194279922 -2.0628936597276506 1.0891498167505926 -0.012696424376138021
3.302859306335449 -1 1027.644775390625 8.107721328735352 -1 917.9618530273438 8.656518936157227
0.9991983748300316 -0.038483844633624247 -0.01091906645773106 -0.0015412420090717839 -2.022265471137405 1.0580757530259983 0.004210882743340065
30.514057159423828 643917 815.9833984375 34.2298469543457 -1 818.4519653320312 35.18514633178711
0.999065989734931 -0.041179307438798496 -0.013025761204828313 0.0013199768401702297 -1.966723971585131 1.0261204258079166 0.008763035948570018
3.905729293823242 -1 840.204345703125 4.305742263793945 -1 848.9391479492188 4.497025489807129
0.9991792406690915 -0.03814712664100679 -0.013549383891660105 -0.0014338553375874642 -1.9111875803985763 0.987038551665366 0.01950187467438029
4.59194803237915 -1 777.5263061523438 61.47031021118164 -1 769.8827514648438 71.74883270263672
0.9993982692876668 -0.03308042119265881 -0.01027444481310317 -0.001794676103114261 -1.8455049033010962 0.9331497802407906 0.046262071372994554
39.68919372558594 -1 1253.4300537109375 148.54376220703125 -1 1566.243896484375 165.68199157714844
0.9993391422619924 -0.035345539051061206 -0.008344003063930409 -0.0015327182142946634 -1.7863539164351854 0.9249389679550786 0.06681714710998679
10.332074165344238 -1 406.68975830078125 10.332074165344238 -1 406.4546203613281 21.035354614257812
0.9991610019412653 -0.03928461277332441 -0.007382918089743177 -0.008916497039588423 -1.7351099528428842 0.9599768703584973 0.0764006936829004
3.907700300216675 -1 1426.82958984375 6.334306240081787 -1 738.0572509765625 8.161959648132324
0.9990453834483024 -0.04161098415649451 -0.006681584512496984 -0.011498010113268073 -1.7001207058117558 0.9404806257630185 0.0910709310212666
3.874309778213501 -1 389.0760498046875 4.537415981292725 -1 695.8460083007812 4.597175598144531
0.9989444213466121 -0.042897016456768564 -0.00935971024859333 -0.013501291184645497 -1.6946674842291432 0.9170332359895523 0.09454653530935278
2.6628706455230713 -1 693.104248046875 3.4699718952178955 -1 395.4259948730469 4.01808500289917
0.9989154800429878 -0.04354126985000246 -0.0118004582943874 -0.01152261838208426 -1.6727510565409422 0.8756911611297201 0.10864976561055849
4.629710674285889 -1 926.6103515625 6.711451530456543 -1 1317.560302734375 7.146556377410889
0.9989076661937276 -0.04314605634088523 -0.015264793475802736 -0.009427529993100132 -1.6416598129355902 0.8332841608864392 0.12134074569006553
0.5 -1 0.5 0.5 -1 0.5 0.5
0.99875064504686 -0.045866441498429784 -0.017710496566062713 -0.00893067041916843 -1.5740221883094871 0.8095266098958958 0.1428256070642545
14.201604843139648 -1 920.4774780273438 21.631433486938477 -1 598.8055419921875 21.838871002197266
0.9987718879291471 -0.04424147557228819 -0.021480061712959873 -0.006001222412281266 -1.4727874165277979 0.7478982790260487 0.17241794269753097
7.9466142654418945 -1 975.1099243164062 22.895174026489258 -1 1272.080322265625 26.258535385131836
0.9987408970656109 -0.044224052640167336 -0.023013234834175597 -0.0055896975880330105 -1.3928350860294816 0.733690680330821 0.19807592977766447
82.49334716796875 596755 686.9755859375 89.91924285888672 -1 938.9712524414062 97.94598388671875
0.9986469041888973 -0.047026141484799604 -0.021052649858767914 -0.007049021556732514 -1.3015277526076916 0.7539916593780807 0.2205122229178685
19.799667358398438 -1 805.9290161132812 34.44432067871094 -1 1006.0799560546875 104.73765563964844
0.9985991358056001 -0.048519317518124265 -0.019546281763484257 -0.00797399931695677 -1.2143618067288828 0.7653739328243039 0.2293183300638934
29.19025993347168 -1 1215.6678466796875 51.47142791748047 -1 1131.86181640625 102.63178253173828
0.9986555111959973 -0.04669338651747291 -0.0196628770085599 -0.010966716971713215 -1.1342648741098615 0.7523615076070227 0.21470585334877942
8.452446937561035 -1 1216.1448974609375 28.572084426879883 -1 1323.933349609375 49.0379638671875
0.9987399792521722 -0.04393865333276189 -0.020352733258765895 -0.013176298249949842 -1.051265174540864 0.7188651210520745 0.19277024240434096
20.108304977416992 -1 845.8203735351562 59.932247161865234 -1 1102.7952880859375 61.76744842529297
0.9987785028218215 -0.04253998680705508 -0.020357957587600013 -0.01474467315060455 -0.9651073337280979 0.6885802916443836 0.1825368545991694
138.40066528320312 -1 1132.52685546875 147.9777069091797 571541 542.4970703125 210.58302307128906
0.9989011639725006 -0.040046693226037426 -0.020163489264089635 -0.013644071120458432 -0.8652370293604513 0.6568784861873203 0.17992708673325614
26.654949188232422 -1 1255.70654296875 27.42690086364746 -1 1208.263671875 70.32119750976562
0.9988735640378515 -0.04118201350660888 -0.0194438188121414 -0.013326017404404842 -0.7574819456909829 0.6490108863918117 0.17455887707160703
0.6311217546463013 -1 0.632344126701355 0.6311217546463013 -1 0.632344126701355 0.6311217546463013
0.9989207610330452 -0.04032083424602091 -0.020345086527386758 -0.010845319592337255 -0.6485718810389542 0.6180984380165795 0.17194141635244833
6.498569965362549 -1 650.1865234375 21.588525772094727 -1 1352.975341796875 43.955726623535156
0.9989643630551749 -0.0392159980045592 -0.021480237981195614 -0.008420583266408705 -0.5635119862484512 0.5873519865892847 0.1682663791286002
123.97490692138672 -1 847.6974487304688 172.0478973388672 -1 847.6974487304688 172.0478973388672
0.9990343897225885 -0.037674723816859705 -0.021232929846243368 -0.00775022755041275 -0.46673286642762146 0.5554853552079674 0.16192096753748994
98.59896850585938 -1 768.9284057617188 141.145751953125 -1 1345.58056640625 141.7291259765625
0.9990935423264325 -0.036758640187140694 -0.02010869518132516 -0.007519071173870832 -0.3741793017768075 0.5312409651549101 0.1582779579812789
14.189628601074219 -1 883.6282958984375 134.30299377441406 -1 821.5943603515625 144.77001953125
0.9991589955325213 -0.03542787249622294 -0.01815665512053001 -0.009823612964119537 -0.287306721954205 0.5104241461947935 0.1614668948305533
134.1521453857422 -1 982.9893188476562 181.82183837890625 -1 974.5442504882812 184.33047485351562
0.9992166196547212 -0.03458308276778894 -0.014750468080299672 -0.012352371573136957 -0.1705248778292521 0.49817934565045247 0.17153453175420477
150.135009765625 633255 1033.9249267578125 175.02932739257812 -1 837.4699096679688 178.5941925048828
0.9992650005592094 -0.034017909314610864 -0.013131043551750288 -0.01182438998462529 -0.08701024508065516 0.4933138899604296 0.1744705475836956
5.685667514801025 -1 1109.2244873046875 57.9555549621582 -1 1115.4163818359375 67.60157775878906
0.9992778631686334 -0.03309667044736555 -0.015981633117304446 -0.00964105747998036 -0.034138859263235614 0.49000466306975143 0.17259771281451777
5.392312526702881 -1 1182.255615234375 8.276010513305664 -1 1209.7969970703125 8.994897842407227
0.9992972754749462 -0.03183652199523835 -0.018806155378486615 -0.006141629708504128 0.021855801158800463 0.481874482642918 0.1684940189433063
53.77040100097656 586310 570.1271362304688 73.020751953125 545066 792.7537841796875 75.04611206054688
0.9992749478852931 -0.03155073501325921 -0.020238810618155502 -0.006672345444454756 0.09387491994959175 0.48439657757671345 0.1635154992490613
65.00462341308594 474516 360.92791748046875 65.00462341308594 -1 1094.5064697265625 75.3152084350586
0.9992279301071268 -0.03221420558228514 -0.021329479128352393 -0.007130355716404925 0.15831533838562517 0.484068333904164 0.15792467509339697
3.4972634315490723 -1 855.8413696289062 11.269416809082031 577841 854.9784545898438 16.112321853637695
0.9992200817548559 -0.031128478055339737 -0.022619686144939317 -0.008865431206763443 0.2269741203018214 0.45988796767409806 0.15618144926056463
68.7082290649414 -1 1078.33984375 75.30162811279297 639759 1087.6556396484375 75.09832763671875
0.9992666803321609 -0.028327351971137033 -0.022829290051557188 -0.011936759358730889 0.30397767478136606 0.41403681819607857 0.15357578198281227
11.28764820098877 -1 1122.654052734375 43.874366760253906 -1 1205.0634765625 63.03052520751953
0.9992798649620634 -0.026055713495390494 -0.024225409618895723 -0.013190178332496716 0.3626960582868242 0.3677078138780691 0.15049877903152925
3.6456592082977295 -1 692.2147216796875 3.6456592082977295 -1 817.3489379882812 4.068181991577148
0.9992301325507343 -0.025696822150436033 -0.026600736338244804 -0.013084966957309117 0.41278812596329145 0.33984190893883315 0.1486461888350607
4.0654144287109375 -1 996.3992309570312 6.207263469696045 -1 1175.107177734375 6.0097174644470215
0.9990889478972959 -0.02928992956178242 -0.027636870773477377 -0.014127193266548179 0.48103580784219535 0.33495026495129654 0.13609085970140392
4.195216178894043 -1 701.9352416992188 6.585003852844238 -1 746.6646728515625 7.479672908782959
0.9990486092765553 -0.03158935654918843 -0.025857290062334365 -0.01534240548354511 0.5439820236880769 0.3278769643877333 0.11798628017818959
14.579496383666992 595864 1382.2479248046875 23.158613204956055 -1 1295.361572265625 23.405567169189453
0.9991263921690829 -0.03178619072896697 -0.02294143556950978 -0.014483821462021571 0.583879919999502 0.30792537909664114 0.09205341270371442
4.366133689880371 -1 770.103515625 4.881458759307861 -1 944.404052734375 5.033687114715576
0.9990590385338726 -0.0339809578017057 -0.024071579419766932 -0.012119863649840081 0.596462104652646 0.2945796534923139 0.07365624183865478
3.803205728530884 -1 1223.898681640625 3.483940839767456 -1 1452.685546875 4.365904331207275
0.9991117584209689 -0.035375043074426446 -0.021627364477889696 -0.007520479917044651 0.6486173899286033 0.26645561263293316 0.059820668354074416
58.087223052978516 -1 559.31689453125 60.47931671142578 -1 1339.2174072265625 74.35484313964844
0.9992751564413046 -0.033078490396861705 -0.01869915733491095 -0.0023057986111560957 0.7216469412012564 0.2260631905250548 0.060585433154554294
29.354736328125 -1 1462.3634033203125 33.492313385009766 -1 522.2237548828125 34.634422302246094
0.9993863763866331 -0.030649246144747445 -0.01694952498072124 -0.0004560772759751201 0.8141966291872406 0.2030080497214487 0.06025597087686034
64.49835205078125 716284 1062.9920654296875 202.20803833007812 716242 681.7919921875 210.5515594482422
0.999354543679492 -0.03158089720923396 -0.017061431538301988 -0.0014319610603311193 0.9061857829879159 0.1986245076931508 0.07750406765485121
69.76686096191406 -1 318.2601623535156 71.47196197509766 -1 318.2601623535156 71.47196197509766
0.9994353356525947 -0.029106401492618502 -0.01657651909514849 -0.0026544784467407304 1.0168719980123182 0.178978168329796 0.11832348298613785
212.91065979003906 716285 753.3515625 212.91065979003906 -1 815.2106323242188 222.3000946044922
0.9994205632483466 -0.02969040573192249 -0.015576106112288112 -0.005865362922313409 1.1440281137417467 0.1736307062403173 0.1400792182469411
88.62352752685547 -1 75.0589370727539 151.3612060546875 -1 142.90505981445312 208.74365234375
0.9993371683454368 -0.031099296375580017 -0.01856699797530287 -0.0036502485467353315 1.2525022421359948 0.17840175309278414 0.15095111372699707
2.9229655265808105 -1 1437.7928466796875 5.678187370300293 -1 708.4039306640625 10.401620864868164
0.9993414775003484 -0.02814983171353542 -0.022652153030886347 -0.0033284057723760763 1.329202401010151 0.15407691473927182 0.1628042367820824
3.187892436981201 -1 376.5865783691406 62.26185607910156 -1 376.5865783691406 62.26185607910156
0.999378043046163 -0.026224781201672962 -0.023496979550378813 -0.0019183013723843576 1.4386032078001327 0.12618062238840166 0.16652178255125585
59.5825080871582 595868 891.6832885742188 194.34266662597656 -1 947.7306518554688 205.16184997558594
0.9994370270338694 -0.02516388690733525 -0.02216644407220943 -0.0010278845310033706 1.5894851982954026 0.09255262788885676 0.16477806666569025
181.71241760253906 -1 1324.9034423828125 183.92088317871094 606631 1317.396728515625 185.66934204101562
0.9995174979629016 -0.023793824479110916 -0.01996262297026827 -0.00034477062705898367 1.724021737627521 0.07054512338106275 0.1571193334908745
212.80267333984375 -1 1555.8555908203125 218.0689239501953 -1 1555.8555908203125 218.0689239501953
0.9995660118574184 -0.022233818369142632 -0.019294116447149085 -0.001087350314787899 1.825056168904389 0.04095754486625577 0.14548096392441154
114.78636932373047 -1 1338.1875 143.51510620117188 -1 1042.0966796875 144.5935516357422
0.9996390286559732 -0.019195828909447203 -0.018760967279615355 0.0011656101213008338 1.922328994103508 0.01269829004211814 0.12811845891022441
62.9509391784668 -1 497.2410888671875 108.60132598876953 -1 1139.0482177734375 149.4665985107422
0.9997047631355399 -0.016556967385202376 -0.017728675754606866 0.0013955110560117927 2.019959086554341 -0.016268227114292606 0.11737725740773355
0.5793181657791138 -1 0.5792239904403687 0.5793181657791138 -1 0.5792239904403687 0.5793181657791138
0.9997136922119794 -0.01665073532826909 -0.01694394514482828 0.002861702264184614 2.1129154259786027 -0.017865714684883714 0.11589294951839663
77.88237762451172 -1 1180.7242431640625 119.09391784667969 578399 1199.2938232421875 158.7859649658203
0.9996712445866954 -0.01732239055075432 -0.018679143315709773 0.002902953166295302 2.1945662014201854 -0.025943999665514864 0.1256391780262817
25.048402786254883 -1 1480.9407958984375 93.65530395507812 -1 1236.224853515625 130.93077087402344
0.9996879658116847 -0.01622029820105678 -0.018756318788697924 0.0030122156399263497 2.2758993411474755 -0.05310692332966846 0.11845703821054142
57.569705963134766 -1 1460.470947265625 57.569705963134766 -1 1254.031982421875 131.19033813476562
0.9997572712222765 -0.013594022635434121 -0.017177599503211488 0.002351863533876808 2.3704833693427996 -0.09885093253941017 0.10302843587499182
128.94593811035156 308282 764.9212646484375 131.30809020996094 481106 1271.1153564453125 169.96763610839844
0.9998186104367742 -0.01103237901768648 -0.015471122950572375 0.0012950645298945042 2.4576718364359724 -0.1500836003234055 0.09560221753842361
107.90409851074219 481106 549.957275390625 169.41542053222656 -1 693.9864501953125 176.23284912109375
0.9997736078899229 -0.01206766350493426 -0.017185412545950178 0.003430169080975573 2.512808549717312 -0.1550591582855679 0.10929399366569646
3.6953489780426025 -1 421.0015563964844 3.672853708267212 -1 421.0015563964844 3.672853708267212
0.9997107021083446 -0.01453044396977437 -0.017952497706069423 0.006714619437891729 2.583431084944251 -0.1413229226989017 0.1238482277357581
245.1577911376953 -1 580.501708984375 248.09234619140625 206237 1024.236572265625 377.48419189453125
0.9997399883632592 -0.015242773134860301 -0.015345504976554836 0.007220042354747508 2.687798849776949 -0.16396495236447636 0.11104406351341418
215.66148376464844 -1 653.6466064453125 216.99923706054688 -1 570.9468383789062 222.88143920898438
0.9997129360645205 -0.014293059958269164 -0.016087306094139792 0.01053339854552328 2.752529524519246 -0.1852308833291182 0.10558104282759305
82.34169006347656 481106 934.4107666015625 82.34169006347656 -1 810.0828247070312 165.967041015625
0.9996954361435725 -0.011274808068379967 -0.016425853323564436 0.014563825023896767 2.8291441422597496 -0.21800948034369436 0.09273911864023167
19.609079360961914 -1 974.6740112304688 47.11456298828125 481106 969.8528442382812 51.23980712890625
0.9997687836848934 -0.008899316602352478 -0.013191443493501053 0.014462612205184747 2.918712016995731 -0.2599300803318892 0.05525201826089166
117.21324157714844 -1 1135.153076171875 346.8343505859375 -1 622.0963134765625 376.0224914550781
0.9997551480821874 -0.0077283036684604785 -0.012535142821706658 0.016516276820498246 2.9916660398627912 -0.290171793787399 0.03285636802814366
24.98692512512207 -1 1060.87646484375 26.734844207763672 196827 981.7681274414062 83.33355712890625
0.9997085661754216 -0.006248919912811654 -0.012638021297837792 0.019596278551840398 3.051366118012222 -0.31940476104899207 0.01787057911521299
41.31983184814453 -1 910.7833251953125 134.64080810546875 -1 1090.4296875 141.54405212402344
0.9997652188204632 -0.002383440571312857 -0.010532633069640886 0.01878536900182657 3.1079535686006765 -0.38432412015519357 -0.01876016369204246
0.7144293189048767 -1 0.7126873731613159 0.7144293189048767 -1 0.7126873731613159 0.7144293189048767
0.9998553852437242 -0.0007328989436602595 -0.006671902997990855 0.015625529387759008 3.176840561277944 -0.4542141130716839 -0.06862951771174963
297.4503173828125 -1 1057.147705078125 297.53985595703125 366346 1021.6025390625 299.6431579589844
0.9999078983391035 -0.001126135689174006 -8.215374523221594e-06 0.013525035674416737 3.2785503627276937 -0.5134934069741052 -0.13569310590026443
246.54185485839844 -1 1126.9599609375 264.31719970703125 366346 1094.8162841796875 265.6923522949219
0.9998691265887548 0.0012119343388815485 0.0023717832867858153 0.01595730409058381 3.343663259940685 -0.5386610970895487 -0.17838708049045085
93.08668518066406 -1 854.1641235351562 117.26851654052734 -1 851.7301025390625 120.37189483642578
0.9998587091355475 0.0035304469361724924 0.002736316740652038 0.01620525473180004 3.386602725673247 -0.5818258245271051 -0.20780349785695873
28.668569564819336 -1 599.1762084960938 202.6549835205078 138654 894.0567626953125 203.29774475097656
0.9998037874597764 0.004451693346043255 0.002885582116046737 0.01908513618737629 3.435080751894768 -0.604227574936586 -0.22414750309830742
66.49748229980469 -1 1251.56689453125 173.34097290039062 205501 1513.939697265625 208.3551483154297
0.9997870316079226 0.005272361468130203 0.0036212044421761787 0.019620920252531128 3.4847013143120558 -0.6356880148308879 -0.24038637407075894
169.04037475585938 -1 822.0551147460938 170.40792846679688 -1 1200.0419921875 170.4347686767578
0.9998164076162463 0.0060294484929755724 0.007357579903946104 0.01663318460703905 3.5446498467200653 -0.6839195003166557 -0.27400725935488573
121.36548614501953 -1 1238.4903564453125 145.8926544189453 -1 1297.944091796875 159.4055938720703
0.9998561366006855 0.007045560558196316 0.01117086061285329 0.010643216221634142 3.5927489981512695 -0.7543004347509927 -0.3138272788742902
5.042145729064941 -1 406.7571716308594 53.2283821105957 -1 993.8651123046875 68.0096206665039
0.9998724751801259 0.00738514136917944 0.013124905240197363 0.005313184220564367 3.626291127378685 -0.8198176157048156 -0.3343516317484698
4.5685248374938965 -1 920.1092529296875 4.593957424163818 -1 727.4417114257812 5.9646782875061035
0.9998626439718049 0.007433842148732847 0.014794738895713352 0.0007395144537036505 3.6650983655632916 -0.8807349904770406 -0.3526491989414425
66.51429748535156 -1 1555.2764892578125 79.60192108154297 -1 1402.046142578125 113.02052307128906
0.9998023544888707 0.007256045098399977 0.018490046505260135 -0.0008484976571825443 3.7318701585178258 -0.9197600789209148 -0.3801341258672911
15.267502784729004 -1 1586.59375 39.50686264038086 -1 1549.34423828125 95.43042755126953
0.9997466612826181 0.007742178113654709 0.020931189263018294 -0.0029252774826103336 3.785260122051177 -0.9561227058527976 -0.40121663040671157
77.03742980957031 -1 821.921142578125 201.71075439453125 -1 973.2162475585938 236.81747436523438
0.9996220163417859 0.009431560755995999 0.02509790577590159 -0.006079903959126337 3.85455964075175 -1.0110837455714186 -0.4321627712800343
181.1632843017578 -1 869.2254638671875 181.1632843017578 -1 1013.9891357421875 196.5016326904297
0.999550905272247 0.01048516006276692 0.027362645541583012 -0.006271747512095286 3.9118313387776498 -1.0439081178693392 -0.4409038302014391
7.477066993713379 -1 1598.0865478515625 18.53490447998047 -1 891.74365234375 129.45726013183594
0.9995358879496863 0.010969587799427121 0.027691794647590313 -0.006390724007386736 3.9526060528032687 -1.0778025620592455 -0.44213607475932776
8.499589920043945 -1 1083.0302734375 17.28692054748535 -1 1083.0302734375 17.28692054748535
0.999444654732301 0.01236361366516733 0.030089454880682574 -0.0072213495382358085 3.997237831190589 -1.1266764488367793 -0.4675329175807169
99.56336975097656 -1 985.9494018554688 142.4161376953125 -1 651.2442626953125 161.1370086669922
0.9993240668720922 0.012821686829742546 0.033015217269688646 -0.009849322093301914 4.041261950260963 -1.1776301367411224 -0.4902250142072017
2.620450735092163 -1 723.9569091796875 2.958193778991699 -1 1289.1165771484375 4.078472137451172
0.9992991665404525 0.012658671605059093 0.033510361089659255 -0.010862296460375755 4.06738934856657 -1.2004776177857084 -0.4856524362559555
1.3387960195541382 -1 577.6516723632812 3.5609583854675293 -1 625.7142333984375 3.993536949157715
0.9993182037727734 0.013534714636954551 0.03267301036715476 -0.010602523360120427 4.084979230614984 -1.22644757576278 -0.4624805366749029
3.340925455093384 -1 1161.5679931640625 3.340925455093384 -1 329.53155517578125 4.372617244720459
0.9993371828662027 0.013622157621009675 0.030768545125589457 -0.013889866581245471 4.074105749090739 -1.2796467063492527 -0.4545502952195954
3.267979383468628 -1 274.814453125 5.9607038497924805 -1 574.5455322265625 5.215754985809326
0.9993842991901265 0.013951665671618353 0.02768329362611662 -0.016431944840991593 4.050363209459897 -1.321646620077099 -0.42308167583366507
3.201317310333252 -1 928.3745727539062 5.041992664337158 -1 826.3583984375 11.284931182861328
0.9993221839456923 0.01597774326404471 0.026666428869950135 -0.01971765618739353 4.032320431007275 -1.3778035133074338 -0.4233857488169481
2.6794028282165527 -1 389.520751953125 5.24457311630249 -1 911.7014770507812 4.953667163848877
0.9989000113748425 0.0177185838434189 0.030931397487034207 -0.030464203771350413 4.024714155491949 -1.4952669889739458 -0.4721151645076514
71.92404174804688 -1 1307.2696533203125 119.1672134399414 1480 1086.8804931640625 132.5748291015625
0.9984964410635513 0.01775520139592858 0.03714912615559322 -0.03618773870647318 4.052224027433176 -1.555882322837435 -0.5243646749811628
32.99563980102539 -1 1181.6944580078125 42.793094635009766 -1 1131.44091796875 47.37805938720703
0.9983648003556448 0.018215543244061157 0.038731738627939515 -0.03789157977723534 4.074762851864454 -1.5902820620384197 -0.5417946543184072
0.5 -1 0.5 0.5 -1 0.5 0.5
0.9984207242110581 0.017962591766031297 0.03916854878046189 -0.03604479919968526 4.103479881631616 -1.5998483587339767 -0.5412754845323968
0.5 -1 0.5 0.5 -1 0.5 0.5
0.9983443931951562 0.017813822673024268 0.04041393454014391 -0.03684907315733166 4.121396581784664 -1.6182779307385102 -0.5465664126595056
4.318976402282715 -1 949.4442749023438 4.307516574859619 -1 872.311279296875 5.407135486602783
0.9982698826636435 0.015845311526836443 0.04049484532838099 -0.03957694999824475 4.118768176966881 -1.6362279335221963 -0.5334627425744181
2.9640371799468994 -1 1091.851806640625 3.834888219833374 -1 1104.064453125 4.540178298950195
0.9983163050321053 0.012599652793343092 0.04001932397511056 -0.040053184206836 4.115384344688908 -1.6241947974891675 -0.5123119653274737
2.759580373764038 -1 1126.2193603515625 3.246403694152832 -1 578.1299438476562 3.5094830989837646
0.9985771578006567 0.011190230244446365 0.039516788559169166 -0.03401267539915868 4.132516889071172 -1.5591653312505298 -0.4995036212578956
2.7491507530212402 -1 935.9778442382812 2.7491507530212402 -1 244.92298889160156 3.801551342010498
0.9988491115904929 0.010336422707723428 0.03690012077382756 -0.02884426680238721 4.1345937231053265 -1.4991519047427313 -0.43266671794270245
29.474506378173828 -1 573.3489379882812 57.40598678588867 -1 658.27197265625 64.44173431396484
0.9990554131673407 0.011172064369970872 0.03191792477126955 -0.027289420606581606 4.092009296387461 -1.4709871413250628 -0.2979634132876877
181.9169464111328 -1 733.3104248046875 192.99710083007812 -1 656.6542358398438 195.13929748535156
0.998905567989172 0.00964122948886085 0.03017888868462184 -0.03440853981112839 4.0282839576841525 -1.5329119656437953 -0.13912856865183523
14.423991203308105 -1 599.6077270507812 16.420503616333008 -1 433.39190673828125 20.1232967376709
