0.9838135222155768 0.17670726155309827 -0.016737914182039685 0.024603647067466393 5.85167104337316 -1.2188069492733824 -0.7322869373814921
14.506734848022461 -1 697.4623413085938 103.73902893066406 -1 697.4527587890625 106.9059066772461
0.9830791925055562 0.1802337405900055 -0.02214142734052087 0.02410097945898916 5.842045344846548 -1.2937116299422924 -0.7676015233739593
76.5757827758789 -1 597.1533813476562 79.75909423828125 -1 517.8409423828125 115.77556610107422
0.982976886273213 0.17897035772930095 -0.02977454176823107 0.028974622850986537 5.811779828428981 -1.255164694200588 -0.7037141569858387
6.5143208503723145 433793 511.64654541015625 7.027951240539551 -1 840.5734252929688 7.452579498291016
0.9817106794654284 0.18347598169284782 -0.035894213790484526 0.03594873268608512 5.778560564109881 -1.2072223582729191 -0.62967037453259
66.37014770507812 -1 491.3151550292969 88.02127838134766 -1 534.0084838867188 111.20134735107422
0.9796476663609048 0.19122636946599503 -0.04671467211693811 0.039251303462370615 5.70341850519974 -1.251477968470497 -0.4926365049529238
68.12068939208984 -1 491.72418212890625 74.9770736694336 -1 489.7900695800781 77.36144256591797
0.9793069684468707 0.190922689315451 -0.05191883921983933 0.04255375882363591 5.663024299381089 -1.2254809427366522 -0.40316456202296436
3.4179351329803467 426868 469.9284362792969 5.2732977867126465 -1 1175.846923828125 8.795422554016113
0.9802524046524191 0.18664780650807733 -0.05070331951631398 0.041194573537056134 5.663000888467296 -1.2122864675178706 -0.4000844335767996
16.21785545349121 -1 838.1034545898438 16.86301040649414 -1 927.8499145507812 20.95672035217285
0.9809596621795132 0.18374577258416444 -0.049688256630744505 0.03855787062457222 5.665487958729816 -1.2141318239604733 -0.40162826178950695
3.206968307495117 -1 1015.2159423828125 3.206968307495117 -1 405.5696105957031 4.016795635223389
0.980993609801356 0.18296289410814817 -0.051101082092641324 0.03955750646130838 5.661068945248927 -1.1936595112371677 -0.3754234107843055
4.540595054626465 -1 538.6151733398438 5.417727947235107 648613 760.630859375 5.080075263977051
0.9806596460021206 0.1840776764510798 -0.05215308519419584 0.04125679871359408 5.656043486172007 -1.1830356174645162 -0.36807580142037993
4.0181450843811035 -1 577.056640625 3.6471316814422607 -1 577.056640625 3.6471316814422607
0.9802969392479561 0.18598874531274565 -0.05267172343929985 0.04064218335687214 5.653988357351057 -1.205404140687597 -0.37820778797493
3.0061893463134766 -1 370.12359619140625 4.805358409881592 -1 370.12359619140625 4.805358409881592
0.9802117796216487 0.18651932918806952 -0.052501092176565504 0.040485086766126346 5.656988779467988 -1.2111918308394913 -0.38557238397240007
1.1511797904968262 -1 723.8511352539062 2.435920000076294 429749 563.195068359375 4.914877414703369
0.9803079706225076 0.18603581803522345 -0.0527488055520576 0.04005646832631822 5.652573956175967 -1.2137152468383716 -0.38606432335014423
3.6177074909210205 381913 405.33563232421875 4.7841691970825195 -1 566.6790771484375 4.6944146156311035
0.9804206954747685 0.18538072790734111 -0.053314660902015296 0.03958273030273258 5.641818618789846 -1.218747011678514 -0.38058561111114286
2.657524585723877 606031 630.4811401367188 4.338214874267578 488276 844.4893798828125 4.7549896240234375
0.9805325219376585 0.18501262372270175 -0.052701982493953706 0.03935484121457229 5.63803197740036 -1.219295650530861 -0.37487900212658465
2.362959384918213 -1 474.5159606933594 4.088990211486816 -1 574.8384399414062 4.410069942474365
0.9809999540581039 0.18295439968924546 -0.05162570753904945 0.038750020560490116 5.622339384925729 -1.2131981057771282 -0.3563647782993244
1.900909662246704 -1 984.0298461914062 5.015753746032715 -1 1036.5526123046875 4.11013650894165
0.9816288731491243 0.17979810113220016 -0.05081059869266703 0.038674038963216424 5.577258916438032 -1.1966500325334142 -0.3302705529720528
17.682743072509766 403357 856.6115112304688 19.65346336364746 429704 485.8363037109375 20.623409271240234
0.9820163825829258 0.17732108990853906 -0.0515028265151257 0.03935116609892828 5.4983301039178585 -1.1895420288652796 -0.29014933011006927
45.283329010009766 -1 413.5426330566406 117.68714904785156 510551 1419.8006591796875 232.6224822998047
0.9821051221522639 0.17639009640671163 -0.05279123222320907 0.039612482026164235 5.403014283593732 -1.2029711832199808 -0.24958027498355814
178.8544158935547 433659 702.340576171875 225.2662353515625 488259 566.3500366210938 227.487060546875
0.9823885102422072 0.17517826670744424 -0.05291362934560925 0.03775629281256309 5.297949857628943 -1.24493783816459 -0.22990898974340052
3.9836411476135254 401906 1146.98876953125 3.9836411476135254 -1 429.375732421875 6.766107082366943
0.9827035502553111 0.1738187402346996 -0.052475008890941095 0.03643008784953479 5.223615325239559 -1.2743808369773053 -0.21954910204064992
0.5 -1 0.5 0.5 -1 0.5 0.5
0.9827569670441401 0.1736564990694738 -0.051586153839855604 0.037027459933777734 5.1583357871803335 -1.2832392264460135 -0.21754743445273897
3.5119991302490234 -1 786.3816528320312 3.5119991302490234 400138 1099.8065185546875 3.962574005126953
0.9828100375537024 0.17348155712228322 -0.05107726040602697 0.03714421747099961 5.089437985787839 -1.2825375925294558 -0.21219437345699071
5.458337306976318 400138 722.6777954101562 6.098103046417236 -1 805.3289794921875 9.00549030303955
0.9831643428889615 0.17160943972840853 -0.05023836008692505 0.03760561452223337 5.025582951762679 -1.2572146596498357 -0.2020444256528755
6.036037445068359 -1 1027.04931640625 6.239795684814453 592055 707.5276489257812 8.611552238464355
0.983496786897792 0.16972848639507815 -0.049434252628281765 0.03850410023410798 4.958428906575409 -1.2201491379013607 -0.195683731444502
2.9075942039489746 -1 948.6700439453125 4.46633243560791 -1 1018.3504638671875 5.083495616912842
0.9834908596774408 0.1697196014111965 -0.04888391371437673 0.039387165520237084 4.8957301974725445 -1.196802137655623 -0.1977788449373993
4.783942222595215 -1 166.06480407714844 5.819971084594727 394061 166.06480407714844 5.819971084594727
0.9833613154050695 0.17020969542980172 -0.04912236199662681 0.040201697705168744 4.827631856192074 -1.1755205947688268 -0.19871772704309246
4.491878986358643 -1 1105.8568115234375 7.096386432647705 -1 1093.2916259765625 7.861489295959473
0.983322335254503 0.17056219011473459 -0.049204941823576785 0.03955499959593548 4.767943051085015 -1.167861654287766 -0.19804350373610222
4.477364540100098 346264 828.7460327148438 5.48914098739624 -1 1074.860595703125 5.4913225173950195
0.9835419324192786 0.17026173242402043 -0.04753006550348818 0.03737783458357015 4.7217656235311685 -1.1630386607280274 -0.2140695832417407
3.9096171855926514 -1 743.4947509765625 2.9110028743743896 -1 1118.6861572265625 3.6942265033721924
0.9839427737546454 0.16876092286304406 -0.04659910083601842 0.034711564235900286 4.6684169281041585 -1.1607538155584223 -0.21469880723103218
4.983364105224609 -1 564.807373046875 5.079919815063477 -1 564.807373046875 5.079919815063477
0.9840862231514551 0.16804130388748 -0.046903683339331655 0.03371157190793519 4.6096075415164375 -1.1546120521563907 -0.2053590018992393
0.5 -1 0.5 0.5 -1 0.5 0.5
0.9843533312059803 0.16647745460126784 -0.04871982010442874 0.030986377364328334 4.515768717057708 -1.1742078188726812 -0.1907840088399263
4.956258296966553 388074 936.7941284179688 4.053735256195068 392125 1024.2275390625 4.26661491394043
0.9846529581157685 0.1657285850611422 -0.04571179108542273 0.030050296558624824 4.471111121118432 -1.1853678380748 -0.21595755030496314
0.9427826404571533 -1 0.945979654788971 0.9427826404571533 -1 0.945979654788971 0.9427826404571533
0.9846159311203305 0.16617846338404366 -0.04470667290238619 0.030290260635421777 4.409123153930632 -1.1902659505741968 -0.21566575074682995
8.298421859741211 693804 636.1726684570312 11.913651466369629 -1 636.1726684570312 11.913651466369629
0.984466402434197 0.16591017410779596 -0.04607610799873106 0.03430319048542907 4.333977072928539 -1.1586984170255972 -0.18785942776754555
7.073523044586182 -1 593.2485961914062 16.840118408203125 576038 562.3507080078125 17.4001407623291
0.9843935293888528 0.16567382394712865 -0.046539446626597876 0.03681906114750431 4.267369472582507 -1.147032672504966 -0.17607159538273995
4.010961532592773 392028 1062.1656494140625 3.316427707672119 -1 307.18646240234375 4.408782005310059
0.9842529290477035 0.1668445441172437 -0.044761779280138005 0.037489370160111314 4.22123909505114 -1.1504004797627743 -0.18508247268337585
3.5484437942504883 386252 945.2678833007812 3.5426456928253174 648742 525.6488037109375 4.547223091125488
0.9843897794157708 0.16640358551025955 -0.04320628205069132 0.037680579911356225 4.1771028651314435 -1.1462043531927495 -0.18928717471181675
3.120520830154419 392028 853.5520629882812 3.525362491607666 392305 915.8739013671875 3.4203624725341797
0.9846354663271345 0.16484904236676415 -0.04295422749021496 0.038376112651310426 4.125861225315556 -1.133801953304661 -0.180378558420455
3.9526290893554688 -1 690.7211303710938 3.9526290893554688 -1 294.6424560546875 4.801797866821289
0.9846997574715729 0.16456671528514105 -0.04219260845956845 0.03878102173824823 4.082690645756114 -1.124843920272176 -0.18062649094762356
3.8830184936523438 -1 922.7868041992188 3.2712700366973877 -1 496.75579833984375 4.582525730133057
0.9848209041435703 0.1640096626900149 -0.04119506276780571 0.03913545847061428 4.033367808096456 -1.1146492104710606 -0.17837081976105473
4.970362186431885 601374 776.148193359375 4.49525785446167 441406 373.9285583496094 5.671752452850342
0.9849353035865456 0.16345066899470145 -0.04062176454010593 0.03919437204130394 3.982654506260412 -1.1108618390867049 -0.18039673164902845
2.174856662750244 387936 780.7451782226562 3.5620663166046143 -1 780.7451782226562 3.5620663166046143
0.9849414629925727 0.16351120380739786 -0.040491861989641546 0.03892055780841607 3.924121137637229 -1.119541019147459 -0.1812035607296015
4.083436965942383 -1 417.8370361328125 4.099765777587891 -1 902.2018432617188 4.2356414794921875
0.9847508608928216 0.16410744403809352 -0.04150563591284781 0.040146867494249894 3.8582716268533837 -1.124593955182702 -0.1773356956479044
6.862910747528076 -1 504.9932861328125 9.21299934387207 389475 936.0046997070312 8.807798385620117
0.9845055277994131 0.1649907632590275 -0.0426400898169446 0.041336866257682306 3.7958025843137246 -1.1323903929374481 -0.17624109768106497
4.4304304122924805 -1 1592.9549560546875 4.605837821960449 -1 803.9238891601562 4.804630756378174
0.9843494288342556 0.16569770396033986 -0.04269557626711532 0.042161126920012046 3.742071616738026 -1.1390101635568157 -0.17765234237698954
4.308676242828369 -1 359.97552490234375 4.308676242828369 443604 406.1272277832031 5.003157615661621
0.9843149014806769 0.16565515769901973 -0.04300008112826867 0.04281981403229759 3.6804396455856994 -1.1480803683780108 -0.1827153685457349
4.098052024841309 -1 346.04071044921875 4.305364608764648 -1 278.9645690917969 5.766837120056152
0.9844812841033157 0.16442593557010665 -0.04543359249447464 0.04118861050372821 3.599771168152462 -1.1753700829485516 -0.18223806296139175
15.305329322814941 -1 679.6331176757812 31.401090621948242 -1 306.6968688964844 50.72698211669922
0.9845946502641816 0.16340868605778977 -0.04512915729404785 0.04282913907551541 3.543916978682938 -1.1852412324055914 -0.1866638182770237
2.9547743797302246 387511 329.817626953125 3.9883062839508057 395937 1151.326416015625 4.062851905822754
0.9844207526649368 0.16407769894540014 -0.04387546470945082 0.04548883410147773 3.4924172272859817 -1.197393116912255 -0.19211419526707485
3.9720826148986816 -1 654.1643676757812 4.114389419555664 -1 779.153564453125 5.398303985595703
0.9845551856721562 0.16329492883073227 -0.04288277560068669 0.04633486960177479 3.4218989140477634 -1.2154364220019707 -0.19798040763853963
4.509634971618652 -1 472.18804931640625 5.633050441741943 382157 562.744140625 5.183094024658203
0.9850538588529122 0.16140291617389846 -0.04255921633425584 0.042505375125536614 3.3499065319532404 -1.2498539520667435 -0.1993561930953718
3.4728615283966064 -1 749.8838500976562 11.315950393676758 -1 615.0536499023438 13.535611152648926
0.9852544816115957 0.16032151738722022 -0.04208717554676519 0.042418005391825504 3.2928388411820633 -1.2463231387794513 -0.20013307145428608
2.459584951400757 395938 252.42178344726562 4.557445049285889 833972 734.7603149414062 4.983418941497803
0.9854308195924011 0.15907360654519956 -0.04267648445305468 0.04243118161069754 3.2365029322964376 -1.2405661584664016 -0.1746608040090053
16.30900764465332 361513 665.5137939453125 22.249656677246094 386146 584.8663330078125 26.99186897277832
0.9851107365159083 0.15993881165008678 -0.04659839427342273 0.04248532664557566 3.172775466176357 -1.2402482771015806 -0.1475475057242092
0.5678489208221436 -1 0.5687923431396484 0.5678489208221436 -1 0.5687923431396484 0.5678489208221436
0.9842816276301667 0.16246586943655325 -0.05102807116414096 0.04680443067918157 3.122387753541747 -1.2180072326439428 -0.131040392533489
3.549487829208374 -1 982.387939453125 3.3460590839385986 -1 982.387939453125 3.3460590839385986
0.9840807494102095 0.16478026146107638 -0.049205630353267873 0.04484807704459013 3.111161412019057 -1.2071241705075484 -0.16675376526502408
4.143069267272949 -1 912.5859375 4.059771537780762 -1 576.3597412109375 4.342936992645264
0.9848441448828904 0.16218862718555388 -0.04805218958620055 0.038312485922029724 3.0881208336500854 -1.1971809512877107 -0.1708437007925995
36.045467376708984 -1 1321.65234375 56.440948486328125 608909 816.636474609375 244.40501403808594
0.9856485549550494 0.15806783080917558 -0.04886735085144283 0.03351818907797151 3.0528102513385336 -1.1797033660857466 -0.14430452828532475
3.5239980220794678 387938 497.10247802734375 4.065496444702148 387937 497.10247802734375 4.065496444702148
0.9855418076603775 0.1585143246180218 -0.05007169243415542 0.03276247642024872 3.012527630227599 -1.1853074759119628 -0.13575260917392917
2.948758363723755 -1 494.43585205078125 4.190777778625488 387939 625.8943481445312 5.499261856079102
0.9847307671609357 0.16248864454904183 -0.051067799441232055 0.03598383608622883 2.9485516489754953 -1.2029149375693493 -0.13563392381963912
241.9965362548828 -1 768.8010864257812 241.9965362548828 -1 639.8197021484375 267.90008544921875
0.9840457155034257 0.16432548679435033 -0.0534958639119537 0.042300788804283784 2.8519333175296153 -1.1870692180060622 -0.10491420308118483
81.3700180053711 448013 1214.468017578125 82.3998794555664 -1 1257.6663818359375 116.01726531982422
0.9836125064949182 0.16566515294720707 -0.0554223759927597 0.04460778413102846 2.749151290081796 -1.173604222301493 -0.08061419548725406
193.40420532226562 -1 789.0780639648438 260.7032775878906 -1 573.924072265625 261.4561462402344
0.9835173047152339 0.16599311990672952 -0.05398227748455042 0.04717954203776248 2.6652887644126415 -1.15686891062317 -0.08070448693946596
110.88288116455078 336095 275.8270568847656 139.413330078125 -1 779.4940795898438 259.9781188964844
0.9833825602156584 0.16740716106891088 -0.052128758385377574 0.047076270410300984 2.575246526624481 -1.1755678375780816 -0.096612653218971
16.498456954956055 -1 71.03489685058594 16.498456954956055 -1 1135.349609375 89.69358825683594
0.9829750951359886 0.17034313110091434 -0.050854081538080916 0.046443970761005274 2.479103753468148 -1.20985227805543 -0.1153474553391312
70.67562866210938 -1 66.85392761230469 115.4758071899414 -1 875.4444580078125 136.8074493408203
0.9829471158634477 0.17171772408736238 -0.05009013281744875 0.04264937566151317 2.383108291779819 -1.2474302807041027 -0.13269721445116864
2.446472406387329 -1 1011.3218383789062 102.23841857910156 743203 898.4968872070312 119.56842041015625
0.9831839522416959 0.17168762061911447 -0.048735567084258254 0.03869782269742893 2.295820653836315 -1.2721087904582506 -0.14323382519922456
4.106075286865234 -1 1034.48388671875 7.091135501861572 770775 1113.6861572265625 7.998410701751709
0.9835132814389128 0.17071196459385446 -0.04777788165815523 0.03572568266706499 2.217195901559835 -1.2754656865064484 -0.14232913564022956
6.3472113609313965 315408 1011.6162109375 6.3472113609313965 -1 1075.2235107421875 9.695330619812012
0.9837547094488478 0.1702840132687625 -0.04691137818002776 0.032083470191790336 2.139388131714629 -1.2802783112448868 -0.1486078389996082
3.4774293899536133 -1 991.6681518554688 3.247366428375244 -1 1069.78515625 4.001399993896484
0.983856202086236 0.1704451551951413 -0.04547118009656081 0.03012962773712832 2.0681098292144893 -1.2825558601899172 -0.15551417200759707
3.051931381225586 -1 968.6354370117188 3.5449910163879395 -1 1131.98095703125 4.9258713722229
0.9837969998475065 0.17088369130670336 -0.04562323804911177 0.029338494957218436 1.9871158070585537 -1.2789400710853391 -0.1612426943302918
4.1944684982299805 338820 1018.5746459960938 8.906723022460938 357920 1177.2747802734375 10.151748657226562
0.9837744512435145 0.17117330256857263 -0.04499931405507105 0.029369904713210247 1.9332908192293505 -1.271602816209108 -0.16406627667095347
4.704221725463867 312936 715.7505493164062 4.795736789703369 -1 328.3634338378906 6.435076713562012
0.9837431537710465 0.17131031645013828 -0.04383893610737798 0.03131023103271622 1.9024123804379538 -1.2582791701415565 -0.16476270000955018
1.0433239936828613 -1 1259.7008056640625 1.8392484188079834 -1 341.98162841796875 3.1142756938934326
0.9837042959735596 0.17149662481987465 -0.04275660811880341 0.032964196042521966 1.886550081707881 -1.2517582873592128 -0.1693247236619176
2.008756637573242 -1 1099.7884521484375 3.2690463066101074 -1 275.6737060546875 4.998749256134033
0.9837133763192832 0.17163078922202876 -0.04127830823987265 0.033866896970257944 1.8689284252714895 -1.2505273726878132 -0.1749391004872017
3.8443522453308105 -1 139.5118865966797 3.9310407638549805 -1 319.2610778808594 4.747774124145508
0.9834319013528874 0.17311387943812226 -0.04082281757327177 0.03502538668890808 1.8367848455086588 -1.2607857794634019 -0.18436850909438518
2.5419023036956787 304796 920.8887329101562 2.9229769706726074 -1 846.1292114257812 3.7937824726104736
0.9832298018222408 0.17458146480638598 -0.039833719063808865 0.03455059739279747 1.800379746241535 -1.2724275429384975 -0.19497191622193452
4.5888752937316895 309992 1012.4877319335938 4.849239349365234 310112 191.91465759277344 5.602537155151367
0.9833544043637824 0.17450089801357305 -0.03834355409953451 0.03306544827797508 1.7561726522613106 -1.2760790291458728 -0.19974994470064886
3.688356637954712 -1 972.2237548828125 4.357343673706055 -1 992.2843627929688 4.408566474914551
0.9835688167362334 0.17386363190572446 -0.03786606501200526 0.030495595831905267 1.7006614647448866 -1.2823356573396008 -0.2028350428810473
3.130009889602661 -1 924.6314086914062 3.8512110710144043 309338 857.3456420898438 7.334585189819336
0.9836911550339746 0.17334068520892362 -0.03803206774387312 0.029296419275249133 1.6322170712944222 -1.2865890828832944 -0.20709433711161732
2.9557533264160156 -1 1206.890869140625 6.142242908477783 451142 933.439453125 8.6749906539917
0.9835972284985814 0.17374184609966536 -0.03879559722750517 0.029071715455934958 1.5612292753915429 -1.2989223360707631 -0.21506750247777148
3.1291096210479736 335204 947.713134765625 4.180568695068359 -1 778.0280151367188 7.552964687347412
0.9835477896279985 0.17383258548746788 -0.03876162234023771 0.030224400311228822 1.4981586648616012 -1.3050258208626997 -0.21724530297975025
3.624955415725708 -1 759.080322265625 3.624955415725708 -1 113.20624542236328 3.882685899734497
0.9835946007236199 0.17313418264340963 -0.03899111062018952 0.03234052442903928 1.4269454938571675 -1.3027070414870083 -0.2025872938570611
3.0967767238616943 -1 879.92724609375 3.5148258209228516 335204 843.1992797851562 4.485660076141357
0.9834162382626987 0.173728828361687 -0.039317855088122744 0.03413067225514076 1.3640650449560698 -1.2969121050859647 -0.18507539796023878
3.85921311378479 -1 785.4579467773438 11.993976593017578 304252 882.7122802734375 13.866151809692383
0.9835089884241172 0.17266130498827748 -0.03953846327153293 0.03653564520903464 1.3062951270147456 -1.2737712984764966 -0.16714294154306875
3.490171194076538 -1 1139.990966796875 3.4140703678131104 302605 1139.990966796875 3.4140703678131104
0.9839007464382842 0.1708347038453508 -0.03853488391273559 0.03563548571424948 1.2554792995884199 -1.2602381805057896 -0.16321258555524853
1.9804506301879883 -1 871.646728515625 4.499524116516113 301653 1127.930908203125 4.236410617828369
0.9841647700550153 0.16970886502730148 -0.03575874581760462 0.03660489873303754 1.2226095549689093 -1.2616568830122117 -0.17301755985230313
0.7951577305793762 -1 1025.2711181640625 3.0880632400512695 -1 867.4154052734375 4.320708274841309
0.9841250781588408 0.16985068461441952 -0.03400912881866906 0.038625828558928516 1.1811433613282594 -1.2780119741000724 -0.18205655714881738
3.4239916801452637 302605 1111.197509765625 3.4239916801452637 -1 1044.0169677734375 4.31682014465332
0.9838882143312924 0.17032897689693718 -0.033648028130904735 0.042659483495765795 1.1206487460876615 -1.2945679939947226 -0.18873808775598114
0.5421795845031738 -1 0.542195737361908 0.5421795845031738 -1 0.542195737361908 0.5421795845031738
0.9837929287692145 0.17073857350622165 -0.03252222736872807 0.04406946275743107 1.0555871998038096 -1.30235258404806 -0.19889493953223977
1.5451717376708984 -1 801.0385131835938 1.5451717376708984 -1 282.9812316894531 4.224713325500488
0.9837145128333193 0.17104429780091474 -0.03051326806546156 0.04602766453843297 1.0110829963936985 -1.304863514457097 -0.20295947691434593
0.5 -1 0.5 0.5 -1 0.5 0.5
0.9834086307230476 0.1720849775009943 -0.02967153705443678 0.04913069739714631 0.9593001125643383 -1.3138918250717748 -0.20471384045845034
3.023984432220459 -1 1466.6845703125 4.552855014801025 -1 968.03369140625 15.862695693969727
0.983113177966675 0.17166388794012735 -0.030616902908057447 0.055521114378792855 0.8972982096466922 -1.3051764818182663 -0.1874854313472256
3.134545087814331 -1 747.3414916992188 2.882676362991333 -1 526.5473022460938 3.8134920597076416
0.9831616550849299 0.1707142970802701 -0.029929078867733126 0.05791406548654263 0.8545085839575639 -1.3019345118245216 -0.17206333539312688
4.556448936462402 -1 605.8206787109375 4.556448936462402 -1 732.5344848632812 4.751395225524902
0.9832760771123106 0.17020032940438629 -0.029338595719921468 0.0577862513963916 0.79546711301735 -1.3166739304932331 -0.15473523019116714
3.8829071521759033 -1 718.8384399414062 6.244626998901367 313765 981.167724609375 6.3958964347839355
0.983152496186693 0.17055888704256741 -0.031057037060184745 0.0579335459101017 0.7287940541768094 -1.3263591270149284 -0.1310410177385448
12.024911880493164 786663 1371.4847412109375 36.979270935058594 -1 603.5005493164062 112.9627685546875
0.9836337654655097 0.16774649859702165 -0.035150530751912316 0.055589278034894433 0.646444488207122 -1.3043596122832726 -0.10994254724868523
28.53533172607422 -1 1335.9208984375 50.91847229003906 -1 572.5982666015625 105.55323791503906
0.9843417921351104 0.16315891110484468 -0.039202054883539186 0.05397781837225834 0.5704438324344794 -1.2699709132011365 -0.09306801983820198
18.23931312561035 -1 1339.4127197265625 19.621091842651367 740931 1355.012451171875 31.464078903198242
0.984825539043988 0.16052915262531875 -0.040749918503741864 0.051850679321049975 0.5268859227332667 -1.2416652474285257 -0.07150498765002339
3.9134182929992676 -1 463.4470520019531 11.78048038482666 150854 894.8298950195312 16.011856079101562
0.9853267244318988 0.1577009498921786 -0.04225152916953917 0.049764091534408424 0.47554391527573125 -1.196970296527667 -0.04415303713208003
56.88706588745117 -1 874.6398315429688 64.86492919921875 -1 822.4573364257812 94.59481811523438
0.9856619821540583 0.1552918243741646 -0.04332715887355376 0.04977613406666119 0.42828039922794386 -1.1655133242134517 -0.03118904212884858
3.2495198249816895 -1 447.0557556152344 3.7791037559509277 -1 447.0557556152344 3.7791037559509277
0.9856177225999788 0.15486924284416054 -0.04457559539937137 0.0508550765656621 0.3683494106919755 -1.1637268433477987 -0.03830920201763711
94.17122650146484 27238 532.5413208007812 130.46896362304688 189282 550.2965087890625 142.46803283691406
0.9850839087913501 0.15695338128580918 -0.04693594707645203 0.05265306843236147 0.26976829759103865 -1.194744954375105 -0.050743621333532316
193.56369018554688 -1 1102.9342041015625 193.56369018554688 -1 488.9306335449219 201.13133239746094
0.9843446765665633 0.15956560366269576 -0.04893168713336081 0.05665744291009201 0.15736664300546208 -1.2210848628845277 -0.051781506476283254
25.14631462097168 -1 469.3440856933594 25.14631462097168 -1 484.21978759765625 32.154605865478516
0.9838038746475192 0.16177830464497567 -0.04789712669375609 0.06052752786301615 0.08541692855317347 -1.2388869173950117 -0.0617695125095262
4.226152420043945 -1 733.59033203125 8.731799125671387 -1 507.5290832519531 10.426241874694824
0.9832690991198605 0.16528338080251553 -0.04478581639085216 0.06210888339612505 0.02704490619636111 -1.2747898355795262 -0.08351564367173493
4.108521461486816 -1 1216.653076171875 4.673862934112549 -1 1216.653076171875 4.673862934112549
0.9830201798441991 0.16774490356459779 -0.042772407438631005 0.060856343211583966 -0.03830540797146013 -1.3042422652955594 -0.10712899913009519
5.256674766540527 -1 302.19781494140625 6.545864105224609 292487 720.7791137695312 8.737122535705566
0.983124820177786 0.16814045477272055 -0.042377302178621026 0.05829699545671903 -0.1182914827466361 -1.31926803319205 -0.12980058905925002
10.94812297821045 -1 394.72576904296875 49.39363098144531 189493 285.4269104003906 59.129608154296875
0.9829541645831795 0.16967879576698633 -0.04273146528661107 0.05642905696631917 -0.19716802167292555 -1.3466035761500899 -0.15635922893665344
4.258281707763672 -1 99.76033782958984 4.4696364402771 -1 302.3655700683594 4.597482204437256
0.9830675552856593 0.1701590665959566 -0.041429783582266816 0.05392260038422273 -0.2566914713891821 -1.3569007459563112 -0.16477120463222672
5.680736064910889 -1 222.75210571289062 6.254150390625 25643 835.8751831054688 7.192399501800537
0.9831080437735972 0.1701559277405148 -0.040525952104621385 0.05388118157974657 -0.3099379322858645 -1.3555211199049038 -0.16366452642438473
3.0949819087982178 -1 209.8795166015625 8.056680679321289 25643 1566.3863525390625 8.41962718963623
0.9831277557699304 0.17025819207058612 -0.03940739601291375 0.05402796504697354 -0.37594140865803366 -1.3553161341067115 -0.16090114542880415
0.5 -1 0.5 0.5 -1 0.5 0.5
0.983123416235118 0.17044078456968725 -0.03797885480423445 0.054551755180004324 -0.4286955830801007 -1.350554541002649 -0.15544186447530073
0.5 -1 0.5 0.5 -1 0.5 0.5
0.9831075690596925 0.17032845129503837 -0.037344628873609204 0.055615690513271615 -0.48789590763484253 -1.3489094436624922 -0.14703126615260118
4.541392803192139 -1 9.38577938079834 11.601937294006348 -1 728.1438598632812 17.1071720123291
0.9830150439636486 0.17078199868980784 -0.03764243145963181 0.0556594971093659 -0.5650183613737404 -1.3566700344266382 -0.1460023980531887
42.650062561035156 -1 200.59751892089844 72.90779113769531 367112 240.669189453125 157.83583068847656
0.9828645289822663 0.17163274465130443 -0.03845677918929278 0.055141588355016556 -0.6445529396410092 -1.367943705425682 -0.15316660916817684
2.919198751449585 -1 227.33103942871094 22.417146682739258 153385 234.042724609375 26.286006927490234
0.9827880986804894 0.17213563429598988 -0.03938834122073103 0.05427186263051112 -0.7176194930453279 -1.37481489932988 -0.16050076261434695
21.071468353271484 189493 207.82113647460938 25.552494049072266 187114 1512.8338623046875 48.01742172241211
0.9827602948170602 0.17221931981327815 -0.03977887088790993 0.05422499649626347 -0.7854098251666282 -1.375478326745675 -0.16289313516048803
15.495197296142578 20749 476.33447265625 23.774019241333008 189499 187.58139038085938 24.38251304626465
0.9827378541521012 0.1727620761227381 -0.039540196352325155 0.05306739057749669 -0.8468284323518398 -1.3803918633266892 -0.16546764308834877
6.194933891296387 184649 73.29602813720703 8.01580810546875 163027 982.0428466796875 10.450787544250488
0.98249055806914 0.1747820715918792 -0.038688863091924805 0.05164012613942222 -0.9078360401430673 -1.3952371799863283 -0.1663798054202102
3.044806718826294 -1 941.920166015625 8.766153335571289 217611 946.9112548828125 11.672236442565918
0.9823758328052031 0.17548145214772465 -0.03843696536476474 0.05163896557791787 -0.9718642207999783 -1.4006107870841304 -0.1595058876449805
10.219576835632324 189493 434.874267578125 18.172855377197266 -1 1432.7122802734375 33.45709228515625
0.982633094924447 0.17401680826510763 -0.03806468260925577 0.051975293537259555 -1.0302903897434559 -1.3893235096275054 -0.1484404421012527
3.621739625930786 -1 1439.9498291015625 4.0640788078308105 -1 914.3013916015625 5.254400730133057
0.9828143108055986 0.17335698220385531 -0.03716125785923101 0.0514045534092867 -1.0876458748592701 -1.3823108369864328 -0.1404003692124906
4.751444339752197 -1 548.314208984375 10.861448287963867 298827 835.8460693359375 12.39576244354248
0.9829014776918839 0.17345025185705973 -0.036170200703118216 0.05011398869507288 -1.1458024834094669 -1.3784965464282513 -0.1354626919654864
3.5383715629577637 -1 386.3279724121094 3.5383715629577637 -1 1412.6951904296875 3.830585241317749
0.9830272476547537 0.17282717517625035 -0.03498687165883218 0.0506371079391951 -1.2007954370409635 -1.3794917116513652 -0.12203726430871455
3.388078212738037 178209 948.7306518554688 3.8402950763702393 -1 837.5674438476562 4.4121317863464355
0.9829561986049925 0.17271421879564597 -0.03524788310715809 0.05219671432472008 -1.2707588399226655 -1.379980718526935 -0.11662902918159103
119.64681243896484 -1 1016.8125610351562 158.19459533691406 -1 913.802490234375 238.28680419921875
0.9829175707572717 0.17296144275356015 -0.034835280471100225 0.05238216921558734 -1.3381350475404323 -1.3833010258472818 -0.11283244926033886
4.541628837585449 -1 739.5567016601562 4.541628837585449 -1 789.7344360351562 7.672308921813965
0.982892298205019 0.173251997960019 -0.034186508523422705 0.052323589011987734 -1.4072747454966024 -1.3901908813272221 -0.11107302430358978
30.7446346282959 189493 876.3905639648438 83.2715835571289 229062 948.9422607421875 102.28123474121094
0.9829119305225114 0.17265203033829396 -0.03438907460656769 0.05378480086677379 -1.4731413101407598 -1.3942572664655506 -0.11255182506156666
40.05345153808594 201929 959.5526733398438 83.18881225585938 -1 624.2671508789062 97.06661987304688
0.9830300565869329 0.1720161155340112 -0.0338703702442946 0.053992238912603914 -1.5425714864481888 -1.3972570172413095 -0.11567979202752805
3.6719486713409424 224958 786.1219482421875 3.6719486713409424 224958 797.9367065429688 5.006840705871582
0.9830706929095913 0.1724013594993517 -0.0329437089276316 0.05257847494101486 -1.6213961074357213 -1.4040272403467315 -0.12197185779309543
239.23272705078125 -1 841.0408325195312 244.12930297851562 203336 841.0408325195312 244.12930297851562
0.9828868306281797 0.173842389546072 -0.032664469322077117 0.05143281266381126 -1.7064563632800998 -1.4196540191735618 -0.13327187443372904
84.39903259277344 -1 734.8154907226562 206.25994873046875 -1 807.8162841796875 212.50381469726562
0.9828054251190228 0.17432474342598367 -0.032647431295087376 0.05136657878343165 -1.7916303799214666 -1.4271238111215108 -0.1367007325844997
131.9684295654297 201544 1120.7313232421875 221.4251708984375 225932 1120.7313232421875 221.4251708984375
0.9830812430690565 0.17318572590372047 -0.032479405867836375 0.05003061126422749 -1.8932506289715685 -1.4156733870252065 -0.13444709530383658
5.715778827667236 -1 1183.09375 10.555290222167969 595385 1086.5552978515625 11.29871940612793
0.9831340487132295 0.17354547268644793 -0.03180140414795087 0.04814646264253829 -1.97804048279326 -1.4127323914468082 -0.14300574664451557
199.13601684570312 227140 578.1680297851562 199.13601684570312 -1 681.2135009765625 255.76019287109375
0.9828687489736286 0.17509044387602016 -0.03225175649592863 0.04766742029142915 -2.0542589968782203 -1.4228547791132926 -0.15812084479428568
115.83719635009766 -1 666.9647216796875 206.99560546875 201475 1250.4241943359375 216.44439697265625
0.9825815019037124 0.17654297303130922 -0.032646238353357976 0.04796242186636277 -2.131627728506139 -1.4284920930757405 -0.16882787724506312
3.805851697921753 -1 444.3330078125 4.642138957977295 -1 612.15869140625 5.972354412078857
0.9826166253120602 0.1765817070573398 -0.03247823946607069 0.04720839283685581 -2.195176913122919 -1.4235820339391225 -0.16879436764595734
2.7729573249816895 -1 472.8004455566406 4.628508567810059 -1 635.0433349609375 4.391831874847412
0.9826705829508775 0.1770199778818044 -0.032168645839001954 0.044582856106279184 -2.241494690585975 -1.419423315616916 -0.16929445239883917
2.7758989334106445 219761 941.7515258789062 3.561371088027954 -1 926.0889282226562 4.798487186431885
0.9828304705711846 0.17679898691173568 -0.03228438468691463 0.041762457413269956 -2.2810724193643828 -1.4164236268973363 -0.16454146344210496
0.5 -1 0.5 0.5 -1 0.5 0.5
0.9833251518326886 0.1737785207610809 -0.034286592451891994 0.0411958866071411 -2.3331062828754154 -1.40188306218813 -0.15482228665714545
3.7067654132843018 -1 873.4861450195312 4.3665618896484375 -1 1181.1673583984375 4.628901481628418
0.9839894760964966 0.16983870260658976 -0.03606881067777196 0.04023141713317674 -2.372698811984238 -1.3752089656418214 -0.13685427615363413
4.065603256225586 215002 968.4286499023438 5.755057334899902 230981 1171.69873046875 9.955855369567871
0.9844886937811095 0.16699701688456003 -0.03977495205835753 0.0362210071309232 -2.428044952069691 -1.3387613625870904 -0.13764547890722384
9.689277648925781 -1 977.0642700195312 10.451420783996582 225080 1148.56298828125 18.526447296142578
0.9846254032060784 0.1660508695809183 -0.044019265771983423 0.03165798972745778 -2.482475137740244 -1.3157854551731263 -0.15166486048901504
3.1894054412841797 -1 1213.1983642578125 3.1894054412841797 -1 500.48187255859375 4.068626403808594
0.9846213243609688 0.16593778277757892 -0.04757836535058851 0.026866317408213273 -2.5179851793235764 -1.2999718291083264 -0.15297194251433072
4.064906120300293 -1 1209.656982421875 6.595150947570801 -1 934.6990356445312 9.75992488861084
0.984695674283606 0.1645234114751559 -0.0511347956872086 0.026300357293360586 -2.547643637016477 -1.2791390719923024 -0.15376155451822082
3.2307538986206055 -1 880.1954956054688 4.3856987953186035 -1 925.3278198242188 4.5137715339660645
0.9849912458096395 0.16163817485598594 -0.055583166554091845 0.023997035304807728 -2.5899008374182864 -1.2422180058415595 -0.16366877425477552
42.03282165527344 -1 862.1660766601562 54.253517150878906 201929 892.6873779296875 59.143619537353516
0.9852224248312439 0.1594681724625198 -0.05901666638595909 0.02058418494370275 -2.649327549288553 -1.2188848371179564 -0.17414864430553637
3.288928270339966 -1 374.28167724609375 7.598888397216797 -1 915.5430297851562 7.341104984283447
0.9851098206942697 0.16003672596023216 -0.05783499393426136 0.024535708513457155 -2.713968981405824 -1.2424491715816752 -0.18303160847072583
97.457275390625 183855 424.5227966308594 180.1885986328125 -1 909.7255859375 189.55987548828125
0.9852377674240128 0.15881573661996146 -0.0577456632915757 0.027377761307710143 -2.815945914775927 -1.2491678390095626 -0.17821916373795652
187.67507934570312 -1 902.6520385742188 190.43223571777344 -1 473.3116149902344 224.56947326660156
0.9859204109482083 0.155383379863592 -0.054669318717161415 0.02877870964592324 -2.9208702382924563 -1.2262915082124468 -0.15410534720112268
62.47892379760742 -1 695.625 126.10303497314453 253306 1076.478515625 141.94717407226562
0.9865084692084052 0.15293897774803686 -0.04975722950973199 0.030576582166593178 -3.0046929293978044 -1.2032724084674356 -0.12179787749037335
25.745145797729492 -1 754.8662719726562 26.224592208862305 -1 733.0121459960938 89.64601135253906
0.9863948821272075 0.15306580403049883 -0.04881730386192791 0.03482624001240742 -3.091937794750213 -1.2177132117539893 -0.11662677614148309
250.1926727294922 227086 874.5997924804688 296.1558532714844 515441 822.1337890625 303.8658447265625
0.9860887700350929 0.15457993892965408 -0.04816918081921455 0.03759933656845543 -3.1640982427742856 -1.2447511680193935 -0.11991373686524825
3.089890956878662 -1 728.460693359375 3.3562660217285156 242014 444.4259033203125 4.4969305992126465
0.9859716829221522 0.1564165816746655 -0.04485155733798238 0.03717568099214007 -3.218286840790393 -1.2558081993319306 -0.1037484473768855
3.7020280361175537 -1 361.4388427734375 4.73069953918457 -1 600.8804931640625 5.134407043457031
0.9859798645082068 0.15699329891325658 -0.04338588561641064 0.03625570037926225 -3.2782078336475533 -1.255672389563832 -0.09309089499935555
0.5 -1 0.5 0.5 -1 0.5 0.5
0.9858003861291126 0.15835697986328165 -0.0431074053291608 0.03553051142413103 -3.3540545958235537 -1.2662253469787876 -0.09709547880911211
85.4003677368164 -1 525.61279296875 141.41790771484375 -1 1183.0521240234375 182.32847595214844
0.9856072984970011 0.1596950457595732 -0.04306656276127196 0.034943049111672876 -3.431968883173776 -1.2759769740000224 -0.1048900648912765
15.527965545654297 243730 691.3411865234375 15.527965545654297 -1 629.9325561523438 87.96239471435547
0.9856304749695672 0.159779341233897 -0.043158946733253045 0.03377031600390257 -3.513242853559479 -1.2679822516479282 -0.10792497245192419
14.554015159606934 243730 113.01176452636719 15.203904151916504 248079 613.1753540039062 15.825434684753418
0.9856029952689362 0.15987000737018892 -0.042767679186299645 0.0346300747526605 -3.583121650590577 -1.2696416978909535 -0.10484913413147981
16.40045738220215 251311 799.1365356445312 51.54892349243164 -1 800.7095947265625 55.42434310913086
0.9855217091582983 0.15996268279140383 -0.04323430186261109 0.03591233819087625 -3.645809280185797 -1.2736136047994249 -0.11321305525926062
62.949378967285156 -1 793.5183715820312 68.51329803466797 267629 593.0662231445312 72.4297103881836
0.9853683783200602 0.16073221744773455 -0.04297609402496931 0.03697794780116918 -3.705402327565915 -1.2785600331688634 -0.12186048167406086
4.7687578201293945 -1 609.8672485351562 5.451820373535156 243904 794.4402465820312 5.065572261810303
0.9852921259344336 0.16136699193091117 -0.041802891675377075 0.037585086594956074 -3.7425950823021576 -1.2854706073717101 -0.11753315501371847
3.3024260997772217 243904 38.7015495300293 4.888092041015625 -1 197.56112670898438 4.527361869812012
0.9851416748742667 0.16201960750142735 -0.042096650117483196 0.03838488322105779 -3.7937705882345374 -1.2890488894752696 -0.12492620986278402
4.00205135345459 -1 864.2740478515625 4.639685153961182 -1 997.3087768554688 4.245866298675537
0.9852439918865249 0.16119462227141193 -0.04173594437625541 0.03960657962137509 -3.861427524517339 -1.287888517444599 -0.12200969072474938
7.610674858093262 -1 816.2119140625 7.610674858093262 -1 554.6333618164062 13.24038314819336
0.9851713197337217 0.16178175849099283 -0.0415575242523556 0.03920593796472559 -3.9253317803504797 -1.2882761326466794 -0.12527067485924692
107.41000366210938 -1 103.45995330810547 126.8187255859375 -1 337.9122009277344 220.8858184814453
0.984705548618042 0.16449286527230222 -0.042210766361692034 0.038927252645258745 -3.9979300697714386 -1.311787179976164 -0.14668700920341232
78.33023834228516 -1 376.7559509277344 110.14544677734375 -1 376.7559509277344 110.14544677734375
0.9843748573130253 0.16634992187241684 -0.04278961966951155 0.0387671540294172 -4.071218801541044 -1.333238004851832 -0.16694784465248777
114.9686050415039 -1 763.0445556640625 233.1436309814453 260266 479.0596008300781 256.4248046875
0.9844225186984882 0.16580210404035906 -0.0434423591144589 0.039175609882744857 -4.154554573121867 -1.331642610227941 -0.170599269336806
268.74395751953125 -1 628.488525390625 274.85479736328125 253184 650.781494140625 277.122802734375
0.9848124630506737 0.16324344608467406 -0.043836799009223625 0.03967776434088214 -4.228965400135574 -1.3053805732332224 -0.16316414168103044
107.3563003540039 -1 685.8840942382812 269.557373046875 -1 437.8414001464844 270.88726806640625
0.9851035287965839 0.16168072801563477 -0.04354611684925127 0.039167785847601666 -4.294394675334909 -1.2818809770311541 -0.1543768421623608
4.112311840057373 242392 407.0605163574219 6.030221939086914 243730 407.0605163574219 6.030221939086914
0.9848979529508862 0.16271678832486647 -0.043856823807645745 0.039696952980042416 -4.3549673024105235 -1.2961293562274194 -0.1615724391934017
99.99869537353516 859911 385.3279724121094 228.52224731445312 486440 385.3279724121094 228.52224731445312
0.9844070176467473 0.16502777547236538 -0.04475621155413687 0.041298165307921776 -4.413806805283173 -1.3313023650151627 -0.18518132147027902
201.84080505371094 -1 642.288818359375 239.5648193359375 -1 645.630615234375 240.79859924316406
0.9841153251806888 0.16639968833811547 -0.045265213795869216 0.0421809303536511 -4.4770486778234035 -1.3509759798613872 -0.2028250532821628
3.0286176204681396 -1 552.2527465820312 16.73227882385254 -1 330.2420959472656 17.65346336364746
0.9842973036891262 0.16554266765648917 -0.04583817812652771 0.040660848017842866 -4.542689748111967 -1.333013325428364 -0.2082037534553493
216.19920349121094 -1 1065.8311767578125 266.5142517089844 -1 548.49462890625 270.99188232421875
0.9843079270423803 0.1651827016018785 -0.0475083548990355 0.03994416187409651 -4.627199191883318 -1.3251647351751363 -0.2275045408574192
232.84844970703125 260266 312.2337341308594 263.8265686035156 -1 1420.875 343.4612121582031
0.9842985029253525 0.1650371960014065 -0.04902597014281962 0.038931161380810826 -4.700159874113228 -1.313521245850474 -0.24136035862989114
121.38027954101562 -1 1349.751220703125 237.40428161621094 -1 284.2806396484375 238.01966857910156
0.9843843603170935 0.16481265947387955 -0.04902348616562106 0.037695042703554685 -4.761104443189638 -1.2976120303516427 -0.23885945425403046
4.582882881164551 264996 591.47900390625 5.135603427886963 264997 862.1446533203125 7.8525190353393555
0.9844630786452646 0.1646276425146961 -0.04868748122197068 0.03687431730352849 -4.809693416937912 -1.2898658988318608 -0.23855415880180209
4.858836650848389 -1 575.39306640625 4.858836650848389 264997 1504.2637939453125 4.602735996246338
0.9843567991679666 0.1653894189547733 -0.04841952974311763 0.036654892839201425 -4.854463722193132 -1.2914279649225557 -0.24595037106544904
4.738887310028076 267786 1491.9007568359375 5.416404724121094 -1 459.63714599609375 6.75650691986084
0.9841781560111563 0.1666586541321524 -0.047732559397571914 0.03660400260486697 -4.887781336190813 -1.3004236166796117 -0.24860717987563816
3.8751444816589355 475194 298.2845458984375 4.556475639343262 -1 591.8531494140625 4.4408674240112305
0.9840091500491523 0.1678621862043127 -0.04745511732150321 0.036004040082412536 -4.92269110514812 -1.3037245181210375 -0.2542248595900242
3.7831523418426514 -1 541.7280883789062 3.4297022819519043 -1 1178.42041015625 3.5492746829986572
0.9839258262534161 0.1683326587381062 -0.04800679351807766 0.03534730838134122 -4.969982454870197 -1.3036636666950927 -0.2680866783764896
8.092584609985352 270443 1164.3167724609375 36.96834182739258 -1 1164.3167724609375 36.96834182739258
0.9838158580926378 0.1688649900316909 -0.049304778971030735 0.03405893829321967 -5.024277601547355 -1.295338690870563 -0.28699850092545465
8.978167533874512 -1 302.6669616699219 8.978167533874512 -1 297.0706481933594 10.44922924041748
0.9836285931316819 0.16938578025646062 -0.051282782598730155 0.03396063058350917 -5.077346112006687 -1.2974766719248183 -0.313026769528493
4.02951717376709 -1 1016.3750610351562 7.916036128997803 273862 1137.5113525390625 10.754525184631348
0.9833422339129992 0.17024085369101238 -0.052983261379319184 0.035339450351674045 -5.133468235779333 -1.3155005132773219 -0.34683516347660776
6.237729072570801 -1 1103.0220947265625 16.16525650024414 -1 438.02423095703125 19.996227264404297
0.9829908559085704 0.17188975367022175 -0.05403350072636329 0.035542517954993344 -5.178512910117905 -1.327213675028787 -0.3729057026968351
3.973722457885742 -1 1004.517333984375 4.262857913970947 -1 1090.2115478515625 4.85151481628418
0.9827165157461031 0.1734542480927515 -0.054257548539723366 0.03518510941970779 -5.21521151232333 -1.3330065213592457 -0.3838993675744086
3.8512113094329834 282539 1005.3557739257812 4.296911716461182 -1 342.7266845703125 4.858240604400635
0.9826636391651531 0.17327146407696564 -0.055254362190851794 0.03600177020932198 -5.261317896819919 -1.334589411123034 -0.40191296286053846
6.344844341278076 277124 996.8690795898438 12.132543563842773 276500 907.8196411132812 15.795966148376465
0.9826424826623664 0.17301233551011205 -0.05638354372338514 0.03607463133104129 -5.312784588734519 -1.3291130336312373 -0.4186740962922864
3.0531084537506104 278303 1373.6219482421875 3.0531084537506104 278860 976.2553100585938 11.993703842163086
0.9825535362766694 0.1732819747413502 -0.05696484248035054 0.03628928631343896 -5.357228126432713 -1.332501558586358 -0.43052250534156045
3.8860573768615723 282539 167.65380859375 5.248166084289551 -1 1031.03955078125 5.467109203338623
0.98262197019098 0.17280239736221595 -0.05797590110228124 0.035102564795840376 -5.419052622563675 -1.3171203894234311 -0.44127438792914125
5.2193732261657715 277124 340.5618591308594 8.137420654296875 -1 340.5618591308594 8.137420654296875
0.9827440537547819 0.17215988667287094 -0.058682311145776815 0.03363754730941033 -5.471328272191376 -1.2958870559903601 -0.44418827313907333
2.776050090789795 278303 1004.976318359375 5.3770751953125 282539 1004.976318359375 5.3770751953125
0.9828183729221462 0.17155599506127137 -0.059254444100763595 0.03354843155069332 -5.515154140400285 -1.2924686284998081 -0.44819739176877443
3.0944571495056152 -1 1294.041259765625 3.0944571495056152 -1 1297.904052734375 4.670243740081787
0.9829150971733385 0.17082849932349045 -0.060175794399497703 0.03277818384231126 -5.565745629271497 -1.277351914324943 -0.45772144471852566
4.6173295974731445 279451 953.1547241210938 7.338565826416016 -1 1278.0003662109375 7.604751110076904
0.9828721760761039 0.1708868958435671 -0.06081356676773631 0.032583192313834615 -5.611393048265951 -1.2776349870555612 -0.468234691447713
3.9796459674835205 -1 163.21766662597656 4.560195446014404 -1 163.21766662597656 4.560195446014404
0.9826977090820456 0.17100367380456127 -0.06216265596710242 0.03462311819230534 -5.655556643223047 -1.2954674753891753 -0.48839140625596905
7.984747886657715 -1 938.4395751953125 21.718891143798828 -1 916.3619384765625 28.88438606262207
0.9825693780827678 0.1710624190690101 -0.06397583909077742 0.03467215091297834 -5.708005464912464 -1.2892374203226533 -0.5036659668077698
178.043212890625 -1 565.6346435546875 238.3630828857422 -1 565.6346435546875 238.3630828857422
0.9824485278262224 0.17107980848210824 -0.06639092986751001 0.03344897207898754 -5.769327709113783 -1.2779888717202947 -0.5306886268167778
3.9103102684020996 -1 1193.3173828125 4.951618671417236 279451 902.00341796875 8.510372161865234
0.982304312176864 0.17195187410047919 -0.06638374398375975 0.03322634206123296 -5.8013446813256975 -1.2956852265591272 -0.5388936577645753
2.7945199012756348 -1 776.3818969726562 2.7945199012756348 -1 73.20423889160156 8.986522674560547
0.982073767067229 0.17319095544103952 -0.06754934124067569 0.031194478513879173 -5.847517401503005 -1.2824471597251326 -0.5606571053349395
0.5 -1 0.5 0.5 -1 0.5 0.5
0.9823519589112774 0.1719140823747499 -0.06698329019235656 0.030715076744663238 -5.883287751343333 -1.2676802912688703 -0.5501437335222319
0.8690633773803711 -1 754.7903442382812 4.2546162605285645 -1 995.3740234375 5.304895401000977
0.9826223179417413 0.17066741574603256 -0.06643528676733644 0.030205399476124394 -5.92524324737929 -1.2547167195031426 -0.5437500646526272
9.467714309692383 -1 982.2739868164062 9.467714309692383 -1 849.9939575195312 9.827544212341309
0.982513265041919 0.17096714028879942 -0.06737588778674106 0.0299735000139478 -5.974811483170832 -1.2565562250660012 -0.5600442412775214
21.485679626464844 270389 1123.560791015625 39.46772766113281 531781 1125.795654296875 42.1174430847168
0.9823123246602241 0.17172145661545474 -0.06824489595831351 0.030279899836888422 -6.026800399850394 -1.2702119832723402 -0.5812906830329339
160.21580505371094 -1 862.0419921875 189.8768768310547 -1 462.4407653808594 202.98069763183594
0.9821860017317521 0.17234177096615066 -0.06859333130035093 0.030065376823946416 -6.074129809950509 -1.283026129378654 -0.5972443143994464
4.598297119140625 -1 1390.4552001953125 9.172471046447754 290061 1028.8663330078125 12.566343307495117
0.9821392394952645 0.17269332180464625 -0.06902317256715401 0.028554027675710657 -6.1268232241006775 -1.2829249105106149 -0.6130549537364548
216.0270233154297 290018 670.3426513671875 229.5387725830078 -1 803.9175415039062 270.5752258300781
0.9821483063238328 0.17229330031931778 -0.07082100003000534 0.026155477534429948 -6.193370389653816 -1.2603326983859071 -0.6330295753857703
279.87481689453125 472502 1131.506591796875 287.1963806152344 467260 1199.8795166015625 287.9172668457031
0.9821318994824512 0.171639360627642 -0.07225464517884989 0.027131681709861456 -6.251367447850432 -1.2687145739745038 -0.6486683253690574
270.0953369140625 531632 1353.416259765625 272.56024169921875 531159 1169.0562744140625 279.6802062988281
0.982106643852309 0.17072812935516035 -0.07440096154599185 0.027981116294269973 -6.313452059788071 -1.2672950296638006 -0.6650250133054728
6.533124923706055 -1 988.345458984375 13.70018482208252 531781 1289.871826171875 164.54176330566406
0.9821032437085027 0.16970145773195314 -0.07659493698620443 0.02842269461129925 -6.36999566430456 -1.257701333540744 -0.6828692958356488
27.46677017211914 267673 961.5047607421875 27.46677017211914 -1 695.7627563476562 189.90234375
0.9820885857325922 0.16887387029893397 -0.07850306730942902 0.028651250008103975 -6.427092400376841 -1.2460911396873977 -0.6999984550576449
145.441162109375 -1 1238.48583984375 180.12869262695312 531630 1025.3756103515625 206.73207092285156
0.9819587656503457 0.1693517268071405 -0.07914288705238276 0.028519793458280727 -6.4777112112064374 -1.2366412512017013 -0.7042160866452345
2.531951904296875 -1 672.0416870117188 2.531951904296875 -1 660.8319702148438 4.8120036125183105
0.981793824475232 0.17023409154660987 -0.07943927118874536 0.028118365717069473 -6.521076644040093 -1.2346409737718795 -0.7059157445494085
215.1005401611328 -1 1025.20654296875 234.71868896484375 290018 1040.44775390625 249.95278930664062
0.9815421467072248 0.1715282708888099 -0.08046330320757293 0.026052319670117265 -6.567253015902208 -1.219715479574926 -0.7203924313098646
3.310586929321289 -1 1147.7283935546875 13.838017463684082 287157 844.0946655273438 24.059486389160156
0.981286651277383 0.1728417678815882 -0.0813178095954185 0.024282609888356916 -6.608659487629573 -1.215647642976414 -0.7338371515705763
4.906019687652588 -1 874.8645629882812 5.844781398773193 -1 848.2359008789062 7.507816314697266
0.9811352135733228 0.17359553377348294 -0.08191520097294551 0.02298223639883862 -6.625973973725715 -1.2102255340015549 -0.7437169414867839
0.5 -1 0.5 0.5 -1 0.5 0.5
0.9811361783917564 0.17455015461088463 -0.08068889098882033 0.019832948523357163 -6.613316073691845 -1.1833680444052497 -0.7238519980930499
3.8202080726623535 -1 1197.52197265625 3.910280227661133 -1 1278.600341796875 3.8491291999816895
0.9810065694278768 0.17606295859628215 -0.07944300097945639 0.017797610655661756 -6.592134290003078 -1.1691220716495128 -0.7114125687132099
4.0012125968933105 -1 1282.0965576171875 3.763775110244751 -1 1282.0965576171875 3.763775110244751
0.9809992534841672 0.17650704248600754 -0.07887323632408581 0.0162708699249445 -6.568423687420595 -1.1500381709371998 -0.7086491362718781
3.8933141231536865 -1 1261.0704345703125 3.7977113723754883 -1 1295.62890625 4.112815856933594
0.9812269667369292 0.17543751731215554 -0.07839515585076448 0.01641696703799317 -6.552226385918837 -1.140669924373641 -0.7010746022040455
4.631846904754639 -1 1297.6434326171875 4.631846904754639 530210 897.0143432617188 5.179572582244873
0.9812460246555897 0.17532254556423624 -0.0780108472018227 0.018236003765415235 -6.534944894334055 -1.157017969214216 -0.6984447871541868
2.711247205734253 -1 932.737548828125 3.6991732120513916 -1 755.0902099609375 4.208958148956299
0.9811121692694534 0.17613365354727908 -0.07751933809102367 0.0196621367456319 -6.5112497571947285 -1.1803838900698695 -0.7001402828300843
3.6218931674957275 -1 955.2192993164062 6.016135215759277 -1 849.6942138671875 7.107926845550537
0.9810145181853774 0.17737833287776408 -0.07589832659563071 0.019669421826786757 -6.484934486873395 -1.2022247397534862 -0.6893304181713774
3.182612180709839 -1 911.5232543945312 7.978701114654541 276462 1269.2332763671875 13.828279495239258
0.9809156579859791 0.17836749147802508 -0.07509045641567544 0.018733212673111635 -6.460926404485126 -1.2101447714835067 -0.687317998807674
2.627889633178711 -1 620.9453125 6.608587741851807 -1 679.9544677734375 7.239643096923828
0.9808691041392527 0.17847913419488534 -0.07519495988131035 0.019665126761665406 -6.438814757307309 -1.2305967192960527 -0.6968352847319776
3.3979413509368896 -1 673.2271728515625 4.489655494689941 -1 698.3671264648438 11.590542793273926
0.9809663231048815 0.17828421834347474 -0.07444107968474002 0.019450863197180538 -6.414346885225145 -1.2316656030914155 -0.6854738595855554
3.5716564655303955 -1 1236.3875732421875 5.593692302703857 -1 1318.201416015625 5.966263294219971
0.9810591007183159 0.1774828313518322 -0.0751573647663605 0.019345697053420603 -6.387422608125597 -1.227305036488371 -0.6989205475374312
3.1392598152160645 -1 458.92950439453125 5.7597126960754395 -1 458.92950439453125 5.7597126960754395
0.9811810833347276 0.17666845432612416 -0.07498763678704319 0.02118474170725503 -6.349746366541063 -1.2488805827064458 -0.6941835803593284
19.40775489807129 -1 682.8788452148438 63.10295104980469 269225 418.60333251953125 113.63142395019531
0.981448234340701 0.17563312961306768 -0.07379425541485872 0.021604975343807783 -6.298931371214677 -1.2475458751733743 -0.6708042887448945
249.70399475097656 488284 1160.0289306640625 256.99310302734375 523879 1183.0185546875 281.92279052734375
0.9817427117973844 0.17474812518260507 -0.07194827527968123 0.021628367071087954 -6.229417707432115 -1.2407522519083403 -0.6366255946780931
189.50442504882812 290018 1180.585693359375 214.8742218017578 -1 1142.8701171875 243.07472229003906
0.9818983868509465 0.1739180586267656 -0.0713157286074493 0.02328376335978599 -6.150002024180972 -1.2574972602141916 -0.6228430363121608
195.69305419921875 290018 817.4654541015625 210.40420532226562 -1 683.5066528320312 220.2019805908203
0.9816883380683672 0.17455119275788034 -0.0721051955455685 0.024914429206868732 -6.080440897856786 -1.2857099836547667 -0.6374749149794394
2.4287214279174805 -1 1207.5870361328125 186.07569885253906 -1 719.9854736328125 215.22348022460938
0.9816647206181827 0.17466887855914026 -0.07173676757058245 0.02605753892911099 -6.009737940314814 -1.3045655498789808 -0.6309191519734605
175.4027557373047 -1 1196.8924560546875 200.57754516601562 -1 679.935546875 246.16136169433594
0.9819489364976425 0.17384559955348403 -0.07009616131585943 0.025308532075555876 -5.93608174363214 -1.2914700671966604 -0.599833129985377
186.11578369140625 -1 1284.01416015625 204.03530883789062 -1 903.187744140625 205.94119262695312
0.9822052373628081 0.17283064140145993 -0.06864869782315962 0.026263993927323946 -5.854680966263264 -1.2998796057898598 -0.5781647502646475
126.19526672363281 -1 468.9988708496094 261.4244079589844 -1 468.9988708496094 261.4244079589844
0.9821413321560645 0.17208945878984241 -0.07025306767692048 0.029122642842168554 -5.792421151798823 -1.3235110965980228 -0.5943024189746914
2.3935465812683105 -1 920.3947143554688 3.51066517829895 -1 1114.4261474609375 6.354569435119629
0.9819600080118693 0.17153188706375003 -0.07358703018173776 0.030270503377226064 -5.7452920752835075 -1.3192253433928935 -0.615587980796302
3.539034843444824 -1 982.3477172851562 4.060677528381348 -1 303.5478820800781 5.435116767883301
0.9819234453975808 0.17116106761645236 -0.0748198160872634 0.03053246520686841 -5.678455734960834 -1.3061777089543347 -0.6135529346696192
178.888427734375 -1 1082.9185791015625 181.5136260986328 -1 1296.328125 218.8949432373047
0.9817714988694908 0.17136806920549708 -0.0766856130802211 0.029614618195144177 -5.608759491035394 -1.2930077872245263 -0.6283676073841304
2.956650733947754 -1 927.86572265625 3.4236202239990234 -1 914.0914306640625 4.5787577629089355
0.9815810806116123 0.17144777384301155 -0.07951891833995842 0.027946102691753495 -5.554843378089246 -1.2806715155341153 -0.6448986350698223
2.646606206893921 -1 809.123291015625 4.585958957672119 -1 809.123291015625 4.585958957672119
0.9812473269332312 0.1722761285251183 -0.08207133337015107 0.027182994051995656 -5.487491409506312 -1.2889898154410955 -0.6564319291129818
48.73786163330078 -1 1204.410400390625 61.38158416748047 771626 1586.9957275390625 119.94825744628906
0.9811272487036209 0.17258633000575904 -0.08304940460570194 0.02657210832894176 -5.3998667307355195 -1.2943553309147107 -0.653727756225423
42.1079216003418 267674 1389.7271728515625 232.93087768554688 467716 642.7945556640625 269.17486572265625
0.9812310210067212 0.17147152469706733 -0.08399756597103197 0.026974219972274463 -5.316992484605017 -1.2906375276537572 -0.6551363197990019
186.5200958251953 223805 195.44302368164062 186.5200958251953 -1 1394.0833740234375 225.08798217773438
0.9813001762236078 0.17033806784732206 -0.0853632798011906 0.027349903969505793 -5.2472840082133425 -1.2856365208162015 -0.6628753194363585
37.32962417602539 -1 1346.1754150390625 37.32962417602539 -1 1414.2327880859375 224.73086547851562
0.9813788380708 0.16998171546342794 -0.08551649948214884 0.02624349274080285 -5.179035947690912 -1.2726978143855658 -0.6560084678979062
193.20480346679688 -1 1176.0382080078125 193.03419494628906 -1 747.9130249023438 198.19760131835938
0.9812712905753248 0.17071632444850646 -0.08564535456080809 0.025049233552790377 -5.102668976204361 -1.2593012500999567 -0.6546086224670701
41.5 531781 1370.0 41.5 -1 1365.5 56.5
0.9811518147988461 0.1710024315480645 -0.0863722599218475 0.025280772092110857 -5.0347694220022685 -1.2587367904680091 -0.6605285422884579
41.962703704833984 531781 295.4847412109375 200.64093017578125 -1 799.4059448242188 207.40478515625
0.981260803112017 0.17095356509887416 -0.08570457600708772 0.02359746824110307 -4.948047974644328 -1.2420424135956596 -0.6453486866199027
199.92572021484375 468470 274.16790771484375 261.6162109375 246174 1078.17138671875 294.0322265625
0.9813511028976493 0.17109571754136552 -0.08481356711281016 0.02197560270330971 -4.851343628209259 -1.2285465063179444 -0.6324889027051164
199.61790466308594 288343 889.271240234375 199.61790466308594 468470 1285.04833984375 244.0677032470703
0.9813368602076448 0.17129904618056926 -0.08462023362346933 0.02177199202962755 -4.749311008757987 -1.225881761139163 -0.6252592871058891
191.46250915527344 -1 1152.63916015625 202.7958984375 -1 1559.669921875 228.4116668701172
0.9814186137100442 0.1707703502468717 -0.08471295760830279 0.02187937278053942 -4.659622805638877 -1.2227245084992473 -0.6202885736472546
165.66123962402344 -1 428.4188537597656 196.94578552246094 -1 458.3901062011719 236.97264099121094
0.9814067041855774 0.17011455995251382 -0.08571517174971952 0.023554761804807915 -4.580280833773472 -1.225438917091777 -0.6205265092717049
98.423828125 -1 788.5313110351562 99.30167388916016 245038 514.0497436523438 180.44252014160156
0.9813471422430197 0.1702516695610979 -0.08593724453541252 0.02422695657275481 -4.505793448957175 -1.2260507538334875 -0.6179758438104104
82.53856658935547 210839 541.2794799804688 182.85667419433594 262573 541.2794799804688 182.85667419433594
0.9811291292553299 0.17141575461884337 -0.0860761998554136 0.024354847845589594 -4.434739032800674 -1.2357132716038401 -0.6257447931535693
6.001687049865723 265426 1128.647216796875 12.061233520507812 247351 1128.647216796875 12.061233520507812
0.9807667963239152 0.17296615036097943 -0.0864421422720426 0.026588683631330715 -4.365357091747387 -1.2606378236376143 -0.6353321621924147
3.991964101791382 -1 582.8580932617188 26.867897033691406 -1 23.74649429321289 39.58078384399414
0.9808377183426835 0.17208798235918835 -0.08645617568954797 0.029469073433013665 -4.273250693296626 -1.2670746239655537 -0.6351223483497624
134.4844207763672 -1 619.6856689453125 168.77134704589844 260266 413.0458984375 181.04666137695312
0.9811497636374341 0.1705185042801443 -0.08532759059408643 0.031429019960500196 -4.180509051435316 -1.263585235048177 -0.6254146665998913
147.01426696777344 -1 470.8840637207031 147.01426696777344 -1 655.9557495117188 189.37619018554688
0.9813303305798472 0.16981200643200167 -0.08462741544576978 0.03150976532052957 -4.103168680999258 -1.252413857043605 -0.6191475425311859
125.80530548095703 -1 421.7065734863281 125.80530548095703 -1 687.9556884765625 184.0747528076172
0.9813903350137697 0.16925236864417528 -0.08430678712887402 0.03345163215605129 -4.022663137112209 -1.2591628929629641 -0.619072615255297
22.46765899658203 -1 715.2916870117188 187.9702606201172 275897 677.8759155273438 205.62277221679688
0.981525524077789 0.168419229960443 -0.08380242338959827 0.03492509695596522 -3.9535118049976408 -1.2660422857248201 -0.6127957363678004
49.125247955322266 -1 278.917236328125 88.17462921142578 -1 423.7460021972656 90.88980865478516
0.9815769834064094 0.16836875466337342 -0.08344960635477805 0.03456517465760654 -3.8847931291658853 -1.2656684288465854 -0.6064535247426168
41.62824249267578 -1 960.1393432617188 56.0525016784668 243106 916.691650390625 62.74665832519531
0.9815142985441248 0.16831449147638813 -0.08428139011173391 0.0345913427509466 -3.8229827797112357 -1.2765317029154903 -0.6136935973703307
3.959580659866333 -1 1564.653076171875 6.746729373931885 -1 640.3065795898438 12.43694019317627
0.981498616439202 0.16795391971000173 -0.08505040838606953 0.034905226189518815 -3.7671246435889576 -1.2858957498694519 -0.6151207107737658
86.42235565185547 824174 300.1532897949219 90.21259307861328 210839 294.09686279296875 95.76972961425781
0.9816330981237844 0.1670360801981064 -0.0855867179772711 0.034209973484813465 -3.684197169108817 -1.2900530749251067 -0.6064576358796152
19.56180763244629 246834 171.69064331054688 22.89223861694336 255083 625.9986572265625 28.866592407226562
0.9817403059346057 0.1647260086229983 -0.087314002016886 0.03778331428498517 -3.6130714435344315 -1.3095246990689788 -0.6085763015665708
4.394043445587158 -1 646.885009765625 4.259420871734619 -1 270.55194091796875 5.426087379455566
0.9819171466655044 0.16260944006790606 -0.08981466945756483 0.03647207473265908 -3.55934853384526 -1.3025785329982906 -0.6164053693826299
4.964797019958496 -1 370.1242370605469 7.443925857543945 218633 24.255895614624023 11.46187973022461
0.9821074510419228 0.16201076087964958 -0.08977347025087878 0.0340322201193078 -3.4986637448763713 -1.3077983714662793 -0.6163141942928586
145.8140869140625 215733 1492.4290771484375 147.6895751953125 -1 864.1610107421875 181.6089630126953
0.9822981684902983 0.1613611141763818 -0.08957776057435912 0.03207372480466318 -3.435087184203645 -1.3151630040782054 -0.6201896714995454
3.0528764724731445 -1 285.2967834472656 4.444282054901123 -1 1552.2252197265625 8.111612319946289
0.9825334989490315 0.15998039846408021 -0.09084133484741201 0.027965111002606555 -3.385975047142152 -1.3005376712095504 -0.6262834304103427
4.789140701293945 -1 112.67788696289062 5.155303478240967 -1 455.7622985839844 5.418704986572266
0.9826258861226198 0.1590882000578365 -0.09243794269564057 0.024342129617017788 -3.333187568686121 -1.2954608641649383 -0.6364623979430019
3.2305123805999756 -1 849.6632080078125 3.411450147628784 -1 50.633811950683594 4.610245704650879
0.982593746776323 0.15846538128236276 -0.09454578880714018 0.021432348213346976 -3.27696480416965 -1.2871022969265538 -0.6504776107235893
113.68462371826172 246173 921.5618896484375 164.3367919921875 226498 877.327392578125 176.64256286621094
0.9827438205454234 0.15732676009132845 -0.09528961264069662 0.019564341587088637 -3.2030285269690846 -1.2770546372172964 -0.6536942466152302
92.07086944580078 -1 1568.364013671875 145.080810546875 -1 612.280517578125 153.9857940673828
0.9832491338375835 0.1541094090564676 -0.09616699879930757 0.014944537123719539 -3.122930460642041 -1.248427934830406 -0.6408054240554045
104.23796081542969 -1 717.1102294921875 123.7430419921875 711991 345.52532958984375 142.64834594726562
0.9838305183872852 0.15077796943867486 -0.0958560180168273 0.012455473965832721 -3.0498938738900665 -1.2290619710987964 -0.6227629153077086
6.211812496185303 -1 216.368408203125 12.568140029907227 248040 203.11474609375 25.01719856262207
0.9838871377212224 0.15109679467888198 -0.09500128528456578 0.010517350369217101 -3.001386623347035 -1.224106224891702 -0.6115786365509729
4.030691623687744 184249 1226.0538330078125 4.900420665740967 -1 1226.0538330078125 4.900420665740967
0.9836148126601696 0.15321365797108288 -0.09427049280086418 0.011855358016605826 -2.97267778338168 -1.2446949969181151 -0.6231421572639398
4.7365193367004395 -1 590.7840576171875 4.840869426727295 -1 933.7688598632812 4.75266170501709
0.9833987285669685 0.1547319842150566 -0.09333366119266782 0.01654634104912036 -2.9305216442571655 -1.2920960327026114 -0.6447672674185576
1.8381115198135376 236194 228.09458923339844 3.0730528831481934 -1 228.09458923339844 3.0730528831481934
0.9833397975749019 0.1546706305306794 -0.09408549168387058 0.016363337410124964 -2.906806250779152 -1.2979448386236963 -0.6612905128754666
4.784049987792969 57379 1107.723876953125 4.4179840087890625 -1 425.225830078125 5.172724723815918
0.9837877571730119 0.152932003807892 -0.09272760137828077 0.013230381341020584 -2.8881736071463493 -1.2507340409279504 -0.648308712613409
16.499536514282227 -1 360.2041931152344 24.715723037719727 -1 932.272705078125 32.800472259521484
0.9844585664057194 0.15108275297440596 -0.08844714908661573 0.013872079963750412 -2.848293424815116 -1.2234194656004187 -0.6153710384922167
99.20010375976562 -1 643.2252197265625 103.57683563232422 -1 819.929443359375 132.50204467773438
0.9851088987728185 0.1499399460642632 -0.08298509307570681 0.01385440219089301 -2.7968794330928763 -1.2076602499587772 -0.5819177686833248
3.041661500930786 -1 14.828923225402832 3.041661500930786 -1 265.5658264160156 9.704183578491211
0.9852784411386915 0.15051570277512571 -0.07968153950993685 0.01490868561432123 -2.7496258557698354 -1.2099087455453053 -0.5641858782712361
4.409073352813721 -1 782.2489624023438 9.07797622680664 218547 292.73468017578125 31.457387924194336
0.9853964717984766 0.1517216451285093 -0.07427279451252726 0.021398312127663684 -2.6731101392056718 -1.2388325123167336 -0.5474995913385874
121.67615509033203 -1 693.2592163085938 150.165771484375 -1 714.4092407226562 262.68096923828125
0.9855862366003802 0.15192779793550382 -0.06943067990067829 0.026778631908622428 -2.59762072293152 -1.2642408051301697 -0.5377897325774932
109.39009857177734 -1 933.9202270507812 145.40191650390625 -1 718.5001220703125 151.58689880371094
0.9856881127679701 0.1518693762747773 -0.06640700375918464 0.030736732903082008 -2.519383682576456 -1.2835712222993385 -0.5432216208611909
149.09567260742188 246173 753.304931640625 149.09567260742188 -1 1256.83447265625 197.31375122070312
0.9857538412666422 0.15154711917370664 -0.0650083318002033 0.03311724467350425 -2.4466716257316237 -1.2893542266440499 -0.5613578875224782
144.5915985107422 228461 950.145263671875 236.70269775390625 -1 410.78619384765625 237.9121551513672
0.9856667405170165 0.1507767876412589 -0.06494714964953713 0.038849770907222914 -2.3456150891489416 -1.305295906775981 -0.5691837044295351
121.68550872802734 -1 1241.5474853515625 249.31695556640625 -1 10.03814697265625 256.005859375
0.9855027506842156 0.15156940193567542 -0.06591560038026721 0.03829070928065618 -2.236327629137751 -1.3021479535868103 -0.5644438643606772
151.0134735107422 228461 1290.870361328125 231.41648864746094 -1 519.1439819335938 245.90753173828125
0.9852077147708053 0.15363633709687016 -0.06751773936357812 0.03468413975834987 -2.1330967568206516 -1.299903817526845 -0.5659363340319702
98.84443664550781 192564 1116.0723876953125 114.65630340576172 -1 1116.0723876953125 114.65630340576172
0.9852270179232121 0.15287224137255337 -0.07004984269906583 0.03241636175919105 -2.070847541141374 -1.2804374285914473 -0.5714780499484582
3.770108699798584 -1 83.98380279541016 5.487913131713867 -1 507.4325256347656 5.99704122543335
0.9850916164749077 0.15173737457613554 -0.07325518771149199 0.03469803713395055 -2.0106349017865006 -1.2740601595348007 -0.5764916402479207
2.713679313659668 -1 332.91009521484375 4.818828105926514 -1 1256.42822265625 4.354253768920898
0.9848551629493566 0.15304078384721417 -0.07529281988770625 0.031141897257296325 -1.960440627966338 -1.265315044402872 -0.5851211927647804
31.23395538330078 -1 985.7726440429688 95.5619125366211 -1 1067.568603515625 121.12401580810547
0.9845232867608219 0.15600145483456626 -0.07473660609041835 0.028140426884699327 -1.896959965374478 -1.282372881560574 -0.5909247671814115
104.49459075927734 -1 979.1044921875 106.4369125366211 221476 1208.7838134765625 113.73793029785156
0.9842806587151434 0.15791399428365263 -0.07558032080465667 0.023288847024511502 -1.8552029715426108 -1.2742447738072153 -0.5992748847225164
3.688750982284546 193956 978.4752807617188 3.9913227558135986 167422 571.06884765625 4.381421089172363
0.9843363575135577 0.1577182449338892 -0.07575873945633396 0.02162183821747333 -1.8049268570156984 -1.2582827827257537 -0.5937404213832236
2.8602144718170166 221823 463.77166748046875 27.045103073120117 -1 13.504334449768066 36.25290298461914
0.9845441261327543 0.1572097728679528 -0.07467387380794249 0.019538771271841414 -1.738202384108299 -1.2393963505571635 -0.5881634703119185
120.34722900390625 210781 1039.08203125 128.55638122558594 654605 976.186279296875 146.76560974121094
0.9844686840617263 0.1575356392519846 -0.07500725757362994 0.019438204097210154 -1.6562395827151746 -1.232280470936375 -0.5965962351744512
4.866934299468994 -1 1114.2398681640625 4.866934299468994 -1 776.9736938476562 8.555688858032227
0.9844184404123542 0.15774530028043546 -0.07519216664017143 0.019567638884143042 -1.5763703971646075 -1.2287137512344268 -0.6020166043682861
97.7489013671875 -1 1118.55615234375 119.70317840576172 210781 692.9613647460938 143.2077178955078
0.9844071526051302 0.1581903306910687 -0.07473578817683849 0.018246619996504485 -1.5168962462845086 -1.2310616655160946 -0.6051331067682714
3.5760936737060547 -1 598.3870849609375 3.5760936737060547 -1 830.6546630859375 3.567028760910034
0.9842378854873116 0.15896733215212008 -0.07529805894572551 0.018313230160439935 -1.4681002552289755 -1.238406793967097 -0.6128785116202559
3.9379589557647705 -1 1148.966796875 3.892294406890869 -1 1166.394287109375 3.539062023162842
0.9840295955032012 0.1592084971850198 -0.07722544689114287 0.01935561805670214 -1.4163900240609943 -1.2470690951378463 -0.6205227174215778
3.1535844802856445 -1 1351.6676025390625 3.554208278656006 18923 504.181396484375 4.456881523132324
0.9840217006475894 0.15924601326203394 -0.07793104061040851 0.016393682446388398 -1.3713415626822314 -1.2425459290190581 -0.6212937061148458
3.979487180709839 192206 328.1571960449219 4.0949177742004395 -1 328.1571960449219 4.0949177742004395
0.9840085620995414 0.15864445160228027 -0.07954458828696812 0.015223211384647743 -1.330554322109403 -1.2401556088197525 -0.6210887445659313
0.869408905506134 -1 575.6890869140625 3.7247419357299805 201917 605.6074829101562 3.228729009628296
0.9837440426138756 0.1584031345801664 -0.0831797787051377 0.015402272282079904 -1.2936553768405061 -1.2398572567197725 -0.6224681641684019
3.3799188137054443 194146 866.3319702148438 3.8991494178771973 197325 585.2362060546875 4.859403133392334
0.9835622111171054 0.15821826630294633 -0.08576984770178268 0.014693205767759171 -1.255408340726259 -1.2434379931336599 -0.6177541900881336
3.8624167442321777 -1 876.5264892578125 5.043051242828369 197325 208.80918884277344 5.935550212860107
0.9836291315274642 0.1576910716527516 -0.08633206504197988 0.012410966002717959 -1.1902207967305203 -1.245483519788182 -0.6084621306582341
165.96588134765625 210800 1268.3326416015625 211.40487670898438 -1 558.7109985351562 215.03619384765625
0.9838019846697811 0.15673718009276288 -0.08646716807863349 0.009515260418403986 -1.1209811560526464 -1.243533101212261 -0.5972709861810531
129.0918731689453 -1 812.2677001953125 159.20050048828125 -1 1353.14501953125 172.85801696777344
0.983893569986713 0.15597819075533895 -0.08683490382085596 0.009162228217797155 -1.056557252557108 -1.2438602503192169 -0.5840669594554196
5.305999279022217 -1 1234.6224365234375 7.3109660148620605 -1 943.5902709960938 13.091490745544434
0.9839615629900402 0.155338093096698 -0.08726961292589552 0.008586853384277685 -0.9893074276460939 -1.2415745427186125 -0.5712612491295721
51.54924774169922 -1 386.4236755371094 77.90563201904297 -1 304.8603820800781 218.19107055664062
0.9839958787064582 0.15534614692551735 -0.08689809436648734 0.008270823391530374 -0.9110307773829754 -1.2423527748707324 -0.561865343781294
102.92106628417969 -1 990.7047119140625 226.82969665527344 196255 467.7279968261719 236.8273468017578
0.984050470576804 0.15525491299386132 -0.08642491092784789 0.008445005621832105 -0.8198944492612895 -1.2465379041290368 -0.5640710892419296
212.40565490722656 293620 665.5005493164062 234.57655334472656 198734 737.8206176757812 246.16140747070312
0.984016073760766 0.15444429090784195 -0.08846786920438916 0.005723958844681442 -0.7644754225896827 -1.2450674655175926 -0.5728325788740865
3.391343832015991 -1 461.5753479003906 4.550149440765381 187926 1075.43798828125 5.843196392059326
0.9839489973924258 0.1527739523065793 -0.09219617147367697 0.002087101498130704 -0.7417360127261073 -1.2501503880906246 -0.5669227300118188
4.3179473876953125 -1 433.37652587890625 5.934428691864014 -1 465.3448181152344 6.505788803100586
0.9838944884957673 0.15220755197099242 -0.09368457253116846 -0.0027744369342930604 -0.7219990525217768 -1.2637908815039756 -0.558404688040209
0.5 -1 0.5 0.5 -1 0.5 0.5
0.9837996857520733 0.15258428180894018 -0.09346704164800693 -0.01096026389014686 -0.7061374940686351 -1.2864465038561905 -0.5501358775690608
5.452660083770752 -1 812.0546875 11.086040496826172 188076 872.8826904296875 11.149794578552246
0.9835607934889411 0.15416034204031687 -0.09192047608806367 -0.01983382285795662 -0.6933598466217183 -1.3196464881386842 -0.555693083887897
2.814807653427124 -1 454.77447509765625 7.206820011138916 -1 936.8089599609375 9.672595977783203
0.9834641519930652 0.15423639412000734 -0.0916898541609746 -0.02454316844578274 -0.6793603453059536 -1.3456222311943402 -0.5662260940977589
0.5 -1 0.5 0.5 -1 0.5 0.5
0.9839993737137538 0.15234408216272713 -0.0903372561109537 -0.019382809891256153 -0.6308890899532326 -1.36274213863697 -0.5542794693564739
3.7280282974243164 -1 787.5291748046875 4.23652458190918 -1 787.5291748046875 4.23652458190918
0.9845586696227152 0.15153596098275426 -0.08658444595954903 -0.013572483842690188 -0.5460113830034302 -1.3750057048637934 -0.5319889591607999
230.79315185546875 -1 585.1537475585938 234.21141052246094 196942 827.1412353515625 249.56932067871094
0.9848272020389514 0.15208176694194378 -0.08295551159337775 -0.010242137678629198 -0.46249212322628247 -1.387975777016603 -0.5205307678408313
174.9117889404297 293620 789.2630004882812 195.4339141845703 197695 789.2630004882812 195.4339141845703
0.9848506863744286 0.1530537644850638 -0.0811427083920905 -0.007715672333874791 -0.4010970090422646 -1.4062993243259863 -0.532357735533501
3.9769904613494873 -1 818.7051391601562 5.1498260498046875 -1 1132.4239501953125 5.019710540771484
0.9847010964795939 0.15439351962492415 -0.08075821006461768 -0.002122073719934825 -0.34000616977783793 -1.4366757051001424 -0.5479456218355456
4.344309329986572 -1 927.4221801757812 7.760993957519531 154427 946.7652587890625 8.660967826843262
0.9847025629237953 0.1556189733479314 -0.07831883072266352 0.0031238533383733387 -0.277912187476923 -1.448627830679993 -0.5549707854342473
2.9715304374694824 -1 951.5963745117188 2.9715304374694824 -1 208.67803955078125 14.688801765441895
0.9850125892123751 0.1552193318368459 -0.07450440901000045 0.010307820105474284 -0.20939316660307547 -1.4427815337675702 -0.5680376050199353
2.722761392593384 -1 119.47960662841797 3.6500957012176514 -1 233.0290985107422 5.241635799407959
0.9849706346812811 0.15614086541876396 -0.07175429292690393 0.017441341932146328 -0.1388181997128113 -1.4403953964016973 -0.5762649903738841
152.65635681152344 364792 812.8125 168.0125732421875 -1 746.3692626953125 176.15032958984375
0.9848041292938524 0.15858481787436385 -0.06575298775502968 0.026234082160787556 -0.04180647111390433 -1.4430188106610604 -0.5829391605640615
156.91302490234375 300385 821.40087890625 156.91302490234375 300385 871.8482055664062 230.4833221435547
0.9850567051382206 0.1593768936205845 -0.05995523016324084 0.025839191515188115 0.029047491995400968 -1.430317387587931 -0.6003170718167797
144.17620849609375 452067 723.9927978515625 144.24185180664062 -1 823.9503173828125 159.2544403076172
0.9852775669569753 0.1593672236704584 -0.05377207229445757 0.030639326233987955 0.110133618838959 -1.4107429100545434 -0.6272534468766412
147.09906005859375 -1 429.1550598144531 160.0446014404297 -1 940.971923828125 164.62649536132812
0.9852350772861758 0.1591713575030974 -0.05206298491456466 0.03557761989383643 0.18065198526086096 -1.4022133383925306 -0.6348448593689167
29.330265045166016 -1 526.33740234375 123.14517211914062 -1 847.0982666015625 141.0342559814453
0.9848175500443984 0.1611301065851958 -0.05347619813272958 0.036218477461945335 0.2454958773893946 -1.396884151071729 -0.6416698718594634
2.4395179748535156 -1 890.6246337890625 3.7760493755340576 -1 1126.6099853515625 3.7963430881500244
0.9844802455352857 0.16270019126165913 -0.056950547697695995 0.032923077485795496 0.2813408678356639 -1.405636538285654 -0.6287393405350135
135.9886474609375 452067 930.707763671875 145.07949829101562 -1 930.707763671875 145.07949829101562
0.9845584066727368 0.1617369418813222 -0.058161694687448515 0.03321329179716833 0.3596882317036744 -1.3981893964237293 -0.6102270127194848
9.83029556274414 -1 508.61346435546875 19.048498153686523 -1 508.61346435546875 19.048498153686523
0.9850591244976943 0.1579592573891981 -0.06114820165669022 0.031117385543163765 0.45683859491522977 -1.375345166851353 -0.5901511203942819
172.6390838623047 496253 986.4537963867188 172.6390838623047 364792 1128.768798828125 181.260986328125
0.9846599295937986 0.16003969510910154 -0.06281686240154322 0.029768453768165004 0.5475863032291968 -1.3908353115008536 -0.6076029607386852
63.660457611083984 -1 871.0698852539062 118.34648895263672 -1 871.0698852539062 118.34648895263672
0.9837511819098544 0.16479644909567626 -0.06477671358216329 0.02966007137407246 0.6302749137789477 -1.4262685980049707 -0.6417020190802123
83.52399444580078 -1 1051.2431640625 130.13475036621094 690222 1193.9918212890625 143.371826171875
0.9831020997990992 0.16823593124371145 -0.06634197360332589 0.028384420860372482 0.7058947497889232 -1.4507608009464341 -0.6683095033109157
64.33441162109375 -1 691.3147583007812 77.31404876708984 -1 932.1444091796875 95.24795532226562
0.98280084305171 0.16971343293766378 -0.06774087456072908 0.02666509874552818 0.7712617803038011 -1.4604452556073995 -0.6741213914405735
2.5217530727386475 -1 609.8048706054688 66.84197235107422 -1 963.743408203125 85.29936218261719
0.9826924394173832 0.17039559418899516 -0.06796705141755176 0.025717521546525245 0.8383571619811705 -1.4629096287794787 -0.6697451954707813
75.48603057861328 -1 1138.690673828125 105.86180877685547 369277 1228.348388671875 110.2424545288086
0.9823852517498501 0.1713915420039805 -0.06887028758957409 0.028302649367341087 0.9138974467356457 -1.4599231256910974 -0.6601626342420633
89.85030364990234 -1 1113.1014404296875 91.43059539794922 -1 780.0967407226562 116.96880340576172
0.9819440825876419 0.17291479737839593 -0.07038743189829649 0.030527052747773464 0.9967148062426379 -1.4542366289687902 -0.6510437476522648
143.08889770507812 368853 1232.0604248046875 195.6252899169922 368854 1011.2258911132812 196.43844604492188
0.9818882513872973 0.17321181252689355 -0.06906316837519244 0.033517287520381404 1.0949601803513482 -1.4417705414498716 -0.6334307554483584
97.92127227783203 -1 682.0349731445312 115.11038970947266 325385 1260.050537109375 142.82473754882812
0.9821946040524513 0.17199532785920366 -0.06737196562396855 0.03424011116828318 1.1862915720481653 -1.4280007296076729 -0.6276806120971753
202.8146209716797 -1 1030.839599609375 206.56031799316406 -1 843.315673828125 231.1736297607422
0.9823907734854337 0.17074808015133158 -0.06736811967170965 0.03485681780116897 1.2664236108156408 -1.4185880082785758 -0.6200949966026306
59.27573776245117 -1 730.576171875 64.45926666259766 -1 904.6630859375 113.57621002197266
0.9820463832004149 0.17197644780618151 -0.06857769687964885 0.036140035053035986 1.3300134317029433 -1.428242310452327 -0.6148160149963801
2.5894970893859863 -1 791.2261352539062 4.094991683959961 -1 795.5337524414062 4.781662464141846
0.9816495872856527 0.17341089989686723 -0.07085224404372006 0.03567502057232191 1.3903344008730203 -1.4473996621456817 -0.6104861783952421
3.2778396606445312 -1 814.3512573242188 4.433037757873535 -1 238.4304656982422 5.186191558837891
0.9817175925561465 0.1726272891293398 -0.07241326478925972 0.03444860804415547 1.4364518870389855 -1.4479559034419243 -0.5941594648496438
4.151508808135986 -1 215.13832092285156 4.151508808135986 -1 1189.6802978515625 3.9756178855895996
0.9818916907380092 0.17066621610301716 -0.07461397062509974 0.03456162218832932 1.4697716776517096 -1.4357912366065442 -0.5741970128358697
3.5250332355499268 -1 889.8558349609375 4.905524730682373 -1 772.7703247070312 5.482203960418701
0.9819655989258466 0.16934519746364554 -0.07701275200925747 0.03368683199950748 1.4896726451997417 -1.4299972699065484 -0.5624596872712094
3.839193344116211 519867 857.7398681640625 3.839193344116211 -1 863.9705810546875 4.224400520324707
0.9818650924970261 0.16921916883283547 -0.0790602429443259 0.03248524312537671 1.5071900875708248 -1.4374782424022818 -0.5530053955452976
3.755030393600464 519867 860.9703979492188 3.755030393600464 -1 867.2371215820312 4.521177768707275
0.9817457420285091 0.1694180229760667 -0.08177484137895398 0.028030462308354535 1.5237051894141052 -1.456725921017483 -0.5403957501838248
0.5 -1 0.5 0.5 -1 0.5 0.5
0.9820931926061521 0.16819045852154108 -0.0825861430113243 0.019607643445406997 1.5339230724810546 -1.4746968656255484 -0.5365564883414069
3.944387912750244 -1 1057.4371337890625 6.888985633850098 699528 878.5172729492188 8.364995002746582
0.9827243093717295 0.16459223304927073 -0.08327610633153631 0.015080407951070374 1.5176779652550534 -1.4707506867212063 -0.5348101804111461
4.572152614593506 320434 824.6788940429688 4.917135715484619 -1 901.7555541992188 4.974799156188965
0.9830563699597133 0.1633116391332058 -0.08208630056157705 0.013831893050894668 1.514546222238607 -1.4719383812094944 -0.5403637237474768
1.1684373617172241 -1 1246.5565185546875 1.0782580375671387 -1 892.3628540039062 3.594172954559326
0.9832991969351909 0.16375559558925776 -0.07849353387043548 0.012064798396456522 1.5473509293197367 -1.4887461104812159 -0.5622716227175817
81.2693099975586 797697 822.9104614257812 81.2693099975586 -1 881.187255859375 105.265625
0.9836871564801798 0.16314065063139482 -0.07487419246233888 0.011771218739625217 1.5920720929849097 -1.4993306457789253 -0.5849784782663592
1.2274830341339111 -1 827.9506225585938 2.842158794403076 -1 826.16845703125 7.473175048828125
0.9844803251894935 0.16028400811743165 -0.06990808968840644 0.014845371424052697 1.6633530723501346 -1.4903586272173752 -0.591758230394017
112.7265853881836 -1 949.1910400390625 186.9425811767578 -1 959.3670043945312 269.841064453125
0.9849557688929488 0.1599471215252684 -0.06260072153386029 0.018978970038476192 1.7638541522821323 -1.470646394432233 -0.615849340692779
255.53408813476562 -1 733.2518310546875 268.9496765136719 795966 1015.5904541015625 272.541259765625
0.9850015836152054 0.15989150126502996 -0.05695490359655367 0.03102784322281943 1.8712598712124926 -1.4202910364195998 -0.6338849815267769
201.31112670898438 155940 959.2705078125 224.60842895507812 -1 1124.6043701171875 242.85821533203125
0.9849187409200689 0.16024950143440944 -0.055941682308969544 0.03355144191971264 1.9289382500958894 -1.4294320524172968 -0.6248597557734887
1.360197901725769 -1 514.707275390625 2.313471555709839 320434 1069.779052734375 3.377232074737549
0.9846932126752969 0.16129690411015904 -0.056993303619890356 0.0333818660079382 1.9374790980756396 -1.4497619953964263 -0.6188453546716464
7.814190864562988 319500 1075.41943359375 8.965933799743652 326330 1318.60107421875 17.908113479614258
0.9838459130839147 0.16809982501902168 -0.05673825341542688 0.02388385932003982 1.9406948982197287 -1.5526317760185784 -0.6312375922604202
2.9710915088653564 -1 894.2792358398438 3.6223020553588867 -1 1376.3438720703125 6.422303199768066
0.9830215839667987 0.1743065154563676 -0.055613075893387175 0.013892081001120353 1.9596936318375904 -1.6539217308650302 -0.6696818354568621
10.644742965698242 -1 1007.1005859375 18.39483642578125 -1 1194.454833984375 40.12687683105469
0.9825934163754352 0.1760748065369089 -0.05851249579497748 0.009172155389188709 1.9826895092082557 -1.7055092795210849 -0.6743097407604343
3.0685667991638184 -1 1016.1084594726562 5.463357925415039 -1 1166.0579833984375 5.79605770111084
0.9828040170651744 0.17403336944057876 -0.06009326160738577 0.014051699936367651 2.03510669465916 -1.669585103537851 -0.6640754394931044
70.2661361694336 -1 141.72750854492188 79.12474060058594 -1 238.0408935546875 135.1838836669922
0.9835581592296269 0.16922124432158742 -0.05986974521659647 0.019827543740501663 2.118516274410073 -1.6004091637862286 -0.6444100171956466
74.1225357055664 -1 223.33656311035156 76.55428314208984 -1 578.5781860351562 131.30950927734375
0.9837427610036217 0.1670725049515782 -0.06041515006445047 0.0262100725841433 2.2150009067122625 -1.5399252402378045 -0.6294594427398358
0.5 -1 0.5 0.5 -1 0.5 0.5
0.9832537478513256 0.1681030153243887 -0.061730238703416984 0.03380563865377191 2.3126277749590023 -1.4878264639094634 -0.624074000542958
3.471304416656494 -1 313.97943115234375 66.39636993408203 340604 313.97943115234375 66.39636993408203
0.9826674788324988 0.17048464154078213 -0.06216489839590186 0.03788322123471903 2.40577073813355 -1.4646765705486247 -0.626737392600911
173.68812561035156 -1 823.5598754882812 252.34152221679688 481333 640.3082275390625 291.67401123046875
0.9820782184213144 0.17366515873282093 -0.061959544557392034 0.039035885835497455 2.503578056514382 -1.4624981940588022 -0.6461854863454584
97.7815933227539 -1 391.7538757324219 105.95401763916016 -1 1293.1861572265625 163.2301788330078
0.9819804286746066 0.17333751841461947 -0.06332217475819903 0.04072891594174157 2.5873815733058403 -1.4391900835748443 -0.6402271089519337
18.989551544189453 460509 385.2486572265625 19.317285537719727 309307 408.0352478027344 24.191232681274414
0.9820135588074732 0.17270696161449361 -0.06413774510939928 0.04132826369995565 2.655735424420062 -1.4185542691535158 -0.630706470948422
67.0272216796875 -1 385.4259338378906 117.58888244628906 -1 500.6965637207031 123.1233139038086
0.9818792261142067 0.17350542214250117 -0.06405407263704564 0.04130532158363084 2.7323819840696064 -1.4062012426996362 -0.6276262204961457
31.837282180786133 -1 1289.8739013671875 46.805870056152344 452052 436.500732421875 53.291168212890625
0.9816843276891014 0.1740075320086656 -0.06599155284973447 0.04077222738986649 2.810894619422219 -1.4051658252346908 -0.6127910361035075
49.1734504699707 -1 1313.791748046875 48.75629425048828 452052 392.5187072753906 66.5618896484375
0.9817818127391508 0.1741337426729892 -0.06544768875703252 0.03871061706672983 2.894171455033882 -1.4139909525635326 -0.6135594717728704
131.3992156982422 589143 638.4674072265625 227.35452270507812 592806 733.52197265625 235.5814666748047
0.9821317751561205 0.17279427697559335 -0.06544498674772048 0.03572489024140133 2.9737805594364586 -1.420073523719236 -0.6089872267791356
26.24321174621582 323714 720.621826171875 46.014984130859375 349185 1366.6334228515625 48.2501335144043
0.9822449034291748 0.17140576938358318 -0.06772374765095321 0.03505004869530141 3.045747321400873 -1.418385977217096 -0.5812479340896906
23.575788497924805 -1 794.2070922851562 23.575788497924805 -1 1596.9530029296875 28.42930030822754
0.9821529278005815 0.1718978324911284 -0.0689838815968772 0.0326800501441765 3.1130714673938917 -1.445011420054097 -0.5664081824863281
39.75042724609375 -1 1493.4007568359375 39.75042724609375 -1 1421.8975830078125 45.05078887939453
0.9822917531463825 0.17145379508198297 -0.06961125351595884 0.029339073545846653 3.178378609927014 -1.4736836209577866 -0.5594842268372329
19.23271942138672 -1 865.5077514648438 19.23271942138672 -1 1419.1502685546875 20.497533798217773
0.9824308501579134 0.17056884627546343 -0.07091736722611565 0.02658233180090018 3.239318757103439 -1.5007374506919868 -0.5478743137815991
0.5 -1 0.5 0.5 -1 0.5 0.5
0.9822601597200148 0.1709567109776387 -0.07282695007501556 0.025199542481766053 3.2962153850770144 -1.5258779783096692 -0.5381264100672192
4.014546871185303 519448 413.6377868652344 4.7668023109436035 -1 413.6377868652344 4.7668023109436035
0.9820738094051396 0.171112233648389 -0.07573780880676209 0.02270287852866364 3.330484361943904 -1.5590482407108401 -0.522570091314976
5.147069454193115 -1 963.2191162109375 5.098002910614014 371235 1009.5922241210938 5.338047027587891
0.9817995453839059 0.17012570643732108 -0.08179327007429914 0.020898747898165516 3.3385890777070957 -1.5686185512111663 -0.47476304641389033
0.6173286437988281 -1 0.6173464059829712 0.6173286437988281 -1 0.6173464059829712 0.6173286437988281
0.9821001398823234 0.16729051360853658 -0.08493716112961328 0.016699639485785334 3.354063457693813 -1.5852376862206938 -0.442375047905516
4.493042945861816 374717 945.5189819335938 4.290838718414307 -1 286.8040771484375 5.582910060882568
0.9824315385115193 0.16600090290319697 -0.08438426203905192 0.012299133845002228 3.395452585915075 -1.6033149538898708 -0.4372265428559799
4.449069023132324 -1 321.39361572265625 4.449069023132324 -1 1451.7701416015625 56.15796661376953
0.9827918871099898 0.16438439817800962 -0.08372079041808442 0.009418360696530223 3.4534253077961212 -1.6165734120089388 -0.43747168280613835
37.78738021850586 371405 85.33818817138672 57.928245544433594 684132 82.45628356933594 66.16405487060547
0.9829083128777567 0.16490264188056666 -0.0809754375499337 0.011888889359748455 3.5248267462363794 -1.6050933811541148 -0.4492035166983562
32.975135803222656 -1 943.3490600585938 54.214290618896484 345251 1550.9154052734375 65.3766098022461
0.9830523339861942 0.16546695371306644 -0.07760428309016766 0.014365622829352269 3.58441893535316 -1.5925025240227952 -0.45995908746558284
12.142558097839355 447953 527.2947998046875 12.142558097839355 448004 531.75244140625 12.3435640335083
0.9832053695160284 0.16527300660049907 -0.07544591308480113 0.01731903123393987 3.6365097352499594 -1.5615464215158306 -0.4564141225798577
4.331361770629883 320697 228.9864044189453 5.564218044281006 -1 437.001220703125 6.247875213623047
0.9833351906688702 0.16478476484513033 -0.07424698582608007 0.019628274577601516 3.680667162782531 -1.540159473744646 -0.4462379770234723
47.5185661315918 -1 801.6012573242188 94.13935089111328 -1 831.6596069335938 107.16890716552734
0.9840561930878433 0.16262412202197524 -0.06754160092255342 0.024998718504386924 3.78151337530796 -1.477875474478221 -0.47567050394591187
145.90403747558594 -1 842.8495483398438 169.7984619140625 -1 874.0716552734375 247.18057250976562
0.9844415354346422 0.16214743423975914 -0.060732341223226474 0.029910794206985492 3.904829260928937 -1.4368703607454396 -0.5175116388609287
242.3314208984375 -1 980.958251953125 259.2890930175781 -1 1051.5784912109375 288.5036315917969
0.9844647746924203 0.16296823681540015 -0.055407870257793326 0.03464720901569609 4.0498903085185916 -1.4008600522186085 -0.5747148637052616
193.7115936279297 -1 1119.374755859375 281.03076171875 -1 656.6423950195312 309.9081726074219
0.9841196379821963 0.1645192648839691 -0.05461738074408514 0.038195436121155515 4.153876070774221 -1.3911513951204995 -0.583640683831453
125.99657440185547 -1 1018.8189697265625 153.87379455566406 -1 987.6841430664062 181.31248474121094
0.983816329037396 0.16746138716567052 -0.054964650421190774 0.032264558450533457 4.2388194734343845 -1.4652339251780009 -0.5797580401785761
167.04270935058594 -1 1155.1563720703125 184.6383819580078 592803 1113.138916015625 240.6041717529297
0.9841529939745437 0.1673580902735675 -0.0531412252417507 0.024701503005518648 4.361834988958138 -1.538658482613481 -0.5912839511150951
92.81539916992188 675060 1132.4832763671875 188.70823669433594 -1 197.4466094970703 215.52243041992188
0.9844496679688226 0.16548662795283753 -0.05580129805803339 0.01895368934831791 4.4324727202699 -1.5993319017997147 -0.5682249764648936
4.159824848175049 -1 169.0296173095703 6.310908317565918 -1 169.0296173095703 6.310908317565918
0.984016469850057 0.16598444855483505 -0.06195332875060136 0.017959258294794195 4.488294396791603 -1.6367822468785915 -0.5341782950630461
4.144457817077637 -1 585.37158203125 3.408891439437866 -1 179.49407958984375 8.466442108154297
0.9832460710364979 0.16877623187209526 -0.06644445212810374 0.018079881850923133 4.539057409906034 -1.6795526751290804 -0.5211646062406712
23.29479217529297 403825 1309.9332275390625 23.29479217529297 403826 1120.31689453125 27.34650421142578
0.9825603472625042 0.1723966835363867 -0.06770271691597893 0.01645872459326923 4.602919904999497 -1.7427430645949593 -0.5474777338169501
16.094078063964844 -1 1285.9912109375 27.64313507080078 -1 1115.20849609375 29.31140899658203
0.9820821951175416 0.17561762759144878 -0.06688201929310994 0.014135289439503377 4.669085520365526 -1.8006408122037414 -0.5847242037069822
118.41853332519531 -1 1482.575927734375 132.12380981445312 -1 1428.5181884765625 139.40762329101562
0.9817814913043601 0.17735006570928857 -0.06639194744659514 0.015625838836568866 4.74279745521509 -1.8064717799954235 -0.5958945885603169
15.223522186279297 437785 790.9428100585938 17.36370849609375 437169 1232.771728515625 18.05190658569336
0.9816968651089483 0.1778008775568306 -0.06613665792849183 0.016853944741044388 4.8277013199409105 -1.7917576270334241 -0.5941459566102871
198.35513305664062 -1 475.95098876953125 198.35513305664062 -1 779.7942504882812 203.9281005859375
0.9819235553856117 0.17715625848094924 -0.06432158342735271 0.017450655154143686 4.913844721172003 -1.7690976537016632 -0.5978122476906014
59.41136169433594 -1 768.2570190429688 81.66326904296875 -1 520.1621704101562 130.91897583007812
0.9818863271796134 0.17629094581659333 -0.0660446806954734 0.02142062260190009 5.007461145899231 -1.710078845765644 -0.5694479476984224
3.401505470275879 -1 168.79437255859375 4.958634853363037 -1 1004.7507934570312 4.777281761169434
0.9817813234644291 0.1757540476819178 -0.06749937315978628 0.02568622671573161 5.077746350326361 -1.6554648251162758 -0.5417373245132305
4.927197456359863 -1 107.32412719726562 4.927197456359863 -1 281.5759582519531 5.697815418243408
0.9817390898119768 0.1757022528647296 -0.0677572756592545 0.026944934007077065 5.154882000667361 -1.6259499762043776 -0.532965735759135
27.411128997802734 -1 925.8506469726562 222.58270263671875 -1 511.96429443359375 235.91537475585938
0.9817707879047903 0.17571019849959746 -0.06710712085562155 0.02736202643278261 5.228426629642127 -1.6060179902708749 -0.5396843172548386
7.831306457519531 415215 463.7184143066406 12.32272720336914 447441 189.744873046875 19.434377670288086
0.9815782155723441 0.1763182088456694 -0.06770241790035186 0.028852704443671058 5.288192892339915 -1.5826916804101634 -0.5376386312327689
4.738524913787842 422812 149.8378143310547 4.177628040313721 418988 1422.4896240234375 4.709095478057861
0.9813060085348341 0.17720112231022306 -0.06885206480487399 0.029961192191484545 5.342893639127439 -1.5631074699618333 -0.5302484375402297
4.941770076751709 395820 289.1747741699219 4.299114227294922 -1 474.266845703125 4.429378032684326
0.9812791036940897 0.1773275132931944 -0.06858031153096672 0.030708542018331765 5.413283186392338 -1.535710463249109 -0.5333616678796883
14.1727933883667 412489 255.99859619140625 14.596068382263184 -1 255.10015869140625 21.5609130859375
0.9813405174878249 0.17722607860518005 -0.06752716138375467 0.0316510390731625 5.4915697916645785 -1.5064582346529813 -0.5405410088740865
173.15577697753906 -1 886.3593139648438 213.58859252929688 -1 1042.60888671875 248.26388549804688
0.9812258691045824 0.17800694979810264 -0.06667528114745765 0.03261482036498504 5.57312176606969 -1.4842621173233117 -0.5475131917634041
107.45442962646484 429928 931.1492309570312 216.6389617919922 -1 596.1046752929688 233.4564208984375
0.9809723100507279 0.17976067787514896 -0.06544101554673382 0.033119466901167516 5.655117800336008 -1.4729649060265249 -0.5693312920729738
51.406532287597656 -1 354.0909423828125 154.06236267089844 -1 903.3735961914062 218.57107543945312
0.980686881896811 0.18157501783539323 -0.06379268892097212 0.034846024361742126 5.729243676280208 -1.4505305075606514 -0.5930989123126511
4.1509928703308105 -1 554.2446899414062 6.067684173583984 -1 554.2446899414062 6.067684173583984
0.980608034316956 0.18199899253581248 -0.06315573973726638 0.035994475787592586 5.7855475171933755 -1.4304243051914034 -0.600523409545899
3.8518590927124023 -1 594.35693359375 3.740304946899414 -1 787.8829345703125 4.231683731079102
0.9805947912326937 0.18233660862971737 -0.06280770533980193 0.0352478185235907 5.822837270722221 -1.428902629739068 -0.608568425614827
5.14784574508667 -1 771.3187866210938 4.591990947723389 -1 781.6393432617188 5.894505023956299
0.9803939800663495 0.1834907577474426 -0.06297699315193842 0.034535257411410045 5.839568788485972 -1.425696792934211 -0.6124509972365303
2.2826085090637207 -1 754.8641357421875 2.6365442276000977 -1 1039.6351318359375 3.1454851627349854
0.98030106991073 0.18390611768957585 -0.06328840539004835 0.03439374872576413 5.846855501649796 -1.389711674269075 -0.6033536408991643
5.083902835845947 -1 513.9066162109375 5.598017692565918 -1 1101.1064453125 5.567338943481445
0.9803491309467212 0.18362077082428893 -0.06338959068341703 0.03436209782436909 5.849012802902819 -1.337501890465907 -0.5939596493987722
0.5798036456108093 -1 978.500244140625 1.7874127626419067 -1 580.0125122070312 3.2175047397613525
0.9803312990454921 0.18359375728583616 -0.06382182296170154 0.03421478205823542 5.845008970902643 -1.2870148083853703 -0.591807028032513
2.715869903564453 -1 574.031005859375 2.7606496810913086 -1 105.75057220458984 4.529338359832764
0.9801168660412434 0.1845241978022177 -0.06465053500122393 0.03379434347631338 5.837502330344408 -1.2590789135560856 -0.5976251477967894
2.621135711669922 -1 729.67236328125 2.1712396144866943 -1 240.4093475341797 3.8121163845062256
0.979839712417689 0.18630253206119077 -0.06447579482610191 0.03237864108254054 5.839796381024481 -1.2430158928478003 -0.6212649325811633
3.8374054431915283 -1 1084.8524169921875 3.8333961963653564 -1 264.9052734375 4.492506504058838
0.9796922267712986 0.1877320960713997 -0.06306080342615238 0.0313549992789251 5.851412588841491 -1.2213369602542985 -0.6556015799457929
1.6560157537460327 -1 1105.11572265625 2.065152406692505 -1 1105.11572265625 2.065152406692505
0.9794433533716583 0.18932258367152002 -0.06246672636783435 0.03075036495567466 5.863715061013685 -1.1892650142566366 -0.6763623663179786
3.7876808643341064 -1 207.47198486328125 4.073055267333984 397261 670.3309936523438 4.759074687957764
0.9793799001049502 0.18920426316241473 -0.0631294618375933 0.03211587021522638 5.872420779593929 -1.1212762097259805 -0.6651898061098093
3.8245556354522705 -1 758.8115234375 4.474800109863281 -1 744.4600219726562 7.54398250579834
0.9795300100054624 0.1879604496429708 -0.06368238887716776 0.03371026869676644 5.875532383010628 -1.0415787532735252 -0.6508366307224427
3.2902305126190186 -1 680.101806640625 3.7581331729888916 -1 811.125244140625 5.24562931060791
0.9795350960366397 0.1880052338757289 -0.06334872521778967 0.033940634659720505 5.8780362924351 -0.9928908293848668 -0.6585766108084358
1.7219290733337402 -1 728.3783569335938 4.032247066497803 -1 651.62255859375 5.978150367736816
0.9793576483425075 0.18900058083458002 -0.06321749337021688 0.033777590340512774 5.877557815511783 -0.9686043746508229 -0.6781750586316383
3.8182358741760254 -1 1107.032958984375 5.294882297515869 -1 1208.66943359375 4.056748867034912
0.9790737991025148 0.19156377130081503 -0.06122571559587828 0.03113244586842287 5.890543997986771 -0.9633768509035383 -0.7234348455036558
3.4650752544403076 -1 1195.6817626953125 3.3761677742004395 -1 1195.6817626953125 3.3761677742004395
0.9789831992323065 0.19282563971569233 -0.059699280939108805 0.029088900709128056 5.90320693667573 -0.9441983734250663 -0.7480138640816562
3.411888360977173 -1 724.9918212890625 4.330240726470947 -1 1100.1173095703125 4.735625743865967
0.9790395547489608 0.1921039025279183 -0.059731025720257847 0.031778065342413474 5.901574952087618 -0.8622329626147262 -0.7414463641901919
2.6933584213256836 -1 322.0562438964844 4.060910701751709 -1 1097.9453125 4.279924392700195
0.9788668807936236 0.1921749484870659 -0.06127144437951005 0.033678315916984905 5.884065445366833 -0.7882626870034064 -0.7147593695809807
4.463192462921143 -1 1178.03173828125 4.865522861480713 -1 536.3339233398438 5.958072662353516
0.9790228014512168 0.1913094595490842 -0.06122579541985219 0.03415328535961516 5.871395035785304 -0.7127181798465623 -0.7084055627442869
2.527177095413208 -1 905.5823364257812 8.419716835021973 456084 1052.013671875 13.701528549194336
0.9792146329431535 0.19039774445076033 -0.06073634952776462 0.034619320965456626 5.867611615007849 -0.651218601963821 -0.7172692643325114
2.1443068981170654 -1 510.27520751953125 3.4643774032592773 -1 849.871826171875 2.922924518585205
0.9789570582069557 0.19147560071297445 -0.06146653066658131 0.034670421488683725 5.86119890074186 -0.6163788607579065 -0.7218231965320111
3.23818302154541 -1 1172.2900390625 3.9623639583587646 -1 181.38975524902344 4.848862171173096
0.9787622129661441 0.1925316140773081 -0.06206870870312639 0.03322022652435325 5.8574484391541795 -0.5949467508818191 -0.7290772344343314
4.197927474975586 -1 497.6611022949219 4.808310508728027 -1 698.1124267578125 4.523597240447998
0.9788316570527059 0.19244118937294025 -0.06250964767461813 0.030781808455277376 5.857154124944413 -0.5692149065037501 -0.7292040856843264
2.315186023712158 -1 911.9619750976562 3.3864188194274902 -1 1238.0982666015625 3.737719774246216
0.978983496730698 0.19230485498842173 -0.0621138587442746 0.027423063809755305 5.858082831971486 -0.5419499785045166 -0.7319484982473674
3.3356130123138428 -1 590.477783203125 4.792402744293213 445735 590.477783203125 4.792402744293213
0.9790804108746349 0.1916846097590086 -0.06295728695584833 0.026361704084744465 5.856410275106752 -0.4858749432921133 -0.7210116100258067
4.985003471374512 -1 1041.4420166015625 6.847593784332275 591532 931.4144287109375 14.354979515075684
0.9790472513886211 0.19150661653716453 -0.06395713966493738 0.026479797143352565 5.85559995875278 -0.4178300033463614 -0.7104101743459222
3.8954436779022217 -1 893.4495849609375 13.741053581237793 512282 940.902587890625 17.698450088500977
0.9791716871900735 0.19100805350641714 -0.06392957761705165 0.025529191266861418 5.863977241005376 -0.36754320343848107 -0.7097253019397318
39.404964447021484 -1 764.4671630859375 40.5361442565918 -1 909.6756591796875 42.29533767700195
0.9794687568375428 0.1900222968457857 -0.06232145471563778 0.025466004058304112 5.87867249341376 -0.30808407130446325 -0.7363762612468925
4.3430256843566895 -1 555.2017211914062 4.393796920776367 -1 555.2017211914062 4.393796920776367
0.9793314705361816 0.19084628826420394 -0.06186725221916378 0.025690624283320373 5.883804410519365 -0.26053775925618344 -0.7478885310265462
3.2278947830200195 -1 1040.3565673828125 3.2278947830200195 -1 663.4697875976562 4.415877819061279
0.9791647179043103 0.19140803207643228 -0.06159512721996453 0.02838064077424225 5.889026575669585 -0.16914847275576042 -0.7501505572022336
38.69388198852539 -1 843.2954711914062 38.69388198852539 -1 1050.2354736328125 41.87343215942383
0.979509831315758 0.18953611316878183 -0.06133805347757822 0.029566794825072407 5.890547341363983 -0.09456838715012186 -0.742505004672801
69.94251251220703 -1 600.5355834960938 72.34565734863281 -1 834.8662719726562 78.3736343383789
0.9797310193849678 0.1880563183289892 -0.060736712865017806 0.0327567168957812 5.882632520671974 0.0048485075790272196 -0.7345549226038642
21.823776245117188 538145 898.4699096679688 25.081218719482422 -1 892.9249877929688 25.370668411254883
0.9796678776559183 0.18793803391809755 -0.0610766539559413 0.03463794505589194 5.8653687720678835 0.08130998226466819 -0.7225780513950029
4.017032623291016 -1 626.52783203125 3.888645648956299 -1 944.4248046875 4.871457099914551
0.9794769173721402 0.1879192769717138 -0.061789042789670824 0.038644894471770885 5.843534005540298 0.1804804793611457 -0.701494441719447
9.579151153564453 -1 745.3364868164062 32.791343688964844 -1 389.30963134765625 46.58830642700195
0.9795578547498298 0.18703721857190925 -0.0621452826146849 0.04026725612127388 5.8330583744084805 0.2564605590274675 -0.7005293415860055
3.2194457054138184 497994 421.25860595703125 4.617044448852539 -1 1238.011962890625 5.011171340942383
0.9791467414913787 0.18958304236042423 -0.06132417365092539 0.03961406823606877 5.8396004163901 0.28970292733449404 -0.7209921439983862
4.2549543380737305 -1 1028.600341796875 4.351602554321289 -1 318.6439208984375 5.330623149871826
0.9787559247760731 0.19171792659650566 -0.061198945304291874 0.039188843194372845 5.841167227061322 0.3227036156637061 -0.7253024367745546
0.5407634377479553 -1 669.3496704101562 2.732583522796631 -1 669.3496704101562 2.732583522796631
0.9785323561152262 0.19210405677936948 -0.06261047767381146 0.04062496141475494 5.830495692794305 0.3884145177091654 -0.7009126865478087
2.655043840408325 -1 1022.7933349609375 2.5659520626068115 -1 432.4526672363281 7.427809715270996
0.9787472002513629 0.19111863147015756 -0.062230957242578065 0.04068039657826695 5.828170330873711 0.456418147180259 -0.6935582151895111
15.633505821228027 -1 576.0013427734375 20.178180694580078 537359 592.976318359375 29.624032974243164
0.9791080485271465 0.19023151622800355 -0.060338800021334106 0.038969587564448405 5.838390878270469 0.5079845690496437 -0.7108618306131538
24.451766967773438 -1 848.801025390625 31.672483444213867 -1 677.3382568359375 33.40209197998047
0.9794356198664428 0.18933097915344987 -0.05849052317169798 0.03792763594971155 5.849973797709317 0.5728981716865078 -0.7305690536735322
6.895290374755859 -1 1085.3656005859375 7.406145095825195 -1 542.9797973632812 10.151755332946777
0.9798660205507825 0.18764284845763357 -0.056664717284793616 0.03797173959293522 5.859878226798197 0.6498493943516276 -0.753792537405748
13.9977388381958 555946 624.31396484375 17.88768768310547 570892 966.6531372070312 18.428556442260742
0.9800906544292337 0.1869451154570121 -0.054916663023113606 0.03818367491018343 5.867921291792847 0.7293806652495416 -0.7898433424838174
2.3609416484832764 -1 1070.12646484375 3.371983289718628 -1 639.031982421875 4.229020118713379
0.9800482941812569 0.18756124528799203 -0.054143625525343866 0.03734418500111727 5.867446355475711 0.780762470697208 -0.8113309856482116
6.32688045501709 -1 1233.6253662109375 6.32688045501709 -1 703.2391967773438 10.337282180786133
0.9800638066168547 0.18754957250022886 -0.05337163380939466 0.03809936376342499 5.854226019444128 0.8577951112341589 -0.8269369327283149
3.7581586837768555 -1 1138.2340087890625 4.67972469329834 -1 1233.77490234375 6.241035461425781
0.980066028738766 0.18737012970995837 -0.05377404350996129 0.038358389555434205 5.839340016689446 0.9167027649504712 -0.8354196368318154
1.2383464574813843 -1 495.7818603515625 3.787297248840332 -1 495.7818603515625 3.787297248840332
0.9799504500846027 0.1880188636763702 -0.053421707654265085 0.03862827244562467 5.839388705566974 0.9592480497299227 -0.8506486626327828
3.5172665119171143 -1 1276.29443359375 4.304679870605469 -1 255.53515625 5.772860050201416
0.9796907836237096 0.18907290581401243 -0.05359884119588405 0.0398066450767444 5.83692702492397 1.0264076895069534 -0.8469926787392843
1.286501169204712 -1 693.6942138671875 1.286501169204712 -1 1030.615966796875 2.566072940826416
0.9799684836693747 0.18747283412152382 -0.053944774482571 0.04007079718716359 5.83054756908011 1.0979164118501978 -0.8400436402704002
2.91986083984375 -1 1083.187744140625 8.017952919006348 555995 1083.187744140625 8.017952919006348
0.9805571891087566 0.18406423838688682 -0.05448969029478047 0.04072872064978756 5.81870937137036 1.1897001600561823 -0.8469310055695035
18.052162170410156 -1 711.2147827148438 18.3690185546875 593657 1196.605712890625 19.567283630371094
0.9807823626188994 0.1824280114488445 -0.05443333659785588 0.0426964832431724 5.813569511951207 1.2718951145515156 -0.8616026069487185
3.3737075328826904 -1 952.9689331054688 5.054640769958496 -1 902.7012329101562 5.828956604003906
0.9810370906620204 0.18168789214308967 -0.05325096946610972 0.041473736809206505 5.827727649739038 1.3155988924286797 -0.8924947470204622
5.268080711364746 -1 489.05059814453125 16.674638748168945 -1 489.05059814453125 16.674638748168945
0.9813746322023057 0.1809097089981448 -0.050736776748199826 0.04001609607644527 5.849250238070483 1.359176790128372 -0.9400806527971313
3.092311143875122 -1 482.1174621582031 3.092311143875122 -1 367.3367004394531 5.4596734046936035
0.9815840568180443 0.18040352510081953 -0.04951883651944604 0.03866771730512301 5.857067020378074 1.4029342442183332 -0.9739400964044768
3.5642952919006348 -1 836.9705200195312 3.5642952919006348 -1 831.865478515625 4.535843849182129
0.9817109119639917 0.1795431118089775 -0.05105355992897756 0.0374364842280255 5.842399079644599 1.4361091797159826 -0.9715122287980303
22.6318416595459 -1 1274.447265625 48.36726760864258 -1 812.998291015625 65.27979278564453
0.9815712972446506 0.17955298895602176 -0.05320261338831979 0.03805252305781219 5.8167693757278105 1.4830058616953012 -0.9534222716687385
5.910918712615967 -1 1311.646240234375 5.910918712615967 -1 1350.3880615234375 41.21660614013672
0.9814837231828346 0.17913154128787512 -0.055563135009724644 0.0389143941348501 5.790377959518788 1.5326514954115742 -0.9217101926798402
4.898641586303711 -1 1052.488525390625 49.124122619628906 -1 1049.383056640625 53.03194808959961
0.9817676515337759 0.1774464528504502 -0.05624968107243313 0.03848386872310397 5.782181475086141 1.57709008067734 -0.9176225979673438
3.58563494682312 -1 722.94140625 17.5885066986084 -1 643.4290161132812 18.91716194152832
0.9821087605982384 0.17630167435577948 -0.0549776168212714 0.036845130264315684 5.791514495411961 1.6101198441336124 -0.9353621444517863
3.200132369995117 -1 364.4695129394531 4.529132843017578 -1 349.62652587890625 7.241313934326172
0.9822675959710417 0.17579972654738374 -0.05474972300518606 0.035317048036195765 5.79296629302088 1.6412705002458665 -0.9466409033780321
4.256481647491455 -1 409.6591796875 7.070407390594482 555239 875.44189453125 7.149922847747803
0.9823440010266248 0.17515689214483504 -0.05586088672432926 0.03463940120061253 5.78496696947772 1.6870591953666907 -0.9440458296059385
0.5560609102249146 -1 970.0916748046875 3.391498327255249 -1 725.4762573242188 4.412464141845703
0.982040700240459 0.17651246416286223 -0.05585373665865784 0.036328682437553134 5.782128700713249 1.7628189203860885 -0.9447642166861095
3.6700401306152344 -1 202.88104248046875 4.353108882904053 -1 372.7676696777344 4.877719879150391
0.9818802655083265 0.17732761756373128 -0.05509202319923138 0.0378276252794799 5.7922189826268715 1.8461614326092868 -0.9535019750357083
7.16807222366333 558955 366.46759033203125 17.270442962646484 -1 776.8551025390625 58.69091033935547
0.9821428067859113 0.17523616635935596 -0.054784164475647594 0.04106687717703464 5.796667390241621 1.958532044537539 -0.9615262369961094
8.724575996398926 -1 758.0960083007812 13.57021713256836 -1 797.259521484375 18.306438446044922
0.9823030840995504 0.1740248989020605 -0.05378755398734419 0.04362206513563967 5.803587702205737 2.069001505449335 -0.9730749238803247
2.4452807903289795 -1 780.4930419921875 10.714223861694336 -1 799.4970703125 15.299154281616211
0.9826761601707876 0.1715142153465917 -0.05246118107941727 0.04667186139197986 5.806363183525834 2.1914139917499607 -0.9891312004640472
0.5966012477874756 -1 0.5963799953460693 0.5966012477874756 -1 0.5963799953460693 0.5966012477874756
0.9825051276807042 0.17185548818853005 -0.053779358564527986 0.04750942909563616 5.7964241927996 2.248401254228001 -0.9756360181057543
3.9237024784088135 -1 403.7535095214844 3.212757110595703 -1 953.412353515625 3.751476287841797
0.9818788591992252 0.17521624492361107 -0.05437757920000244 0.047500023714149964 5.783103930367583 2.2773476305816365 -0.9532148989354237
0.9086567759513855 -1 395.39862060546875 4.1003546714782715 -1 525.8583374023438 4.578629970550537
0.9815925152091053 0.17682701282396826 -0.05408382710413136 0.04778369247959952 5.762137796427921 2.3480660855822255 -0.9361071476514129
7.023669242858887 562259 1071.3564453125 9.866576194763184 561455 1056.2064208984375 15.085286140441895
0.9818754243911748 0.17596380969376096 -0.05249103238953787 0.046926327081808036 5.760336621138873 2.3971475458177496 -0.9570215174680914
0.8557069897651672 -1 802.2786865234375 2.5834121704101562 -1 919.2975463867188 2.824061155319214
0.9819897463386642 0.17651847380780525 -0.0510354500742024 0.043963045003874386 5.768499280367335 2.4086107584786762 -0.9829620949549457
3.893747329711914 -1 652.62353515625 3.486840009689331 562592 496.2210388183594 4.622065544128418
0.981820100733536 0.17834655630562285 -0.05035237624909487 0.04106621306602408 5.770294733329157 2.4236304052031854 -0.9979579371260463
0.5 -1 0.5 0.5 -1 0.5 0.5
0.9818350660218961 0.17807126870225565 -0.05075508955485414 0.04140588456761839 5.750558986033457 2.496101721856821 -0.9994144001007148
29.939321517944336 -1 1028.808349609375 32.1441764831543 -1 1045.4384765625 34.39652633666992
0.9821734413015755 0.1761133593087465 -0.05113261587360031 0.04129008923134081 5.73851927656741 2.558078632644193 -1.0049975572454397
17.408782958984375 -1 851.75 20.88983726501465 -1 813.1881103515625 27.317564010620117
0.9820753230110819 0.17721635565834992 -0.05127184000441248 0.03864740149627618 5.741207216556024 2.5834553559653535 -1.0104515178645828
5.469180107116699 565466 760.962158203125 5.976799011230469 -1 812.457763671875 7.286126136779785
0.9823646352958775 0.17630470567237788 -0.05011040997881476 0.03695024884258647 5.746274517231938 2.6286333880271213 -1.043061475722252
0.7297241687774658 -1 826.572265625 0.7297241687774658 -1 711.1434936523438 10.895586967468262
0.9826995881198375 0.1752107568536492 -0.04951992876749807 0.03391882731957492 5.753044607081523 2.661956789926435 -1.0795249028694542
1.2662506103515625 -1 813.8270874023438 1.2662506103515625 -1 844.1204833984375 3.6635327339172363
0.9821624713831035 0.17790408039088662 -0.04941980433429888 0.035562633851656464 5.732900447300454 2.720789816142275 -1.079222246779724
4.061243534088135 -1 706.7985229492188 3.5350770950317383 -1 1062.7396240234375 3.8712997436523438
0.9818277440961579 0.1794736321489188 -0.04994083086749707 0.03618576651928543 5.723353275637317 2.7618834732997652 -1.0684565075465946
1.1584668159484863 -1 797.9367065429688 3.877094268798828 -1 888.5361938476562 4.743213176727295
0.9819085782326566 0.18005744489677936 -0.0487664011459302 0.03250690156936366 5.738576317249631 2.7466868294845184 -1.0715101521370458
3.9484660625457764 -1 1106.191162109375 4.791999816894531 -1 1122.230224609375 4.267087936401367
0.9823079890032251 0.17794167755313178 -0.048758019737272035 0.03210030593805759 5.735029434176838 2.7768847191506603 -1.0679814611656064
14.516559600830078 -1 879.295654296875 31.7642879486084 -1 709.1394653320312 48.39142608642578
0.9825994643486589 0.17598013632165466 -0.04997743981549721 0.032117593176156214 5.731700973092919 2.793929796329261 -1.0610641067140727
3.6926701068878174 -1 417.3297119140625 4.524786472320557 -1 594.7618408203125 4.218595027923584
0.9824477587132624 0.17649304670926894 -0.05062999606853167 0.03291214609635354 5.729303680464464 2.8063216494002887 -1.0531800384025922
3.993696928024292 -1 1546.44091796875 4.906622886657715 -1 1546.44091796875 4.906622886657715
0.9822214130725642 0.17733809649196622 -0.050321996111586664 0.03549636518978922 5.721927191555419 2.8287357869681364 -1.0448268422398277
4.644994735717773 -1 1164.0565185546875 4.3782639503479 -1 1249.69873046875 4.267274856567383
0.982011950831262 0.17801760029711267 -0.049667510402617326 0.03867041271362917 5.7118677779583615 2.8422819911741106 -1.0362169525640579
3.1798720359802246 -1 267.47344970703125 4.303099632263184 -1 288.51727294921875 4.955709457397461
0.9818651050056285 0.17770643844418674 -0.05152454756526753 0.041310510841227686 5.694989968657277 2.84194809225344 -0.9906323793832906
3.0486695766448975 -1 272.8327941894531 4.461589336395264 -1 431.91302490234375 4.263348579406738
0.9821028635142999 0.1757523967344809 -0.051618644447130414 0.043824377514562356 5.682743681661719 2.8485329710580363 -0.9604785394540954
1.9276515245437622 -1 978.2894897460938 3.784757375717163 -1 697.5333251953125 4.399129867553711
0.9823523707155462 0.17493256776399665 -0.04993967193200852 0.043456249865405826 5.701324594459941 2.8076697455737376 -0.9594918800700545
13.03089427947998 -1 848.0477294921875 22.52548599243164 -1 1177.4825439453125 27.632150650024414
0.9823051756633852 0.17667217831593957 -0.04765433967269766 0.03990673106615329 5.741368325919459 2.7060173480253833 -0.9681792963195958
19.318492889404297 -1 910.8358764648438 32.80878448486328 -1 783.338134765625 35.50422286987305
0.982161867269074 0.1782735329258678 -0.046243307588527245 0.03792321774228194 5.757252854056616 2.6176122341124817 -0.9598976286373171
6.234600067138672 -1 808.4527587890625 12.751484870910645 -1 773.116455078125 14.199360847473145
0.9822566718684894 0.1777798085174503 -0.04624204761988185 0.03778681364256747 5.754524212678055 2.5592982519916285 -0.9440154900441386
1.9958717823028564 -1 230.42428588867188 3.9875948429107666 -1 373.5008850097656 3.536106824874878
0.9826221481048308 0.17552447819549793 -0.04661204647071617 0.038369111689716996 5.751838571866513 2.51981645584362 -0.9363528025065121
1.3119378089904785 -1 483.72430419921875 3.3947396278381348 -1 813.5732421875 3.1423227787017822
0.9827383003451643 0.17504253828020988 -0.04618157482967196 0.038115678839166105 5.7618472535281215 2.4637052411648597 -0.9324074893569362
2.4238457679748535 -1 768.0438232421875 2.4238457679748535 -1 883.5996704101562 2.3798913955688477
0.9826497041258523 0.1755771599157874 -0.04659563909075272 0.03743082038915848 5.761977051245209 2.3767935354618053 -0.9257889788826194
2.298570156097412 -1 792.976806640625 6.518352508544922 -1 689.8875122070312 30.379180908203125
0.9822200023986135 0.17696796730758682 -0.04903491214971555 0.03901003493408051 5.739467411674531 2.3142607902271912 -0.888450671424173
3.998534917831421 -1 510.5517883300781 32.588653564453125 -1 897.68505859375 32.423431396484375
0.9821343127336409 0.1779541484668071 -0.048976139249696335 0.036685836215993244 5.7535961637437065 2.2278391709214236 -0.8754951285954125
8.486567497253418 563438 1213.27783203125 10.69234848022461 563439 991.8623046875 13.734028816223145
0.9824543528350338 0.1771684346819307 -0.04683655813378174 0.03465728163071059 5.776940717027952 2.1511644595180957 -0.8853407417777593
1.1778708696365356 -1 1008.2875366210938 2.5308749675750732 -1 750.9703979492188 2.887650966644287
0.9828541965938891 0.17580833973999133 -0.04597940008333927 0.03122420028799813 5.802998398602854 2.0451187248372413 -0.8888425374944118
2.9522008895874023 -1 669.82958984375 3.719696044921875 -1 1041.72021484375 3.205580472946167
0.9831470712385049 0.17469782886198001 -0.04506143680088739 0.02952916896054232 5.809216020714576 1.9559209321038307 -0.9006388682356189
4.013552665710449 -1 932.143310546875 4.013552665710449 -1 795.0531616210938 7.211526393890381
0.9831619613488864 0.1748595817165816 -0.04514971352156389 0.027896017770172404 5.809231740836384 1.8697963971290115 -0.8978990932024927
3.6192381381988525 -1 809.5233154296875 14.068792343139648 -1 363.86737060546875 14.682764053344727
0.9831973608871718 0.1748883223095872 -0.04430216627529484 0.027827007161290777 5.811400801559227 1.8087139285021345 -0.9042148376568957
3.2950398921966553 -1 1140.4268798828125 4.818039894104004 -1 1140.4268798828125 4.818039894104004
0.9833411993812039 0.17434538578336267 -0.04252794248276176 0.028898895545830274 5.824094343121569 1.7730075433620838 -0.9191063265962219
2.963313102722168 -1 906.3876342773438 7.575987815856934 559624 749.4638671875 8.452489852905273
0.9833517360717218 0.17390100692209343 -0.04302905949488133 0.030435226222240423 5.820469138864719 1.736363035194425 -0.8975331568109484
1.1913959980010986 -1 1009.1455078125 3.7420504093170166 -1 1009.1455078125 3.7420504093170166
0.9834062084231333 0.17257027911608433 -0.04460642485561214 0.0337934144802597 5.8002419553590885 1.7140832022984298 -0.8722028467524844
2.9039642810821533 -1 784.6253051757812 4.111492156982422 -1 743.6278686523438 4.612975120544434
0.9834009927732027 0.171621463644957 -0.046937196184168306 0.035573308018950006 5.784504399510466 1.6774617551785598 -0.8261420685314439
3.932485818862915 -1 893.3430786132812 5.453619480133057 -1 647.7848510742188 5.802811145782471
0.9835900770794508 0.1703615402526959 -0.047476508532463685 0.03568594977209159 5.782672151929831 1.6268745021130286 -0.8055538491875229
0.5 -1 0.5 0.5 -1 0.5 0.5
0.9836274176486743 0.17012927597629257 -0.047818109426901206 0.03530667240650119 5.782505795935709 1.562106091171087 -0.7982601824397421
9.074418067932129 -1 888.509765625 18.92140007019043 558955 875.1641845703125 47.816925048828125
0.9834134971531298 0.1710960237734448 -0.049534076638928386 0.034211394556446104 5.774756292834645 1.4715537645597734 -0.7634393801133155
6.299683570861816 555535 750.7420043945312 9.520519256591797 555535 790.1405639648438 14.346360206604004
0.9836389110381718 0.17031971865858228 -0.04857059650219626 0.032963362739893975 5.783537184954483 1.4037622330651884 -0.7538238984045252
4.846152305603027 550981 742.044921875 4.487699508666992 550982 936.4559326171875 5.663744926452637
0.9844720903963133 0.1659423449495892 -0.048181120999226154 0.03092605637003455 5.798554218716878 1.3209135948923876 -0.755072492110528
3.46933913230896 -1 253.5231170654297 3.46933913230896 -1 492.9224548339844 3.911362886428833
0.9847915821976495 0.16411432745018031 -0.04867444551204465 0.02971237978217652 5.806421616183542 1.2413059840096201 -0.7490977035755069
3.726426362991333 -1 743.4727172851562 4.650435447692871 -1 478.67474365234375 5.11572265625
0.9845998292877055 0.1651293764601891 -0.04839725945420881 0.030873459051629817 5.811636971262698 1.189240263134556 -0.7344260107782465
3.8692543506622314 549719 229.66195678710938 4.786394119262695 -1 936.7701416015625 4.45834493637085
0.9846618912870028 0.16474314762984305 -0.04855937232380338 0.03070248386747936 5.814882049929573 1.1207026113495542 -0.7157724459661494
1.4621100425720215 -1 427.51873779296875 3.3805108070373535 -1 914.447509765625 6.548884868621826
0.9852388407303373 0.1617929343842345 -0.04880103027547085 0.027311765664864724 5.823142346650558 1.0232135805331257 -0.7264168958520558
1.9172064065933228 -1 979.4423217773438 3.6274783611297607 -1 362.6152648925781 4.210800647735596
0.985732890041479 0.16000789685758499 -0.04662204478801905 0.023548404902879273 5.848610593707246 0.9118141830069647 -0.7568819596074665
4.5940632820129395 -1 1105.7642822265625 35.34077072143555 -1 1105.7642822265625 35.34077072143555
0.9857807512248512 0.1599907029246563 -0.04585131951590169 0.023172008779841713 5.862239338183475 0.8223668083005428 -0.7801314633047289
7.201193809509277 -1 515.587890625 8.38499927520752 -1 805.0606689453125 42.5865478515625
0.9853447579154219 0.16185232741045144 -0.046842646285895746 0.026557459391914333 5.859288150589494 0.7689591213489416 -0.7654767540602235
8.810126304626465 -1 496.4478454589844 11.491573333740234 -1 568.8411865234375 25.42335319519043
0.9847977980006414 0.1639340467222436 -0.049181971705408035 0.02966578900898315 5.852733571903149 0.7269141532626471 -0.7266216145265261
6.626698017120361 -1 515.2315673828125 35.16225051879883 559682 574.3089599609375 35.524539947509766
0.9845231570679389 0.1649710795725393 -0.05027299940524859 0.031166033312716442 5.859395585341086 0.6823916983731975 -0.7013939719762468
2.606663942337036 -1 822.48193359375 4.202361106872559 -1 1179.7105712890625 4.146612644195557
0.9848218620771627 0.16397364115944638 -0.04896318475270179 0.029002612272961237 5.893520572752446 0.6009360148106783 -0.7100200223109194
2.0146894454956055 -1 1262.6441650390625 5.116634845733643 -1 1154.7978515625 13.57496452331543
0.9849364746816454 0.16409441122785376 -0.046898942677769416 0.027814640410833116 5.9318021103722 0.5369777318407484 -0.7301492746507109
4.372701168060303 -1 740.8641357421875 16.7567195892334 -1 740.8641357421875 16.7567195892334
0.9847904704045924 0.16512848146585485 -0.04658620040911433 0.02738685707641706 5.958200061834069 0.4741516207267488 -0.7269822804601858
3.653738021850586 -1 747.5557861328125 6.348879337310791 536693 1086.21826171875 8.175056457519531
0.9847242385100042 0.16535022220308582 -0.0462026166412096 0.02903095457934306 5.9707463316563 0.4415473046989999 -0.7128786153983604
0.7692589163780212 -1 674.8306884765625 4.750546932220459 -1 674.8306884765625 4.750546932220459
0.984756517485182 0.16439887760761 -0.04804446382002995 0.03032061688126474 5.960067394048217 0.407687585474206 -0.6858995630975666
4.105470657348633 -1 1292.1513671875 4.168222427368164 -1 534.0218505859375 6.049222946166992
0.9846142064210613 0.16433272261257653 -0.04957274709613132 0.03274390840911674 5.942367138931852 0.379801379530822 -0.672750342172069
3.8751111030578613 -1 575.7040405273438 7.493019104003906 510693 1089.9007568359375 8.667550086975098
0.9844477620676085 0.16568507435011232 -0.048923908201424754 0.0318984498678793 5.948903211730123 0.31791833457200647 -0.6801844991648369
6.741554260253906 -1 832.3519897460938 10.50153923034668 -1 832.3519897460938 10.50153923034668
0.984358123642944 0.16687258007322503 -0.048201990833766764 0.02948210503863559 5.959832994450013 0.23796291115843235 -0.6817548544814823
3.4267756938934326 -1 343.2913818359375 3.28326153755188 -1 662.080322265625 3.694908857345581
0.9845163019972101 0.16555185185207777 -0.048558148197128066 0.031021632673861384 5.95396090255721 0.2236087060480973 -0.6721846005759984
3.649489641189575 -1 707.6279907226562 4.961513519287109 -1 707.6279907226562 4.961513519287109
0.9844447976891815 0.1653403261512278 -0.04981991446603486 0.03238816100844809 5.940203419665618 0.19001003001804734 -0.6389758348233698
1.765265941619873 -1 814.395263671875 3.163729190826416 -1 1195.381103515625 3.8195810317993164
0.9841706334721324 0.16666950493069602 -0.05027410555361931 0.03319570225197753 5.931341734743422 0.14678591218942583 -0.613065987619778
4.640822410583496 -1 922.0816650390625 7.115101337432861 505084 955.089111328125 7.812214374542236
0.9842701516365295 0.1662209100855058 -0.050232028177384994 0.03255182011709824 5.929786182315715 0.08932155350688252 -0.5989456926350647
3.053495407104492 -1 629.7459106445312 4.034296989440918 -1 702.0679931640625 3.806678056716919
0.9846972525653546 0.16401231946208064 -0.04920431762189041 0.032407020570778766 5.934094051642479 0.04487434345998667 -0.5976143510040958
0.5 -1 0.5 0.5 -1 0.5 0.5
0.9847054072940727 0.16457133342234298 -0.04766588875187093 0.03161487167300579 5.943301851655582 -0.030106275102729632 -0.6066897937653646
10.401973724365234 -1 731.386474609375 21.627174377441406 505045 620.77685546875 22.832094192504883
0.9844352079130058 0.1664650161762554 -0.047199857245456514 0.030804111523055448 5.9416430612716296 -0.10446141676481274 -0.6094418680664206
3.972255229949951 -1 900.0540771484375 4.0504374504089355 -1 529.5504150390625 5.608353614807129
0.9845744389240182 0.16568298423886452 -0.04725515901468159 0.03048397772037246 5.93262463600896 -0.15924045958297448 -0.6130060622430011
0.5 -1 0.5 0.5 -1 0.5 0.5
0.9846703956857337 0.16558688812810426 -0.0469224901212643 0.028345621548510495 5.924084096946389 -0.23594601441976437 -0.6212136868577811
4.06971549987793 497994 1329.5533447265625 4.0007123947143555 -1 1591.17919921875 3.8116097450256348
0.9845568746721202 0.16670191165569523 -0.046024600427218974 0.027202377501217224 5.908327394138033 -0.28949600826516525 -0.632461396538628
3.4161932468414307 -1 402.00469970703125 3.8944718837738037 500480 1323.9185791015625 3.9875059127807617
0.9848607797663496 0.16506750811660928 -0.0455663551112331 0.026938253916469097 5.890767210502656 -0.32786154533518147 -0.6307900064561349
3.741931676864624 501312 1526.7724609375 3.3119235038757324 -1 631.4972534179688 4.528916835784912
0.9854569221872678 0.16251892038998106 -0.04196137139862947 0.026485813916486137 5.890160962729165 -0.35089303456022714 -0.6648343577173629
3.7582883834838867 -1 1318.802001953125 3.8201026916503906 -1 410.6916198730469 4.110774040222168
0.985625789058374 0.16180123633314855 -0.0406780222454011 0.026598164792427374 5.875573258577086 -0.38657285858663437 -0.6856921245307083
2.8002774715423584 -1 638.8607177734375 2.8002774715423584 -1 520.0139770507812 13.964370727539062
0.9852341969667294 0.16375824991362922 -0.04089009848345869 0.028719550110721984 5.856513854673038 -0.4383002038100885 -0.7018901502441112
30.04780387878418 -1 430.4345397949219 70.29122924804688 -1 430.4345397949219 70.29122924804688
0.9844672138962773 0.16773805628203103 -0.041875134020702275 0.030573229936921444 5.841528842318953 -0.511812504892095 -0.7143091572654051
102.05909729003906 591716 896.6007080078125 106.0964126586914 -1 1031.9188232421875 119.82243347167969
0.9836757348786676 0.17177593930005036 -0.04223699493853744 0.03303197764380516 5.836015326461878 -0.5751593577489953 -0.7384259165995904
4.300927639007568 -1 945.3828735351562 7.871781826019287 -1 838.0827026367188 26.32712745666504
0.9832279678187862 0.17416149459671335 -0.04115980987443523 0.03516258167256163 5.846256470366898 -0.6221371690381859 -0.7647616646664984
4.141998291015625 -1 994.2046508789062 6.261130332946777 511795 922.2330322265625 7.586875915527344
0.9830222149365814 0.17503561860303382 -0.04094354849492824 0.03678971321000506 5.8581181885300495 -0.6520632944906676 -0.7718125213674514
4.171550750732422 -1 862.3690795898438 5.423565864562988 434942 1141.35986328125 7.452606201171875
0.9827286014675082 0.17640163295869993 -0.04054718107236393 0.038508256962690356 5.876780565491406 -0.6845550340403282 -0.7870730363876404
3.527486562728882 -1 887.2203369140625 4.284315586090088 -1 997.9044189453125 6.504827499389648
0.9824844322475333 0.1781276617529903 -0.03938272646193928 0.03799838636150771 5.892882265719857 -0.7337630544734248 -0.8114271885419045
1.5049490928649902 -1 1015.7124633789062 3.2949774265289307 -1 895.4027709960938 3.9878158569335938
0.9823582820674488 0.1792839257800551 -0.03845623191832873 0.03675048077271995 5.8975587107247 -0.784158456664747 -0.8238428408576318
2.0623722076416016 -1 1098.3243408203125 3.473196268081665 -1 577.9310302734375 5.10066556930542
0.9823770418890306 0.17886384472290093 -0.03950273860101986 0.03718341382013201 5.881244940782887 -0.8161255185163608 -0.8069471474716031
1.1865935325622559 -1 277.083251953125 1.1865935325622559 -1 817.168701171875 1.1580103635787964
0.9821056255687115 0.17975782378034966 -0.041679607397856894 0.037662651834451596 5.8533127192281595 -0.8631507351681184 -0.7866122483550967
13.313484191894531 -1 606.928955078125 29.98492431640625 -1 980.9957885742188 51.404483795166016
0.9815119385493541 0.18295624971670588 -0.0418888664824399 0.037505306817884755 5.830576286544085 -0.9453732006467559 -0.7919003001421776
4.5154194831848145 -1 575.1404418945312 12.437769889831543 -1 750.6240234375 13.033125877380371
0.9813536992446688 0.18430471114950875 -0.040658968371537055 0.03638047165530801 5.810939176050494 -1.0275951210861092 -0.8038458706260024
9.522636413574219 431188 970.082275390625 12.14354133605957 480455 1034.52099609375 13.400370597839355
0.9813483578784311 0.18399262098813582 -0.04041693543789345 0.03832215078817992 5.792319653440074 -1.0635830648546758 -0.7878041356999101
0.5 -1 0.5 0.5 -1 0.5 0.5
0.9811142133028766 0.18483535602027434 -0.04007360842595485 0.04055733629886663 5.76974474425471 -1.0988416541250883 -0.7748169641393046
14.687186241149902 -1 393.76275634765625 31.605546951293945 -1 489.9715270996094 33.882354736328125
0.9806128683181189 0.1869200157500519 -0.04262393990639744 0.040527890985935316 5.717480707904665 -1.1666477828330661 -0.7328031817297335
20.062721252441406 -1 469.4698791503906 48.20529556274414 -1 636.9903564453125 107.43699645996094
0.980358531449882 0.1876397635301639 -0.047009160523826775 0.03845266938224049 5.623576229136442 -1.2432144881094829 -0.66047026359232
41.60197067260742 -1 707.7457885742188 279.9217529296875 -1 653.2533569335938 313.85479736328125
0.9808913347729423 0.18407216397498613 -0.04856639399385883 0.04013643222005104 5.561896924061743 -1.2386448705127595 -0.609743064529189
0.5 -1 0.5 0.5 -1 0.5 0.5
0.9815347424587659 0.1794130535926536 -0.049343103481008475 0.04433693365385413 5.538832690801802 -1.2054976832441802 -0.5525635436882524
2.0031518936157227 -1 684.4816284179688 4.7304582595825195 -1 902.9231567382812 4.908993244171143
0.9819760308491486 0.17579839584755255 -0.048612084643533726 0.04954658496595866 5.544367107509424 -1.1725986021455652 -0.5091534207827298
4.217539310455322 -1 635.8320922851562 4.217539310455322 -1 1144.9656982421875 4.855175495147705
0.9823204801447026 0.17469453393750733 -0.044837884471118826 0.05017826438601464 5.566227763427585 -1.193574520807023 -0.5271993539910118
5.016571998596191 460872 886.4091796875 5.656272888183594 -1 918.535400390625 6.31941032409668
0.9826066061504187 0.17522348636184484 -0.03914051479366739 0.047423701652686966 5.593723968038537 -1.2506001467260819 -0.5866338706729688
3.3784539699554443 -1 904.2233276367188 4.566909313201904 -1 1222.618408203125 7.125699520111084
0.9832839722051969 0.17289701666106663 -0.034147443960287995 0.04575154319857876 5.605368786882683 -1.2660094973688638 -0.643993423190779
5.122875213623047 591417 896.05126953125 4.9908528327941895 -1 657.579345703125 5.8945136070251465
0.9840141466067556 0.1696716917050398 -0.027548620163281114 0.046569838295059986 5.620526810830424 -1.249491457494181 -0.735488616176052
3.861757755279541 -1 673.460693359375 6.568307399749756 438994 1175.6773681640625 8.123193740844727
0.9844293802141293 0.16808454390744634 -0.020994538847376887 0.046963930938935354 5.62038471432177 -1.2374058573580247 -0.836553354884643
3.2613775730133057 -1 1043.3612060546875 5.088279724121094 -1 477.00067138671875 5.59959602355957
0.9851040325794269 0.16430008010536423 -0.013774181226623617 0.04884465789273618 5.625800264002534 -1.1932177635762022 -0.9129498353869777
8.335389137268066 434229 531.1934814453125 32.023109436035156 538117 459.4493713378906 44.77423095703125
0.9857678890796311 0.1602558248003227 -0.007420134331846045 0.050246204668153584 5.621126385382532 -1.1471531054102633 -0.9736745483211666
0.6360530853271484 -1 942.9678955078125 4.5837273597717285 -1 636.3235473632812 6.2466230392456055
0.9855235627856612 0.15943634683033514 -0.003381247258356422 0.05754933249510186 5.615366536856268 -1.0385243481462956 -0.9805414268159115
0.5 -1 0.5 0.5 -1 0.5 0.5
0.9861418435996151 0.15566861250668512 -0.0002992990475133438 0.0573712280004184 5.594930623802395 -0.9890875972260391 -0.988830967389646
9.062088012695312 -1 951.0886840820312 48.149986267089844 -1 1065.9390869140625 75.60305786132812
0.9868039374446588 0.15103284203430417 -0.0017794408206049726 0.058342979535887296 5.563618405651857 -0.9233537082555451 -0.9478919554798024
24.999317169189453 -1 668.3264770507812 116.26597595214844 -1 902.2413940429688 122.42048645019531
0.9860658572267414 0.15176011379870144 -0.007684388566860128 0.06770482437648341 5.529845469116408 -0.7978831945032598 -0.8423989617625529
130.00794982910156 -1 503.0128173828125 190.02935791015625 539719 518.2454223632812 195.68125915527344
0.9851564989734889 0.15627338629727708 -0.014083808351078217 0.06962002303799093 5.480088303410685 -0.7613543887118177 -0.7538652979425755
3.4708194732666016 -1 1384.674072265625 3.699069023132324 -1 815.367431640625 4.2558417320251465
0.9847118975530789 0.15806902301116832 -0.016753956279452097 0.07124582605806182 5.442747947419187 -0.6960171195782452 -0.7100026950208911
78.84229278564453 -1 1035.5732421875 78.84229278564453 -1 935.0145874023438 113.68098449707031
0.9852069403232874 0.15536560533966584 -0.02204181234538284 0.06886923787001566 5.382839120971398 -0.6764279560119779 -0.6530438344107371
196.7625732421875 -1 421.7422790527344 234.3785400390625 -1 427.49395751953125 234.9136199951172
0.9855132874652319 0.15531864711388996 -0.02490939153782023 0.06339716319676966 5.327204222939605 -0.697991233030703 -0.633443324390892
3.1913013458251953 -1 880.5457763671875 3.1913013458251953 -1 814.3525390625 4.571743488311768
0.9852375189051706 0.1568310269058518 -0.0253709752080592 0.06377596693294178 5.278563133347484 -0.6588362540895633 -0.6318472935969529
5.108346939086914 -1 828.8610229492188 7.193015098571777 -1 1476.69970703125 12.952556610107422
0.9851379194124957 0.15679917038759889 -0.025771501410312356 0.06521602269717239 5.22163017432856 -0.5920970066328604 -0.6350347297609084
5.394556999206543 -1 1128.40087890625 8.81999683380127 -1 668.0944213867188 12.653334617614746
0.9855780212430639 0.1565291594305976 -0.02197941779667221 0.06042757221564183 5.193306852061731 -0.5770647060935397 -0.6885207962519773
3.8299641609191895 -1 672.5476684570312 4.440614223480225 -1 672.5476684570312 4.440614223480225
0.9853969090702663 0.15974292715239197 -0.01790713544254211 0.05616460913950522 5.176915773824434 -0.5632455700884582 -0.7540723811187974
4.879951000213623 -1 680.7955322265625 4.6777801513671875 -1 212.7241668701172 6.209630966186523
0.9847138317557635 0.16162025434599867 -0.021026193846042967 0.06144478909041046 5.110515637088839 -0.429591703350822 -0.7006724186673465
59.292415618896484 457214 788.475341796875 97.03678894042969 -1 788.9732666015625 101.95509338378906
0.9846619697965003 0.15968767256924615 -0.022001807808895962 0.06675756825284782 5.069059835548186 -0.27405620009764775 -0.6316594666737231
9.496685028076172 -1 1305.609130859375 9.496685028076172 773707 889.1586303710938 64.70726013183594
0.9854136296656335 0.15446673432481256 -0.021906087661097532 0.0679715365400402 5.036238672830612 -0.13687702740940222 -0.5636187254711955
121.89404296875 548251 876.6690673828125 129.78758239746094 483479 590.337646484375 147.97413635253906
0.9860812967008022 0.14933676668011622 -0.022393477416913745 0.06957541651741012 4.998580863736142 -0.007691968590374517 -0.5082245162448935
2.641012191772461 -1 631.78076171875 2.641012191772461 -1 1054.0965576171875 7.325741291046143
0.9860711384161835 0.14864974316056895 -0.02365670765428947 0.07076244783688741 4.9583395911580705 0.07263261563479378 -0.48081102025016065
1.5355398654937744 -1 568.6844482421875 3.1630771160125732 -1 804.0963745117188 3.7108640670776367
0.9855909744189953 0.15115559368277287 -0.025022398252817515 0.07166796514413792 4.926191327360565 0.12632594399508063 -0.47465437107343345
3.5515265464782715 -1 661.91845703125 3.4242396354675293 -1 1183.8529052734375 3.486522674560547
0.9851495398986594 0.15374014637584 -0.025680534968609295 0.0720059827619979 4.906259098797615 0.17943230731066387 -0.479587390964835
3.7268030643463135 -1 521.1571655273438 3.7268030643463135 -1 745.6048583984375 3.961822748184204
0.9847242192693944 0.15552100486732187 -0.027108863475639892 0.07346113632662753 4.879500420441902 0.24925818509050476 -0.4877551048826034
1.8488496541976929 -1 850.6280517578125 2.811675548553467 -1 329.5644836425781 3.494596242904663
0.9841052826622341 0.15786782078531092 -0.03025236008259715 0.07549396337598288 4.833585527894737 0.3188335875412088 -0.49365652744605043
4.242181777954102 -1 818.68115234375 4.369253158569336 -1 1375.4246826171875 4.335573673248291
0.9836430833517936 0.1595957158285998 -0.030838893752341476 0.07761736078652152 4.797172274241676 0.39661334619538874 -0.5107880496842969
3.240694999694824 -1 748.3163452148438 4.489247798919678 505284 739.6682739257812 4.715734481811523
0.9836726925717865 0.15957127215159522 -0.028594083391318595 0.07814999288230019 4.779248183912295 0.47628180422529864 -0.545044221689812
6.192131042480469 -1 814.774169921875 7.458619117736816 510000 464.1728820800781 8.941768646240234
0.9838224435733074 0.1597940983391542 -0.02698520252035462 0.07636127619650361 4.762032037391107 0.5339503830066459 -0.5762655170377464
4.524746894836426 -1 712.95263671875 4.524746894836426 -1 802.3244018554688 5.033085346221924
0.9837597671770764 0.16031965035353019 -0.026453120933135163 0.07625327918931253 4.721062168461194 0.5973154982988009 -0.5985441038009341
41.45712661743164 -1 821.70556640625 70.53400421142578 582446 821.70556640625 70.53400421142578
0.9837169641406126 0.15983987502865696 -0.027308926167117095 0.07750078299216792 4.660635657093969 0.6724392339595345 -0.6162700337685131
95.57806396484375 615346 984.2230834960938 108.74518585205078 583150 809.2174682617188 115.02757263183594
0.984022348702073 0.15807951764342995 -0.027864602894886827 0.0770353637103565 4.599347023722461 0.741872624846622 -0.6375202513316021
10.612117767333984 581839 1011.33203125 11.526177406311035 582455 698.8796997070312 28.84634780883789
0.9842800626127731 0.1575278622823733 -0.026887435241871094 0.07519838278749973 4.557077639322357 0.7950059457001557 -0.6631976309079427
3.263911724090576 -1 1166.55517578125 7.066502571105957 -1 1166.55517578125 7.066502571105957
0.984544973612786 0.15642895994425232 -0.02530609376213022 0.07457061782673097 4.528317255846499 0.8622778585389932 -0.6838654797937027
0.5493065118789673 -1 0.5491271018981934 0.5493065118789673 -1 0.5491271018981934 0.5493065118789673
0.9849542127818337 0.15417101805863076 -0.023827385982174487 0.07435557538840185 4.5007653547025575 0.9463993811938874 -0.7101841598778385
10.301998138427734 -1 696.2488403320312 13.590845108032227 -1 876.1782836914062 19.37997055053711
0.9852265517195699 0.1524889626011238 -0.02402840082832449 0.07415115660077247 4.466888845761122 1.0001951161283513 -0.7277700796154444
15.30001449584961 -1 883.876953125 28.13702392578125 -1 898.0907592773438 48.159263610839844
0.9853439912570293 0.1511904872000979 -0.024309657477191503 0.07515115453009404 4.422385208761057 1.0688121224015796 -0.7363320416240949
7.355205535888672 -1 1020.818359375 38.631622314453125 -1 905.4732666015625 64.77851867675781
0.9859060562118401 0.14746847824536216 -0.023731279615065926 0.0753599536666841 4.378117404733493 1.1537207517515464 -0.7384968017095063
9.123642921447754 -1 859.5718994140625 85.57395935058594 -1 877.7442626953125 97.78137969970703
0.9865596144609559 0.14406777979390525 -0.022939180627485182 0.07360975432675115 4.335572968637612 1.2245457090835035 -0.7424075118751254
36.56636428833008 -1 891.5962524414062 37.65434646606445 615300 1082.5675048828125 38.164791107177734
0.9870194588631784 0.14161118894627697 -0.021772527084666066 0.07255905219204428 4.284141642080562 1.287809105735942 -0.7486652498247761
4.8439836502075195 -1 1046.628662109375 44.971595764160156 615323 878.35498046875 63.933650970458984
0.9871379168194411 0.13961904676410347 -0.02170914037087457 0.07479283510079811 4.207542680905726 1.3802533830904247 -0.7517923696082776
14.418558120727539 -1 1203.3258056640625 17.746707916259766 -1 990.1757202148438 63.8167724609375
0.9872042168503337 0.1381747525302892 -0.021277432219458874 0.07669969279116509 4.130908408504851 1.4427690917156397 -0.7550311385809214
144.50662231445312 727327 803.4931640625 165.46685791015625 -1 820.6114501953125 189.74896240234375
0.9864331791499804 0.13852434740512082 -0.023548628180024508 0.08488845833732044 4.00353815175189 1.5236225019901912 -0.7297719011845417
8.461030960083008 -1 1487.5955810546875 79.35147857666016 -1 123.79335021972656 125.4864273071289
0.9857959895741214 0.136936434544611 -0.02642872875995295 0.09357458057571581 3.866710531620851 1.6101475707564967 -0.7003747761402704
214.8658447265625 737970 713.0222778320312 217.83773803710938 -1 724.9415893554688 232.75079345703125
0.9858585184834217 0.13352930334831653 -0.026539014196506693 0.09771687370390045 3.7419855201733965 1.671118004511718 -0.7044168820443734
41.12187957763672 -1 1295.4300537109375 48.246891021728516 -1 1528.39599609375 49.5623664855957
0.9858356115698956 0.13221189419784038 -0.0241694495464898 0.10031948814586601 3.631066041780802 1.7070944048086811 -0.7211862429694677
4.567856788635254 -1 1266.401123046875 5.596923351287842 -1 864.7723999023438 6.214394569396973
0.9857669647725146 0.13238615160235367 -0.01953252705538608 0.10176383647412912 3.5384397777112073 1.73252712972746 -0.7556811796324571
3.6732447147369385 -1 1176.052001953125 6.737233638763428 -1 1523.860107421875 8.78740406036377
0.9861417451994043 0.1315113012565501 -0.015367165002141333 0.09996542530634837 3.4510772759385966 1.7368960773754203 -0.793761507393873
0.5 -1 0.5 0.5 -1 0.5 0.5
0.9861424922357978 0.12915577382842583 -0.009389208030110655 0.10369963291312756 3.3631424367426113 1.7833480682649274 -0.8228989436360064
0.5 -1 0.5 0.5 -1 0.5 0.5
0.9858015926312068 0.1267214660293102 -0.0024415955905481303 0.1101404949332037 3.288026109283733 1.8610571971870735 -0.8463040841643314
3.018483877182007 722107 899.39892578125 4.9380669593811035 -1 921.5211181640625 5.125566005706787
0.9858912422631753 0.12528624202829516 -0.0012559592821445359 0.11099657000773575 3.208859362085114 1.8754786212774932 -0.8473084747062993
3.6044604778289795 -1 475.7117919921875 26.025102615356445 -1 475.7117919921875 26.025102615356445
0.985861718495454 0.12662479056808662 -0.0030434672691256165 0.10969763774010903 3.1264807649153186 1.8548091214265714 -0.8012806390898293
200.8684844970703 -1 294.09912109375 201.92063903808594 -1 644.5931396484375 209.0004425048828
0.9856945765407681 0.1289828210708691 -0.004777577366275546 0.10838269419619205 3.0625991363036515 1.84593722785806 -0.7694591651549887
4.720460414886475 -1 474.0226745605469 4.409093856811523 -1 554.9339599609375 4.601945400238037
0.9847729028167768 0.13144254202358577 -0.007622410496082458 0.11352130585236547 2.9858482779624507 1.86359228170921 -0.753300361431431
3.434551954269409 -1 774.4312133789062 3.436721086502075 -1 743.240966796875 4.203421592712402
0.9835649737498483 0.1349638575907399 -0.00703801113470623 0.11972955339411677 2.9335127127062437 1.8749899368531455 -0.7570407183149668
44.95457077026367 -1 745.640380859375 82.86734771728516 -1 808.6356811523438 98.47404479980469
0.9827550085944725 0.14128151006914075 -0.006501639370959789 0.11912118485202992 2.871535213015577 1.8366571132862657 -0.7505981219350606
124.62830352783203 -1 409.7603454589844 245.4438018798828 -1 746.8651733398438 269.30145263671875
0.982773913413279 0.14302458379669544 -0.005313036168606796 0.1169238007883848 2.783251777492377 1.8045503234469842 -0.7744086702505855
177.899169921875 -1 397.8397216796875 223.99594116210938 726807 402.3036804199219 230.34922790527344
0.982688214042813 0.14385749021232516 -0.00456446906175863 0.11665359880150161 2.641580283218226 1.7864486181181787 -0.798902564504246
235.637939453125 727890 631.4024047851562 351.00146484375 -1 264.8316345214844 351.5441589355469
0.9829457457777645 0.1449593195948849 -0.003971513255157444 0.11308706204710894 2.5309107772212807 1.755487118649245 -0.8202258747462163
228.83929443359375 727890 397.71038818359375 246.95645141601562 -1 478.7646179199219 266.61962890625
0.9830185377062285 0.1471258796273278 -0.004117504951936058 0.10959733675032408 2.430643592081189 1.730817873304005 -0.8271184754744776
280.933837890625 -1 193.60838317871094 283.5771789550781 -1 193.60838317871094 283.5771789550781
0.9829675643991301 0.1491388688408527 -0.005120055634762014 0.10726672443218285 2.3377564442638388 1.7297970976225874 -0.8087771544937096
268.2903137207031 706794 634.7241821289062 278.77215576171875 -1 1140.6124267578125 280.587158203125
0.9831826047403266 0.14958237174815453 -0.006276747883999569 0.1045833745593652 2.263920088447625 1.7492183784853832 -0.7813945786512204
21.180856704711914 -1 1263.4613037109375 184.51100158691406 -1 984.3981323242188 188.9738311767578
0.9835092402194919 0.14778904331259382 -0.0066841246070699625 0.10403506888479153 2.1972183502569567 1.8008533429791567 -0.7554824920304491
88.51580810546875 -1 867.5281372070312 113.83751678466797 -1 1230.9049072265625 168.94009399414062
0.9836960420904567 0.14637215083445035 -0.005960805723092146 0.10431567011144101 2.1421769096241783 1.8657949730803252 -0.7214652690871889
14.877298355102539 -1 1025.0841064453125 27.398292541503906 -1 1064.546142578125 36.41080856323242
0.9837260121412107 0.14644673043296952 -0.004433375121252958 0.10400400649627929 2.10644476331324 1.922786410522083 -0.6959233151181768
3.8835179805755615 -1 1531.685791015625 4.448251724243164 -1 867.11376953125 5.486575603485107
0.9835807349303852 0.14646223372116723 -0.003028248891681525 0.10539725649114227 2.0584286643570553 1.9856107251317654 -0.6635943428437844
3.623507499694824 -1 787.8474731445312 11.752593040466309 -1 787.8474731445312 11.752593040466309
0.9839968249672487 0.14546376064619942 -0.000603498461379124 0.10290859333722442 2.01981895041592 2.031011287460286 -0.6486694015034438
6.258834362030029 -1 1048.4530029296875 6.6428680419921875 -1 1048.4530029296875 6.6428680419921875
0.9847854383375833 0.1459183854330034 0.0010743867584503677 0.09436265640587334 1.9817381022734426 2.0265320542627365 -0.6307666191494902
87.65858459472656 -1 716.8945922851562 187.01248168945312 -1 717.448974609375 194.81153869628906
0.9849612323539911 0.14851781492104382 -0.00022604129424587375 0.08828237828762382 1.8832332157926839 2.007643278885851 -0.6188362754098371
243.47996520996094 -1 733.9025268554688 243.47996520996094 -1 1072.8709716796875 364.6664123535156
0.98534041505087 0.1492807946938235 -0.003071727284386662 0.08252318034619234 1.7541115890378154 1.9956074160930233 -0.6177543930252741
297.5172119140625 -1 1021.4486694335938 313.72857666015625 649168 1021.125732421875 316.659423828125
0.9856217133945849 0.14913273990377762 -0.004929230766107243 0.07927778161609536 1.6204404372499386 2.0092344560822344 -0.6260381106390149
150.44615173339844 -1 1411.497314453125 219.4025115966797 -1 817.6643676757812 257.3645324707031
0.9860349117995538 0.14886482378785215 -0.004118298910298024 0.07454835051926681 1.5110004240898465 2.034818455515793 -0.6369526034736259
102.56155395507812 -1 953.5579223632812 102.56155395507812 -1 1238.1466064453125 249.6825408935547
0.9864535301771616 0.14894437048894027 -0.004038374068883534 0.0686199594545831 1.4107993524063995 2.06457947030383 -0.6451488474726699
163.45860290527344 -1 1265.4473876953125 289.8574523925781 954886 998.0613403320312 333.10736083984375
0.9868338665277557 0.14818147408493043 -0.003107337737574926 0.06474191118650459 1.303821468951271 2.0909561611181218 -0.6609438561334379
267.2474060058594 -1 1223.522216796875 300.1216735839844 954886 1165.8917236328125 330.4871826171875
0.9874897360796127 0.1460726485505711 -0.002331422510094745 0.05934110676350492 1.210971620058181 2.1117999145871695 -0.6566828308120018
215.13836669921875 -1 865.7032470703125 227.442138671875 -1 1200.5145263671875 270.39044189453125
0.9879310433318674 0.1435359663230965 -0.003157545589750728 0.05813527241487261 1.093992898784444 2.1277192784547574 -0.6376328335613978
145.82545471191406 -1 651.9882202148438 166.33047485351562 -1 1107.859130859375 241.64321899414062
0.9881755456411712 0.1411765772051763 -0.005020471364427351 0.05960754912495184 0.938806984937091 2.138445736441127 -0.5961426233945374
134.45411682128906 -1 751.953369140625 187.25856018066406 -1 575.5359497070312 228.7584991455078
0.9881993989495629 0.14048988142313584 -0.006068549047939625 0.060726549761111685 0.8365067193895378 2.1344144206614697 -0.569771076167462
77.53254699707031 -1 1208.779541015625 138.470703125 -1 614.0131225585938 265.1051940917969
0.9880991965605738 0.13953490006019217 -0.0065359563167851475 0.06439930664662435 0.7313677035247934 2.1300730617881545 -0.5359016297551691
6.425435543060303 -1 534.544921875 10.240853309631348 -1 273.5393981933594 11.630078315734863
0.988563937146488 0.13541984253903439 -0.0044901273285940435 0.06620156476028867 0.6653480201817393 2.1543453027835207 -0.5151820459630101
50.46041488647461 -1 814.70068359375 70.3440170288086 -1 505.6258850097656 94.5147705078125
0.9891869732067716 0.13100476182104584 -0.0030199220982824833 0.06586170730217164 0.6086151279589442 2.1664893801796015 -0.5146822952657679
198.57508850097656 954918 853.6370239257812 198.57508850097656 -1 876.9627075195312 200.24005126953125
0.9895720826405112 0.1327666827691336 -0.008981454458243703 0.055131068199482776 0.5671758111705634 2.148075725662182 -0.48510611942663484
166.24514770507812 -1 837.4571533203125 178.58065795898438 -1 830.3605346679688 195.65716552734375
0.9904000174680295 0.12933051450164446 -0.013210592505775682 0.046977693256620316 0.5417415782176669 2.1437805306036117 -0.4592254223989673
196.35476684570312 -1 838.3479614257812 199.85433959960938 -1 1039.521240234375 204.6568145751953
0.9918024305128994 0.12211203211082546 -0.014560865657434958 0.03470693927410395 0.5670442508151321 2.1608826986538916 -0.4338688130213205
34.37700271606445 -1 1114.4761962890625 50.77392578125 -1 842.6270141601562 198.3421630859375
0.9924446616296015 0.11770577780523415 -0.014430539690235333 0.03147543484082652 0.5291843238397563 2.171800214559329 -0.416443760082959
205.23255920410156 952175 819.5723266601562 205.23255920410156 -1 918.8056640625 331.770751953125
0.9922578190905671 0.11906887471042914 -0.018437901814670924 0.0301175580931817 0.4038609347651922 2.165959111867155 -0.4043589543618998
359.8852844238281 -1 841.4363403320312 360.5928955078125 -1 808.9141845703125 422.2106628417969
0.9920722517255709 0.11836067498194863 -0.019253431318596186 0.03758594626230975 0.14943688263445926 2.1785125567437427 -0.4207912470775111
72.72714233398438 -1 675.4298706054688 258.9295959472656 -1 1159.3343505859375 338.731201171875
0.9919861849779027 0.11853494731274018 -0.020212372288687552 0.03878575879128387 -0.05808906597000896 2.1833151400075743 -0.4187513534207484
200.22447204589844 914466 713.7916870117188 225.98312377929688 -1 722.4813842773438 367.0655212402344
0.9920079009458788 0.11752521997573696 -0.020396752287494786 0.041135381689354836 -0.24160188518897696 2.188805953790166 -0.40317493606005206
312.4529113769531 -1 1113.371826171875 329.0797119140625 -1 692.03662109375 348.9707946777344
0.9920761756976242 0.11675916550080138 -0.019490318454228973 0.04209853169988154 -0.41290875675942906 2.1850761522060083 -0.3833587236190997
206.03639221191406 -1 1288.103759765625 229.52613830566406 -1 89.01115417480469 255.49880981445312
0.9921738432677135 0.11620488393209961 -0.018391618523377583 0.041823893336136224 -0.5525760931546052 2.1826065782057844 -0.3718590513948692
205.3636016845703 890135 602.6348266601562 238.1183319091797 -1 749.3404541015625 271.49310302734375
0.9921448318048752 0.11562703181629042 -0.019052468854232833 0.04377243044187616 -0.6798417945280756 2.183869713946179 -0.3567392751447793
205.3364715576172 853902 1190.5302734375 218.29092407226562 -1 1198.598876953125 222.9770050048828
0.9923373781460343 0.11405561715369965 -0.021071444809691146 0.04258918106251277 -0.7917719671155801 2.2045993180495946 -0.3434043671149315
0.5 -1 0.5 0.5 -1 0.5 0.5
0.9926984117096784 0.11085062801456301 -0.02168567033294657 0.042328871471723414 -0.9123683380674272 2.23622215045587 -0.3339598609662697
235.50282287597656 853902 1110.8719482421875 242.4165802001953 -1 1116.1986083984375 253.24310302734375
0.992897254393008 0.10964502213282451 -0.022896842080619158 0.04010917554692476 -1.0094326718541213 2.25534935841845 -0.3256784310817861
143.12925720214844 -1 679.0298461914062 301.19146728515625 -1 1067.8284912109375 309.3856506347656
0.9928747927406685 0.11001720171630261 -0.025453713326301457 0.03805219763156359 -1.1507598801903394 2.27067482361508 -0.3143640044647207
160.5985870361328 -1 1043.6575927734375 253.7432098388672 890135 806.8593139648438 411.84716796875
0.9931077583499736 0.10808621167612295 -0.029301307825985497 0.03458011726818885 -1.296322829058165 2.3042055842543463 -0.3185852053251697
263.88458251953125 890135 982.0648193359375 272.4464111328125 -1 982.0648193359375 272.4464111328125
0.9932319679420223 0.10665304272324315 -0.03338783725953596 0.03163287307568738 -1.4743868396394937 2.3313673432841426 -0.33668002130204705
274.96063232421875 943385 1114.040771484375 379.40380859375 -1 813.7203979492188 499.56231689453125
0.9933796711337627 0.10572433630227301 -0.036928049651241086 0.02560298499349038 -1.6327806721188352 2.36375266033245 -0.35097932505241897
265.0454406738281 916463 870.1234130859375 264.7240905761719 956912 885.0328979492188 277.94842529296875
0.9934021314617875 0.10605934389127077 -0.038257680590337455 0.020975477500609057 -1.7759802584216253 2.38222740347014 -0.3568866680078231
153.0213165283203 -1 811.4454345703125 262.52880859375 867701 1040.1815185546875 313.32269287109375
0.9933877278090093 0.10653704542617934 -0.03964724175637275 0.016086528880576684 -1.8703151795905626 2.412709328798767 -0.3607257649862158
276.8608703613281 867709 780.4928588867188 281.787109375 866355 769.400634765625 285.2892761230469
0.9933739580729521 0.10594268003730824 -0.041814568823791975 0.015358053361987548 -1.9740575424019207 2.4333202191114154 -0.37809920060117025
0.5319572687149048 -1 0.531781017780304 0.5319572687149048 -1 0.531781017780304 0.5319572687149048
0.9933777324889653 0.10477319723725351 -0.04474344185073245 0.014875555354858218 -2.081118627952782 2.443157216526207 -0.40926858272686867
312.4078674316406 -1 674.8751220703125 341.3863525390625 -1 717.6425170898438 343.4725341796875
0.9931126133876169 0.10647134860152606 -0.04672687514440448 0.014414860270890655 -2.1754905229211348 2.4238545686100883 -0.4233883432731952
275.7335510253906 -1 658.58251953125 275.7335510253906 -1 669.5269775390625 276.5953369140625
0.9928101014063622 0.1085569077355435 -0.049143636943159145 0.01133151694984721 -2.2884976073266694 2.4101709863404435 -0.43268586316694335
151.02908325195312 -1 511.7562255859375 151.02908325195312 -1 647.9234619140625 246.41612243652344
0.992805005604227 0.10769398270147551 -0.05133266394049337 0.010255951923514053 -2.405111296719992 2.4200346318664323 -0.4432341237958046
262.6261291503906 943385 960.5591430664062 286.8900451660156 -1 1171.1771240234375 294.8977355957031
0.9926343767994343 0.10730094918335516 -0.05548671826096063 0.009204585649477076 -2.544895764331002 2.4230214727239865 -0.4690595262007518
258.2182312011719 -1 562.5263061523438 258.77130126953125 941341 569.4724731445312 260.38763427734375
0.9922610825706797 0.10855848059790454 -0.059823558417105745 0.0073581359223864615 -2.681301808542935 2.4073546970427953 -0.4900212584334836
251.41322326660156 945053 115.54080200195312 317.63311767578125 -1 901.63623046875 324.2544860839844
0.9918250580235999 0.11051642833997206 -0.0636690068574291 0.003928219602729809 -2.8038303309651527 2.389776351226237 -0.5101997583228729
317.0837097167969 -1 840.6483764648438 317.0837097167969 -1 986.44189453125 332.80340576171875
0.9914305025307226 0.11173025869115527 -0.06767779207930959 -0.0012745209908957384 -2.914042531933704 2.3861263146340077 -0.5295593453847772
229.1744842529297 -1 578.9686889648438 303.14752197265625 -1 798.136962890625 303.9430236816406
0.9909851352639079 0.1127564794198893 -0.07202056567045396 -0.006890294283569515 -3.0243688948029845 2.3852038273005003 -0.551603586497654
204.84640502929688 -1 355.127197265625 204.84640502929688 -1 338.703125 213.4116668701172
0.9906262073981497 0.11327558726952813 -0.07550639923179464 -0.011275735885112128 -3.1239943649965976 2.3775360836796295 -0.5820727024505424
124.46083068847656 -1 280.1639099121094 198.90411376953125 -1 285.9243469238281 201.20468139648438
0.9902206150104261 0.11483491169682422 -0.07775659937672141 -0.015165352528842112 -3.1888716095014074 2.360897428339632 -0.5883659023896739
0.5305758714675903 -1 0.5304313898086548 0.5305758714675903 -1 0.5304313898086548 0.5305758714675903
0.9898930191151899 0.11542418073456565 -0.07927207890127308 -0.022472354470304337 -3.2478005041798133 2.371400370784856 -0.5796479595993548
181.1080780029297 -1 216.2858428955078 181.84986877441406 -1 263.82208251953125 186.27853393554688
0.9897908248780424 0.11469608146816777 -0.08060469410254485 -0.025725768632388596 -3.341786895620422 2.354828384520001 -0.5850946993794452
249.79373168945312 -1 753.7860717773438 251.86224365234375 -1 718.2665405273438 268.879150390625
0.9892914712774136 0.11523696593147605 -0.08423194609432999 -0.030459904757569798 -3.451720680765135 2.3337237044959456 -0.6028405282574937
262.4554443359375 943369 744.9638671875 283.7970275878906 -1 656.2024536132812 287.52618408203125
0.9888214080159551 0.11690601490406219 -0.08617183185607145 -0.03375828969548319 -3.5507434434098624 2.2952493710498376 -0.6127231328757174
378.90765380859375 -1 515.2201538085938 402.6161804199219 845459 413.5353088378906 408.10760498046875
0.9881942631652954 0.11933923061678009 -0.0879062335177836 -0.038765195623275905 -3.6405805878938 2.2654938458869536 -0.6123437209955118
198.46324157714844 -1 654.0405883789062 217.31930541992188 -1 590.541015625 318.54425048828125
0.9880237653520345 0.11903948517820037 -0.08927903851530429 -0.04083985002273957 -3.737788855766243 2.2282810554612342 -0.6311226715682692
331.3665771484375 -1 438.6621398925781 361.8324890136719 795426 436.9618835449219 364.1302490234375
0.9877054051515212 0.119957081229737 -0.09099932642802845 -0.04204109759457789 -3.8312644598279997 2.1722415537289765 -0.6484136967322086
191.34332275390625 -1 721.4678344726562 216.56143188476562 -1 759.0711669921875 217.57188415527344
0.9871094845328932 0.12262763161097662 -0.09258728468061059 -0.04477638022618877 -3.9012250639841364 2.1217988742833014 -0.6516397790092542
87.5598373413086 -1 465.74395751953125 164.18080139160156 -1 705.3756713867188 189.91278076171875
0.9867960340501747 0.12325035865876778 -0.09468993189640063 -0.045571406284935945 -3.9648545641554476 2.062734024090649 -0.6729752078382701
119.91946411132812 -1 555.7334594726562 133.66078186035156 -1 450.1669006347656 147.43873596191406
0.9862931251182465 0.12408487265834404 -0.09701568251669211 -0.049160686200112505 -4.015557016714026 2.0236452924929758 -0.6967266604566664
39.50691223144531 -1 528.86474609375 51.46794509887695 -1 512.5988159179688 77.68212890625
0.9862809102524606 0.12271091691454666 -0.0972922993546844 -0.052213077172751074 -4.05432828144211 1.9899937331407647 -0.7073871440950545
32.01612091064453 -1 448.7462463378906 145.88829040527344 -1 645.5292358398438 158.582275390625
0.9859140324431697 0.12256796151960508 -0.09863736761577971 -0.05675636660681227 -4.094898371884125 1.9607271658930663 -0.7168408771554494
11.695022583007812 -1 425.4837951660156 110.11235809326172 -1 620.398193359375 136.5388641357422
0.9853935557128156 0.12503001574609318 -0.09948762078050717 -0.058900329656292424 -4.1597076121385275 1.8848844836544154 -0.7159447382548677
0.5 -1 0.5 0.5 -1 0.5 0.5
0.9843337785449705 0.1288258100029989 -0.10357060889977118 -0.06135187091346817 -4.268881633341773 1.8047661757574107 -0.7446819852939806
214.40147399902344 -1 675.9127197265625 340.9664001464844 -1 436.209228515625 347.2998352050781
0.9826168461025555 0.13292241263290674 -0.11051566165393295 -0.06769087460291474 -4.37701915462352 1.7585616460306461 -0.8114808636487125
159.6294708251953 -1 742.0130615234375 166.88938903808594 -1 744.6400146484375 169.8629150390625
0.9815257614524987 0.13733552781469535 -0.11265223725238176 -0.07110278367957919 -4.474009450471481 1.690288268717328 -0.836562693807731
77.44267272949219 -1 672.4417114257812 82.00052642822266 -1 692.8278198242188 106.62120819091797
0.9804756895474568 0.14034544302401322 -0.11367927580000194 -0.0777663235753096 -4.550871308488744 1.6584204735449297 -0.8423066406442206
156.6001434326172 -1 528.1845092773438 214.49017333984375 895596 532.7689208984375 218.2688446044922
0.9798627319720947 0.14175013510829745 -0.11515107174118508 -0.08072271282494686 -4.621857561734365 1.6328443521374971 -0.8623009460479263
101.41459655761719 -1 921.8526611328125 201.58560180664062 -1 474.1614990234375 212.00466918945312
0.9794250910033006 0.14211765319786265 -0.11668223032298579 -0.083152395573201 -4.68009593083586 1.6103514742829483 -0.8885032101498869
29.527006149291992 -1 462.6701965332031 171.7642822265625 895596 460.1192626953125 191.89002990722656
0.9787386773927623 0.14436646793096494 -0.1173627464522333 -0.08634182102430481 -4.752205894262796 1.569079881367133 -0.9201317188537113
21.52913475036621 -1 345.4407653808594 55.84572982788086 -1 252.61849975585938 104.33888244628906
0.9783242684158797 0.1468343855387335 -0.11714705492121591 -0.08716568462004957 -4.810316895420562 1.5224598988366123 -0.9327426935369412
16.513076782226562 -1 26.997854232788086 32.593570709228516 -1 26.997854232788086 32.593570709228516
0.9780748184683935 0.1476926884091454 -0.11628859659795676 -0.08962969134040386 -4.865574338311816 1.4895135483623367 -0.9404318338969169
7.392260551452637 -1 523.5904541015625 41.90639114379883 -1 121.78500366210938 75.60717010498047
0.9778274237250812 0.14970933903738232 -0.11536166705470526 -0.09017942664776642 -4.918299623078321 1.4320412004447989 -0.9513416390683175
2.0 -1 72.0 2.5 -1 40.5 3.0
0.977197270285568 0.15151967946754213 -0.11691085162529284 -0.09197355300702818 -4.977435782877799 1.3878626610535225 -0.9844939490467323
3.076791524887085 -1 302.6210021972656 4.616775989532471 -1 465.8071594238281 29.254348754882812
0.976340849670952 0.15430032087004356 -0.11789817801512613 -0.09513136109569156 -5.036539850788223 1.3445469751754577 -1.0098345196132177
19.59505844116211 909069 281.90838623046875 47.31543731689453 -1 57.639305114746094 53.00516891479492
0.9753283741007164 0.15797987426188542 -0.11809587926567626 -0.0991477952489056 -5.097716328299394 1.273657438776624 -1.0343677289844464
26.61665153503418 -1 829.0091552734375 177.49095153808594 -1 829.0091552734375 177.49095153808594
0.9745022943508894 0.16140127539191243 -0.11837929771652302 -0.10139649145241415 -5.1574850559449725 1.2097623762468988 -1.0533648658205486
3.238224744796753 -1 29.704601287841797 3.238224744796753 -1 392.2215576171875 29.563640594482422
0.9740043035679098 0.16282029640064333 -0.11930513703471214 -0.1028175665357155 -5.217685778013275 1.1511944043385482 -1.0742241363099982
165.0283203125 -1 1256.3594970703125 201.11758422851562 -1 670.0787963867188 215.54904174804688
0.9731977183755972 0.1649000278398095 -0.12095408066409011 -0.10518693900702136 -5.269197278181294 1.1022119672842927 -1.0965406024203854
0.6611546277999878 -1 0.662247896194458 0.6611546277999878 -1 0.662247896194458 0.6611546277999878
0.9729240591804996 0.16712442115710532 -0.1205915526311953 -0.10462256140355182 -5.299520894921068 1.0137487659859006 -1.1081142496735699
88.88488006591797 -1 1161.5042724609375 109.2865219116211 -1 1244.2757568359375 122.52503204345703
0.9728999333777161 0.16864777305518466 -0.11953761705834855 -0.10360698038826517 -5.310014917263256 0.9226945590316384 -1.1054577308327125
6.795814037322998 -1 878.665283203125 78.12167358398438 -1 1197.6185302734375 85.05914306640625
0.9731053021186397 0.17088158407422216 -0.11664838868314611 -0.10128528338559985 -5.299371955005224 0.8126759721294365 -1.0846539767842147
6.4299845695495605 -1 1265.6566162109375 52.4797477722168 -1 1221.263671875 67.47317504882812
0.9731932108436168 0.17311498297809452 -0.1131863408633512 -0.1005735018697833 -5.2672825488620765 0.7034049216013643 -1.0470066088467276
5.764317512512207 -1 1213.7720947265625 11.594833374023438 -1 1281.078369140625 16.582929611206055
0.9731249077768782 0.17241378636896235 -0.11334524321730899 -0.10224605603234349 -5.262061321371323 0.6461978902215746 -1.057334684729947
4.543244361877441 -1 133.68655395507812 8.239768028259277 -1 268.776123046875 11.110211372375488
0.9727992390209396 0.17471456204343916 -0.1129735325403681 -0.10185010218748217 -5.268866947555839 0.5432390288919232 -1.061832924145021
2.911558151245117 -1 707.0961303710938 80.06781005859375 -1 1076.605712890625 131.53639221191406
0.9720741678204681 0.17783196673472249 -0.11256279186081879 -0.1038133987108749 -5.2581507886413625 0.4687762455563998 -1.0589795838552547
4.508074760437012 -1 886.4911499023438 4.508074760437012 -1 782.931640625 53.445518493652344
0.9723125004766211 0.17842455300254775 -0.1113300891828981 -0.10187586340870815 -5.2239133207659325 0.3714477753740477 -1.042449143831727
7.18015718460083 -1 1356.93994140625 12.334997177124023 -1 1160.571044921875 15.534571647644043
0.9728428293054089 0.17839022810311098 -0.10979257223908097 -0.09848526319959398 -5.186588065491273 0.28087229179305695 -1.0213583696599147
6.473179817199707 -1 1081.7740478515625 6.473179817199707 -1 1317.261962890625 11.37637996673584
0.9727056839616451 0.17995119255355524 -0.1121150783701501 -0.09429437888504609 -5.174654802929321 0.17751931512972705 -1.051357816402645
39.44184494018555 -1 605.6324462890625 72.42350006103516 -1 605.6324462890625 72.42350006103516
0.9729698393610793 0.18159838733314212 -0.11155349079253757 -0.0889243279630328 -5.141373791536862 0.03819201620628095 -1.0557615666711173
9.1813325881958 -1 1261.5439453125 9.1813325881958 -1 1582.3704833984375 20.126909255981445
0.9730563287145675 0.18457198333194616 -0.10967113423188815 -0.0840642994007012 -5.095959787899973 -0.09430134379162126 -1.0447030595059357
43.30543518066406 -1 805.0059204101562 46.54595184326172 911602 1494.5340576171875 65.35050964355469
0.9730924026357975 0.18657291256865863 -0.10857664738584553 -0.08057813518932103 -5.056190608029432 -0.19116374132569786 -1.0433025272955527
10.716761589050293 -1 757.1334838867188 15.455058097839355 -1 1130.1649169921875 17.547351837158203
0.9733987926389712 0.1879925202229485 -0.10612202319311749 -0.07675753397951766 -4.9961235494020935 -0.27893517055291767 -1.011465466772592
185.5536651611328 -1 1360.132568359375 198.2310333251953 -1 1472.8995361328125 212.56744384765625
0.9739547585652713 0.1880075615948372 -0.1039777743511889 -0.07248384297345808 -4.912250110644018 -0.36026252333306075 -0.9760019873229467
195.9274139404297 289660 1319.359375 238.05508422851562 264440 780.929931640625 244.3293914794922
0.9745619857600646 0.18857559547451358 -0.10216039755844969 -0.06504947250771433 -4.827237817786704 -0.44571512620739623 -0.9550882911047203
208.51658630371094 -1 516.7714233398438 275.3319396972656 -1 1149.0194091796875 279.8462829589844
0.9756161768605971 0.18680205198546368 -0.10033553284612354 -0.05666435979005475 -4.7259638038790825 -0.500074469374854 -0.9400368718206107
77.16507720947266 -1 253.79234313964844 193.99269104003906 -1 584.045654296875 236.88967895507812
0.9764178287499337 0.18528597628150692 -0.09838505985731227 -0.050967741656336434 -4.623231333097408 -0.5295027466399729 -0.9377606408927824
80.48726654052734 -1 164.15289306640625 80.48726654052734 -1 631.663330078125 281.9027404785156
0.9768171964422674 0.18517487145056322 -0.09558311407786167 -0.04901326372641051 -4.532504274883705 -0.5283449683987218 -0.931216107823737
49.417388916015625 -1 392.6327209472656 197.33314514160156 -1 1027.818359375 231.23561096191406
0.9767814581489457 0.18680746841021592 -0.09258107292564116 -0.04929196383309065 -4.463433586473761 -0.5077900982180875 -0.9119997848449921
99.95748138427734 260266 148.46295166015625 172.5027313232422 -1 207.61764526367188 227.00994873046875
0.977026435449955 0.1860142303673418 -0.09129306466420593 -0.04983599980955033 -4.398346506558894 -0.4474981049072059 -0.8929136541443601
248.08963012695312 -1 226.28350830078125 249.4503631591797 -1 492.01336669921875 262.0943908691406
0.9780702152813342 0.18209857008596647 -0.08992191712650198 -0.04618239461597405 -4.32399712723774 -0.40121860503858836 -0.876866299956479
58.439483642578125 -1 161.34246826171875 154.9464874267578 904585 644.4521484375 206.79690551757812
0.97880528232271 0.1787628950231475 -0.08988046907448445 -0.04365258227245782 -4.247664652721409 -0.3453244649307968 -0.8813320698185324
108.89541625976562 -1 893.2322998046875 181.54237365722656 -1 199.07833862304688 194.92694091796875
0.9792548725761211 0.17754799064108615 -0.08957801450616704 -0.038889392800232 -4.183306752251301 -0.3227088092512126 -0.8787638236492575
23.520021438598633 -1 123.07291412353516 43.94464874267578 -1 230.18539428710938 158.70213317871094
0.979324990594588 0.17735469226982012 -0.09149380251040899 -0.03311736748254509 -4.118383519442072 -0.27007100131012884 -0.8891191437378577
2.329188823699951 -1 617.0091552734375 27.808956146240234 -1 617.0091552734375 27.808956146240234
0.9800420215841602 0.1740844467753676 -0.09203172285677529 -0.02724707889224832 -4.060354332017995 -0.21443547203481494 -0.888249260174542
3.578289270401001 -1 551.3258666992188 53.878868103027344 -1 136.67898559570312 106.97645568847656
0.9804338479607523 0.17236529501046705 -0.09224852234589238 -0.023019230522033925 -3.9920933984927767 -0.14776298387855577 -0.8975896034538661
2.537497043609619 -1 67.41547393798828 18.98904037475586 -1 168.48472595214844 21.063600540161133
0.9807602323302202 0.17225870028123727 -0.09059094457755675 -0.015152148941238135 -3.900020388539489 -0.11101684845711729 -0.8925065812998078
142.06414794921875 -1 552.5294189453125 209.58335876464844 -1 552.5294189453125 209.58335876464844
0.9812205180634915 0.17015402449220907 -0.0904438840399302 -0.008591083755255491 -3.825815489683393 -0.0571436260976778 -0.8925067810361478
33.515533447265625 -1 789.6716918945312 141.35040283203125 918620 786.912353515625 147.59950256347656
0.981905113485005 0.16677113756137782 -0.08971148755835201 -0.0012588838512740362 -3.7400131508862384 0.008076138766009948 -0.8892213278788339
44.52214431762695 918974 353.02960205078125 61.4209098815918 -1 353.02960205078125 61.4209098815918
0.982671347178697 0.16210345407644916 -0.08976189351272344 0.004721872880540383 -3.6719579119360577 0.08163054354218975 -0.8821279553318344
5.624476909637451 -1 874.5543212890625 21.39402198791504 -1 721.0111083984375 125.6452865600586
0.9836372955276103 0.15628123389618848 -0.08886846130761901 0.011672333264168002 -3.610224728642271 0.15723169167493964 -0.8677311391553296
23.569948196411133 -1 937.036865234375 39.549468994140625 -1 895.4032592773438 58.62473678588867
0.9841026443496288 0.15344551398400347 -0.08840395507486906 0.013461067913565392 -3.5493273549028745 0.24249935825410923 -0.8553056797076966
5.23870849609375 -1 989.6578369140625 18.937667846679688 -1 765.0407104492188 26.606548309326172
0.9843005701518172 0.152045021369758 -0.08834400027729136 0.015166960489281931 -3.4793764972146657 0.31185049288241723 -0.8419904389124078
32.1252326965332 713269 897.5926513671875 75.60392761230469 761285 901.5596923828125 81.3387451171875
0.9843750255672268 0.15095723771833536 -0.08849564413129549 0.019653050393227126 -3.408660212086347 0.3536674290598099 -0.8357239779127069
6.836065292358398 -1 964.1177368164062 37.902793884277344 -1 869.3909912109375 122.52586364746094
0.9844191870484232 0.15047812314690276 -0.08779288853824203 0.02382451147912187 -3.3285162647145077 0.3893665423098195 -0.8185219179615209
11.815834045410156 -1 755.6542358398438 17.107845306396484 -1 755.6542358398438 17.107845306396484
0.9845405743551623 0.15016476458814645 -0.08636771471526748 0.025904030177868412 -3.2404240582983457 0.4391200444439611 -0.7941177322299434
22.858745574951172 -1 61.59900665283203 45.1729621887207 -1 908.6707153320312 164.4222412109375
0.9846371381952708 0.1487650811398009 -0.08664578139683228 0.029174737123548622 -3.159641737030068 0.4945325343098474 -0.7842601665687073
36.03818130493164 -1 213.9064483642578 45.43784713745117 -1 811.568359375 85.49128723144531
0.9847592822615163 0.14623830984433261 -0.08811462095160817 0.033156090062166424 -3.0952853805127303 0.5494150135658845 -0.7761875058932276
25.02115249633789 -1 213.67333984375 56.271976470947266 -1 218.39285278320312 90.40706634521484
0.9850158576652459 0.14224991501388143 -0.09005244253278187 0.03740694347876657 -3.027587588795706 0.6261202205581438 -0.7624807861543682
19.681154251098633 -1 150.4459686279297 57.547508239746094 -1 150.4459686279297 57.547508239746094
0.9851418473623472 0.13973421205706285 -0.09127858900113607 0.04047356848926772 -2.9715701185868033 0.6864641073491397 -0.7561435829660218
0.5143352746963501 -1 0.5143630504608154 0.5143352746963501 -1 0.5143630504608154 0.5143352746963501
0.9854194313048661 0.1367353318502984 -0.09115818900416407 0.044070148718427286 -2.9007224860420857 0.7343292882909609 -0.7516078278463537
57.87540054321289 -1 146.5608367919922 94.12327575683594 -1 146.5608367919922 94.12327575683594
0.9857263616818818 0.13430260138929143 -0.08979371897627927 0.0473649572772747 -2.8082997987987004 0.7819449463965071 -0.7498798587960968
11.312966346740723 -1 213.5144500732422 138.4664306640625 825523 205.78887939453125 149.5296630859375
0.9860382516141188 0.13208035577462393 -0.08838464456812284 0.049714188887953134 -2.7019541063376256 0.8343483828609229 -0.7431141598914013
2.5995397567749023 -1 272.72930908203125 174.6162872314453 -1 272.72930908203125 174.6162872314453
0.9863095838687493 0.12968614285072358 -0.08671271905585634 0.05343981170528512 -2.5799616597627355 0.8888064682612077 -0.7352292629698132
4.498532295227051 -1 231.47000122070312 12.672636032104492 -1 309.1916809082031 99.48603820800781
0.9865071634447728 0.12825977817033984 -0.08472883828339933 0.05633888301154939 -2.461006885440417 0.9376358160988945 -0.718671797924085
69.79704284667969 -1 299.6932067871094 76.49437713623047 -1 309.5762023925781 89.11168670654297
0.9867227161140696 0.12665089651382747 -0.08158137074779204 0.060682055532327125 -2.338200641312887 0.983895862304871 -0.7118665116507531
57.888145446777344 825508 372.40228271484375 57.888145446777344 825509 426.0820007324219 113.36933135986328
0.9868604323590853 0.12456653696251664 -0.08099934330687242 0.06347260272795537 -2.22924054643658 1.0379053847152846 -0.7259299916389496
13.5826997756958 -1 451.7023010253906 123.19954681396484 -1 141.58636474609375 135.3430633544922
0.9865942746116486 0.12468529357012247 -0.0808607675295496 0.06743034291310993 -2.136675982721225 1.0638280305404584 -0.7248818767869586
58.533470153808594 -1 151.2833251953125 66.80396270751953 -1 154.18585205078125 68.58612823486328
0.9864496130040074 0.12332701484395467 -0.08243029649057175 0.0700917586767502 -2.060212742482126 1.0970185244920148 -0.7224627199361764
62.720699310302734 -1 618.5224609375 62.720699310302734 -1 569.2651977539062 101.45172882080078
0.9864021803573847 0.12114791676942087 -0.08243618175266064 0.07441906198461141 -1.983379153179483 1.118132947824496 -0.7159868108663745
4.184872627258301 -1 632.2467041015625 19.089025497436523 -1 1203.3424072265625 107.9377670288086
0.9864976677009549 0.12061984721589468 -0.08187685483528351 0.074628310449001 -1.8828979168258375 1.1535501823185546 -0.6954776368030146
59.32746505737305 -1 320.5711975097656 86.36040496826172 -1 800.2533569335938 175.90000915527344
0.9864521446218291 0.11899238123040683 -0.08140140512160249 0.07827381953335695 -1.796503229308341 1.1729438528722775 -0.6848988242266941
120.54666137695312 -1 903.4740600585938 173.3671875 -1 449.7210693359375 199.29100036621094
0.9861404161083436 0.11783383264009994 -0.08177948376448536 0.08339294717314095 -1.712113388150812 1.1825780674127595 -0.6912549933714289
161.14512634277344 -1 507.9405822753906 162.6852569580078 -1 1001.7247924804688 162.64158630371094
0.9858989868234228 0.11742343733648541 -0.08090835031109231 0.08757147363480015 -1.6004962863237282 1.1906910083551037 -0.6983530377603904
156.84329223632812 -1 1078.1083984375 244.30691528320312 -1 1084.5384521484375 245.07862854003906
0.9859026879360033 0.11686821710643172 -0.07793094160187526 0.09090917496035675 -1.487548870122998 1.1971461327925454 -0.6933591208749247
164.81585693359375 -1 746.5037231445312 166.734130859375 -1 1305.8931884765625 178.6356964111328
0.985988965861691 0.116530578374986 -0.07556349951380821 0.09239340368127559 -1.3575289655807774 1.2102026292166663 -0.6804009164912854
193.5118408203125 -1 1221.997802734375 207.40371704101562 -1 158.60073852539062 228.66078186035156
0.9860527093413946 0.11618647755604773 -0.07191507170131381 0.09502094135404239 -1.2109641004735217 1.232593109286207 -0.6601857099125852
239.2720489501953 -1 329.2544860839844 246.02523803710938 -1 329.3198547363281 249.1945037841797
0.9865965550760348 0.11247083404776542 -0.06945408648089205 0.09567486018701787 -1.089310890276058 1.2704726829596904 -0.6588810099754615
35.95634078979492 -1 958.3321533203125 278.6534423828125 949867 1228.4595947265625 283.4550476074219
0.9868284864132503 0.10886177853448406 -0.06689657015808731 0.09921441668793142 -0.9762871687273137 1.2978237627964848 -0.6591068657699178
0.5 -1 0.5 0.5 -1 0.5 0.5
0.9866497267973575 0.10840299135992482 -0.0665193898980632 0.10171665961143883 -0.8797321870412022 1.3154076885903134 -0.6484178538082171
2.3933451175689697 -1 699.5292358398438 124.40399169921875 -1 394.7171325683594 282.356201171875
0.9864514441626248 0.10648811624343307 -0.06551064084325807 0.10621763198595027 -0.7753279445164285 1.3385138510736811 -0.6312863516063669
152.4822540283203 -1 107.40788269042969 213.39492797851562 -1 107.40788269042969 213.39492797851562
0.9862855170858239 0.10505035020777224 -0.0638980742835807 0.11010149322703794 -0.6594588184962148 1.3585342691481814 -0.6168591856773545
209.70565795898438 862245 580.37841796875 331.4349060058594 -1 740.4306030273438 332.13824462890625
0.9859750339502107 0.1056937042462524 -0.06099284357052774 0.11385054388437417 -0.5290677125411396 1.3658206491592126 -0.6028488739155495
3.0 -1 7.5 4.5 -1 7.5 4.5
0.9859923377141618 0.10432163425745525 -0.057646340722584025 0.11667478731976245 -0.3832908522746947 1.3829399283402215 -0.6046952093681396
241.8970947265625 799330 520.0401611328125 260.5052795410156 -1 519.0101318359375 266.9350891113281
0.9859389369511696 0.10182415457641629 -0.055854555986856146 0.12015208164616566 -0.2540571677709779 1.4050199310346303 -0.6091238004796008
180.8611297607422 -1 623.3338623046875 284.7698974609375 -1 624.9747924804688 287.62078857421875
0.9858318255753792 0.10272781478718206 -0.05339724854942766 0.12137273828630664 -0.12017128749844401 1.4152309198010893 -0.6068467402168283
148.3078155517578 680237 1243.0286865234375 154.01364135742188 -1 1110.9654541015625 154.30844116210938
0.9860851900495912 0.1031262604227997 -0.05118975552140406 0.11991906147785522 0.010480917867398023 1.4323646196126116 -0.6091894408962518
130.42909240722656 -1 453.86895751953125 218.51820373535156 681519 475.8069763183594 222.02052307128906
0.9865108483849826 0.10117731687713187 -0.04924944716026625 0.1188864522251989 0.11662447574134512 1.458296349729661 -0.6161495006533039
235.95472717285156 681487 1107.7310791015625 241.43292236328125 -1 761.7944946289062 269.4732666015625
0.986714768318575 0.10053159475917842 -0.0477778574190115 0.11834120490195231 0.2318418425109925 1.4800441948248635 -0.6132386638872317
190.60768127441406 680147 1385.5823974609375 206.92630004882812 680120 1490.697509765625 208.5223388671875
0.986810339884399 0.10185322101298183 -0.0469123448091127 0.11674975961871824 0.33878418316359077 1.4818525806569007 -0.608279599459162
96.36542510986328 -1 1477.4306640625 203.58621215820312 680120 849.0974731445312 219.78013610839844
0.9868273304149124 0.10243928655044687 -0.0448902662790468 0.11688830784389391 0.45468212908754935 1.4830857850772428 -0.6096553712099839
291.40185546875 680720 877.411865234375 332.34661865234375 -1 1242.7470703125 346.794921875
0.9869142779502644 0.10266844608229878 -0.04248561093969284 0.11685191919705615 0.5730880895388771 1.480380868634715 -0.6127318915704204
218.86021423339844 -1 651.82470703125 230.4737091064453 -1 1489.136474609375 257.66510009765625
0.9868048288528345 0.1034856891625323 -0.0403927692405033 0.1177937438252439 0.6848656387709962 1.4732396200720996 -0.6118186597137978
179.47669982910156 -1 797.6268310546875 236.98033142089844 -1 1001.3018188476562 263.2277526855469
0.9866664232853485 0.10417120383462965 -0.039143545930550534 0.11876662942478651 0.771731574357936 1.4733331124643783 -0.6009375825721975
22.427486419677734 789542 587.9937133789062 58.180416107177734 -1 1471.607177734375 66.91574096679688
0.9866060135232064 0.1042348476434018 -0.038762115927429765 0.11933636908098018 0.8395139296972547 1.4764654461547235 -0.5858117352841403
25.969083786010742 789542 649.7265014648438 28.20981788635254 -1 785.226806640625 46.64219284057617
0.986598717967207 0.10367139355536287 -0.03716471086679559 0.1203910134932845 0.9021816818074007 1.475226447762439 -0.5882663207427496
4.334269046783447 -1 710.3185424804688 6.706332206726074 -1 143.0191650390625 8.54333209991455
0.9871982041111077 0.10156410952758907 -0.037723111900138766 0.11705299775845657 0.9574358905433353 1.4500186443084775 -0.6036270948160342
271.02362060546875 645570 1276.5230712890625 296.2258605957031 -1 785.6492309570312 296.61151123046875
0.9874893306895292 0.10116287394874011 -0.033492880048747925 0.11622874728232001 1.0542345864933118 1.4202376171453976 -0.6377712067199155
172.4202423095703 -1 790.84375 236.48886108398438 680638 1577.486083984375 280.636474609375
0.9876609527970981 0.10198979458279225 -0.031804463659130214 0.11450938918815082 1.1443000123369742 1.381384652562399 -0.6552935739095308
178.26022338867188 -1 665.1506958007812 182.47689819335938 -1 1161.778076171875 219.79855346679688
0.9874211929256492 0.10420764692524896 -0.03231927972160731 0.11443608802238492 1.2313223467064132 1.33219448211889 -0.6606531989916118
71.2999267578125 -1 1510.675537109375 86.681640625 -1 1190.419189453125 122.02489471435547
0.9869025914588668 0.10685312652877897 -0.031784474942777585 0.11659944886409061 1.3668711908728068 1.2953609977448544 -0.6432778049806454
61.872684478759766 -1 752.6751098632812 159.64463806152344 -1 1168.5615234375 178.880859375
0.987553551261901 0.11030085652919654 -0.03279259972070083 0.10722103264980808 1.519935025884913 1.2218642192082536 -0.6082433163352947
64.53396606445312 -1 1205.25732421875 149.81716918945312 -1 1238.75732421875 153.5079803466797
0.9879652039599008 0.1134342404964792 -0.03259308572672863 0.09997559507334082 1.6838812781742218 1.1331440652783522 -0.5695212845641106
91.50713348388672 -1 1537.8436279296875 97.07361602783203 -1 1314.6234130859375 122.19111633300781
0.9884346900469767 0.11431380950412044 -0.03470166977658078 0.09340776511141927 1.7969042354252578 1.0497137644063415 -0.5416395930065319
108.8062973022461 -1 1288.8968505859375 117.1896743774414 688990 1257.4127197265625 132.25743103027344
0.9885137580510502 0.1171066035005614 -0.03608464439238345 0.08845615862916106 1.9187237690270265 0.9473650007119951 -0.5231061520972504
7.237643718719482 -1 862.6409301757812 68.62141418457031 706303 865.2806396484375 70.3111343383789
0.9884696660409161 0.12072090221058897 -0.03737291940946922 0.08341131806436392 2.0233462381885348 0.8365559568177581 -0.5215839365162228
53.64215850830078 -1 1038.445556640625 149.25054931640625 -1 1012.2599487304688 151.52560424804688
0.988260342235358 0.12532353604567292 -0.03807279999489401 0.07865093247006484 2.1208919647589646 0.7150710160203162 -0.5196784348796212
134.53138732910156 -1 898.1885986328125 141.87413024902344 972293 879.1795043945312 148.22474670410156
0.9879638948584966 0.12997802592097496 -0.0370573887995467 0.07523167663341944 2.2132142937214163 0.6163425815552598 -0.5305417821881352
24.521764755249023 -1 1091.6846923828125 64.67497253417969 -1 1102.28369140625 65.12858581542969
0.9876194178233481 0.13328820539694264 -0.03634289017692317 0.07430568063022955 2.293009469748467 0.5475388390510726 -0.5422336553888195
44.08984375 -1 1407.30859375 46.27016830444336 693411 958.4589233398438 65.94187927246094
0.9873343897968998 0.13582924164762902 -0.035870734195175946 0.07371913093704095 2.36880730531341 0.48166364673899714 -0.5516300321828921
7.66844367980957 -1 1003.4808959960938 56.10218811035156 783156 947.8964233398438 65.59878540039062
0.9866839805922327 0.1407079490304747 -0.035187218616625326 0.07360608105537132 2.444179211128081 0.3960553007240905 -0.5619664633991268
6.953689098358154 -1 981.7359619140625 10.66740894317627 -1 975.443115234375 22.360557556152344
0.986054850165795 0.14709804136207827 -0.033128292516266186 0.07043092308715562 2.5315594065348757 0.2950672929329283 -0.5873983694667526
6.01881742477417 692991 1544.2862548828125 169.18667602539062 -1 1119.937744140625 212.6643524169922
0.9855611281245128 0.15095800639698717 -0.031826634066464486 0.069771114356762 2.589687170215777 0.23502842897453213 -0.601502217997428
73.06468200683594 678308 565.918212890625 91.45362854003906 -1 1142.5716552734375 185.07089233398438
0.9852179243720259 0.15329237631395268 -0.03177433369245371 0.06955199909779201 2.6342393544845937 0.18534182616729242 -0.6083712472826347
9.42155933380127 -1 1186.1004638671875 9.42155933380127 -1 1254.539794921875 11.102214813232422
0.9850909381633803 0.15550090700768696 -0.03370255613919859 0.06541749901870493 2.6792745846113912 0.11048615610532886 -0.6168841869835245
4.272525310516357 -1 510.22039794921875 4.272525310516357 -1 1538.677001953125 8.895545959472656
0.9850992648713155 0.15745418108067244 -0.03383578670446488 0.060355271089595285 2.721264697046274 0.03682880543875855 -0.6269959512636899
37.15709686279297 -1 545.0811767578125 50.95731735229492 -1 545.0811767578125 50.95731735229492
0.9853755023198018 0.15840665472000998 -0.03407793711894834 0.05273656577869886 2.7726481024144847 -0.06247553867663834 -0.6454478973847539
23.615663528442383 -1 1199.521240234375 120.48074340820312 -1 1222.3861083984375 123.99909973144531
0.9853712672492443 0.16139502211846543 -0.031124719340083023 0.045015157014049186 2.848998312463935 -0.16984249448941496 -0.6826925798554968
58.57309341430664 775890 1252.611572265625 85.13893127441406 -1 1252.611572265625 85.13893127441406
0.9850080210074197 0.16574634513949194 -0.026594166935949636 0.03975044539285111 2.933095379036848 -0.28218218719566596 -0.7237003722176726
14.525497436523438 -1 1300.498291015625 14.525497436523438 -1 1295.61328125 42.6098747253418
0.9842296739869464 0.17088629092983731 -0.024723496808371395 0.038452218679275944 2.9882441723035935 -0.3891635073695197 -0.759800850629671
240.25328063964844 -1 777.1569213867188 273.12213134765625 -1 777.1569213867188 273.12213134765625
0.9834521284816077 0.17517720480408291 -0.025593505846756938 0.03846856327569232 3.0111015888519974 -0.4931542380999267 -0.7796754408263098
18.643217086791992 -1 505.3332824707031 309.9685363769531 881563 843.0582885742188 342.5945739746094
0.982372067110635 0.18076011590876304 -0.02611809293422905 0.039859095309698944 3.0312806376451844 -0.5929308901265523 -0.7986987954129354
192.19076538085938 -1 775.3679809570312 225.1782989501953 -1 850.7452392578125 280.0674133300781
0.981703482191789 0.18383161825130195 -0.02594823296759667 0.04231900742553497 3.054860013064398 -0.6679697888773448 -0.8121458296647285
108.99761962890625 -1 760.9754638671875 117.1704330444336 -1 760.9754638671875 117.1704330444336
0.9816420644392095 0.18415045890723789 -0.02546036368395807 0.04265249921002477 3.0764666079253065 -0.7331076932730938 -0.8295369605743389
4.5314040184021 -1 809.9968872070312 17.810752868652344 -1 587.4925537109375 25.192758560180664
0.9817567047350538 0.18376435585789672 -0.02547401219941646 0.04165943982298337 3.0839687225895207 -0.804325683456785 -0.8481536958824599
20.79681968688965 -1 709.98486328125 23.603378295898438 -1 666.2772216796875 30.55021858215332
0.9817581536290781 0.18386655436928276 -0.026942434568355534 0.040225901937942704 3.0798852122101175 -0.8963302821773558 -0.8653896864416009
78.66291809082031 -1 792.1555786132812 81.88924407958984 -1 929.52783203125 187.10049438476562
0.9817293784703618 0.18417578993604303 -0.029611427374073584 0.03754822523770888 3.0662318059523948 -1.0056543204089452 -0.8758798450456424
191.50869750976562 -1 621.2472534179688 208.9950714111328 -1 642.3583374023438 211.17405700683594
0.9814106433235804 0.18592022355188437 -0.03428448796530497 0.03303624570937426 3.0346160871964165 -1.1306310741446972 -0.8796771390386199
103.37321472167969 -1 771.8513793945312 121.37626647949219 -1 950.6735229492188 150.78201293945312
0.9813524248450143 0.18764077396156323 -0.03572351440260022 0.021498574758422786 2.994054320634539 -1.2878932193859418 -0.9018975630139298
32.279903411865234 -1 874.5390625 32.279903411865234 -1 840.52490234375 86.34512329101562
0.9811548323389254 0.1888699514276328 -0.03978621196676618 0.008966256913262591 2.9175954889995954 -1.4438166134167008 -0.9050560325807365
72.20655059814453 656874 682.3084716796875 133.97140502929688 125457 662.9910278320312 179.0967254638672
0.9813105834190236 0.18668375122762557 -0.046605153084551376 0.002583718901736822 2.8242287110556896 -1.5339434780774346 -0.8676862214678686
232.49774169921875 672395 586.847412109375 258.72930908203125 -1 497.9289855957031 266.6395568847656
0.9815729858047901 0.1831423135781292 -0.05439446343721813 0.003822154221980784 2.736166366221735 -1.5658747285253944 -0.8080441773590313
36.907508850097656 -1 1140.002197265625 135.52520751953125 -1 1140.002197265625 135.52520751953125
0.9816210758133544 0.18025749439334102 -0.06234871479824077 0.006319572538948926 2.6498695659794977 -1.5911537654530419 -0.7505938099241345
193.21702575683594 -1 660.7360229492188 193.21702575683594 -1 554.3668823242188 204.04200744628906
0.981667436710947 0.17821040776930852 -0.06707884600602466 0.00839777842978989 2.592627672139302 -1.6090727946083014 -0.7078205936552828
31.714656829833984 -1 452.86285400390625 46.25822830200195 349003 422.90533447265625 86.78565979003906
0.9818529035780027 0.17517763868776612 -0.07139038033945982 0.013456754222732577 2.547421479341367 -1.5972282600445784 -0.6538338793305695
34.49278259277344 -1 426.6402893066406 47.86280059814453 878805 383.6187744140625 53.54478073120117
0.9820123687179596 0.17112762624414918 -0.07665547443962921 0.022158101439888944 2.501570972372432 -1.5667103386362884 -0.5946866007153764
33.63746643066406 -1 1192.0574951171875 69.12137603759766 326292 1234.422607421875 87.59089660644531
0.9817549406529815 0.16892083151704856 -0.08137823838457779 0.03163181152688671 2.4617090583986996 -1.5276882938857705 -0.5424147206120499
35.63092803955078 -1 1150.491943359375 35.63092803955078 -1 1165.81103515625 46.30519104003906
0.9814335224070055 0.16616418743225791 -0.0859967334647684 0.0422168893234075 2.4205868790295364 -1.4742397469290573 -0.49241416332790644
59.08234405517578 -1 1113.3382568359375 64.36752319335938 797697 1190.1129150390625 80.45234680175781
0.9809697531438669 0.16385260839037138 -0.09159663031519247 0.04960567966911256 2.3616739656891115 -1.4380898765350683 -0.4461963682427739
14.281667709350586 -1 197.39913940429688 70.64875793457031 -1 1078.8895263671875 79.4952163696289
0.9801318757547177 0.16319104187024883 -0.09627692707641185 0.05865955417120535 2.3271656483760923 -1.4017128474052036 -0.40983058309780157
4.648043632507324 -1 98.30866241455078 43.67079544067383 -1 253.90052795410156 46.64091110229492
0.9791942624981141 0.16232669876053074 -0.1009958211501354 0.0680329572375935 2.2891772674605977 -1.3669069200534223 -0.38089192009608885
16.094356536865234 -1 1122.4398193359375 20.696508407592773 -1 120.76366424560547 25.202455520629883
0.9788464805412015 0.16170004283194828 -0.10149882809012417 0.07355713137813917 2.2655010318167945 -1.343785799650487 -0.370507695085211
4.302459239959717 -1 121.36001586914062 5.424801349639893 -1 1036.545654296875 5.5294928550720215
0.978652976657914 0.16103333545949955 -0.10101179925324395 0.07812318836949327 2.240440513627051 -1.3246448216902051 -0.3632735150301321
4.3970255851745605 -1 221.8932647705078 5.954229831695557 720155 486.2173156738281 7.37085485458374
0.9784405940353829 0.15959459947899995 -0.09968765369159203 0.08512308419159832 2.2176210737421407 -1.2926466032520039 -0.33916778499472533
4.625586986541748 -1 478.08489990234375 5.704719066619873 -1 471.4984436035156 7.524991512298584
0.9782052729686643 0.1576029758010918 -0.09842990789838889 0.09266768145397868 2.1895962219816703 -1.2368799144816778 -0.3120837897384637
29.436298370361328 -1 469.1302490234375 34.51345443725586 616494 202.9099884033203 46.071327209472656
0.9785930109591356 0.1537163172737481 -0.0952137179235806 0.09829222057161188 2.16016271825026 -1.1756643568833427 -0.29183653759787603
3.4008970260620117 -1 1344.56201171875 8.249836921691895 366863 1364.9510498046875 9.373598098754883
0.9790166432379509 0.15126152027016385 -0.09140552547575599 0.10144651133062449 2.129269195884399 -1.143820274889815 -0.2942387615466569
5.964287281036377 315064 650.8583374023438 7.637500762939453 339165 1411.1925048828125 8.425469398498535
0.9794373666144539 0.1492937053267044 -0.0876542257422094 0.10358847010503044 2.086606461760411 -1.1257331345010004 -0.29896192691940504
4.163996696472168 -1 1006.8963623046875 4.163996696472168 -1 1185.1241455078125 4.31770133972168
0.9800839010512078 0.14652827595349371 -0.08271075414155701 0.10547010190417999 2.0285465547202066 -1.1016695848261528 -0.3029313165469735
4.121415138244629 593210 1288.460205078125 5.978189468383789 -1 1303.3765869140625 6.283060550689697
0.9808411657109666 0.14314034229313657 -0.07812438304541362 0.10657406264532397 1.9458964873178313 -1.0775188928824382 -0.3006505082288263
6.963966369628906 649493 981.8782348632812 10.973456382751465 316670 848.1117553710938 11.483152389526367
0.9815602579614962 0.14069784751165493 -0.07283083420601087 0.10695440750621174 1.8628731112636068 -1.0634745096468432 -0.30605950066619925
3.4448041915893555 -1 1537.931640625 3.708146810531616 -1 922.2571411132812 4.976271152496338
0.9824386560399696 0.13716104569819212 -0.06740304484697116 0.10704188062022324 1.772659703201018 -1.0415032062779344 -0.3098672796708173
5.197410583496094 664292 1273.0517578125 27.586612701416016 -1 899.3890380859375 30.071622848510742
0.9835112505982616 0.12826402315938704 -0.0637961014713621 0.11038123820046353 1.677364538790674 -0.97372114913266 -0.2922026851306999
58.669857025146484 -1 891.5018310546875 98.58978271484375 -1 771.9611206054688 105.33912658691406
0.9845822824208155 0.12042194908019196 -0.056436310785882696 0.11362757652799182 1.609044176008187 -0.904669749624814 -0.28333111178729714
3.2713499069213867 -1 1328.82763671875 3.7375757694244385 -1 844.9135131835938 3.8386340141296387
0.9856552407481243 0.11589568944729634 -0.04989739979854354 0.1120811538423719 1.5331451741455755 -0.884688889184719 -0.27440090132226364
3.145869016647339 -1 900.3482055664062 3.6338915824890137 -1 1201.782958984375 3.677408456802368
0.9865412978409711 0.11238746885360959 -0.04555260770943035 0.10968265327663292 1.449082829166956 -0.8840967661684371 -0.26694653250188366
3.9321954250335693 -1 1116.9913330078125 3.9321954250335693 -1 1237.37939453125 98.97931671142578
0.9881094817402684 0.10623739224886473 -0.04138475500591069 0.10315314166926676 1.3366049896255527 -0.8924603078908493 -0.2433392428823326
4.256682395935059 -1 741.7667846679688 16.000537872314453 835560 1083.5625 16.70057487487793
0.989504348601982 0.1013720431233955 -0.03438126868359412 0.09707101181332344 1.2725520661842917 -0.8887007501178931 -0.22528368628366702
5.208870887756348 -1 681.5925903320312 8.94295597076416 -1 994.4570922851562 13.04019546508789
0.9906459288730424 0.09886173551151495 -0.02823899767956279 0.08971933943677961 1.18586722875914 -0.8998506443557662 -0.20471626614400482
0.5 -1 0.5 0.5 -1 0.5 0.5
0.9916260888689625 0.09812270278683552 -0.025598215159363204 0.07996478257899396 1.0685887083538639 -0.9306566844407047 -0.19769160878364417
188.65731811523438 659064 736.78955078125 200.47042846679688 701284 679.0339965820312 216.16970825195312
0.9923425413886683 0.09952190626690938 -0.02909071312179609 0.06712228492345268 0.9193737531948286 -0.9752329224791599 -0.18964355555705928
207.90679931640625 701276 754.5906372070312 231.2214813232422 -1 751.541748046875 236.402099609375
0.9927168403948778 0.09998205160656892 -0.03406077789507295 0.057937272650123335 0.7584883998973948 -0.9830416267426655 -0.17988475893273417
192.48794555664062 -1 643.0975341796875 248.79190063476562 336095 655.5601806640625 287.1091003417969
0.9928186289439851 0.10006111993554903 -0.03978330465181185 0.052117472789943456 0.6317695297355392 -0.9754657298825948 -0.19057698220678498
78.87773132324219 461209 632.7640991210938 193.38575744628906 485868 561.0853271484375 232.68336486816406
0.9926963242159171 0.10291985213289764 -0.0454614781066023 0.043528909169795155 0.5239440921226874 -0.9882160086889904 -0.20865540742295569
205.66932678222656 829666 530.1427001953125 206.0903778076172 701276 502.5476379394531 210.02066040039062
0.9929226673350976 0.1038188404324137 -0.04929377305190117 0.02993908819139147 0.430212177506773 -0.9850530686135248 -0.21565943270657997
10.011777877807617 680691 806.6803588867188 58.442832946777344 640472 926.8186645507812 64.62364196777344
0.9931719688814389 0.1025927234529035 -0.05263736012730398 0.017705412774368042 0.34320465713501164 -0.9738959982096562 -0.21172533554767733
86.8963623046875 162645 719.6253662109375 86.8963623046875 -1 850.3351440429688 101.13484954833984
0.9933448072674957 0.10047782283847764 -0.05577806777365369 0.007688182345583397 0.2509949902476832 -0.9668696683035034 -0.19579683138320406
111.0403060913086 903230 1212.587890625 157.52491760253906 -1 503.07342529296875 215.99241638183594
0.9930295646948794 0.10328751378843773 -0.05675131685846947 0.0018058715711386634 0.16522499700170498 -0.9849440340560025 -0.1516806196846181
68.22898864746094 645527 379.8500671386719 85.0085678100586 -1 410.1011657714844 98.06008911132812
0.9925960519664434 0.10744497782396613 -0.05661478526920868 -0.0018494458516974976 0.0809482273522434 -1.0060780435859624 -0.1018997412158872
231.54074096679688 27238 339.30010986328125 240.81661987304688 -1 1081.4697265625 259.10858154296875
0.9922670451586654 0.11131799576363875 -0.054698434328018575 -0.00474301521407419 -0.011524016221407399 -1.0129399769453686 -0.04917404470091703
2.7608323097229004 -1 533.2772827148438 2.8785057067871094 -1 1167.449462890625 4.1805195808410645
0.9926587656237298 0.10963940293607215 -0.0503610255983642 -0.0084583364130127 -0.09273378621623564 -0.9760668323277936 0.0015927101087402761
14.327157974243164 290857 902.4132080078125 49.741031646728516 -1 795.439453125 56.57139205932617
0.9934180378648613 0.10415820295251046 -0.045063722183153535 -0.015521976208988215 -0.1814887538591786 -0.9155062587914813 0.05691991918369389
23.461057662963867 158551 1281.53515625 46.425392150878906 213814 921.6063842773438 47.77257537841797
0.9938176657159922 0.09941607103838582 -0.04161689354563155 -0.02666320126539023 -0.294533702245952 -0.8648609757735929 0.10786354396573018
146.83863830566406 648731 918.5592651367188 182.66725158691406 -1 1046.9700927734375 190.55166625976562
0.993668354704498 0.09830639727135114 -0.03838839480501804 -0.03854068316308341 -0.4291629444818902 -0.8349712044136594 0.1500456020656975
210.38047790527344 362755 664.692626953125 217.9795379638672 -1 485.20111083984375 256.74652099609375
0.9933148248650423 0.09716986195734793 -0.03507249721036264 -0.05151307183569416 -0.5822137482804622 -0.7999355053306118 0.19841214922092168
156.29652404785156 -1 852.612548828125 201.02210998535156 -1 966.7968139648438 208.42935180664062
0.9929947847966994 0.09526549424260854 -0.034105673130733795 -0.061013490586653216 -0.7277735862582513 -0.7512396063658409 0.2302275001911386
7.451524257659912 -1 1003.9414672851562 39.5926513671875 -1 1003.9414672851562 39.5926513671875
0.9926359903589836 0.09435118055837922 -0.03330989274064545 -0.06827954610926021 -0.8531153242975118 -0.7125789784831303 0.2576599168735573
3.3948144912719727 -1 630.6248779296875 4.481969833374023 -1 628.5989379882812 11.5487699508667
0.99211983667383 0.09601239804796344 -0.03187170311299703 -0.07391916963852795 -0.9688450578871046 -0.6910780969864382 0.28581250733470226
12.86152458190918 173990 589.8129272460938 12.86152458190918 -1 598.0064086914062 13.946676254272461
0.9915484887886414 0.09796548183411342 -0.02961293928007961 -0.0797335097507058 -1.0723324384095778 -0.6803146909223032 0.32418812841659705
4.44918966293335 -1 613.4896850585938 7.986489772796631 -1 613.4896850585938 7.986489772796631
0.9911416512158803 0.099921952797582 -0.02557946179484451 -0.08366314426593267 -1.1672328275374246 -0.6752473548925579 0.37376631478439537
5.710363864898682 45338 760.5916137695312 5.784541606903076 -1 551.7119750976562 13.110212326049805
0.9907525968390055 0.10136844450294104 -0.025544110905755785 -0.08649409641042351 -1.269228116044757 -0.6637502231819652 0.4250987677048433
29.371591567993164 -1 518.6493530273438 39.55232620239258 173990 524.020751953125 40.87080383300781
0.9907941276551835 0.10221767320926901 -0.0251099841129609 -0.08513537799019844 -1.3467381608056799 -0.6476449830755965 0.4699762443992312
3.0066475868225098 -1 1316.214599609375 3.6162009239196777 -1 521.11181640625 12.788676261901855
0.990981669529315 0.09719046680299288 -0.022754308765419617 -0.08939566685313084 -1.3944824048835336 -0.5700633435656159 0.5457259087069954
7.421605587005615 -1 877.20751953125 8.1735258102417 -1 513.8182373046875 32.57987594604492
0.9908860278994996 0.09434378818424588 -0.024325041527365063 -0.09301839441363322 -1.4662585801293 -0.5059676890565689 0.58955893911055
9.050701141357422 -1 896.5722045898438 13.160648345947266 456034 907.1398315429688 22.465099334716797
0.9905805142873099 0.09430811680848186 -0.031140526468474934 -0.09426818885282923 -1.5756601468806382 -0.46111941820576285 0.5829659875704954
29.648107528686523 894181 872.1087036132812 37.180519104003906 535463 702.1974487304688 54.52939224243164
0.9901311816281777 0.09219038278054996 -0.03989349460436005 -0.09772249269546973 -1.7076863153078041 -0.3845328062096413 0.597588037785056
65.44538116455078 231591 424.4621887207031 168.4444122314453 -1 425.09564208984375 171.41993713378906
0.9893728636974572 0.09022371453120327 -0.04399514836030824 -0.10519241814902419 -1.8091736913898961 -0.3082720137359874 0.6169877388950178
81.46234130859375 456034 749.8536376953125 85.03761291503906 209799 742.115478515625 87.29578399658203
0.9891571973514589 0.09438981850854779 -0.04699627194846965 -0.10222500434177507 -1.9571217288805183 -0.32253353457283446 0.6506556845908693
191.79177856445312 -1 78.5966567993164 219.53712463378906 -1 620.0518798828125 269.4842529296875
0.9894432478686263 0.1000997997906549 -0.05030834146448712 -0.0919301914941306 -2.129984249255907 -0.3643050885481392 0.678306559789786
19.325925827026367 -1 258.6258850097656 31.809579849243164 -1 661.4730224609375 32.896488189697266
0.9904413698640402 0.10234532117893806 -0.04828935763288078 -0.07886359130820354 -2.2501850769180276 -0.40225227678085584 0.7416995994327377
5.676658630371094 -1 1090.396240234375 9.75772762298584 100164 234.3076934814453 10.456541061401367
0.991135771472902 0.10537458820050696 -0.046235536045285415 -0.06639543564880142 -2.3765808415991074 -0.4370289789682009 0.7787606380230786
7.292418003082275 -1 2.4075188636779785 11.362326622009277 -1 234.01747131347656 15.515413284301758
0.9918326298218341 0.1054400299933973 -0.04530296310375851 -0.05566036318346983 -2.526288599894684 -0.4441631746370529 0.8129193869693074
82.64090728759766 455421 610.6476440429688 114.46941375732422 231591 640.0509033203125 114.50648498535156
0.9922115550240257 0.10479162676387893 -0.04604081739354962 -0.04914456399967844 -2.6855072068499783 -0.4346500959973897 0.8327648925788165
102.8568115234375 455421 577.5790405273438 106.57364654541016 227040 470.28778076171875 125.2537841796875
0.9925468704002613 0.10453646246446165 -0.045682297743731747 -0.04284817087013297 -2.8237704462341595 -0.43944975344971826 0.8567464817387462
79.03971862792969 255112 1005.2860107421875 103.13458251953125 793045 548.5302734375 109.37454986572266
0.9928274796192572 0.10337879560564148 -0.04151146977106027 -0.04339606214216666 -2.9181801079069185 -0.4105516138535352 0.8978601545450647
0.5 -1 0.5 0.5 -1 0.5 0.5
0.993119745394149 0.10099774098294717 -0.03528614382026842 -0.04761843843405022 -2.9707495169982643 -0.35395905860069965 0.9568206474412206
0.5 -1 0.5 0.5 -1 0.5 0.5
0.9932606580527371 0.099246714399339 -0.03233663888830343 -0.05037555588762513 -3.071288719233787 -0.3069182764652885 0.9959707690176566
3.0295159816741943 -1 415.33929443359375 4.59140682220459 -1 415.33929443359375 4.59140682220459
0.9931608749328503 0.09995561149505544 -0.03452433295149603 -0.04948153865351251 -3.243796522016621 -0.29591511606709486 0.9980502485589866
11.76154613494873 -1 386.4560852050781 11.76154613494873 -1 384.18408203125 14.816505432128906
0.9931368512134563 0.10001040383209359 -0.036772777959887204 -0.04821697510499232 -3.397494785121096 -0.2736215583492226 0.9968501084869679
14.711801528930664 -1 343.0231018066406 14.711801528930664 -1 337.2392272949219 16.57855224609375
0.9932723059516132 0.09899908403165218 -0.03834462696988325 -0.04624929375676238 -3.5264029379568536 -0.24409462346161956 1.0063123214114675
23.37983512878418 -1 1044.8011474609375 26.052818298339844 -1 316.991455078125 39.59194564819336
0.9935091403791954 0.0977665651706669 -0.04159385704998366 -0.04063542510455244 -3.661530076954777 -0.2347160428284533 0.9983794253393603
38.78440856933594 -1 306.2463073730469 51.35602951049805 -1 287.00018310546875 52.50861358642578
0.9935197675547242 0.09856175914633056 -0.04786318642881777 -0.030218644854921886 -3.826875665214612 -0.270644049512266 0.9589731265276559
58.461490631103516 -1 265.9800109863281 59.76516342163086 612917 367.7846984863281 195.9453582763672
0.9933620095522905 0.0997128457069033 -0.053961319000716365 -0.019427877675381254 -3.9955106942017915 -0.30933172653547447 0.9195712462445402
127.40188598632812 -1 772.47314453125 173.2947235107422 108328 329.2056579589844 196.208740234375
0.9930649046803466 0.10107730404499722 -0.05890744314933791 -0.011635585108493244 -4.129476210349551 -0.3334128536369996 0.8774431546628195
16.641328811645508 -1 184.378173828125 47.89085006713867 612917 307.6077880859375 154.38475036621094
0.9924355789227807 0.10313254688334021 -0.06658755508677035 -0.00118193448511618 -4.27610465324125 -0.40189899886476066 0.7990858118216742
0.5091921091079712 -1 0.5089300870895386 0.5091921091079712 -1 0.5089300870895386 0.5091921091079712
0.9915370506774559 0.10584932670068084 -0.074305598761448 0.011352319743893245 -4.40459829990496 -0.5086061615363182 0.7073536313172623
200.91082763671875 619048 1275.4989013671875 221.9381103515625 -1 689.1124267578125 230.46841430664062
0.9905403447671524 0.10979407516214874 -0.08012911623596036 0.018825811512481326 -4.505843148412155 -0.5814121192686077 0.6309416710236343
121.55513763427734 -1 167.360107421875 128.61532592773438 -1 633.5537719726562 129.56365966796875
0.9893963613208075 0.11433142154968491 -0.08618158727118849 0.02441106853443837 -4.605088457883681 -0.6421100937368418 0.5578409381413684
59.47874450683594 -1 655.6764526367188 164.94219970703125 844619 665.1138305664062 167.00897216796875
0.9881203301064322 0.11898862462892919 -0.09244957432342804 0.030215834370216483 -4.7253269576683214 -0.7015745808038277 0.4778720186651384
72.0995864868164 -1 587.2313842773438 188.13079833984375 -1 543.6123046875 304.915283203125
0.987151202192096 0.12123337723630305 -0.09929035260716523 0.031247370028931454 -4.873427240521909 -0.6835275200141712 0.4038330261093941
253.0841522216797 -1 280.14373779296875 263.50677490234375 -1 1024.1949462890625 370.4521789550781
0.9865023315338378 0.12343443775698507 -0.1035816276733265 0.02911933829027606 -5.014626716024977 -0.6233937695367351 0.34515436776096897
473.189453125 -1 432.22821044921875 562.9517211914062 696579 836.7072143554688 575.5777587890625
0.9861904638784097 0.1247012572793529 -0.10618811457650124 0.024536701304852283 -5.167313745328038 -0.5245766869073342 0.30005902253101696
174.29205322265625 109619 537.6608276367188 253.48745727539062 -1 1217.4305419921875 297.8680725097656
0.9858755508880603 0.12597881775376027 -0.10884573203246793 0.018202809037202353 -5.307755913841582 -0.41830983505069447 0.2431706154322673
259.1340637207031 -1 505.9984436035156 328.5956115722656 -1 893.0897827148438 368.6090087890625
0.9852335803245811 0.12902965363808333 -0.11150790866033586 0.015235714260972295 -5.44745011933279 -0.3502840576809994 0.1796486947014421
329.11053466796875 -1 798.346435546875 428.31024169921875 -1 1006.9821166992188 447.73516845703125
0.9846983925573993 0.1302576488024692 -0.11491078906014299 0.014054578645475133 -5.580165468561709 -0.2670329464910573 0.11882238265295535
131.14010620117188 -1 1066.6395263671875 215.76809692382812 -1 952.9103393554688 264.6845703125
0.9846995740129525 0.12845566072344697 -0.11685924789240561 0.014484762643344494 -5.722004822682207 -0.12737401853333036 0.051351699096539305
87.46271514892578 939067 662.6484985351562 153.38951110839844 870557 735.0513305664062 265.1116027832031
0.9855888795969068 0.12377998512324821 -0.1151032662211316 0.006656861349747038 -5.796228066833128 0.09442247878100912 0.04948642685931801
388.964599609375 -1 877.6322021484375 390.6192321777344 -1 1019.6103515625 407.14947509765625
0.9858273703494294 0.12120075234216993 -0.11597376317163934 0.0022044857517476697 -5.87814353291541 0.24399293417820114 -0.005758655330757549
350.93572998046875 -1 1000.415283203125 419.3047790527344 -1 841.3364868164062 430.2414855957031
0.9849462047957146 0.11882146749533545 -0.12554424546052265 -0.0010367991712280679 -6.037776210890401 0.4087000184310299 -0.1766836132359983
481.197998046875 -1 805.4309692382812 550.92529296875 -1 905.739013671875 566.4264526367188
0.9837011783926574 0.1184475540451949 -0.13525103975691075 0.003053655888042597 -6.184896249329511 0.47467971392746405 -0.36018983467739474
259.306640625 -1 848.6049194335938 400.9294128417969 -1 434.3962707519531 443.45538330078125
0.9830462080275867 0.11832518022748352 -0.13991505455913805 0.0065636967045973 -6.276339720349019 0.5436463102269438 -0.4797020511615659
78.49280548095703 -1 901.0730590820312 190.96888732910156 -1 874.4940185546875 219.35179138183594
0.9827858188137618 0.11800411893878644 -0.14198422409329717 0.006895096857125699 -6.3101826977922375 0.6429700441050652 -0.5412535853707642
3.3749892711639404 -1 849.99169921875 122.59967041015625 -1 903.454833984375 257.71417236328125
0.9828368870077552 0.1141786343528487 -0.14461940171047996 0.008951069384511113 -6.334486723700958 0.7546221096769948 -0.6297286080912895
3.5207414627075195 -1 788.3472290039062 12.045710563659668 -1 907.8328247070312 107.95745849609375
0.9830363168777704 0.11174794828102894 -0.1450312225694444 0.01086002920717195 -6.322747346854872 0.8547394657108867 -0.7036088946491856
28.31372833251953 930950 605.5469970703125 48.69462585449219 -1 754.4422607421875 53.12661361694336
0.9827323660825372 0.11525934942228584 -0.1442678072335923 0.011797407366906952 -6.3041910712362235 0.9207943523816696 -0.7644641268058301
88.96257781982422 -1 438.7234802246094 106.45072174072266 -1 629.599609375 165.09515380859375
0.9830788092987564 0.11588242891846288 -0.14141849085226293 0.011319356022549881 -6.268637143407642 1.0199576320923556 -0.7948682735442008
44.193115234375 -1 637.459228515625 66.69718933105469 -1 660.8923950195312 122.76898193359375
0.9836544545575452 0.1133303108243998 -0.13970834126826837 0.007857102367433675 -6.2350481259722175 1.1747869072414832 -0.8348186340394641
30.681358337402344 930944 806.9607543945312 30.681358337402344 934766 814.2628784179688 31.328298568725586
0.983952426481221 0.11054465840299807 -0.1398194683452818 0.008247253598903688 -6.230205565685166 1.2868636035590093 -0.8907660509354253
77.217529296875 -1 881.3487548828125 87.67960357666016 929566 849.0732421875 102.90119934082031
0.9843784681302915 0.10595014012907202 -0.14052870899760397 0.005028044904092834 -6.2222151818681946 1.4469157878256258 -0.9441249544731165
10.671548843383789 934754 708.34521484375 109.2984848022461 944749 877.8345947265625 114.57756805419922
0.9843810349506726 0.10295040975912416 -0.14281028015855846 -0.0006442366841397417 -6.221422521984156 1.6057076542560844 -1.013933507891408
14.393064498901367 -1 732.9469604492188 257.54205322265625 932228 859.9625854492188 275.0341796875
0.983892856113432 0.10440014733310174 -0.145102560811745 -0.0008389109927391999 -6.249418007527934 1.6463112985743473 -1.0878117762298987
12.597646713256836 936768 768.6396484375 21.467472076416016 934754 484.07171630859375 45.904972076416016
0.9836554177907628 0.10630949364799915 -0.1453277629428874 -0.000389780966488346 -6.2701422388603465 1.6673552894831414 -1.1286244305362407
3.8558990955352783 -1 879.12255859375 8.355992317199707 -1 826.3526611328125 87.41400909423828
0.9834858758871586 0.10655023379394984 -0.14626658405133316 -0.0029438068682093275 -6.2816725700350124 1.7404071369396825 -1.1640681272826892
43.97826385498047 -1 142.42315673828125 68.99164581298828 -1 139.05490112304688 71.43878936767578
0.9836058019856453 0.10599467649626491 -0.14585137906700685 -0.0034828262776254097 -6.282554317791653 1.8038988380258334 -1.1803142665909157
20.532838821411133 -1 753.4548950195312 26.865251541137695 934754 766.9014892578125 93.76541900634766
0.9837529710890499 0.10537597008558204 -0.14531662249503807 -0.0030126447889035463 -6.273521239938571 1.8639193470361906 -1.2015367127729668
2.8571622371673584 -1 813.1864013671875 20.733665466308594 937046 758.3949584960938 34.43000793457031
0.9838783600196689 0.10420554730755897 -0.1453297270303372 -0.0019613864042003753 -6.2660563543704075 1.9209312043756301 -1.2339139968341646
12.571826934814453 937650 805.055419921875 35.656219482421875 934753 824.95654296875 55.06575393676758
0.9839572835493087 0.10277519262268371 -0.14582157709031 0.0011796552591763724 -6.2771546152563955 1.9737850151403329 -1.2842175818701387
11.6776762008667 -1 806.9264526367188 55.548709869384766 934753 806.1806030273438 58.55177688598633
0.9841946786438005 0.09932924448254114 -0.1465745713781901 0.0032296663997596876 -6.290214781752799 2.048073806058223 -1.3261103235116416
4.4779205322265625 -1 804.8041381835938 83.62255096435547 -1 800.0701904296875 83.86808776855469
0.9841567231971192 0.09670740471508844 -0.14850383842117504 0.005461870866159029 -6.328665867414138 2.100508405017283 -1.3791915813086544
104.6579360961914 -1 749.1090087890625 127.59111022949219 934754 811.3489990234375 190.0316619873047
0.9839091335999047 0.0951412642928487 -0.15106010726953653 0.007197266089236692 -6.379578311572495 2.1451413372371717 -1.4325256165214773
147.1022491455078 934341 811.9786987304688 223.8829345703125 -1 841.4439697265625 232.97315979003906
0.9839921871825998 0.08982586569962041 -0.1537837312689003 0.006422881902380545 -6.424728401791069 2.243792573676542 -1.4952051506117268
168.30332946777344 -1 741.003173828125 183.5978546142578 938582 720.9688110351562 196.43026733398438
0.9841468473954567 0.08392744897872312 -0.1559890653831878 0.00886439791453 -6.469813874601208 2.2956412784355953 -1.583223037070408
88.26728057861328 -1 855.0999145507812 97.26153564453125 -1 731.5045776367188 167.52732849121094
0.9843119945785639 0.08057706814393756 -0.15650124346440653 0.012024733352179472 -6.483330929832478 2.3120564941437767 -1.6388778830761153
16.861539840698242 -1 182.03631591796875 39.396156311035156 -1 80.1775131225586 41.54936981201172
0.9841526865932515 0.08174079877804195 -0.15662888621576476 0.015143423959665935 -6.478552609596297 2.305842097887015 -1.6688526176962477
19.69268035888672 -1 299.9579772949219 57.39118576049805 -1 297.9673767089844 59.55265808105469
0.9842741477870227 0.0814671510893313 -0.15600011719416998 0.015214096322936924 -6.451711413253968 2.350219409118254 -1.6846082309536652
10.263160705566406 -1 265.4485778808594 49.6820068359375 -1 476.4610290527344 56.671104431152344
0.984489267417572 0.07906351469765882 -0.1559595402274103 0.01436888288351684 -6.433705120683488 2.421819519677655 -1.7022558890948156
123.85018920898438 -1 729.4514770507812 155.48141479492188 -1 747.5213623046875 215.67697143554688
0.984281707949269 0.0766488149211879 -0.1583926647037858 0.015041354183772518 -6.443861590907159 2.4815063868381197 -1.7464093045238307
190.28858947753906 -1 762.1195068359375 261.73199462890625 -1 734.8143310546875 267.0237121582031
0.9836187353202223 0.07290669407388026 -0.1639581220245433 0.017220096063882032 -6.474333260674477 2.5355331446207097 -1.8328199421953466
147.85049438476562 -1 252.1903839111328 147.85049438476562 -1 655.9519653320312 217.46395874023438
0.9833363576909361 0.06933688886753023 -0.16679579356287208 0.020522347210462782 -6.495559768897103 2.561675881966999 -1.873224510537216
107.96315002441406 -1 316.8760986328125 173.4224853515625 -1 386.2776184082031 182.21743774414062
0.9837963610007694 0.06547958738277479 -0.1659365387123107 0.01795017654518545 -6.4593535723055515 2.677175571267338 -1.8547217484912453
150.67971801757812 -1 286.3933410644531 226.3570098876953 -1 646.5714721679688 271.01312255859375
0.9848209074207068 0.05945667130133247 -0.162460167203083 0.014120149332327851 -6.379973882958456 2.824853319121001 -1.807816630512346
241.75575256347656 -1 1073.8436279296875 275.6685791015625 -1 326.5527038574219 287.5729675292969
0.9859211948648212 0.05243118738692111 -0.15826219246961393 0.012784621239287895 -6.303725469750629 2.946343492900266 -1.7859345149446133
246.37367248535156 974210 352.58013916015625 285.5624694824219 -1 755.5493774414062 338.0678405761719
0.9865716965436376 0.04883650017162761 -0.15544558037907397 0.011311735967939171 -6.2090667530654455 3.054244742510173 -1.7849726090386486
299.5043640136719 -1 401.0804138183594 328.01239013671875 -1 399.0111389160156 329.9289855957031
0.9871167684238786 0.048160380831594594 -0.1523256739130381 0.008829058924566403 -6.096851184218399 3.1306436012193792 -1.7529898509182158
302.168701171875 -1 350.9212951660156 311.16424560546875 -1 341.3161315917969 318.6868591308594
0.9882940569713642 0.04636296742549637 -0.1452988604105064 0.003684205476415731 -5.941790756887675 3.222918082474809 -1.6782714279187871
302.6653747558594 -1 491.2755432128906 334.8656921386719 -1 776.9700317382812 358.10791015625
0.9891147632479333 0.045051875626560094 -0.14007962161232432 0.0001150498243435369 -5.800458614510892 3.2837128301311003 -1.6244612148458102
313.11968994140625 -1 436.0518798828125 334.76422119140625 -1 1010.0534057617188 337.3198547363281
0.9896617799053641 0.04443645901486755 -0.13631747156112967 -0.0035368703605713034 -5.686015296278767 3.325045589788437 -1.5732637125659563
312.92242431640625 -1 1136.09716796875 328.7819519042969 -1 1020.6141357421875 334.2840270996094
0.9907247706335491 0.0410759596653422 -0.12930625343389157 -0.007555608086923223 -5.5359480819339595 3.3758519287857305 -1.4993614607834806
340.2332458496094 959431 1066.6234130859375 340.52398681640625 970664 486.6393737792969 367.9586486816406
0.9917278392842511 0.040276156016848585 -0.12078570892218175 -0.01626458008259257 -5.325675144738424 3.466173223527759 -1.3765706814210397
0.5 -1 0.5 0.5 -1 0.5 0.5
0.9926110705905129 0.0388506098163131 -0.11215291917150352 -0.02521141367252022 -5.112650923797804 3.54962494950283 -1.2577091743272293
291.38885498046875 -1 1347.6680908203125 291.38885498046875 -1 1197.731689453125 298.67889404296875
0.9931475486018322 0.03783810872882407 -0.1055808064197516 -0.03284688036560147 -4.91510708082197 3.604694719591117 -1.1558832633252796
290.35955810546875 -1 844.0440673828125 306.65142822265625 -1 1185.1373291015625 317.0911560058594
0.9935259373953609 0.037820196650357414 -0.1000844681422088 -0.038196121330430675 -4.74453030727319 3.6351314375972223 -1.0795101940629128
281.3852844238281 -1 1210.0452880859375 307.2461853027344 -1 1049.0428466796875 309.04510498046875
0.9939923170028453 0.036710391625998984 -0.09375832047329206 -0.04290685525657169 -4.55675180965208 3.6572785945042585 -0.980831767784242
285.09423828125 -1 934.44384765625 300.158935546875 -1 934.44384765625 300.158935546875
0.9938772833398681 0.03582749678678822 -0.09046713241312851 -0.052345334920140575 -4.356813572104945 3.714016704942116 -0.9273780008806943
273.0507507324219 -1 1284.358642578125 287.1647033691406 959431 917.5280151367188 302.39031982421875
0.9935822551368914 0.03679591825866321 -0.09017601159090088 -0.057520862390518186 -4.242488670231998 3.725298951697198 -0.8784051424475533
275.369140625 959431 842.8758544921875 289.50653076171875 -1 974.869384765625 300.206787109375
0.9935027122748491 0.036741107111379664 -0.08685350873293564 -0.06370965210646153 -4.094043306708522 3.7366177348965057 -0.7944611611314879
208.5632781982422 -1 1490.5877685546875 208.5632781982422 -1 701.2957153320312 314.20294189453125
0.9936102528680686 0.03557975299895725 -0.08082661268094157 -0.0702837481535452 -3.9202604677420143 3.7563775590024187 -0.7027253987217569
300.4145202636719 -1 969.35205078125 324.46112060546875 -1 931.203369140625 325.47100830078125
0.9939170853575902 0.03388251395317747 -0.07264110449078111 -0.07552531112709908 -3.7128375719994597 3.755158763174035 -0.5942811328965255
354.32452392578125 965910 886.7503662109375 354.32452392578125 965911 872.703125 357.1938781738281
0.9940489609590399 0.031641978530765495 -0.06691410217057928 -0.07992466040976932 -3.5221739552699014 3.738478134825081 -0.5098466705459826
206.35134887695312 -1 1362.73681640625 255.31922912597656 -1 1362.73681640625 255.31922912597656
0.9938709391071259 0.029823416258171084 -0.06068847776232302 -0.08745300971323759 -3.3036197519484034 3.734935527339459 -0.3877892372429215
340.156005859375 -1 870.3251953125 355.322265625 -1 964.3214111328125 357.8334045410156
0.993736044135306 0.025221768242369137 -0.055730148413063035 -0.09352372720812284 -3.116390619124422 3.7448728367321755 -0.31954505574001285
345.124267578125 -1 806.03271484375 387.1661071777344 -1 802.7335815429688 409.4800720214844
0.9939073198562479 0.02021965975561645 -0.05441875440490968 -0.09369100311425466 -2.977036416794597 3.6995178005504776 -0.3012147991771174
193.5274658203125 -1 1185.331298828125 212.49615478515625 -1 1019.7509765625 340.61468505859375
0.9937089774425908 0.02240434261502605 -0.05133972422706422 -0.09697807122374788 -2.802759985736466 3.6230412992961107 -0.24275706007963105
325.4095458984375 -1 1090.563232421875 334.0474853515625 -1 1133.2769775390625 364.0661315917969
0.993543009460636 0.02448602498501118 -0.048408084664792905 -0.09964627575289615 -2.6628191083379 3.5385212798698285 -0.1882312050196808
262.3197021484375 -1 1109.949462890625 294.546630859375 -1 968.5985717773438 321.5763854980469
0.9935321842018471 0.02622175674016965 -0.04455912114226293 -0.10109749330025752 -2.5130164727066218 3.4657377059232957 -0.13236561977785077
212.8916473388672 -1 1141.5982666015625 300.03106689453125 971758 990.0892333984375 307.93365478515625
0.9939401652248934 0.024881036034952054 -0.03984492919412689 -0.09937939231075069 -2.367845856962118 3.416742430622826 -0.09158592407158966
329.3941955566406 -1 874.4567260742188 348.36370849609375 -1 865.4025268554688 372.97064208984375
0.9942822641647939 0.022978320087698404 -0.03646842980610296 -0.0976976437830288 -2.2369623202138604 3.379251440312916 -0.07049543325822699
304.6098937988281 925952 1013.006103515625 327.24114990234375 959465 899.0768432617188 371.0586853027344
0.9943545617826668 0.023376435023462545 -0.030921077072558627 -0.09877466649028759 -2.08773582147008 3.334207172645761 -0.028975002565914555
294.146728515625 925952 1383.61328125 307.7064514160156 -1 998.3193359375 319.992919921875
0.9945392231920276 0.0258366442856102 -0.025206600013106994 -0.09792256461325122 -1.946447577719231 3.2663383703141182 0.014968255396015815
275.3428649902344 925956 1498.6231689453125 295.6160888671875 -1 972.0364990234375 327.4833984375
0.9950152213604238 0.02815188350486499 -0.024929137558338737 -0.09236189050031858 -1.8744969904276827 3.1868361359319355 0.02984725910893907
158.437744140625 -1 1177.05859375 257.5152893066406 -1 1342.7669677734375 267.70880126953125
0.9954589511871418 0.034954019260759916 -0.02711723843867992 -0.08428729689801408 -1.841926479227113 3.0373365476958285 0.061770455862975505
312.81475830078125 -1 988.8876953125 399.1295166015625 -1 813.2823486328125 399.5830078125
0.9957019987348555 0.04161104159011896 -0.028983575484149413 -0.07749840827625983 -1.7988936198387377 2.89648360005779 0.09381440051787349
259.58746337890625 -1 1046.5965576171875 281.54815673828125 -1 1306.3489990234375 300.8924865722656
0.9959642509880532 0.04490242403468118 -0.0314821561414547 -0.07104827171931107 -1.750669789632192 2.773533759300804 0.10288048283921368
261.0640869140625 -1 1058.68505859375 267.951171875 594836 1081.60498046875 269.2220764160156
0.9962294183685768 0.0480576257672342 -0.03652822464604791 -0.06231451987162609 -1.7256173538606308 2.6369912372541977 0.09809060206289129
201.7279052734375 -1 1009.5553588867188 234.55467224121094 594797 1054.4759521484375 245.93858337402344
0.9962558444653586 0.04833353038071486 -0.03911932121637663 -0.060065305436014536 -1.6451750780249745 2.5280435918807767 0.09424761959157793
246.64683532714844 -1 1093.841796875 248.39749145507812 774259 1093.841796875 248.39749145507812
0.9962719067722731 0.050766418198527 -0.039225183116073065 -0.05767532894697727 -1.5551364142933708 2.395900063447965 0.1121319906621361
302.2914123535156 -1 629.6663818359375 302.2914123535156 -1 1168.5771484375 310.163818359375
0.9963937731128212 0.05386510424495681 -0.04014079135155047 -0.05183354431588904 -1.482475014373858 2.2394501449278126 0.11319893698774908
169.23541259765625 -1 1137.373046875 169.23541259765625 -1 1005.8038940429688 257.57342529296875
0.9965198635309064 0.05698093650412473 -0.04091125297049541 -0.04502892230379106 -1.4129893615850584 2.0830255447518606 0.11028122888804605
413.2959899902344 -1 877.6968383789062 464.5730285644531 -1 802.7943115234375 467.3872985839844
0.9967148873992628 0.05827018871498528 -0.04017071427073126 -0.039374256294871866 -1.318104975449428 1.943449231302356 0.11434042445005774
153.56741333007812 -1 1046.59619140625 211.4481964111328 -1 1129.9315185546875 251.43243408203125
0.9968692494819399 0.05780804669079968 -0.04006587355932567 -0.036120007627858705 -1.242645247046802 1.8338759220776726 0.12243553264504124
158.8302001953125 804645 761.6290893554688 173.2100372314453 -1 746.58642578125 194.58950805664062
0.9967889948383178 0.059752836642293486 -0.04215935262810401 -0.03261728481027316 -1.2017484281447557 1.6860663128944717 0.13022963095683354
215.14230346679688 -1 855.0759887695312 217.79635620117188 73675 712.1105346679688 278.98895263671875
0.9966416680989156 0.06146220780919678 -0.04541529095925237 -0.029414856234842426 -1.1963123156226383 1.56503977874325 0.11936521923744536
119.94757843017578 -1 971.8938598632812 127.58187103271484 -1 757.29150390625 128.69760131835938
0.9965941169394994 0.060651572429387034 -0.04938063917895251 -0.026136283547979106 -1.1854497445164314 1.4309961487859815 0.10141904777466677
92.95988464355469 836439 742.9896240234375 166.09182739257812 153413 742.9896240234375 166.09182739257812
0.9964018229037769 0.06232343947827937 -0.04879958328598858 -0.030295162596386368 -1.1236273541814976 1.2971644781737313 0.1287314898779383
55.078887939453125 804646 1055.4505615234375 193.54122924804688 -1 568.9613647460938 237.0693359375
0.9963833226534976 0.06737279049397984 -0.04575785306412632 -0.024236342999561383 -1.0745156633032986 1.137864620945703 0.1737930742128219
60.15871810913086 -1 887.984375 105.35682678222656 -1 1083.159423828125 139.48214721679688
0.9963826603990227 0.07056054589878498 -0.04402849097857775 -0.017444064915627677 -1.036306031440692 1.0148602196457388 0.20726673970490245
113.82391357421875 -1 1157.638916015625 121.58238220214844 -1 1157.638916015625 121.58238220214844
0.9964360606660411 0.07392938922811093 -0.040394551098086 -0.004231152831619627 -0.9871640017047104 0.8494412073582622 0.2433244928659579
64.03511810302734 -1 1203.0440673828125 72.83257293701172 -1 1203.0440673828125 72.83257293701172
0.9963429176346841 0.07668742409963716 -0.036316836050568096 0.010045739566791946 -0.9566675200412771 0.7142003126235397 0.28081184368454404
11.151771545410156 -1 614.6728515625 11.151771545410156 -1 1244.527587890625 38.89607238769531
0.9959072642141826 0.081716945150845 -0.029929379829103844 0.024398651267667177 -0.8968125959153731 0.5601580533153379 0.3267430872894978
48.1073112487793 610695 990.0073852539062 58.34254455566406 -1 892.26611328125 206.45626831054688
0.9952197289987728 0.08577307434977263 -0.021378640795911938 0.04151655628682432 -0.8186528138492226 0.41687758260924535 0.3620011545889301
149.50172424316406 -1 1154.796875 205.4360809326172 -1 716.3096923828125 210.8797607421875
0.9945588208994987 0.08628602205626419 -0.015469173414605358 0.0562865778189956 -0.761983485858726 0.29469936876565084 0.3575235127306838
7.597487926483154 -1 783.8927001953125 30.657411575317383 -1 781.8583984375 37.7486572265625
0.9935316406434784 0.08932546315035553 -0.011754661191620124 0.0691206815180724 -0.7313553384866138 0.1425826240029482 0.33069451500970115
0.5 -1 0.5 0.5 -1 0.5 0.5
0.9918296321585955 0.09553732207504666 -0.010800467881394498 0.08384480160640224 -0.7227682699893817 -0.041673527943525204 0.30117378803632916
7.032425403594971 -1 1159.0589599609375 18.65833282470703 -1 1161.001953125 21.053817749023438
0.9894600460490257 0.10335331659721643 -0.01082787561378018 0.10084476352646195 -0.7177275572947271 -0.23438818945938772 0.2629519691237015
8.575126647949219 688589 842.3157348632812 13.955068588256836 627815 832.0069580078125 24.635786056518555
0.9877418272690801 0.11087780346243445 -0.01003444003798681 0.10941437462970063 -0.6907885148443524 -0.39366974399873256 0.22164332795322492
11.576821327209473 612375 879.8294067382812 17.58543586730957 -1 650.4166259765625 40.962005615234375
0.9867864297162551 0.11856588376486467 -0.007225942616902882 0.11019282684549059 -0.6395942759847693 -0.5184321832786131 0.17123703934015058
7.252806186676025 -1 1125.5323486328125 11.62556266784668 30977 1125.5323486328125 11.62556266784668
0.9863373365520575 0.12354556731708294 -0.007819788545392907 0.10869223627655669 -0.5992132956869678 -0.6147041067346333 0.10690077875183362
1.696090817451477 -1 1161.1256103515625 1.4285919666290283 -1 788.9913330078125 5.104121685028076
0.986355917770275 0.12697441975276275 -0.01114165422920414 0.10418907691809492 -0.5719157634328089 -0.6783765453340449 0.05475485895568267
7.078292369842529 -1 1417.9071044921875 19.67312240600586 -1 571.8701782226562 47.10870361328125
0.9865463740627007 0.13051216172093072 -0.014775751385685047 0.09733706713095405 -0.5182014468199941 -0.736516673699082 0.013537855922212134
82.81964874267578 -1 814.0946044921875 102.70389556884766 -1 680.2333374023438 110.28492736816406
0.9868400598511906 0.13499564332995126 -0.017691369501685865 0.08723467200595146 -0.42127412147705423 -0.793401427394067 -0.036030024117419755
38.216796875 -1 373.56781005859375 42.286659240722656 458556 1099.086669921875 90.88243865966797
0.9868117673465607 0.14118120358461791 -0.022891454661653973 0.0758049133251239 -0.2842453992122071 -0.8685226952139204 -0.10027320693672777
17.44503402709961 -1 938.4489135742188 25.62083625793457 614151 925.6369018554688 26.309959411621094
0.9868945592630998 0.1457395865076041 -0.028758396577782282 0.06302425285364234 -0.16524065740073873 -0.9334401611088744 -0.1597035222710612
5.826481819152832 612318 1227.1466064453125 7.335891246795654 614152 1354.395263671875 9.585074424743652
0.9870578106262392 0.1470604808861741 -0.03335936779045766 0.0545641459557803 -0.06373991433101989 -0.9788116776991357 -0.23570645699264717
20.940933227539062 -1 782.6149291992188 27.103734970092773 -1 1196.5126953125 28.285036087036133
0.9872184655205805 0.14806890024665095 -0.037737941417223135 0.04528962234914416 0.03717027228139378 -1.0318409716202162 -0.3216583071686233
41.023887634277344 -1 1234.528564453125 50.47077560424805 -1 1512.865234375 68.71624755859375
0.9868449886959455 0.15175667519046745 -0.03959149911246353 0.03923509932269909 0.16213218988017156 -1.0914362450526867 -0.3989928685646022
12.809139251708984 -1 714.7801513671875 83.32286834716797 -1 865.0499877929688 96.47045135498047
0.9862861047366771 0.15510447704026267 -0.04235757299401594 0.03725797653490618 0.2923791356603821 -1.146129332064229 -0.4532664903415909
18.95777130126953 -1 986.1592407226562 259.6444091796875 -1 940.9692993164062 285.4586486816406
0.9858711494179268 0.15591109453044535 -0.045622959200315887 0.04084547638969337 0.4342555544856674 -1.1811827059160076 -0.4932762969886683
163.06097412109375 -1 499.1756591796875 196.53176879882812 -1 989.6060180664062 264.6876525878906
0.9854537413724921 0.1573939107268446 -0.048189666094722416 0.04225915951302061 0.5901313903678832 -1.2191589030867571 -0.511701490819077
84.06916046142578 -1 595.90771484375 89.32390594482422 486968 633.389892578125 137.7525634765625
0.9852383031558577 0.15707968566458222 -0.049213138596521745 0.04700558834396068 0.7438065927264316 -1.2315429096531638 -0.517486262018616
102.62142181396484 -1 630.0158081054688 134.92520141601562 -1 636.6515502929688 153.70213317871094
0.9848524991132481 0.15493800549898254 -0.05369357766870552 0.05636283491381217 0.8948854832366743 -1.2225749743629768 -0.5012676475448551
36.05153274536133 642921 687.967529296875 213.8910369873047 452326 782.5510864257812 229.32952880859375
0.9843439007418215 0.15198732500941803 -0.05783757552914699 0.06798347568171896 1.042541911706235 -1.1874246911023727 -0.4660129295222188
82.60852813720703 -1 735.4401245117188 90.59988403320312 -1 795.1281127929688 212.67245483398438
0.9841681228760895 0.14759032224822685 -0.0607598191982612 0.07706132015618307 1.1793109675087672 -1.1268543130732243 -0.41420634227557745
44.7392578125 -1 331.7370910644531 52.53458023071289 -1 654.3556518554688 54.97560501098633
0.9839186848630201 0.141680054984317 -0.06677197938103896 0.08586201934850946 1.2713171994772474 -1.0501284303700433 -0.35551293546658114
4.366175651550293 -1 628.715576171875 27.732391357421875 -1 665.894287109375 30.741374969482422
0.9827637415354485 0.13231892850995308 -0.07672620302375512 0.10382783466287612 1.3524680437669931 -0.928839017183034 -0.2756524890457497
13.19572925567627 -1 561.191162109375 18.55657386779785 -1 465.5711364746094 29.58496856689453
0.9810535091921304 0.12451114459519363 -0.08546612061736993 0.12135291179044061 1.4329767648336464 -0.8071881660911104 -0.20150053306650242
22.627626419067383 644335 985.95849609375 77.53700256347656 -1 277.6117858886719 99.21920013427734
0.9796666059507 0.12129440092644408 -0.08861446762701325 0.1329980662119266 1.5384996780530271 -0.7143990305915185 -0.15231715981957225
92.60757446289062 -1 719.4769897460938 102.06600952148438 -1 719.4769897460938 102.06600952148438
0.9789348384803679 0.11763191347174363 -0.08539184485503193 0.14337903533866586 1.6586186296917043 -0.6267138679896223 -0.1131178171941261
114.4889144897461 -1 809.7765502929688 118.11055755615234 522143 737.650146484375 124.05136108398438
0.9785207965571826 0.11520287304852245 -0.08011093496145436 0.15102180917359137 1.7595502123592903 -0.5592015264341464 -0.0939838469299501
44.69084930419922 -1 833.36669921875 45.39399719238281 799679 807.2243041992188 163.5497283935547
0.9767375661704335 0.11238070407763578 -0.07286726223663835 0.16746541815135993 1.8500594872061424 -0.45495558225263244 -0.07242755319089082
90.31591033935547 759690 884.8387451171875 116.93367767333984 -1 879.6641845703125 165.8442840576172
0.9765930794250297 0.1081341037087933 -0.06361008008293981 0.17471900453607148 1.9514891615695107 -0.352445824582351 -0.051589229402235426
130.82595825195312 -1 506.28057861328125 188.8125 678180 887.6625366210938 229.0777587890625
0.9760561996527217 0.102155471523723 -0.06260138759728072 0.18154784776512 1.9904028169077852 -0.2373015477209505 0.012119292329173264
179.1428985595703 739755 948.232177734375 178.85736083984375 891288 765.1322631835938 196.22543334960938
0.9744298755638329 0.09623013200929949 -0.07608360277469824 0.18824841218705662 1.928644926420962 -0.13400179243081112 0.1128811877752157
172.01437377929688 145175 1536.230224609375 172.58364868164062 -1 1535.1490478515625 176.39520263671875
0.9734369088114867 0.09130950282573441 -0.09320445734584014 0.18813848194381183 1.8683711237994336 -0.03618860867606662 0.22849597131629235
59.168121337890625 -1 998.0794067382812 59.168121337890625 -1 844.0416259765625 67.58486938476562
0.9744652995922959 0.08545230414374161 -0.10596016995351985 0.17857134705893848 1.8905122743348304 0.040798152245597054 0.3149234245291251
20.48737335205078 134878 959.6107788085938 27.94026756286621 136259 962.973876953125 29.604503631591797
0.9738834046766672 0.08673259841856275 -0.1189619342748693 0.1728485714737869 1.9281045050131025 0.07111986234220193 0.38736214550719256
4.5882463455200195 -1 1507.7659912109375 4.570125579833984 -1 27.917194366455078 5.461802005767822
0.9728525057100847 0.0903466466402049 -0.12957531780931741 0.16913226359596198 1.9927238698023806 0.06775417438598415 0.44362501866823684
0.7437946796417236 -1 438.49658203125 4.8713297843933105 -1 938.028076171875 4.562653064727783
0.9719346116295303 0.09313597432327494 -0.1372380147264122 0.16683683141729075 2.055369444279795 0.0583610988051933 0.483816224479207
3.5199391841888428 -1 1425.3348388671875 4.487565517425537 361683 97.19593048095703 5.347329616546631
0.9711907948283616 0.09540686143645931 -0.14370514159304162 0.16442263564127543 2.1264407489406123 0.05111405210979762 0.5289556225448474
3.014498472213745 785221 436.198486328125 3.5458312034606934 -1 832.510498046875 5.439629077911377
0.9710548298404563 0.09971446069769141 -0.1459505556549212 0.16064861989855633 2.251987670552672 0.02714912002179226 0.5572126770130819
147.5468292236328 693411 1513.958740234375 187.66006469726562 -1 601.9308471679688 189.69764709472656
0.9702135230254341 0.10656779534772459 -0.1476303045739594 0.1597946116259904 2.3690020261435056 0.0009888890695655377 0.5626469521511286
10.432686805725098 -1 1420.7862548828125 28.049680709838867 -1 1363.2386474609375 88.28516387939453
0.9684647263081629 0.11481754810486475 -0.14970384273320597 0.16273218493879382 2.473851704366791 -0.0035168003378792563 0.5689543123716256
69.39413452148438 -1 1400.257080078125 69.39413452148438 -1 1402.90478515625 71.9051742553711
0.966373698598999 0.12313660425345575 -0.14972603780552265 0.1689418981545965 2.5863338849141333 0.028860337065253795 0.5710368941664018
247.47145080566406 -1 917.4315185546875 283.8719177246094 693692 911.3555908203125 284.57415771484375
0.964478416290467 0.13289272145206002 -0.14534379815687032 0.1760570630001329 2.7802220371935 0.09615868508269812 0.5580642545397966
377.83251953125 687113 1082.9666748046875 407.6087646484375 -1 1055.200439453125 409.5180358886719
0.962890568818877 0.14260236692859563 -0.14095387885371918 0.18066079115877004 2.950572182594083 0.14606241952677668 0.5255534839629475
225.4575653076172 -1 1028.120361328125 271.96142578125 -1 942.483154296875 352.5299987792969
0.9610352688565094 0.1521188936360978 -0.1371729609984814 0.18561959213330798 3.094071537353304 0.1969098117427703 0.48658496092790116
231.4744873046875 -1 1158.3238525390625 358.039794921875 -1 516.2908935546875 361.79400634765625
0.9597149411433288 0.15944149746837927 -0.1343935384886159 0.18831892481587395 3.205610847425805 0.23648624715488364 0.4442179770475907
215.4853515625 -1 721.390625 313.46917724609375 -1 1225.3597412109375 363.5050354003906
0.9589065014593532 0.16555583407332788 -0.13294553331762776 0.18818892750148647 3.294702052829739 0.25046649181195285 0.4014096547564341
196.9634246826172 836615 1204.8482666015625 238.66163635253906 -1 1167.9537353515625 247.9615478515625
0.9581450320170746 0.1737325666420918 -0.13120077168131222 0.18590710158350185 3.374465932598101 0.2231774377309752 0.3530091077000023
96.82959747314453 693013 1215.6241455078125 171.9199981689453 -1 1210.46826171875 197.3580322265625
0.9571496663779671 0.18458197012328936 -0.12866384247086632 0.18231738287553273 3.4593323245557746 0.167324553455329 0.2949131262003481
112.60611724853516 -1 1258.2020263671875 156.81045532226562 688988 637.9939575195312 304.4079895019531
0.956909407986171 0.19286427689205096 -0.12471995878918839 0.17768704929196516 3.5554736727100886 0.13461020795844825 0.23113868136586846
108.15750122070312 -1 683.2301025390625 271.6505432128906 675042 1295.4951171875 272.80535888671875
0.9579103770962464 0.19974127622078483 -0.11568559114111364 0.1706692005821507 3.698464036804744 0.1253099933382043 0.13652018215408238
269.8543701171875 -1 1381.518798828125 299.7542724609375 -1 768.8306274414062 335.4386901855469
0.9589647464329745 0.2068765653206146 -0.1053665703129441 0.1627470051348841 3.8406630230685606 0.11408854949077404 0.03711529353634062
301.625 -1 866.6824340820312 301.625 -1 787.14208984375 331.2344970703125
0.9594900809214724 0.21409261306948285 -0.09498485610212326 0.15659187320434675 3.977144819643287 0.11720911709241401 -0.07847951493816399
267.1295166015625 -1 898.305908203125 333.98114013671875 890423 904.0989990234375 333.9879150390625
0.9596897871226737 0.2204536752988581 -0.08630078627529719 0.15148552349293426 4.089300432097657 0.12521822071585575 -0.18061074790490647
262.3880920410156 675042 955.2561645507812 317.3511657714844 -1 1175.12353515625 325.0191345214844
0.9605647026895157 0.22591598399611446 -0.07484593406445941 0.14378979892916027 4.208011519305667 0.1455717891725287 -0.3236022855465336
295.9848327636719 -1 958.4830932617188 325.9655456542969 -1 583.6395263671875 348.327392578125
0.9610911958560249 0.22933464181654617 -0.06644698005456615 0.13890332664317503 4.277702696425446 0.1715047350752231 -0.42706248096281474
228.44338989257812 -1 354.9944763183594 250.58692932128906 -1 864.2338256835938 281.7703857421875
0.9612552168266013 0.2347908346491315 -0.05943229478078687 0.13164146165056606 4.332614842792248 0.1716918785247302 -0.523276781326194
54.425392150878906 -1 49.244449615478516 54.425392150878906 -1 110.0240249633789 140.46038818359375
0.9613118211984648 0.24090750562734703 -0.05174475902760069 0.12314883706181028 4.375356514402579 0.17172764889499922 -0.6193979497828629
38.43373107910156 -1 782.09619140625 47.8729248046875 -1 540.1504516601562 187.97036743164062
0.961553867425763 0.24494953944598102 -0.048276299099273716 0.11438217566140924 4.386156471176684 0.17662671447748338 -0.6578423873063095
16.652135848999023 -1 390.6068420410156 16.652135848999023 -1 391.5328674316406 20.208690643310547
0.9620322944865388 0.24602275014707803 -0.04523538314927619 0.10918072580072119 4.385160264996021 0.23034809118507824 -0.6838547972514929
6.256525993347168 -1 502.2073974609375 7.9778151512146 -1 758.4826049804688 10.221924781799316
0.9624786153205686 0.2465098942523557 -0.04199957516214864 0.10537467804217697 4.388859715043148 0.27564721763200056 -0.7225008675636472
6.212685585021973 -1 453.3268737792969 8.701970100402832 -1 540.2056884765625 27.569564819335938
0.9626734828895678 0.2483658788283867 -0.03849978583596982 0.1004585589467453 4.402668092405659 0.29808607695294026 -0.7653438081548384
2.1958746910095215 -1 462.43896484375 28.635318756103516 -1 949.15869140625 36.940975189208984
0.9626679295050365 0.25093962670262165 -0.03508604651243106 0.09522988287802511 4.414965530833109 0.33006468905780556 -0.8146891580941928
5.7600226402282715 -1 563.0162963867188 12.129644393920898 -1 563.0162963867188 12.129644393920898
0.962820633424897 0.2522929598750477 -0.03170027223994977 0.0912128444281881 4.4231757281022395 0.3708508592726056 -0.8563933876457084
15.38549518585205 -1 629.1718139648438 15.00459098815918 -1 643.1989135742188 22.881738662719727
0.9633329559143561 0.2528597315020433 -0.028112217750512397 0.0852131178115879 4.4271768334658965 0.4186224946951958 -0.9036103985910899
12.431360244750977 832636 495.245361328125 13.019474983215332 -1 552.4364624023438 19.19987678527832
0.9642410630201622 0.2512516249244034 -0.024971961245113236 0.08054932966926012 4.429582227522809 0.4851847514482047 -0.9422349583409009
6.578052520751953 -1 391.2570495605469 11.352741241455078 -1 516.0438842773438 30.144193649291992
0.9655961316778471 0.24695211469019854 -0.020093216849246393 0.07896218193202438 4.443084144384642 0.6148070050866113 -0.9822141162376102
43.97445297241211 -1 434.362548828125 47.36284637451172 884223 488.436767578125 48.532039642333984
0.9670648467519297 0.24178793676837565 -0.014564113504562293 0.07817968027425756 4.467127979973557 0.7274691288695716 -1.026179585208919
8.659971237182617 -1 440.86358642578125 19.822134017944336 -1 440.86358642578125 19.822134017944336
0.9682857464465617 0.23667921683073107 -0.009284881590990949 0.07949498426100808 4.489010073758977 0.8652678724267219 -1.0671312605262209
10.492120742797852 -1 585.1983032226562 31.834117889404297 -1 476.79290771484375 60.40067672729492
0.9691423363189106 0.2332353250632432 -0.005825875019536338 0.07956427764533322 4.498228538526497 0.98059101702872 -1.0677047395809562
38.015968322753906 -1 1021.3068237304688 39.06185531616211 -1 1021.2276000976562 42.63108444213867
0.9702303728031906 0.2293168401558696 -0.004269387504342874 0.07777263555677583 4.476569029981184 1.0678921098351462 -1.0493109812481838
7.564387798309326 -1 1371.401611328125 31.6683406829834 -1 901.3695068359375 33.81265640258789
0.9708833756255202 0.2266154693912732 -0.007293838910303615 0.07731558627158255 4.404484740637376 1.150900494015095 -0.984277184788807
5.426943302154541 -1 1289.343994140625 21.300432205200195 -1 1558.319580078125 96.33861541748047
0.9715248888156499 0.22294513142465613 -0.010274184260415395 0.07955689739780583 4.3149444586085846 1.264707173146725 -0.913654158633422
10.182988166809082 -1 1052.0675048828125 10.182988166809082 -1 1049.509033203125 14.019254684448242
0.9724866245537128 0.2177739636834238 -0.01141986073880397 0.08193810216525209 4.256883945109271 1.3834303232133958 -0.8672811008456162
3.2790119647979736 -1 912.436279296875 11.517261505126953 -1 948.5111083984375 23.762054443359375
0.9720615728130116 0.21596405930463958 -0.013407724716749295 0.0909728347743226 4.1864915723683875 1.5536868399786872 -0.8013050113937513
13.980594635009766 -1 849.038818359375 24.27010726928711 -1 685.7760009765625 25.395408630371094
0.9708172593953432 0.21537206141380114 -0.017758801876388848 0.10398725392277622 4.093289676678647 1.7414263367928902 -0.7187505164970991
31.08824920654297 -1 819.0182495117188 38.31340408325195 -1 929.577880859375 39.93941116333008
0.9692917473306529 0.21423947065531676 -0.020162066663085124 0.1190312935235638 3.9948254874622524 1.9417081452016276 -0.6586014635672257
40.98912811279297 -1 725.9848022460938 81.1117935180664 -1 725.9848022460938 81.1117935180664
0.9674801758342891 0.21407573200868166 -0.02434719767849231 0.13251756222404795 3.8885028173196674 2.092592032797363 -0.5855746781364972
74.77066802978516 -1 597.863037109375 83.45643615722656 -1 613.4691772460938 85.24974822998047
0.9654685364815833 0.213936871873415 -0.027910998641034704 0.1460222451271997 3.7894343234367938 2.2199988346417334 -0.5180610615390437
2.7190210819244385 -1 823.3150024414062 19.577922821044922 -1 823.3150024414062 19.577922821044922
0.9628563067185897 0.20905314983458512 -0.029455224723210324 0.16833568514424052 3.6469873964409025 2.431334056380521 -0.4534164583992848
0.5427297353744507 -1 0.5419507026672363 0.5427297353744507 -1 0.5419507026672363 0.5427297353744507
0.9595725670227697 0.20426805784035953 -0.029807148038985994 0.19132846910285434 3.5021091585669666 2.6584757584153365 -0.3843562712657105
77.90550231933594 -1 535.6224975585938 88.16812133789062 -1 843.4888305664062 93.97627258300781
0.9559391148993621 0.20046067304243126 -0.028515457960226843 0.21256245159039366 3.347518621780151 2.8524797142649083 -0.3359892250691795
32.379268646240234 -1 1143.01708984375 48.25360870361328 -1 1160.670166015625 66.6435546875
0.9516597636605855 0.199672148623286 -0.02617187232400387 0.23192619600358882 3.1656324232991233 3.003918893098135 -0.28249068414210604
6.036981105804443 -1 865.458740234375 77.4841079711914 -1 932.9725952148438 82.65953063964844
0.9498047694490118 0.1940576561913788 -0.025794202432309413 0.244022919264358 2.925820974406332 3.1182783861494423 -0.2469048994774802
216.0008544921875 -1 642.1509399414062 231.55055236816406 -1 1208.783203125 243.66795349121094
0.948328604419268 0.18911092483186073 -0.02801819291053499 0.253228941899361 2.664528831823304 3.1894683198656826 -0.21204764469570686
150.66099548339844 -1 903.7317504882812 320.9986572265625 -1 903.7317504882812 320.9986572265625
0.9461338207577313 0.18909406903707573 -0.02982535741667322 0.2611219529804925 2.410809783577093 3.226890966505756 -0.18048057927305902
226.82676696777344 -1 685.05029296875 226.82676696777344 -1 650.3238525390625 263.6097717285156
0.9455085953116936 0.193500226860766 -0.03332397498504385 0.25973192158018693 2.239660360466794 3.187010786553464 -0.14875658225435534
314.3461608886719 -1 548.6083984375 404.4287414550781 -1 548.6083984375 404.4287414550781
0.9451593780203362 0.19998253644141864 -0.04172805980294917 0.25483230620105735 2.0963408218130417 3.1305955460218406 -0.09103922542824194
204.3450469970703 -1 1026.8831787109375 212.31491088867188 906600 475.04852294921875 242.391845703125
0.9440998620089233 0.2054074894444649 -0.04744470917996298 0.2534407492998766 1.9744665448823457 3.129369375014431 -0.03291928952914349
273.57696533203125 -1 672.8192749023438 288.9300231933594 -1 677.9434204101562 303.0224609375
0.9446263391193238 0.20650858087110757 -0.05023222318491108 0.25002401729139295 1.8923742907983312 3.1822848160109753 0.004142225571530051
64.22444152832031 -1 1292.863525390625 64.22444152832031 -1 1368.66748046875 64.60771942138672
0.9448216163259414 0.20803338869577556 -0.05036236080725766 0.2479876108294677 1.816749170968551 3.2502941756929986 0.025862664581915017
94.97001647949219 -1 1217.4779052734375 155.14761352539062 -1 847.893310546875 241.3651123046875
0.9442983798980139 0.21414415863363467 -0.049689255753124904 0.24489554284996606 1.7688954991914405 3.2691080265685097 0.06434691034352197
7.136727809906006 -1 633.5145874023438 8.475469589233398 -1 700.14404296875 11.22048282623291
0.9425976512409823 0.2221438924518995 -0.05018760686160405 0.24421908819502133 1.6908711659356934 3.2555378979085967 0.11763304492511237
378.62713623046875 -1 987.5672607421875 384.1246337890625 -1 1008.0479125976562 386.8251647949219
0.9402250495608789 0.2292824459021913 -0.06201538087721486 0.24405021760696194 1.4801076604293526 3.233573582951107 0.2686352639938994
428.28021240234375 -1 967.886474609375 513.9874267578125 -1 978.3795776367188 535.40625
0.9386546903090354 0.23062324682567759 -0.07061572173559812 0.24648267733898055 1.2648556044172683 3.251287598494053 0.3174416198015059
91.06491088867188 -1 994.1974487304688 310.0683898925781 -1 1003.7423095703125 375.1113586425781
0.9385951579279035 0.22936805038611205 -0.07564492929062372 0.24638845680953592 1.099438116683004 3.300639834883445 0.3388876656861421
191.8385009765625 -1 934.7630615234375 305.7011413574219 -1 932.818115234375 310.3890075683594
0.939549633056818 0.22727318439109587 -0.07567098437749462 0.24467792872032926 1.008015673786916 3.3654478466000706 0.31891296574623945
59.21945571899414 -1 969.1273193359375 109.74608612060547 -1 931.7664184570312 225.25901794433594
0.941269106721186 0.2257141918352973 -0.07364094204489574 0.24008870025717496 0.9622931984604878 3.4243271727083693 0.29130108632791757
151.9138946533203 -1 925.08447265625 153.90591430664062 -1 925.08447265625 153.90591430664062
0.94265437631511 0.22488574011659934 -0.074300882560383 0.23517761278856622 0.8886940160448241 3.4728792698949387 0.2974077244876055
322.9848937988281 -1 696.5692749023438 335.1650695800781 -1 798.9378051757812 335.3576354980469
0.943596426473211 0.22322133473429737 -0.07711021797058268 0.23206041013269432 0.7769239493312938 3.5124068551119074 0.29790545214276465
290.80224609375 -1 918.5121459960938 331.8847961425781 -1 957.8248901367188 342.8526306152344
0.9431065030622756 0.22546630896623193 -0.08257792850588956 0.22999120228057846 0.6107532798979994 3.4986342253604503 0.32612594565397074
313.1161193847656 906600 521.6954345703125 363.7750549316406 -1 742.9696044921875 373.3631286621094
0.9426748900429202 0.22889009606280905 -0.08940503010534842 0.22578776804510092 0.433742244701048 3.446512216122255 0.3485277231894564
355.0337219238281 -1 1058.8326416015625 475.5412292480469 -1 789.7406005859375 518.5073852539062
0.9437641804546301 0.22829327271838318 -0.09357615000270661 0.22007920727093083 0.2637122329739926 3.4391748070728654 0.32997901676926616
309.17572021484375 -1 767.9990844726562 318.14715576171875 -1 994.1019897460938 342.9462585449219
0.9462024065406679 0.22459713191106734 -0.09419017854639485 0.21303836382062585 0.1526374686250491 3.4655508313313397 0.26959031543996637
333.4351501464844 -1 951.4326782226562 347.42877197265625 -1 555.5353393554688 359.6904296875
0.9489808397340355 0.22004925194594896 -0.09163884210522787 0.20643646759554476 0.07391495153177788 3.513819319070497 0.2156321424364128
261.3943176269531 -1 760.850341796875 299.0699462890625 -1 1283.2353515625 361.4848327636719
0.9504751518530681 0.2168267440785838 -0.08746523389190712 0.20477544194165864 -0.04427144696787679 3.5489710273385042 0.20223680097197447
270.51043701171875 -1 509.0908508300781 291.85418701171875 -1 1237.04052734375 338.90240478515625
0.9519674739494801 0.2150322743995309 -0.08597057783155865 0.2003200171129155 -0.14413352688719072 3.545473342339685 0.17488423526117677
236.87950134277344 -1 869.4203491210938 357.7967834472656 957899 879.172607421875 368.92169189453125
0.9534364868885744 0.21453342916959015 -0.08445111309008932 0.19442809142753686 -0.2622998662547033 3.505109434905411 0.13410384516904883
258.1752014160156 -1 677.6735229492188 284.5333251953125 -1 741.6024780273438 361.4471435546875
0.9548360369360368 0.21558519794834113 -0.08453794017680608 0.18618405319608 -0.37649464989635256 3.4419660845965745 0.11347637417509178
295.8487854003906 -1 534.264404296875 311.5143127441406 -1 783.880126953125 333.3364562988281
0.9570549544577449 0.21331746023342663 -0.08435645594231354 0.17727228674639764 -0.48618593477672833 3.409234310675686 0.08332047635540368
260.3180847167969 -1 687.7073364257812 337.8462829589844 -1 639.7521362304688 360.3072814941406
0.959715487257667 0.2105260699184504 -0.08152334782730501 0.16726894858729466 -0.6022855023715228 3.387642278929026 0.05395608901853568
315.35662841796875 -1 599.313720703125 346.3553161621094 -1 1298.46142578125 353.34722900390625
0.9618899469337269 0.20896831109552993 -0.07909098943891135 0.1576216683558699 -0.6772939077319716 3.367766346364178 0.029238110007601858
270.59649658203125 -1 985.0701904296875 270.59649658203125 -1 670.1218872070312 293.9216003417969
0.9639074917748632 0.2069769156714302 -0.07593048686879873 0.14925637287332424 -0.7418305001916999 3.3654513548141844 0.004207025388673413
229.7451629638672 -1 661.0606689453125 277.3885498046875 -1 661.0606689453125 277.3885498046875
0.9656614948674681 0.20622360196381334 -0.07244783608616438 0.14043152911589982 -0.7940364833003343 3.3599906158920865 -0.018054132109148826
274.1575622558594 -1 1102.7242431640625 287.5343933105469 -1 1257.444580078125 310.7336120605469
0.9666237269072195 0.2072279188346496 -0.06971604203361081 0.13354712171598865 -0.8449427023145869 3.3403964315150168 -0.037484462984311843
282.8692932128906 -1 484.546142578125 324.0806579589844 -1 545.28857421875 330.30645751953125
0.967783992234474 0.20678602305518795 -0.06883821646585742 0.12607531478256476 -0.9048456395037111 3.330107748948038 -0.05794028196548074
279.69891357421875 -1 1121.599853515625 291.2940673828125 -1 529.618408203125 308.393310546875
0.9694125456654371 0.20366122958793212 -0.0702163655546769 0.1176056200930912 -1.0079229392370141 3.3337584473320234 -0.09194210381771202
190.80970764160156 -1 1052.146728515625 301.070556640625 -1 521.4276733398438 319.0791015625
0.9709629659382706 0.20065326916050888 -0.0706306585921501 0.10945544490063654 -1.0961861435912286 3.3373730386407803 -0.11356527699965809
154.4999542236328 -1 735.1190185546875 201.471435546875 -1 1072.39306640625 247.03842163085938
0.9726966730181608 0.1982746976086376 -0.06941709754007065 0.09863870009644732 -1.1497058915570801 3.3388959837605587 -0.13458185553566043
270.78326416015625 -1 1126.4034423828125 296.1581115722656 -1 969.7070922851562 302.9462585449219
0.9738086882093856 0.19819851962953103 -0.06716761112708074 0.08889599316088011 -1.214963378810163 3.322410019867344 -0.14897595132780786
124.0159683227539 -1 885.2806396484375 256.65570068359375 -1 974.9280395507812 285.1569519042969
0.9752823698707074 0.19605125071933552 -0.06559809351744972 0.07800702684782237 -1.2780564513354142 3.324989644636306 -0.17560827745069946
182.31773376464844 -1 1097.6964111328125 184.99859619140625 -1 720.50927734375 188.0286407470703
0.9768120042754473 0.19331023601271524 -0.06486605318136095 0.06528289286455372 -1.3169899642272702 3.3388229647998813 -0.18842369050451055
234.56488037109375 -1 906.2802124023438 281.13543701171875 -1 906.2802124023438 281.13543701171875
0.978102227378559 0.1907530129422216 -0.06486537189297774 0.052170915074897455 -1.3674126697914393 3.3466682097926332 -0.1769802555450775
168.1758575439453 -1 952.62890625 191.3785858154297 -1 934.8770141601562 295.5942687988281
0.979327559945678 0.1875595435008109 -0.06637048054830244 0.0365226954700688 -1.424079155045448 3.3606470944293068 -0.15703784393573278
190.01210021972656 -1 774.06103515625 272.8677062988281 -1 894.9934692382812 290.1845703125
0.9798774308833721 0.18544118417727637 -0.06874063815802503 0.026953892519625187 -1.5329636936641775 3.3511071225303763 -0.14436431382540138
265.4757385253906 -1 493.8701477050781 353.712646484375 -1 1097.5247802734375 354.1761779785156
0.980578107403795 0.18261727545802994 -0.06961565089357682 0.016467153225165426 -1.6093091942619835 3.3578279896482646 -0.1488609426538664
260.76318359375 -1 664.8422241210938 263.6355285644531 -1 1276.0615234375 273.1091003417969
0.9813348695004961 0.18006802504380418 -0.06725578633641183 0.005834334884048141 -1.6348170972711666 3.37234500380583 -0.14794960945308017
109.5486831665039 -1 651.3875732421875 186.40333557128906 -1 656.083740234375 187.15248107910156
0.9816794124827621 0.1796688336500408 -0.06326056605843233 -0.004768868240976491 -1.6431110561556916 3.3627447455566317 -0.11884544959706307
215.4775848388672 -1 648.634521484375 231.8813018798828 -1 652.8460693359375 232.85130310058594
0.9818525092322274 0.17812037611372242 -0.062490513941135334 -0.018267933513604426 -1.6674768160983038 3.3581026244976884 -0.12804991512496655
271.8133544921875 -1 594.7838134765625 357.1951904296875 943399 607.041259765625 363.015869140625
0.98179789137132 0.17720602355346818 -0.062134130633628784 -0.02846533902135302 -1.7395406078401443 3.335739708273317 -0.13569111179751006
301.83734130859375 -1 1207.0458984375 321.7604064941406 -1 819.4170532226562 328.0411682128906
0.9812073519680853 0.1770025896204682 -0.06591347827538378 -0.03946681001888294 -1.8225898528527025 3.300931773989618 -0.14591845850347357
216.00543212890625 -1 632.2727661132812 335.8662109375 -1 632.481689453125 338.8095397949219
0.9810212289497344 0.17400579492891777 -0.07019080108019748 -0.048914038116152754 -1.9041710984420304 3.273057731210601 -0.17465883142179697
309.2460632324219 948294 1136.7230224609375 309.2460632324219 -1 557.52587890625 354.8539733886719
0.9807662994086244 0.1717857110039486 -0.07400466351178425 -0.05577136557130307 -1.9952338635246707 3.232969321490061 -0.20983345686714827
315.0007629394531 -1 959.451171875 374.0664978027344 -1 33.143516540527344 436.1302490234375
0.9798134178840119 0.1729450956052752 -0.07844687122537439 -0.06246397710266799 -2.0976229403707487 3.134558069736265 -0.25963903191340815
91.64944458007812 -1 517.1547241210938 99.47120666503906 -1 499.9593200683594 268.9582824707031
0.9776088449988211 0.18150466168582322 -0.08208206971380914 -0.06781989234644463 -2.2074240099039124 2.9839698659593568 -0.2546858093909695
45.4661750793457 -1 654.878662109375 459.79876708984375 -1 772.181884765625 501.2402648925781
0.9758229097639974 0.18730192103561358 -0.08234820117272389 -0.07685319069310476 -2.263128075165245 2.8783620148702154 -0.2133830721226058
175.3820343017578 -1 498.6757507324219 298.1235046386719 -1 504.7828063964844 320.2887878417969
0.9760688303326411 0.18128495581830223 -0.0827065962886714 -0.08709203280076037 -2.284497710921597 2.8604662944158066 -0.2278835326241459
9.72285270690918 -1 1123.6348876953125 172.13084411621094 -1 1123.6348876953125 172.13084411621094
0.976896325574232 0.17047307953887425 -0.08551803664613555 -0.09643217118932484 -2.323231022933763 2.8581875886923607 -0.2657621868964315
276.5358581542969 -1 470.9234924316406 294.93853759765625 -1 565.45361328125 418.1165466308594
0.9778823871591513 0.16313440695902845 -0.08658454524048018 -0.09816475271473533 -2.382934588048216 2.786064406013741 -0.2823998682264728
2.226767063140869 -1 633.1546630859375 4.087980270385742 -1 666.6144409179688 5.090121746063232
0.9795570515909074 0.15395195876928852 -0.08408093818025383 -0.09847422456844182 -2.4047339995444186 2.71756209853393 -0.31457607219553396
3.568113088607788 -1 699.6378784179688 3.804612874984741 -1 866.1680297851562 4.700895309448242
0.9810394390716066 0.14472350045933977 -0.08159279444426235 -0.09979650943614791 -2.397252081524465 2.6346195760125113 -0.340405270985543
31.58030891418457 -1 708.4160766601562 63.64411163330078 839262 708.4160766601562 63.64411163330078
0.9814830612122984 0.1401163673174493 -0.08070311621023321 -0.10269085254809666 -2.378593000133887 2.510335154160285 -0.3366272141766991
38.20378875732422 -1 573.4140625 165.1622314453125 -1 574.2158813476562 168.97119140625
0.9807385816718283 0.14124589504200577 -0.08501121886817146 -0.10475936340328346 -2.3959194627186666 2.340130278621325 -0.31054530352060833
6.961915493011475 -1 719.932373046875 101.23382568359375 -1 760.2608032226562 202.62733459472656
0.9796441678433484 0.14613460204304016 -0.08866996603466877 -0.10525977208623717 -2.4008365417539643 2.1386811709306666 -0.265153343433284
50.20363998413086 -1 714.010986328125 191.20262145996094 -1 877.6438598632812 298.9833068847656
0.9787097765889373 0.15008354203841237 -0.09096684419623022 -0.10642902271192496 -2.3758733914885184 1.923029518115916 -0.18463961874575144
246.40164184570312 -1 863.5318603515625 253.7632293701172 -1 812.6044311523438 257.43896484375
0.9771819118014862 0.15301222985542776 -0.095360765738973 -0.1122902182754087 -2.3261437134627707 1.7411547354964427 -0.11805192054032687
178.7914581298828 -1 636.3827514648438 222.68292236328125 -1 642.204833984375 229.8033447265625
0.9771542013663075 0.15204470643892962 -0.09619421014567253 -0.11313155143691675 -2.2612504069659325 1.571582177802716 -0.0595541590291356
11.201189041137695 -1 1061.4627685546875 108.52237701416016 -1 826.4533081054688 138.68821716308594
0.9775748928720457 0.14481349631900683 -0.0962795941289174 -0.11877129225719701 -2.1376999192985306 1.4613956333649334 -0.00655681638254152
95.13775634765625 -1 1022.6991577148438 157.76681518554688 99044 1048.612548828125 178.38233947753906
0.9778829473295403 0.146511942525254 -0.10073573060314234 -0.11014310963205722 -2.1160464083962545 1.3009426535478994 0.052205909691042926
122.68392181396484 879828 846.9669799804688 131.9562530517578 -1 898.9906005859375 159.93069458007812
0.9769272678274443 0.15515398735756228 -0.10925131654365114 -0.0980025684139617 -2.1366149879179974 1.0841699280227668 0.1001100195134905
88.67032623291016 -1 710.2009887695312 149.91629028320312 -1 710.2009887695312 149.91629028320312
0.9765985457927565 0.15981070553245905 -0.11377889869567437 -0.08814862996263938 -2.104896170203707 0.8750816871083947 0.13011973179168101
31.56025505065918 -1 1012.6925048828125 160.84266662597656 572938 1086.78125 173.58839416503906
0.9775358530800239 0.15823546213716458 -0.11411903218790607 -0.07976240315990793 -2.01956978260771 0.725487166514673 0.16538015424772473
28.977584838867188 -1 496.97210693359375 28.977584838867188 -1 543.6011352539062 43.96160888671875
0.9789512833883312 0.15211606564271782 -0.11511527088142606 -0.07255040823879329 -1.903197713357269 0.6174944594848057 0.2193389561415296
54.7182502746582 208879 393.6625671386719 56.261898040771484 -1 398.3621520996094 64.051025390625
0.9799958250197277 0.1473926996891863 -0.11695151074839728 -0.06485305818466942 -1.816639763089998 0.5158145922748992 0.2575786841019354
3.505807399749756 -1 609.7294311523438 9.539143562316895 -1 597.6589965820312 11.087587356567383
0.9805452572174135 0.14663945665547526 -0.1194913998024214 -0.052437330914925105 -1.7407631612974035 0.36378457050183627 0.307663113420858
3.1167197227478027 -1 634.058837890625 3.1167197227478027 -1 646.7132568359375 13.591283798217773
0.981016339497256 0.14462031311925633 -0.12175223222178373 -0.04322384320841548 -1.6552790086725782 0.24974739326380352 0.38267411951590474
3.858494997024536 -1 523.9157104492188 4.172503471374512 -1 523.9157104492188 4.172503471374512
0.9813661936652613 0.14192773631138322 -0.12464586594914193 -0.035218172841190935 -1.5739701182297554 0.17293558045855095 0.4503948323959025
4.635717391967773 -1 870.4571533203125 7.325283527374268 -1 580.2664794921875 10.579756736755371
0.9818507813629975 0.13746232983821957 -0.12801011733762224 -0.026202306607012945 -1.4764412424863054 0.12459201749399909 0.5081354818791373
11.634778022766113 205170 747.990234375 33.38482666015625 206749 747.990234375 33.38482666015625
0.9822421504582047 0.13274618117661013 -0.13162269394411444 -0.01594602411769573 -1.3574365067958545 0.08867454144147648 0.5548645418098177
6.667788982391357 -1 620.087890625 6.667788982391357 -1 647.2535400390625 24.773597717285156
0.9822997562132729 0.129856645163547 -0.13494677395670848 -0.003716025953936487 -1.2400963413442456 0.04598416544454268 0.6060065552104944
58.37419509887695 -1 409.948974609375 76.9880142211914 -1 833.8555908203125 77.13899230957031
0.9821231425026531 0.12874550767684317 -0.1371761902689908 0.006435840040830139 -1.1000909075230492 -0.0035332048597680847 0.661064119599011
62.640865325927734 -1 879.788818359375 72.46788787841797 28367 873.9093627929688 77.99847412109375
0.9820643930159058 0.12838416466827668 -0.13749898891873066 0.012691031441785067 -0.9250262755944599 -0.07535078167810096 0.7203167109780974
50.77894973754883 -1 926.0956420898438 72.98048400878906 -1 932.9168701171875 79.05431365966797
0.9818272584955864 0.12911875776147255 -0.13772394516177128 0.01938287383884455 -0.7463513289170123 -0.16641133473505312 0.7718609538270348
65.48407745361328 -1 846.4683227539062 77.21553802490234 209889 977.4624633789062 88.29359436035156
0.9813626722877861 0.1290021928607924 -0.13990667127966555 0.026680761022241237 -0.5931413059168947 -0.23810672348792045 0.8194508834746544
5.337642192840576 -1 463.8091735839844 13.174300193786621 214579 463.8091735839844 13.174300193786621
0.9806378943196997 0.12914306741047074 -0.14347337440596183 0.03296633435198436 -0.4435774051466715 -0.3048746662999455 0.8624859653143493
38.632911682128906 -1 678.84912109375 38.632911682128906 -1 1049.520751953125 65.8797607421875
0.9804296799125535 0.1280179510442488 -0.14445388906637133 0.038757204370293834 -0.277714550014139 -0.34062474952159333 0.9028737316780768
2.6365795135498047 -1 578.8814697265625 20.72700309753418 -1 960.8743286132812 65.68083953857422
0.9802115962223374 0.12552812760261545 -0.14655465257013658 0.044154836902491015 -0.1214034033330622 -0.35221263519389506 0.9289861405870437
73.98920440673828 771313 1002.5629272460938 77.36418914794922 -1 1117.5460205078125 80.73108673095703
0.9798881568179972 0.12434341448764619 -0.14733998594072406 0.05146692087514747 0.055284493603257705 -0.3537523967963694 0.9549656435050486
100.5926742553711 -1 1068.806884765625 102.74717712402344 -1 1163.7322998046875 103.67937469482422
0.9794314976881495 0.1268536368631335 -0.1456869812984649 0.05828721670388204 0.2662422388011929 -0.38401285951851466 0.9969018798885888
185.73214721679688 -1 861.4965209960938 191.67234802246094 466683 869.8740844726562 191.36891174316406
0.9790182678886884 0.128401901343739 -0.14460837215217132 0.064223061084351 0.4531302837476262 -0.4079629420028705 1.039945150406122
44.94807052612305 -1 1254.2393798828125 99.54002380371094 -1 1249.8048095703125 107.68543243408203
0.9784832316887464 0.12649722347389206 -0.1462477244083113 0.07197652994368328 0.602078435894167 -0.4160316519711342 1.0815365843263758
11.916948318481445 -1 837.6790161132812 11.916948318481445 -1 837.3884887695312 33.8906135559082
0.9777041012799323 0.12619663427731137 -0.14827195845088403 0.07864175846595574 0.7271736541367773 -0.44800541946808253 1.129017341702211
10.632885932922363 -1 1198.65478515625 102.78466796875 209894 479.2110900878906 114.68889617919922
0.9764383341232427 0.12866416891280008 -0.1494848488399743 0.08756706721076786 0.8633743889175725 -0.5021745152778585 1.1638246935317866
143.5648956298828 -1 869.7398071289062 151.02911376953125 362398 876.0595703125 166.01507568359375
0.9757097713000797 0.12935792656266934 -0.14807159808544584 0.09660109142952482 1.033139935371544 -0.5257997689127875 1.1817123191041787
62.877105712890625 -1 1035.2391357421875 189.66619873046875 364005 1034.369384765625 201.11331176757812
0.9760981450830823 0.1278791502411236 -0.14315806308748294 0.10190732589963558 1.2440986068774242 -0.5156653451016496 1.1964508292481877
16.292076110839844 -1 1023.9002685546875 25.77794647216797 -1 1140.263916015625 143.10885620117188
0.9759969679192585 0.12738381643357144 -0.13942219613012458 0.10846535460452401 1.4059837546264116 -0.4982038013153685 1.2122491845498427
18.64818000793457 -1 1057.84326171875 56.45820617675781 363348 1164.435302734375 177.53671264648438
0.9759340209342966 0.12752877708985655 -0.13516127545754852 0.11410796384858649 1.5740625073912287 -0.4846358151239814 1.2107534333469363
164.864990234375 -1 1155.8695068359375 227.2031707763672 120910 1161.317626953125 228.2916717529297
0.9756160004661967 0.12913140316691255 -0.13164048143206317 0.11903480162885549 1.7238158987586987 -0.49917734511152473 1.2007296068558238
158.867919921875 362398 1115.434326171875 197.3867950439453 742686 1120.11328125 202.30104064941406
0.9746404511746429 0.13364379967479337 -0.12761165395342872 0.12621644709720925 1.884410335616399 -0.5279255434435622 1.1755342875654904
289.60040283203125 -1 1095.8050537109375 311.3270568847656 -1 776.394775390625 316.4813232421875
0.9739763321298801 0.13860792243952644 -0.11969699972862899 0.13353118191564303 2.1110349829925426 -0.5336060319543344 1.1420382116526804
171.84275817871094 622615 1341.958984375 175.4573211669922 -1 1304.9254150390625 200.3431854248047
0.9732469103570375 0.13839596207832153 -0.11438269589798317 0.14336529580064356 2.285960308412739 -0.4754914553644007 1.1276231203471996
215.51907348632812 -1 880.2410888671875 337.3412170410156 490071 1192.37353515625 343.0691223144531
0.9724637510775452 0.13865657001125958 -0.10842465575598892 0.15275045812402033 2.4697512504983177 -0.41234271956120533 1.1093653739447746
204.48912048339844 -1 1011.5001831054688 332.136474609375 593210 992.4989013671875 354.03802490234375
0.9717419996221328 0.14016021606283463 -0.10171715640640516 0.16039395280431623 2.656458666016016 -0.3635691538462049 1.087029600438059
196.38600158691406 534717 1458.0301513671875 236.7659912109375 -1 1458.0301513671875 236.7659912109375
0.9708494601427703 0.13946121959314203 -0.09782962790290362 0.16861571063950245 2.8000458231390164 -0.2893482471780859 1.0751029833242598
175.563720703125 334940 1034.072021484375 341.3344421386719 -1 1034.072021484375 341.3344421386719
0.9701113409930431 0.13641595676842466 -0.09364451849327897 0.17749754074858892 2.927716689943258 -0.1839882710115296 1.0704167647561815
206.71083068847656 345878 1096.9176025390625 397.45684814453125 770781 358.365478515625 402.3450622558594
0.9697610641900887 0.13427718423417798 -0.08486954545174297 0.18528431242245566 3.117157942881589 -0.07125415849419596 1.0326009451942852
409.89459228515625 -1 407.24566650390625 413.2268371582031 796186 1152.052734375 413.24530029296875
0.9691996343279956 0.13503546391754312 -0.07316987425729067 0.19251925047700005 3.3429494492234597 0.02338037998787944 0.9652952324321374
376.2663269042969 -1 711.588134765625 412.6241455078125 -1 716.0836791992188 412.7955322265625
0.9682680787458097 0.13578366288669955 -0.06135945358082801 0.20063584433304038 3.55545723191464 0.13271606070930028 0.8704736673800878
420.90008544921875 -1 532.001220703125 424.5324401855469 796186 801.711669921875 462.18701171875
0.9677659750870986 0.13500230608175898 -0.05221519572822172 0.20609941327278922 3.7243305479523543 0.22776509391252864 0.7820246219496718
422.67694091796875 -1 824.875244140625 435.1089172363281 915829 828.0853271484375 468.3292541503906
0.966821479639316 0.1362566760278312 -0.0450487893098394 0.2113313780005425 3.868778646689005 0.3092976666835244 0.7112742928299917
440.36724853515625 744988 871.7713623046875 440.36724853515625 -1 626.076416015625 446.21392822265625
0.965447085045151 0.1371902653455153 -0.04570834773601316 0.21679830262133493 3.960968202885158 0.3882795401508364 0.7081723541656313
4.249603748321533 858691 1128.806396484375 4.197423934936523 -1 792.6695556640625 5.006871700286865
0.9640639891860338 0.13962585433759492 -0.05225132140121479 0.21989780573492473 4.024317828863934 0.4499144901409993 0.7397640275298673
27.005340576171875 773350 846.1066284179688 27.618209838867188 805560 827.453857421875 38.10184860229492
0.9630571869106638 0.1417389798140924 -0.05433796675283957 0.22243718598774448 4.123961139967056 0.5556913411095302 0.7390279660961934
3.6890602111816406 -1 873.3370361328125 3.691762685775757 576505 638.7424926757812 4.61443567276001
0.9619811694518279 0.1445733530294479 -0.06031317300849423 0.22372549335192882 4.1556980402852775 0.6288025894026417 0.7828014303363031
4.2603373527526855 -1 841.0955200195312 4.828197956085205 -1 926.8843994140625 4.560666561126709
0.9599292370526611 0.14942466753908076 -0.07121107630420828 0.22613516133924744 4.128895734989859 0.7046175332523106 0.8647686732896069
124.66744232177734 588010 202.03684997558594 184.59608459472656 -1 1038.888916015625 277.8439025878906
0.9576749027061833 0.15483251267416545 -0.08153777675060549 0.22855473022511566 4.080196996001413 0.7798479551226076 0.9425596027065823
2.538799524307251 -1 1412.228271484375 4.291591167449951 -1 890.5840454101562 5.7451558113098145
0.9561940077367793 0.16116894222422948 -0.08762584386126453 0.22812124652956026 4.0542762094384805 0.8328445306595296 0.9892995887754851
3.0775320529937744 -1 886.647705078125 3.476477861404419 647311 917.1583862304688 3.898797035217285
0.9549760909527367 0.16766660525015523 -0.08870643899978746 0.2281222103884143 4.06147009593549 0.9131314519614795 1.0005332166188559
5.080749034881592 -1 703.9014892578125 5.60720682144165 -1 885.3443603515625 7.071272850036621
0.954604190479291 0.171779271016969 -0.0855688831728897 0.22781722454810277 4.077405426056912 1.0139299468711047 0.9620608776710105
24.638031005859375 648827 585.8820190429688 26.506410598754883 -1 742.0533447265625 47.61426544189453
0.9563459868357478 0.17308112683279606 -0.07900455324984341 0.2218187493500988 4.124775129661948 1.1005698667202413 0.9139612379355773
15.54409408569336 -1 784.5806274414062 19.36658477783203 -1 875.060546875 173.62945556640625
0.9594528816788073 0.17288744856528349 -0.06869451199225492 0.2117573186196056 4.2047116632557975 1.1785372037397923 0.8227519753692049
8.563057899475098 -1 979.6486206054688 16.297143936157227 836660 389.618896484375 46.17937088012695
0.962100689336223 0.17190631695114678 -0.0619597451179125 0.20241410957732142 4.242631660434461 1.2473769677705149 0.7457708036210362
1.2279040813446045 -1 905.4513549804688 31.767702102661133 -1 905.4513549804688 31.767702102661133
0.9650123076444613 0.16964049920398253 -0.05472649927196162 0.1922975751328427 4.27672060884259 1.3135016317639392 0.6617907530257624
23.059261322021484 -1 795.1325073242188 39.33444595336914 583787 944.7918090820312 47.02610397338867
0.968327214195724 0.16843558056803334 -0.047353216406603005 0.1781278595352436 4.329699240410221 1.3174549495998849 0.5487341266405016
4.225419998168945 -1 804.863525390625 21.461374282836914 600262 1227.75634765625 43.34822082519531
0.9720408744263097 0.16532520933179295 -0.04177620635418306 0.16142757566966953 4.366100391190464 1.288360407039245 0.4465208661375623
14.502945899963379 722120 1533.52197265625 16.271987915039062 729572 1435.3433837890625 19.518352508544922
0.9736855480050813 0.16439928350856042 -0.03947696685088468 0.1528100071205111 4.359108052307748 1.2835633869841623 0.41471377263528014
3.509146213531494 -1 1179.5914306640625 21.633718490600586 -1 935.0088500976562 27.935148239135742
0.9756815068448964 0.16101991923842493 -0.0372945518481177 0.14396978575996963 4.3584394389329555 1.3093206183494224 0.39277447634102397
88.51945495605469 726158 1057.3427734375 88.51945495605469 744475 883.9497680664062 119.4769287109375
0.9777558000633825 0.15454203699008429 -0.03476178687677946 0.13748444427826617 4.363334218423612 1.358412758729215 0.36717064569805524
6.929397106170654 552837 921.7366333007812 145.9490203857422 -1 935.2911987304688 147.4759979248047
0.9794581409331858 0.14789814396564552 -0.03357630315510933 0.13289289310441246 4.350050985329186 1.4214237658934303 0.3462606227085825
31.70854377746582 -1 622.8187866210938 52.81953430175781 -1 907.531494140625 166.77487182617188
0.9804056542394549 0.14419751444058412 -0.03290839000062797 0.13011098274946156 4.30590506126003 1.484983856384041 0.32843814354620793
3.5350241661071777 -1 1048.52587890625 10.526116371154785 747353 776.1466674804688 14.35062313079834
0.9808453819243036 0.1430712643724356 -0.03170032029331383 0.1283278604276604 4.242540178039921 1.5520047443149367 0.32422502220663824
77.5632553100586 -1 964.1695556640625 120.35990142822266 -1 1036.591552734375 122.50704193115234
0.9818073928891273 0.1386957731489772 -0.030215903107621567 0.12611393649495356 4.170394297564017 1.6476445383737577 0.3234368337370436
158.75570678710938 -1 1014.808837890625 158.75570678710938 -1 983.81787109375 240.90916442871094
0.9831637475996151 0.13025182439517424 -0.02859916297110332 0.1249223579867168 4.062709170702415 1.8093275889089646 0.3329405204765093
258.4745788574219 856582 780.9650268554688 366.4240417480469 587965 780.9650268554688 366.4240417480469
0.9844053516891442 0.1229112119408863 -0.0280238771031852 0.12269311250881436 3.9679382515934596 1.923082035511251 0.3468501201458675
0.5624043941497803 -1 0.5618114471435547 0.5624043941497803 -1 0.5618114471435547 0.5624043941497803
0.9857553268705731 0.1153789744294248 -0.02543760698601477 0.11969568061015738 3.8516024189618943 2.0274928217469705 0.34105341144847323
68.5611572265625 -1 734.9391479492188 90.22868347167969 864884 767.3580932617188 236.697509765625
0.9866571701737847 0.10978667128776966 -0.025336359985412633 0.11752695101507625 3.703987647096681 2.095571182263293 0.35919478617548195
72.698486328125 791341 777.479736328125 357.8061218261719 -1 1064.0572509765625 362.6647033691406
0.9875182129125986 0.10276266481059719 -0.025792174763020523 0.11654345802286124 3.5265707837312443 2.179249653757992 0.3658861113108475
157.64334106445312 -1 1157.1685791015625 275.56622314453125 -1 1157.1685791015625 275.56622314453125
0.988262072231653 0.0947454262231633 -0.02537794238635281 0.11712105207188561 3.3475438185027127 2.2853723001711463 0.3501221187760875
193.57070922851562 -1 805.4676513671875 193.57070922851562 -1 986.6708374023438 243.69810485839844
0.9888955298774191 0.08701614104104019 -0.023414866857518882 0.11817599670334418 3.2238980190757753 2.390426071598643 0.3265909623183508
174.26661682128906 -1 645.4759521484375 174.26661682128906 -1 960.4734497070312 290.24591064453125
0.9897016811713106 0.07996526130326966 -0.022443601124909594 0.11658655171128099 3.0984787877487765 2.4558470802562424 0.31444010319163956
0.5858596563339233 -1 0.5858705043792725 0.5858596563339233 -1 0.5858705043792725 0.5858596563339233
0.9903338288139499 0.0753095570741451 -0.023590293722514817 0.11406522766419118 2.953340422437751 2.4774511372448993 0.34378878590222184
224.96282958984375 803041 1104.2777099609375 342.154296875 -1 746.9908447265625 389.3919982910156
0.9908682364575703 0.07161297117743441 -0.02694502363709771 0.11102110628074605 2.776807695591167 2.477179775843863 0.39165781766252705
238.31700134277344 803041 529.901611328125 247.04965209960938 715964 1089.888916015625 314.2456970214844
0.9915366472473691 0.06895211028986356 -0.02959844942512599 0.10594628565291532 2.6077889568751815 2.4435316584403877 0.44954626973103823
343.6376647949219 -1 860.3784790039062 357.34051513671875 707440 419.9264831542969 420.7283630371094
0.9918118457292059 0.06758828958758216 -0.032426032583068684 0.10339070651065727 2.4368937715008068 2.4111359997639203 0.5084584620237966
400.2906799316406 -1 1019.6489868164062 440.36505126953125 974774 888.0111083984375 471.60784912109375
0.9919043053058665 0.06876138194099157 -0.03594955337888855 0.10052537530947081 2.278510298530057 2.334123598025559 0.5625790313575006
315.599853515625 -1 408.06561279296875 395.7096252441406 -1 408.06561279296875 395.7096252441406
0.991942554113674 0.0734941787437681 -0.037203207807547496 0.09625225378165676 2.163546459245324 2.212867373437325 0.5923237823003626
251.45811462402344 -1 427.264892578125 251.45811462402344 -1 377.49188232421875 339.6241149902344
0.9919680965271322 0.07901891289848036 -0.037178682843364265 0.09150438469665276 2.0607570369885515 2.0572487264029222 0.6078887868829765
282.3673400878906 -1 910.177490234375 287.98077392578125 -1 842.6459350585938 336.9752197265625
0.9916811659610754 0.08306155443224118 -0.037754179818485875 0.09079573315754116 1.954079250909167 1.9302540941382256 0.6299787009079194
217.67274475097656 -1 946.9335327148438 217.67274475097656 -1 288.13653564453125 340.5398254394531
0.9909559985882667 0.08879482212035107 -0.03906823177304779 0.09271117350499922 1.8100768440509756 1.7831074978541117 0.6497052900070964
222.96121215820312 -1 900.6049194335938 282.6630859375 -1 489.1330261230469 291.6649169921875
0.9899937796032026 0.09391349253813715 -0.037710450921878046 0.09833867071261189 1.6649586962048017 1.6409216083138576 0.6557382427128298
151.94900512695312 -1 803.0685424804688 180.64500427246094 -1 846.0807495117188 198.23155212402344
0.9885248759460091 0.09836478391505238 -0.03515066033354052 0.10912089625451364 1.5336922875471168 1.511585722390453 0.6500932395142659
147.02798461914062 -1 1040.89794921875 148.7088623046875 630011 786.7681274414062 186.42111206054688
0.9865717683396602 0.10337826303072763 -0.03313135795231021 0.12203029856614103 1.4295711719428887 1.376561530196869 0.6757298100915694
261.7398376464844 479226 789.6403198242188 273.66693115234375 469751 814.215576171875 275.1246032714844
0.9847975417948965 0.1094127868548704 -0.02940020000715928 0.13167487226847435 1.3623229346848846 1.231815950889915 0.7299302660269487
102.33867645263672 -1 795.3607177734375 216.86007690429688 744022 795.8848876953125 224.91073608398438
0.9840655058536536 0.1123802634643733 -0.024529544130141877 0.13558782407516673 1.335950214234745 1.1012152422373307 0.7920447449114821
62.52089309692383 -1 961.6685180664062 62.52089309692383 -1 806.6026000976562 65.0652847290039
0.9836468305215152 0.11411410583005185 -0.023899885207720843 0.13727956564122368 1.3131899213515428 0.9848180714977228 0.8382738746865269
160.6201629638672 523598 501.0225524902344 163.1658172607422 637108 504.03466796875 164.64952087402344
0.9835205243217788 0.1188756395692863 -0.027251021344940788 0.13346663399690556 1.2888416936502234 0.8108113947103612 0.8792438824446188
130.2811737060547 -1 779.6470947265625 136.50157165527344 -1 917.6030883789062 156.71917724609375
0.9832610219251894 0.12519323454946546 -0.031449436891874225 0.1285898507070398 1.2543737877172787 0.5960351082342795 0.9028806812060286
261.61993408203125 733098 833.2487182617188 265.2142333984375 785803 795.7849731445312 290.0018615722656
0.9830179873233267 0.1305141333068101 -0.03860731405958472 0.12309010076798586 1.2026111243673279 0.3605800923160192 0.916735286271839
219.3776092529297 906756 521.5350952148438 233.8532257080078 674283 700.4509887695312 249.6671905517578
0.9828961425014434 0.13744280842335718 -0.04526953451730821 0.11390924770653542 1.1590062320721026 0.1145022098123714 0.9496354822066647
192.07427978515625 462833 780.1707153320312 197.8984375 -1 766.130126953125 210.26654052734375
0.9834246117642264 0.14279754183984117 -0.04849112440078483 0.1006653161482505 1.1387476306913822 -0.10474482224353333 0.9718832416234908
118.28646087646484 -1 773.7866821289062 119.605224609375 785803 683.7882690429688 142.25250244140625
0.9833059344607061 0.14613008363097102 -0.049847023781169404 0.09628453734906019 1.0994409896465374 -0.25445052241069155 0.995179854730785
91.64916229248047 785803 673.1842651367188 116.43043518066406 685633 710.5479125976562 126.21183776855469
0.9826664716416913 0.1496579093656812 -0.052776604633827426 0.09583186150173256 1.0090282198359035 -0.39243271031791443 1.0217216651481689
156.0205841064453 -1 917.6482543945312 156.0205841064453 -1 734.9464721679688 272.2867126464844
0.9828454611626586 0.15028949283750573 -0.05346516188695795 0.09257075282727133 0.9211405888873242 -0.4908281623195147 1.0247706591547725
16.432477951049805 -1 975.3671875 85.33439636230469 -1 785.6155395507812 145.14288330078125
0.9828430028409623 0.15077325659787233 -0.053029343358044455 0.0920594677610466 0.7699320215546678 -0.5826030907189093 1.0145068638855852
95.02315521240234 648057 1008.39404296875 114.96153259277344 664218 1139.3480224609375 123.07099914550781
0.9818460280524428 0.15534123313517134 -0.050616891725403484 0.09636082584611219 0.6288718625025418 -0.6796612517701551 1.0088491129547015
63.076133728027344 464601 727.7802734375 119.40800476074219 971609 847.5679321289062 131.9464111328125
0.9800601339440461 0.1628224250398541 -0.048219952671396095 0.10317862143917184 0.4779276998049914 -0.8062031655213098 0.9883474090150696
18.332735061645508 464601 910.8931884765625 33.00278091430664 533141 909.6226806640625 38.34697341918945
0.9785468702488104 0.16897400578701222 -0.0469983861595569 0.10809699252498081 0.3506711311119105 -0.9103625299831483 0.9562820063316797
41.444427490234375 -1 898.4932861328125 162.6252899169922 10680 898.4932861328125 162.6252899169922
0.9769465209815954 0.1756549874311169 -0.044629988628514125 0.11282280198412906 0.2146607600725735 -1.0292901114803386 0.9171050673199437
112.0390396118164 491548 886.435302734375 119.14830017089844 -1 886.435302734375 119.14830017089844
0.975640728524748 0.18020905749250127 -0.043371726205832586 0.11734035029472822 0.07959676326417475 -1.1181091406747936 0.8725956269803713
93.4789047241211 -1 935.3439331054688 93.4789047241211 5169 743.6491088867188 119.02576446533203
0.974045337529434 0.1827062909879509 -0.04368522958278016 0.12627625424796554 -0.07014906312038881 -1.165391643102332 0.8448870214238069
6.856310844421387 497592 1340.1397705078125 45.86110305786133 227485 809.0170288085938 133.52296447753906
0.9716119586374825 0.18167199761495645 -0.04404284272945544 0.14500246590846227 -0.19916846807650793 -1.157268547642243 0.8495955258590924
6.414202690124512 -1 1279.64892578125 9.377426147460938 669920 750.4873046875 13.13405704498291
0.9695821811905925 0.17558034033650083 -0.043980344668106075 0.16476549179936506 -0.2983687606568576 -1.1121767352738512 0.8612380256935586
3.097590446472168 -1 915.6720581054688 3.5762150287628174 -1 915.6720581054688 3.5762150287628174
0.9686145695550755 0.16914969665309998 -0.04245853345555695 0.17711992746329647 -0.3542739734856563 -1.064375732416922 0.8771435848087975
0.7595424056053162 -1 730.6990356445312 3.659931182861328 -1 908.7811889648438 4.338107585906982
0.9677300825320231 0.16918867496200554 -0.044605013870874836 0.18133966020907738 -0.40042610438755044 -1.055552305742143 0.8687845575303652
2.5861220359802246 -1 721.4100952148438 3.238088846206665 -1 902.3366088867188 3.925853729248047
0.9676603326516726 0.1682538965820834 -0.047761021668350646 0.18177731350912624 -0.4395899297794775 -1.027735005664107 0.8429496209333746
3.8594396114349365 -1 1339.5078125 3.8594396114349365 -1 922.6763916015625 5.568165302276611
0.9690068075516697 0.16536165406192838 -0.05115665605756637 0.17625074985778794 -0.49363013558230756 -0.9763642232968162 0.8467932364983105
3.361293315887451 -1 928.6646728515625 4.272075176239014 -1 868.06494140625 8.461668968200684
0.9703769771660372 0.1623063174999767 -0.05257853324519524 0.17105753221499714 -0.571186120434528 -0.9036810841213814 0.8486470517822617
2.4858033657073975 -1 840.3692626953125 12.47544002532959 686542 855.3605346679688 15.30929183959961
0.970658833328341 0.15887066677612835 -0.05397319534462977 0.1722452748381298 -0.6860692513542751 -0.8340021581685142 0.8429710550709546
30.663841247558594 686542 815.374755859375 37.95819091796875 643883 818.8458251953125 38.26176452636719
0.9709809484428683 0.15679619944699763 -0.05316365303654682 0.17258208364652172 -0.8227091344953378 -0.754448531024416 0.8241007410001002
34.5174560546875 655425 793.3131713867188 41.56156921386719 649007 784.599365234375 48.51955032348633
0.9700348457917587 0.15568665832983383 -0.049959729508943895 0.17971668758143078 -0.9555564075826717 -0.6872838642282519 0.8153872336229114
74.45036315917969 152825 768.00927734375 78.34941101074219 467046 763.0726928710938 82.00670623779297
0.9691499103558029 0.15598622790378736 -0.04629308908545548 0.18513156906538958 -1.0923033485897704 -0.6151143677132966 0.7938012765071376
70.5008773803711 655425 572.366455078125 71.13507843017578 -1 751.1688842773438 77.99051666259766
0.9683330294289357 0.15573840059598862 -0.04311954944501946 0.19030869436902223 -1.2230458959556787 -0.5529190926070403 0.7656246410262119
92.44001007080078 595666 706.6160278320312 98.3908920288086 686542 722.0549926757812 108.19306182861328
0.9679642255334263 0.1565730264625019 -0.03905007366995053 0.19236745363553176 -1.3411601891017229 -0.48233779231120877 0.7303025946626444
8.559674263000488 31663 1144.7510986328125 18.821964263916016 -1 967.1326904296875 27.566795349121094
0.9675619287540576 0.15756483696019893 -0.03498407166371819 0.19435367480256677 -1.4574386984747767 -0.3864332524456055 0.6975705052410573
95.91266632080078 -1 669.0208740234375 110.95347595214844 655425 683.7738037109375 115.33634185791016
0.9677869437421245 0.15284287871473098 -0.032315935645689464 0.19744155148249717 -1.601417727846299 -0.2508017527658241 0.6733519198770724
34.5627555847168 -1 1156.743408203125 34.5627555847168 -1 1163.6551513671875 52.291603088378906
0.9681473913758616 0.14563927430505355 -0.029281036354579897 0.20155012096749908 -1.7810894301180642 -0.07300435187649215 0.6571062976293868
44.816471099853516 -1 1262.0799560546875 67.59178161621094 -1 1262.0799560546875 67.59178161621094
0.9682994893930278 0.1426723393127982 -0.0259705050058764 0.20338691036041406 -1.896683566529643 0.048561012315019116 0.666477390575418
34.40719223022461 -1 807.9732666015625 34.40719223022461 -1 796.8605346679688 75.14132690429688
0.9687190338597073 0.13915689722268215 -0.02109946617037654 0.20438591908592027 -1.9835976280993421 0.18758317042646125 0.696286398136623
7.551198959350586 82230 929.55615234375 7.551198959350586 740503 975.5257568359375 85.51054382324219
0.968847275398214 0.13398602922986594 -0.017357367041709253 0.20756064832730248 -2.088821450375882 0.3298427703548236 0.7197645726521967
146.52191162109375 -1 804.4712524414062 199.85926818847656 -1 798.330078125 214.0211944580078
0.9692518414933703 0.1276979549090407 -0.015469331028320233 0.2097732105663055 -2.226254083565684 0.48784254092742996 0.7206374488610843
273.6720275878906 -1 985.5638427734375 273.6720275878906 -1 894.8899536132812 326.8478698730469
0.9705949455624242 0.12235548023351493 -0.013428909531676646 0.20686771738067486 -2.368777797250106 0.6416013045012947 0.7195813034123898
183.72976684570312 893396 929.5222778320312 245.4346160888672 -1 1167.874267578125 305.5524597167969
0.9732279775556781 0.12084853220151938 -0.012433495416080825 0.19511110721678845 -2.5025837794390653 0.7878944562265138 0.7197094561075171
284.9801940917969 -1 1292.7994384765625 357.4527587890625 828791 718.5903930664062 386.4129333496094
0.9765550354471512 0.12072871936484657 -0.011315669648445565 0.17786735137102833 -2.666735981618403 0.9509472869969968 0.7272603178972261
418.2996520996094 -1 550.0217895507812 418.2996520996094 -1 1177.113525390625 423.20135498046875
0.9795659776166995 0.11808085839949396 -0.013109832099455685 0.16228228084976665 -2.8444224942650327 1.1174104523113138 0.7084357569375224
447.9393005371094 -1 820.5956420898438 456.3236083984375 -1 820.5956420898438 456.3236083984375
0.9826062617803991 0.11396036215017014 -0.016349806718443896 0.145707425990653 -3.008285116962319 1.2945530418341848 0.6613929362808381
362.694091796875 828791 1056.6563720703125 409.36810302734375 -1 418.4523620605469 421.3328552246094
0.9848399325778471 0.11187160220615222 -0.017564293121208333 0.1314022352437069 -3.1325269350845395 1.4333897806913938 0.6321910689712659
270.08453369140625 774598 781.2974243164062 408.3233337402344 -1 1048.1053466796875 419.41156005859375
0.9863876517232624 0.11269131134127046 -0.020046758534253167 0.11806013869347452 -3.2443287996333643 1.5321005495217044 0.6164686186198813
273.4889831542969 943849 955.4459228515625 333.5040283203125 -1 631.8896484375 398.46533203125
0.9870953276863011 0.11535379062667919 -0.02116794098385476 0.10903318450102288 -3.324637071320953 1.5560070452075483 0.6271755612065788
262.15362548828125 867962 642.3870239257812 271.9840393066406 88499 632.3388671875 272.5039367675781
0.9877406300327082 0.11812622180296442 -0.02149422257231328 0.09976292849128687 -3.3770288747559656 1.5554214389396768 0.644025134161161
214.5941162109375 -1 692.2391357421875 341.506103515625 868263 692.2391357421875 341.506103515625
0.9884232478087007 0.12165047333451458 -0.0217165254186702 0.08802862064424591 -3.4324433737975437 1.52624254320743 0.6716309965007504
235.65609741210938 882712 549.8034057617188 309.3410949707031 814367 554.5765991210938 428.2572021484375
0.9887730892079728 0.12798348868239887 -0.022690735535832396 0.07370980398595141 -3.489060342351019 1.4803507622657608 0.6948566646350324
422.8499450683594 972378 619.076904296875 457.5692443847656 -1 754.7899780273438 478.5368347167969
0.9889798540255234 0.13308729650168155 -0.02470010033997971 0.05997103371397746 -3.5670270248918543 1.4335031315618871 0.6984090606321927
425.06695556640625 -1 591.369873046875 425.06695556640625 -1 590.5769653320312 427.92620849609375
0.9890272273801238 0.1373980183079901 -0.027886512426928974 0.046575427968886654 -3.665059330004441 1.3635919139239572 0.6830605674571756
220.93199157714844 -1 815.5587158203125 292.3680725097656 -1 497.995849609375 399.2920837402344
0.9885990783667156 0.14356317191649337 -0.031402612482293174 0.03279258835534079 -3.759124981017607 1.2762713370927672 0.6759547227441394
208.89064025878906 -1 1185.94384765625 240.4286651611328 -1 828.0951538085938 310.3178405761719
0.9878903418337901 0.15045086001852273 -0.03294913423214664 0.018750087587965487 -3.825920326471237 1.1914525394351383 0.6886159648838361
3.096064567565918 -1 590.6998291015625 313.8421936035156 -1 537.03662109375 392.5306701660156
0.9870258754541135 0.15649099850884085 -0.034906328594507055 0.008487449192732636 -3.8872965620534528 1.1040776315060552 0.6960840223411755
272.3685302734375 -1 995.8613891601562 290.6902770996094 -1 806.9334716796875 349.5392150878906
0.9861299143224608 0.1614204362477647 -0.03861011806590623 0.000702583015925737 -3.9621515297751393 0.9984165217309177 0.6811215686125851
231.11355590820312 -1 436.4075012207031 245.861328125 -1 802.0106811523438 317.1722106933594
0.9856231991602021 0.16357005468792818 -0.042200176288999545 -0.0033002435931716676 -4.029926566490905 0.8941054873350556 0.6605836469696157
234.61448669433594 711993 798.7649536132812 302.4791564941406 767640 769.3072509765625 304.4013671875
0.985362981668192 0.1642246524623268 -0.04496030107220403 -0.008284274808035532 -4.069552427358002 0.8116723043226276 0.666044028165788
256.8385925292969 -1 748.5858154296875 273.0636291503906 905419 748.5858154296875 273.0636291503906
0.985155472267407 0.162340211654835 -0.05093883936968289 -0.022794424430449833 -4.129027588207316 0.8052392731499455 0.6909609026877945
209.71853637695312 -1 728.86865234375 247.96739196777344 -1 607.6561889648438 258.34881591796875
0.9851865330852667 0.15606393064520663 -0.06157969974483592 -0.035489225947276055 -4.279189158295298 0.8106469093473796 0.6669948179776819
300.83172607421875 -1 518.020263671875 346.4327697753906 -1 719.4625244140625 348.8055114746094
0.9849437018217505 0.15170186868251712 -0.0715438966366682 -0.04187980580113771 -4.422309594320985 0.7445009476898007 0.6271139802847806
255.6994171142578 -1 627.2568359375 278.1468200683594 -1 755.0877685546875 306.4485778808594
0.9842720744181135 0.14883044116272626 -0.07863992744556171 -0.05360732333673113 -4.533798786083165 0.7060389397235144 0.626472694959909
249.18516540527344 810756 585.9985961914062 253.53121948242188 908000 603.3627319335938 304.99981689453125
0.9832902597960165 0.14913967819626792 -0.08547045699681069 -0.05993681972337642 -4.687354588969434 0.583577799072681 0.6138701491936923
180.56114196777344 -1 644.3068237304688 180.56114196777344 -1 649.2040405273438 219.55252075195312
0.9826147535732025 0.15002468800626295 -0.0867192570174079 -0.0666378984606118 -4.791220921439743 0.5012141976721304 0.6294455025906079
95.7037582397461 896738 505.9660339355469 128.5926055908203 120971 589.614013671875 141.95059204101562
0.9827359241131474 0.15039064334084892 -0.08192474724294979 -0.07000781129404465 -4.866337674618145 0.40067882240780306 0.6820342693208626
131.50421142578125 695768 666.3974609375 199.32113647460938 845848 549.4344482421875 203.3844451904297
0.9823327966456904 0.15337388578504954 -0.07586710181895767 -0.07578199426673507 -4.975729773664699 0.3282174287564831 0.7388116959246013
43.85222625732422 876489 582.6258544921875 100.49956512451172 895854 581.0488891601562 102.84102630615234
0.9824965802253399 0.15840529303159762 -0.06995539922512406 -0.06866203539321794 -5.131639482842194 0.14384683864329992 0.7757061542147693
82.39391326904297 888276 462.0059509277344 145.63174438476562 869907 576.5081176757812 314.7084655761719
0.9826636306056721 0.16363897730864754 -0.06460542102525738 -0.05848601340840741 -5.307812448338079 -0.061562222133305915 0.7798362248920278
27.601133346557617 695768 532.1879272460938 29.735145568847656 695768 389.5624084472656 46.491661071777344
0.9833655244571732 0.16551938573271724 -0.055982035543662316 -0.049614412745904446 -5.438453383634487 -0.2139423433208602 0.8203265665727849
3.6275992393493652 -1 538.379638671875 3.391860246658325 -1 371.0580139160156 7.0387749671936035
0.9841628144284275 0.16585923632234273 -0.04390239845688996 -0.04457407130405011 -5.538205148687686 -0.3133022663848606 0.912829001636514
6.544191360473633 -1 499.2234191894531 6.882131576538086 -1 564.4415283203125 8.16091537475586
0.9838436535809322 0.16996799363875345 -0.037669060056695555 -0.04175629726621579 -5.66757494905835 -0.38766532366883427 0.931841989085621
241.09243774414062 -1 816.047119140625 257.6616516113281 909604 353.9809265136719 274.2701416015625
0.9828753770349602 0.17575173667678995 -0.03805434941719808 -0.040239119820284795 -5.827094940498301 -0.43488952018059834 0.8782524703328494
421.96551513671875 810427 223.43087768554688 421.96551513671875 -1 1017.7655639648438 483.3498229980469
0.9822556388138033 0.1786999116568334 -0.041917994242948696 -0.03851082121917863 -6.032739650463538 -0.42810752590646944 0.810064276273033
190.8421173095703 -1 1165.3756103515625 271.3022766113281 -1 1258.109619140625 344.5656433105469
0.9817335822494183 0.181108237573879 -0.046593815954809985 -0.03504277502392694 -6.229425377006295 -0.4144343295593005 0.7358772051393465
200.6863555908203 -1 1040.0269775390625 312.7811279296875 -1 1094.564697265625 348.8448791503906
0.9817480214792408 0.18155346068271505 -0.046002919489740314 -0.03305895694281036 -6.333818446436042 -0.35908825878075024 0.7444283616328821
0.5452173948287964 -1 0.5451081991195679 0.5452173948287964 -1 0.5451081991195679 0.5452173948287964
0.981914702624509 0.18060427875204485 -0.0441090171069286 -0.03577716976140845 -6.394592208602218 -0.22531932666518123 0.7768181041338247
48.28617858886719 -1 1165.8084716796875 102.24592590332031 -1 1003.5902099609375 153.8472900390625
0.9825952124809119 0.17608213226696365 -0.04449831874555336 -0.03900808550455071 -6.468807653053991 -0.0230167580257389 0.7984665321505809
0.5086493492126465 -1 0.508335292339325 0.5086493492126465 -1 0.508335292339325 0.5086493492126465
0.983595799227614 0.1692830003092203 -0.04823465329067754 -0.039446010825278925 -6.548631044241221 0.19632504046879412 0.745416566216472
210.2750244140625 -1 712.5181884765625 286.71051025390625 -1 759.6065063476562 298.4381408691406
0.984671505140393 0.16256937627676696 -0.05084145638180227 -0.03752827166967935 -6.5886623289199635 0.40465945317205726 0.7014048660912853
213.1186065673828 -1 794.5875854492188 233.9888458251953 -1 794.349365234375 237.61158752441406
0.9856314444429277 0.15708956959926584 -0.050024041501359306 -0.03675755868301966 -6.568805438378634 0.6007082715503573 0.703109229062025
368.0129089355469 -1 694.9635620117188 407.5771179199219 -1 708.7664794921875 456.8698425292969
0.9867221452691165 0.1519459516675646 -0.04759605067306108 -0.03203828596660682 -6.517900311025093 0.7612436190439359 0.7284911854876763
370.7366638183594 -1 1080.7322998046875 481.285400390625 -1 896.168212890625 529.733154296875
0.9881881582659438 0.14275238394279027 -0.04864095700592283 -0.027202537439738488 -6.482269838786193 0.992304700871419 0.6861689762388249
578.753173828125 -1 906.796875 615.8131103515625 -1 909.5186157226562 615.200439453125
0.9895592151224317 0.13369746104159502 -0.05026260128092973 -0.019267059707762872 -6.455109159381107 1.141162022943888 0.6052540412708616
152.45799255371094 -1 955.1536865234375 333.95379638671875 -1 883.8621826171875 480.3190612792969
0.99074556226763 0.12504839768297857 -0.051555591941885456 -0.011320336719348933 -6.398946583613501 1.276225991610063 0.5443137517188104
131.6330108642578 -1 779.8805541992188 375.9564208984375 -1 1020.1246948242188 552.9109497070312
0.9918186638542184 0.11644622203580453 -0.051888625732507986 -0.006601963617964406 -6.311597213539242 1.4462266504515315 0.4906170607972905
453.45501708984375 -1 614.8953247070312 453.45501708984375 -1 799.1583862304688 608.9320678710938
0.9929844006960488 0.1089192607130246 -0.045859702896420315 0.003932209339470254 -6.163777143603739 1.537327966599543 0.49445224884459943
686.0031127929688 -1 800.3135375976562 766.1681518554688 -1 999.1940307617188 887.6072387695312
0.9941928924425917 0.09775450964681012 -0.04308130560244405 0.012982664130832117 -6.022142800628399 1.6785978850377243 0.4321897518324834
358.4905700683594 -1 722.9932861328125 367.3909912109375 -1 790.0368041992188 448.1979675292969
0.9946998897095642 0.08951316978469323 -0.03969420823716341 0.031367047666335614 -5.907887626862616 1.6824350957623968 0.3417968277175441
336.056640625 -1 914.9368896484375 360.2283935546875 -1 891.1864624023438 453.5433654785156
0.994418271078983 0.08559551445389121 -0.03880892950045996 0.047953905374728656 -5.8279606640533785 1.6487080724037475 0.2508423368027945
361.1300354003906 -1 400.5526123046875 362.15277099609375 -1 397.1645202636719 370.0389099121094
0.9937948357807153 0.08222678588437378 -0.03763013984845297 0.06476536600446597 -5.734760083825744 1.5799973103704945 0.17598481029450294
455.0080261230469 -1 724.8739013671875 476.10791015625 -1 998.005859375 490.98291015625
0.9924758107606728 0.08404777176621725 -0.03406094836389318 0.082265356697892 -5.586143933173023 1.4276005748412877 0.129105231634572
291.5417785644531 859186 996.117431640625 291.5417785644531 -1 970.2387084960938 302.9764099121094
0.9911895646463603 0.08486692261991208 -0.03373394947238762 0.09593160602314066 -5.484743194416395 1.2468744185269565 0.05682837824750433
282.4537048339844 859186 931.3154907226562 308.4939880371094 -1 909.1549682617188 362.9075012207031
0.9898137462086284 0.08453699076618458 -0.035671034369589426 0.10885688915104412 -5.390600332611081 1.0297441186188958 -0.03616930926073529
0.5572026968002319 -1 0.5571616888046265 0.5572026968002319 -1 0.5571616888046265 0.5572026968002319
0.989122835122229 0.08242518354006743 -0.03524263704935188 0.11661930668614713 -5.282266386824952 0.8574049213342141 -0.07536992909199593
195.89830017089844 883084 772.4148559570312 195.89830017089844 960728 860.5970458984375 225.5617218017578
0.98937645376274 0.07312900494080697 -0.03348766099274666 0.12109895927491375 -5.186108807983892 0.7937550994949476 -0.09624051382748808
156.361328125 -1 715.5448608398438 202.53794860839844 -1 533.0865478515625 259.8501892089844
0.9898648594988947 0.0615857843632808 -0.031016143521128744 0.12414809678230952 -5.111647774759425 0.77885741303633 -0.09252172014102672
119.52208709716797 -1 868.4323120117188 274.1125793457031 -1 604.8411254882812 319.54376220703125
0.9898450588023952 0.05450637994716169 -0.029697078982199573 0.12788235847631113 -5.045300705482018 0.7015594542930741 -0.10609191490027217
113.53423309326172 -1 772.5029907226562 123.96844482421875 -1 890.4530639648438 168.6754913330078
0.9893948097184384 0.05544558225858053 -0.028907523198314234 0.13110321511221962 -4.982233128036639 0.5499946102328256 -0.12825418994934984
168.560791015625 -1 1134.60888671875 169.60411071777344 -1 1030.27880859375 178.42784118652344
0.98915063322614 0.05927077790780273 -0.029993199806710003 0.13102827038423814 -4.9233126997704755 0.38354365533930695 -0.15919933448971987
129.01522827148438 870894 913.7222290039062 142.21449279785156 -1 925.0613403320312 153.90634155273438
0.9883885938411064 0.06332645484878088 -0.0280412579776463 0.13524583369596585 -4.8558354159968165 0.18461908245104336 -0.14120761346542193
201.34727478027344 -1 1567.970947265625 315.48199462890625 944578 1030.9954833984375 346.71112060546875
0.987797134427215 0.06600488110712967 -0.026250679725359268 0.13860403566048504 -4.809367296706041 0.012863398944557259 -0.12321801012809906
134.6890106201172 843645 412.9488830566406 293.34326171875 -1 844.4468383789062 324.899169921875
0.9875177057955908 0.06940076299418015 -0.027423481166942265 0.138709291385707 -4.789073593797119 -0.14664616847575365 -0.13700246764663193
12.616093635559082 -1 1002.492431640625 44.9973258972168 -1 414.4366760253906 245.03546142578125
0.9870115933215045 0.07228893056719479 -0.028775916698898424 0.14055024647624942 -4.778678748567839 -0.2996811710595704 -0.1481218562358079
3.426805019378662 -1 724.8605346679688 62.97114944458008 -1 724.8427734375 66.3410873413086
0.9870336004906365 0.07519656247899464 -0.02752391313324581 0.13911356044493584 -4.760472270447275 -0.40381494868662965 -0.10827660856435695
34.708091735839844 844016 730.0039672851562 36.81401443481445 -1 696.6207275390625 47.55002975463867
0.9873896223350609 0.07803318136686982 -0.028496966855922193 0.13476082216580412 -4.737811066638039 -0.4940895570726428 -0.07364632135516196
12.021308898925781 -1 430.2132568359375 132.43736267089844 -1 430.99017333984375 135.22630310058594
0.9876758134179988 0.08125335633684486 -0.03601174803652526 0.1288314157201034 -4.721846671250415 -0.5874185763887824 -0.11745575080177299
7.108241558074951 -1 455.43414306640625 14.620532989501953 -1 985.6705932617188 135.2382354736328
0.9877237751097758 0.08302817248353404 -0.041347524810612796 0.12569188060083056 -4.63998551243698 -0.7161292650293651 -0.14982363522387085
83.67855072021484 -1 929.9868774414062 140.35028076171875 -1 921.2326049804688 142.8201446533203
0.9879734724385492 0.08806895872503548 -0.04651665161933271 0.11827289372011293 -4.522345684440448 -0.8140064775053345 -0.1950698296792343
104.30243682861328 -1 961.4729614257812 131.4154510498047 -1 698.9324340820312 144.77659606933594
0.9879771121440285 0.09711811958869464 -0.051259113800535876 0.10882003482578707 -4.369322780877981 -0.9209333166870002 -0.23163593382482303
32.07173538208008 -1 707.1665649414062 124.06217956542969 -1 862.10205078125 136.10548400878906
0.9883488830772614 0.10161424531716551 -0.056395474416296394 0.09828825430291141 -4.253683799883098 -0.9526021640175129 -0.27358129489064814
9.477381706237793 -1 741.3732299804688 50.328556060791016 813413 741.3732299804688 50.328556060791016
0.9889966025624544 0.10172902104440083 -0.06108653669450108 0.08834795658045455 -4.160041657852154 -0.9467913220983435 -0.29653688859698935
45.771148681640625 -1 1134.236572265625 55.41990280151367 -1 795.4171142578125 65.78315734863281
0.9893470676400695 0.10211630566128362 -0.06656975102866033 0.0795808275784391 -4.06117449567077 -0.9590920783517025 -0.32867333073753385
37.18241882324219 766582 811.8268432617188 39.41144561767578 -1 816.7435302734375 42.67499542236328
0.989324365339388 0.10391011677512446 -0.0724926812615043 0.07200554798843865 -3.947461323475043 -0.9901142386423794 -0.3799864636319282
7.487027168273926 -1 840.0176391601562 22.46596336364746 821129 834.4115600585938 35.417503356933594
0.9888435730159023 0.10807513751700924 -0.07908805280883478 0.06521681269987471 -3.8383256058935644 -1.0324618861106885 -0.4320584312502154
28.235790252685547 -1 819.852783203125 29.434255599975586 -1 852.5452270507812 32.939849853515625
0.9881307024429243 0.11476104851938726 -0.08529743798868474 0.05614235215013956 -3.7259246408893034 -1.0642002150279226 -0.4741859578221849
14.923295021057129 -1 908.1661987304688 37.73088836669922 -1 968.0757446289062 51.58131790161133
0.9878911118175302 0.11677233535479441 -0.08925117092516038 0.04969508402447166 -3.628418136552263 -1.0600565768762913 -0.5059931111987507
12.084465980529785 -1 1364.5008544921875 24.663204193115234 -1 704.759033203125 71.8016357421875
0.9873773154327786 0.11590174201876938 -0.09620014429614597 0.048973006883123886 -3.5461515406385105 -1.0719238168498644 -0.546819906198342
4.9848480224609375 -1 574.4024047851562 4.713809013366699 -1 889.8635864257812 4.141005992889404
0.9869869114251449 0.11341694705279215 -0.10333677557896992 0.048113860888716574 -3.5018422704165024 -1.0743310030277018 -0.577569571702722
3.8190860748291016 -1 50.50152587890625 3.8190860748291016 -1 886.2438354492188 3.3266608715057373
0.98743350372003 0.11302699121241916 -0.09994086164457026 0.0470297688958189 -3.4038157067655184 -1.0884711211820852 -0.5497431507440261
319.0083923339844 -1 611.4458618164062 319.0083923339844 -1 613.8851928710938 321.9947204589844
0.9877513776434964 0.11548253215607217 -0.09440555459497567 0.04581039174479901 -3.3109585958177696 -1.1169610247068493 -0.5222537415239756
42.785919189453125 -1 984.38720703125 83.10855102539062 -1 1292.5830078125 125.94203186035156
0.9876306790668986 0.1179129116266503 -0.08885632041791634 0.05278959518097502 -3.216215548837505 -1.2034192928374354 -0.5072173009457186
243.6632537841797 -1 728.8626708984375 266.0064392089844 218485 714.2322998046875 284.5085144042969
0.9880727235513463 0.11702226740175518 -0.08134058937618396 0.058324869703342615 -3.099471455347482 -1.2529141456952615 -0.46332176592736235
165.2977752685547 -1 810.2782592773438 165.2977752685547 -1 562.9024047851562 241.04652404785156
0.9886923452260639 0.11432681344662537 -0.07548814844695703 0.06097840324718658 -2.9663234310959816 -1.2756938902361923 -0.42302614144229056
246.47512817382812 -1 614.9589233398438 273.88262939453125 -1 579.0183715820312 287.2269592285156
0.9889781506550045 0.11264961051344773 -0.07142223962512267 0.06427399524774674 -2.8432225788688137 -1.3068053854240276 -0.40580474010906065
214.41607666015625 -1 349.6969909667969 241.6377716064453 -1 349.6969909667969 241.6377716064453
0.9893628564156722 0.11113632197469468 -0.06965924729112859 0.06290823117678997 -2.728248784438419 -1.326410489252089 -0.39686011216752437
239.06887817382812 -1 675.2114868164062 240.08287048339844 292215 882.0675659179688 253.41339111328125
0.9894952511571642 0.11237973552766893 -0.07047153521750861 0.057477871431005606 -2.6235663349236438 -1.3417660726768732 -0.4062718642151288
192.8507537841797 479019 906.8460693359375 254.4175262451172 212096 703.1404418945312 257.8187561035156
0.9892049530786728 0.11604977077154824 -0.0732332777759559 0.05140912890413112 -2.491456129322632 -1.3671625036406274 -0.4403956452620728
216.2823028564453 811177 745.21728515625 222.61619567871094 811178 605.5330810546875 226.11036682128906
0.989001182835789 0.11863942225455366 -0.07683153814810927 0.04356905532957814 -2.348493943075861 -1.3598840626961612 -0.4738863605734277
189.22940063476562 -1 926.8492431640625 191.20091247558594 -1 1009.312744140625 197.43629455566406
0.9889227557729414 0.11791323539691294 -0.08320701207603635 0.03471087976502071 -2.209371475922604 -1.3247982940732388 -0.4913993151149389
206.8376922607422 -1 840.676513671875 217.10226440429688 228461 946.8770141601562 218.15711975097656
0.98880593278358 0.11635447211907163 -0.08806878699756937 0.03111836863756374 -2.059345169833009 -1.3114559536956816 -0.499772390518683
203.32598876953125 200154 1071.833740234375 207.72752380371094 -1 897.9180297851562 215.4361572265625
0.9884953003591407 0.11556046020414584 -0.09257825388469439 0.030855925086753264 -1.9063172044602732 -1.3263632833616952 -0.5093474058387687
197.86785888671875 -1 1014.6869506835938 211.84115600585938 -1 1243.9674072265625 300.0192565917969
0.9880314858622985 0.1165625899755539 -0.09541594574235393 0.03320757234460109 -1.7374682676239332 -1.3570096527307038 -0.525557504029871
205.81448364257812 -1 983.7438354492188 205.81448364257812 -1 1410.1910400390625 262.5438537597656
0.9879240407194557 0.11647179540954536 -0.09701516087210324 0.032069755277832894 -1.5988164296367675 -1.366575424745296 -0.5371339339070876
193.39053344726562 -1 405.1697082519531 250.31947326660156 -1 697.6724243164062 277.7413024902344
0.9878417860666965 0.11706167097264181 -0.09719639620906864 0.03190660517231135 -1.459238929527247 -1.3617473552022787 -0.5426155977617501
199.28797912597656 763184 1165.442138671875 252.79867553710938 -1 1165.6746826171875 255.60105895996094
0.9878426124638348 0.11787318585919608 -0.09585851767458706 0.03292460546855899 -1.3122739743523597 -1.3308137706784104 -0.5456231903615303
102.0 -1 231.0 115.0 -1 1175.0 181.0
0.9879188316217755 0.11745995588956605 -0.09527885250308583 0.033785812927651857 -1.1856628278351873 -1.2747346531005803 -0.543923140677208
197.4975128173828 -1 828.4219360351562 201.28465270996094 -1 760.2781982421875 262.3053894042969
0.9879916863341298 0.1148679713127859 -0.09618545478710115 0.03776420512239077 -1.0736825967836667 -1.1992211458049062 -0.5452493447719204
157.99197387695312 -1 594.12841796875 157.85157775878906 755852 398.5098876953125 239.61126708984375
0.98767394503989 0.11215143817783305 -0.09955922880132155 0.04483517775664835 -0.949243120841661 -1.1147160559571385 -0.5489421105087054
152.561279296875 756214 435.8585510253906 152.561279296875 -1 625.7476806640625 189.943359375
0.9872021518592754 0.11022932441758491 -0.1022137660001635 0.05323301083841475 -0.8188979861529992 -1.035075372755406 -0.5572396614216532
203.82528686523438 817061 657.5668334960938 221.6444091796875 763916 661.9096069335938 221.57568359375
0.9868227262678205 0.10832203501205899 -0.10313240844316754 0.06173289221236941 -0.6880185452715502 -0.9440047337106313 -0.548756443126607
238.20187377929688 -1 690.8368530273438 239.06784057617188 817061 695.5167846679688 256.4923400878906
0.9865086866857234 0.10636342496189861 -0.10433071887615163 0.06784197832293111 -0.5727950265872395 -0.8335607386439317 -0.5416161605606025
46.610355377197266 -1 999.0128784179688 52.46409225463867 -1 948.1965942382812 212.7786102294922
0.986086542689462 0.10402323057275903 -0.10655569145475581 0.0738808665795772 -0.4725461201969493 -0.7043859569537241 -0.5411250148617629
25.25972557067871 -1 781.912353515625 44.540618896484375 -1 629.1694946289062 97.18733215332031
0.9859656190846959 0.10101633571999981 -0.10759891808609473 0.07803826450747502 -0.39477747302291377 -0.5774424138233658 -0.5380973321970134
9.659221649169922 -1 496.0789794921875 26.054929733276367 -1 496.77935791015625 28.60102081298828
0.9852382046381728 0.09542825653713403 -0.1116912506969088 0.08788738529159475 -0.3323109010918986 -0.4049716473137229 -0.5331955061910107
10.709199905395508 -1 695.1422119140625 120.87666320800781 -1 519.59716796875 123.32032775878906
0.9846300751518534 0.08990984116781411 -0.10998386779458943 0.10160405696908206 -0.2806671852315151 -0.2508962448767624 -0.510567023002149
38.604515075683594 887559 742.2457275390625 41.23876190185547 -1 741.1690673828125 47.29595184326172
0.9843509571615298 0.08401002179057662 -0.10873727196231789 0.11032549596589147 -0.27207958110053393 -0.07081256870122145 -0.4923628247208946
2.7068300247192383 -1 555.1201782226562 14.365803718566895 -1 555.5914306640625 17.424297332763672
0.9842239513472222 0.07759338714445568 -0.10128669745708732 0.12257032587110164 -0.25035269243899205 0.1112673053495074 -0.4555112225897186
38.54187774658203 -1 581.590576171875 53.83076095581055 -1 562.4453125 155.007080078125
0.9842069804340694 0.07148526367671407 -0.09379712796403518 0.13201733040635463 -0.2589907746793187 0.2896369337106187 -0.4534071387655492
6.370395660400391 -1 810.9453125 12.50979232788086 -1 838.504150390625 33.612144470214844
0.9838287058369983 0.06713334880815884 -0.09067884288726251 0.13910980735205694 -0.31033662708492477 0.44719348703177847 -0.4626199161677721
97.95220947265625 -1 827.9376831054688 108.94196319580078 -1 882.02783203125 126.05648803710938
0.983641946583701 0.06281858037805661 -0.08666326676046954 0.14488555854438026 -0.37388026611819 0.5992335333948418 -0.47798784143357337
177.80543518066406 -1 813.1971435546875 182.426025390625 -1 835.1284790039062 187.5836944580078
0.9834789612553775 0.05740409706965174 -0.0821317152464548 0.1507590254622824 -0.45215283194805117 0.7414713526623725 -0.5041985472284647
4.694418907165527 -1 900.3825073242188 188.14492797851562 -1 892.42236328125 246.40127563476562
0.983133996665401 0.053287591824818945 -0.07941144603101666 0.15589034414449726 -0.5463030477049864 0.8523150020056115 -0.5179347042449892
291.6123352050781 -1 806.5733032226562 305.17645263671875 -1 870.8038330078125 312.02935791015625
0.9830312935587513 0.0510745932132469 -0.07674492256777907 0.15859091610926293 -0.6361614179802103 0.9418483136724037 -0.518586282318582
64.61221313476562 -1 1113.5023193359375 79.21734619140625 -1 1038.06298828125 94.86888122558594
0.9836815532504125 0.04813856382182872 -0.07332991519878149 0.15708597647456413 -0.7205496377668966 1.043680397446537 -0.5060634625351211
0.5069485306739807 -1 0.5068589448928833 0.5069485306739807 -1 0.5068589448928833 0.5069485306739807
0.9842482401814083 0.042799070325935384 -0.07184417907118999 0.1557628171696413 -0.823424629681918 1.1631790677588347 -0.4916188981129492
176.19578552246094 -1 1064.009521484375 180.07174682617188 -1 780.03955078125 197.33889770507812
0.984757185310612 0.03502615477648765 -0.07164130953423682 0.1545767680763004 -0.9447773504634226 1.2892271539775195 -0.48201543634306876
196.72299194335938 -1 1025.2105712890625 209.7654571533203 153432 1066.585205078125 215.8566436767578
0.9850312167727373 0.027872979390552558 -0.07145893361838547 0.15437039809898034 -1.0703430657428372 1.383291916118921 -0.487139547821195
0.6018288135528564 -1 0.6015653610229492 0.6018288135528564 -1 0.6015653610229492 0.6018288135528564
0.9855115070251198 0.024741534401605304 -0.07139549748185625 0.15184732113491445 -1.1784842883912872 1.4387786885766367 -0.4901089625860482
196.96153259277344 -1 953.9371948242188 259.90911865234375 -1 406.98199462890625 334.1391296386719
0.986265441262928 0.021891860199029313 -0.0713341513090631 0.14735217909648915 -1.302314754012013 1.4783481588062912 -0.4872357760519659
242.39012145996094 953807 936.0618896484375 250.35226440429688 812971 1014.7392578125 360.1639099121094
0.9869236703880102 0.018367206594643484 -0.07141621453607368 0.1433319184658656 -1.457539719546819 1.4982347573457178 -0.48566081154397417
366.1410827636719 -1 326.6876525878906 366.36077880859375 888805 973.8331298828125 367.0913391113281
0.9882476786929627 0.0162781235922853 -0.07245961766843585 0.13360820355662714 -1.6270585316843476 1.5247648485966723 -0.46842165992440365
367.51593017578125 867233 220.15586853027344 380.21044921875 888805 199.53868103027344 411.8427429199219
0.9904082320902149 0.013273891230755891 -0.07178856310376368 0.11731044210566358 -1.7955603776176778 1.5873967878937811 -0.4604965687546327
372.07928466796875 890329 855.0499877929688 383.0308837890625 -1 366.572509765625 460.87506103515625
0.9924580457095113 0.009954182694728846 -0.07093449125265876 0.09947984571793358 -1.9676440235679526 1.6514844364460823 -0.4659643701340347
371.4338684082031 867233 674.6216430664062 424.8150939941406 -1 797.5397338867188 431.15447998046875
0.9945692152628278 0.008720990538960737 -0.0673717141552998 0.07884841474169801 -2.1015785392606126 1.7147234775254634 -0.4632300162878962
378.70062255859375 887151 610.301513671875 453.1315612792969 -1 752.3680419921875 496.9056701660156
0.9967342312291522 0.009718338300138036 -0.05905649998120196 0.054210294287022086 -2.1804030278136426 1.7867479675861595 -0.4325419664905947
367.1883239746094 943849 712.9346313476562 371.3541564941406 887151 409.1474304199219 376.4792785644531
0.9982431771476801 0.010812457770819003 -0.05061842027365044 0.028834450992863192 -2.2400329448197787 1.8612279553454198 -0.3901567325623567
291.1289367675781 -1 972.8712158203125 308.6230773925781 941485 643.351806640625 360.5063781738281
0.9990074392023595 0.013200803094614692 -0.04225323702422265 0.00495370335972762 -2.299063551811837 1.918646870111343 -0.3344747689796864
342.1810302734375 99062 803.330810546875 371.66357421875 -1 624.23876953125 407.1239318847656
0.9991393232256612 0.017191827072424237 -0.03369277580980958 -0.01702500291658354 -2.3426138446049505 1.9538474140430093 -0.2746292729833963
266.92742919921875 19090 798.7887573242188 269.7818908691406 -1 932.1433715820312 313.0396423339844
0.9987648371630902 0.021102087287519534 -0.02165784345406248 -0.039426384257440425 -2.3467995415403644 1.9913757043075364 -0.19452604247804925
221.97470092773438 -1 553.9453125 229.74961853027344 84710 741.6126098632812 238.49710083007812
0.9979732170217144 0.02285211706576027 -0.0073403747833662 -0.058935199592287595 -2.3083258451192266 2.0200150086323903 -0.09943840543145814
81.62618255615234 -1 1003.4986572265625 177.33090209960938 -1 901.8512573242188 194.81951904296875
0.9967586524831096 0.02468354392712325 0.00703858339367465 -0.07624545693392862 -2.224655067604016 2.0413707898835676 -0.0023494060188947734
48.793209075927734 -1 1136.5921630859375 58.20590591430664 -1 935.6874389648438 182.34228515625
0.995323056339028 0.02509525137519425 0.02000048802295357 -0.09111653174477015 -2.1282668499318667 2.0592978164706826 0.08879055924582131
23.706829071044922 -1 972.3684692382812 149.2728271484375 -1 988.4569702148438 155.86318969726562
0.9942553936712022 0.023441997313180387 0.027825122131745098 -0.100660059090213 -2.0747090771234897 2.0681013426947374 0.14540736840042556
8.527910232543945 -1 1118.593505859375 15.091522216796875 78936 1122.7452392578125 16.94925308227539
0.9930427201747515 0.02132473754991358 0.0315758137641179 -0.11141983423740798 -2.058022601746428 2.0801916621657472 0.18848025513403963
25.81708526611328 88138 1019.6802368164062 77.81169891357422 -1 1031.8717041015625 89.85057067871094
0.9922273983213407 0.01936493159839492 0.03209170429136952 -0.1186588048158606 -2.0983359058571205 2.067615119771665 0.20913186639613396
197.20692443847656 657826 906.2532348632812 280.8898620605469 808702 678.0673828125 299.0
0.9920326190031589 0.020065787299070662 0.029669210271005664 -0.12078238686040597 -2.1733440192204054 2.0016827398798345 0.2195976712674652
267.6027526855469 751372 830.2117309570312 369.5940246582031 -1 690.731689453125 397.77972412109375
0.9922838434271383 0.022336934451882538 0.027872676380582762 -0.11873057459703545 -2.2286791225167772 1.88537992753312 0.22449146733125466
148.51324462890625 115382 841.5422973632812 166.5866241455078 775086 754.5254516601562 167.95947265625
0.9927986121750214 0.025644559209914788 0.028923643374180442 -0.11338736746324056 -2.2412079189051384 1.7397780754985157 0.24156201167660804
73.63095092773438 -1 865.076904296875 106.41903686523438 -1 852.0699462890625 122.30465698242188
0.9932142656250242 0.027951513356164102 0.03031335969573257 -0.1087438995254498 -2.2285686736990953 1.6280428469731072 0.2582467671005007
70.46373748779297 -1 938.861083984375 86.55607604980469 94017 940.5503540039062 121.19888305664062
0.9936592687819007 0.02671851048648883 0.03003035521001334 -0.10500265009590101 -2.2120316641354867 1.5503361014416084 0.2638115116707109
4.758815765380859 -1 1546.6063232421875 4.889368057250977 -1 731.2452392578125 7.925508975982666
0.9945034254460585 0.0239680860726508 0.027736246894145493 -0.09807735841822544 -2.212535353336112 1.460128498305044 0.2656719243861557
0.5 -1 0.5 0.5 -1 0.5 0.5
0.9955374058635251 0.023738266345153185 0.024825618190045844 -0.08789457843878444 -2.2176815332174025 1.3580030927218902 0.2711360301271703
6.564605712890625 775097 1229.1280517578125 10.07590389251709 -1 975.2146606445312 11.454951286315918
0.9965196767123903 0.02314360868685829 0.018201890585820044 -0.07798460412853732 -2.232582952045969 1.260546550053006 0.2602338278916724
0.5 -1 0.5 0.5 -1 0.5 0.5
0.9974368182015811 0.020787980073876822 0.013502284528057688 -0.06712184363437497 -2.21538363502094 1.1762862122576194 0.252662642250584
3.6914877891540527 -1 1269.330322265625 17.823528289794922 62565 1002.7096557617188 22.487329483032227
0.9980661413705038 0.01955660505607846 0.011122148571152573 -0.057946651841459654 -2.1536387131573487 1.0862640615284125 0.24816244933837997
201.91896057128906 -1 1361.5902099609375 229.4512481689453 -1 420.16845703125 255.4618682861328
0.9986480163556818 0.02008965258823078 0.010935963262485521 -0.046679224450155224 -2.074223848514679 0.9934063522834407 0.24370640896205376
170.3377685546875 836752 276.270263671875 182.8021240234375 -1 440.08148193359375 208.63697814941406
0.9991510699985123 0.018650961421839838 0.008316854525511057 -0.03577863733669309 -2.009824719769082 0.9260794293006076 0.2263685806825046
98.60791778564453 14373 1051.9031982421875 101.22157287597656 772132 974.7565307617188 107.4411849975586
0.9994446932995008 0.017839923979055216 0.007783463638998063 -0.02704551426149248 -1.9328522735266902 0.875031213121228 0.2193375898483866
133.07855224609375 776557 401.005859375 136.62045288085938 836752 395.56341552734375 138.3393096923828
0.9997053204291367 0.018153351516385332 0.0017003939928024324 -0.016026128499077273 -1.8786630035321386 0.8097558119610921 0.19013216113204637
7.086077690124512 -1 1183.3021240234375 12.7377347946167 18611 1312.3856201171875 22.78510856628418
0.9998013893646126 0.016603116428198537 -0.00548838381376561 -0.009560125133850144 -1.8355325797829336 0.7767383032136365 0.15022742160754368
5.678740978240967 17167 1135.2747802734375 10.802983283996582 2 1341.55712890625 12.647398948669434
0.9997847725533007 0.012265792242453739 -0.013915203172457138 -0.009291180327567898 -1.7768791389903802 0.7880843321184096 0.1177575171945357
4.497585296630859 878060 1582.2564697265625 14.502685546875 17166 1178.4678955078125 18.62781524658203
0.9996928969921711 0.010011378089664095 -0.0216711768788485 -0.006651624225098671 -1.7142262857945656 0.7786211348970297 0.10399762113418733
4.634768009185791 87182 1480.248046875 4.541287899017334 -1 1254.740234375 13.692378997802734
0.9994860067020822 0.01015460200713136 -0.029902379123316964 -0.005518531287186087 -1.637269465877773 0.7598659275358395 0.10405206659003766
3.7111566066741943 -1 852.5040893554688 6.0001349449157715 37275 1118.77587890625 5.677901268005371
0.9992311268183183 0.010117399089033712 -0.03749609189459821 -0.005369965148775531 -1.563640404606801 0.7428368548611383 0.11479067948247024
6.594762802124023 -1 1113.8851318359375 8.632967948913574 11736 1113.8851318359375 8.632967948913574
0.998890938041448 0.01005490330470621 -0.04589251513771345 -0.003109641867445967 -1.4993233580591578 0.718410294975919 0.12047623356580509
12.87916088104248 37275 1112.4346923828125 17.10777473449707 11736 1228.45361328125 20.220163345336914
0.9985194442955564 0.009281928579342326 -0.053569257400965554 0.0017606325711501663 -1.436243477291191 0.6920345892489729 0.11567568540179672
17.75039291381836 37275 1129.1728515625 25.525375366210938 48247 1229.9820556640625 33.12101745605469
0.998104146033051 0.00848663968560521 -0.06056804869165034 0.006899427234678872 -1.393262162169407 0.6708193072200995 0.10461088309318475
13.523837089538574 5229 952.2801513671875 13.523837089538574 15078 845.3833618164062 24.069717407226562
0.9975879140760329 0.008800084185258272 -0.06799288034684332 0.010857275436401758 -1.3484796054017774 0.6416044064266995 0.08669457553836407
45.978675842285156 805912 1173.252197265625 54.37765121459961 102892 1222.683837890625 57.265625
0.9971347546027356 0.011223427227373827 -0.07279213991043917 0.017251672726819337 -1.2777558788099295 0.5961014492654155 0.07441236628000979
71.90162658691406 802 742.5321044921875 74.68914031982422 79489 729.8890991210938 78.1329345703125
0.9966866828284959 0.012044907669848162 -0.07699110381487893 0.023301210374584762 -1.1944004418697163 0.5681502253900587 0.06294657665844086
65.11561584472656 26545 594.7888793945312 66.01348876953125 141337 495.8351135253906 67.04248046875
0.996308668806959 0.012841906987768034 -0.07971612245214106 0.029145526349992387 -1.1185100865721953 0.55339370055585 0.056482460892665017
61.21516418457031 26545 628.3721313476562 61.35165023803711 141337 680.0679321289062 64.47325897216797
0.9957739598526361 0.014661854034536202 -0.08371776329653778 0.03479349111968522 -1.0499124583198263 0.5344704869775861 0.04559662070833596
7.7672834396362305 12296 168.0451202392578 41.45900344848633 39 436.543212890625 41.206233978271484
0.9948989225580939 0.015423627676612928 -0.08997567539324137 0.042925789911978214 -1.0128590478006703 0.5199861260027521 0.031245682993795282
23.68636131286621 39 905.5697021484375 27.22551155090332 83890 453.201904296875 29.62530517578125
0.994018814416537 0.01616859142686373 -0.09561356856754157 0.050231650808961505 -0.9771970333182823 0.5077502968321309 0.020853455750481857
3.31005859375 -1 191.74461364746094 8.897931098937988 39 280.9757385253906 10.241300582885742
0.993118158926123 0.01707863081230921 -0.10051065795821705 0.05763896613898795 -0.9263650318145987 0.489706736643537 0.02181771317479664
3.8277363777160645 -1 93.25179290771484 15.089438438415527 686141 93.25179290771484 15.089438438415527
0.9921763183734176 0.017952017446242953 -0.10396356215208533 0.06674920279097098 -0.8628934680486453 0.4737031237508827 0.03040768551919027
4.083883285522461 151700 274.74188232421875 4.083883285522461 147707 590.3570556640625 21.96331024169922
0.9914430421987435 0.018541895945535868 -0.10588541942053756 0.0740619343832064 -0.7696217881093187 0.4610662426926498 0.04134216710932161
7.192812919616699 -1 786.8563232421875 22.20045280456543 -1 646.356201171875 31.934040069580078
0.9904832501069405 0.021264516618245542 -0.10771970105814364 0.08298926192302508 -0.6772016941047474 0.4376731384469749 0.04754348560900927
22.107139587402344 -1 694.7802734375 22.919565200805664 -1 673.2933959960938 24.55125617980957
0.9893128444097472 0.023804510609647785 -0.10985231699712247 0.09287577515635799 -0.5836313696752393 0.4261015758628071 0.04985262594293822
50.280845642089844 75853 961.8670043945312 59.36518096923828 836752 900.99853515625 61.966400146484375
0.9892952468273359 0.0245339993919993 -0.106997582304402 0.09614840019306942 -0.4649012376632181 0.4423986214242624 0.04751146946588564
27.36022186279297 -1 1004.15283203125 63.861106872558594 769934 705.6226806640625 89.4686050415039
0.9885755395173158 0.027214222521326412 -0.10794723051581874 0.10161291347349684 -0.3958980383047079 0.4409309491482094 0.04288766711597222
5.621613025665283 -1 832.2478637695312 5.282305717468262 25073 390.3943176269531 7.807303428649902
0.9874101915065482 0.030887888343341732 -0.11063135959326167 0.10875547957338828 -0.3563862249808415 0.4264231937812927 0.03778939683678513
3.381091594696045 -1 480.9359436035156 5.855180740356445 -1 572.5475463867188 5.8909196853637695
0.9866160831911234 0.0327824858367931 -0.1133393774108173 0.112553092090333 -0.32407669344232337 0.4247311814922843 0.029582264793656943
1.8778011798858643 -1 695.0648803710938 3.620089530944824 -1 462.5478515625 4.7017717361450195
0.985606743511625 0.03347760612720032 -0.11618623566713787 0.11814971719772382 -0.3034158496346381 0.4358997418787803 0.027645675648825602
3.285646915435791 -1 351.7997741699219 4.835704326629639 -1 473.015380859375 5.1029839515686035
0.9848570848602682 0.03481488930687103 -0.11806991797233735 0.12208169540553732 -0.2736436019490263 0.45272300170235313 0.027605942627403443
3.076509714126587 -1 281.2080383300781 8.470672607421875 39891 319.50201416015625 8.377768516540527
0.9840745399294694 0.03597047951529583 -0.11902316751251223 0.1270311381564829 -0.237337503244138 0.4752670383091608 0.02009752472579827
4.480934143066406 20336 679.3280639648438 4.491159915924072 -1 687.888916015625 4.81737756729126
0.9831170412344112 0.0362928439319551 -0.12005301254041237 0.1332328296396927 -0.19929616271583683 0.5072315889465724 0.005678559443733742
4.477899551391602 -1 858.4022827148438 4.735933780670166 -1 564.0794677734375 6.478817939758301
0.9822934489318442 0.03473272460717403 -0.1203752153793008 0.13929474343754555 -0.16558086110747205 0.5524517124376481 -0.02165419835047714
3.355374574661255 -1 682.8679809570312 7.78081750869751 -1 682.8679809570312 7.78081750869751
0.9819261711835451 0.03325924255067338 -0.11787590356614627 0.14429167851350067 -0.11623712860379477 0.6017059907375514 -0.05390108841695013
3.0403614044189453 -1 364.8547058105469 4.1791276931762695 27105 420.29620361328125 10.846184730529785
0.9817602711499908 0.033863291322327904 -0.11653229205489754 0.1463566616206721 -0.07084935386489825 0.635708846080687 -0.08235833829219392
4.431621074676514 -1 768.6033935546875 5.382296562194824 78121 391.2159118652344 5.825496196746826
0.9813804032145539 0.03633136657900046 -0.11435321594840023 0.14998625934131585 -0.010162261298927713 0.6731551006650982 -0.11457191235099493
5.488359451293945 -1 1066.43603515625 60.08041763305664 485669 807.691650390625 61.00442886352539
0.9813332584923734 0.03836155189092894 -0.11078573795871272 0.1524465394103906 0.06308068340067263 0.7292292632960933 -0.1395604924353228
0.589985728263855 -1 0.5903447866439819 0.589985728263855 -1 0.5903447866439819 0.589985728263855
0.9817719101602213 0.0366109398354691 -0.10599060899448166 0.15345861432221108 0.1413703226118925 0.8103593621095497 -0.16666318496813076
23.370248794555664 -1 887.5693359375 124.03943634033203 -1 861.63720703125 134.25144958496094
0.9829618577596199 0.03171191371369067 -0.09747345224913574 0.15257544633723916 0.2592853084094245 0.9109452110569761 -0.21171168427236
223.63174438476562 -1 934.42041015625 226.55523681640625 -1 982.6520385742188 267.35394287109375
0.984181762687158 0.03210904134389616 -0.08841952072162342 0.15012413467971497 0.38642386167554943 0.9797598393244158 -0.26163532111036675
109.6858901977539 -1 1054.080322265625 175.4108123779297 -1 1059.9490966796875 179.15301513671875
0.9839051390293936 0.035846605784364924 -0.0852779822246234 0.1528834981055407 0.4395818321396929 1.02554888643517 -0.2813129748735329
0.5 -1 0.5 0.5 -1 0.5 0.5
0.9830194093673348 0.036779330338713785 -0.0863235271271817 0.15769708409242966 0.44468356472847753 1.0964155733525949 -0.29850277684858717
35.73505401611328 -1 804.8114624023438 39.45915222167969 -1 826.0809326171875 59.903255462646484
0.9824682128890143 0.032751204291853235 -0.0881274463120802 0.1609879575825817 0.4287080328887333 1.1990372049090199 -0.3183969063223677
154.7987060546875 -1 696.6455688476562 185.08956909179688 620281 499.9696044921875 185.91827392578125
0.981824764823661 0.02682573943526433 -0.09032110982767802 0.16475013809466363 0.3924745084427559 1.3009166286072915 -0.3350244185360648
215.91453552246094 -1 610.4146118164062 248.81936645507812 -1 870.9005737304688 249.4760284423828
0.9811626955695005 0.02017800163025586 -0.09388988447991596 0.16762250047457602 0.3333281056378218 1.3904879566774648 -0.34140159559584715
259.3116149902344 -1 1111.1319580078125 337.21917724609375 -1 1029.030517578125 362.08941650390625
0.9810091937910098 0.013001626478578547 -0.09635579066145016 0.1678317044316458 0.2714629759042122 1.4658726924364045 -0.34683771582864825
234.8841094970703 -1 931.7952880859375 346.0382080078125 -1 817.9589233398438 383.12908935546875
0.9818042132192348 0.008569556243250995 -0.09758176183118251 0.16268020582933707 0.22240185418617223 1.5131471772086178 -0.3445183042669467
308.5745544433594 787094 825.6065063476562 336.9576416015625 623114 597.6558227539062 344.0875244140625
0.9829713530069457 0.005330295065507088 -0.09783102055850648 0.15546060124253405 0.18323010044782775 1.5528755447032092 -0.34401678678361636
200.99191284179688 787521 786.2805786132812 316.6775817871094 -1 752.29345703125 317.84112548828125
0.983706669898605 0.00231908849803294 -0.09700873648984372 0.15134435724591572 0.14160219737434535 1.596368298454324 -0.35294556084860473
287.92352294921875 -1 974.6985473632812 296.96783447265625 -1 759.9937744140625 323.9463195800781
0.9848123266846873 -0.0013846369703694882 -0.09548420908786029 0.14500182690303864 0.10651254901020227 1.6415518150660555 -0.3653972197982093
191.37339782714844 971818 614.6737670898438 214.51820373535156 -1 737.0927734375 284.6370849609375
0.9865891163463921 -0.004725101030681325 -0.09221649334005218 0.1345946034696758 0.07239119129027388 1.682241328273027 -0.3727680580982135
356.1856994628906 -1 749.8141479492188 356.1856994628906 -1 750.090576171875 402.41680908203125
0.988033812429129 -0.007763821290588371 -0.09091224825262592 0.12435381656138086 0.029021462501347194 1.703383484630096 -0.3791240645897812
362.94873046875 972632 732.0125732421875 365.1485595703125 -1 732.0125732421875 365.1485595703125
0.9898961994915458 -0.0099268535415362 -0.08830747831648002 0.11049326261968616 -0.031178348447423697 1.7178258082662083 -0.3811218667460182
299.1351623535156 788951 693.9978637695312 382.75115966796875 -1 659.9237060546875 387.4402770996094
0.9913471861138895 -0.012419743077486367 -0.08593922848540961 0.09844265118989434 -0.08705076863208373 1.7267949571451402 -0.3807107127950452
336.0926513671875 -1 671.452392578125 371.28570556640625 790028 640.4454345703125 395.95452880859375
0.9926311358793268 -0.016057158491170155 -0.08309631879353607 0.08672137883515132 -0.15966776769593913 1.7471617950378167 -0.37839940908177666
56.5 -1 66.5 62.5 -1 180.5 71.0
0.9936410076410088 -0.019412976112388014 -0.0829888170649505 0.0735767662702076 -0.2403536196620339 1.7626027910328919 -0.36464624761950803
381.2077941894531 623702 780.9669799804688 428.8512268066406 754482 615.19482421875 452.8477478027344
0.9943720828190745 -0.021968265446138415 -0.08436159469797667 0.06020529514384994 -0.34038455871255263 1.7672011684900728 -0.34682444852848693
423.3876953125 760963 740.0764770507812 432.42333984375 848249 745.5836181640625 432.55499267578125
0.9948295428008455 -0.023530840568260415 -0.08586311695407502 0.048867222754550764 -0.43242265605193414 1.7564644877725986 -0.331795062807803
355.7770690917969 -1 1024.17529296875 416.3344421386719 760963 717.10498046875 432.0738525390625
0.9952821893251028 -0.02538766463848548 -0.08704221050414954 0.03453235710149752 -0.5052220087120244 1.7414068495128967 -0.31938425999151593
317.37017822265625 867680 709.1436157226562 410.8828125 89931 635.9365844726562 428.8251953125
0.9956803312102589 -0.026181216461147114 -0.0867383798728707 0.020289785673423554 -0.5495524810537156 1.7226350577439726 -0.3048521680593735
419.7894592285156 -1 654.2239990234375 431.9563903808594 851526 675.2388916015625 454.3454284667969
0.9958469403827864 -0.026633983832678024 -0.08681117132978391 0.006582003326842371 -0.5846404777119697 1.6998928523005914 -0.29417550706396434
398.5115661621094 -1 665.7759399414062 403.3063659667969 89931 499.5147705078125 415.07196044921875
0.9957019055512522 -0.026780537660313932 -0.08837980660355055 -0.007037603921004592 -0.6256351716040182 1.6555261328802464 -0.28342652833671245
364.62750244140625 -1 144.4707489013672 364.9822692871094 -1 926.6533203125 371.2481994628906
0.9953851043656563 -0.025767991917370513 -0.090607124830725 -0.018299003509139485 -0.6545262746204181 1.5927229089494461 -0.2672803339088
292.5269470214844 945909 652.990966796875 447.687255859375 -1 652.990966796875 447.687255859375
0.9948989371977798 -0.023049588974610083 -0.09417763851401167 -0.02784589044642126 -0.6833602570315473 1.5036314657991336 -0.23884785513128182
295.1018981933594 715636 881.6525268554688 329.3760070800781 -1 753.7561645507812 364.9962158203125
0.9943100548372449 -0.019713476722544684 -0.09917504701291768 -0.03351423182843935 -0.7256360225975245 1.4007916844610468 -0.20574057971778498
364.5365905761719 749015 970.936767578125 364.5365905761719 749016 699.6847534179688 371.16949462890625
0.9936475057753773 -0.017571955738117418 -0.10545855052052931 -0.03513338526271301 -0.7806043640290707 1.310931176838582 -0.17608599353064025
239.07249450683594 83463 975.0646362304688 239.07249450683594 971936 710.5438842773438 318.9264221191406
0.9927421548024206 -0.01949106124838725 -0.11267520759800193 -0.03724795568089246 -0.8379132234438555 1.239682187835061 -0.1403983806340335
272.8532409667969 903664 828.6536865234375 282.4383850097656 -1 801.04541015625 290.6177978515625
0.9921399932257806 -0.02119911695928476 -0.1179087127002266 -0.03614369587452324 -0.8973471849323849 1.1522870317735516 -0.11801494988862798
274.392578125 673658 551.0932006835938 292.4388122558594 -1 551.0932006835938 292.4388122558594
0.9915794116195685 -0.02070524423015167 -0.1232290186000223 -0.03400253355906686 -0.9508828264758646 1.0525436771531018 -0.10958905588104305
227.14915466308594 715636 558.1725463867188 255.09304809570312 -1 556.7521362304688 264.0698547363281
0.9912739333130148 -0.02057678612737908 -0.12553881499708713 -0.034533909942836914 -0.9766873118049425 0.9527952775212045 -0.07839738940405705
201.39682006835938 492146 928.9415893554688 206.40679931640625 56701 851.8867797851562 212.71238708496094
0.9920665859362391 -0.016720616083572424 -0.12034475770818602 -0.032271494523163746 -0.9552138370754605 0.8286436660113843 -0.029479235753364814
158.16897583007812 616861 999.1585083007812 210.00357055664062 -1 941.7105712890625 211.7357940673828
0.9928321541583689 -0.011015715830074893 -0.11589626625147369 -0.027037439652665876 -0.9510923022056151 0.6892889074067747 -0.0014864129072722568
150.12350463867188 17671 992.2786254882812 166.32044982910156 30348 952.4991455078125 171.21275329589844
0.9933465018096468 -0.0056334122879905845 -0.1134890774244704 -0.018740899494785423 -0.9678842276051015 0.5588613032960299 0.013305700888928008
90.61910247802734 86373 955.8987426757812 133.78817749023438 -1 988.2297973632812 155.77809143066406
0.994294881936827 -0.0035694097620029277 -0.1055039012613468 -0.015292935846926118 -0.9384274359575833 0.46532917802861806 0.043057086633771814
40.97632598876953 -1 1049.2943115234375 93.17012786865234 471012 1036.9490966796875 99.44841003417969
0.9951182584651733 -0.003069371427187009 -0.09838218874393188 -0.0071537099630882344 -0.8829316699606642 0.3547808261701609 0.06652822038455707
48.98127365112305 -1 624.3617553710938 53.91100311279297 -1 855.9305419921875 96.9206314086914
0.9949045268040226 0.00019988184865975836 -0.10077206579211807 0.0031517214501679412 -0.870476520024068 0.22830356508023472 0.061733692362744085
45.012474060058594 87638 895.4608764648438 48.65259552001953 31032 809.4502563476562 90.25022888183594
0.9945290633044284 0.003739331954987495 -0.10395158388161851 0.009593114606299429 -0.827982180186693 0.11862088339028642 0.06280752853477972
17.030916213989258 -1 904.8381958007812 19.47857093811035 -1 1078.14990234375 19.459226608276367
0.9941062660873854 0.004898370788027449 -0.10797982994836892 0.008312280898824062 -0.7460622848282994 0.037581676641554915 0.07587735233642014
13.604194641113281 -1 1035.830322265625 25.726701736450195 470967 615.3363037109375 35.13663864135742
0.9934949358066743 0.005796031259353603 -0.11372437112376545 0.0009929555060537029 -0.652796551768442 -0.02199003304583231 0.09352603909209578
2.501807451248169 -1 1076.676513671875 3.7500498294830322 -1 1148.2393798828125 3.879892110824585
0.9924137241743174 0.0070537830957499974 -0.1226331435577615 -0.005133840243080843 -0.5938693075258831 -0.08818656422242836 0.0994038531042487
16.845138549804688 -1 638.3151245117188 18.456571578979492 -1 911.2032470703125 36.59992599487305
0.9906357646441645 0.011679198116660962 -0.13573148935813664 -0.009018920991194546 -0.5680140577644883 -0.21476797664254954 0.08777662367184313
82.65724182128906 -1 503.86114501953125 84.32317352294922 -1 873.8193359375 118.83377838134766
0.9886699504069552 0.019418066714291398 -0.14843136260806247 -0.011081445830850875 -0.5407150695031708 -0.3951369852871895 0.06466376127314484
11.706441879272461 -1 591.24609375 27.968158721923828 -1 523.639892578125 114.32283782958984
0.9871756583865956 0.024162480780429357 -0.15729946929116878 -0.012540772394221923 -0.5278458026180001 -0.523582532891385 0.057081035785196556
30.439374923706055 457644 634.168212890625 59.70397186279297 -1 535.0027465820312 73.11517333984375
0.9859241675204354 0.03160389685668769 -0.16361623776680181 -0.013581470525889799 -0.503234944009133 -0.6598483811020437 0.04890524240450892
72.0599594116211 612319 837.61865234375 72.0599594116211 -1 837.434326171875 74.63055419921875
0.984721278961282 0.04224563379049568 -0.1684028791884053 -0.013408186587000636 -0.4529190489466156 -0.8207265699467245 0.009268481988838279
8.055835723876953 628146 846.3720703125 8.489094734191895 -1 582.849853515625 9.287742614746094
0.9837735045062825 0.05136665335762345 -0.17164218977633167 -0.009493020754783175 -0.39342746580904914 -0.9458599459368644 -0.02442822368694196
2.9099528789520264 -1 642.5496215820312 7.605311393737793 -1 1045.334228515625 26.106111526489258
0.9831331208654537 0.05986314550883203 -0.17271280625755928 -0.005996417412131861 -0.297492346151463 -1.054868584376274 -0.05577980667862509
92.38957977294922 834958 1347.38671875 134.93907165527344 -1 597.574462890625 138.45599365234375
0.9827117726416749 0.06575395863924657 -0.17306118614035887 -0.0019531222228651288 -0.18733097338407198 -1.1271115256165225 -0.06126557580608171
78.4716567993164 153952 878.826416015625 111.98249816894531 817688 875.3192749023438 173.9709014892578
0.9822889805895014 0.07109579776124031 -0.173306278694163 0.004322027106822591 -0.056291280551187484 -1.185527882052893 -0.06112949887710735
67.41415405273438 -1 1104.1268310546875 107.84970092773438 475639 1457.5904541015625 108.48607635498047
0.9818743042456741 0.07626525189733965 -0.1731648399754782 0.01097270301137207 0.11159611251606082 -1.2318143637437906 -0.050275126137570084
280.4906921386719 -1 894.1449584960938 282.52825927734375 -1 892.7745361328125 285.2677917480469
0.9816288879238185 0.0782147267747129 -0.17334608030241677 0.015437595434279932 0.23910614954720566 -1.2531820628878092 -0.03812486707236618
78.47830200195312 -1 254.91940307617188 245.16192626953125 -1 941.8626098632812 270.91925048828125
0.981728796164659 0.07805578527451841 -0.17221504586454445 0.021397269548719386 0.4121253587731974 -1.2628804198110242 -0.010101257083351956
138.5069122314453 701276 252.06028747558594 148.19639587402344 -1 381.5762634277344 172.0955810546875
0.9820537301745037 0.07658051788202742 -0.17061403493323613 0.024428393624308438 0.5572360806998439 -1.25604038474757 0.02185550638213689
126.66033172607422 -1 356.920654296875 126.66033172607422 -1 308.0808410644531 150.13417053222656
0.9823948962667709 0.07593736182321897 -0.16868890348909743 0.026035335756931524 0.6998027893857933 -1.2437391330138396 0.04316302308053066
68.36654663085938 -1 308.0943603515625 108.75796508789062 -1 308.0943603515625 108.75796508789062
0.9824454192234133 0.07614295910743553 -0.1679871061114014 0.02799250266788866 0.8111073165330914 -1.236170597678165 0.04779242462266536
22.192188262939453 461209 456.8118896484375 144.3479461669922 -1 420.0194091796875 158.48228454589844
0.9827497522712734 0.07695172858434156 -0.1649650454560886 0.03267858100198441 0.9485898267591625 -1.2241993528202346 0.04501596343266614
157.97079467773438 701276 570.5169067382812 226.28280639648438 163608 529.774658203125 230.94473266601562
0.9831147749730461 0.07839978695493759 -0.16153801294320452 0.035274395947748824 1.073453361939106 -1.2164740340784654 0.03760335311071235
94.68780517578125 -1 542.8046875 142.43801879882812 485227 460.3128967285156 170.12599182128906
0.9835179710240574 0.08008148865005402 -0.15765217665058986 0.03775111979324816 1.2085591646515301 -1.193532848030743 0.02715978702740563
71.35784149169922 448046 565.3659057617188 174.40725708007812 -1 639.699951171875 193.49472045898438
0.9838600910872503 0.07970289510843621 -0.15518675390436334 0.03979750104903518 1.303862046687858 -1.1410813199051062 0.025145866321625947
19.25002670288086 699515 890.15771484375 69.08443450927734 -1 890.15771484375 69.08443450927734
0.9842033043125854 0.07706782392990782 -0.15335146035366143 0.04344808283798591 1.3864555135832723 -1.0554060335649624 0.027471642885888777
4.81498908996582 -1 798.4595947265625 91.59874725341797 644335 856.0460815429688 120.57461547851562
0.9847101850440252 0.07325439672180006 -0.15124699899054958 0.04586927215293045 1.465349086114099 -0.9494854584051177 0.024638179078995532
42.171966552734375 -1 579.024658203125 70.6559829711914 663881 579.024658203125 70.6559829711914
0.9849128353089571 0.07083266338379902 -0.14971277829409077 0.05015500630139582 1.534907053218553 -0.8452076390923834 0.027379492833091875
79.34996795654297 -1 403.6445617675781 83.82965850830078 -1 921.1050415039062 101.38507843017578
0.9848920553334708 0.06903734511972029 -0.14947027490498907 0.05366676103193891 1.5914155657931748 -0.7523641955493082 0.023791349720830024
2.3554270267486572 -1 891.9196166992188 75.56533813476562 -1 628.125244140625 126.14793395996094
0.9849134860568065 0.06815554085632262 -0.14871131185216288 0.05643751377603203 1.6585354340937097 -0.6666973810830982 0.010056492775796495
22.212181091308594 -1 1265.9637451171875 49.199344635009766 -1 47.1746711730957 110.33578491210938
0.9852134314409834 0.06756743681457635 -0.1462707292591103 0.05825813035619238 1.7554480074831595 -0.5660510338177911 -0.026032560689941045
9.725275993347168 -1 1317.6549072265625 80.34757232666016 -1 681.8513793945312 169.6658935546875
0.9858831017204399 0.06457287079084642 -0.1436086404052247 0.05693340408649626 1.8465820994824813 -0.46718624809298165 -0.05858278629630284
110.86351013183594 -1 689.1621704101562 190.99359130859375 523591 689.1621704101562 190.99359130859375
0.9861929054093906 0.06362137793262691 -0.14171035524487463 0.05739380460040792 1.9411930599357072 -0.34641123286299713 -0.08807746027052762
194.55422973632812 -1 270.3560485839844 207.0162811279297 663897 722.6124267578125 223.88909912109375
0.9864088605337746 0.06262626388684642 -0.14008203692344914 0.05875826634111208 2.012512212294227 -0.20650718862852843 -0.1141000063041519
39.974609375 -1 668.6243286132812 53.39327621459961 685633 756.2250366210938 252.50100708007812
0.9862582413744194 0.05914448405683629 -0.14101788607581145 0.06253452752997792 2.0414010229826243 -0.05431513824504504 -0.12476344748051593
1.1848090887069702 -1 819.4453735351562 73.54154205322266 771076 754.2471313476562 80.3289566040039
0.9862464876217132 0.05345340488509033 -0.14127918024925173 0.0670879451773862 2.0605732091253337 0.11408656779459964 -0.14716009194382848
43.32501220703125 -1 1020.1254272460938 93.10433197021484 -1 684.4471435546875 143.48284912109375
0.986629639895375 0.048990429220745875 -0.13918959421189595 0.06919644779768348 2.0878278940834774 0.257652587155659 -0.17448098785433636
81.14875030517578 -1 821.5498657226562 86.68986511230469 913014 1042.8477783203125 108.68656158447266
0.987814277515491 0.044858260822167005 -0.13507713721633235 0.06296710707980181 2.122941590654582 0.35911407076243723 -0.20822546211466428
6.51483678817749 -1 787.200439453125 14.409363746643066 -1 742.232421875 14.662284851074219
0.9898672711182053 0.03827744966413456 -0.12792868934165988 0.04828946944761769 2.1651639109230154 0.4448506545448755 -0.2538703920185259
13.0 -1 864.5 13.0 -1 744.5 66.0
0.9914269736102187 0.031348549265364636 -0.12223921857107815 0.03387326231959302 2.1772712503521388 0.5208548866144121 -0.2890783620543549
99.49674224853516 -1 712.4400634765625 189.98587036132812 -1 1055.95458984375 190.6779022216797
0.9921310083318569 0.026023879755417124 -0.120686238839616 0.020824306558337263 2.1547754165086412 0.5803523952861906 -0.30520308170069776
186.79074096679688 -1 1404.947998046875 217.52166748046875 -1 1038.2532958984375 220.41835021972656
0.9924869672129553 0.021940293016874026 -0.11990147587330803 0.010577312426440163 2.118795407168632 0.618153121055761 -0.32957758032256973
2.8900275230407715 -1 1378.31298828125 73.55476379394531 -1 1267.03857421875 96.5111312866211
0.993291544548541 0.01928812851758042 -0.1139221454016017 -0.004649775667656781 2.1112568865334502 0.6085759151057704 -0.385557885893657
2.9071714878082275 -1 1464.6087646484375 2.9071714878082275 -1 1155.50830078125 3.524502992630005
0.9940150634973206 0.020095073516016075 -0.10501958516652145 -0.022385894939791137 2.1268495318880873 0.5604809059483741 -0.43441353089275964
2.2717270851135254 -1 691.6032104492188 1.7691352367401123 -1 691.6032104492188 1.7691352367401123
0.9942106732320569 0.02075343848163493 -0.09627830423832079 -0.042952533751135294 2.143310111495275 0.5023486136062901 -0.4767414367807567
6.575824737548828 -1 774.4144287109375 7.7959442138671875 141912 619.3983764648438 10.278190612792969
0.9941441541438099 0.01971777410476379 -0.08972525465994725 -0.05690332892063469 2.1278692576930904 0.49179929819699225 -0.5080646296005
6.456882953643799 -1 1396.54638671875 6.16265869140625 640643 679.7965698242188 7.584774971008301
0.9942498849240855 0.016222567436778842 -0.0834962188499635 -0.06505671427270789 2.1175519456125493 0.5192296130368403 -0.5234328315203443
11.179194450378418 -1 1312.191650390625 17.137357711791992 971803 1013.4560546875 27.70849609375
0.9941399393098987 0.01227053140080155 -0.07638355610004759 -0.07550342697893797 2.111293813595016 0.5339909823573736 -0.5380132515981617
2.7068607807159424 -1 1385.915771484375 4.487221717834473 -1 1385.915771484375 4.487221717834473
0.9938190189278678 0.010253882969911553 -0.0672354592053051 -0.08773829566809135 2.11094103267389 0.527071837767561 -0.5543588390874518
3.377622365951538 -1 1473.3616943359375 5.295957565307617 -1 1022.7548217773438 6.29246711730957
0.9936640474556016 0.01081318034326983 -0.05708137677651975 -0.09621097832530909 2.0943100057337776 0.5160600877204383 -0.5640033646289477
4.92421293258667 643077 1314.2884521484375 4.711320877075195 -1 1124.1175537109375 5.708134651184082
0.9932273251742015 0.011587671175022143 -0.049903662630632464 -0.10428245710611458 2.0616643124974776 0.49796762105187253 -0.5556122722462661
3.8473124504089355 643077 1253.6873779296875 5.174397945404053 -1 1214.204345703125 8.238394737243652
0.9927769180638374 0.010947886012779504 -0.03907868820628278 -0.11290257251097562 2.0540776311021522 0.4735166255298037 -0.5605131702240821
134.82879638671875 -1 1334.5186767578125 164.38681030273438 -1 1079.087158203125 169.513427734375
0.9923811369036452 0.01145656597365041 -0.025061635279007583 -0.12008472280461853 2.0724111600555664 0.4392725149495195 -0.5777755054843365
110.64129638671875 -1 639.7820434570312 144.82447814941406 -1 1089.8673095703125 164.24562072753906
0.9911629750139787 0.014533430463914887 -0.012137789288792007 -0.13129131894977117 2.081423720807303 0.3581030297777518 -0.5878362948105232
75.20768737792969 -1 709.9692993164062 90.1789779663086 707378 792.916015625 90.13897705078125
0.9903319036247462 0.02066322440867323 -0.004165788850949795 -0.13710725007552524 2.0345278499388044 0.2672312670347618 -0.593815418134605
165.9257049560547 -1 629.350830078125 165.9257049560547 -1 1024.69677734375 206.14964294433594
0.9895844235299169 0.031913766187932374 0.002416926144674537 -0.14035077022473105 1.924747108276354 0.15073150443652975 -0.5915435615163644
121.64066314697266 -1 810.59716796875 181.96263122558594 -1 1016.1265869140625 182.85556030273438
0.9876887635347048 0.041458172835363884 0.007831726635350757 -0.15063462533676747 1.8144261942447204 0.03263738729015468 -0.5855044285629887
201.47166442871094 720211 538.5878295898438 306.5205383300781 -1 538.5878295898438 306.5205383300781
0.9865263522503158 0.04964976713468382 0.009214638709206111 -0.1556140976024231 1.6880581960677032 -0.0564368746306504 -0.5565862124307804
0.5398699045181274 -1 0.5396544933319092 0.5398699045181274 -1 0.5396544933319092 0.5398699045181274
0.9862552606829522 0.0564177260334914 0.00994482013747979 -0.1549796809805891 1.5889915140559248 -0.12963290371556252 -0.5301344162630103
25.179157257080078 -1 739.5712280273438 51.6167106628418 -1 739.5712280273438 51.6167106628418
0.985793441594926 0.061280410723808326 0.009762288134873176 -0.15607914498844622 1.52542401260664 -0.20246550815527745 -0.5127442978231385
40.22541809082031 -1 572.018310546875 110.70306396484375 685982 577.8609619140625 117.3795394897461
0.985698447833067 0.06448435657071126 0.00963310440146578 -0.15539479076447285 1.4766225374246973 -0.28053036586631214 -0.5000397923948943
9.600919723510742 -1 691.3350219726562 16.588960647583008 -1 876.297119140625 160.33740234375
0.9861750926148253 0.06649229309816711 0.006682185952000471 -0.1516338024834547 1.4288308808012977 -0.3685021143872596 -0.48025560246993615
30.578969955444336 -1 727.9412841796875 197.44827270507812 669849 1012.42041015625 235.20208740234375
0.9865900185141675 0.07028167674594786 0.0017932908228065652 -0.14730039168317802 1.3672251163470668 -0.4777919577118395 -0.4491808962956797
35.12953567504883 -1 604.6073608398438 233.3108367919922 -1 625.1818237304688 246.85098266601562
0.9869043815648435 0.0764962501331511 -0.007259681722190037 -0.14182863739376703 1.2855417606604602 -0.6071269958389504 -0.4119019351994133
199.86643981933594 853023 711.3776245117188 307.6704406738281 -1 1005.5115356445312 311.4397277832031
0.9871642224053111 0.08267087739381963 -0.016190856481412406 -0.135684119189579 1.2270180418180723 -0.7278510744948121 -0.38892143441863747
110.91019439697266 891298 641.0492553710938 126.85601806640625 625408 1082.09375 145.52088928222656
0.9872497878827668 0.08746792028961524 -0.02458334385175726 -0.13070148603098447 1.2024159206197567 -0.8377012810321439 -0.3622833732251049
62.48640441894531 -1 1129.0814208984375 70.05963134765625 -1 595.9606323242188 93.36038970947266
0.987877299122522 0.0893610404391068 -0.03266677108728416 -0.12266184572540358 1.2033617747694156 -0.9158028279532405 -0.32742502483509534
24.497074127197266 637108 670.1183471679688 48.71992874145508 694361 586.926025390625 63.18703842163086
0.9883619190517415 0.09222738027826966 -0.043574682410612804 -0.11285421723701974 1.1997210556647586 -0.997227667583965 -0.28888036211742446
13.0138578414917 -1 937.8839721679688 32.247859954833984 -1 836.0191040039062 46.21915817260742
0.988740261850491 0.0979872725352488 -0.05120882272071981 -0.1008406936334897 1.2321176240067528 -1.0837668377416436 -0.2757073329941965
9.417171478271484 -1 1025.6688232421875 36.28153991699219 800730 811.9241333007812 87.07955932617188
0.9885908816192293 0.1029344582005555 -0.05614601056398955 -0.09455258638462352 1.2777685619464378 -1.1769340181197487 -0.25625402141142184
4.935638427734375 -1 837.799560546875 4.935638427734375 -1 849.5896606445312 9.160055160522461
0.9887342350629466 0.1055054646733989 -0.060945138342684654 -0.08694193148838555 1.3132062253022097 -1.2349827755801566 -0.20088166777164423
1.7651886940002441 -1 1165.132568359375 2.1891839504241943 -1 759.0126953125 4.130799770355225
0.989508116094961 0.10446273801504367 -0.0665636331369174 -0.07436738056577905 1.3649935657274914 -1.259905215719446 -0.13498675544298994
4.528872013092041 -1 1174.4197998046875 15.673722267150879 9501 1150.007080078125 18.664459228515625
0.9904196309186513 0.10300408530098101 -0.06691893295914202 -0.06309492462853603 1.457214170055438 -1.2791955592669766 -0.10235461377726554
23.33240509033203 -1 853.5277709960938 184.1849365234375 -1 681.6885986328125 194.97056579589844
0.9917369771513964 0.10219577160554032 -0.06377833191572822 -0.044114813777303426 1.591231379300919 -1.2724889358693685 -0.09464160889678012
156.0947265625 596816 767.3697509765625 156.0947265625 -1 894.8482666015625 165.056396484375
0.9924566546010306 0.099592959662987 -0.06405395724580458 -0.03175093203120287 1.703434759380051 -1.285347996464449 -0.06802861098225979
161.81024169921875 -1 820.2797241210938 182.7436065673828 -1 840.8390502929688 203.63722229003906
0.9928191671541895 0.0980680321828561 -0.06709233010074364 -0.013834075202073913 1.8520457294665023 -1.2953181862913796 -0.04026009620539882
39.05436706542969 -1 1286.0743408203125 47.61776351928711 -1 1028.4110107421875 52.634220123291016
0.9921420425967074 0.10003479440223964 -0.07494906845370732 -0.005462999071617251 1.975905295299575 -1.3519962015571567 -0.03377179516791582
30.187850952148438 -1 1306.5804443359375 30.975927352905273 -1 1112.78515625 53.2679557800293
0.9911708390905698 0.10421606708117703 -0.08194829398964011 -0.001963723711460287 2.1218354166425146 -1.4076104502663611 -0.04772610177220747
2.8657913208007812 -1 1305.5206298828125 3.556809902191162 -1 1319.287109375 3.4156081676483154
0.9904470956424493 0.10438234419560849 -0.09003313654968145 -0.0035932265017376056 2.246882579891299 -1.4607508617303615 -0.05533222058753424
4.384366989135742 -1 1374.8670654296875 4.486758708953857 -1 1337.060546875 6.890337944030762
0.9893669567600963 0.10239144188682292 -0.10328419445407079 -0.0011801167640373017 2.3453509460289657 -1.4893019099858944 -0.02836096922089554
4.627225875854492 -1 1332.67333984375 6.24641227722168 26683 943.245849609375 8.942622184753418
0.9881404667762015 0.10150281213925581 -0.1148580459690935 0.009122846227749528 2.4182466369600597 -1.4602388577797758 0.023424448797216134
0.5 -1 0.5 0.5 -1 0.5 0.5
0.9866034063669334 0.10084328711652919 -0.12618129361975122 0.02286112703133861 2.521379146234205 -1.3963177093790444 0.08158925570823927
333.17242431640625 -1 267.3346252441406 370.5400085449219 518584 655.0746459960938 378.80029296875
0.9857813921522228 0.10160685243552 -0.12902872449736302 0.0355342465680008 2.6782569526384963 -1.3259162557857433 0.1143107433617643
303.2499694824219 -1 357.7782897949219 308.69140625 915766 444.87945556640625 319.5506896972656
0.984897569521955 0.10486279880696464 -0.1299183949222199 0.04584519208106955 2.8517715390148877 -1.267444937494826 0.12045312980213392
283.6339416503906 -1 718.4623413085938 298.6530456542969 -1 724.376708984375 298.26025390625
0.9841497190346244 0.10759982980049315 -0.1295949098283847 0.055468608217148434 3.0216265155195443 -1.1897319584380146 0.11610704280198975
274.0661926269531 447752 417.0406494140625 301.67315673828125 -1 493.9822082519531 302.4715881347656
0.9837783828967358 0.10737637964128088 -0.12846353554464296 0.06440129249933878 3.1597969187085053 -1.0882647711398052 0.11965661859040035
287.4816589355469 -1 539.3677368164062 295.04986572265625 701743 550.7027587890625 303.27679443359375
0.9832755723256623 0.106527192331525 -0.12853694635220933 0.07279670036514489 3.2753973603577142 -0.9817349620230724 0.13124917507049294
219.40928649902344 -1 551.8609619140625 296.12353515625 -1 603.1519775390625 305.0921325683594
0.9827683710804891 0.1073455438321572 -0.12748381444922324 0.0799446063012183 3.3941586614973787 -0.8791476893686471 0.12752124329270395
97.66581726074219 -1 384.9130859375 313.1545715332031 656874 601.3934936523438 316.01580810546875
0.9827535363780457 0.10767840629417859 -0.12465550914494238 0.08403482369950048 3.5140604111900644 -0.7873537419022977 0.11366930496429335
222.50738525390625 603842 444.53533935546875 337.60809326171875 -1 646.9768676757812 337.3582763671875
0.9824308722078248 0.10757558638343812 -0.1219216586854996 0.09160886251126994 3.63168605346123 -0.6600967206658774 0.10000804533974089
8.41475772857666 -1 712.1487426757812 199.5984649658203 683668 418.291015625 244.5794677734375
0.9819121266861134 0.10615948994217493 -0.11887869867826953 0.10220857675622223 3.7648676613375915 -0.4778483227960832 0.08758099314048409
388.9726257324219 -1 552.9573364257812 408.8277587890625 852096 313.6527099609375 410.4885559082031
0.9821567156299227 0.10433307186977003 -0.11331049810850409 0.10790517631542686 3.8941112437172287 -0.3367551325495924 0.056666285413941954
248.4520263671875 -1 510.52685546875 310.11810302734375 797052 527.8305053710938 318.77490234375
0.9818000638438013 0.10345646517434498 -0.11068649331165106 0.1145159143888191 4.008322880131576 -0.17776501628945057 0.034700857402001066
97.58592224121094 -1 353.4505310058594 109.45452117919922 -1 82.40989685058594 128.057861328125
0.9808077712960297 0.10257296652139616 -0.10911835080268925 0.12485226398594813 4.0947164066951895 -0.00042022231980019386 0.022038905209838738
83.45700073242188 852106 321.1608581542969 121.58531188964844 -1 393.8903503417969 136.08688354492188
0.9800124860801723 0.10222880436189703 -0.10709572959463548 0.13287326062187926 4.16855055004086 0.13921612888117113 -0.0032979380606982384
2.7923529148101807 -1 1135.9610595703125 25.519866943359375 -1 624.0164184570312 39.51360321044922
0.978923904330514 0.10210475733666705 -0.10685180416911577 0.14094431526431944 4.219308056957004 0.28408483675311 -0.009742448492496959
5.72935152053833 -1 565.5588989257812 48.05229568481445 -1 565.5588989257812 48.05229568481445
0.9774256813966011 0.09958214316184225 -0.10782215651209351 0.1519763688037254 4.2463412393636855 0.490140707024654 -0.0024298674097988993
53.33219528198242 -1 716.9564819335938 80.57954406738281 -1 665.1123657226562 105.68072509765625
0.977078921603585 0.09503817821161378 -0.10712979865763488 0.15750470430995916 4.269743244627685 0.6526167731789442 -0.008638800607959376
2.8974599838256836 -1 838.8635864257812 2.8974599838256836 -1 697.088623046875 72.75145721435547
0.9769942274555422 0.08932904390653046 -0.10748976744371531 0.1610855404069196 4.273511936503687 0.8160158552805747 0.00038721790134401015
13.68224048614502 -1 852.203369140625 28.356088638305664 -1 855.0989379882812 29.546323776245117
0.9780918055865643 0.07961434836265555 -0.10663117218941186 0.16008675303321077 4.279571402145881 0.9522896259947308 -0.001580323573556146
24.48775291442871 -1 847.1600952148438 47.2656135559082 -1 835.4905395507812 86.6810302734375
0.9792369210913073 0.07234605730323687 -0.10598273550576304 0.15693552860652382 4.27832872662461 1.0523457628829547 -0.014271326614975963
18.185829162597656 744025 651.4658203125 22.763328552246094 737035 633.7728881835938 24.99027442932129
0.9808154499702607 0.07060773497561777 -0.10507678351985876 0.1482378845854484 4.277361728799065 1.087902907282827 -0.017782807693425502
74.3629379272461 -1 572.7650756835938 74.3629379272461 -1 634.18603515625 101.29952239990234
0.9832352821630186 0.06768963016754669 -0.10215193498643284 0.13502398326266984 4.288176806361866 1.0873454987364073 -0.05157915155188479
103.49105834960938 -1 1386.065673828125 117.49432373046875 786580 1386.065673828125 117.49432373046875
0.9854384189532571 0.061268840189869424 -0.09982203511198305 0.12325912939330429 4.280242843544346 1.1272567097004846 -0.07126955689623837
9.919963836669922 -1 804.57470703125 250.94781494140625 -1 823.8682250976562 252.4269561767578
0.9872668171619382 0.05164251552651594 -0.09836342789728135 0.11385042105027998 4.237736265054985 1.2059450670812462 -0.06904962340722921
115.66448974609375 -1 979.943115234375 214.97332763671875 -1 748.4564208984375 235.9717559814453
0.9882889007416378 0.04409542497440218 -0.1023380917004137 0.10424757625158468 4.14817446000484 1.2423284396220842 -0.046848922714832784
280.0516662597656 -1 687.9566040039062 280.0516662597656 831404 707.9806518554688 295.7204895019531
0.989406328962766 0.03884379254220922 -0.1078519961709835 0.0890742550420427 4.0532487209613155 1.1893221451617773 -0.00639702239821149
317.02593994140625 -1 663.8219604492188 326.9988708496094 864833 665.5099487304688 328.9876403808594
0.9908669780520369 0.03650980296073436 -0.10992511651908266 0.06903719904557709 3.9803268022086944 1.0665742628571067 0.03770422663039731
335.2060852050781 -1 575.5401000976562 367.51751708984375 553586 582.838134765625 370.0210266113281
0.9920327582702939 0.031947183225356474 -0.11399641092095532 0.04307205938585747 3.8732437864804985 0.8974933584549483 0.12064901259415248
268.34967041015625 -1 883.9912109375 268.34967041015625 -1 1082.58544921875 423.7493896484375
0.9923549298486468 0.028447429721112753 -0.11843790056512923 0.019872107514658094 3.761068683286891 0.7435891925910286 0.18996435630973094
94.59626007080078 -1 488.4163818359375 417.86004638671875 783886 1089.1015625 455.0371398925781
0.9921930652039616 0.024412820061594277 -0.12224241554846109 -0.0037050531284966706 3.6286103972172716 0.5733496507607839 0.2649412506847218
287.0487976074219 731638 876.5513916015625 303.8179931640625 -1 486.0828857421875 343.51507568359375
0.9916215915911724 0.02253068861917138 -0.12465213053101967 -0.025314689700127846 3.4997273563271873 0.39648692363871185 0.3321897573533656
397.6521301269531 -1 672.4571533203125 401.0946044921875 -1 941.8448486328125 406.7527770996094
0.9906483418277483 0.022327927103221425 -0.1271380957348692 -0.04419537439729693 3.3548662951220933 0.23380845363079786 0.4026414283303244
380.7544860839844 -1 901.1853637695312 396.57861328125 772010 933.3753051757812 414.9420471191406
0.9897644676834936 0.02117815607833917 -0.12781791197291273 -0.05983615625369749 3.2150258696763356 0.11026143993931303 0.4627495562845833
369.56622314453125 748452 863.72998046875 392.7879943847656 772010 868.968994140625 392.86138916015625
0.9886612095844487 0.018604241737105117 -0.12777746110272578 -0.07665386674228304 3.069225202527659 -0.020602430248361253 0.5577876143751617
274.8739318847656 -1 575.0726928710938 305.3745422363281 -1 885.9667358398438 350.75408935546875
0.9874869465335098 0.019682965789797287 -0.1268275489995184 -0.09163451368571668 2.9458874599294487 -0.1846656857407505 0.660465000780155
209.86981201171875 -1 317.49176025390625 249.0623779296875 -1 677.023681640625 288.5353698730469
0.9863212425163145 0.025604342120354364 -0.12475020632792491 -0.10465280811711462 2.8494324826556148 -0.40294389914985634 0.7621789293014346
146.44935607910156 716420 885.6563110351562 311.9232482910156 733098 1137.385986328125 343.6000061035156
0.9856121920121635 0.03386702032224775 -0.12181296781554504 -0.11217500953171124 2.794413974661211 -0.6053638677061836 0.8404309525894589
46.80947494506836 -1 736.6987915039062 162.62547302246094 463195 736.6987915039062 162.62547302246094
0.9852169044226433 0.04079585164994522 -0.11838813721828019 -0.11690850565294827 2.7847136470748657 -0.7969830318974985 0.8929103938986362
77.98868560791016 -1 1298.7362060546875 202.66384887695312 800727 1298.7362060546875 202.66384887695312
0.9852185181719966 0.05008695124002708 -0.1150870038128079 -0.11657937347509341 2.8004840579303107 -0.9941154622668655 0.9313855454012939
111.0 -1 1333.0 112.5 -1 1329.0 114.0
0.9861589205240353 0.0561031620956379 -0.109776044641561 -0.11087036888454058 2.885328318629338 -1.108926390472196 0.9428691615039293
84.76134490966797 -1 1503.564208984375 138.50140380859375 -1 1535.66015625 141.64022827148438
0.9875717138947671 0.05792994179024238 -0.10047930345150598 -0.10606668344504695 3.0568725136151325 -1.1938233243976284 0.9635778264647559
93.17669677734375 207459 1417.545166015625 93.91883850097656 667573 887.1131591796875 162.2245635986328
0.989094089923897 0.06203458222556886 -0.09299653668963621 -0.09589700751040318 3.2392408375666837 -1.216760074834721 0.9875301375917213
219.4438018798828 918094 1329.54541015625 250.1376190185547 -1 1326.418212890625 250.61138916015625
0.9904561852322574 0.07050969868385804 -0.0875323971468561 -0.07976845853093031 3.396750977678454 -1.226273026250593 1.048773988862917
10.1930513381958 41824 1507.524658203125 11.810257911682129 -1 1507.524658203125 11.810257911682129
0.9907825728905775 0.083229851267331 -0.08248020622680016 -0.06796838011259404 3.5088435411288237 -1.2702485311124478 1.090423956601273
39.17613983154297 -1 1413.5234375 57.038333892822266 -1 1552.9400634765625 67.4471206665039
0.9903411516083888 0.09449335671432457 -0.07672025933366004 -0.06640339430786442 3.567553798377818 -1.37068651172323 1.1118131905230402
115.38911437988281 585898 982.5908813476562 116.55335235595703 828429 982.5908813476562 116.55335235595703
0.9885182369296539 0.10897948461849005 -0.06689008021805956 -0.08050394001661262 3.5843328192471424 -1.6102178326548986 1.0848907999842328
82.793212890625 -1 451.50408935546875 203.63856506347656 -1 763.7606811523438 262.8814392089844
0.9851543382993211 0.12189170255039955 -0.0550144650592116 -0.10764177262401718 3.5079248345649163 -1.921790481524982 0.9818577644918655
24.88046646118164 -1 461.2116394042969 183.4209442138672 598800 720.0794677734375 185.776611328125
0.9811161853922437 0.1276453945805414 -0.039066316885229 -0.13996966417325335 3.3633057049933015 -2.1763302821407735 0.834177987994382
154.0802001953125 633227 605.0706176757812 195.52978515625 -1 629.2500610351562 244.8457794189453
0.975858747837095 0.13114388315740075 -0.022734682470021302 -0.17315923421291257 3.094022255271981 -2.3609325051703705 0.6926095249610468
203.90771484375 -1 726.718505859375 381.9139099121094 -1 901.7014770507812 390.99053955078125
0.9710706551992898 0.1325985262055074 -0.008657109376842725 -0.1984048081982561 2.798252152137094 -2.4101048981900126 0.6047027019731703
173.38812255859375 -1 652.8499755859375 218.0093994140625 730734 663.5842895507812 237.0748291015625
0.9656411953450733 0.1357421619901815 0.006771104273116041 -0.22150688354471498 2.5424754349493623 -2.443730447452506 0.5379924457320947
67.62305450439453 -1 702.373779296875 230.9137420654297 -1 392.2509765625 268.51025390625
0.9596007684693655 0.14531435238525553 0.02118354464640321 -0.2400028366083849 2.3137529939197283 -2.492839528299719 0.4710802452313186
237.05360412597656 -1 524.0335693359375 259.43353271484375 -1 703.9533081054688 280.4688720703125
0.9534700587388477 0.15533370663984095 0.034704045424080794 -0.2560506119915932 2.120330476853035 -2.547045616692745 0.3893060643310298
97.9527816772461 -1 460.5497741699219 154.73069763183594 834626 565.122314453125 165.00601196289062
0.9462152833802708 0.1603658077878763 0.04532510297477198 -0.27731765221576155 1.9560306297136412 -2.5977078228963877 0.3223110491435411
40.29143142700195 -1 602.9342651367188 152.62545776367188 -1 602.9342651367188 152.62545776367188
0.9387425883621778 0.16447714243327685 0.046172940018844616 -0.29929530905458324 1.7741460470246677 -2.6263681280499087 0.27730155959165526
264.0007629394531 -1 1080.5404052734375 291.19744873046875 -1 377.8836669921875 303.3536071777344
0.9313032869709729 0.15925479786001742 0.045651774834968725 -0.32438867503358415 1.6247504950648655 -2.5647369555072475 0.21753795104153037
20.455726623535156 -1 981.4542846679688 35.750816345214844 -1 964.6428833007812 55.824771881103516
0.9244605628033554 0.14554627939181514 0.04478488996444538 -0.3495472242879002 1.5277572422765107 -2.433051110797729 0.25583210209535506
130.4217071533203 -1 1005.2339477539062 132.43212890625 -1 962.9240112304688 136.6317901611328
0.9211734793582592 0.1310978700733652 0.040821899938565595 -0.3641240748352567 1.4177137375767053 -2.24436175107455 0.35292670838497303
83.3685073852539 -1 956.2128295898438 109.90422821044922 -1 964.2565307617188 114.33988189697266
0.9214351877321835 0.12617468278822216 0.03571906850605099 -0.3657339092527621 1.3220150845135628 -2.079616487168065 0.42677914010346474
13.86211109161377 -1 925.733642578125 13.86211109161377 -1 1460.7947998046875 37.552650451660156
0.9240825538678307 0.12795957481897202 0.03587708633209803 -0.3583442695587233 1.2455199510706614 -1.9651415021791336 0.44620083021692925
23.92369270324707 -1 911.3554077148438 180.4619140625 593210 759.0260009765625 187.28184509277344
0.9282108792620719 0.13417060115154866 0.03947414000478182 -0.3447674660942453 1.1399215653013368 -1.8461721229422932 0.4651167124202468
3.5890612602233887 -1 481.1811828613281 27.352937698364258 786580 481.1811828613281 27.352937698364258
0.9331353607522087 0.14241305223646225 0.04338305838312284 -0.3272534664627197 1.0210875582099472 -1.7269209114153035 0.5361083894547423
0.5392091274261475 -1 0.5392762422561646 0.5392091274261475 -1 0.5392762422561646 0.5392091274261475
0.9370542787632595 0.1511960121358662 0.04849759238876283 -0.31099361424018324 0.8868847723040667 -1.612139309404688 0.5869150057816739
5.093632698059082 -1 563.494140625 6.402107238769531 768686 981.1055908203125 26.838062286376953
0.9405239236379301 0.15520287607069033 0.056055931748056974 -0.2969588335779158 0.7926430152500714 -1.5071673765651075 0.6319581483474944
7.185699462890625 647743 916.1577758789062 13.669087409973145 305561 1209.0565185546875 16.200641632080078
0.9441804117107605 0.1570257978310381 0.06688182753242267 -0.28176775916195246 0.7761312213738417 -1.4064830686852006 0.676439788722284
106.52796173095703 -1 841.27978515625 228.5802001953125 -1 712.7786865234375 251.6702117919922
0.949695430629916 0.15755971713849923 0.076008242622069 -0.2597619518509192 0.7879043667013692 -1.3116641929409312 0.7269006422811476
118.68550872802734 -1 894.612548828125 194.7006378173828 648748 666.1608276367188 222.9152374267578
0.955985889500484 0.16008296569274294 0.07874142350164753 -0.23294679949704966 0.7593022869093676 -1.2385737206702767 0.7744662996922279
10.987578392028809 -1 725.8460693359375 11.807622909545898 -1 839.5994262695312 13.971819877624512
0.9611044348280465 0.1662376209831823 0.07225399135856812 -0.20838109188808165 0.6304861007541541 -1.1956063514088606 0.8124591904884556
226.84185791015625 -1 811.1180419921875 311.99066162109375 -1 764.4237670898438 318.5377502441406
0.9642894439545467 0.16953227157123907 0.061150656083796336 -0.19407543490676027 0.49928025057325925 -1.127145758413851 0.8306085519701474
63.98784255981445 -1 965.8890991210938 106.4996109008789 665145 924.7881469726562 116.99858856201172
0.9669637605815546 0.16814850494767858 0.05208195065057058 -0.18437634453006704 0.4451156084647 -0.9978342335762244 0.8145735397821496
104.63982391357422 648999 912.4173583984375 140.9613494873047 664523 951.8067016601562 142.37286376953125
0.9694532446100445 0.16248922389965972 0.03930212430052922 -0.1794798084939069 0.38766508649341713 -0.841856221025038 0.8100480983641866
212.4273681640625 -1 891.1574096679688 224.41700744628906 771127 777.3271484375 225.62283325195312
0.9714186731331994 0.15651777095426972 0.026000803483860548 -0.17655567700256727 0.3692853420561363 -0.6903443343516044 0.7612072393234613
7.233038425445557 806700 889.473388671875 11.319009780883789 630594 1015.5718383789062 109.40351104736328
0.9741925714435378 0.14621401534607967 0.020489738095850547 -0.17073507575588448 0.4484934713115054 -0.5459309172394802 0.7098914111599168
6.71150016784668 -1 872.5117797851562 76.6772689819336 72294 800.1439208984375 103.23107147216797
0.976644215546139 0.1396044199374057 0.015232070137911908 -0.1626181607740082 0.5505979441669725 -0.43662173489498746 0.6613872130178118
90.38219451904297 355574 809.9859008789062 103.2322998046875 902906 462.12139892578125 142.42481994628906
0.9805847027191212 0.13360046498735245 0.009300782029548363 -0.1432412370864436 0.6246749384888118 -0.33457877410306486 0.6288255951375107
121.12859344482422 664218 850.0831298828125 157.4706573486328 836750 559.0099487304688 235.82875061035156
0.9844546811213939 0.12831536340751484 0.006233424194106549 -0.11977183623284968 0.6846338571801273 -0.2217865856674451 0.6168061126514512
116.76429748535156 -1 1077.059326171875 164.3804931640625 -1 875.0657348632812 185.44102478027344
0.987703462270581 0.12479218805046771 0.0074655044413895295 -0.09387782839264727 0.7410073058723821 -0.11653367242941413 0.6271189393618977
189.79656982421875 -1 888.7792358398438 202.2813720703125 -1 909.9409790039062 222.2009735107422
0.9903938123973535 0.12351336917773681 0.011362090351167304 -0.06111830251448389 0.7528855379886156 -0.002270966588997263 0.6493099044494584
166.29287719726562 -1 923.421142578125 214.3664093017578 771263 949.5733642578125 217.95596313476562
0.9928679834847165 0.11626451976062714 0.018076267768087347 -0.019208783391986173 0.6957138260923629 0.20745354109016242 0.7191553543156177
155.2535400390625 -1 926.0101928710938 253.70323181152344 -1 926.4729614257812 256.4560241699219
0.9938767578356699 0.10606485208345173 0.023828963358133774 0.019784283960998017 0.5499227138799323 0.44682596529591195 0.8023667836352705
83.44856262207031 913036 970.7884521484375 214.2998809814453 -1 353.61627197265625 248.47625732421875
0.9935707896108461 0.09094580768057445 0.026341629843429262 0.06206500329976399 0.283222333677352 0.7112497485805562 0.8874800855546384
238.4825439453125 -1 955.0159912109375 241.44711303710938 -1 935.803955078125 268.92913818359375
0.9923590065094028 0.07943769360088061 0.023240927550538026 0.09150472294714845 -0.031085049706774986 0.8959546964473567 0.9562490951079148
266.40655517578125 -1 1202.01318359375 271.4871826171875 -1 899.3046875 280.6918029785156
0.990412688644137 0.07123964968932078 0.02102152535266867 0.11647194493388445 -0.31562662680266196 1.0108758872544255 0.9824511704784121
132.8572235107422 -1 570.9213256835938 193.9937744140625 647918 976.9703979492188 318.8909912109375
0.9880937518653008 0.0633803396616576 0.02112867385554731 0.13859022047111486 -0.5588239638431514 1.096397960800458 0.989108948646818
208.846435546875 73708 549.0269775390625 231.64401245117188 141919 250.012939453125 276.6409606933594
0.9849191718822786 0.05970439394568081 0.02194740694530112 0.16089723903996256 -0.7551538028133405 1.1110527120515978 0.9821585557312702
186.71075439453125 77860 585.9295654296875 189.0789031982422 953793 693.9705810546875 192.01083374023438
0.9817342294953912 0.05818096711565163 0.020349641760248442 0.17999658269758217 -0.9463620198386774 1.0797299154172393 0.9740030062974827
179.00228881835938 77860 660.4368286132812 282.1992492675781 -1 732.9786376953125 293.714599609375
0.9780186841982577 0.05742483061202438 0.016645967315170478 0.19976174298506547 -1.1747408726441295 1.0089478555269633 0.9551583408598644
189.32632446289062 143025 519.8817138671875 193.24942016601562 96647 602.4158935546875 290.0176086425781
0.9738271710246769 0.05790413229111659 0.01317148095678892 0.21939522448561358 -1.3890539734596885 0.9181669939294455 0.947195329607154
23.5085391998291 -1 490.6661376953125 251.2827606201172 889266 601.4168090820312 279.46942138671875
0.969312184761032 0.056000079806544686 0.007683829848868259 0.23924639661718955 -1.6454809336500382 0.8426848758323157 0.9156424421794856
310.3310241699219 891996 477.4168701171875 322.4496765136719 -1 498.9554748535156 325.3768615722656
0.9659733275187893 0.04747918116004298 -0.001954415571803445 0.25423893906800005 -1.9311516333442533 0.7992006183155412 0.8599693537260661
251.74264526367188 -1 409.5674743652344 314.4211730957031 -1 13.415522575378418 320.5101013183594
0.9644119133797898 0.03947191937504723 -0.010074878998990813 0.2612472501771804 -2.1855486950597323 0.7791037156798725 0.8080459459832326
299.77032470703125 -1 777.0086669921875 344.49359130859375 813026 777.0086669921875 344.49359130859375
0.9649476783586111 0.03421772503133188 -0.015460292701607078 0.2597423813581206 -2.3692539132552817 0.7793733663870348 0.7991065036618656
335.4225769042969 471114 653.302001953125 356.3018493652344 805602 389.91265869140625 357.5429992675781
0.9661488918334231 0.028861936951008162 -0.020950423489563552 0.25550809607543257 -2.558685255310144 0.7900449157080154 0.7889000456895987
378.328125 -1 382.6795959472656 379.14215087890625 805933 458.1845397949219 378.8285827636719
0.9669087793142236 0.024215687148696773 -0.026069831911965408 0.2526289311323558 -2.7543634583953462 0.7847679315675271 0.7697052033522815
357.4170837402344 -1 509.9232482910156 357.4170837402344 -1 797.8523559570312 358.625
0.9686049713902031 0.021224129037951425 -0.02912825265561551 0.2459786385887907 -2.921368261576001 0.7933089942202641 0.7557199795297916
355.87750244140625 855618 628.12353515625 355.87750244140625 813026 316.8387145996094 376.3624267578125
0.9728872895139483 0.01663569296052789 -0.02650652665106713 0.2291527430925112 -3.0017524529784834 0.8967912946530867 0.8014083351336146
352.0978088378906 901364 624.6644897460938 376.5108947753906 79175 520.4314575195312 413.3869323730469
0.9793530140554454 0.013583168975781615 -0.025903573917989718 0.2000304382821909 -3.0638856427734313 1.057053263880519 0.8804439779261515
355.5018005371094 854760 743.3930053710938 355.5018005371094 -1 631.3294677734375 366.8268127441406
0.9849777798640978 0.007431750834299233 -0.032423863791590284 0.1694468509897843 -3.1805020379762574 1.233977683861335 0.9150779021252293
445.2347106933594 -1 695.2955322265625 445.9289245605469 -1 723.8894653320312 446.47418212890625
0.9888129320710993 -0.0021130542831784547 -0.04634480689428249 0.14176275690209905 -3.344167068488184 1.4148582401551038 0.8686240609331222
458.6586608886719 -1 666.9746704101562 459.5797424316406 -1 929.1114501953125 587.3202514648438
0.9917962416438663 -0.014684368860067576 -0.060854231251878124 0.1114510964998826 -3.55187472005306 1.6286008970925243 0.7660310047307087
478.8896484375 88499 253.11123657226562 509.06915283203125 -1 253.11123657226562 509.06915283203125
0.9930550351755185 -0.01689335077243234 -0.06744601793587472 0.09490704123943078 -3.7438421127742716 1.7099342664438661 0.7292129983353013
312.58270263671875 73969 421.3041076660156 342.8087158203125 -1 1001.2277221679688 432.5892333984375
0.9937467274038853 -0.015011983326654531 -0.06778527752204565 0.08744848930614858 -3.9178924836400153 1.7253147858856113 0.707393218441227
380.1041564941406 -1 452.75616455078125 385.1528015136719 973731 484.5392150878906 400.3006286621094
0.9941129490941154 -0.009660140108847824 -0.06408916710106322 0.0868257150662768 -4.096809910412758 1.6932505383748042 0.7167214458421751
416.3727722167969 842527 607.87646484375 437.58856201171875 -1 607.87646484375 437.58856201171875
0.9943281588662674 -0.0014888048319656498 -0.061500903575340354 0.08675790917955625 -4.291862079283115 1.6164673883995782 0.713957864789185
477.2643737792969 903222 514.8550415039062 502.5698547363281 -1 506.43170166015625 536.4239501953125
0.994844823910464 0.0031944634314864523 -0.05686589069565312 0.08390376759915325 -4.427212747240569 1.5862660623832334 0.7163169728056684
398.1163024902344 970161 197.85223388671875 416.11328125 855144 202.1679229736328 416.4377746582031
0.9952905933411963 0.007437611113786263 -0.05632215952500357 0.07854381639498961 -4.5794469932384825 1.5560324797363472 0.6946305698333511
476.1741943359375 -1 690.0386962890625 497.16314697265625 -1 676.0366821289062 502.908203125
0.9953426274683429 0.01957782691450781 -0.059879772447244906 0.072966947924299 -4.771957072223182 1.4339554020048975 0.6497064907381109
399.5799255371094 -1 665.8258056640625 575.0725708007812 -1 884.9859008789062 586.7754516601562
0.9953358213934732 0.03332768538634351 -0.06487358432601083 0.06314496095861549 -4.9471021660081735 1.301050347155583 0.5924825667607038
448.9546813964844 -1 982.422119140625 529.2001342773438 -1 797.0975341796875 584.03466796875
0.9950784395053353 0.04858656923288221 -0.07176109866505205 0.048047780804007456 -5.097333793448453 1.1936482924437686 0.5155405436929206
348.882080078125 -1 829.794189453125 532.2445068359375 -1 829.794189453125 532.2445068359375
0.9949356946758634 0.05944055768755424 -0.07808099512120979 0.021751822050836755 -5.15461200175261 1.2472220862947982 0.4278719923999272
312.3146667480469 -1 679.120849609375 344.18603515625 -1 807.0698852539062 358.8799743652344
0.9944747738257773 0.06595923134552902 -0.08163762838138935 0.0021451472532890863 -5.135139503038304 1.283122057547242 0.3639611607408157
113.93932342529297 -1 813.8768920898438 118.03816223144531 879529 805.768798828125 328.58380126953125
0.9935406983951274 0.07495037119219707 -0.08506773723517977 0.004775203907785807 -5.131363480453289 1.1063263794000355 0.2905493623552614
90.40398406982422 -1 823.802734375 93.41108703613281 -1 1075.562744140625 100.58261108398438
0.9919270825556773 0.09153157992352183 -0.08724311172291725 0.009553649888361323 -5.126511232616504 0.8230167644210551 0.26813295801214404
284.0948486328125 -1 281.5784606933594 321.0228576660156 -1 511.96124267578125 366.264404296875
0.9884635520699021 0.12373424773904286 -0.08721097052178997 -0.004887615620360838 -5.097519985303378 0.5830146677618494 0.2260727700137681
567.5784912109375 -1 906.4406127929688 985.39306640625 -1 807.0350952148438 35.29777908325195
0.9842948961224495 0.15437939483837998 -0.08469618855755878 -0.012534574602056153 -5.034974992767149 0.168601792299978 0.16481907739154408
626.7759399414062 -1 812.7460327148438 644.563232421875 -1 880.1482543945312 878.4971313476562
0.9815439871486157 0.17232493086950207 -0.08188378352029192 -0.013060072343659752 -4.994642701702087 -0.17878634972277643 -0.0026743428698232214
201.8778839111328 -1 1002.5888671875 220.9043426513672 -1 902.962890625 248.2843475341797
0.9818964995974981 0.1711171484767209 -0.08095007352780914 -0.006728385483791452 -4.983968095114196 -0.3410690074011605 -0.09704628105574448
4.015474796295166 -1 667.5858764648438 4.318247318267822 -1 865.3257446289062 4.743913173675537
0.9833572931175444 0.16247949555668884 -0.08125068691591668 0.0026783337864339967 -4.933434561422972 -0.44746251849811886 -0.20565635157476367
3.9536774158477783 -1 527.4113159179688 3.9536774158477783 -1 477.978271484375 35.849998474121094
0.9827955032153505 0.16653162843878938 -0.07975746379836095 -0.004354601895017669 -4.863981855734427 -0.5169451012021029 -0.27811315452769764
413.3554382324219 -1 916.9124145507812 418.9328918457031 -1 864.5025024414062 472.50018310546875
0.9791494012005116 0.18696583344024964 -0.07800530006168324 -0.015013341298958902 -4.797816222804237 -0.7383649481938195 -0.34109119329334914
312.7801208496094 -1 872.4725341796875 615.9522705078125 -1 662.406005859375 1007.3768920898438
0.9737805757106862 0.21738484162880986 -0.061017823407508935 -0.027785719806979307 -4.673330488803403 -1.0504693045113431 -0.26076335326314387
36.727882385253906 -1 1030.3760986328125 267.6294250488281 -1 1008.8131103515625 303.34368896484375
0.9728695751845435 0.22260606462961136 -0.05243781363151468 -0.03495147167015894 -4.573129725658999 -1.1375772650689688 -0.3447803203295987
35.51615905761719 -1 374.9373474121094 35.674129486083984 -1 374.9373474121094 35.674129486083984
0.9766893488625353 0.203728702537235 -0.05237368711581937 -0.04277298772433399 -4.557036564734155 -0.9649452017597511 -0.29061292079536355
8.604074478149414 -1 565.2732543945312 118.61557006835938 -1 1498.5460205078125 202.3805694580078
0.9813207090366208 0.17840397734568944 -0.05391008939579253 -0.0477010392385742 -4.569943438495782 -0.7201719738466443 -0.17462616195366537
519.500732421875 -1 1020.05078125 519.500732421875 -1 837.1793823242188 565.5601806640625
0.9850887471034828 0.15316607019529338 -0.054730802518886026 -0.056079002546940586 -4.580318504681234 -0.42027788370182356 -0.08841527741374804
369.5791320800781 -1 694.5385131835938 570.4496459960938 -1 876.9561767578125 583.7500610351562
0.9869980271847603 0.13777766259916108 -0.05186044312241456 -0.0645190240258633 -4.554324011339012 -0.24287518257505714 0.022716811097929706
22.32128143310547 -1 1055.368896484375 131.0338897705078 -1 551.6083984375 136.44290161132812
0.9870302311383344 0.13831013272917347 -0.051910258730563444 -0.0628247963941835 -4.534114722126319 -0.2821953913666819 0.08760203081683869
12.781265258789062 -1 914.8128662109375 87.84284210205078 -1 690.8881225585938 92.79647064208984
0.9863677233256138 0.14445134568920173 -0.05980698357255191 -0.05133856080936227 -4.562691226034836 -0.43696434235686826 0.01870124711912851
12.374456405639648 -1 638.5452270507812 77.06654357910156 -1 684.5280151367188 83.18106842041016
0.9852364043132541 0.15242223399221108 -0.0709993602437003 -0.032183552409563145 -4.5793399740464285 -0.6740163807220894 -0.11323988261011167
64.46669006347656 -1 724.0698852539062 188.14456176757812 -1 714.4176635742188 213.50872802734375
0.9845991788177008 0.15539268341317614 -0.07744233997815786 -0.02050012175254902 -4.564153148747477 -0.8366775797929559 -0.1886426995981159
11.093395233154297 -1 428.8667907714844 11.093395233154297 -1 899.6381225585938 11.334366798400879
0.9855745570903601 0.15226407253916344 -0.0724454715031208 -0.014494767629025634 -4.451790218481451 -0.915355050468083 -0.1492345106522891
428.4891357421875 -1 860.6641845703125 443.6892395019531 -1 701.1336059570312 461.3374938964844
0.986785800355532 0.14787577796758805 -0.06582751706120778 -0.007299075607859824 -4.2883174936246675 -0.9420639752049373 -0.09433860675818179
186.83163452148438 -1 412.4298400878906 226.59397888183594 632512 788.0697021484375 414.9861755371094
0.9871827428529154 0.1460615276888195 -0.06415022926897451 0.0045837132699434605 -4.140017025647379 -1.0203846003490002 -0.06005901310373628
231.96566772460938 -1 456.7536315917969 235.15733337402344 -1 579.3045654296875 283.9457092285156
0.9867266145841797 0.1466839692342576 -0.06774341868544341 0.016285897756522442 -4.030606881283878 -1.1203446201855338 -0.062430115082065606
192.3160858154297 273736 524.6201171875 216.02174377441406 250447 988.1138916015625 238.6428985595703
0.9859658979598024 0.15026355502533853 -0.0687509282606006 0.02377860287682064 -3.893242854847012 -1.2246046662994663 -0.05080431443858325
223.82777404785156 -1 602.15625 223.82777404785156 940938 748.853515625 318.8318786621094
0.9851703722343267 0.1573535166931928 -0.06303649928229563 0.02656328696145228 -3.679670090694148 -1.3133735554200106 -0.012216825024667763
291.4539489746094 -1 710.7116088867188 326.83319091796875 -1 763.59423828125 341.40081787109375
0.9844559257106101 0.1640631165983363 -0.05496835689999919 0.03013807965051408 -3.439501288917393 -1.3989297751779366 0.03723742192861328
389.7198486328125 -1 1029.4583740234375 437.0002746582031 -1 471.2805480957031 438.0193176269531
0.9835042137844511 0.16960990782261462 -0.05057782317090914 0.03733395826757601 -3.2024443312387882 -1.4753290926733427 0.06294124396527724
283.059814453125 -1 975.3289794921875 285.7438659667969 -1 905.8659057617188 306.4385681152344
0.9824772016136378 0.17404767284214648 -0.050517599301551995 0.04351928363928277 -3.013935929059762 -1.5113050624660034 0.06019952350506616
253.006591796875 -1 1026.1180419921875 285.4598693847656 763187 1003.7696533203125 310.3988342285156
0.9818561321385334 0.1769439889370004 -0.051817305761415966 0.044320733124008006 -2.838029796823362 -1.5045953809012598 0.03218988683511342
261.3665771484375 -1 1009.5148315429688 275.2366638183594 -1 1009.5148315429688 275.2366638183594
0.9815171692510648 0.18134615539621346 -0.051965813437463426 0.032205164526390516 -2.6411192522305758 -1.4442747721741185 -0.01103931728991628
269.3204345703125 -1 590.3555908203125 360.00616455078125 947508 345.1236267089844 397.3001403808594
0.9813399925947199 0.1851806627446644 -0.051028211209717664 0.00872139555222681 -2.445973301224335 -1.3433176113576597 -0.025108024609172264
113.12944793701172 -1 1180.0738525390625 168.3900146484375 -1 1167.5341796875 176.82510375976562
0.9806054847378921 0.18832440958609364 -0.05098608901936213 -0.018633807515447413 -2.289016998947801 -1.2241366242784726 -0.06424785875596074
240.5463104248047 369229 614.8378295898438 276.11846923828125 226357 220.91818237304688 298.0541076660156
0.9794469182244051 0.18969701528303354 -0.05318372089567544 -0.043246602237804826 -2.1431493288832097 -1.1126214458841455 -0.10708265236696983
88.5445785522461 -1 1258.892333984375 227.4952392578125 -1 780.2343139648438 287.4493103027344
0.9794430299101963 0.18502828807837168 -0.05852879214494834 -0.055047836117100096 -2.0103168171824053 -1.002669465695537 -0.1251022583339991
49.638671875 -1 636.93115234375 126.3039321899414 -1 675.7688598632812 230.94161987304688
0.9805689227912805 0.17661534245256194 -0.06260448576644269 -0.05807139423357578 -1.8991775326428948 -0.8747105037916126 -0.12325785791443121
144.51206970214844 -1 691.8638916015625 206.32553100585938 -1 710.210693359375 280.435791015625
0.9815398009703223 0.16999633571792414 -0.06385570554761215 -0.06002760883656398 -1.771603972583968 -0.7527459809213972 -0.1120249260965065
38.42512512207031 -1 165.029052734375 89.28424835205078 -1 702.2374877929688 97.43529510498047
0.9818767656624305 0.1682521910346021 -0.06233555964631159 -0.06102044958799812 -1.6502138826832702 -0.6673432048456314 -0.10889961221109422
59.903892517089844 690974 285.4806823730469 72.5191421508789 742674 575.1314086914062 98.27535247802734
0.9826777789225818 0.1643442303361696 -0.06125157782549146 -0.05986318552233482 -1.5452749470952671 -0.5624978955264507 -0.09995223009150224
32.049015045166016 -1 219.77626037597656 70.00115966796875 -1 219.77626037597656 70.00115966796875
0.9836941861013255 0.15826849912004026 -0.06255056306530832 -0.058174371306903415 -1.463821138785992 -0.42880254322073436 -0.09200298189470137
9.672307968139648 -1 670.0601196289062 12.021661758422852 -1 744.0184936523438 34.436214447021484
0.9849861669229568 0.15178500052510724 -0.06364149397992476 -0.05208958465967531 -1.3891205852123774 -0.3080595518327767 -0.06263606130980798
25.00473403930664 -1 752.7881469726562 92.67371368408203 -1 756.8738403320312 104.20960235595703
0.9858009342355466 0.14829869302963813 -0.0639623179734346 -0.045965613076407244 -1.3204054179547524 -0.2102376278024343 -0.045451589143778066
2.6633312702178955 -1 686.0160522460938 21.521530151367188 -1 688.7161254882812 24.91455078125
0.9861388762799663 0.1487238235739051 -0.06154722691133961 -0.04028994726190745 -1.2450165445638268 -0.12774743753192971 -0.013343901273820196
9.757269859313965 -1 384.45635986328125 23.419782638549805 -1 716.6665649414062 41.6126594543457
0.9868607617177718 0.1484113755136026 -0.056430990759622865 -0.02992396835092587 -1.1821718740286975 -0.02833924739133967 0.042075996724710366
4.865879058837891 -1 758.1724243164062 20.749385833740234 -1 758.1724243164062 20.749385833740234
0.9876095251424473 0.14492817792974355 -0.05437708200261933 -0.025814376667952638 -1.1992446422765901 0.10830406691912386 0.073505161278958
5.879293918609619 -1 961.469482421875 5.879293918609619 -1 967.6030883789062 7.262200355529785
0.9885681144711049 0.14061464051344083 -0.05164024131375101 -0.01714326110685933 -1.2771556654569918 0.2585122077576796 0.09646789230125283
56.55631637573242 -1 1057.18603515625 60.26808166503906 100034 789.2977905273438 75.28008270263672
0.9891123571157505 0.13884243940480775 -0.048779354620176955 -0.00031077948012617207 -1.3701621839793676 0.364954948438966 0.10375818211709029
27.71106719970703 -1 1101.5650634765625 88.81257629394531 -1 886.3618774414062 113.5829086303711
0.9890443774855483 0.13939341121929547 -0.04793174717212022 0.007952602460863673 -1.45371592157714 0.46581581263851224 0.10637484378719403
28.5192813873291 -1 701.988525390625 28.5192813873291 -1 937.6365966796875 36.063209533691406
0.9892489368083842 0.13725556608552647 -0.04857625421757004 0.013703945716958174 -1.5248582416165053 0.5883132887080627 0.08353887610992827
0.5655888319015503 -1 0.5645638704299927 0.5655888319015503 -1 0.5645638704299927 0.5655888319015503
0.9896067910215731 0.13354967708211654 -0.05053713746801416 0.016996489395932672 -1.5811520304564868 0.7448669332907547 0.0492763745622551
62.4444465637207 -1 827.4513549804688 85.11404418945312 -1 655.680419921875 90.34672546386719
0.9900997360517705 0.12945171569806357 -0.05363967950843517 0.008218926649792247 -1.6639519405346523 0.9480276091493692 0.022494097873518172
225.8201446533203 -1 826.7800903320312 235.0767822265625 -1 906.6768798828125 267.1649169921875
0.9905004136199873 0.12592776591418917 -0.05424682852617304 0.01041201158985214 -1.823160794935297 1.0647811940789431 0.011830787355330186
37.492637634277344 -1 858.3071899414062 158.4897003173828 -1 758.6241455078125 234.06451416015625
0.9908748081089015 0.12246698401956709 -0.05327196892111512 0.018194774182899005 -2.0251604436187676 1.1325259722818313 -0.023854377295939474
76.66773986816406 -1 714.0679931640625 98.45645141601562 596564 993.0306396484375 253.6331329345703
0.9908896742995749 0.12181849884509528 -0.049556067985401825 0.029019008105661215 -2.2325129179033594 1.1678623140209696 -0.04899502184607127
18.71084213256836 -1 642.609130859375 111.61585998535156 -1 1086.6690673828125 114.15302276611328
0.9908141329826642 0.12190478098225373 -0.04535607238629002 0.037005471935510105 -2.397876206216411 1.2058169817895439 -0.059536963555326214
238.5594940185547 -1 571.2456665039062 244.14950561523438 -1 602.8810424804688 249.59884643554688
0.9910954068901399 0.12060900748860887 -0.04086299637454384 0.038904720551302806 -2.5234587793399594 1.2625287159772398 -0.05697709687215559
25.429157257080078 -1 1088.95654296875 64.59969329833984 -1 1088.95654296875 64.59969329833984
0.9917063118905891 0.11786847163224502 -0.03670775282472883 0.03575129695553495 -2.63498440430088 1.3515948301962524 -0.05111950965982969
173.85873413085938 -1 999.3709106445312 204.2085418701172 -1 408.6741943359375 243.51158142089844
0.9921404831981226 0.11505699040231494 -0.03588450966206249 0.0336370706999114 -2.7829792892665783 1.4378239372673551 -0.05622950073472372
210.35797119140625 -1 308.2129211425781 299.4855041503906 -1 347.8575439453125 319.784423828125
0.9923424755657149 0.11196702931100971 -0.03849114514190033 0.03518845380293606 -2.9569700623834616 1.5002885394516237 -0.08356978806613553
265.4765319824219 -1 973.5061645507812 265.4765319824219 -1 990.8726806640625 347.7255554199219
0.992885102896614 0.10669288498683513 -0.04134240626798306 0.03296371009366837 -3.1114375727924473 1.6046690376846435 -0.11602737205035998
332.3409729003906 -1 609.3887329101562 352.4187316894531 865359 895.9467163085938 537.9808349609375
0.9935639570026186 0.10096974648867889 -0.04235181958377853 0.029018907926621953 -3.240320587595276 1.7332331613093015 -0.11682465233258654
290.58642578125 -1 1141.90478515625 299.80535888671875 -1 886.0466918945312 350.05316162109375
0.9940441330873138 0.09644131909781038 -0.045073226017465405 0.023318184786634652 -3.375642792806643 1.8605521353948244 -0.10136670651567682
173.50363159179688 907156 1103.1142578125 173.50363159179688 -1 886.9210205078125 305.55499267578125
0.9943394539064769 0.09239193370715383 -0.05014522556509009 0.01543493906202327 -3.5430942363961564 2.0034715404587997 -0.09845413315775621
341.6037292480469 -1 751.0926513671875 422.3853454589844 -1 1072.9144287109375 429.01373291015625
0.994649178844213 0.08654473333626074 -0.055640936021626994 0.00933308067712225 -3.7281862081976023 2.1416578188344557 -0.1344699286197501
380.8133544921875 -1 786.7941284179688 396.45501708984375 -1 711.3444213867188 410.2563171386719
0.99478419483048 0.08214362817516678 -0.060351260109154654 0.0038151630281077044 -3.8970011799141613 2.2337048029338846 -0.1624875476767278
369.9804382324219 883082 728.0745239257812 376.1533203125 867992 729.6277465820312 388.5225524902344
0.9946867035683916 0.0812589365548379 -0.06320120735570733 -0.0009769150446497757 -4.037904603877934 2.2752974245794886 -0.15409159137504744
268.2787780761719 -1 931.6046142578125 271.08837890625 842146 253.9737091064453 319.7717590332031
0.9946429442480844 0.08103675731609548 -0.06405705707835228 -0.003892410519851387 -4.146786088376091 2.2819172002933032 -0.1139123545870378
250.2022247314453 -1 745.0426635742188 276.8641052246094 -1 661.9750366210938 375.539306640625
0.9949053781271096 0.076806891242786 -0.06455926692108975 -0.009802606081223212 -4.2148734295036245 2.323673966074819 -0.07065037174485445
134.4648895263672 -1 1037.39013671875 159.6972198486328 94014 921.0149536132812 163.44200134277344
0.9952097931654696 0.07281161341800473 -0.06346720284961872 -0.015094724292134726 -4.245956814685532 2.3386459818729475 -0.017589591338941998
137.60598754882812 959266 865.92333984375 147.17730712890625 926713 559.9025268554688 148.05361938476562
0.9952950314802359 0.06947606619418739 -0.06358596267156251 -0.022753063267784084 -4.27434635939836 2.324719228331585 0.004651095266963348
192.72113037109375 -1 682.3993530273438 281.4881286621094 -1 504.89215087890625 331.192138671875
0.9949461567668229 0.0709272703247067 -0.06608646985946984 -0.02615427232266766 -4.325178087877724 2.2377681862421706 0.0013008392768846543
155.56546020507812 -1 507.75775146484375 223.50559997558594 -1 601.5961303710938 371.3204040527344
0.9944735947125679 0.07299373994168966 -0.0708497658647988 -0.02597102280795696 -4.40318820999387 2.1039409199163375 -0.030199411703785938
127.1929931640625 -1 573.0989990234375 304.6971740722656 904203 792.4371337890625 423.5021057128906
0.9940687339282793 0.07487608218692497 -0.07479695943106093 -0.02502677371202713 -4.466637775428464 1.9545179993396293 -0.08590788508123054
243.81544494628906 -1 299.4000549316406 277.91571044921875 -1 876.0630493164062 357.0018310546875
0.9936547977134985 0.07932154443729496 -0.07484012567397275 -0.027517106645370815 -4.466718304188528 1.7955818046163432 -0.08965232384028077
28.58928871154785 -1 831.5648803710938 28.58928871154785 -1 1082.8984375 178.17611694335938
0.9930350048411458 0.08708997113893889 -0.0735109777300525 -0.02988230647617527 -4.442663798622558 1.5778477199571022 -0.0903685445392375
378.1733703613281 -1 943.5789184570312 378.7591857910156 -1 827.6541137695312 394.92144775390625
0.9921276357958816 0.09591321120779628 -0.0764997336970406 -0.02512371290564033 -4.453420847463041 1.3103098848970123 -0.1349963346486929
27.5 -1 815.0 258.5 -1 798.5 303.5
0.9908893478341735 0.10515024431858326 -0.08045008744562371 -0.024688254261898177 -4.447763087965451 1.1213841808926361 -0.1787474946050739
113.44420623779297 -1 880.8510131835938 146.47752380371094 -1 811.705810546875 186.36688232421875
0.9905060298749723 0.10777741667858365 -0.08191173754766827 -0.023922802664684127 -4.409312070879072 0.9988051839207573 -0.21055547089489185
69.00623321533203 -1 861.2661743164062 83.47125244140625 -1 900.5593872070312 91.38604736328125
0.9905766332588319 0.10730970386465595 -0.08151283393349269 -0.02445851594451581 -4.345275123216256 0.9208217384654168 -0.20084003920959795
96.8039321899414 907 1483.4708251953125 123.60435485839844 -1 1480.7010498046875 125.50859832763672
0.9905790235927012 0.1077236027635818 -0.08165743417702516 -0.021929132891877846 -4.27553788515593 0.8038724665366785 -0.1835919777837462
46.12289047241211 -1 869.4397583007812 68.60128021240234 -1 873.822265625 95.19672393798828
0.9897345354843379 0.11142276702050556 -0.086615381866301 -0.022545329521899863 -4.2046920057888215 0.6682102557302233 -0.22025648754877472
25.917198181152344 870504 819.1925048828125 86.26282501220703 -1 922.3107299804688 109.93630981445312
0.9884552134859592 0.11733147368081619 -0.09262668770901222 -0.024696415536914384 -4.145334125484724 0.5644991643818451 -0.26627475060177774
9.254551887512207 -1 852.8358764648438 59.0416374206543 -1 477.0340270996094 109.0694580078125
0.9873668784743092 0.12013587608711725 -0.09867650318443279 -0.03060990506310488 -4.048616675995095 0.5021994054788053 -0.3097675310559452
22.984527587890625 -1 665.4520874023438 133.09585571289062 -1 496.69537353515625 157.76272583007812
0.986544983318581 0.12325673806091766 -0.10133125751318359 -0.03561949834458561 -3.904451274063719 0.4526892429893611 -0.3241144591950974
178.2263641357422 885959 739.7780151367188 183.8165740966797 -1 766.7752075195312 190.5281524658203
0.9856963147581362 0.12606168684604085 -0.1047393230001109 -0.039254304212895046 -3.7400339059119525 0.3615735588274387 -0.32333783753587686
83.55355072021484 -1 734.6766967773438 83.51272583007812 -1 860.1723022460938 93.2877197265625
0.9849129892376112 0.12787440728115895 -0.1083866426553502 -0.04297528693827198 -3.598794021426232 0.28040792618557087 -0.33868744815605284
72.58228302001953 -1 809.4793701171875 115.56034851074219 -1 809.4793701171875 115.56034851074219
0.9844705189737256 0.12724325186254262 -0.1118096322446072 -0.04610377711614029 -3.46888205344863 0.19546600768913494 -0.3617021030925616
91.61781311035156 -1 833.4008178710938 98.69671630859375 -1 814.0450439453125 129.60296630859375
0.9836602081932573 0.1287765838662381 -0.11625356764787433 -0.04810711251032 -3.3513922347351746 0.055792863306026244 -0.4067646281644436
13.358485221862793 -1 913.2302856445312 61.83994674682617 -1 854.8206176757812 92.3226318359375
0.9822789372500763 0.1365816660339568 -0.11927063655192623 -0.04741363933245077 -3.2452867099236977 -0.12596656844506424 -0.4387067980082277
29.44251251220703 -1 913.4000244140625 55.40740203857422 -1 943.2547607421875 63.48870849609375
0.9816005027653255 0.14037770055994947 -0.1218129119544456 -0.04377406352556121 -3.1444748454080975 -0.2762933466841405 -0.46768582177340157
97.87017059326172 -1 1087.0274658203125 205.93051147460938 -1 774.8270874023438 272.68182373046875
0.9817260993077827 0.14043622304960393 -0.12352753890482682 -0.03510669915563203 -3.002570333169342 -0.42761421525857485 -0.49138151475191555
288.7601013183594 671730 739.5131225585938 314.0098876953125 -1 729.1185302734375 316.458251953125
0.9817265912247963 0.14235699161951015 -0.12366817711180376 -0.02556499538486013 -2.8240458237421624 -0.5742058536460116 -0.498125035802538
273.23486328125 -1 600.4710693359375 297.1506652832031 -1 600.4710693359375 297.1506652832031
0.9821357253755622 0.14404661150467551 -0.12007442445177198 -0.015560310010254463 -2.622443373328031 -0.7180218734205658 -0.46429097951433773
261.7101745605469 -1 777.2607421875 271.94720458984375 -1 684.039306640625 294.6287536621094
0.9825522344754603 0.1466160223404575 -0.11398930803850087 -0.010064103201296576 -2.3780902630646534 -0.8293465609133479 -0.4092191046006699
277.8417053222656 -1 752.5933837890625 289.61724853515625 947243 752.5933837890625 289.61724853515625
0.9829758596662329 0.1487826724386511 -0.1075996417713919 -0.006670291306354202 -2.162982308176255 -0.9153467912830995 -0.3579800271689728
249.32395935058594 -1 831.68408203125 269.6306457519531 947243 586.0339965820312 349.700927734375
0.983307046219075 0.1504336049833483 -0.1023523423969663 -0.0009906328713950756 -1.936887450277126 -0.9916106129154385 -0.3106397705951425
364.71044921875 -1 629.4660034179688 364.71044921875 -1 631.66748046875 367.1080322265625
0.9838580803592327 0.1499909181618738 -0.09736402277852185 0.006800680053292354 -1.6937422068598476 -1.0406212107183745 -0.2374790116017329
369.97784423828125 -1 754.7353515625 371.4899597167969 -1 721.758544921875 385.797607421875
0.9843821849757601 0.1492873642454324 -0.09213595881819203 0.014695641246724721 -1.4435133597554295 -1.0666745327675842 -0.16981011926848766
396.1999816894531 -1 465.43133544921875 404.95672607421875 -1 924.5758056640625 436.10443115234375
0.9846814626660019 0.14911526463371488 -0.08631898091102741 0.0267598294023358 -1.152614006172968 -1.0939924759807331 -0.10968617249160818
367.34942626953125 -1 261.90081787109375 374.2614440917969 917240 494.287353515625 390.4306640625
0.9844697349196327 0.15020080346629525 -0.08281313576481274 0.03743052511181375 -0.9070450128294912 -1.1045506193415124 -0.06316932071786667
207.11630249023438 -1 516.2716064453125 377.2437744140625 -1 526.899658203125 441.0064392089844
0.9841999283041635 0.15126982195664318 -0.07925141414322658 0.04676703376935331 -0.6452304110812079 -1.096914404490778 -0.020395027407871434
231.03440856933594 -1 198.5764923095703 241.16732788085938 -1 582.210693359375 375.1573181152344
0.9844505090086885 0.14935261712319597 -0.07413099241786826 0.0552773645729264 -0.36484793646625013 -1.048231676606032 0.02476816091641632
111.6136474609375 -1 268.4239501953125 111.6136474609375 -1 401.94915771484375 347.2222900390625
0.9848541581270986 0.1464653386025984 -0.06724718362643572 0.06393753281213163 -0.08082177424420187 -0.982433157700238 0.08641475600217575
203.1734619140625 923926 513.7332153320312 413.149658203125 -1 647.1637573242188 425.2547912597656
0.9851634004572458 0.14547423680358723 -0.05920599696752147 0.0691734829903193 0.19334651405471567 -0.9262308567657083 0.14318232891516275
84.5212631225586 -1 434.3812255859375 190.8161163330078 -1 439.9552917480469 192.17494201660156
0.9853473554763568 0.14396835912099842 -0.051440586271866616 0.07561459324604086 0.45344616808472776 -0.8480359051663188 0.18184994699041013
196.41444396972656 -1 575.8660278320312 201.52288818359375 -1 580.7142944335938 250.62152099609375
0.985366864853869 0.14185070805510047 -0.046454163592433186 0.08229537628112037 0.6714000665195927 -0.7494637417489426 0.2057547642342351
122.94190216064453 -1 533.900146484375 198.17999267578125 150854 626.9393310546875 206.1269073486328
0.9854175049410981 0.13825293547249634 -0.043894886821034006 0.08894776950473432 0.8535780000152854 -0.6203602043932922 0.22872884961993487
44.464420318603516 543035 675.5244750976562 130.1561737060547 -1 989.0917358398438 243.35716247558594
0.9855718594386093 0.1342788270877236 -0.04250645505047879 0.09386430502437694 0.9911275648368353 -0.49617436305061413 0.2587486768306331
65.88285064697266 -1 707.9790649414062 159.48696899414062 -1 727.5513916015625 173.08778381347656
0.9854697677689157 0.13207714681504482 -0.041858777485517744 0.0982486989740552 1.099047049137725 -0.38891077053150486 0.2886652729418948
49.49567413330078 337354 830.42529296875 98.89727783203125 -1 51.54777908325195 111.47996520996094
0.9852158072166356 0.13054067685448134 -0.04125724934933969 0.10298924348189632 1.176651367948202 -0.2816388114950717 0.31224422152256753
11.043752670288086 -1 266.9029541015625 67.70150756835938 673388 708.7991943359375 69.57859802246094
0.9849174837737076 0.1291815338354007 -0.04085928982409135 0.10761133726458756 1.2306419858340865 -0.1774638383856959 0.3286151352174614
60.07450866699219 -1 741.5708618164062 70.74085998535156 834529 168.86082458496094 71.48011016845703
0.9844901078399014 0.12918555951012226 -0.041137503969497544 0.11134641685566475 1.269935605267372 -0.06748413307023465 0.350761960153704
59.96144104003906 972292 854.819580078125 69.21295928955078 763423 766.7171630859375 76.47649383544922
0.9845864698810705 0.12793710981540837 -0.04131218595004327 0.11186993586858456 1.2970707382458673 0.07349585753558234 0.38745371275672486
10.661622047424316 -1 712.6312255859375 39.63898849487305 724471 797.1478271484375 83.69505310058594
0.9856393834108336 0.12225452707575184 -0.038943310357878264 0.10978276302483074 1.3324799548834982 0.23488913828884228 0.4187579767800849
79.64694213867188 -1 826.231201171875 139.14138793945312 -1 724.8787841796875 170.21705627441406
0.9862926909663188 0.1197621026511992 -0.035509352041528365 0.10780933369876652 1.3650622447791325 0.34856157795819215 0.4312339349339004
14.703165054321289 720211 243.3519287109375 168.0672607421875 -1 757.2687377929688 183.9888458251953
0.986482753844225 0.12095421882970882 -0.032271314557993834 0.10573748423292546 1.3815696591630302 0.4497764897457107 0.4363623335352648
5.571704387664795 -1 743.5403442382812 7.712508201599121 639624 727.9158325195312 8.340115547180176
0.9867253389310205 0.12046537168344987 -0.031459941801175895 0.10426635026938338 1.366978282758076 0.556015006505831 0.43472381091017703
174.30580139160156 -1 1125.419189453125 174.30580139160156 -1 873.1492919921875 183.28439331054688
0.9869676683779535 0.1192476068058406 -0.03214634592937222 0.10315736663493764 1.3319796191692814 0.6804439386897062 0.41825332095391027
45.929710388183594 705797 753.7771606445312 67.86819458007812 786580 654.5352172851562 123.8433837890625
0.9869885412721187 0.11826094960287113 -0.03238140007636868 0.10401640315669793 1.3017137023034053 0.8126815491132175 0.3992347768249463
89.81482696533203 458531 748.4686889648438 92.25910949707031 458958 741.0208129882812 95.26935577392578
0.9874020340148164 0.11434950193106476 -0.03001827683482053 0.10516804499176138 1.295791678062026 0.9824468393953747 0.3571240676215972
58.321327209472656 -1 900.3125610351562 127.73030090332031 458531 749.8726196289062 136.95700073242188
0.9876732647665711 0.11198243705809917 -0.02813628434909554 0.10568729989406664 1.2875093230128694 1.1170405166473718 0.3313708833262455
23.089637756347656 -1 687.9737548828125 126.9429931640625 479247 752.1033935546875 160.36752319335938
0.9880716842655033 0.10868666338397334 -0.02768417631001546 0.10552318388499538 1.2635061353017103 1.2592830582283328 0.3173514639399995
89.47554779052734 -1 164.90206909179688 89.47554779052734 -1 749.1364135742188 103.78985595703125
0.988368353959725 0.10392106889383887 -0.02631518824397042 0.10786991795023425 1.2193400230645102 1.4318572583850877 0.30324761220519914
104.32887268066406 653480 733.0673217773438 109.71088409423828 -1 745.0695190429688 141.72525024414062
0.988435096647401 0.10215794472065055 -0.02567473753886976 0.10908997157578605 1.1630275347510894 1.5643473976668802 0.30241335205952974
145.3885955810547 912996 757.3001708984375 174.2268524169922 -1 1013.7980346679688 196.840576171875
0.9888531996864754 0.10060829579826049 -0.025381575856480425 0.10678527938546126 1.0840668505751119 1.6757770564765444 0.31236706710062395
361.18048095703125 -1 1246.9129638671875 369.7580261230469 -1 995.3726196289062 373.013671875
0.9897725026562451 0.09757477295440947 -0.026291406919352653 0.10068921784724458 0.9723095145807712 1.7752327547168942 0.32130104782927205
272.7158508300781 786698 1100.9306640625 330.598876953125 -1 998.2234497070312 356.584716796875
0.9910126936119538 0.09328779713912776 -0.029485845402859895 0.09122397122350862 0.8337228412754746 1.8701321442607206 0.33981889655354486
305.48095703125 914664 646.376220703125 365.7130432128906 -1 952.666748046875 371.224609375
0.9921537873461304 0.08525315313094872 -0.0364006324834608 0.08389133501598704 0.6378591152859464 1.9981993891046623 0.33463593188057716
395.3959655761719 -1 980.4815673828125 419.0500793457031 -1 581.1102905273438 490.2134094238281
0.9927411062179926 0.08139764382678852 -0.041732997304269374 0.07808890151952085 0.48069242752365493 2.078409661995673 0.3409985094959171
360.8968811035156 -1 842.9832153320312 362.6006164550781 818091 842.9832153320312 362.6006164550781
0.9932597685500018 0.0805448629469984 -0.042792554757410214 0.07152869696968198 0.3682274041077696 2.1301401833453943 0.3598190576327224
282.33221435546875 890377 798.8665161132812 335.6529235839844 790028 800.6027221679688 342.0279541015625
0.9941501994952304 0.07651661978740418 -0.04142575582668171 0.06398823715411789 0.2819254006972159 2.208659187603433 0.3569969014479514
273.1566162109375 -1 988.4960327148438 288.88275146484375 -1 1008.7157592773438 363.3127746582031
0.9950403274688168 0.07174000994426526 -0.039474431551212705 0.0564790840723828 0.19783019090589485 2.280892277437865 0.3473993855216627
291.1192626953125 -1 1026.40771484375 336.4017028808594 -1 945.9802856445312 393.4570617675781
0.9954223692069607 0.07226878451790514 -0.03902314335007989 0.04887457365323063 0.10403800280725425 2.306370340967871 0.36139064373323604
384.8137512207031 784205 919.6660766601562 396.1004638671875 853291 719.8363037109375 408.7943420410156
0.9958953257155313 0.07085793467272726 -0.04016687013759757 0.03947500291603223 -0.00027140568906060264 2.338525430228094 0.35826219814020577
417.63623046875 -1 669.5501098632812 423.75958251953125 788141 560.1068115234375 444.50286865234375
0.9963852014972499 0.06761994635126692 -0.04196371500971149 0.029717330218584453 -0.1117675244470707 2.379613573243823 0.34046614103908
349.5726623535156 867911 998.5969848632812 381.71527099609375 850980 1124.6785888671875 405.0456848144531
0.9966400902752357 0.06594866243318694 -0.04407965332355762 0.020403150303782588 -0.23203695804555868 2.4035322403906663 0.32744272863786444
309.5259094238281 957867 991.2864379882812 347.44708251953125 852677 364.04766845703125 381.6567687988281
0.9966177586058544 0.06420419317099205 -0.05016311724879955 0.010701704471163528 -0.38346754004113354 2.4145666775362375 0.3109142807416089
279.1877746582031 952105 1030.89306640625 415.708740234375 854876 760.8822631835938 420.9324035644531
0.9963909118127584 0.06256711753450354 -0.057329949100131616 0.001945146919840781 -0.5415426269144916 2.4289268614762616 0.29010685879127146
313.30023193359375 957867 738.2339477539062 316.1873779296875 892237 894.383056640625 347.4091491699219
0.9961901295102615 0.05917343165572006 -0.06361121466233992 -0.007572596753822558 -0.6848695944115133 2.452987134181005 0.26709175814658304
290.0195007324219 -1 938.473876953125 417.6961669921875 -1 674.0193481445312 436.4581604003906
0.9958678004517358 0.05502199270730801 -0.06919958510761733 -0.02076828743233809 -0.8001364805534475 2.476153260597912 0.22033246741385062
327.56378173828125 -1 846.2271118164062 351.62188720703125 -1 883.2185668945312 419.3132019042969
0.9953373257637498 0.05377633717727968 -0.07367409299897267 -0.031366248134602474 -0.9077815089510035 2.467324254934374 0.18341422992200884
390.15203857421875 951346 855.1135864257812 414.9701843261719 -1 854.86083984375 417.6254577636719
0.9947088539288542 0.05445746812678824 -0.07706635332760818 -0.04061351087445566 -1.0071344218756566 2.425594299785877 0.15764312705577835
295.845947265625 -1 819.0921630859375 399.5433349609375 -1 287.16754150390625 462.0982971191406
0.9939558835990872 0.054422579852266555 -0.07929283189765221 -0.052938937188351874 -1.0732811938117848 2.3662248571573374 0.12978118151054918
312.6523742675781 -1 806.4715576171875 363.7367858886719 -1 803.9378662109375 364.97308349609375
0.9934081851930877 0.05376890001799517 -0.0796798784159224 -0.06245158090756999 -1.1067204497873655 2.3021421706072713 0.09531591234653986
285.20330810546875 -1 788.147705078125 342.2344055175781 -1 741.7816162109375 362.044921875
0.992542596518628 0.053330963832121166 -0.08260586550985391 -0.07205049185234694 -1.1522377367879364 2.2276124224936513 0.04977972439288643
338.51165771484375 -1 720.4405517578125 343.7619934082031 -1 864.1351928710938 398.0977783203125
0.9918192954424958 0.053752085374456166 -0.08544859963622961 -0.07812640607410373 -1.207586117549034 2.137364473529422 0.007269401591152015
298.97552490234375 749309 711.95751953125 340.0980224609375 -1 633.1995239257812 385.432373046875
0.9910355422030726 0.054016437649077785 -0.08632608039359316 -0.08647882051603328 -1.226529424876371 2.048933565189255 -0.03265105511501708
221.14471435546875 -1 829.082275390625 227.99888610839844 -1 570.0115356445312 233.3614501953125
0.9905043714257096 0.05031636429913796 -0.08667704765518347 -0.09410867696476027 -1.2251965073792865 1.9962266440747518 -0.09294711315166873
61.86235427856445 84183 1008.7239990234375 65.18841552734375 84180 1014.9595336914062 91.54149627685547
0.990366832965153 0.04268207366446284 -0.08544385570077692 -0.10025529548736481 -1.2021612167062663 1.9500412944548933 -0.16554723443842592
28.463054656982422 -1 1027.6793212890625 32.288997650146484 100209 998.8870239257812 33.78589630126953
0.9903546561159309 0.039330260798006854 -0.08160994325138755 -0.10483607612631472 -1.1664610062256304 1.8882513982118363 -0.20421003167542198
142.56443786621094 -1 724.51025390625 152.8552703857422 513843 843.2966918945312 157.47903442382812
0.9904693213254825 0.038098299314554704 -0.0786089400770903 -0.10648792251862675 -1.1427724365795018 1.8017232399767928 -0.24191487733084888
21.28612518310547 88497 992.1491088867188 26.795223236083984 594797 1309.9306640625 33.90603256225586
0.9908122518101492 0.03456870772669983 -0.07852271471117356 -0.10454792864229935 -1.1343013522257024 1.7140725028278379 -0.30693303587024884
13.61999225616455 57921 1087.6207275390625 16.619670867919922 61222 1036.7421875 19.600143432617188
0.9912577510434919 0.030667086216310317 -0.07867369940295509 -0.10138071730587389 -1.1132079197099245 1.6245718531078541 -0.37063689680623646
65.709716796875 679498 1045.89404296875 65.709716796875 -1 1068.4251708984375 69.8879623413086
0.991610746733641 0.030621516983535917 -0.0791048934872894 -0.09753391967076232 -1.084712271462159 1.5289878472172098 -0.421071302152894
80.35478210449219 671346 992.8475341796875 163.3678741455078 -1 968.6256713867188 163.4915008544922
0.9920360993360205 0.03266783849946346 -0.0792316178346274 -0.09230135793829787 -1.0362928226147887 1.4073383975383065 -0.4717829537235406
77.37090301513672 -1 1032.3896484375 91.4700698852539 -1 1024.6617431640625 92.0729751586914
0.9926594639351342 0.03596938013906662 -0.0783535613473458 -0.0848181099566081 -0.9382895295644796 1.2360590545849266 -0.5306518721368146
18.094118118286133 -1 994.0144653320312 25.069679260253906 -1 774.8515625 78.54838562011719
0.993255138859285 0.036225376252300254 -0.07752096921254831 -0.07824608985341758 -0.8395149320864622 1.1344076143304656 -0.5687878352847504
35.48857498168945 -1 1132.2030029296875 43.265018463134766 -1 1118.6453857421875 46.610774993896484
0.9938569743398366 0.03416665221841883 -0.07622149821095354 -0.07260328947595196 -0.7383613671137037 1.070993975209364 -0.5895349259190832
160.34127807617188 -1 1084.6427001953125 183.8278045654297 -1 1089.5572509765625 185.85716247558594
0.9943880565439693 0.03232209390961479 -0.07380767699422991 -0.06855729038345436 -0.6204055812813626 1.027330170720226 -0.5844534968439531
169.6664276123047 -1 1168.5146484375 170.71713256835938 -1 1120.9248046875 172.40110778808594
0.9946593290556225 0.027157008790285233 -0.07612503330401231 -0.06418952640927128 -0.5490825964450762 1.0011154908486959 -0.5747392238411427
3.7670183181762695 -1 1406.6300048828125 3.7670183181762695 -1 899.2955932617188 4.704030513763428
0.9954671427613488 0.02515861433553211 -0.0746150544011641 -0.053336717784127664 -0.4635435096475131 0.9145551856086743 -0.5462729534569372
13.762046813964844 -1 1071.4979248046875 42.585140228271484 -1 1071.4979248046875 42.585140228271484
0.9964493601799604 0.029780967235050203 -0.06779703201176693 -0.040066557599671725 -0.36507045873666216 0.7730393623155501 -0.4913631707380747
136.24961853027344 -1 951.8352661132812 178.3465576171875 -1 1016.5704345703125 191.99533081054688
0.9974156284495576 0.036205854264443504 -0.05897696042770764 -0.019311094745367005 -0.24989969929023395 0.5989706828582532 -0.4234435097918159
113.35926818847656 -1 1107.839111328125 124.50021362304688 893636 1450.283203125 125.53736877441406
0.9978024600988261 0.04154806520169282 -0.051611215499066984 -0.000539753124307977 -0.14085406883580195 0.4415418422419444 -0.3784259704043498
219.92747497558594 -1 938.4777221679688 221.85337829589844 -1 921.6922607421875 225.3253173828125
0.9976886050806977 0.04649446962035856 -0.04423666878831451 0.02233447383231109 -0.040203345196076865 0.2685814895982611 -0.336865221728456
169.30477905273438 -1 999.5197143554688 170.467529296875 894205 990.144775390625 171.58497619628906
0.997163999538568 0.05032911327407977 -0.038618078305758634 0.040491757300244346 0.04577531039381945 0.1337746844243307 -0.3136803474868057
127.06468200683594 894205 1047.145263671875 128.46522521972656 742028 985.1936645507812 180.5123291015625
0.9964074749469163 0.05399938961221092 -0.0339605969126608 0.05570356944357208 0.1239881942782671 0.014581939510402552 -0.31077267994642654
15.291742324829102 -1 751.5630493164062 19.83350372314453 -1 1100.47705078125 84.12277221679688
0.9955760360749841 0.05941176482247306 -0.030574069015749054 0.06605925293039058 0.18544078252640217 -0.11737830762910492 -0.3095318115256222
88.83810424804688 -1 1095.2742919921875 89.51068878173828 893393 1029.983154296875 91.67628479003906
0.9943841525458063 0.06971875407897149 -0.02978556517372965 0.07383950570471295 0.23520768732305283 -0.2945098793371075 -0.3195985042445926
11.54086971282959 904208 1064.6400146484375 13.29521656036377 -1 824.04736328125 36.029151916503906
0.9936794044237903 0.0764199710562565 -0.029685687772302675 0.07668108755897816 0.2914637987464379 -0.42549066354957277 -0.35327080260763183
3.2749321460723877 -1 1085.669189453125 3.2749321460723877 -1 785.373779296875 28.654447555541992
0.9933974676445312 0.08074385324036328 -0.03148585313888402 0.07517009041798442 0.3496335934881262 -0.5426054558928503 -0.3683056336170163
102.60073852539062 -1 792.813720703125 124.30409240722656 836776 815.5942993164062 138.08993530273438
0.9927933973401419 0.09179627852973311 -0.032584755223886895 0.06980649807081096 0.44090593456853255 -0.6941619008944667 -0.37747164576589654
40.63583755493164 -1 724.5563354492188 40.63583755493164 -1 685.47412109375 44.642696380615234
0.9923434517442662 0.10304082077565574 -0.034255724364438966 0.05885242885745887 0.5493019735740553 -0.8428187776929476 -0.3956986135885139
22.463037490844727 -1 946.5029296875 76.49710845947266 -1 547.655029296875 80.11492919921875
0.9925365067057698 0.10729877499584724 -0.03718395204124603 0.044447828420434626 0.6642880866693956 -0.9356832753305021 -0.4305466741510742
6.251089096069336 673306 998.9183959960938 43.854248046875 -1 1028.7271728515625 49.68579864501953
0.9925257652957803 0.10961932219770153 -0.0434036184379648 0.03150135443808341 0.8030706848924908 -1.008498140798195 -0.4645886161190897
20.744888305664062 -1 585.8701782226562 23.486143112182617 -1 989.8180541992188 27.45685577392578
0.9918945557434847 0.11418532608106764 -0.04977754105069365 0.025081826112582015 0.958340320915022 -1.0803704211394844 -0.4888191214459333
40.5836067199707 -1 1094.5672607421875 71.86137390136719 -1 1094.5672607421875 71.86137390136719
0.9911493338531742 0.11928338596474397 -0.05430701832152102 0.02110022739737571 1.1189345953036545 -1.1328624065862862 -0.5162731334424844
182.0307159423828 173946 775.2838745117188 195.2110137939453 -1 747.8040771484375 197.97268676757812
0.9906567225942952 0.1221809153377247 -0.05778056958945562 0.0182342448125347 1.2837096876838137 -1.1673682249465807 -0.5326653194808013
237.15524291992188 -1 819.2536010742188 237.15524291992188 -1 820.45263671875 239.7849578857422
0.9904307222545968 0.12248853953229369 -0.061550132168387964 0.015972580490878352 1.4379832594468938 -1.1879558466697446 -0.5449823101601688
127.6832046508789 769332 846.9452514648438 186.74290466308594 -1 850.6220092773438 188.0344696044922
0.9898216056902615 0.1257323659356014 -0.06422662607595912 0.017874606789735414 1.5938030333371394 -1.2224395415227027 -0.5597844684378984
100.71222686767578 -1 1203.517578125 108.07842254638672 -1 910.9755249023438 134.65028381347656
0.988977934770187 0.1310297463531577 -0.06682990503500132 0.016959183392354832 1.7303746316644937 -1.2861140935968132 -0.589139033312584
28.609678268432617 -1 1024.0684814453125 59.986412048339844 -1 1024.0684814453125 59.986412048339844
0.9885425408759753 0.13391775834613914 -0.06742554576772465 0.017420523985819142 1.8575388333912741 -1.325373024909562 -0.6078842213048908
177.00936889648438 -1 956.7562255859375 181.2034149169922 -1 956.7562255859375 181.2034149169922
0.988555518313929 0.13386859884128466 -0.06723694945030152 0.017787020098045423 1.9737073508310223 -1.3375166706534274 -0.6046900934399647
146.93861389160156 596814 132.5308074951172 200.5019073486328 -1 1019.329345703125 224.42343139648438
0.9887517476211449 0.13277192989228234 -0.06659240555569437 0.01752277749434894 2.0929533611562348 -1.3411689308497554 -0.5893954217623452
206.28109741210938 -1 195.3302764892578 213.77484130859375 -1 195.3302764892578 213.77484130859375
0.9889773948703409 0.13197014813062435 -0.06471654980317755 0.017870663653812274 2.217690994427639 -1.3453406107295354 -0.5828707497718738
209.99835205078125 -1 315.2593688964844 247.77243041992188 -1 176.88182067871094 260.37176513671875
0.9888604680162832 0.13385182962619072 -0.06270259917300634 0.017522743999949533 2.343603088637638 -1.3767669810102063 -0.5851973290534266
210.71002197265625 -1 769.3930053710938 299.4244384765625 859460 1158.2899169921875 312.9925842285156
0.9885898646198091 0.13645023446448618 -0.060055308385069284 0.021558595045793143 2.4910918954262837 -1.3875085746985012 -0.5998712437370158
278.61431884765625 881355 384.1288146972656 376.54803466796875 -1 340.2684020996094 378.2296447753906
0.9885218510854301 0.1368306081924451 -0.057497844199102574 0.028212275710691237 2.6862050537315967 -1.362635584705845 -0.5982926982252985
168.74411010742188 819887 464.86614990234375 169.2120819091797 672402 446.12060546875 202.9947052001953
0.9887099859612472 0.13518032303887637 -0.05431572300414182 0.03505204927180121 2.856605283503231 -1.299788840510616 -0.5929574788142011
199.6493682861328 -1 838.2761840820312 209.46234130859375 -1 587.3703002929688 291.195556640625
0.9890359477576914 0.13128338842973825 -0.05236859754849742 0.04277962080541654 3.0091259452510952 -1.1982975832099951 -0.5882101250136794
229.56163024902344 -1 875.5203857421875 230.6592559814453 684165 568.2073364257812 272.2965393066406
0.9889986436248213 0.1295607651593586 -0.0507657017838869 0.050185003357326285 3.149599309856782 -1.1084326249714647 -0.5925299865733774
229.98663330078125 -1 412.9961242675781 239.62318420410156 -1 410.4359130859375 241.81417846679688
0.988736691404498 0.1296817850171581 -0.049239303094953835 0.056195024121121706 3.284469215086876 -1.0355396354434208 -0.6123608429702835
249.9821319580078 -1 687.6643676757812 254.54354858398438 -1 687.6643676757812 254.54354858398438
0.9885118789178589 0.13060284466655853 -0.0486420836756831 0.05849025473508463 3.4122247189787385 -0.9885029207309478 -0.6326399240612146
292.5633544921875 -1 734.5821533203125 293.4081726074219 661186 795.4301147460938 299.6244201660156
0.9884819104525353 0.13160376530538587 -0.047620069663133126 0.057587243646743815 3.5356579850306162 -0.9595059932096126 -0.6621319802223478
283.3066711425781 -1 800.4495849609375 286.6963195800781 672389 1053.926513671875 300.02862548828125
0.9887654892279352 0.13024598590850206 -0.043802542645348996 0.05882285035908057 3.6798351043844053 -0.8887772626472967 -0.6920014487482915
300.02960205078125 -1 818.5496826171875 309.43524169921875 -1 800.7047729492188 337.1119079589844
0.989622562436328 0.12543961715732535 -0.038723980982885674 0.05841694669543243 3.850736286781971 -0.7794571268869541 -0.7121696443427502
76.40478515625 -1 607.4978637695312 241.02159118652344 -1 622.5281982421875 246.3722686767578
0.9899650297910288 0.12265860800905533 -0.03537376641000464 0.06060364941238061 3.980752548239299 -0.6583256414973933 -0.731959824278097
266.93939208984375 -1 662.3466186523438 285.8189392089844 604466 664.8069458007812 287.9652404785156
0.9900449246618981 0.12132673133365061 -0.03362944213112101 0.06292799088687323 4.073847847545175 -0.5423101486411069 -0.7332214229848816
107.43123626708984 796885 482.0373229980469 141.930908203125 -1 389.11492919921875 172.25674438476562
0.9899588421851834 0.12074605161000553 -0.031364616321623 0.06646911044208727 4.163113496130898 -0.3996915340822416 -0.7146749405075239
124.0279312133789 -1 568.1297607421875 136.07444763183594 -1 501.07879638671875 152.6226806640625
0.9901786552061475 0.11973937668828195 -0.02656994628756482 0.0671025364552123 4.245525060193995 -0.28954748722544316 -0.7376988426255076
179.1428680419922 -1 506.4740295410156 188.27040100097656 -1 544.893310546875 286.47222900390625
0.9902373158887872 0.1188668793006405 -0.02153638276367971 0.06954787878974861 4.309873208833254 -0.171809965673795 -0.7860344111180207
123.57795715332031 -1 439.5135803222656 141.18923950195312 -1 439.5135803222656 141.18923950195312
0.9899160094998037 0.11910603012678617 -0.021584113889517653 0.07358106924356343 4.335073839594232 -0.0421771608404869 -0.7822771336496918
39.55064010620117 648068 56.7148323059082 93.57467651367188 -1 866.169677734375 98.4607162475586
0.9891453838682287 0.12134759042956705 -0.021778902934285863 0.07994905412881101 4.352037173014018 0.10945123129602187 -0.7599111636595537
13.85384750366211 -1 739.16552734375 14.187854766845703 -1 739.16552734375 14.187854766845703
0.9885703240777185 0.12293217308818867 -0.01877184256143604 0.08522917985959386 4.37698483365151 0.2550712107304302 -0.7658468155481144
7.513617515563965 -1 725.7074584960938 52.64647674560547 -1 725.7074584960938 52.64647674560547
0.9883952044180911 0.12176717123423582 -0.015711941270418448 0.08944725146390503 4.403306981556824 0.4066036848201486 -0.7609786407855487
27.56380271911621 -1 736.5369873046875 27.56380271911621 -1 1002.451416015625 45.0158805847168
0.9881975067411405 0.1193060942874346 -0.01662290669518412 0.09463309415566311 4.398480827400459 0.604452268648382 -0.7239553952525789
49.265254974365234 -1 957.3308715820312 49.265254974365234 -1 940.8699951171875 52.904842376708984
0.9880663770392714 0.11726317130482601 -0.017201903152491285 0.0983782381828201 4.383789715634201 0.777451036489331 -0.6945909860172476
31.927385330200195 -1 717.137451171875 40.243431091308594 -1 701.4868774414062 58.59612274169922
0.988245958941308 0.11606721775832769 -0.017073117411198064 0.09801445944287603 4.375213536524051 0.8961315011857706 -0.6665930651332594
9.944682121276855 -1 306.5565490722656 30.917503356933594 -1 352.7478942871094 47.300262451171875
0.9882530623516576 0.11742639803418976 -0.014674601597964503 0.09670357731349877 4.367047626962491 1.024752340382216 -0.6577922783945728
20.51919174194336 547278 672.574951171875 20.51919174194336 543893 932.2759399414062 47.9185676574707
0.9882414609533265 0.11823358364228623 -0.013471120359545598 0.09601126740230025 4.3583156749767085 1.1160110686625464 -0.648298411065488
27.769773483276367 545902 672.3709106445312 51.9106559753418 -1 672.3709106445312 51.9106559753418
0.9882816363745734 0.11642537494879582 -0.011824741830372895 0.09800364663354472 4.347269288982036 1.2405291825572444 -0.6409931021154792
15.320012092590332 -1 558.1870727539062 28.332279205322266 -1 699.43798828125 40.26444625854492
0.9882067900899807 0.11740649806054444 -0.009832196474935342 0.09780788386267657 4.3460239714552955 1.3291901505450383 -0.6233940319385789
5.108251094818115 -1 579.47412109375 6.41486930847168 557719 622.0474853515625 8.117727279663086
0.987863602527217 0.12159521428226218 -0.0042695654628696796 0.09654987041087922 4.365674692565457 1.4157558421008596 -0.6109413186574343
72.79159545898438 -1 373.7983093261719 78.53529357910156 -1 376.9900817871094 82.61241149902344
0.9884294343735723 0.11922817490513653 0.0021439904796901935 0.09374059354171553 4.386708283971963 1.5284226688710267 -0.6109861735444803
42.93836212158203 -1 737.725341796875 65.30271911621094 -1 737.988525390625 68.75819396972656
0.9896365724701164 0.11258729940206556 0.006091217554298706 0.08891822935515607 4.387109915978083 1.6528731071314722 -0.6227048085659659
82.03062438964844 -1 866.470703125 84.3957290649414 -1 771.9287719726562 121.310302734375
0.9906646813677223 0.10767665363861414 0.007083815176092472 0.08330094185740028 4.358099855754761 1.7466925001476707 -0.6163922339338451
99.41504669189453 -1 1028.09423828125 99.41504669189453 -1 721.0595703125 109.33318328857422
0.9911613711569516 0.10764083731182936 0.005305682731515613 0.0773591377914232 4.298137295361803 1.803218320955206 -0.5913326395104165
63.458343505859375 -1 626.0625610351562 205.1765899658203 -1 413.5455017089844 267.8821716308594
0.9916954887824896 0.10751533578958045 0.0031066121243364673 0.07050431943946288 4.215924988322812 1.8658400927548608 -0.5731137833978783
177.59422302246094 -1 707.9816284179688 210.18624877929688 753922 1055.8070068359375 339.6455383300781
0.9928275733599177 0.10325000067112293 0.0019541081188931336 0.060241417638780596 4.138694613341238 1.9211377028439207 -0.5856391990176966
269.5889892578125 780732 966.2734375 359.01220703125 -1 843.2750854492188 371.3841857910156
0.9938201189733367 0.09935510844147581 0.0007705307383484714 0.049492826073954735 4.047047178405682 1.970796430562638 -0.6106509908917855
345.81317138671875 -1 1092.879150390625 381.0365905761719 -1 1073.6768798828125 383.0065612792969
0.994647487470268 0.0966970666915113 -0.0004357325112622549 0.0364124031000304 3.9438373076009134 1.9886020767489572 -0.6488109523820105
349.0897216796875 -1 991.5289306640625 356.3096008300781 -1 1040.9075927734375 403.94610595703125
0.9952614776267914 0.09496309322458595 -0.001007273608225226 0.020870732551412117 3.8573064480689716 1.9523535297597951 -0.6836512177786666
149.33396911621094 803041 555.7605590820312 341.3320007324219 -1 963.119140625 360.42852783203125
0.9956009008015145 0.09346857123276624 0.00015518149710999187 0.006515246244081595 3.7760748864462252 1.9096850860790324 -0.7228341260193284
172.28131103515625 -1 793.55419921875 328.59503173828125 782750 951.604248046875 356.43218994140625
0.9956252111610303 0.09313371532245085 0.00043079756910224874 -0.007507621743596448 3.689402254021363 1.8654098753043833 -0.7315111533862664
193.06446838378906 -1 1158.6131591796875 212.95669555664062 -1 507.53399658203125 233.5931854248047
0.995600599945798 0.09073114437285028 -0.00010583399697609832 -0.023394307588069298 3.597253732363622 1.8298378433921862 -0.7387631688863754
198.39877319335938 -1 498.4658508300781 223.92120361328125 803041 687.9657592773438 306.5230712890625
0.9952652670118978 0.08826616803923044 0.0008201052404083907 -0.040687335705361566 3.5190334923002795 1.783240475854933 -0.7545955254963445
269.40191650390625 -1 896.2755126953125 295.55511474609375 791916 441.8487548828125 296.1387634277344
0.9941705454910239 0.08838329646500624 0.004636219616207474 -0.06157779511909484 3.465843757360164 1.7032458427167194 -0.7995639856440844
236.75079345703125 -1 336.6318359375 337.8202819824219 -1 1012.273193359375 389.8797607421875
0.9925193390270772 0.09095672617921882 0.010282602764304505 -0.08078677924266987 3.4109831463786566 1.6187822472796913 -0.8550413100481008
165.8918914794922 -1 994.455322265625 223.9027862548828 -1 1214.844482421875 264.752685546875
0.9915601682096777 0.0878257837291936 0.010655420507231523 -0.09477091614077965 3.3082780157571072 1.5939917888575408 -0.9054156659453466
222.6981201171875 -1 1108.8883056640625 366.4253845214844 889114 558.763427734375 368.603271484375
0.9902268206244832 0.08822989916467341 0.00835158022885505 -0.10768741670687484 3.183030154648049 1.5556797157274627 -0.9185672932887409
339.4120788574219 -1 1018.8499755859375 361.0399475097656 -1 1216.072021484375 398.24822998046875
0.9878216130351292 0.09090162517864449 0.005396715760546701 -0.12615954509888105 3.0353327878632417 1.4706237591480829 -0.9393170936917068
220.68243408203125 -1 1003.8802490234375 353.82080078125 -1 931.1246337890625 364.8432312011719
0.9848551853657146 0.09284309370916398 0.002124171950522399 -0.1464100806034205 2.882474596795645 1.3637824780067376 -0.9472137229660632
310.7212829589844 -1 823.752685546875 343.1389465332031 -1 939.0936889648438 343.04864501953125
0.9820008642139482 0.09605238236500162 7.566528421095675e-05 -0.16262913883997376 2.743046540458121 1.2698992020940592 -0.9371702703699933
292.1282958984375 -1 815.43017578125 292.1282958984375 -1 877.1535034179688 298.74005126953125
0.9795065865868764 0.09753910887870658 -0.0009447911610032206 -0.1762159937171879 2.633525665031121 1.1737450964359233 -0.9195015125928961
180.2931365966797 -1 855.9236450195312 190.3795166015625 -1 815.0919799804688 285.192138671875
0.9774927899134892 0.09953951061848904 -0.0021536620455804983 -0.1859975624377064 2.5104267090347956 1.074981751750018 -0.9065755642761953
244.7688751220703 -1 722.7523803710938 258.3581848144531 -1 725.300048828125 305.30145263671875
0.9752750535400833 0.10456817487204834 -0.0030626585722677876 -0.1946655770001111 2.3948936818961544 0.9331851591599242 -0.8847821880297446
148.1315155029297 -1 575.771484375 188.53851318359375 -1 673.02099609375 291.4541931152344
0.9731904609002572 0.10921866766773347 -0.004207665228515895 -0.20237071181115854 2.2698846768829584 0.7662263146535394 -0.8532409986698545
188.1511688232422 -1 761.3034057617188 210.14735412597656 -1 577.4874877929688 261.0299987792969
0.9709141424749762 0.11060209363274774 -0.009416730172787444 -0.21214200437204173 2.137047782566991 0.6007004452442741 -0.8253787918181503
259.4595947265625 -1 682.4885864257812 355.92584228515625 -1 674.1954956054688 384.50543212890625
0.9703239473699856 0.11132985484019856 -0.013649068114045523 -0.21422138903762097 2.0344795564290776 0.4700264169653861 -0.8060461930068403
104.98301696777344 -1 493.1616516113281 197.37551879882812 -1 566.5254516601562 236.00526428222656
0.968986773806343 0.11472989448979234 -0.014755603339129278 -0.21836656261624537 1.9516540615867415 0.3048834139481211 -0.7846322313776303
25.007539749145508 -1 454.5398254394531 108.22183227539062 -1 454.5398254394531 108.22183227539062
0.9671314943264077 0.11596484548262637 -0.01269709231183484 -0.22593718406005042 1.8754481767021889 0.13601170503962076 -0.7679513507986918
0.5336633920669556 -1 0.5334475040435791 0.5336633920669556 -1 0.5334475040435791 0.5336633920669556
0.964770210684503 0.1149443474615169 -0.0114279724740295 -0.23638028472687564 1.7620632079238212 -0.01182613910804013 -0.7339071975355352
169.70794677734375 -1 231.28614807128906 169.70794677734375 -1 678.0411987304688 260.4980163574219
0.9626068848173925 0.11399895847846439 -0.013276066226613465 -0.24538942282324874 1.587220279823034 -0.14348048621588883 -0.6736287816628959
249.72659301757812 -1 795.3953857421875 249.72659301757812 -1 800.0896606445312 250.90846252441406
0.9602446621273454 0.11358335447323827 -0.01773548745037827 -0.25439037506840667 1.3903941385469003 -0.2700595182036597 -0.6191264544413899
232.51602172851562 -1 746.1700439453125 235.76393127441406 -1 858.9225463867188 254.9766387939453
0.9587584985638016 0.11387648702858054 -0.02329506239511425 -0.25936774510667737 1.1990988433901613 -0.38292044592380114 -0.5604278497763086
197.28469848632812 913562 207.66632080078125 216.58786010742188 -1 674.55517578125 219.00929260253906
0.958872099683761 0.11314069933558543 -0.02817448096043767 -0.2587850019311791 1.0526620669339948 -0.5067049231411264 -0.49372741966909467
59.41897201538086 -1 394.42755126953125 81.85186767578125 -1 735.0626220703125 123.92992401123047
0.9597423335284628 0.11320758817267303 -0.03076191203499106 -0.25521050131493195 0.9735384659926897 -0.6510398012565191 -0.4418744668687265
77.57080841064453 -1 702.562255859375 113.87012481689453 -1 856.7061767578125 131.53952026367188
0.9614467711835674 0.11665628261605743 -0.031733072973733976 -0.24699074878735708 0.946316495039792 -0.8530398341778421 -0.4108712667129385
38.70956802368164 -1 694.8378295898438 38.70956802368164 -1 838.3372802734375 53.20286178588867
0.9635011354562644 0.12244892159076837 -0.03337066503429359 -0.23570791732760274 0.9955724489244847 -1.0730509360967229 -0.42421635961262216
78.2210693359375 -1 834.6680297851562 101.24284362792969 -1 833.024169921875 111.95311737060547
0.9656277434896331 0.12736627746575865 -0.037208940270316106 -0.2235092551363253 1.059711634641546 -1.2389183458168496 -0.43099780051106756
24.02210235595703 -1 852.544921875 29.6568660736084 -1 797.5548095703125 36.12950897216797
0.967991855093403 0.12982290794526685 -0.041996348389045854 -0.21065157907657145 1.141410893933944 -1.3849183097877313 -0.3865115858119799
7.972115516662598 -1 995.6419067382812 11.671924591064453 -1 1214.5762939453125 27.355934143066406
0.9712195663307057 0.1261485515008099 -0.04396200381958379 -0.1971964481191548 1.2529496973553573 -1.4860950038498164 -0.3142943927807232
95.34333038330078 95752 805.3511352539062 170.40078735351562 -1 853.0863647460938 181.4202880859375
0.9749850889561956 0.12142226577161173 -0.04422301933562399 -0.18084533239430972 1.383012576861936 -1.5634570750305703 -0.23629498760780465
166.47421264648438 343048 845.8886108398438 173.4864044189453 464846 828.8433227539062 178.65830993652344
0.9790421342656961 0.12141757511717442 -0.04359542750451117 -0.15758715203288323 1.5660050889709651 -1.637197574762723 -0.1644480196536801
131.55690002441406 -1 885.2748413085938 154.89149475097656 -1 969.7515258789062 214.4551544189453
0.9830192852359905 0.12544571171494734 -0.04115311183925754 -0.12744755647872744 1.8233416830159597 -1.669742235850332 -0.11997485214377125
0.5507974624633789 -1 0.5506833791732788 0.5507974624633789 -1 0.5506833791732788 0.5507974624633789
0.9861823361295993 0.12379449805215893 -0.03954212827223462 -0.1027411419523959 2.082046991922727 -1.648263384196288 -0.08414295455593196
172.12242126464844 -1 1100.5291748046875 469.9526062011719 -1 491.1542663574219 470.6651306152344
0.9891796701611741 0.1170604074712533 -0.03940278099031553 -0.07916983006628313 2.3591290075837716 -1.5806364836290254 -0.04729945926286797
455.3113708496094 -1 715.8762817382812 456.4981689453125 -1 532.46826171875 471.9508972167969
0.9899943175008548 0.1134927759066848 -0.043434129712035974 -0.07172250350601239 2.593405646780194 -1.6011556796650668 -0.029647124075497102
109.32752227783203 687113 1185.134765625 176.49859619140625 -1 1172.750732421875 178.56820678710938
0.9893430046424877 0.11449366227220863 -0.050681618250079295 -0.07431684893767548 2.7922671444854275 -1.718566321060296 -0.04768493526002792
140.48960876464844 -1 1258.3365478515625 293.12823486328125 -1 867.5262451171875 375.6403503417969
0.9884660711080571 0.11992043293691451 -0.05891554977889051 -0.07129427765729539 2.982109790573239 -1.8188056580332408 -0.07433434650594248
45.53573226928711 -1 911.0789794921875 327.5966491699219 -1 1109.734130859375 379.1474609375
0.9872517696416527 0.12793715847067139 -0.06831831284420443 -0.06556397602339946 3.1891846459515776 -1.886481689076326 -0.09380619216091331
31.699201583862305 -1 899.4153442382812 307.04730224609375 -1 744.132080078125 325.90155029296875
0.9871922908603709 0.13029097289614833 -0.0733515715340107 -0.055634433592146905 3.3843856739666642 -1.8615172729356402 -0.09119984240172371
298.948974609375 -1 767.1351928710938 299.8434753417969 -1 1040.831298828125 363.2803955078125
0.987669036275426 0.13100562387664882 -0.07509526660717929 -0.041329193418912696 3.6413210775555553 -1.7865200001332697 -0.08303365300253225
321.90264892578125 815698 825.0535278320312 340.2170104980469 -1 833.8943481445312 377.76800537109375
0.9883619700628506 0.13141916139341087 -0.07107682997598819 -0.028595530991709375 3.9449289163343932 -1.6992888077152593 -0.11748750725199199
332.4143981933594 -1 925.1817626953125 370.9875793457031 -1 925.1817626953125 370.9875793457031
0.9891649388808789 0.13153244499713557 -0.062180738139067986 -0.01963403693445125 4.2660892552391845 -1.621498378356184 -0.20503166193238243
311.7604064941406 -1 1100.7099609375 319.781005859375 -1 1018.274169921875 345.5005187988281
0.9897836565686146 0.13243890267629727 -0.05151242687935747 -0.01160689986861421 4.562786520403652 -1.5254129324825971 -0.31217580153266644
390.2078552246094 -1 743.7457275390625 495.1871643066406 -1 852.2482299804688 497.0541687011719
0.990155665365668 0.13264041038144986 -0.044466807058389075 -0.004580714807078369 4.798497015191056 -1.412232344069908 -0.37898124165356434
333.8494567871094 -1 235.7472381591797 345.2638244628906 -1 845.8988647460938 352.0196228027344
0.9903896697040024 0.13209009323058815 -0.03929495460945253 0.01167972414795893 5.059849098845067 -1.1608453418860698 -0.40725585481313503
258.9274597167969 -1 320.51068115234375 317.1201171875 -1 491.0660095214844 335.01409912109375
0.9900212520994466 0.1282519442752174 -0.04040688147166655 0.04215024449282945 5.262244653946408 -0.679207885305588 -0.32919222228814254
206.4592742919922 -1 830.9950561523438 261.0270080566406 -1 826.417724609375 266.613037109375
0.9892024746541266 0.12160231317135836 -0.044439211737289416 0.06867676484587336 5.358295552039099 -0.20901138304220146 -0.21737612335156056
2.875166893005371 -1 772.1336059570312 297.9188232421875 -1 875.1764526367188 299.4134521484375
0.9886772878859661 0.11351421690008943 -0.0459702335700636 0.08670917255702484 5.425210529354098 0.18165097497425128 -0.15671025516420672
50.343299865722656 -1 739.1022338867188 110.98330688476562 -1 928.8974609375 158.44566345214844
0.9882423695120773 0.1085185455491606 -0.04700878901283289 0.09690674965448307 5.452508450032263 0.460326059531845 -0.1378549072858227
40.819122314453125 -1 536.4964599609375 40.819122314453125 -1 485.1455993652344 107.68836212158203
0.986794165258161 0.10649399482270425 -0.05021137733323083 0.11124352594848493 5.409801631851299 0.7747020890481809 -0.11091479478817716
15.50931453704834 592072 594.6218872070312 19.058698654174805 -1 554.8199462890625 28.766490936279297
0.9848032882174171 0.10401397866697006 -0.05264687218835753 0.12873182437459924 5.332390659826448 1.1380302798418498 -0.10133853588341757
30.203401565551758 -1 593.6570434570312 53.96775436401367 -1 434.2844543457031 154.14202880859375
0.9837090619880706 0.10109271064844087 -0.05525643941825424 0.13799808375161543 5.253819539065608 1.3883749324724775 -0.08064757989475768
7.422591686248779 -1 1071.9881591796875 144.16725158691406 -1 975.1347045898438 171.27403259277344
0.9834840918880164 0.09825353022860943 -0.05692136216148712 0.14094411421020872 5.191092617636143 1.5618204839349807 -0.0798535332917576
178.67164611816406 793930 937.322998046875 244.986328125 536907 937.322998046875 244.986328125
0.984276541655831 0.09596564120524508 -0.055562225597076305 0.1374886334967471 5.16605882003695 1.6421132024715637 -0.11187986422840022
61.35165786743164 -1 1153.3460693359375 61.35165786743164 -1 929.3278198242188 80.94984436035156
0.9849690825108164 0.09471992474782287 -0.0527325619388608 0.1344742327173933 5.131514288066058 1.7154932343727984 -0.15229486218503965
23.79876708984375 -1 931.8079223632812 54.9752311706543 564949 428.7805480957031 62.66600036621094
0.9852932335788022 0.09036594259353203 -0.052187126225626684 0.1353061127197182 5.036394871151776 1.8404252081060368 -0.16382754032359245
287.5751953125 -1 1033.967529296875 300.5646057128906 -1 865.822509765625 355.4095764160156
0.9855473708758407 0.08191070976336245 -0.0560898315576882 0.1372623261554704 4.881314991726861 1.9776194221445909 -0.13202436764867564
328.62127685546875 -1 893.8327026367188 392.32476806640625 -1 615.8607177734375 406.256591796875
0.9855025484331897 0.0732745130884224 -0.05924353345969738 0.14108783259570212 4.70410745671755 2.1161645785306025 -0.09146419128878486
392.4144592285156 814663 809.0753784179688 398.50982666015625 -1 897.7782592773438 399.4044494628906
0.9864358246145797 0.06699353674379671 -0.061290145336816135 0.13674702203742437 4.561391561526905 2.1435579696149842 -0.054352848149443175
229.0931854248047 -1 892.6130981445312 419.2847595214844 -1 914.6659545898438 442.76788330078125
0.9875207151919637 0.0604782232085854 -0.06027865969775855 0.13233179802801315 4.396824480178752 2.166468674628361 -0.06205990571541241
240.74024963378906 753922 641.4120483398438 274.01708984375 -1 861.3763427734375 399.8135986328125
0.9883214202234422 0.05502069284374413 -0.05702713811773292 0.13015913031598536 4.255248160314174 2.187151668993021 -0.0963767623310162
94.563720703125 -1 589.003173828125 264.8334045410156 -1 763.97998046875 268.93463134765625
0.9888798108505691 0.05219673521811415 -0.0498985727445621 0.130009049541824 4.140795262182585 2.202594881653438 -0.1683302618005628
105.5287094116211 -1 713.850830078125 133.3809051513672 -1 762.777099609375 150.43479919433594
0.9903402533554562 0.05085562319695141 -0.04480693457026474 0.12096374162333386 4.046742955211973 2.1393951072057034 -0.22515945174556823
351.0858154296875 782283 632.2759399414062 355.79656982421875 -1 925.0240478515625 394.6152038574219
0.9926976826333833 0.04841248915313216 -0.03988013497901869 0.1030393935461763 3.921357715640559 2.0280327726199654 -0.29044250790242027
348.20556640625 791952 1003.2014770507812 348.20556640625 -1 1514.3353271484375 349.6546936035156
0.9948081454009433 0.04640169267436523 -0.03517892938477966 0.08346304384714408 3.7913719554911496 1.91495893600812 -0.36388496894740946
351.63275146484375 782283 1049.0443115234375 411.6465148925781 837075 818.9947509765625 417.65850830078125
0.9968854449720853 0.04144579502823907 -0.033018041324010323 0.058407744558496386 3.6346401303707507 1.787515483314242 -0.44627802632634267
416.6983642578125 -1 675.35791015625 452.54534912109375 -1 1133.783447265625 460.6551208496094
0.9981339922653609 0.03440019947740579 -0.03289430464619346 0.038250810215873066 3.465928295066477 1.68964413293131 -0.5124386079578361
499.1673583984375 635329 1265.984130859375 528.9766235351562 777441 843.4038696289062 540.9421997070312
0.9987189124340601 0.031509073179360504 -0.031103539869394105 0.024500654307570265 3.2982756575231575 1.5955292116755435 -0.5291959454167272
384.0641784667969 -1 395.69708251953125 401.2810363769531 -1 387.71832275390625 405.4400329589844
0.999007188700477 0.032649982215753375 -0.026849292035302553 0.01406168920449378 3.167688998405707 1.4937919112992777 -0.5217515549933315
236.1717529296875 -1 748.533935546875 236.1717529296875 -1 676.2584838867188 303.1317443847656
0.9992077658169088 0.03307261066098014 -0.021641270182115972 0.004658173478245059 3.0643974698081866 1.4024824194302237 -0.5028872843522522
262.0680847167969 715883 529.4154052734375 296.8807067871094 717001 661.3715209960938 331.28765869140625
0.9992638414391005 0.03415970191113133 -0.016969580692951482 0.0041137925105973186 2.9003284572730372 1.3427648581307592 -0.4518723299990082
172.242431640625 -1 578.0277099609375 239.7072296142578 715885 365.2815246582031 250.65158081054688
0.9990609108942687 0.03621757978809901 -0.01446292676802494 0.018878744309662562 2.7368214881982484 1.3657773087282596 -0.3731003533232606
178.209716796875 -1 974.60888671875 180.07347106933594 -1 959.34375 183.7058868408203
0.9983936595625454 0.03658183310269197 -0.012759995761030037 0.04134068867754278 2.5814827940206366 1.4398252970275442 -0.30303195817459255
150.92877197265625 -1 932.6359252929688 175.19639587402344 -1 932.6359252929688 175.19639587402344
0.9977432273961597 0.03729583285844257 -0.01399204997987663 0.05405271106846373 2.4892588145191072 1.4503508951807194 -0.23021369690136526
178.39541625976562 -1 635.4927978515625 186.82530212402344 -1 695.453369140625 187.16604614257812
0.9972550937360105 0.03765407507279257 -0.020200292825721954 0.06046814713341614 2.392162425892503 1.4446062574865688 -0.15785255104634513
0.5821604132652283 -1 0.581876277923584 0.5821604132652283 -1 0.581876277923584 0.5821604132652283
0.9966615383021883 0.036414386127777955 -0.027808544589225034 0.06757555327100012 2.308873849775095 1.4390300698729772 -0.09606514950106582
195.62506103515625 777525 914.2276611328125 195.62506103515625 707381 938.0078125 204.54483032226562
0.9964242463494225 0.03707015044854763 -0.03605560404148869 0.0668170535859731 2.2215778934275185 1.3836934305040178 -0.02774511796994328
164.06332397460938 -1 193.4588623046875 290.35797119140625 -1 271.6140441894531 299.6009216308594
0.9965946241955843 0.035226793695692545 -0.04455669907299823 0.059773979272769964 2.0977786358372827 1.3258133934129097 0.035205510516595394
179.03225708007812 -1 223.48080444335938 302.801513671875 -1 223.48080444335938 302.801513671875
0.996515750508406 0.03473303919558774 -0.050637464656640055 0.056443087708359485 1.964933888099486 1.260510366043726 0.10041444719259615
292.66546630859375 -1 815.1409301757812 292.66546630859375 831155 564.880126953125 324.10589599609375
0.9962149947019681 0.03720378271964112 -0.05425627726422587 0.056813900233436826 1.8098528524344537 1.1980410272440107 0.15260980383163655
152.58213806152344 -1 730.7158813476562 222.12413024902344 -1 635.2021484375 255.83587646484375
0.9962720851282146 0.03895991326944383 -0.05281593120433436 0.05598691778742556 1.681989114368092 1.1310906009120687 0.16974017662987134
134.2705841064453 -1 136.4870147705078 266.21746826171875 -1 758.5191650390625 289.8773193359375
0.996263590220707 0.04335847368345831 -0.046473577860316216 0.05847314016922085 1.564527916405603 1.0174843923047576 0.1681094352390442
231.4283447265625 523333 722.6923828125 268.9752197265625 685982 722.2857055664062 275.1628112792969
0.9959118409238737 0.04916462159846179 -0.03603144856247251 0.06666468184271868 1.4765921048959039 0.9110165373980498 0.15907460533131004
133.17269897460938 788234 708.6115112304688 205.89366149902344 -1 825.1226196289062 229.02325439453125
0.9953137428785764 0.05434405878034854 -0.026877906367767504 0.07533163121559613 1.3768253831609025 0.8023077802567746 0.1719803341150743
193.4961395263672 27970 732.8756713867188 199.46755981445312 630013 732.8756713867188 199.46755981445312
0.9941774285499497 0.05837992650629453 -0.02089161297378211 0.08812811838614845 1.2789804774214664 0.7131709968651755 0.18881173647417293
178.8202362060547 641191 735.079833984375 182.027587890625 458958 1048.287353515625 251.52426147460938
0.9927431939199447 0.0630110236496239 -0.014825812707505678 0.10134474382924716 1.2294772137144017 0.60024004474081 0.19346797647749356
141.76217651367188 815987 885.9527587890625 145.66078186035156 -1 895.799072265625 184.49034118652344
0.991180615155921 0.0700878450370509 -0.007813728683232378 0.1121945977365091 1.2382902521785346 0.47369883070771274 0.18505993094938547
59.5225715637207 -1 1415.96533203125 59.5225715637207 -1 1177.0386962890625 260.81951904296875
0.9894810684503513 0.07734176046644049 0.0005923301980132436 0.12225022049566799 1.3468253850070795 0.3641402784457308 0.1673116435830347
219.0460968017578 -1 1237.5888671875 219.0460968017578 -1 791.5233154296875 248.0894317626953
0.9896638092201523 0.08319517652073176 0.003696394221950971 0.11674949247554946 1.4766410551193552 0.27873222858850166 0.12740662849899312
175.12860107421875 -1 1161.0797119140625 205.4989471435547 -1 807.400146484375 223.63107299804688
0.9902340174670989 0.08644523346510503 0.0026442733722918136 0.10934724541782172 1.5925837540123575 0.22160250805615714 0.1063370879373477
3.713970899581909 586902 526.000732421875 3.6838717460632324 -1 448.7442321777344 6.427868366241455
0.9910407709162738 0.08871219323736017 -0.003667902545509554 0.09977416320677142 1.6683279280540093 0.15029112766089645 0.09363189680805338
3.935020685195923 -1 878.2598266601562 3.6290671825408936 28106 979.4234619140625 3.294268846511841
0.9913869082892443 0.08989131250758245 -0.011905981785227268 0.09449760635110158 1.6975643457873903 0.07509212194220455 0.08263270093623241
5.356552600860596 -1 747.046630859375 8.977330207824707 523600 956.8243408203125 24.600135803222656
0.9905968614462504 0.09315432773113541 -0.016735069819995792 0.09879305013976633 1.6953038574020933 -0.003847105332256944 0.06762959453033168
45.98179626464844 816224 706.4240112304688 63.51765060424805 864102 966.4855346679688 103.32067108154297
0.9897283296042828 0.09969557517134882 -0.016858652069971756 0.10106637284652967 1.6727813988411144 -0.11705711324567061 0.043126349023677464
10.594477653503418 515787 830.445068359375 23.265960693359375 -1 967.6525268554688 51.70111083984375
0.9889355902700416 0.1044468286491986 -0.013658703982573428 0.10445428707279497 1.6369755532707029 -0.21279022962816305 0.019317753671879448
19.14063835144043 640425 901.9824829101562 100.61308288574219 597152 1062.60546875 229.92086791992188
0.9880288016587213 0.10784959735683722 -0.010323459924088667 0.10982248229754722 1.5532052958316067 -0.3039729816166903 -0.00027648106120237604
66.6221694946289 663896 834.483154296875 67.86310577392578 772291 797.5400390625 77.2879638671875
0.9874117184320499 0.1114786859791769 -0.008665673565186095 0.11187272669012767 1.4666786466954356 -0.38922593178810344 -0.011646994387938918
117.0338363647461 -1 818.21142578125 180.07870483398438 787484 856.4093627929688 181.93704223632812
0.9866036201830648 0.11734490091070143 -0.006017581891948795 0.11316916355660779 1.3657654456213217 -0.5177378586696549 -0.013331558245828073
100.47251892089844 -1 1104.2501220703125 138.69346618652344 -1 763.64306640625 212.2091522216797
0.9866286580961234 0.11954901851424747 -0.004357041904224199 0.1106929960818102 1.2721362912341956 -0.6094642281451751 -0.00406715211479121
17.7843074798584 -1 512.3427734375 43.19491958618164 -1 782.3463134765625 120.14547729492188
0.9867019904851582 0.12165168502590926 -0.0037424105333898647 0.10773135043423226 1.15812523812647 -0.7001092243075648 0.013546072614241842
16.26354217529297 -1 91.34437561035156 48.54270553588867 -1 796.9135131835938 113.7568588256836
0.9869757083254638 0.12260328406028051 -0.004069655255783327 0.10407124395904147 1.0341251780560605 -0.7764487240669994 0.022840176108582695
180.489501953125 151698 276.4847717285156 182.9180450439453 -1 697.5781860351562 206.0464324951172
0.9875852937647082 0.12189825806367124 -0.004237113189918872 0.09898560043023247 0.883844559220146 -0.8492361621147179 0.03685918548578111
198.9612579345703 356487 742.3460083007812 200.05581665039062 -1 786.0060424804688 253.98216247558594
0.9882521765548685 0.12077729890922494 -0.0027068682938031848 0.09361171116263614 0.7605423907627727 -0.9040961054595507 0.05073450121985855
76.88352966308594 799679 700.0700073242188 165.2867889404297 151698 613.0781860351562 179.7323760986328
0.9887073534301687 0.12151402487034944 -0.0016061858783798142 0.08768997205977329 0.6152387343690465 -0.9782106456076969 0.05638528958077069
143.92689514160156 -1 687.15576171875 178.5924835205078 356487 696.0337524414062 194.28817749023438
0.9888868929687409 0.12405619805084525 -0.002945612794090807 0.08187854422904019 0.45563410721869285 -1.0595592279983033 0.052804907867326965
145.6549835205078 153392 534.6234130859375 145.6549835205078 150854 597.2503662109375 195.029296875
0.9891402339575064 0.12669670755955473 -0.006849762046048022 0.07417966446385954 0.26972134291703476 -1.1374827266173972 0.05278231340564758
205.8171844482422 -1 563.4826049804688 254.5751190185547 -1 34.387481689453125 344.49871826171875
0.9897539672666091 0.1277085613306984 -0.012568921894793908 0.06260694726030068 0.043929870842483364 -1.1810857128122298 0.0565452139621517
162.40463256835938 -1 468.55108642578125 167.63235473632812 -1 468.6500549316406 188.97865295410156
0.9905984932516622 0.1254993815547022 -0.01588186628332525 0.05207971505569585 -0.13571673120739275 -1.1863693044734513 0.0825365072673054
220.6197509765625 646214 1043.0062255859375 247.82289123535156 701398 694.5443725585938 256.5253601074219
0.9917722967799064 0.12021106292881482 -0.01747785182977284 0.04039228125335668 -0.28907215023888505 -1.1622449894868674 0.10896696279728159
95.48323059082031 889045 390.7646484375 203.05398559570312 786663 1033.181884765625 249.49098205566406
0.9924033024834914 0.11827685361206898 -0.01679343141182215 0.02939815948159546 -0.3984640422199398 -1.1531723160480876 0.12732093476116185
3.514768123626709 -1 1318.8126220703125 4.843907833099365 -1 789.5313110351562 17.16370964050293
0.9923796039770834 0.1203762555794028 -0.01581310121143816 0.021029135337583608 -0.50193231455612 -1.1719632440128687 0.12914116743581736
80.6806640625 168640 276.3155517578125 182.67835998535156 -1 603.0286865234375 220.07119750976562
0.9924144895362113 0.12069062450963845 -0.0162227544314535 0.016854564744056822 -0.6074444737204395 -1.1813465264106675 0.12301045880195847
234.96839904785156 802439 348.7908630371094 235.7755889892578 802439 351.560791015625 239.08421325683594
0.9924688429483786 0.12050905002784039 -0.017735937395039245 0.012984651047041459 -0.7112310867846726 -1.1835499406202548 0.1216543452042936
2.6486518383026123 -1 332.6059265136719 200.96299743652344 -1 308.707763671875 214.51014709472656
0.9923831218475905 0.1213104852720481 -0.01965807076116967 0.008547858740032119 -0.8262298819627379 -1.181407044190993 0.11650697463113235
219.82704162597656 -1 282.44598388671875 237.3527374267578 802439 794.33154296875 238.99378967285156
0.9923017516267341 0.12191529611111139 -0.02145263167391466 0.0036984979274037504 -0.9335119235065257 -1.1697102171165967 0.11087784805785221
33.39550018310547 -1 259.2153015136719 245.0945587158203 171454 1000.0084228515625 257.98736572265625
0.992214949611757 0.12244705573106188 -0.022700497390116155 -0.0009485399170048523 -1.0403335384896737 -1.1538971240165485 0.1115901193469525
60.55914306640625 -1 338.8052978515625 115.95813751220703 -1 215.16845703125 225.10890197753906
0.9921803184368697 0.12228570445530218 -0.02443180551290535 -0.005244909128094866 -1.1425645241244295 -1.1283724662435581 0.11047183752568551
266.480712890625 -1 146.64633178710938 266.480712890625 -1 1449.01513671875 278.2867431640625
0.9921588793615842 0.12198462236466437 -0.025588791462929996 -0.00925871276055035 -1.2309510381285453 -1.1002968694788018 0.11519161784120328
14.439538955688477 -1 984.4600219726562 21.59119987487793 -1 657.6358032226562 34.29352951049805
0.9921578844601706 0.12148512564223432 -0.02676761930689073 -0.012148708073318559 -1.3192176231927721 -1.0678173285216692 0.12399381804270665
43.334136962890625 201924 508.4580383300781 61.44144821166992 -1 431.1910400390625 111.41136169433594
0.9922127996224864 0.12078248524877525 -0.027596843283040948 -0.01279709979832741 -1.3973897645875644 -1.0327737443463103 0.13164714986084425
3.0906918048858643 -1 988.5938110351562 3.30924391746521 -1 988.5938110351562 3.30924391746521
0.992207180071364 0.12033518685605248 -0.02915138171368089 -0.013948174193561386 -1.4904827010905275 -0.9869049879682308 0.14124696291189048
2.7364513874053955 -1 1190.4130859375 20.881370544433594 229061 914.5836791992188 22.63897705078125
0.9923433265048631 0.1186792670422719 -0.0310442990093299 -0.014359854267756733 -1.5833145098164438 -0.9343393998972603 0.15111049049548608
26.414413452148438 -1 1163.935302734375 57.02365493774414 228784 721.0694580078125 60.35310363769531
0.9924605612786519 0.11716044197979701 -0.03257184870113309 -0.01531469274103377 -1.6673915923070113 -0.8794515475569892 0.15175935202389565
24.106061935424805 291583 1171.0135498046875 24.95780372619629 475643 1177.847900390625 27.595579147338867
0.9923822880663018 0.11781897810323158 -0.032517783056918784 -0.01544915907307314 -1.7393492875082488 -0.8407405241659232 0.15058804629805994
3.023812770843506 -1 796.254638671875 12.58388900756836 290748 1136.9710693359375 12.69564437866211
0.992262842564478 0.11862041880500403 -0.0333352493318704 -0.015244955243276095 -1.815856306867936 -0.8075128498649163 0.1381566300719751
38.27879333496094 -1 1142.4769287109375 51.6281852722168 -1 648.8946533203125 70.54802703857422
0.9922800476986106 0.1180422761765044 -0.03488653038369971 -0.015141267189382517 -1.9042655544202371 -0.7618900010989783 0.1256494511836982
66.55198669433594 -1 788.9520263671875 89.01055145263672 -1 810.5361938476562 182.61187744140625
0.9921998871209682 0.11796448535065107 -0.03618787465217065 -0.01772574176876415 -2.0021759705906974 -0.7013991857063394 0.12695731909440017
51.871334075927734 -1 814.96728515625 85.97227478027344 213814 1103.6358642578125 99.7721939086914
0.9922747105687083 0.11697221470039847 -0.03661128529269315 -0.019183679081116917 -2.082808872886672 -0.6445034127621839 0.13946436059837353
4.209040641784668 701354 1382.2623291015625 6.268540859222412 -1 1443.2236328125 110.49287414550781
0.9925529443130409 0.11423866657748843 -0.037361108704367874 -0.019807254996377376 -2.1588307099236754 -0.5834371971742 0.15528320446563681
56.88077926635742 -1 1078.9830322265625 135.85585021972656 209878 555.99755859375 148.14869689941406
0.9928866379177945 0.11142780323094649 -0.03741326279688689 -0.018979375077041664 -2.220074634634481 -0.5330199546130738 0.17412663937057404
4.11522102355957 -1 1081.2093505859375 4.687177658081055 -1 1081.2093505859375 4.687177658081055
0.9930982381856481 0.1098373641685539 -0.03698313970529416 -0.017996947591328576 -2.2698819647738366 -0.4892161632799728 0.19321437253666884
3.4005908966064453 -1 229.5735626220703 3.9468495845794678 -1 1074.7939453125 4.021778106689453
0.9932421492702368 0.10836009017997766 -0.037397560101960506 -0.01815340925688573 -2.3298645913323863 -0.4277365247823804 0.20903564947519807
2.766969919204712 -1 667.0060424804688 12.660089492797852 186735 716.2894287109375 22.805103302001953
0.9933915346445992 0.10633159998561251 -0.039088892580846336 -0.018409460007042782 -2.396372658712783 -0.3593561803687933 0.21493072643064973
2.9225854873657227 -1 651.7136840820312 2.8855042457580566 -1 651.7136840820312 2.8855042457580566
0.9935028079218808 0.10420715381830548 -0.041426371563501346 -0.01941379621581625 -2.478906701216103 -0.27617117535055824 0.20941016671838292
36.29072189331055 647220 652.0546875 57.95856475830078 832536 649.8444213867188 60.62966537475586
0.9934287050505438 0.1039151968171847 -0.04319339015648707 -0.02086554333907827 -2.5499346583344358 -0.2071574708424305 0.19937405253520304
27.385990142822266 700676 977.0396728515625 36.33179473876953 -1 644.02490234375 38.474159240722656
0.993322066905434 0.10340521419545096 -0.04539081467257217 -0.023628521309419427 -2.647167212239553 -0.09638112034377477 0.18233943829770838
65.16780090332031 700319 571.91552734375 87.22647094726562 497592 568.1859741210938 92.12902069091797
0.9934136707215241 0.10083210805850891 -0.047991556297300855 -0.025670514841498727 -2.734234191177575 0.002271774308578448 0.15768197049635915
93.70915222167969 700319 559.3363037109375 133.47015380859375 832536 1096.8719482421875 148.9009246826172
0.9932816418468756 0.10055143033504323 -0.04957054761573441 -0.028701056367812797 -2.8052904281374555 0.07734914859293086 0.14448510853505667
4.433784008026123 -1 652.734619140625 4.433784008026123 -1 1297.2108154296875 8.819192886352539
0.9931390095750058 0.10128295659833306 -0.049399879450937816 -0.03124615613654785 -2.857435815129473 0.1520248940336842 0.1413729749256541
103.13400268554688 -1 1038.902587890625 104.94133758544922 -1 1087.619140625 110.12504577636719
0.993272595012969 0.09933005278194183 -0.050890967874241 -0.03087396960810444 -2.916568360467818 0.23415653540808434 0.13192329362576755
123.74143981933594 573366 424.36566162109375 142.4718475341797 589660 455.0686950683594 142.56588745117188
0.993374259132556 0.09681444038364188 -0.05421800129385909 -0.029915777806151452 -2.976287606366991 0.3120145508521781 0.10768158146855869
154.62010192871094 213332 423.4609680175781 154.62010192871094 87016 439.1789855957031 167.9930419921875
0.9934226429768952 0.09582252018973245 -0.055780259693444606 -0.0286017424962284 -3.0165666048042534 0.37234535803401947 0.09622808881750225
8.726363182067871 -1 264.6905517578125 9.682971000671387 -1 843.6163330078125 9.5416259765625
0.9933915297454129 0.0957523932516604 -0.056054699119320074 -0.02937036811636038 -3.043626922646899 0.43919541550423524 0.08739226766415553
2.198988914489746 -1 1067.041015625 22.0211238861084 -1 399.19622802734375 29.74656867980957
0.9934782676173654 0.094452344350218 -0.056949065880443746 -0.028922142280462373 -3.079550803704577 0.5173371909401551 0.07521764556054725
29.581430435180664 -1 1169.3173828125 67.48432922363281 -1 764.3759765625 177.1834259033203
0.9934849180220383 0.09254210705357677 -0.05986066778705437 -0.028989248643526037 -3.130845857462315 0.6107001490616931 0.048417930094909856
141.7066192626953 -1 820.7142944335938 145.0811004638672 -1 1181.2764892578125 162.3052215576172
0.9935462848665876 0.09141764235951082 -0.06095535118784299 -0.02816095976342134 -3.1639816617068397 0.6702376879172187 0.031271544366308995
8.702046394348145 34490 804.8317260742188 10.001313209533691 94448 804.8317260742188 10.001313209533691
0.9935396012144606 0.09124894999194938 -0.061528541978670415 -0.02769347334583215 -3.1914781271069237 0.7178797983627686 0.01608413439450621
0.5 -1 0.5 0.5 -1 0.5 0.5
0.9933633614709908 0.09183671172784669 -0.06308470017199633 -0.028558204955485157 -3.2166216669409957 0.7622547312518216 0.00632995543375844
1.6405771970748901 -1 459.6253662109375 4.029781818389893 -1 459.6253662109375 4.029781818389893
0.9934308372231001 0.09011299397113105 -0.06529241769694352 -0.026678083946512218 -3.2367870556154448 0.8004138228215718 -0.011375934456563987
3.5595412254333496 -1 841.1782836914062 3.5595412254333496 -1 814.5867309570312 5.520990371704102
0.9935650834581421 0.08755721778041692 -0.06725626147507899 -0.025273579876297175 -3.2526781310265265 0.8514497242827556 -0.03417525635983736
7.946574687957764 35960 953.6303100585938 9.564313888549805 121389 815.6450805664062 13.52635669708252
0.9937012816740263 0.08557857808500552 -0.0669738361806801 -0.02736009940752116 -3.2548642627035043 0.9289950995190811 -0.04222624340270537
3.5090579986572266 -1 840.14453125 4.285340785980225 -1 939.55224609375 7.562450885772705
0.9939213698957718 0.08324068881050561 -0.06652704995534611 -0.02766676372660349 -3.265616542259528 0.98843990156548 -0.05127535941206112
11.384913444519043 -1 940.1995849609375 27.880220413208008 844016 818.9169311523438 37.86046600341797
0.9939795759451676 0.08123947454676511 -0.06808432920523681 -0.027735798093859933 -3.2946310289200276 1.0521366479090393 -0.07971629704058326
4.284419059753418 -1 732.5342407226562 6.554724216461182 -1 732.5342407226562 6.554724216461182
0.9940596330849636 0.0797452082417986 -0.0683148854612101 -0.028622090382805224 -3.307977350819078 1.1127280869656424 -0.09521225622976395
2.374535083770752 -1 795.2490844726562 2.953921318054199 -1 692.3085327148438 4.701016902923584
0.9942005124350205 0.07658503541369373 -0.06794089500712881 -0.03292579855153634 -3.2996966645154595 1.207313411446283 -0.09311008397392617
5.13678503036499 -1 698.2444458007812 7.3596272468566895 5669 799.6422119140625 15.772454261779785
0.9941999156829668 0.07407743044943643 -0.06987159525422675 -0.034598007610557285 -3.3089526713284525 1.279066953623742 -0.10506580102916259
3.370600938796997 -1 308.0779113769531 3.370600938796997 -1 723.195556640625 3.497101068496704
0.9939382795228918 0.07371438978453546 -0.07422961299261203 -0.0338060614791873 -3.352550561826535 1.3253730154468326 -0.13057869018505106
22.234411239624023 841196 646.7091674804688 26.356136322021484 -1 703.3753662109375 164.99447631835938
0.9937766268725616 0.07189066623392701 -0.0792560544443082 -0.03095522288978723 -3.4027407810387666 1.3748524935028952 -0.16056223281889784
47.91056442260742 841196 775.344970703125 200.20748901367188 -1 936.9691772460938 294.6744384765625
0.993745534287262 0.06857415932275376 -0.08295752623580908 -0.029756454730644765 -3.422416171275057 1.4453344874432945 -0.17907510973346494
22.06389617919922 -1 718.8178100585938 22.06389617919922 -1 948.1102905273438 30.972293853759766
0.993734382396386 0.06668669027355957 -0.08374697809467471 -0.03211395714703814 -3.398424286807839 1.5307891433086462 -0.17643254923797352
17.235578536987305 -1 1426.2333984375 22.623239517211914 -1 1020.0855102539062 25.05274200439453
0.9937463329969433 0.06396641645044068 -0.0840656978520409 -0.03618676092532562 -3.3429233142965376 1.629143876581236 -0.1652210263294317
22.7169189453125 -1 529.6505737304688 66.4106216430664 -1 703.9498901367188 99.83849334716797
0.9938495340299804 0.06140583233899917 -0.08503213851520289 -0.035524116916215535 -3.27505053101975 1.671622569745468 -0.1609050400159709
25.231969833374023 -1 826.118408203125 30.8314266204834 833538 837.137939453125 44.69144821166992
0.9938122597738458 0.06120303778561562 -0.08660351990975103 -0.03303348041390846 -3.1933299418143206 1.6703759038975081 -0.15412403647904027
16.03744125366211 903954 1149.627685546875 33.98189163208008 -1 762.5985107421875 36.23643493652344
0.9937893014902194 0.06099965314907692 -0.08780466186467038 -0.030857866324570545 -3.1232126066855534 1.6651625089973516 -0.14294186931016784
21.774906158447266 48247 729.1765747070312 35.6798095703125 80987 729.1765747070312 35.6798095703125
0.9938405010278705 0.059418611493696094 -0.08939579950207957 -0.027547743214587236 -3.056797841349132 1.6643304242374815 -0.14346558740755352
32.72159957885742 903954 753.1268920898438 32.356239318847656 48247 756.6704711914062 56.7314338684082
0.9939410675584217 0.05786505908028461 -0.09015033519777552 -0.024611099572935804 -2.9801064216695012 1.6623611154202733 -0.1381328683396648
94.4232406616211 -1 780.134521484375 119.61077880859375 100532 318.5217590332031 148.83795166015625
0.9939529919325265 0.057678981953831074 -0.09073411731586195 -0.022313781034598794 -2.907173912012347 1.6542369606642524 -0.1327906516731676
73.55036926269531 -1 1120.8260498046875 84.07588958740234 -1 830.7601928710938 107.5646743774414
0.9939660023717205 0.05834977613563955 -0.0904895549612551 -0.02094111260214477 -2.812400847707368 1.647458243312779 -0.12519043291478568
142.12794494628906 -1 829.343505859375 285.125244140625 -1 761.9926147460938 288.22882080078125
0.9940809114572823 0.05864453400073543 -0.08911258245991632 -0.020564721136453565 -2.719661496031117 1.64586326932487 -0.10979829263981015
186.62808227539062 -1 873.5128173828125 280.9920959472656 886859 837.5209350585938 284.8863525390625
0.9941331883946567 0.058561631062693485 -0.08860964833441888 -0.020446743545162942 -2.644894810210299 1.6412322083481705 -0.09630750828928036
45.515647888183594 62958 848.429931640625 48.03474044799805 48247 929.1190795898438 67.71373748779297
0.9941893120404457 0.059106380262247404 -0.08802051430244527 -0.01861281007190763 -2.571760323582585 1.6211409919444562 -0.0842138300979389
73.30714416503906 94014 1558.2791748046875 125.1517333984375 959936 692.3759155273438 131.6963653564453
0.9942543792382623 0.05936415724279864 -0.08753762598003882 -0.016470890630711433 -2.491805647060164 1.594062533657413 -0.06663087512827458
114.8154067993164 976172 1575.74951171875 126.91034698486328 959936 596.3856201171875 136.87091064453125
0.9943655301990101 0.057704828526078854 -0.08739039466998161 -0.01643970912888516 -2.4045177705707084 1.5927606864221642 -0.05341778614645894
250.58792114257812 657530 224.68075561523438 274.8752746582031 -1 853.2835083007812 279.638671875
0.9946204745833561 0.055048818446594296 -0.08629151671538751 -0.01592210005531188 -2.3124406029345845 1.5979865428638127 -0.032779375182470254
152.9442901611328 882473 636.5619506835938 152.9442901611328 768971 625.4696655273438 163.6035919189453
0.9947085569367664 0.05242353766537214 -0.08687080323533297 -0.016128329134520024 -2.2260285251498675 1.6100603975922376 -0.01660896603450141
74.93485260009766 903954 935.1573486328125 75.07842254638672 48247 956.6455078125 82.88919067382812
0.9946544415213945 0.05095616132645795 -0.08863987572485083 -0.014456279470116353 -2.152836581382577 1.6079357342099412 -0.01441546051784721
82.88929748535156 48247 376.53466796875 89.66069030761719 943395 1019.4415283203125 102.1618881225586
0.9946159055135835 0.050471142753785884 -0.08950216068899312 -0.013462075639484367 -2.074986995781741 1.6021271625341817 -0.013809834520622484
174.0269317626953 657513 624.16162109375 252.68814086914062 863072 341.96429443359375 261.3694152832031
0.9946890994104812 0.05027557900920081 -0.08885680317561126 -0.013054891752375328 -1.9703848246614633 1.5925878890260972 -0.009890413619834162
175.47193908691406 972632 918.2274780273438 235.06063842773438 542789 647.2864990234375 251.53807067871094
0.9946616081375895 0.05172653657835665 -0.08827873475645157 -0.013398346933573207 -1.8904545993961415 1.5767466425417926 -0.00024837400787372364
79.04789733886719 5623 986.7234497070312 79.04789733886719 11736 995.6499633789062 82.0886001586914
0.9945184393610319 0.05206916212846131 -0.08963298089189627 -0.01370419142345146 -1.8334631493368587 1.571018026879258 0.009495905708277942
0.5 -1 0.5 0.5 -1 0.5 0.5
0.994525046737977 0.0497054452093468 -0.09101913954063262 -0.012838082592351205 -1.7879257081820255 1.5811976153978078 0.014656377384950391
100.90948486328125 865375 469.4063720703125 127.26372528076172 -1 1061.443115234375 128.79196166992188
0.9945819393534381 0.04793329112861372 -0.09131849396467043 -0.01304216905111987 -1.7256876176911295 1.5813638843893718 0.028310335872402264
92.90898895263672 85632 1021.1699829101562 94.62342834472656 48247 1008.52587890625 96.51943969726562
0.9946819746602911 0.04829786345926778 -0.08989238691805351 -0.013944333808003187 -1.6384851955065318 1.560836268338675 0.05054594334293612
181.13063049316406 972632 729.7750244140625 237.33871459960938 890329 727.7416381835938 246.6954345703125
0.9947618176540758 0.04877282970635636 -0.0883234163228548 -0.016404613651462133 -1.5379902285810125 1.5480320346800467 0.06582212165934628
175.6096649169922 972633 990.6112060546875 247.3826446533203 865785 990.6112060546875 247.3826446533203
0.9947849423562747 0.048058186755498965 -0.08834461874470595 -0.016986979891946356 -1.454892001056117 1.543592521334549 0.07089614558185553
86.00762939453125 48247 1282.9951171875 86.43695068359375 80373 1058.8570556640625 91.79702758789062
0.9946863127012973 0.04766052185109758 -0.08966808531083072 -0.016948405773638445 -1.3956707913167463 1.539159458651579 0.07306302747866109
0.5 -1 0.5 0.5 -1 0.5 0.5
0.9944686348157824 0.048432875889045095 -0.09145956056714896 -0.01793152758731154 -1.3516811275602159 1.5313936928809424 0.07626933249184539
38.71833038330078 88138 1067.2864990234375 86.637939453125 5623 1067.2864990234375 86.637939453125
0.994357269050126 0.048350150687413274 -0.09268576344892712 -0.01803423604063489 -1.3074139606059345 1.529254858707205 0.07645936067656206
125.35549926757812 153639 1090.32177734375 131.00448608398438 679692 852.31201171875 132.1908416748047
0.9944210821185364 0.04649287746892427 -0.09290337082463952 -0.018278059860889064 -1.240574251790441 1.53440463033863 0.07605884169397997
73.02142333984375 37275 1095.456298828125 91.19949340820312 48247 1197.076904296875 115.69198608398438
0.9944819762119917 0.04596973128927367 -0.09260953643221667 -0.017772353712814517 -1.1783347526966568 1.525300631705753 0.07889465005298217
92.90990447998047 11736 1094.5184326171875 92.90990447998047 5623 1209.127197265625 116.18087005615234
0.9944742181586698 0.04701969781573496 -0.09241412768467408 -0.016425785804648294 -1.1167454427188896 1.4980084624161976 0.09383549937059119
87.26823425292969 48247 1107.7763671875 89.04650115966797 11736 1107.7763671875 89.04650115966797
0.9944097529616334 0.0461083774634257 -0.09356285594820651 -0.016408922246412435 -1.0708667789689879 1.4856986222493327 0.10208943968565637
0.5 -1 0.5 0.5 -1 0.5 0.5
0.9943823060537984 0.04425393930651785 -0.09493477261104885 -0.015258021243712531 -1.0324076453602178 1.4768392424511296 0.10959292345270895
76.50231170654297 37275 1112.1654052734375 95.09073638916016 85632 1128.62060546875 95.81503295898438
0.9944201882328142 0.042266827937618164 -0.09569944948430868 -0.013550640557052518 -0.9746714222139035 1.471655518314552 0.11718984985947503
108.58367919921875 805912 364.962646484375 122.89703369140625 77921 1235.6263427734375 128.6613311767578
0.9945759989574348 0.04139870257870398 -0.09476938626459994 -0.011112747169444843 -0.8960957359602341 1.4584638844256133 0.1226561052640108
242.68202209472656 890329 881.1235961914062 249.79100036621094 -1 1158.60791015625 309.5255126953125
0.9947813290223319 0.042614095039877814 -0.092278707366823 -0.008876175933569708 -0.7880037457865738 1.4308449699606338 0.13122741420435796
243.98204040527344 -1 777.2801513671875 270.00164794921875 95803 783.9808959960938 303.6025695800781
0.9949021763752363 0.044254946377535194 -0.09037819280745021 -0.0065529710665600295 -0.69665596072292 1.4056159904794503 0.13793876456386497
264.7977294921875 591141 945.9530639648438 264.7977294921875 82617 617.3378295898438 276.3902893066406
0.994983927357758 0.04410122593650837 -0.08972567649049168 -0.0033718168622286432 -0.6230053745024567 1.393899073637254 0.13751979784520443
146.24581909179688 90274 850.1409912109375 148.2731170654297 952694 841.6356201171875 152.005859375
0.995148637553064 0.04288538953067382 -0.08854285976037687 -0.0004410516262451659 -0.5484090295106523 1.3918897917516906 0.12918330718462073
233.40896606445312 73675 952.1755981445312 241.45803833007812 88499 668.6278686523438 258.3550720214844
0.9953068685639455 0.043544187080912934 -0.08638033399057546 0.0025649679476150203 -0.4673307215002582 1.3738094520642765 0.12839076247149817
172.9696807861328 972632 1515.8148193359375 209.4603729248047 83384 973.291259765625 239.0941925048828
0.9953412050906081 0.045243193822007394 -0.08487329083803373 0.006742652585074554 -0.37968403945893353 1.3364995343212738 0.12891011927725407
257.11322021484375 591141 1030.8045654296875 257.11322021484375 82617 1097.0858154296875 276.0892028808594
0.9953588732820884 0.04621242737313896 -0.08374921220187091 0.010544875080340528 -0.31469779576149814 1.310750012112689 0.13129856097109358
132.00656127929688 836439 712.0249633789062 146.68045043945312 647834 960.064453125 150.908447265625
0.99543734787227 0.045732179918305665 -0.0829300630089162 0.011647267073365837 -0.2495842689786109 1.2909947592876623 0.13242438992411446
80.5736312866211 -1 1430.4659423828125 117.60662841796875 941498 589.1322021484375 129.4673309326172
0.9955716186247894 0.044703509475990666 -0.08157093492256091 0.013598933973161736 -0.19135455734834675 1.2769903734556902 0.13000003275216415
80.43883514404297 81710 560.8956298828125 80.84861755371094 61435 862.3147583007812 128.25082397460938
0.9956216899276843 0.04451585238989979 -0.08079592246928573 0.015093321167990545 -0.14009002052133315 1.2562907661167162 0.13188903492728513
0.5 -1 0.5 0.5 -1 0.5 0.5
0.9955818684930351 0.04428457205371512 -0.08093019611850803 0.01749065928306474 -0.08613361828225222 1.229960824409988 0.13059215147239825
68.7771224975586 -1 881.885498046875 108.66459655761719 140280 628.6287841796875 125.46155548095703
0.9955594404402173 0.04476297244048534 -0.07970638789680823 0.022462603969652547 -0.011178004049986505 1.1974011066236703 0.12757663734915842
206.58984375 890329 1088.885009765625 223.50711059570312 -1 789.9794921875 249.88662719726562
0.9955715825490723 0.04566802170309665 -0.07794003655935955 0.0260193488693909 0.07374225257966634 1.1663693312109926 0.12377916354517146
235.55528259277344 -1 1078.4249267578125 239.14794921875 -1 1162.0 245.6466827392578
0.9956146073253525 0.046070288274745706 -0.07529386209806507 0.030982520056052287 0.1713555734427755 1.1482932430058714 0.11949876656907894
227.1555938720703 143111 1238.9617919921875 226.75189208984375 -1 1129.9666748046875 232.5122833251953
0.9957239442473532 0.04468971370711091 -0.07260198506658574 0.03557538623348431 0.26207334725797293 1.1523728482243827 0.11396643993855296
224.96498107910156 -1 737.4995727539062 230.21395874023438 -1 930.2412109375 231.5068817138672
0.9955991534941071 0.044034825666921885 -0.0720134945178943 0.040710149810856286 0.32879420188301517 1.1529679343613792 0.11065870154250106
102.43916320800781 669372 977.645751953125 103.9933090209961 479560 540.5999755859375 105.60601806640625
0.9953254677689034 0.04484754458390325 -0.07177659898383423 0.046519144378658846 0.3807716154443839 1.142697042744298 0.11062585364737232
95.93576049804688 669372 996.7850341796875 101.8860092163086 479560 766.3811645507812 104.5184326171875
0.9952637557688931 0.044942993595901856 -0.07008012970084469 0.05018923391075516 0.43978638796798203 1.1366265399306268 0.11165468818010126
97.94712829589844 140280 460.2222595214844 101.42864227294922 889601 582.5169067382812 102.4305419921875
0.9951680901229691 0.0446202533551784 -0.07008480637071417 0.05232232131223858 0.4641459041336585 1.1255974954944223 0.11955450797456994
92.27986907958984 669372 1051.42626953125 93.9639663696289 469796 627.6697387695312 97.08592224121094
0.9949910510578717 0.04725767465834995 -0.06896886945916747 0.05479795202525093 0.5034953051094697 1.072789191215558 0.146158723055727
219.42527770996094 -1 767.8525390625 220.57235717773438 637046 983.5985717773438 225.14463806152344
0.9950634159302699 0.04978291619788804 -0.06464914386815754 0.05648847430344603 0.5799324364423629 1.0005848788278269 0.1576616328390057
188.23878479003906 -1 1442.4876708984375 191.44581604003906 -1 1008.838623046875 214.39035034179688
0.9953136257713665 0.050771233080695075 -0.05966431066890376 0.05668543267653812 0.6687784604541115 0.9284450077467137 0.15469177360573586
151.62562561035156 -1 1069.6318359375 159.06964111328125 -1 1056.3021240234375 186.50244140625
0.99566892393659 0.053233305416107705 -0.05575718288261841 0.05196869883326489 0.74374507858595 0.8268760920442081 0.14892425754867294
130.6724395751953 694139 898.4418334960938 164.04925537109375 -1 797.0604858398438 174.1077880859375
0.9959470992269556 0.06002819149068077 -0.05102467329089116 0.04338749224521842 0.8181162055186425 0.6867621122918667 0.14255174769677698
50.419551849365234 -1 1471.8607177734375 52.00199890136719 -1 987.4700927734375 53.39781951904297
0.9962567815310281 0.06444359957119761 -0.044599790329249434 0.03647336604059936 0.8953124000618868 0.5777503498704748 0.12476527277204748
20.17389678955078 -1 1077.318603515625 35.05642318725586 620290 1148.48876953125 41.17074203491211
0.9965765069371159 0.06475373417207532 -0.04138875877159318 0.03048262421668676 0.9401166561656835 0.5036728854473154 0.11417059378430121
0.5 -1 0.5 0.5 -1 0.5 0.5
0.9965613848243416 0.06589895220784338 -0.04231185209038661 0.027063657320843443 0.9533058394987911 0.434147206779799 0.11481730049952289
6.722196578979492 647918 754.3789672851562 7.553857803344727 143592 1125.47021484375 9.96522331237793
0.9964817646366266 0.06688298284769915 -0.042673172828281807 0.027014064352416607 0.9721520266785747 0.35436464495234965 0.12430431344435544
2.6348607540130615 -1 521.5586547851562 3.496001958847046 -1 555.8115844726562 3.6840758323669434
0.9965533909150421 0.06586061215124851 -0.04196322271947903 0.027978684061074236 0.9889354783188673 0.2955406974434184 0.1352645574484607
3.8962817192077637 -1 540.7193603515625 4.765952110290527 613313 680.8823852539062 4.480869770050049
0.9965248810191589 0.06426966657667517 -0.042718818794329316 0.031347631309105485 0.9910521870436165 0.25057252779335015 0.14945172103808008
3.3308029174804688 -1 588.4739990234375 5.792328357696533 -1 628.5073852539062 5.872101306915283
0.9963231103474101 0.0634556854353124 -0.046003246864101975 0.03460255845393403 0.9821977103053671 0.1989909067358371 0.16322084644894402
6.904400825500488 -1 673.4618530273438 15.112936973571777 458574 601.0487060546875 22.43992805480957
0.9960504864244742 0.06509577775742875 -0.04744111032435549 0.03735383866373213 0.9926206945152436 0.12869029522753284 0.17516978936942315
14.58645248413086 -1 1127.8065185546875 14.58645248413086 -1 934.1307373046875 53.67081832885742
0.9958249101964393 0.06803997520376912 -0.04745656316556931 0.03809441716362805 1.007234458332899 0.046273636821653516 0.17902936829915597
22.859676361083984 705797 618.3052978515625 22.859676361083984 -1 934.1077880859375 88.12798309326172
0.9956747947698121 0.07023114728932615 -0.04828730993420604 0.03698141032783316 0.9982443271258473 -0.036776241027714436 0.18365755685290042
4.089405536651611 833537 878.4974365234375 4.383105754852295 -1 1018.8140258789062 5.418347358703613
0.9956842515209803 0.06973151261210338 -0.05039205134137473 0.03479983597004114 0.9628720036881383 -0.07841032224876457 0.19852923565223884
4.545650482177734 132062 741.2648315429688 4.837348937988281 834805 509.7737731933594 5.8707194328308105
0.9957532525469829 0.06796840523466834 -0.052534109275177925 0.03310473220891634 0.921869641175901 -0.10919194343620975 0.2145388855987622
1.861122488975525 -1 551.977294921875 4.395469665527344 23461 691.4281616210938 4.013756275177002
0.9957987649811264 0.06718613640362141 -0.053569238711401186 0.031641419075295364 0.894514333158553 -0.13971762135122387 0.23038929999213414
3.472245931625366 23461 655.4568481445312 4.018055438995361 22240 677.9132690429688 4.338544845581055
0.9959182842866852 0.06558164655533451 -0.05361709569421785 0.0311612854015001 0.8786163003551797 -0.1600031227522453 0.24341509521914512
4.20137882232666 -1 680.7771606445312 5.043940544128418 834623 541.8040771484375 5.163235187530518
0.9959885506360097 0.06420650980602288 -0.054494110306868446 0.030244388609670457 0.8542662927807961 -0.1747035788116221 0.254752848755407
2.9358420372009277 47604 134.70123291015625 4.089935779571533 -1 319.4031677246094 4.723474025726318
0.9960778166634645 0.06274959104806278 -0.05541607602584013 0.02864490342355585 0.8215008856387819 -0.1834972407422186 0.2657084009658955
3.7022922039031982 974178 628.7521362304688 6.450414657592773 27974 957.5398559570312 6.278358459472656
0.996175384816182 0.061019174719772286 -0.05676120881748936 0.026256964341428456 0.7797573308804376 -0.18930242620226184 0.2705519282251815
1.223700761795044 -1 841.912841796875 4.49040412902832 -1 509.84954833984375 5.501168251037598
0.9962457613430438 0.0604882895188348 -0.057882673014521144 0.022026030096207273 0.7384831206296741 -0.21153605727840052 0.2733845391383925
3.8655498027801514 -1 83.37008666992188 4.492930889129639 -1 920.1755981445312 4.028470039367676
0.9962324480131387 0.06178884625614407 -0.05799336722233198 0.018434135789325644 0.7113868394840538 -0.24748789123635756 0.27200036570951525
4.36669397354126 -1 639.87548828125 4.522491455078125 702888 648.1967163085938 4.713061809539795
0.9962996390195776 0.062133890601750875 -0.057379398606705635 0.015297501223463256 0.6972168991848553 -0.2813486792282141 0.27196335671847477
2.906944751739502 -1 669.7009887695312 3.115875244140625 828807 1449.489013671875 4.6741156578063965
0.9963158560844637 0.0617833774694716 -0.058107406313474025 0.012690883131917362 0.6721988552887699 -0.317727805635148 0.2724064814971244
4.647430419921875 -1 1112.3978271484375 4.981928825378418 -1 1112.3978271484375 4.981928825378418
0.9962102298173272 0.06327847141096324 -0.05892550614563267 0.00942325785920164 0.6453818051568425 -0.36896011887685964 0.2728242713162267
11.247987747192383 623606 483.5923767089844 11.247987747192383 -1 600.80029296875 43.397735595703125
0.9959299623193935 0.06664746747544362 -0.06041997731055451 0.005572394045055292 0.5986224896019254 -0.44777281112950446 0.26747369733513654
110.08271789550781 771263 1037.1741943359375 129.357421875 806953 989.0724487304688 149.26812744140625
0.9957508660028477 0.0688815306874143 -0.06103058312282157 0.0032886940304735733 0.5567997106832631 -0.5199499411842422 0.2664332808462362
3.411848545074463 -1 574.582763671875 5.493688583374023 640424 574.582763671875 5.493688583374023
0.9957260138844228 0.07037674895176599 -0.059798810319166985 -0.0009595651258048548 0.5238793781316176 -0.5871267399713587 0.2709532152806788
2.411358118057251 -1 503.9159240722656 3.731024980545044 -1 246.55035400390625 4.649933815002441
0.9959265981108111 0.07059087660823284 -0.05595902185511535 -0.003965751899331886 0.4966561468464296 -0.6299388221814322 0.27649602234463433
3.592383861541748 -1 1149.39501953125 4.175419807434082 -1 59.03793716430664 5.288203239440918
0.9960149158292594 0.06938636663357418 -0.055469587480467514 -0.007933752943686838 0.40505277618991525 -0.6525009608822057 0.2906394807643817
71.66251373291016 231591 976.7752685546875 91.4025650024414 -1 969.2670288085938 92.22885131835938
0.9960090415058142 0.06776681088682844 -0.05755821658861745 -0.007791038700726414 0.2792069209253436 -0.6510656742191356 0.32358673771555363
8.067865371704102 -1 1400.2813720703125 8.067865371704102 -1 928.909912109375 59.350955963134766
0.9965110735205753 0.06158391413524727 -0.05610104509190501 -0.005076870123325906 0.1758007192779397 -0.604951478102543 0.3778463939759387
62.36884307861328 155310 1305.5330810546875 67.90204620361328 153899 1314.23681640625 72.40128326416016
0.9969612677636479 0.056498609743013344 -0.05360038818924641 -0.0017708930427134434 0.10836110303232983 -0.5608842669256328 0.4218875854749428
3.2015397548675537 -1 873.7263793945312 3.22233247756958 -1 524.5718994140625 6.863913536071777
0.9972353270399136 0.05370311981646751 -0.05117178211838928 0.004373344304189065 0.041059752566431136 -0.5284348336279822 0.4685405378453523
0.5 -1 0.5 0.5 -1 0.5 0.5
0.9974761942588913 0.05189907177036688 -0.047012235862820245 0.011729361250792134 0.02786193118639839 -0.5041550427156489 0.5026840101193457
3.38185453414917 -1 1199.8817138671875 4.068490505218506 -1 1247.9766845703125 4.72835111618042
0.9976896128398768 0.050642371231629166 -0.04248618591537601 0.015675161046029437 0.026871314875466498 -0.47983629480594525 0.5174975319067426
4.655187129974365 66920 971.46875 5.035490989685059 65884 701.2652587890625 6.347543716430664
0.9977698640655974 0.05084649856017063 -0.039002036939420164 0.018675466828594223 0.0144595019671961 -0.4642484141726744 0.5191814101690236
3.8905467987060547 -1 525.2506713867188 5.431915760040283 -1 705.3145141601562 5.611629486083984
0.9977058479704048 0.05271707959166657 -0.03839254151558982 0.018164889235972446 -0.008290141879452113 -0.47215584533645905 0.5035948770121886
4.915216445922852 7496 1399.3873291015625 4.637889862060547 -1 1399.3873291015625 4.637889862060547
0.9974970498806547 0.05723374516870701 -0.03996855379030501 0.011244936694608392 -0.042306648480665565 -0.4973083606350832 0.4821096825246872
3.4598309993743896 -1 87.78154754638672 4.550492763519287 -1 694.8955688476562 5.814120769500732
0.9973591926848445 0.060259163701848285 -0.04052854007308799 -0.0009546709031218748 -0.06867501447993328 -0.5062014659435488 0.4580984366213239
6.737584114074707 -1 844.9689331054688 6.836955547332764 -1 844.0634765625 11.279702186584473
0.9970800634189972 0.06082468360993007 -0.04362397490512068 -0.01512130317128388 -0.11245036143830454 -0.4931665622554723 0.43750435332844845
10.651451110839844 181 732.877685546875 10.651451110839844 -1 659.7987060546875 13.422738075256348
0.996742487479276 0.05900148948481138 -0.0487422969893702 -0.025444574596546664 -0.15466730089620961 -0.4619956644067533 0.42988381812922005
7.814958095550537 -1 622.28955078125 8.969629287719727 -1 622.28955078125 8.969629287719727
0.9963766323113538 0.05526730446450457 -0.05486139852341562 -0.03419588561754315 -0.17940087509667793 -0.40430807702134147 0.42649586257769656
3.836026906967163 -1 864.9895629882812 3.836026906967163 -1 774.1200561523438 31.047590255737305
0.9960071991383224 0.0506458756843451 -0.05970669192197783 -0.042892487460327554 -0.18929666283146127 -0.3307192430138179 0.42983022772868074
15.42849349975586 -1 1038.42333984375 16.056974411010742 -1 1123.0302734375 17.40704345703125
0.995519211363557 0.04693290628379965 -0.06419863958675422 -0.05115991388819534 -0.2007828374123848 -0.256170447365762 0.4277499135029465
4.142280578613281 -1 1015.7516479492188 8.528302192687988 903556 1170.97021484375 10.451269149780273
0.9949781351619983 0.045562649788139765 -0.06869852801279937 -0.05677206833215002 -0.21666884371053155 -0.20580211213814179 0.4149318577290441
4.919251441955566 -1 1143.13232421875 5.347194194793701 -1 979.27001953125 6.860346794128418
0.9942313967932384 0.04652018751656685 -0.07425631018122493 -0.061853069303466436 -0.2621713620094114 -0.18965986737026458 0.389858557907056
6.962905406951904 -1 507.321044921875 10.290105819702148 -1 524.2144775390625 14.5593900680542
0.9935496161537379 0.04940009697418993 -0.07811339035159855 -0.06570455773749231 -0.3163019571210854 -0.1979727088260746 0.3633694975099821
4.533675670623779 -1 1114.0321044921875 4.533675670623779 -1 991.2506713867188 22.809431076049805
0.992688956823009 0.05204228696347975 -0.0806904426145 -0.07313882580362634 -0.38666871073661413 -0.2000574036632725 0.3421282472078294
5.017186164855957 -1 957.9219970703125 6.597823143005371 -1 1087.3966064453125 6.788296699523926
0.9922775102974172 0.05033946843630346 -0.08157847031981479 -0.07871615879721784 -0.452990353919781 -0.166188183552511 0.32897896538101773
3.3035898208618164 -1 943.8441772460938 3.4008803367614746 -1 1027.574462890625 4.48375940322876
0.9917096080896007 0.04744622858978762 -0.08351386226589523 -0.08536008097939754 -0.5418901747781002 -0.12040434175125189 0.3290918963972117
108.6425552368164 -1 1069.585693359375 118.42351531982422 769014 1069.330810546875 132.85311889648438
0.9913520469061609 0.04516774291283643 -0.08349153443624086 -0.09060992093919397 -0.6179826621568142 -0.08909028712555211 0.3305944594939097
4.669646739959717 -1 1027.1600341796875 5.517890930175781 -1 813.9970092773438 6.077808856964111
0.9910965654781079 0.04360994430829657 -0.08107169127928927 -0.09619330292718767 -0.6781567257752986 -0.0684202764534841 0.3376597355795668
3.4275267124176025 -1 825.743896484375 3.92777681350708 -1 733.4210815429688 4.266933917999268
0.9911551980443938 0.0426212779297492 -0.07788037234967156 -0.09863796256964263 -0.7222813970758533 -0.052415209873141466 0.35176235744419304
4.361578941345215 -1 741.2453002929688 4.055841445922852 -1 822.7333374023438 4.577072620391846
0.9913895805352829 0.04160388183848517 -0.07556607822313725 -0.09851692465774582 -0.7662280410628372 -0.03532317834331696 0.3645005418370419
1.4652674198150635 -1 1226.7974853515625 4.46606969833374 -1 1264.1053466796875 5.688864231109619
0.9916597649995124 0.040811354847395384 -0.07484513789427992 -0.0966620356200837 -0.8176904256952054 -0.026654155831012005 0.3764465769433184
3.3344192504882812 -1 279.6099548339844 4.259416580200195 -1 528.8492431640625 4.651866912841797
0.991969786683446 0.0400449496906921 -0.07255472877837982 -0.0955413818372138 -0.8519648173767933 -0.01527150587384394 0.39371099095293466
0.7443430423736572 -1 741.7794189453125 3.676192283630371 -1 218.56295776367188 4.596548080444336
0.9922790778185109 0.03798885069499098 -0.06839837462453721 -0.0962327454416679 -0.8590673996388404 0.01390291722233527 0.4217777294038075
9.925796508789062 31774 516.5672607421875 18.286645889282227 128921 516.5672607421875 18.286645889282227
0.9928606151341056 0.03369093467954958 -0.06549427984771605 -0.09382547171836039 -0.8732330029398945 0.07133267650195332 0.45796441251973796
2.9644217491149902 -1 829.2531127929688 11.710612297058105 87528 394.45574951171875 32.13145446777344
0.9935027550790891 0.029960949536617893 -0.06416759824043944 -0.08909060831073692 -0.8922820250413487 0.12850339287857454 0.4904307858269157
1.5313818454742432 -1 985.897705078125 4.329245090484619 -1 745.3922729492188 4.552818775177002
0.9941199116159503 0.02731517651296959 -0.062400537848930106 -0.0841763347795854 -0.9110734187408805 0.1808946296894952 0.5219635175502413
3.5744543075561523 -1 1133.036865234375 3.5744543075561523 -1 631.5657958984375 5.377364635467529
0.9947528661993806 0.02562211955127923 -0.059527982004971586 -0.07916224817571257 -0.9222143734975917 0.22027495803875444 0.5500028405269407
4.173251628875732 -1 590.2570190429688 4.173251628875732 -1 997.037109375 4.033409595489502
0.9954864804609022 0.02387436823921027 -0.05612800473987657 -0.07270714438530107 -0.9366711102800364 0.2609430753840459 0.5774904000296763
3.947115421295166 -1 1077.49658203125 22.042360305786133 10490 738.960693359375 27.997661590576172
0.9962080143746825 0.02266112432442469 -0.0540101944376772 -0.06433478403484023 -0.970089601780755 0.2927557993219993 0.6012271958270757
5.269907474517822 -1 1084.6158447265625 6.881691932678223 34920 1005.2655639648438 11.58226203918457
0.9967853277039881 0.02188294032254435 -0.05140622069060387 -0.05742427945740434 -0.9959053152814211 0.30916976983303623 0.6191532422903488
0.5 -1 0.5 0.5 -1 0.5 0.5
0.9972229772798314 0.02131891416440284 -0.04694549104251018 -0.05373972790010653 -1.0049358075829915 0.3180801577825947 0.6395786461919364
0.5 -1 0.5 0.5 -1 0.5 0.5
0.9976635709420029 0.020551114079935835 -0.04105843051862238 -0.05058909179528962 -1.0049817411627486 0.3268315677441845 0.6627396613822537
4.541014194488525 115249 981.2691650390625 26.3109130859375 12793 1110.234130859375 28.53547477722168
0.9980338363521772 0.019103498658755824 -0.03597567387918477 -0.047636842087706396 -1.016991241751685 0.33631773893416816 0.681818349226875
11.194038391113281 11174 1151.71142578125 27.105234146118164 971862 1151.71142578125 27.105234146118164
0.9983327392487505 0.01893110164211934 -0.033080952127990476 -0.04334749982418485 -1.0603968252788312 0.3319295971032199 0.6977473181124243
30.68374252319336 971862 1118.7703857421875 38.550201416015625 34920 1118.7703857421875 38.550201416015625
0.9985947068144537 0.018426855541097843 -0.03155047368077516 -0.03838789037628229 -1.1260224690835277 0.33067249290861916 0.7103077707503676
38.228878021240234 795657 1115.29443359375 44.64609909057617 34920 1133.6214599609375 47.04793930053711
0.9987985376596296 0.0166185587593048 -0.030523598888589284 -0.03454872768478768 -1.193303703326441 0.34244564672747974 0.7175924224351486
13.491839408874512 17167 1378.9757080078125 18.95928192138672 17671 890.5059814453125 45.33182144165039
0.9989833997281231 0.015263616485265209 -0.02947562399288103 -0.030502076481151604 -1.245002401304563 0.3538084273106171 0.7279806412801477
28.354982376098633 2 1002.0159912109375 49.39234161376953 15575 1005.8948364257812 50.93207931518555
0.9991327261258812 0.013372402203132074 -0.027722643677116517 -0.028043349855787086 -1.2864979539573214 0.37717429147649406 0.7402958504271353
41.46052932739258 17671 999.4302368164062 59.660484313964844 15575 1134.46337890625 68.7169418334961
0.9993079103893894 0.011531044649471809 -0.025995638754607548 -0.023978365420187546 -1.3214586136819622 0.4025134304719471 0.753602408792251
0.5 -1 0.5 0.5 -1 0.5 0.5
0.9994619433619201 0.009833730105384852 -0.025262123103228944 -0.018464740987779945 -1.3562346203926767 0.42355344321100497 0.770105409792348
33.33919143676758 14363 1004.5716552734375 85.24199676513672 49136 938.3230590820312 97.31322479248047
0.99961431187684 0.007072675864067458 -0.02385866296677382 -0.012327568639084909 -1.3785764412162358 0.4483549034672109 0.7873188415800998
0.5 -1 0.5 0.5 -1 0.5 0.5
0.999735462543999 0.005070149253276145 -0.020956921200605525 -0.008006620527878122 -1.3799014035778279 0.46806439430563734 0.8073239047700532
47.40013885498047 5229 1202.8743896484375 64.75675201416016 14363 1014.7029418945312 112.7996597290039
0.9998082956672175 0.004663629946198355 -0.01859417407376259 -0.003984866528950776 -1.388850974592854 0.4676220403069747 0.8253722768230869
57.258811950683594 48247 1117.67333984375 60.055030822753906 11736 1117.67333984375 60.055030822753906
0.9998311924532198 0.005643528730917957 -0.017483449364056047 -0.00025725351349999994 -1.413885244305097 0.45113646081292075 0.8372156874093368
60.31208038330078 11736 1119.2401123046875 60.31208038330078 5623 1147.1396484375 66.61415100097656
0.9998439703012483 0.006070423794035651 -0.016343954723542765 0.0028390405407783537 -1.4391404770433465 0.4445487083573346 0.8465989186814731
0.5 -1 0.5 0.5 -1 0.5 0.5
0.9998448402245217 0.005263693088065914 -0.01611685736950426 0.004778694383038217 -1.4762300135650497 0.450703715089125 0.8527588385384731
67.76664733886719 11736 1116.391845703125 67.76664733886719 5623 1206.9517822265625 79.59930419921875
0.9998372914700593 0.004143334351554423 -0.01645803097086701 0.006112003176474572 -1.54554577878398 0.46949614839821874 0.8675939535858739
73.87966918945312 48247 1212.2322998046875 79.3285140991211 48721 1121.9697265625 82.68213653564453
0.9998392262609574 0.0032599687681259064 -0.01647321557805889 0.006287082156264601 -1.5976397596462952 0.48669775675427995 0.8740676484603186
70.977783203125 5229 1096.6829833984375 81.53776550292969 11736 1096.6829833984375 81.53776550292969
0.9998364295052766 0.0027247453213843477 -0.016736965939700473 0.0062899895235873325 -1.6567216042226243 0.49600381781126873 0.8764309412864372
74.19356536865234 5229 1113.1937255859375 90.87886047363281 50114 828.0501098632812 105.05525207519531
0.9998573613397129 0.0027842264741436843 -0.015652908008921936 0.0057001340854348805 -1.7043056156793486 0.4983220996991703 0.881949395036599
82.92694091796875 9209 1185.92822265625 87.0654525756836 48721 1168.4266357421875 96.47663116455078
0.9998828142285519 0.002857427717581566 -0.014143109961346458 0.005115208485626033 -1.7374251862055439 0.49792799051347325 0.8845798503192168
79.61482238769531 50309 1087.2430419921875 79.61482238769531 48247 1075.756103515625 82.19683837890625
0.9998922419424934 0.004438653959076115 -0.013286513604314347 0.0043899214671974055 -1.7770068973161477 0.48175899632161084 0.8833028526738534
66.12440490722656 671721 923.4935913085938 66.12440490722656 5229 1121.4361572265625 82.4994888305664
0.999884325988674 0.0067882278055389055 -0.012419019445279076 0.00556979007259524 -1.81061182859326 0.4529339616877112 0.8828865585008198
56.95576477050781 5229 1175.13037109375 64.92107391357422 9209 1070.4385986328125 66.17822265625
0.9998805091432689 0.007983290652877773 -0.011264760741650724 0.006952673671518312 -1.8283823646245339 0.4381368540819279 0.8836430610660493
0.5 -1 0.5 0.5 -1 0.5 0.5
0.9998794381849475 0.008113546389364247 -0.009695990381400475 0.009014833912238994 -1.8367155252841472 0.4384615766418276 0.8883925645675778
60.727195739746094 50309 1086.281982421875 60.727195739746094 48247 1165.324462890625 76.27592468261719
0.9998792893287172 0.007831633406283869 -0.007666978420499136 0.011013161743515592 -1.8378193659817754 0.4492742669015734 0.8977232140984027
72.66090393066406 50617 1073.4827880859375 72.66090393066406 2424 1169.2572021484375 80.93567657470703
0.9998802981808431 0.007584346656616085 -0.005418713652126263 0.012349272769554635 -1.8375987883996416 0.4621896760362114 0.904871893599081
60.73503875732422 5229 933.3812866210938 60.73503875732422 15078 1083.563232421875 70.50003814697266
0.999844194583949 0.007840006238882294 -0.002476814206568511 0.0156200592295547 -1.8263261894299803 0.4563458268268122 0.9141561250076
71.60459899902344 5623 1093.3677978515625 71.60459899902344 11736 1203.8011474609375 74.39141845703125
0.9997774596026348 0.008297747107546927 0.000492129738454195 0.019389081251097166 -1.8012986371724267 0.4426452164450132 0.9157683317798412
83.16168975830078 14363 1223.157470703125 90.7035903930664 802 1117.22216796875 111.347900390625
0.9997256149857728 0.009371410046180757 0.0016543003346703056 0.021404081514217115 -1.7960968003929347 0.4344045591835782 0.9171906232783378
15.412386894226074 -1 1123.585205078125 66.2863540649414 48247 1123.585205078125 66.2863540649414
0.9997330309967998 0.009008953673659191 0.002502597608706937 0.02112918580699554 -1.811204198618162 0.45396903540394856 0.9172494669053401
0.5 -1 0.5 0.5 -1 0.5 0.5
0.9997825411529118 0.008151208227222253 0.0025679222201609305 0.019021934332085946 -1.8584097360225151 0.4863307751642941 0.915832561626932
75.54249572753906 11736 1100.24658203125 75.54249572753906 5623 1216.9749755859375 94.9745101928711
0.9998409555846989 0.008604453823130681 0.0006912798169587791 0.015606057865351002 -1.9383716028341622 0.5115996926184339 0.9054327393791775
228.3159637451172 77841 529.84716796875 230.8926239013672 -1 529.84716796875 230.8926239013672
0.9998888925144648 0.01004945512789783 -0.0022725356616684835 0.010772495509222546 -2.034859717371507 0.5306813456406908 0.8834646180490748
152.58424377441406 882473 1031.802001953125 192.51229858398438 903222 553.0718383789062 201.0910186767578
0.999885556211912 0.01162433764730674 -0.004866919653215158 0.008370325330943274 -2.112799465665955 0.5319046033763191 0.8629918511783988
69.26676177978516 -1 1133.46875 75.48159790039062 14363 1076.9434814453125 101.45891571044922
0.9998703688753612 0.013025759793648572 -0.007036224852667227 0.00632981569006698 -2.1716521238788475 0.5421661403775269 0.8475180895367023
59.61696243286133 11736 1027.0692138671875 59.61696243286133 5623 1030.235107421875 62.682010650634766
0.9998696999263774 0.012091370392005937 -0.008973158251402267 0.005819309424205381 -2.219022616408476 0.5634844195078381 0.8306875175625221
0.5 -1 0.5 0.5 -1 0.5 0.5
0.9998806999821123 0.011670093258108652 -0.009205772568813298 0.0042010091691802335 -2.2406016783134577 0.5800129411136186 0.8262557063289445
30.580509185791016 62958 1022.4842529296875 62.02960205078125 48247 1022.4842529296875 62.02960205078125
0.999893147374575 0.011544671163830443 -0.008794123912520936 0.0017543619058589185 -2.2539710031009865 0.5982862280620699 0.8276714353362965
0.5 -1 0.5 0.5 -1 0.5 0.5
0.9999121451738217 0.008996143233717904 -0.00962466408847628 -0.0014619103901323486 -2.2801673810538885 0.6384318228909738 0.8249387101045135
0.5 -1 0.5 0.5 -1 0.5 0.5
0.9999044922647545 0.006822432587082079 -0.01166638211489091 -0.0028907249449752264 -2.3196863735613475 0.6682386013279893 0.8232138101647963
63.928043365478516 805085 836.0958251953125 75.0170669555664 5229 1443.2222900390625 77.63795471191406
0.9998748293249993 0.0056244573764084975 -0.013952768910278295 -0.004900142983732378 -2.3590604729275 0.68680496077581 0.8168010452504945
78.71456146240234 965278 1427.1390380859375 81.85208892822266 -1 972.4220581054688 86.74906921386719
0.9998574819405103 0.0055684723581619164 -0.01469232923369361 -0.006176033101216471 -2.3776307452018437 0.688705553983205 0.815550649713357
0.5 -1 0.5 0.5 -1 0.5 0.5
0.9998592130254514 0.0059216068247764046 -0.014626114603854622 -0.005706616539821797 -2.38380118177198 0.6799999976484061 0.8152706732502749
0.5 -1 0.5 0.5 -1 0.5 0.5
0.9998563064818573 0.006520422209606749 -0.015369108973069985 -0.0029395530341663834 -2.391963145383783 0.6621192808891503 0.8090803623902654
0.5 -1 0.5 0.5 -1 0.5 0.5
0.9998391347017863 0.0069715749626830074 -0.01645635155727949 -0.0015133918020037614 -2.403301680716609 0.6554089128774179 0.79778122989428
50.06765365600586 -1 1359.06298828125 78.64582824707031 965278 978.7640991210938 80.11347198486328
0.999841024167743 0.005834778013629446 -0.016791858784619692 -0.0013839202606822896 -2.408501290656586 0.6731907401538645 0.7858415239492809
0.5 -1 0.5 0.5 -1 0.5 0.5
0.9998490514652123 0.005062648515099705 -0.016502136769530173 -0.0019807463662659345 -2.412661003433637 0.6929433628284007 0.7751549676712192
86.53353118896484 48247 965.8499755859375 89.0904312133789 11736 965.8499755859375 89.0904312133789
0.9998336333008294 0.006791238050894258 -0.016816447918551646 -0.0019472764573237949 -2.4276397275931654 0.6832655697833723 0.7626880274370833
0.5 -1 0.5 0.5 -1 0.5 0.5
0.9998072711774555 0.008672391453495484 -0.01755032804697971 -0.0014819286793784506 -2.447978956584544 0.6657804124917285 0.7500397609931929
43.50237274169922 62958 980.8237915039062 67.49321746826172 101042 972.5038452148438 73.56375885009766
0.9998152042046116 0.008884486463686675 -0.01699679240707185 -0.0013162026584923735 -2.456128053756408 0.6637772909757444 0.7451307411766055
64.41506958007812 5229 1068.426025390625 72.19528198242188 9209 961.9078369140625 74.00152587890625
0.9998290231068113 0.008687672503383193 -0.01626568104441881 -0.0013698612756739414 -2.458621769943417 0.6666248667680157 0.7435336229960523
0.5 -1 0.5 0.5 -1 0.5 0.5
0.9998340605612275 0.00945178327600518 -0.01549093356636114 -0.0015956540332437296 -2.4678842922962185 0.6615639203899347 0.7443192860592482
68.58783721923828 903954 966.8285522460938 68.58783721923828 11736 1073.7010498046875 75.8360824584961
0.9998204910697651 0.010911329981931032 -0.015227056773001629 -0.0028399396245284577 -2.4926958646770414 0.6520745498605939 0.7413466070710002
55.54568099975586 -1 968.2218627929688 61.975189208984375 48247 957.135009765625 64.02651977539062
0.9997873177028588 0.012270461739939554 -0.01602370733794689 -0.004242161283988793 -2.5315042829215195 0.6448453058539871 0.7347610429803472
58.42060852050781 11736 948.8414916992188 58.42060852050781 5623 1041.07958984375 70.741943359375
0.9997521064255388 0.01212823879332116 -0.017623197968618595 -0.006168826049512173 -2.5877798316232847 0.6549108946592994 0.7272598156186453
70.2002182006836 14363 1032.4981689453125 71.05197143554688 903353 1048.9150390625 77.09950256347656
0.9997270618737056 0.011166241691307456 -0.018685303334433887 -0.008483881373493412 -2.6397703404034463 0.6786346379591851 0.7244558104449166
57.6026725769043 972689 933.5347290039062 59.58407974243164 48247 926.2714233398438 65.47599792480469
0.9996938338680054 0.010271356960771692 -0.019280710137463 -0.011618604437214146 -2.6760680165062203 0.7050839219566826 0.7241858945291229
54.551116943359375 965278 1576.994384765625 58.995018005371094 965856 1004.4930419921875 75.33998107910156
0.9996201933332068 0.00999259020741734 -0.021426266772808667 -0.014160943245749789 -2.733911881935584 0.7246092658811077 0.7074101051367664
55.70777893066406 99169 916.04443359375 56.89897918701172 101042 1556.3721923828125 59.37591552734375
0.9995294396147 0.010861268957676968 -0.02387983775761359 -0.015896085330131333 -2.7860240046020266 0.7276125801876735 0.6881289429460165
49.36374282836914 72790 975.41015625 73.5400619506836 14363 980.2977294921875 73.74309539794922
0.9994310181040196 0.01202330429176521 -0.025542054083805686 -0.018457618444709754 -2.823303213434058 0.7368263504997004 0.6730663248992094
45.75140380859375 965278 980.5518188476562 53.60163116455078 9209 883.95556640625 55.63568115234375
0.999361208177839 0.011329253679936802 -0.02577424406228679 -0.022011632002268095 -2.8388419437631205 0.7689934577959847 0.6650110054360852
40.51398849487305 72790 1238.1650390625 44.68916320800781 -1 1258.3311767578125 44.75841522216797
0.9992728676397425 0.010203103638730468 -0.027053460641860056 -0.024854435066650016 -2.868664255746596 0.7976078120735318 0.6519432504545006
0.5 -1 0.5 0.5 -1 0.5 0.5
0.9992335321295014 0.010251460448532455 -0.028344618985357985 -0.024976757220421135 -2.899433992944926 0.8016743319751949 0.6358322373013339
18.434215545654297 62958 1073.92919921875 58.54654312133789 1702 1073.92919921875 58.54654312133789
0.9991995828332491 0.011957565705339113 -0.029247028314173504 -0.024532052972661898 -2.919934443500248 0.7863424256154888 0.6219642969533131
37.39975357055664 72790 1238.248046875 41.907100677490234 965278 1499.2529296875 43.036888122558594
0.9991794535092556 0.014039414081552234 -0.029429098678082004 -0.02402587538858219 -2.9338353667778097 0.7684900017782175 0.6140446111579392
24.691213607788086 937009 1508.73291015625 29.99557113647461 72790 1529.276123046875 33.44269943237305
0.9991576215683672 0.015233459910904341 -0.02887523958381756 -0.02486381909449305 -2.9386823494832073 0.7726152322316189 0.6109254620839851
24.311195373535156 72790 1239.78564453125 28.880910873413086 965278 862.2946166992188 34.66896438598633
0.9991334931150083 0.015418280175327084 -0.028452629272614147 -0.026172265085622065 -2.944391921928296 0.7922150336536482 0.6088484331276419
12.209561347961426 101536 1235.007568359375 12.209561347961426 109774 1238.293212890625 28.537860870361328
0.999100601759548 0.015254582928791548 -0.02838803804194384 -0.027557295939681627 -2.9552956364804306 0.8203635109730204 0.6018208978287573
15.531773567199707 -1 1508.1844482421875 23.754751205444336 72790 1235.3685302734375 29.65989112854004
0.9990297070639688 0.01598700032447082 -0.027867168536404356 -0.030124427663771366 -2.9603018515517108 0.8438034517296449 0.597509189727692
17.43732452392578 72790 1233.5826416015625 25.390777587890625 965278 1144.473388671875 32.22687911987305
0.9989265623953808 0.01814004420751166 -0.026555803037017794 -0.033338432209030405 -2.9647516951947503 0.8608068872458217 0.5962713044905028
6.031256675720215 -1 1056.7188720703125 8.272833824157715 -1 1503.274658203125 10.287598609924316
0.99879985948885 0.019240035909922872 -0.026948714753418056 -0.03608917394977975 -2.9872774312819503 0.891497673319911 0.5911401285357283
6.960460186004639 965856 841.0906982421875 27.721099853515625 101042 1491.2557373046875 31.916635513305664
0.998739144302151 0.017775311505487328 -0.027690282688956222 -0.03791316636863595 -3.016817523971066 0.9464162732995504 0.591532190650191
11.88576889038086 72790 1215.3275146484375 22.677207946777344 965278 824.9783935546875 45.11699295043945
0.9986905757656787 0.015411260801479934 -0.026577001670079682 -0.04090586632201889 -3.0293616583919096 1.0182989183421205 0.6112252090329007
5.729277610778809 62958 1481.26904296875 22.68626594543457 72790 1503.2818603515625 24.771320343017578
0.9985433948163595 0.01235186571163038 -0.023998524444405433 -0.046718207441567426 -3.0373303773804285 1.1283723192068802 0.6488338908876587
86.35668182373047 -1 672.0543212890625 163.75759887695312 12793 793.1495971679688 169.04335021972656
0.9983688586050888 0.00788055040054766 -0.0228231768422127 -0.05173607727481841 -3.0617804268843467 1.2403960769596336 0.6699376564085767
112.35073852539062 839045 784.4451293945312 190.9522705078125 -1 780.5892333984375 232.44601440429688
0.9981941802552649 0.004902113141905185 -0.024297921104705057 -0.054717079794645004 -3.116116020625208 1.3169117529943923 0.6682672763347891
127.35887145996094 839045 879.343017578125 128.06118774414062 -1 1032.771240234375 225.53106689453125
0.9980021463683217 0.005009825799252615 -0.02713072408930285 -0.05683785094524693 -3.18702969097847 1.346393001273538 0.651677989515901
36.317562103271484 108342 1412.3245849609375 70.11662292480469 937009 1145.47509765625 90.1580581665039
0.9977712399921006 0.0077688153888350615 -0.028738091189571123 -0.05971867603070265 -3.236687563482307 1.3563158088709202 0.6459778191321754
58.56869125366211 842434 1401.645263671875 60.33306884765625 937009 1392.294921875 63.47775650024414
0.9976175588502255 0.008208551227204122 -0.03058813318023999 -0.06128778074800112 -3.280283286390285 1.3629409264073173 0.63617294467305
0.5 -1 0.5 0.5 -1 0.5 0.5
0.9976147028370449 0.007588878750716115 -0.03154554893103636 -0.060927760054848394 -3.2940968972032096 1.362658177750934 0.6322708016194818
6.035244941711426 -1 1304.09521484375 48.51277542114258 110624 1304.09521484375 48.51277542114258
0.9976002304606575 0.006910993508686449 -0.03109409415492598 -0.06147500030297422 -3.2792286366995094 1.371190819550779 0.6419819175030045
5.608711242675781 -1 1162.958740234375 32.815223693847656 108150 1364.31005859375 41.29154586791992
0.9974943085863456 0.005790478352199965 -0.03155350553740033 -0.06305514242789775 -3.2750655561641957 1.3900934603755852 0.6317002425680737
60.748111724853516 62958 1121.881103515625 83.32532501220703 -1 1064.99072265625 90.31563568115234
0.9972800225315478 0.007113583505802968 -0.033161439510099054 -0.06543907486203938 -3.2932133144449525 1.39551124406062 0.614463755225231
54.317527770996094 62958 1361.62548828125 63.6418342590332 72790 1355.212158203125 70.00418853759766
0.9970544656808604 0.010092992906854595 -0.03569311833144096 -0.0671306581512044 -3.3249553844507393 1.3798242755541423 0.5854020845883953
46.23524856567383 937009 1098.876953125 70.19926452636719 965278 1343.098388671875 82.95648193359375
0.9968368973956145 0.012913412438682416 -0.03736432945479514 -0.0689445476761362 -3.3428468451336197 1.3663289278586874 0.5660468250958063
3.6604080200195312 -1 1347.6082763671875 39.48311233520508 72790 1093.288818359375 58.76631164550781
0.9966810445011808 0.013952908288819203 -0.0384252830459353 -0.07039680039006761 -3.3550791567952585 1.3677907843713437 0.5556189892241048
18.13814353942871 938522 1077.6939697265625 25.17801284790039 62958 1346.525146484375 27.149686813354492
0.9965928758803992 0.012995261956641305 -0.03957065029352042 -0.07118937102167276 -3.3674208863941306 1.386022298530345 0.5500453468782568
0.5 -1 0.5 0.5 -1 0.5 0.5
0.9965406768706249 0.011090322676052226 -0.04100252751983239 -0.07143162340422822 -3.3823637185633206 1.4076532878045966 0.5416656976052526
29.43805694580078 -1 1106.8350830078125 31.919952392578125 938522 1065.4830322265625 39.15625762939453
0.9964535184620203 0.01032423542875555 -0.041266529505751416 -0.07260075240672535 -3.3853699032985163 1.4204737313742186 0.5431197065156712
0.5 -1 0.5 0.5 -1 0.5 0.5
0.996363340155327 0.010504765086143392 -0.042454517875954244 -0.07312563310444135 -3.4056104996137284 1.4224739226344354 0.5356119247308945
24.18471336364746 838747 1310.8721923828125 24.18471336364746 -1 1097.310302734375 34.277706146240234
0.9961879525085303 0.009915582787779351 -0.04540256004942602 -0.07382311315434424 -3.4435701524527187 1.4399089289346463 0.514683776917742
19.948461532592773 108342 1305.5350341796875 49.013099670410156 842434 1301.7275390625 56.37575912475586
0.9960202181288718 0.009330135346772416 -0.04974335112919095 -0.07336397393383033 -3.5021171751860036 1.4512042214057999 0.47901791395129084
27.685380935668945 108342 1193.0399169921875 29.5251522064209 960335 1230.74658203125 41.001529693603516
0.9958741749926591 0.009434627482768588 -0.05243295913052158 -0.07346019455303092 -3.533612367286749 1.4544610736073709 0.45886578004698453
30.26803207397461 108342 1264.55322265625 30.26803207397461 108343 1190.791748046875 54.65768814086914
0.9958076911181578 0.009790221847973075 -0.05328499642891804 -0.0737014451802765 -3.5407416830261584 1.4538974053807512 0.45464334333124756
5.725718975067139 -1 1261.1484375 29.707029342651367 108342 1173.2864990234375 34.03023147583008
0.9957428729032972 0.009183388748817464 -0.054487198744449954 -0.07377629433875836 -3.547471389536397 1.4672435174175453 0.44705362211991045
0.5 -1 0.5 0.5 -1 0.5 0.5
0.9956262860619927 0.007143377944879608 -0.05670794465526927 -0.07390182451681962 -3.5743787672408387 1.496983148924934 0.42931929682259007
44.57404708862305 108342 1162.240966796875 45.94874572753906 110491 1194.294677734375 63.0181884765625
0.9954603964989546 0.006246191373403072 -0.05777251181034306 -0.0753785179914986 -3.5959185765500825 1.525667003238894 0.4212255725874937
31.784225463867188 109124 1239.722900390625 48.91063690185547 108342 1239.722900390625 48.91063690185547
0.995376022936975 0.006944470089414134 -0.05807968698343056 -0.07619118884263872 -3.6091841405333387 1.5293275747854695 0.42210541985972183
43.31180191040039 109125 1201.541259765625 43.31180191040039 113599 1236.6488037109375 46.64308166503906
0.995380735467558 0.006939654338765838 -0.05852895601337837 -0.0757851830221831 -3.6126518134775463 1.526730361899615 0.42046778206434265
0.5 -1 0.5 0.5 -1 0.5 0.5
0.9955007408707349 0.005225451056346276 -0.05830246160022155 -0.07451035202191868 -3.6002116625216822 1.5327382521302313 0.4266807744830573
51.42136001586914 109125 1152.375732421875 57.084041595458984 110491 1037.516845703125 71.82207489013672
0.9955315887565008 0.003588727600125355 -0.058326712919756114 -0.0741752747358977 -3.5848929157012552 1.5441954194319967 0.4345636572826468
0.5 -1 0.5 0.5 -1 0.5 0.5
0.9956339910015631 0.0008827312068369099 -0.058365526040737484 -0.07283983881025272 -3.5663475432545355 1.5611559000106217 0.44137168848839886
74.21923828125 108343 1239.523193359375 74.21923828125 108342 1042.5111083984375 90.42035675048828
0.9958970295091931 -0.001589567077726129 -0.05838299971417635 -0.06912311650703601 -3.537727940455659 1.5641976066365184 0.45061191107954673
72.3541488647461 109124 1245.7391357421875 88.6031723022461 108343 1258.665283203125 120.44905853271484
0.9962250509914562 -0.0017353334777819576 -0.05789349105934604 -0.06466049866613136 -3.490248563275681 1.5424082073220984 0.4629218029191106
95.067626953125 108342 1258.4476318359375 95.067626953125 108343 1202.6683349609375 108.44959259033203
0.9965140717553601 -0.0006516336918412082 -0.05620774637188292 -0.06164389195109944 -3.4326886967687935 1.5188327912051813 0.4838988740474962
139.62339782714844 965278 1278.0103759765625 140.07838439941406 965856 1282.6024169921875 144.1953582763672
0.9966689362533329 -0.0007451230210123834 -0.054768437755969415 -0.060422632556881545 -3.377646206438764 1.5180592021575607 0.4957519976862905
96.99444580078125 108342 1054.20849609375 114.82804870605469 62958 1217.2010498046875 121.00340270996094
0.9967543816539884 -0.0021086447392094265 -0.05565257669206587 -0.05812957060285986 -3.3495251907075545 1.5192972334359298 0.49504907648289864
105.71402740478516 108342 1289.337158203125 105.71402740478516 108343 1059.3956298828125 122.83833312988281
0.9967788893729911 -0.004530621987951621 -0.0579486618738394 -0.05525641819535694 -3.335370101963742 1.5256984113044432 0.4857613126604742
0.5 -1 0.5 0.5 -1 0.5 0.5
0.996748802718806 -0.00591286042017818 -0.05922025396666813 -0.05431228111948296 -3.3128630998601967 1.5325529719283868 0.4829912674976006
100.34909057617188 972927 1260.3743896484375 125.93451690673828 109125 1287.9822998046875 126.80564880371094
0.9966593517007936 -0.005771174444063819 -0.06017961935856524 -0.05491123406688555 -3.2888907693211995 1.5294387017245736 0.4827261215801487
99.66085815429688 972927 1288.150146484375 126.65155792236328 108342 1153.0985107421875 127.63029479980469
0.9965139745078794 -0.005678355402573653 -0.062268779757467814 -0.05522910426530138 -3.278911915437055 1.517636115150629 0.4773082088147675
120.08548736572266 108150 1208.37255859375 126.16639709472656 110491 1284.2230224609375 126.52051544189453
0.9962775432136817 -0.006277583802440052 -0.06576544691817132 -0.0553764825658624 -3.2866170535356187 1.5153932300627349 0.46285989094656776
0.5 -1 0.5 0.5 -1 0.5 0.5
0.9961276791100414 -0.008034461628087323 -0.06828608578920098 -0.054791466714982355 -3.2840594836795565 1.5156671082396738 0.4599402932292737
115.54814910888672 -1 1335.4317626953125 115.95008087158203 102150 1267.7945556640625 138.72935485839844
0.9960635541500731 -0.009650013323468227 -0.0699166750247721 -0.05362771569125113 -3.270861028485954 1.5112243629896909 0.4689858423890916
0.5 -1 0.5 0.5 -1 0.5 0.5
0.9959838650548728 -0.011627078283192468 -0.07282082706773195 -0.050774784550256115 -3.2662175221263743 1.4921420593608397 0.46544157439406136
154.05934143066406 -1 1073.2481689453125 154.05934143066406 959297 1260.6641845703125 156.75254821777344
0.9960635303498814 -0.01190460267358858 -0.07393800953312706 -0.04742251246395764 -3.2368042431195074 1.4479756904803875 0.472447431843857
199.05470275878906 72790 991.2014770507812 202.7633819580078 100530 1272.3228759765625 203.64654541015625
0.9962363727283629 -0.009996510165427687 -0.07411605201210011 -0.043817465372687554 -3.1804414400016165 1.3763452001011514 0.4809377962340462
190.91351318359375 -1 1291.5413818359375 193.03195190429688 72790 832.185546875 197.63064575195312
0.9962528724923059 -0.0076783416367670965 -0.07574178450687766 -0.041041920036131885 -3.1354026115664446 1.3188649399080974 0.4852100202545307
0.5 -1 0.5 0.5 -1 0.5 0.5
0.9961093683494061 -0.007220359417346048 -0.07856024082195634 -0.03927188890832351 -3.107887705396548 1.3084184468999753 0.4899004718420691
156.31793212890625 108342 1282.206787109375 156.31793212890625 108343 596.6862182617188 170.04150390625
0.9958555359011958 -0.011905692140641909 -0.08046458807935682 -0.040687297462644566 -3.0444592405723543 1.3520242678224959 0.4860839876750347
232.4517822265625 -1 710.2489624023438 312.3076171875 542789 732.7872314453125 313.2947082519531
0.9956028005075223 -0.01463052373491358 -0.08211925867473799 -0.04263142915188737 -2.974060243171685 1.3722985917659996 0.49091616923576886
174.28829956054688 110491 1218.3134765625 174.89170837402344 960335 1077.4852294921875 183.35794067382812
0.9949946567707018 -0.013368670116784165 -0.08990445610829484 -0.04152228833932202 -2.9450494757250985 1.3306191285896136 0.46889736211421273
0.5 -1 0.5 0.5 -1 0.5 0.5
0.9947090157506481 -0.013924630958441958 -0.09230327718511198 -0.04289736189949999 -2.8902356764660913 1.321194159880257 0.47016232374983247
122.32766723632812 937879 1096.087890625 138.55113220214844 -1 829.34130859375 152.77474975585938
0.9944392365787847 -0.015132829222618023 -0.09473351353495867 -0.04344149681634716 -2.8245802364656134 1.314679432583906 0.4679976416073204
165.82977294921875 108150 1206.149658203125 178.9247283935547 110491 1269.4332275390625 181.20928955078125
0.9942197977909982 -0.01506357260076486 -0.0980816384892274 -0.04098871371727544 -2.760321354196598 1.2817270091324182 0.4570842713930703
205.75379943847656 965278 868.8931274414062 209.120361328125 833538 851.2167358398438 210.15513610839844
0.9942608201688394 -0.013250699929033816 -0.09841522732033083 -0.03980305842601874 -2.6623532947766675 1.2444410947971345 0.46384352281078933
208.28553771972656 969874 1053.0341796875 355.16680908203125 -1 1053.0341796875 355.16680908203125
0.9944797977220315 -0.011886371530564101 -0.09681110594380973 -0.038681466628363546 -2.5399046220984234 1.2066750184241124 0.4760589044288865
358.31866455078125 959214 806.6578979492188 358.31866455078125 972249 203.38232421875 367.5918273925781
0.9946028501327565 -0.010808348652579309 -0.09661130773042913 -0.03625748647959856 -2.4292808092154012 1.1657294516640595 0.4843533810825007
191.7163848876953 833538 1344.69873046875 227.74366760253906 61432 814.4988403320312 285.0180969238281
0.9946507767965438 -0.01148245731803145 -0.09762576610808456 -0.03173633853772779 -2.3295810492826172 1.1317163298802837 0.48899582839412326
263.2160949707031 869384 707.8259887695312 280.402587890625 959939 833.2761840820312 295.3858947753906
0.9948035882442416 -0.012574718084741346 -0.09682851451728555 -0.028843301784756057 -2.218384313398848 1.1119002557617084 0.5037855749066549
255.45240783691406 -1 861.607421875 281.471435546875 13567 689.9437255859375 335.93408203125
0.9949555912462482 -0.012106357735259674 -0.09590433941087571 -0.026817256242540236 -2.1087057920736076 1.0803657335300894 0.517308004137074
243.054931640625 901317 547.4088134765625 243.054931640625 -1 657.9490356445312 252.244140625
0.9948587021568731 -0.011792722190301235 -0.09788497356901094 -0.02314360377033967 -2.0279888609498107 1.051161765324116 0.519621670756696
162.23939514160156 5229 905.3231201171875 179.92604064941406 48247 502.7716369628906 188.3844451904297
0.9948231265369311 -0.013792552947475398 -0.09836390552000904 -0.021476835924480617 -1.941331991673878 1.059133906659755 0.522237195049576
348.9300842285156 -1 328.5702209472656 353.8459167480469 -1 698.6382446289062 354.809326171875
0.9949532746493741 -0.014905914253037188 -0.09688359276296087 -0.021432788855140814 -1.8366439928165945 1.0762167921241552 0.5334363179379166
249.00479125976562 901364 791.4054565429688 290.56072998046875 943884 916.6973266601562 304.894775390625
0.9949739916167032 -0.01523505344449644 -0.09641024343459681 -0.02235428625006402 -1.7345243188872905 1.0842296740314932 0.5377547442662436
204.4573974609375 776617 1038.845703125 208.28878784179688 833538 1456.334716796875 231.95819091796875
0.9949877084084467 -0.014373155463689209 -0.09642162451727773 -0.02226528337061012 -1.6415684690326253 1.0678076947584596 0.5337622039085467
205.20819091796875 81537 1464.2193603515625 249.58782958984375 61432 637.1113891601562 278.9846496582031
0.995053490656438 -0.012651987656336256 -0.09546308327613764 -0.024398312896493638 -1.5138530057156814 1.038951519649739 0.5332283909423527
192.4916229248047 78936 1195.1922607421875 242.9293975830078 17671 650.0304565429688 263.9808349609375
0.9949952857010042 -0.01243779748149608 -0.09562246734284649 -0.026192105029052982 -1.409560159265133 1.030024178600377 0.5277466226419465
158.7501983642578 5229 988.1719970703125 159.2810516357422 805085 993.5950927734375 174.63609313964844
0.9948521123009508 -0.01322339480723373 -0.09708393738791367 -0.025867461826941697 -1.3033930789611832 1.024823052567955 0.5173207820002671
269.6677551269531 701015 993.3928833007812 289.857666015625 772132 724.2171630859375 323.1419372558594
0.9949241586292948 -0.011520093904022925 -0.0966221848257854 -0.025639021270793406 -1.1955969920146956 1.0074622438815182 0.5128412284709517
231.30712890625 903312 702.0545043945312 231.30712890625 95885 712.388671875 252.1536865234375
0.9950474044128055 -0.009361150735728296 -0.09574213606437527 -0.02502948681201127 -1.096781089256856 0.9963296933406633 0.5025074412107069
188.94064331054688 17670 323.5205383300781 201.52992248535156 73969 733.9505004882812 206.38412475585938
0.9951569687958749 -0.009753255213148326 -0.09501092193121129 -0.023246638112521187 -1.0160688867054477 1.0022773588100806 0.4981766192606838
203.96363830566406 72790 716.1737670898438 226.93016052246094 771583 762.361083984375 228.3769989013672
0.9955354739010357 -0.01050486684441011 -0.09189271977267739 -0.018828064956385795 -0.9367076910628014 0.9892665283187996 0.5093952613371325
279.3529357910156 73675 697.41943359375 320.7811584472656 11756 624.7454833984375 325.6241455078125
0.9960532471519513 -0.00937123814822208 -0.08676385411975261 -0.016190810724288587 -0.8583014044387638 0.9612948779738226 0.5357241675213502
272.089111328125 956954 887.7077026367188 301.1213073730469 82617 887.7077026367188 301.1213073730469
0.996623534960772 -0.010129178075021287 -0.08082042773196688 -0.010343489500219342 -0.8087321011511264 0.9274846804275328 0.5718829750716592
176.68533325195312 16312 721.0949096679688 209.9427947998047 59133 1340.6181640625 214.69830322265625
0.9970203533281933 -0.011962865914178401 -0.07611181025105164 -0.003781167643990808 -0.7930879628868502 0.8853213842139525 0.5989364510267452
157.8097686767578 37275 1215.754150390625 176.5409393310547 9209 435.1514892578125 196.75054931640625
0.9974056597300456 -0.010282176028336362 -0.07100214855830944 0.005909458071502279 -0.7869729106592119 0.8102616742240326 0.6376694047733817
217.67298889160156 771583 809.19384765625 217.67298889160156 901317 1026.6983642578125 218.18197631835938
0.9975920539737021 -0.009479253884195894 -0.06683103253953881 0.01593269230319967 -0.8031475958733029 0.742216246511142 0.6868180072285515
162.52540588378906 16862 769.1572265625 192.77581787109375 17168 1256.1988525390625 197.16514587402344
0.997681896709167 -0.011732808216147007 -0.06121945268832562 0.027301150208445136 -0.8267998500141095 0.6947049769096947 0.7518378128663925
156.07577514648438 5229 554.8413696289062 178.20016479492188 16695 766.7679443359375 197.04991149902344
0.997628946625534 -0.013331104951947809 -0.05686008433588408 0.036410126406036684 -0.8581530153089723 0.6555813171863529 0.8125240838333071
180.40469360351562 13547 776.1372680664062 201.94107055664062 72612 793.1075439453125 203.12889099121094
0.9973924625556254 -0.01458686309697247 -0.052047531376449005 0.04781792069750714 -0.8638373745660314 0.6138069143603532 0.864352161235128
179.4111785888672 73969 809.1932373046875 207.68896484375 17168 805.8861083984375 211.24530029296875
0.9971572979128195 -0.01714274939671828 -0.04844855503058935 0.055101605038090994 -0.8467897956775572 0.594836787997426 0.8961763621907626
182.21913146972656 5229 549.4043579101562 183.64584350585938 73969 821.7289428710938 214.2623291015625
0.9969393562187389 -0.017665569952083203 -0.04586379100701206 0.060797700079030105 -0.8212376190703582 0.5524720091012487 0.9307714174447925
183.81654357910156 5229 944.2022705078125 196.38951110839844 100445 832.9453125 213.20538330078125
0.9968718304502496 -0.017420741314522856 -0.04444070604896077 0.06299281762781542 -0.791203182303312 0.5181518734604901 0.9563563972849742
178.40975952148438 73969 1076.6346435546875 181.825927734375 5229 760.840576171875 184.71517944335938
0.997001054405169 -0.02090645115886164 -0.044104290167046874 0.06005521962148152 -0.7628265425814209 0.5336426717587587 0.9697020929809268
200.70103454589844 963025 1207.0687255859375 217.71768188476562 11736 1207.0687255859375 217.71768188476562
0.9973042216995183 -0.02405283715566776 -0.04501784165840339 0.05271759039921973 -0.7275550545494103 0.5680438385112064 0.9714318224342426
198.9563446044922 73969 1201.5458984375 219.99453735351562 11736 1201.5458984375 219.99453735351562
0.9974409404822764 -0.024699254358424554 -0.05042910346665098 0.0442540688244567 -0.7138998671416459 0.5911297067918599 0.9533208149818627
207.8117218017578 963025 1188.1236572265625 216.73196411132812 11736 1188.1236572265625 216.73196411132812
0.9974741910888625 -0.024666345778223096 -0.056257624988168865 0.03566355462175846 -0.6718187910862816 0.6194833379787392 0.9364827490185624
97.59233856201172 58216 485.9987487792969 103.17496490478516 -1 1056.705810546875 200.98011779785156
0.9974666047089931 -0.025777375130337985 -0.060991084491810954 0.025999750656801997 -0.5609636412036534 0.6809086011977649 0.9241686360590896
288.5227966308594 50116 367.23345947265625 303.4058837890625 -1 861.9061889648438 315.6640930175781
0.9972223561638038 -0.029608792403387235 -0.0647808154788812 0.02177929579706146 -0.4504242600234 0.7513382604761538 0.9207490162949677
283.55938720703125 75260 985.5340576171875 352.3791198730469 -1 985.5340576171875 352.3791198730469
0.9970477246746959 -0.03235365579196373 -0.06728357440778618 0.017944255148063467 -0.31137493670614574 0.8113249637105207 0.9303735805506472
297.1775207519531 75260 982.614013671875 330.97930908203125 973208 649.5942993164062 356.3924255371094
0.9968917864160081 -0.03400934151810912 -0.06910502010286451 0.016571875644821942 -0.1803668682286516 0.8438794381736111 0.9368612299401878
313.1237487792969 77860 1406.967041015625 320.6331787109375 83384 784.0975952148438 333.2663879394531
0.9966700530531516 -0.03487963422188055 -0.07171095173978463 0.017022216781314103 -0.04977409401837099 0.8568749840938601 0.9330762438613911
292.4667053222656 855582 925.431396484375 304.2986755371094 852677 459.2712097167969 315.0403747558594
0.9965917686137151 -0.033861635595014775 -0.07316604615961778 0.017463277343797174 0.04528705027837435 0.8436059505143313 0.9241966153678243
248.18136596679688 963561 951.0320434570312 272.9031677246094 757623 925.3552856445312 284.5243835449219
0.9965308916609892 -0.031978963826925014 -0.07481530176269553 0.017498527368526133 0.13471808389757492 0.8223905390414381 0.9038572610254497
218.00779724121094 5229 1237.654296875 240.66661071777344 11736 1237.654296875 240.66661071777344
0.996424918360846 -0.030303595704994673 -0.07687366407610238 0.017593007941915206 0.20020251117790866 0.8095364359713898 0.887294597140973
134.7051544189453 -1 568.4312744140625 136.2153778076172 51265 1017.104248046875 229.02096557617188
0.9963596628846415 -0.03029493322109638 -0.07809895625199512 0.015817465975363237 0.27759777754450365 0.8114917736087345 0.8679958700173214
126.40228271484375 58216 612.0391235351562 133.0089569091797 -1 578.9507446289062 134.06800842285156
0.99626366282153 -0.029343097359480073 -0.07998117693393897 0.014167149150155014 0.3348917272378945 0.7996491475213081 0.8487314463333012
206.22898864746094 5229 1259.69580078125 228.571044921875 11736 688.3995971679688 229.10299682617188
0.9960379808177587 -0.026627231414588146 -0.08373796951288345 0.013685166332043388 0.37612800234637606 0.769724515819049 0.8267478584518799
102.40943908691406 590184 1135.5745849609375 197.1131134033203 5229 847.9766235351562 209.3688507080078
0.9959249723124456 -0.024686135129315823 -0.08600683746878007 0.011263576938556657 0.41579438594781154 0.7514949852567138 0.8109910239536618
188.7611846923828 5229 1016.9261474609375 206.32118225097656 100445 631.8735961914062 210.24661254882812
0.9957133416534898 -0.02431305540671261 -0.08870608119829126 0.009749243482084599 0.44933259823478144 0.7648167885773955 0.7966392967617121
206.3079833984375 100445 631.1211547851562 210.22796630859375 73969 921.6407470703125 229.8388671875
0.9954985107434968 -0.02713388657213715 -0.0904229391731728 0.008376119522500147 0.49323644288079616 0.8088410597108308 0.7853569445808603
268.610107421875 -1 997.355712890625 270.4486389160156 852679 1000.3417358398438 271.27655029296875
0.9955358248390243 -0.029365545007560844 -0.08953678309010438 0.00540839184676262 0.5696821808868097 0.8480834291455095 0.769252254246131
262.7724609375 833757 503.73431396484375 295.0001525878906 77860 9.955107688903809 315.5587158203125
0.9956477019726054 -0.028644805381283625 -0.08842120768821284 0.006842420061367649 0.6427891060709764 0.8541501629024143 0.7542545086082514
261.33062744140625 833757 978.109130859375 262.3444519042969 953807 986.8876342773438 264.64013671875
0.9956787249020757 -0.026426290548952073 -0.08844680714760388 0.01013361981691995 0.7080721704418375 0.8399889548194529 0.74397937601584
337.4053649902344 -1 735.0157470703125 340.87646484375 -1 760.4900512695312 344.5784606933594
0.9959090976333621 -0.023076387481505953 -0.0863999373972174 0.012946057688068236 0.8041250051500476 0.8207530114655812 0.7345564516543563
291.37591552734375 902291 1058.701904296875 329.27911376953125 -1 1058.701904296875 329.27911376953125
0.9962736225709953 -0.021826743240927746 -0.08237443279977523 0.013300942435635609 0.9160495189281266 0.8175415874079663 0.7212690926279498
272.6907653808594 77860 80.36065673828125 289.9512939453125 709622 525.339599609375 325.5710754394531
0.996455811752379 -0.021619327128711004 -0.08002009855440687 0.014324934441470198 0.9950575332640795 0.8278047430591051 0.7083535541205032
208.2915496826172 73969 483.7997131347656 210.87554931640625 -1 1455.3526611328125 216.41407775878906
0.9964908842467561 -0.021063898571215163 -0.07953335277933718 0.015384264226066648 1.0463080225805736 0.8331622629083417 0.6983976562918803
98.27339172363281 -1 731.5518798828125 207.16448974609375 73969 801.26904296875 207.5712890625
0.9964855498995275 -0.02024862968964009 -0.07923239911109246 0.01813198191673226 1.0953485232705757 0.8348129929052163 0.6857777132635983
207.6255645751953 43913 1480.0838623046875 217.558837890625 9209 1041.790283203125 225.533203125
0.9965079007483608 -0.018810523442287008 -0.07812112311729245 0.022699296835260365 1.154220916008762 0.8329998945888284 0.6891661859294774
280.1048889160156 902291 582.9573364257812 280.1048889160156 901131 1254.3583984375 329.4726257324219
0.9967618543961735 -0.02045062697995817 -0.07253705411826086 0.028034857885719033 1.2625253950736597 0.8553438168461639 0.6847327724816664
211.41282653808594 -1 711.8923950195312 247.2667694091797 807764 163.5783233642578 276.4237060546875
0.9968911528362012 -0.022030573918660798 -0.06680321222910462 0.0354966765429863 1.37692714205363 0.886303021588209 0.6703690749501289
288.864990234375 902291 645.0655517578125 288.864990234375 901131 643.5078735351562 314.02655029296875
0.9967609809734107 -0.020013519498572555 -0.06504685012092329 0.042847556937945154 1.443417536964519 0.8860131252351284 0.6582610445364669
310.6864929199219 -1 1427.490478515625 347.83770751953125 -1 1434.990234375 349.2496643066406
0.9965099508156103 -0.014020777281405605 -0.06404025197980182 0.051673802417266795 1.4990957854579412 0.8539662387215864 0.6479004938916991
326.0069580078125 -1 832.9229736328125 366.327880859375 -1 1150.4093017578125 366.8038635253906
0.9965863605997857 -0.004805079089935619 -0.06064543085145201 0.05580921786098913 1.5970305225167194 0.7797651277430493 0.6340600881342224
298.03826904296875 883295 959.8973999023438 376.32843017578125 491495 963.4432373046875 376.0625915527344
0.9967857972525412 0.009408775976765095 -0.05455439642878223 0.057908265045035164 1.7286411978317737 0.6844989809159259 0.6007607211067628
355.7527770996094 -1 843.2234497070312 429.1236572265625 662049 835.6021728515625 444.36614990234375
0.9971041403686919 0.027288031553861638 -0.04792927021214175 0.05235916013897657 1.8771111117372088 0.5662213987258847 0.5601368075987151
270.1321105957031 -1 1044.9622802734375 320.8069152832031 -1 774.7520751953125 420.0960388183594
0.9975897319215425 0.0459259230372681 -0.037141748549790035 0.036414651893764485 2.06885447395123 0.4547628240537078 0.45677533776623014
112.9179458618164 -1 1434.486572265625 112.9179458618164 -1 1092.1090087890625 270.9483642578125
0.997539037082946 0.06289455637956957 -0.027648620283208837 0.013989212625481709 2.206940893227874 0.3262707399668355 0.3310734038133057
70.99774932861328 -1 315.4590759277344 87.458984375 -1 315.4590759277344 87.458984375
0.9965702641771003 0.07976092898573195 -0.020192370034026172 -0.008841434144216839 2.3024229921563273 0.15453447556936434 0.2105469820583365
21.87078285217285 625148 842.5480346679688 98.86894989013672 -1 914.5411376953125 238.93763732910156
0.9946018833079042 0.09777811334145545 -0.01358088864350082 -0.03197020074082189 2.336039143108719 -0.060264443601011845 0.0809241329255079
6.401845932006836 -1 927.5653686523438 251.42462158203125 -1 653.460693359375 313.12762451171875
0.9922967234270621 0.11228473144528388 -0.011428117776898231 -0.051075922745014046 2.289115908672996 -0.2477262623485597 -0.011566857851141518
142.53546142578125 -1 902.3533935546875 198.45411682128906 913030 902.3533935546875 198.45411682128906
0.9892109931386075 0.1279460108725317 -0.014234728918660386 -0.06991996744956447 2.165533232643422 -0.4373746980550167 -0.08531702460786993
137.0349578857422 -1 431.5000305175781 312.0475158691406 -1 431.5000305175781 312.0475158691406
0.9861791974564107 0.1419070190579242 -0.019121905092062144 -0.08335071200640017 2.020563388084731 -0.588401046898491 -0.1387119797717355
74.14701843261719 -1 920.218505859375 224.0742645263672 -1 473.4916687011719 257.22186279296875
0.9839131360351095 0.14933748737794206 -0.021915779374666846 -0.0955664910708768 1.9066318274999328 -0.6885792962647516 -0.19753888066467085
166.9951629638672 519658 594.65087890625 214.38641357421875 -1 341.1921691894531 239.53668212890625
0.981410260505182 0.1515212855348911 -0.022635435738732956 -0.11559774069558046 1.7796209528259455 -0.78664926262791 -0.2211391120425851
147.5266876220703 699515 825.4619750976562 155.45765686035156 -1 827.9520263671875 158.85438537597656
0.9777215955692161 0.15672410930982744 -0.02309745823755215 -0.13771180973900543 1.6265449456805994 -0.9294204649489379 -0.23517596607664853
137.8332977294922 -1 794.9893798828125 167.34938049316406 -1 844.9463500976562 229.63453674316406
0.974575408506398 0.1622112106537473 -0.024568289390747615 -0.15259978843119576 1.4625599634065596 -1.0459792281131883 -0.2446040076430315
230.04461669921875 -1 780.5100708007812 267.3331604003906 -1 862.1569213867188 277.0627746582031
0.9721731187031413 0.16247433970572345 -0.02677801080817393 -0.16662669157537352 1.303223820035604 -1.102306149681526 -0.2376198234593256
162.4493408203125 -1 855.09423828125 192.7213897705078 -1 704.7158203125 239.7090301513672
0.9694935621433063 0.15636769898964087 -0.02779904295483266 -0.1867045497200423 1.14422119905306 -1.106398999113096 -0.21938034449105243
204.4635772705078 -1 692.5740966796875 206.63963317871094 -1 818.5497436523438 209.81544494628906
0.9676618734404433 0.15141697732923312 -0.027793995408152767 -0.19982715402432624 1.0318380256209916 -1.0856524941714538 -0.20416269330503878
51.0 -1 606.0 168.0 461209 786.5 198.5
0.9653476101978147 0.1521002150144442 -0.031004953895748477 -0.20978133594733975 0.8970136715853365 -1.098081780838766 -0.2102894438223843
215.73341369628906 -1 629.1644897460938 231.4844207763672 -1 740.6957397460938 241.53170776367188
0.9642485856172395 0.15264779881208745 -0.03341423025205942 -0.21402524119748131 0.7732109809832257 -1.1035331949679625 -0.20588101086129718
170.09060668945312 771588 530.5377197265625 174.79391479492188 334839 1304.927734375 211.6427459716797
0.9636719178047 0.1507542093488646 -0.03419111071762428 -0.2178085653644172 0.6873904852495961 -1.086876999504115 -0.18058630420552382
3.9162678718566895 -1 800.6953125 4.909608840942383 640472 563.933349609375 4.779408931732178
0.9636181599222876 0.14815670620083474 -0.03502969461596439 -0.21968739784251695 0.6228614805468586 -1.0634994437038567 -0.15120186821547266
3.76954984664917 -1 623.649169921875 6.378397464752197 135307 464.294921875 8.707170486450195
0.9638282303700619 0.14512793865971138 -0.036513104001155094 -0.22054436514746567 0.5592882119793126 -1.0369905432123354 -0.12391748759259515
4.404006481170654 -1 720.2197265625 20.633888244628906 -1 720.2197265625 20.633888244628906
0.9638027223222333 0.1427316279876134 -0.03968738797393172 -0.22166845975930877 0.49074251811485387 -1.0161896688400873 -0.10509370292826374
57.056949615478516 646635 1078.93994140625 116.1761703491211 541754 793.5010375976562 222.9812774658203
0.9630293124004969 0.14164063252043707 -0.0435729860481876 -0.22497526433695125 0.40077557826042637 -1.009869796634731 -0.08641062191804084
127.8069839477539 -1 481.796630859375 218.76681518554688 -1 449.7739562988281 235.63453674316406
0.9620877944928675 0.1398890752572056 -0.044837849885431415 -0.2297992374425674 0.32210352970582673 -1.016712728974931 -0.06669825140848472
16.662437438964844 -1 789.6038818359375 17.35687828063965 162642 682.8146362304688 70.26707458496094
0.9612217187660974 0.13690339604104412 -0.048152809194396184 -0.23450282405861705 0.2333109877270041 -1.0164472641366955 -0.0337739779926223
33.988624572753906 -1 1066.4293212890625 91.7974853515625 701398 1066.4293212890625 91.7974853515625
0.9614428264165803 0.13216071568016394 -0.05281547988778382 -0.23531205206539585 0.1601200754910277 -0.990925662903141 0.015816678834937568
22.116731643676758 -1 746.3017578125 34.307151794433594 -1 1082.4718017578125 72.13184356689453
0.9616601776052998 0.12712482626342778 -0.05489126112580595 -0.23671909683769793 0.12621215949218273 -0.955078858374843 0.07378504524844341
4.848506450653076 -1 864.539794921875 4.899282455444336 -1 864.539794921875 4.899282455444336
0.9616470046824894 0.12231639536967388 -0.05497059637715765 -0.23927384174394326 0.10170047441787985 -0.9111782082199387 0.13142438691779265
6.260965347290039 68712 708.7308349609375 5.9653544425964355 -1 1035.8497314453125 9.766754150390625
0.9614366461410455 0.11827199050033929 -0.057054337944653574 -0.24165287964732235 0.06010298044185465 -0.8813369145360027 0.1819313351569046
4.587718486785889 -1 977.9217529296875 7.2318925857543945 136323 908.739013671875 24.433860778808594
0.9613544001391533 0.11615698971183115 -0.06237143698640585 -0.24169210769577257 -0.0033046118675658584 -0.8660212070045799 0.22507087814460391
2.9221103191375732 -1 805.3223266601562 74.9503402709961 172039 864.6537475585938 100.36116027832031
0.9620051303110289 0.11529005046552046 -0.0685825162528408 -0.23780406216746416 -0.06292451946737956 -0.8678188315543277 0.2717836500300598
4.970665454864502 -1 550.8060302734375 6.360084533691406 -1 1010.5545043945312 6.057870864868164
0.9628459088402453 0.11449231375407408 -0.07051510562702198 -0.23419411990750427 -0.07011493889151856 -0.883104102080561 0.32775166438071784
3.931340217590332 -1 918.142578125 4.486883640289307 -1 934.10693359375 4.954970359802246
