0.9997330754122021 -0.017867320167317954 0.012510204513928985 0.007617846146938762 4.180811685912706 -0.5088333860402992 0.3616515375829736
0.8984958529472351 -1 1149.1439208984375 8.198799133300781 -1 803.2603759765625 22.458288192749023
0.9997408517403863 -0.017014439514397323 0.01161254730681653 0.009689528082669369 4.204012190620612 -0.5380248058800117 0.30352851438358947
12.419822692871094 98921 746.5350952148438 23.164840698242188 96843 742.2979125976562 24.74484634399414
0.9997814788790228 -0.014667316751032182 0.01113588082193514 0.009892242825500702 4.222760153964259 -0.5958607607415584 0.21153963976250653
10.776261329650879 -1 876.1431274414062 23.43878746032715 644366 1173.6173095703125 37.49598693847656
0.9998254649558451 -0.012493502282973324 0.011988066396272342 0.007017000114868691 4.23234049143227 -0.6798401243088497 0.11607991534893024
5.975570201873779 93601 1125.908203125 5.874477863311768 78778 453.9834289550781 7.340886116027832
0.9998462735773342 -0.011197591788479726 0.012936524142783776 0.003832687667977268 4.231778010878437 -0.7554730786116873 0.05466378772159658
13.744089126586914 586047 361.4969787597656 20.845808029174805 -1 610.3468017578125 20.344240188598633
0.9998808795526193 -0.010234611878689976 0.01142969364610135 0.0016856832232719531 4.216806886461535 -0.8064180259723313 0.03657671581265208
5.558695316314697 -1 687.4405517578125 27.323505401611328 37778 761.5872802734375 27.608482360839844
0.9999304670791854 -0.007486066505881903 0.008426828179900961 0.003465311226734292 4.200570439464613 -0.8293759396037624 0.03982715178748553
29.82860565185547 68911 1089.12353515625 55.680233001708984 -1 1059.787841796875 59.871612548828125
0.9999573771649559 -0.0034344410047513433 0.005611576395453025 0.0064775519083263185 4.201033921357167 -0.8459960364808169 0.03387407841954331
6.67699670791626 559337 1240.6690673828125 12.765409469604492 39736 1238.5255126953125 19.88328742980957
0.9999720616762252 -0.0012234188637878667 0.005621350340090201 0.0047727909693712454 4.206291475279135 -0.8901797175216211 0.010448198185676516
3.865419864654541 -1 1104.135009765625 5.475090026855469 65067 1104.135009765625 5.475090026855469
0.9999460549832851 -2.8618358482100805e-05 0.010209162350075794 0.001912931902692863 4.226184577299193 -0.9368411125221118 -0.03539599356312957
4.734753608703613 23918 895.1482543945312 5.474227428436279 -1 715.6005859375 9.844552040100098
0.9998607347669679 0.0022556120513293363 0.016535515450548943 -3.783855936161189e-06 4.257681878889617 -0.9738634495352952 -0.09605338627010192
4.281764507293701 70189 637.9957885742188 3.5956618785858154 -1 1057.0125732421875 4.556908130645752
0.999818157517126 0.0035440181614484053 0.018732168222317266 -0.0004446437019009543 4.272204789252507 -0.9873319184203672 -0.11452473965239184
4.97985315322876 586273 710.9217529296875 4.662359237670898 38107 710.9217529296875 4.662359237670898
0.9998321120361927 0.00374643444923782 0.01793144802751461 0.00041849946273641393 4.272592585900385 -0.9822471639315214 -0.10782295950578921
3.695237159729004 378272 710.4733276367188 3.695237159729004 38107 674.5064086914062 4.047790050506592
0.9998591674711897 0.0038847911738550444 0.016321565348825427 0.0004001573677945175 4.261755260572922 -0.9823997987868291 -0.09493731905255642
2.23432993888855 378272 704.32861328125 2.23432993888855 38107 668.6552124023438 3.381239652633667
0.9998748978234728 0.004197985967961326 0.015250027815698368 4.762282284660541e-05 4.247563830689843 -0.9832904797772071 -0.08272668391233118
3.9894838333129883 38107 697.650146484375 3.9894838333129883 378272 661.7219848632812 4.359868049621582
0.999886834962408 0.0038343752394509887 0.014540198462464531 -0.00044436927601605643 4.236871935008147 -0.9836346836810849 -0.0755128083588561
6.241367816925049 644887 681.2435302734375 5.889339447021484 586273 747.183837890625 7.016402721405029
0.9999032297765355 0.003177693130997615 0.013511539052167287 -0.0009336280094265569 4.226644499234482 -0.986234954593932 -0.05784158354971448
3.756610631942749 -1 691.684326171875 4.109013557434082 70189 652.387451171875 10.918871879577637
0.9999205858564346 0.0024542280983431827 0.012360915132102255 8.075928977107271e-05 4.222804886036975 -0.9709342163529054 -0.03860636829553313
4.76467752456665 7817 716.3555297851562 4.76467752456665 556679 904.2315063476562 4.767568588256836
0.999932463132127 0.001490005905522019 0.011521607376862976 0.00031877950441805517 4.218050561491515 -0.9638076985791931 -0.026385549045543803
3.2498812675476074 -1 660.1761474609375 3.2044122219085693 -1 693.9638061523438 4.522523403167725
0.9999452219548018 0.0009963343874407559 0.010418845742025782 -8.978281864906802e-05 4.209645533226489 -0.9654072432306693 -0.006386905451866816
5.164305210113525 585326 656.1347045898438 7.672862529754639 -1 621.4170532226562 8.374849319458008
0.999956544564823 0.0003150435802524703 0.009237767513415098 0.0012138290199440486 4.20681574835743 -0.9487799411135335 0.012550862680515465
7.94826078414917 585762 1158.725830078125 7.928803443908691 657310 600.632080078125 11.4953031539917
0.9999575285102853 -0.00094809594210628 0.008798234195927492 0.0025755319295370687 4.209838027462416 -0.9316097559720865 0.024336262730575518
3.796816349029541 -1 525.2727661132812 16.441909790039062 23930 1157.8515625 16.01088523864746
0.9999564422957649 -0.0015450361773587439 0.008690742798645193 0.003032715617311702 4.2123232675283875 -0.9266955549936534 0.03594352425478229
3.6857049465179443 542383 914.06396484375 6.665536403656006 1054 1099.528076171875 5.9687676429748535
0.9999459149265549 -0.0009355689679612406 0.009367779509663129 0.0044200270880911455 4.221243911083828 -0.9255173830655771 0.04183207439504581
3.288118600845337 542383 1170.5386962890625 4.5004706382751465 585657 1102.66162109375 5.538905143737793
0.9999311148157114 0.001570567227348803 0.010259241122614482 0.005481506506537574 4.239359299175524 -0.9310095415195424 0.027553116893261127
7.3240885734558105 -1 1007.2840576171875 8.911081314086914 609627 1170.07763671875 8.647016525268555
0.9999232676935192 0.00475942738799645 0.01022867853860911 0.005116709040689651 4.24774473776109 -0.9430783772932622 0.01816843911049116
4.9785590171813965 103 726.7755126953125 6.405256748199463 556679 726.7755126953125 6.405256748199463
0.9999389321936821 0.0048495168420347925 0.008836398695001937 0.004531239108741526 4.248240786175106 -0.9317318951715683 0.029702230493190703
6.617781639099121 23918 1220.46728515625 6.805180072784424 2170 1195.828125 8.319721221923828
0.9999639519938659 0.0027046975211821958 0.007943364632785554 0.001297028310799072 4.237226429843603 -0.9273973469252184 0.044174237327035605
4.007249355316162 31645 682.8214721679688 5.790882110595703 -1 920.7927856445312 5.036900520324707
0.9999678809108866 0.000512749321976752 0.0077934844258440135 -0.0017988427468651601 4.211576832492479 -0.9291467306062364 0.052494624835758966
4.304808616638184 39736 551.760986328125 11.0711030960083 559337 1095.4132080078125 13.650400161743164
0.9999766658059742 -4.74870462739398e-05 0.00683117508606356 2.5208948456154913e-05 4.169304123834968 -0.9072428971876082 0.062101486540827026
20.860271453857422 31440 974.43896484375 36.64126205444336 609627 1158.3575439453125 40.96078872680664
0.9999606410002991 -0.001156710032510106 0.004922792833798851 0.007290033119747714 4.118780384709571 -0.8412948041122681 0.0674836553186332
25.052457809448242 31645 958.2740478515625 40.60020065307617 609627 676.7945556640625 45.901573181152344
0.9998700560416605 -0.0026308601685733463 0.002713643013535853 0.015671175693461516 4.071358180368498 -0.7782000555167736 0.09095900487791339
0.5 -1 0.5 0.5 -1 0.5 0.5
0.999752988524402 -0.002150791970755014 0.001100392780961273 0.022093554855505695 4.004184250057461 -0.7434562721757224 0.10377016700623273
9.021388053894043 34146 816.6366577148438 40.80668640136719 646160 563.8016967773438 41.52147674560547
0.9996442668726986 -0.0006298837484246492 0.0013034854598696737 0.026631633082940823 3.944033747282809 -0.7316073512471983 0.1044928044932317
0.5 -1 0.5 0.5 -1 0.5 0.5
0.9995893808912648 0.0009416296104029728 0.0025672873388292074 0.028523533771516042 3.8708537173998274 -0.7372763684875292 0.09436655662576855
4.859297752380371 584582 653.5437622070312 5.483608722686768 2154 579.7809448242188 7.386414051055908
0.9996025533482903 0.00038604934736583387 0.0048063637120693056 0.02777562192548463 3.8158524360034676 -0.7487230418044897 0.07670070065487503
5.300739765167236 542383 417.4788513183594 8.48492431640625 -1 1110.7646484375 8.881693840026855
0.9996332486924017 0.0010859008966188724 0.0072974535189247085 0.026056402285368107 3.7766533271713953 -0.7725232082145607 0.05563519322946252
5.4025468826293945 66900 634.1340942382812 7.661449432373047 23696 1098.4737548828125 7.347775459289551
0.9995993068962732 0.0023871390851863423 0.010486910023722004 0.026183046759928517 3.7397917913739818 -0.7850773014906443 0.032632963834474546
4.378455638885498 27608 920.9097900390625 7.693108081817627 709283 501.1266174316406 12.623708724975586
0.9995884364956464 0.0027088166234579022 0.012764196190042808 0.02554790074177578 3.7023400392104286 -0.7988123139638869 0.01765353981815943
6.400145530700684 6047 996.8382568359375 9.738872528076172 657310 491.6545715332031 11.395636558532715
0.9994962261512534 0.0018177133698031559 0.014712454280232854 0.028063027572946382 3.671457026884586 -0.781138935977864 0.013457102113985438
2.582923650741577 66900 612.306884765625 4.534671306610107 -1 612.306884765625 4.534671306610107
0.9994527476465208 9.548389730684537e-05 0.015852176316426946 0.02903281954406935 3.6272827922996376 -0.7663367412589387 0.019988465804250736
3.43501353263855 542383 1059.56982421875 3.416727066040039 39736 1057.3736572265625 9.729424476623535
0.9994563155224981 -0.0017187986654906317 0.016501512962870765 0.02849244045841924 3.5759407877991696 -0.757663523219516 0.02931622761550353
5.865116596221924 -1 596.1369018554688 12.71031665802002 2151 859.623291015625 12.806716918945312
0.999462644816277 -0.0029128380395552753 0.017328961687223168 0.02767027427133294 3.5193740233655975 -0.7520538149317678 0.037012031749931784
22.357742309570312 584582 705.953369140625 23.144182205200195 1054 705.953369140625 23.144182205200195
0.9994952036072979 -0.0035586855198399196 0.018333927991951916 0.025700988458869818 3.4515708118551287 -0.7574570811886241 0.03619834321845346
5.263447284698486 34145 557.6364135742188 19.648052215576172 34146 558.7904663085938 28.810943603515625
0.9994982629403867 -0.0032403124874637447 0.019748803969530025 0.024550101749410105 3.397636149473202 -0.760560402160144 0.02557068425851031
5.850170135498047 34145 992.06396484375 5.911337375640869 57451 992.06396484375 5.911337375640869
0.9995012467208367 -0.0026957482816551497 0.021100878363665556 0.023339744578224377 3.347511958354321 -0.7672883371941297 0.012219107053272681
5.258475303649902 34145 963.616455078125 26.558242797851562 39736 782.1510009765625 27.8957576751709
0.9994818166364787 -0.0014643481651777604 0.022581821485737282 0.022891379073395498 3.2970263921293474 -0.7715811800304232 -0.004388239908533225
7.199464797973633 -1 536.177978515625 8.468772888183594 34566 1202.154541015625 11.627184867858887
0.999451733054031 -0.0010692378769226944 0.024161557821980387 0.022612146056310248 3.2655435310280807 -0.7772452022746468 -0.014262819589680403
15.502418518066406 644104 984.3978881835938 18.044721603393555 585147 940.0133666992188 19.142553329467773
0.999391443847949 -0.0009551152341386516 0.025446628207867875 0.02383901909164783 3.238386686377895 -0.7793813566204105 -0.027132399107555577
12.885528564453125 585147 385.539794921875 13.612451553344727 82197 304.2748718261719 14.375344276428223
0.9992692527950471 -0.0008804734771356785 0.026308827836876863 0.027713367942816588 3.218160284657567 -0.7695888802562789 -0.03715306491111386
4.872061252593994 -1 975.4877319335938 7.023980617523193 585147 745.7902221679688 8.71046257019043
0.9992460443928872 -0.00015125168529374407 0.02697925290125896 0.027918449114978733 3.17983681686116 -0.7859329931833746 -0.0424623755846788
5.082178115844727 542383 842.6129760742188 8.677987098693848 585657 598.3101196289062 12.899820327758789
0.9992590026612401 0.001111548136606887 0.02744480518372631 0.026962802703563007 3.125887274885469 -0.805197185840836 -0.046505467830218056
6.779012680053711 585602 458.8565368652344 14.320732116699219 39268 815.9248046875 16.85849952697754
0.9992560977402503 0.0021027764884016397 0.02695010370029724 0.027504933566736514 3.0691987053537355 -0.8117902973388077 -0.04511589562723993
7.806247234344482 39268 796.2150268554688 11.634960174560547 657310 765.85546875 16.70335578918457
0.9992488828929186 0.0011132565502987445 0.026011384491259802 0.028702588279726052 3.0126908601666837 -0.80717287929048 -0.032747078602800295
9.242844581604004 39268 352.0032958984375 12.583606719970703 556679 644.9874877929688 13.098071098327637
0.9991330269486176 -0.0011837842333310314 0.026404632788846798 0.032165019550250806 2.9677730969451286 -0.7800643635957264 -0.0158933584860097
2.9684901237487793 -1 846.4735107421875 3.531118631362915 39736 635.0216064453125 5.083207130432129
0.9990263487550525 -0.0029905433310494656 0.027038970275495424 0.03473190507551085 2.92802379805165 -0.7559568336732676 0.004823422378713391
5.304803371429443 -1 834.0204467773438 6.144486904144287 -1 1587.1236572265625 6.732046127319336
0.9990234446528684 -0.0029734929735498483 0.027014083315326752 0.03483611166714968 2.9023413483954354 -0.7586991106123181 0.017514310503680713
3.792349338531494 709464 885.2870483398438 17.83266258239746 62447 645.9423217773438 18.18109130859375
0.9989393556131695 -0.0027801483201083154 0.028055222731942497 0.03640520649474726 2.90042058831782 -0.7442413958698877 -0.00883073966920573
5.472174167633057 -1 835.5455932617188 5.8464531898498535 -1 1058.9483642578125 7.787569522857666
0.9989223818173933 -0.0029854928861065594 0.028228557157655838 0.03671934772418624 2.8969170377637323 -0.744067053092786 -0.028513430708735615
5.978052139282227 -1 643.7030639648438 6.988688945770264 584582 872.8284912109375 9.642568588256836
0.9990957678504798 -0.0012435379788659187 0.026882511538549963 0.03291551078040616 2.8850998744413445 -0.7726104965516678 -0.04808846258578669
2.666849136352539 -1 384.9651184082031 10.98991870880127 39268 603.8095092773438 17.289823532104492
0.9992416093857415 2.792075257261269e-05 0.02672980727425189 0.02831470811621084 2.8642289843987947 -0.7981039854694874 -0.07840786774905409
6.87051248550415 356202 724.8529052734375 7.574225902557373 657310 748.461669921875 13.34880542755127
0.9993269410085214 0.00028303586327492236 0.02857250084257164 0.023004283532699635 2.8289973396531023 -0.8332056773021577 -0.09070780654325067
6.143013000488281 657310 356.39959716796875 7.448442459106445 39268 576.04736328125 7.013301372528076
0.9993629132273606 0.002436306547221806 0.031112856927923628 0.017315374957344285 2.760179060427315 -0.8684444449059294 -0.09976160847921588
5.11265230178833 657310 729.219482421875 5.289157867431641 -1 711.3131713867188 9.700889587402344
0.9992571583612223 0.0021076212472455023 0.03206449027063935 0.02127340734855235 2.687231354319148 -0.8361216949177982 -0.09620460307939473
121.34945678710938 -1 847.9729614257812 262.0103759765625 663381 946.8023681640625 269.4787902832031
0.9992542443703444 0.0014979236993750927 0.02987607563404078 0.024415803020832256 2.589994846334898 -0.8110699667842728 -0.05912152376954199
0.5276397466659546 -1 0.5274608135223389 0.5276397466659546 -1 0.5274608135223389 0.5276397466659546
0.999256343081443 0.0023889503061089467 0.026629268917949152 0.027783732017714943 2.482810056796421 -0.7892953664836416 -0.020906476207387795
283.47406005859375 -1 636.0762939453125 320.6379699707031 52438 897.6934814453125 320.33837890625
0.9992123695311838 0.0018657780431656698 0.024204392828687676 0.031389597257138066 2.401285416568328 -0.7593682961513782 0.009768658876958857
56.63068389892578 -1 1222.7366943359375 73.25357055664062 708437 1236.1517333984375 86.99102783203125
0.9992213449946804 0.00034379138426530797 0.02465085309402288 0.03080456064031978 2.3427415601708117 -0.7458800233429093 0.026579463498861207
12.393515586853027 135237 553.6535034179688 46.383060455322266 657310 466.04931640625 84.07149505615234
0.9992024716469963 -0.000554703456666287 0.026987882690554216 0.029423921330944923 2.2977415282093405 -0.7416363764417313 0.033674123017181846
0.5 -1 0.5 0.5 -1 0.5 0.5
0.9991667855072662 0.00025398538860940705 0.02916836843220728 0.028546041993629326 2.2526258012914515 -0.7463013640878496 0.03931184977426732
4.672435760498047 657832 1410.2049560546875 7.519801139831543 538746 373.3440246582031 16.817516326904297
0.999080163227256 0.001102550333775545 0.030438800220197085 0.03018428845800189 2.2133565118002196 -0.7424112344374313 0.041355755096894486
0.5 -1 0.5 0.5 -1 0.5 0.5
0.9989904061840046 0.0011048977777106245 0.03086518283610306 0.03262342780445101 2.176626114940214 -0.7337416377203411 0.04732570284314198
5.931173324584961 602815 1334.659423828125 8.424798011779785 657832 1039.3746337890625 19.09797477722168
0.998923452661555 0.0007887774651436953 0.03053889477219595 0.034909733011315766 2.142357890790393 -0.7224346663939268 0.059378658079634675
17.862464904785156 -1 1031.5206298828125 27.23668670654297 569479 1481.30517578125 28.8128719329834
0.9988922319402463 0.00024111818380686138 0.030041544299999744 0.036218178412584845 2.1045108413940254 -0.7105799884883983 0.06895187912955378
3.6295089721679688 -1 1020.3187255859375 3.6295089721679688 -1 1071.065673828125 16.143529891967773
0.998842989627265 -0.0001780159203071498 0.02989669277310213 0.037667467980076606 2.0609002910987253 -0.6960617328544043 0.07205574918395398
0.5 -1 0.5 0.5 -1 0.5 0.5
0.9988366921896485 0.00013068541376115006 0.030514121677513335 0.0373380989769665 2.018585246841673 -0.6938095065012911 0.0716774042287602
8.680146217346191 896100 1049.39990234375 8.680146217346191 601498 1499.5146484375 28.621562957763672
0.9988764427171026 0.00013806337954895122 0.03189780989280276 0.035048007751834864 1.9639307086407638 -0.7021663201770644 0.06961700990973547
8.063139915466309 896100 1032.925048828125 8.063139915466309 601498 1533.5460205078125 9.416598320007324
0.9988836806255843 0.00032004633616698736 0.03263061395336771 0.034154548500232765 1.9068521076953586 -0.7089420625682763 0.07051317676076117
3.7992758750915527 -1 1015.1932373046875 7.212650299072266 896100 1015.1932373046875 7.212650299072266
0.9988786001598735 0.0006818532382126146 0.03236302943947307 0.034550130887060604 1.854155794201704 -0.7140863551871538 0.07695253428374725
6.810131072998047 143807 1028.0054931640625 6.810131072998047 -1 1394.5379638671875 8.241643905639648
0.9988827644913278 0.0002953905747594918 0.03141423547247746 0.03530271032442806 1.788469518234705 -0.7195009207189434 0.08591722064942527
6.705170631408691 896100 978.3645629882812 6.705170631408691 601498 1410.3822021484375 24.580942153930664
0.9988859710831504 0.00010076201384948632 0.030621632411496652 0.03590434860491932 1.7314563184381115 -0.7253278786692465 0.09073261386951893
4.434866428375244 -1 896.0548706054688 4.434866428375244 -1 960.2066650390625 5.380679607391357
0.9989139599304326 0.0005275267345183425 0.030096518956062912 0.03556433492100987 1.6725630518497783 -0.7390471964553805 0.09307315734292611
1.6987887620925903 180860 1400.6175537109375 4.280556678771973 -1 1145.9901123046875 21.140544891357422
0.9989323900241337 0.00171533425790827 0.03022253031808369 0.03489608072876318 1.6224783999823074 -0.7542989897508644 0.09434970370179632
0.5 -1 0.5 0.5 -1 0.5 0.5
0.9989087645236101 0.002178283581168602 0.031039514179166505 0.034829352535988095 1.5833703808319342 -0.7598970985739684 0.09573254932570266
3.7936558723449707 -1 1323.260986328125 3.7936558723449707 -1 1377.2384033203125 4.895242214202881
0.998840572396672 0.0016615600623023676 0.03275658420389048 0.035238563304162404 1.5557629608110373 -0.7577090772375696 0.09455775735850674
6.857388973236084 584505 1287.979248046875 11.29588508605957 667139 1326.02392578125 12.453205108642578
0.9988070317052666 0.0013503150155334213 0.03478028100366153 0.034249410488059365 1.5303348027205463 -0.7599898392483085 0.09433208239348859
3.4573724269866943 155296 1309.171142578125 4.776752471923828 515357 1134.9739990234375 5.8199052810668945
0.9988314914425318 0.0018250871212841936 0.03612535160977265 0.03205120482536496 1.5007133158421568 -0.7669357322044837 0.09706355688219553
4.535477638244629 584505 1270.4864501953125 9.348560333251953 667139 1259.051513671875 12.61559009552002
0.9988098596753561 0.0011861215902884302 0.036567908869657384 0.03225283509661002 1.470471556634015 -0.7638745918190807 0.1050075034191375
0.5 -1 0.5 0.5 -1 0.5 0.5
0.9987908220030918 -0.00048648421579047633 0.03593643231385918 0.03354444884101399 1.4293316768292086 -0.7564270073852414 0.11583363756608735
3.7438621520996094 158762 860.3145751953125 4.63871431350708 -1 809.1378784179688 6.38201904296875
0.9988340101900594 -0.002551987546812588 0.03433105352014735 0.033845032300206294 1.3706508790386662 -0.7454772404858097 0.11862013232527346
4.980925559997559 -1 827.5404052734375 7.582581043243408 666775 841.319580078125 11.344324111938477
0.9988189733946571 -0.004204100680382164 0.03269238452367577 0.03569582494450397 1.3229449065541012 -0.7303845263613252 0.12576986088835837
7.101880073547363 -1 813.7412109375 15.520390510559082 666775 1433.4056396484375 17.933120727539062
0.9987930221145064 -0.00490278042577463 0.030407971646528913 0.038259861210042836 1.2717579206824756 -0.7193322915226452 0.14196435871448262
0.5 -1 0.5 0.5 -1 0.5 0.5
0.9987739224465062 -0.005195554298770023 0.029638560783282492 0.039309207204479016 1.23392022298887 -0.7134575191992245 0.1476069079334497
6.070622444152832 710664 1208.233642578125 5.655118942260742 166882 820.6668090820312 8.136048316955566
0.9988065902647915 -0.006609867441301381 0.03171593177822028 0.036548660269138 1.190891580534929 -0.722645805686366 0.1515990622311415
2.3819620609283447 -1 779.3220825195312 4.7590179443359375 158500 994.2632446289062 4.512180805206299
0.9985663487789102 -0.005769715870905047 0.034112265668169335 0.04084496047383664 1.176064056291183 -0.7357251783600779 0.15227848668826513
3.7677507400512695 -1 1113.15966796875 4.599849224090576 -1 803.5082397460938 12.365835189819336
0.9983878682816917 -0.0032411663784433628 0.03486910843476096 0.044668832371259716 1.1574401990176637 -0.7503550548178867 0.13017625560350155
9.319575309753418 541726 800.1865234375 11.751251220703125 601498 800.1865234375 11.751251220703125
0.9982959507897029 -0.0016488547071583375 0.03383899290800444 0.047512087662086824 1.1327995025330173 -0.759542528473119 0.11278204313604716
3.4158732891082764 -1 1583.484619140625 4.020546913146973 -1 1016.69140625 4.435427188873291
0.9984794502612506 0.00039126675346373284 0.03047917322878025 0.04593097337971844 1.0841937105677495 -0.7615832834144621 0.0958197385091012
11.12712574005127 431037 1162.112548828125 12.425929069519043 602815 984.7969360351562 13.25197696685791
0.9987268531850814 9.87029146656451e-05 0.02749454050144257 0.042293181807168186 1.0218736882479984 -0.7565299074730568 0.10061279782388202
3.501218795776367 774373 1147.0484619140625 3.501218795776367 -1 1132.9356689453125 17.09885597229004
0.9988319226771334 -0.00033618320451635995 0.025936059907437345 0.040767609918071115 0.9651247708773953 -0.7457192996076353 0.10476809801404885
0.5 -1 0.5 0.5 -1 0.5 0.5
0.9988518371354104 -0.0003279971135501119 0.025294793864680684 0.04068259176174069 0.8977619964420505 -0.7370990976400759 0.09807966290120883
0.5 -1 0.5 0.5 -1 0.5 0.5
0.9986091916744235 -0.0013354021430018147 0.0255476568908915 0.046100067590581335 0.847594489355265 -0.7212797068935928 0.09126809776769614
0.5 -1 0.5 0.5 -1 0.5 0.5
0.9984965801203348 -0.0004186537562587739 0.025818573164064558 0.04835085828400741 0.7802298455689265 -0.7195848066593838 0.09405184758384158
0.5 -1 0.5 0.5 -1 0.5 0.5
0.9984108894392856 0.0011028655756250723 0.026542616422772083 0.0496987831844036 0.7242792662259442 -0.7249400024927758 0.1058668688324675
4.862988471984863 -1 1574.6773681640625 7.7006707191467285 -1 1255.6134033203125 8.290383338928223
0.9984047448975896 0.0011388328988532837 0.028724213558904824 0.04859617249362555 0.6709928833178208 -0.7310836688144084 0.10832309154448497
4.052104949951172 -1 1203.1072998046875 3.7970268726348877 185744 1159.909423828125 4.4747700691223145
0.9983858468284162 0.0011706889921961725 0.031032681156737386 0.0475531601496038 0.6339101448484571 -0.7382152086078315 0.10614571337819123
3.7527196407318115 211263 1121.1971435546875 6.011018753051758 450957 1121.1971435546875 6.011018753051758
0.9984631581180087 0.001885342887643057 0.032608096488521046 0.04477141282787372 0.5903597682734799 -0.7502986057443586 0.10621875332615424
4.005617141723633 -1 1023.5029296875 3.7364399433135986 -1 1023.21875 11.638763427734375
0.9985025706296509 0.0025437048235408214 0.033230732947897565 0.043380461033686306 0.5495094355497641 -0.7585181126322064 0.1084284136295077
0.5 -1 0.5 0.5 -1 0.5 0.5
0.9985256707017057 0.0026204475245604412 0.033103117452006295 0.04293951349792498 0.5061655068358204 -0.7603177970754644 0.11284758819245401
0.5 -1 0.5 0.5 -1 0.5 0.5
0.9985260602884618 0.002184621610133436 0.032901516003245465 0.04310944905600027 0.46614797939043257 -0.756336292063292 0.11857568998119615
4.516722202301025 -1 785.8836059570312 5.649959087371826 166568 785.8836059570312 5.649959087371826
0.9985124661560573 0.0020867915990330924 0.03292340687655575 0.04341139840423801 0.42857678955674383 -0.7530100170027653 0.1257082680852791
0.5 -1 0.5 0.5 -1 0.5 0.5
0.9984979660821387 0.0023196355463333466 0.033235579946872054 0.043495140491318494 0.39214845972159723 -0.7511007992542276 0.13116215387391286
4.568717956542969 451118 1027.5653076171875 4.568717956542969 -1 570.107177734375 4.984248638153076
0.9984917950500823 0.0020408552902806557 0.03316948428049102 0.043700748734031215 0.35626294197679187 -0.7475237736961409 0.13614223085737207
0.5 -1 0.5 0.5 -1 0.5 0.5
0.9985234433379783 0.001388452511736582 0.032554146620432406 0.04346530618672099 0.3104950902792683 -0.7422277625448646 0.14032345776188745
5.0265212059021 -1 1330.4635009765625 5.0265212059021 -1 1300.9775390625 8.953773498535156
0.9985453229165047 0.001623690459382464 0.03208055418157331 0.0433063477364308 0.27096886655551344 -0.7429529127735454 0.14120403283723504
4.853516578674316 230538 1315.902099609375 4.853516578674316 207476 536.6990966796875 5.742912769317627
0.9985623535590021 0.002601449111494492 0.03214311977150899 0.04281680007404932 0.23318427108022177 -0.7507607088507805 0.1401297700413882
2.459012269973755 -1 525.2130737304688 2.459012269973755 189847 1275.16162109375 3.957156181335449
0.9985712120514698 0.002924792599704627 0.0331093392990892 0.04184198491330267 0.19860122190590868 -0.7568197415850492 0.13771798207378913
0.5 -1 0.5 0.5 -1 0.5 0.5
0.998599974575889 0.0024501742214714066 0.034027967546640524 0.04042505223203995 0.16392516345541386 -0.7585303824666488 0.13910978024001625
0.5 -1 0.5 0.5 -1 0.5 0.5
0.9986186447111971 0.002017455952551706 0.03439614975769071 0.039669096139160635 0.12235719116877321 -0.7558601810723142 0.1461813729009917
3.7122344970703125 188736 1067.773681640625 3.7122344970703125 211263 846.0339965820312 3.9173927307128906
0.9986186631945617 0.0012649713895578193 0.03421338304424174 0.03985736804605049 0.0864085176813588 -0.752255195838775 0.15303358154057967
6.216591835021973 519454 483.24139404296875 16.273836135864258 538174 870.6021728515625 17.946937561035156
0.9986502410970741 0.0008249272937193329 0.03384456741871368 0.039389855393946016 0.03861269757200713 -0.7512329650720556 0.15510917662616003
4.267369270324707 167183 899.4633178710938 15.627572059631348 451118 903.0276489257812 19.252445220947266
0.99866032177308 0.0012975495762324422 0.03461587704532365 0.03843981188258894 -0.007191272795392106 -0.7563581614969327 0.15422661002907326
0.5 -1 0.5 0.5 -1 0.5 0.5
0.9987131051954236 0.0019448903333472844 0.03504059947341802 0.03661293898404944 -0.044479508923568854 -0.765972834842014 0.148897764352639
5.429505825042725 451118 1170.1634521484375 14.318161010742188 191486 822.3185424804688 17.27030372619629
0.9986810040924068 0.00316128713804807 0.035797767510470396 0.036671217185680775 -0.07551681215454219 -0.7792450848742384 0.1450554843949348
4.5194220542907715 -1 670.77783203125 4.744774341583252 -1 812.6883544921875 9.78520393371582
0.9986759588143147 0.004710898680850826 0.036333106181964135 0.03611152330071796 -0.10863087777386024 -0.7905150305296174 0.14744666885811267
3.385890007019043 -1 1131.671875 7.0601887702941895 435593 615.1305541992188 7.868515491485596
0.9986380769413342 0.004317358216334088 0.03727247764318525 0.036250711872789304 -0.13404581892697748 -0.7895943403442568 0.15433376805968507
4.280745983123779 774373 1133.622314453125 8.47412395477295 411010 1124.1021728515625 9.137928009033203
0.9986342587550041 0.0028592184125829805 0.03845884763854542 0.03524711547386436 -0.16566173875335036 -0.7774762890895415 0.16465473706184477
1.6088114976882935 -1 989.903076171875 4.572279453277588 -1 842.9407348632812 6.857508182525635
0.9986401408142073 0.0013279061444970487 0.039361755230516667 0.03415784016920084 -0.1995061648134969 -0.7630143410999455 0.17152980549497623
3.741426467895508 185744 680.2835693359375 6.111573696136475 167183 621.5770874023438 11.361884117126465
0.9987039683096675 0.00031203256285275774 0.039088167571472945 0.03259450067276808 -0.24770157811224622 -0.7486236693038525 0.17749318766710065
2.4515860080718994 -1 763.2733764648438 2.4515860080718994 -1 1146.875244140625 3.682706832885742
0.9987601047172959 -0.00025395030896895856 0.037373831464853034 0.03288442573580206 -0.3023739309110713 -0.741383040180129 0.18336183219653127
3.308215618133545 209112 791.2075805664062 3.957106351852417 229414 791.2075805664062 3.957106351852417
0.9987498021747749 -0.0005003343784795076 0.036105942975696 0.034567950520581904 -0.33889120105302556 -0.7417551903511344 0.18550423726117168
4.215127944946289 424200 993.5519409179688 4.323346138000488 209110 1001.9808349609375 4.702674388885498
0.998700882880241 -0.0002215566234633567 0.03598728475171091 0.036075099211078036 -0.36741409226914534 -0.7474192654684148 0.1807837984211827
0.9219701886177063 209110 732.5746459960938 3.70737624168396 442285 1186.9920654296875 4.09299898147583
0.9985784404799954 0.00033968052974954997 0.03668225659790096 0.038670335873430224 -0.39059250092051645 -0.7553325402400627 0.17858160496398548
3.7868714332580566 517772 476.5806884765625 4.338521480560303 -1 476.5806884765625 4.338521480560303
0.9984274990017548 -0.00035101374945950575 0.03724649077631817 0.04189397273234667 -0.4159864587508052 -0.7613097466904343 0.17877988069913966
0.5 -1 0.5 0.5 -1 0.5 0.5
0.9980722319712237 -0.0020905349857395137 0.036871956048327055 0.04987893632209459 -0.444678844610471 -0.7766073084550073 0.17696601968955936
3.6996030807495117 424200 908.9285888671875 4.955769062042236 -1 612.4269409179688 6.188695430755615
0.9978047406445953 -0.0027018806943490325 0.03635218606532296 0.05528940184300792 -0.4776648695477461 -0.7888663487596533 0.1783473958153746
3.0184526443481445 -1 687.7413940429688 3.799422264099121 206220 975.5978393554688 4.1761674880981445
0.9974091153773637 -0.0036912266150983942 0.036582613921427386 0.06183157580796975 -0.49706383951094735 -0.8028758803552947 0.17326876553052287
3.728367805480957 -1 1018.9778442382812 5.463933944702148 424200 1061.033935546875 4.950500011444092
0.9970516976278876 -0.00509254707221298 0.03706620891111657 0.06699309202165611 -0.5077877528067171 -0.8196061032229646 0.16793334063876983
2.845065116882324 414656 475.1007995605469 4.227358341217041 -1 475.1007995605469 4.227358341217041
0.9965434674480241 -0.005468127580711492 0.037397283000272154 0.07397743096125728 -0.5040859591962136 -0.8484388603329807 0.1793419928277583
3.764261245727539 424200 738.2567749023438 4.216946601867676 451118 853.2550048828125 4.458785533905029
0.9963269024203183 -0.003969536150180584 0.037286202309818633 0.07698496875103064 -0.49877928408671374 -0.8601753938745982 0.1812287237522013
4.538867950439453 660788 723.3029174804688 6.286984443664551 164408 1030.6676025390625 6.2994561195373535
0.9964866782577442 -0.004382317683132454 0.037061665045689064 0.07497685196520544 -0.5106936357644274 -0.845105840169274 0.18374337282630981
4.918306827545166 451118 1017.1672973632812 4.743788242340088 424264 691.3438110351562 6.838792324066162
0.9968421563442261 -0.00699886460215918 0.03629684317176431 0.07027994312062703 -0.5538295900184594 -0.8161075722540128 0.18283280205469177
3.238269090652466 -1 547.4010620117188 3.969930648803711 -1 998.53564453125 15.899413108825684
0.9969931740674449 -0.008058015759882417 0.03525463200026074 0.06853313189590196 -0.6179606041080745 -0.8054271223027597 0.18311820822390254
2.9446280002593994 -1 527.500244140625 9.08405590057373 205280 527.500244140625 9.08405590057373
0.9972059323072955 -0.007584239058011841 0.03445106000692583 0.06584779687618823 -0.6978279923461164 -0.7994833202306352 0.1732035257607903
3.651998281478882 -1 990.6155395507812 32.903377532958984 519454 560.29638671875 36.01500701904297
0.997018230473338 -0.0075277292806667905 0.03325171612644836 0.06922647449016019 -0.761509995420323 -0.8002768590752015 0.158153481387917
0.5 -1 0.5 0.5 -1 0.5 0.5
0.9968693177355098 -0.006472275586772738 0.032513117155624605 0.07178140580326343 -0.8280121277767878 -0.8106239737619008 0.15094731101888956
3.483635663986206 -1 908.1092529296875 4.324887752532959 -1 1088.51171875 7.370001316070557
0.9964967644212829 -0.004917813448646064 0.03442467652066243 0.07605889333435209 -0.8601329126224834 -0.8366903443991484 0.15745973096255722
7.754924774169922 414656 913.6463623046875 10.227344512939453 491197 967.49755859375 9.987096786499023
0.9963330132311513 -0.002310929269837615 0.037507373816488644 0.07686600848902293 -0.8818796090610604 -0.8673933894693441 0.16907437991906338
4.198432922363281 709766 1216.2083740234375 4.317444801330566 -1 1216.2083740234375 4.317444801330566
0.9963367757874928 -0.0010372173891078059 0.04093822310182051 0.07507339930186252 -0.9074681726133804 -0.884525549119121 0.18310245265229902
3.560941219329834 234987 576.5449829101562 4.527060031890869 418222 1215.7320556640625 4.34800910949707
0.9963236653572803 -0.0017547718492827535 0.043168818236238 0.0739765351775675 -0.9341676113332401 -0.8883979641928993 0.19143685857892287
2.9615917205810547 -1 1127.1201171875 4.713953018188477 504995 931.5970458984375 6.526830673217773
0.9962876987749387 -0.0015062870280244589 0.044418347495255965 0.0737262692323221 -0.9619939317494917 -0.8988888365915101 0.19653735927719035
2.6653831005096436 418222 572.2713623046875 11.413707733154297 187095 1119.4122314453125 11.948833465576172
0.99635869277068 -0.0002482389395008197 0.04510384167078344 0.07235286576402905 -0.9992840493572133 -0.9087110731941683 0.19760016083777315
7.007988929748535 218559 818.3826904296875 11.307124137878418 210090 385.1624450683594 18.36747169494629
0.9963786476356823 0.00019954357227758 0.04520670468323694 0.07201322496412943 -1.0402120203891803 -0.9144982177457833 0.20034244398565154
5.238844394683838 218559 1360.5052490234375 5.61391544342041 -1 1360.5052490234375 5.61391544342041
0.996473490083929 -0.0003539534215207027 0.04426861243463845 0.07127936749186918 -1.0916648398628446 -0.9113966249175793 0.20082789983886967
5.747186660766602 535851 846.8605346679688 5.9464287757873535 -1 860.5537109375 6.961033821105957
0.996598380363684 -0.0007951763931012298 0.04337228308979781 0.07007054310167954 -1.1360802026260581 -0.9063568133139192 0.20048686510476657
9.079002380371094 218559 774.7622680664062 13.045071601867676 210090 1282.9708251953125 15.898183822631836
0.9966630675980808 -0.0005525304128244447 0.04274007088020678 0.0695392747825377 -1.1840200367167615 -0.9098312588099017 0.20217440131996797
6.214141368865967 187095 725.5137329101562 6.289427280426025 450946 829.4153442382812 7.990652084350586
0.9968122980535206 0.00018565952204384052 0.04221436157275157 0.06769900779779735 -1.2350897538425147 -0.9114599589943339 0.1968000794978561
4.2960052490234375 218559 1372.5528564453125 4.310050010681152 750834 742.6887817382812 8.084635734558105
0.9969217032356057 0.0012603431332188731 0.0411418827519935 0.06672986315456454 -1.289923564860263 -0.9187337910876344 0.1901238418409819
4.361669540405273 -1 795.9729614257812 4.3028244972229 198625 785.7650146484375 10.167022705078125
0.9970392151118762 0.002015865393472103 0.03926168590313886 0.0660852467336884 -1.3396741901632463 -0.9208737862040142 0.18353844664983815
5.27340841293335 180976 853.9207763671875 5.27340841293335 180975 414.63916015625 8.374005317687988
0.9969896789339504 0.0016948251553110978 0.03754963403564658 0.06781395616435049 -1.3811960736881435 -0.9217391421435932 0.18399761567914258
2.2175040245056152 750834 340.3216552734375 4.086019039154053 -1 340.3216552734375 4.086019039154053
0.9969436772418647 0.0009536212905821456 0.03718720220074542 0.06869866815582147 -1.4138172447963908 -0.9200105193613705 0.19210551052141447
3.4829835891723633 535851 722.1022338867188 4.8088836669921875 158221 1258.65869140625 4.531843662261963
0.99694015426284 0.000776476236721061 0.0379937165705313 0.06830961428815675 -1.4393266307987174 -0.9207583962859797 0.195359116222189
3.4133317470550537 535851 715.2769165039062 5.153279781341553 158221 1202.2684326171875 5.695296764373779
0.9969231076333298 0.0012006840629523706 0.03916309532588202 0.06789055743607735 -1.4651920220441532 -0.9293468303744377 0.2021039590602492
3.2317521572113037 158221 1260.0494384765625 3.3722658157348633 261587 1022.9622802734375 4.312607765197754
0.9969679356259425 0.0016851519111821126 0.04018241322203688 0.06661433227494135 -1.4998218789396323 -0.9377495886030028 0.20873581974293448
5.148349285125732 490770 1201.8917236328125 6.0850749015808105 686164 367.5968322753906 10.872396469116211
0.9970284338666506 0.0015153098489456363 0.04039369231381592 0.06557709599191157 -1.5391859367797431 -0.9422521463713648 0.21002772220794616
4.148324489593506 500687 885.3634033203125 5.79878568649292 248452 1336.2320556640625 6.624626159667969
0.9971278445476613 0.0009106101109532236 0.03931637549716056 0.06472599968117239 -1.5900032029861748 -0.9436330258692874 0.2077896453135702
5.550532817840576 244761 769.00244140625 5.338660717010498 180976 335.37322998046875 8.905132293701172
0.9972306325743949 0.0006512225417062786 0.03815046669394947 0.06383716202579232 -1.6443472823673675 -0.9426523917734039 0.20620383054294925
1.8026529550552368 -1 749.4871826171875 5.805974960327148 180976 315.7262268066406 10.140545845031738
0.9973330866436061 0.0004399611311637682 0.037083674977374075 0.06285954001035142 -1.703524327553457 -0.9382634684527028 0.20627522366884185
4.025690078735352 709329 620.0046997070312 5.922861576080322 490770 1209.15576171875 5.784747123718262
0.9974220644682682 0.00015563950978199296 0.03682650613782593 0.061587413761918855 -1.7498043987410967 -0.9316572225519865 0.20822632650886694
4.897500514984131 491349 1177.882080078125 4.626101016998291 244762 1161.40283203125 5.406014442443848
0.9974105384901123 -7.319351703288603e-05 0.03721729412011444 0.06153929939437306 -1.7843219162996558 -0.9254486743060516 0.21321750321144486
2.2181859016418457 750834 1129.458740234375 4.432323455810547 261587 607.5751953125 5.9872331619262695
0.9973100835859302 -0.00041430976249574484 0.037865344019730976 0.06275859500907595 -1.8142211356433802 -0.9233113917482744 0.2225696213103216
4.410773277282715 244760 534.5510864257812 5.909750461578369 450946 627.8660888671875 7.936992645263672
0.9972487966440431 -0.0005746795415256487 0.03852732845236895 0.06332576330180234 -1.856663888878389 -0.9158714715955555 0.22786343560795772
8.742095947265625 178720 1185.746826171875 8.717203140258789 -1 1256.5340576171875 9.209392547607422
0.9972757968657083 3.5938331850329585e-05 0.03916229552266193 0.06250838586700633 -1.9003509054207226 -0.9077776910385553 0.22641445319860115
4.792664051055908 232158 603.13525390625 11.654102325439453 218559 1089.2080078125 12.807958602905273
0.9973026337743821 0.0014796791262471946 0.038809914633270035 0.06228208203426137 -1.955514665246921 -0.9115417975767397 0.21807087320953758
4.201776027679443 -1 1009.0792846679688 4.201776027679443 210209 1281.3326416015625 4.94295072555542
0.9973105879536608 0.0023783840820664863 0.03827204704250761 0.06245946573464937 -1.9913358298535577 -0.9135201345618377 0.2093454449484414
3.687105417251587 -1 546.123779296875 4.143500328063965 158221 1093.47412109375 5.906684875488281
0.9970308602277592 0.0017525428424388584 0.03930599866842943 0.06619237732365618 -2.0031077131988653 -0.9185000230013982 0.21282508205212247
4.325061321258545 218559 854.8939208984375 5.897019386291504 535966 854.8939208984375 5.897019386291504
0.9966501066670169 4.642865643279215e-05 0.040563856776568166 0.0710150424094343 -1.997869555266316 -0.924163726149131 0.23006504522271862
4.492120742797852 232158 736.3359985351562 4.559122085571289 -1 811.9964599609375 5.03578519821167
0.9961820429216176 -0.001985407209732808 0.0417174609509168 0.07666191342859113 -1.9873273726763814 -0.9350819345492561 0.2466950009312537
3.6330528259277344 230203 733.4050903320312 4.07335090637207 302148 738.9844360351562 4.427952766418457
0.9959818317044707 -0.0028424161351025307 0.041493289456824116 0.07931215868436979 -1.9882972738826585 -0.9433107484816434 0.262165187318671
5.016263008117676 -1 595.7101440429688 5.14434814453125 709766 731.2470092773438 6.0462493896484375
0.995881120225892 -0.0013860140263456066 0.040394914171346795 0.08116110060756122 -1.9906396195815195 -0.9462719289378932 0.25033916879994383
4.322963714599609 172604 625.8707275390625 4.122902870178223 230203 715.159912109375 4.135969161987305
0.9962048366852234 -0.0011985956580124206 0.039985951291191126 0.07730207262910012 -2.004403455215026 -0.9214006079667797 0.23774378919177613
1.0048210620880127 709766 707.9026489257812 4.3481292724609375 -1 1365.038330078125 4.722416400909424
0.9963211594696082 -0.0020625314420497937 0.04108992267340448 0.07517653498186623 -2.005314326412105 -0.9054585916872537 0.24628522372084305
3.7550277709960938 207526 543.36279296875 3.7550277709960938 -1 566.9950561523438 3.991471529006958
0.9970755582907447 -0.003042557273323411 0.04358500637238783 0.0627010456368737 -2.037593007745963 -0.8320334676693399 0.2644814768535361
1.0624014139175415 442275 1432.9095458984375 5.709112167358398 784307 1432.9095458984375 5.709112167358398
0.9976016887881171 -0.0060915882678009995 0.04556141587816742 0.05174862764024993 -2.0911647982295003 -0.7612324484914269 0.28563877500045665
4.747568130493164 -1 531.9759521484375 13.318657875061035 383291 523.4595947265625 14.264918327331543
0.9979209432000367 -0.008154208664880007 0.044148570563267604 0.04624071497089005 -2.1952201288082724 -0.722938064200123 0.2906864547839152
323.16058349609375 -1 902.9144897460938 327.9195251464844 -1 994.5226440429688 334.41351318359375
0.9980818794754837 -0.008002718116278215 0.03909802680221802 0.04732718738326523 -2.2984279676827954 -0.7358841489746846 0.27552719581147833
299.40289306640625 -1 936.3899536132812 299.40289306640625 -1 785.7955322265625 321.16937255859375
0.9980665854364739 -0.005832959228627225 0.032631623864928495 0.05257608530266203 -2.4090044932016794 -0.783126664056528 0.244079959238091
295.6284484863281 -1 748.7664794921875 325.76483154296875 -1 560.6525268554688 333.2320251464844
0.9978783542888126 -0.004157531230311738 0.030357518216219542 0.05744498292864372 -2.4741195988605096 -0.8278778638212663 0.22803225011765366
4.6492486000061035 -1 457.6185302734375 4.6492486000061035 294770 400.71343994140625 5.326437950134277
0.9978763793604255 -0.0028465911147283343 0.03134617095323723 0.05702671303980458 -2.522814046752866 -0.8432700064244981 0.23212853843777798
4.037801742553711 -1 355.7810974121094 4.5381245613098145 -1 1144.4571533203125 4.3870062828063965
0.9979613792434734 -0.00242788686561203 0.035797459347980606 0.05278004175881035 -2.561325765948432 -0.8309035489628144 0.25555405597222813
5.9014410972595215 -1 373.9128723144531 11.640527725219727 424200 639.87060546875 12.952034950256348
0.9980629040069325 -0.0029097749737097243 0.040197347182228914 0.047393524181711076 -2.5958470855381877 -0.8083860006463675 0.2834991897129603
1.9573640823364258 676357 363.1091613769531 3.8816399574279785 -1 376.9774169921875 5.4738240242004395
0.9981774364462379 -0.0036761031009096973 0.04344682342154779 0.041721279584704216 -2.650025820429337 -0.7880185140689826 0.3070563611394751
4.380453109741211 286026 523.6646728515625 4.758955955505371 -1 1289.8421630859375 6.321201801300049
0.998380142974034 -0.0035503757752713503 0.04339724652960892 0.03662190520235315 -2.7171778022778033 -0.7730146525830264 0.30569936467741
31.473356246948242 261386 492.0712585449219 32.48291778564453 378161 492.0712585449219 32.48291778564453
0.9985610625547695 -0.0021811370210551113 0.04056140027933081 0.03501170944362765 -2.802448462549078 -0.7877226204477207 0.2864584443222525
0.5 -1 0.5 0.5 -1 0.5 0.5
0.9987261405238733 -0.0006058249536358483 0.03803813896799665 0.033148592643810974 -2.865075207507429 -0.7990272243369088 0.26866773583569603
4.6424102783203125 344910 492.1495056152344 4.6424102783203125 292976 534.6990966796875 6.946503162384033
0.9987978915312715 0.0005574007499674625 0.037468624164514575 0.031600053485853104 -2.906563729740964 -0.8026689985185794 0.2592329414980824
3.4897470474243164 -1 418.8761291503906 3.4897470474243164 -1 486.13641357421875 5.486274719238281
0.9988681905052814 0.0014442996322093578 0.038630938897578085 0.027711054746597255 -2.953232315012051 -0.7846771072196967 0.26445057143627687
5.199679374694824 280307 894.7196044921875 5.199679374694824 -1 717.5707397460938 6.205955982208252
0.998942292307905 0.001295115241286613 0.039940751340341696 0.022745454436195543 -3.0035935208604077 -0.7454498594686394 0.2710767475041297
4.113807201385498 288513 780.37890625 5.091906547546387 -1 864.7651977539062 5.174052715301514
0.9990135771167391 0.0003499640815531118 0.03961556102910181 0.020058853055657182 -3.048336607136676 -0.7123084219107712 0.27289075353787345
2.142148733139038 -1 215.1704559326172 2.142148733139038 -1 707.3218383789062 3.480924129486084
0.9990907368824563 -0.0010400157698152413 0.0387657572286572 0.017715358008174517 -3.1097901368636114 -0.6718537822037022 0.2804587935432662
4.566559314727783 -1 675.5665893554688 9.354164123535156 286224 725.3934326171875 9.004717826843262
0.9991182136060448 -0.0017338715615931332 0.038369107378091426 0.016958789139626628 -3.1512665626308407 -0.6525730696856523 0.28826886658353873
5.078183650970459 -1 406.0316467285156 5.540865421295166 -1 842.2562866210938 12.914941787719727
0.9991021311112906 -0.0017290858540305724 0.03902634682182233 0.016397747550490782 -3.181302327372312 -0.6438467664036629 0.2963480845539069
10.572324752807617 286098 227.51480102539062 14.139472007751465 681823 268.6399841308594 16.473649978637695
0.9990688947529711 -0.0014134722601102903 0.0402852564261464 0.015376727477799907 -3.202148563004781 -0.6433706515710246 0.3006008988402846
9.144729614257812 286098 221.29649353027344 12.784717559814453 681823 334.8724060058594 15.657492637634277
0.9990214076145385 8.392923859803615e-05 0.042152727515935115 0.0133928207154618 -3.2252825163059797 -0.6460770942569654 0.30699220290027723
5.086287021636963 -1 897.887939453125 7.72442626953125 311915 897.887939453125 7.72442626953125
0.9989862570396606 0.002157136075351269 0.04300548629830726 0.01312757243697488 -3.2611845607741787 -0.6644502903625094 0.3055934555113585
6.412699222564697 294076 717.3204956054688 7.286928176879883 286449 858.62548828125 8.255578994750977
0.9990094944419539 0.0026492121703011228 0.04186033331028001 0.014856789184100678 -3.2955520555673967 -0.6862245547515361 0.29243747809825726
3.246049642562866 252365 580.2337646484375 4.757477283477783 -1 580.2337646484375 4.757477283477783
0.9990231449791661 0.002481385305651033 0.04074792727209749 0.016917592793566024 -3.329248042728238 -0.7091033582521655 0.2793972629296122
3.963711738586426 442275 613.9404296875 4.280621528625488 709127 675.0165405273438 4.892242908477783
0.9990179088078892 0.0031773770552827717 0.04051812273495138 0.01764663951567133 -3.3612495007174084 -0.726415075329787 0.27343602485626306
4.191720008850098 244762 579.8126831054688 6.38865327835083 288732 312.9231262207031 7.633869647979736
0.9990355895159001 0.0036200305056477184 0.04014128107802152 0.0174202127762954 -3.395760558928572 -0.7317514664738148 0.26864072314277826
4.086162090301514 234268 525.8547973632812 6.166861534118652 288823 513.5533447265625 9.112584114074707
0.9990625990456662 0.002901665649587681 0.03896265336857661 0.018639076346665243 -3.424577915933932 -0.739849952378813 0.2625280168486711
4.683688163757324 234268 1511.07568359375 5.1630754470825195 738173 1511.07568359375 5.1630754470825195
0.9990722547130959 0.0019255784873331207 0.03818000057425946 0.01982951250357643 -3.451427199299702 -0.7437017614919604 0.25880266359661963
4.043553829193115 244762 127.01447296142578 4.674671649932861 -1 1514.6573486328125 4.482299327850342
0.9990466868101013 0.001704635513506406 0.03861070758088705 0.020298400223381804 -3.47053484272525 -0.74470427908595 0.2643768950469613
3.1394383907318115 677225 493.672119140625 5.6988701820373535 261587 829.2462768554688 5.771878719329834
0.9990190754800709 0.0016027071145711942 0.039516422204133775 0.019919099704408926 -3.4855336809015713 -0.7417332237218756 0.2746397308017851
2.7010910511016846 244760 326.50482177734375 5.075390815734863 677225 825.8261108398438 6.661726474761963
0.998996792351411 0.0013388066049633872 0.040181581606446665 0.019724527068370634 -3.5052848686250417 -0.739259745210976 0.2806965819324977
0.8532612919807434 -1 543.8606567382812 4.680732250213623 290610 622.0886840820312 3.9440994262695312
0.999003764261805 0.0011007152656061193 0.03988698605149331 0.019982386253294963 -3.531073417568191 -0.7404903873608496 0.2796662489485691
4.474734306335449 288513 460.6877136230469 5.098809719085693 244760 63.520511627197266 5.284731388092041
0.9990374088116915 0.000651352866065864 0.03940577181968228 0.0192617933111214 -3.5637186834624406 -0.73351092839089 0.27951949223063854
3.0259244441986084 282681 51.50344467163086 6.7212090492248535 282202 533.0098876953125 6.107517242431641
0.9990557111031853 0.0002172950182756538 0.0389669181037932 0.019215051092209962 -3.597641735404028 -0.7281078822338826 0.2747511973767674
3.4491515159606934 295352 454.0314636230469 5.165740013122559 282681 39.579288482666016 8.483664512634277
0.999118710386122 3.21323831626734e-05 0.03834013844766902 0.017083187866907587 -3.6344352523522248 -0.7138834041787103 0.2707756705016686
3.881138801574707 295352 26.537569046020508 5.048209190368652 442275 79.9453125 4.948232650756836
0.9991533131691116 0.0006584804607695118 0.037870644163286664 0.01606354560263256 -3.6657575741149038 -0.711799180078916 0.2653866414512898
2.770437240600586 282681 745.737548828125 5.108282566070557 295205 232.9551239013672 6.626330852508545
0.9991506405863451 0.0013551949379149947 0.03799557259940053 0.015890164423950977 -3.688757005936589 -0.7178606860028498 0.26700984131391636
2.2992773056030273 709127 558.9091796875 3.752164363861084 293425 890.7103271484375 5.927777290344238
0.9991151752359733 0.0015052650839990842 0.038894586287220256 0.015931476634751657 -3.703972283704474 -0.7224378558627793 0.2731118719680358
6.566145420074463 677225 1188.3165283203125 6.459227085113525 286906 429.55780029296875 9.838838577270508
0.9990911243504963 0.0011503273189477426 0.03973947470641106 0.0153745289742159 -3.718235959450588 -0.7195319736359257 0.2800721373026066
3.5305986404418945 293425 636.1886596679688 2.644442558288574 286044 1183.818603515625 6.434974670410156
0.9990855345937141 0.0006529423543882041 0.03986651884806265 0.015437904871179025 -3.736398160636467 -0.7204840813480555 0.28153516065275486
3.6779510974884033 709127 630.4334716796875 3.971395969390869 286044 546.3338623046875 4.683588981628418
0.9991007402552123 0.0006702316143352703 0.03929350686809364 0.015914833617633264 -3.7630335759878633 -0.7272131735957797 0.27766605166800934
3.862022638320923 244760 235.05465698242188 7.269780158996582 677225 1166.6983642578125 7.100622653961182
0.999103944475571 0.0010421237143843618 0.03878217270620828 0.01691641781539308 -3.7874573166274175 -0.7389687776119161 0.27226351205697386
3.681910753250122 677225 859.0816650390625 3.809782028198242 280723 412.53155517578125 4.854265213012695
0.999095510941806 0.0013281555697149225 0.038667132753511545 0.017642246550154467 -3.809673441545128 -0.7496819560349629 0.2648551478546375
5.759570121765137 261110 365.0871887207031 8.23975944519043 252287 383.6591796875 8.215625762939453
0.9990749863531825 0.002134535299301896 0.03875961943317085 0.018501548687613622 -3.828092538501036 -0.7633565936827403 0.25710810303882475
12.380746841430664 261719 255.1630401611328 15.384809494018555 -1 1318.5096435546875 19.328876495361328
0.9990520412134277 0.0031346041439969563 0.0387248952882854 0.01963608130598383 -3.8464202629554323 -0.7785651415842747 0.2486085316944639
13.46285629272461 287715 323.1202392578125 13.46285629272461 284912 596.9900512695312 19.92625617980957
0.9990174457924658 0.0038006986181806954 0.038687548396468575 0.02128312221884926 -3.859762707218913 -0.7932537828599809 0.24327850635573392
10.441679954528809 301030 818.1967163085938 13.192811965942383 305639 592.6470336914062 15.490391731262207
0.9989756344134211 0.004042614700181558 0.03908405130211216 0.02244495597016148 -3.87918998574006 -0.798958239583904 0.24141151702113195
9.709479331970215 301030 304.7226867675781 10.175267219543457 415954 586.7379760742188 14.829744338989258
0.9989293528224823 0.003340772766616724 0.03949643151543663 0.023854123428141805 -3.898249635032875 -0.803047593988898 0.24374943946697553
5.466224193572998 314564 655.9146728515625 12.426281929016113 301030 581.2023315429688 17.415300369262695
0.998904670713905 0.0026876251567708952 0.039931747091073146 0.024242340464904116 -3.918239253355853 -0.8022222755151613 0.24548004874138327
4.6021881103515625 -1 802.594970703125 18.32912254333496 305639 575.021728515625 19.106264114379883
0.9988023833272359 0.002935901137414416 0.04159878281085439 0.025587512833414258 -3.933941224480348 -0.8167961048702345 0.26513269044557464
5.143989562988281 -1 662.2684936523438 5.053094863891602 307104 292.8943176269531 14.2014741897583
0.9986749181590356 0.00284397824153917 0.04361308245746951 0.027170179726373176 -3.947071875521074 -0.8301456155878407 0.2878828616868201
5.9951276779174805 307104 231.36160278320312 6.974515914916992 -1 800.9285888671875 12.2843656539917
0.9985947642465929 0.0014623589588877767 0.044734031670933476 0.028376482093993818 -3.96567837850484 -0.8329138194079905 0.3014049707105146
4.44230318069458 535966 1336.54052734375 6.4013261795043945 738173 303.7151184082031 10.587686538696289
0.9985756012818827 7.786801028239929e-05 0.04489721973372494 0.028827107403984347 -3.995280270706057 -0.8312829397837038 0.304945738533971
6.45523738861084 -1 1332.2308349609375 6.101057052612305 294076 1325.70263671875 11.178406715393066
0.9985965968920133 0.0009149507301163631 0.04455359724571537 0.02861776569402334 -4.041804405614181 -0.8360106462691527 0.3008214597474682
4.7593488693237305 535966 1309.4925537109375 7.151541709899902 738173 631.1378173828125 34.13581085205078
0.9986554325346516 0.0030860513331087713 0.04392586179473978 0.02735547517018509 -4.099393799690853 -0.8371491929821012 0.28992448869105386
46.11402130126953 286451 675.8645629882812 69.28950500488281 283690 675.6982421875 85.90522003173828
0.9987214603891196 0.004761282909930435 0.04322224739130615 0.025780071251270555 -4.158784430662402 -0.8299525626155926 0.27958186613106917
0.5 -1 0.5 0.5 -1 0.5 0.5
0.9987959950705466 0.005715690060137422 0.04247555348153086 0.02386877614396424 -4.230608007011924 -0.8164004266803866 0.26939500090283386
0.5 -1 0.5 0.5 -1 0.5 0.5
0.998852543559154 0.007346306360504584 0.041201842117855415 0.023281671210659525 -4.297588872038661 -0.8146836653025712 0.25344142315382445
4.82262659072876 -1 600.66015625 71.99506378173828 855358 553.1670532226562 77.8813705444336
0.9989386668541331 0.008240111842653972 0.03916958969168677 0.022789990432042738 -4.357332377674769 -0.8094401087987394 0.23142482214610255
69.37018585205078 855358 584.90966796875 80.57099914550781 316793 1100.771728515625 106.54074096679688
0.9990595602874011 0.007771851486946779 0.03660713807437375 0.021897734239267757 -4.418888963189021 -0.7950539120348962 0.20716368022849624
28.62796401977539 286451 547.2946166992188 70.6536865234375 855358 704.3736572265625 126.94266510009766
0.9991412723072592 0.007361429578628131 0.03458254503168808 0.02160034504172025 -4.471923670466781 -0.7876407395631405 0.18767430622243123
5.567779064178467 323937 1249.544189453125 6.296000003814697 670034 445.3856506347656 7.558003902435303
0.9991421351011972 0.00794692402226306 0.034457618422060576 0.02155255893589676 -4.499116548367443 -0.7909809699292962 0.18656394147226854
4.602489948272705 670034 1450.49853515625 5.366342544555664 334709 756.6143798828125 14.99300479888916
0.9990925254343398 0.008716785080787628 0.03497351353232224 0.022693537192188227 -4.512014794055562 -0.8090804776479749 0.18635006407377191
4.305959224700928 -1 1209.4732666015625 4.204836845397949 -1 1442.6734619140625 5.479593276977539
0.9990767603832982 0.009330017300944139 0.03465227553486806 0.02361773569658203 -4.52774229065954 -0.823626683352273 0.17792372673373524
8.22087574005127 466048 512.1896362304688 10.918063163757324 491117 418.3189392089844 13.764404296875
0.9991427213446368 0.009316482501263913 0.03293873384786465 0.0232822969299999 -4.561352249354513 -0.8215814464720473 0.16272251762721712
33.15583419799805 464645 566.4984130859375 36.695106506347656 491733 1186.7794189453125 52.8599967956543
0.9992085063802614 0.00936894986001588 0.030484930117084634 0.023775041358626455 -4.607938986522546 -0.8263120621497166 0.14128686379653235
43.695308685302734 327280 464.1574401855469 59.5243034362793 709189 351.9705810546875 67.65269470214844
0.9992731253237624 0.009903546858814805 0.02831769300754919 0.02352124631106615 -4.651089451632215 -0.8283438935946333 0.1188417566207484
71.5081787109375 323350 1261.56494140625 85.0318603515625 831414 1261.56494140625 85.0318603515625
0.9993062474510531 0.01033993459030536 0.026454515126109558 0.024088756452033778 -4.6963585001947665 -0.8378274088756825 0.09852198958510686
49.981990814208984 709189 1233.2091064453125 59.45792007446289 328633 247.97740173339844 76.59318542480469
0.9993343416098798 0.010425311455524501 0.0251883746496578 0.024243191677495418 -4.735589546635375 -0.8411882897728564 0.08375122808477124
0.5 -1 0.5 0.5 -1 0.5 0.5
0.9993684561201344 0.010553675184865947 0.02419790931640869 0.023785920979991694 -4.773318945892955 -0.8375768808441754 0.07634075251339648
40.95729446411133 855358 1317.238525390625 42.10628128051758 773364 1368.654052734375 45.80256652832031
0.9993977296591338 0.010909927984740084 0.023783553519112054 0.022792411139244056 -4.811113768666661 -0.8263951633354001 0.07499829889252119
42.729095458984375 855358 264.9508056640625 55.53593444824219 332630 264.9508056640625 55.53593444824219
0.9994178368267926 0.010709202526627182 0.024317071481777697 0.021400477757482668 -4.84508594364957 -0.8070609092776662 0.0855549499318551
0.5 -1 0.5 0.5 -1 0.5 0.5
0.9994540116588654 0.010028940939656684 0.024531302527059633 0.019731044548004416 -4.886140303358024 -0.7836844642006837 0.08787342543074476
4.086791038513184 334709 345.64776611328125 59.586997985839844 709189 931.9220581054688 95.64935302734375
0.9995201773400187 0.00953588867140118 0.023329004539194315 0.01800665056678749 -4.930374761516047 -0.7666960601232186 0.07279988517771675
0.5 -1 0.5 0.5 -1 0.5 0.5
0.9995561725336234 0.010046232161167033 0.02257437065039109 0.01664118262131398 -4.973721542633921 -0.7583731694786551 0.058659365581633996
0.5 -1 0.5 0.5 -1 0.5 0.5
0.99956333493597 0.011146921221973055 0.02283326622988918 0.015084016448808356 -5.012672597266901 -0.7539607026400089 0.053675767554330504
28.926162719726562 788719 284.85809326171875 47.849365234375 709189 323.8577575683594 65.33422088623047
0.9995678476530143 0.011649767254852776 0.023930984607073085 0.012478334703158385 -5.048764225865605 -0.7401532928605448 0.05962318444941198
31.177719116210938 -1 1102.8233642578125 40.2939567565918 328633 444.08746337890625 80.00276184082031
0.9995616948531997 0.010995422845664337 0.025690338900921997 0.009773706860751985 -5.0901598960643915 -0.7172077278182839 0.07112403822355723
38.119476318359375 810078 254.79225158691406 46.56538772583008 709189 856.1185302734375 73.67121124267578
0.9995735280052329 0.010138961911667516 0.026268258676018653 0.007742231503606164 -5.132343332051528 -0.6960012155256238 0.07141945279510138
0.5 -1 0.5 0.5 -1 0.5 0.5
0.9995865137428109 0.009767129436554799 0.026000994043308592 0.007439962017556269 -5.175187061440973 -0.6975607863683275 0.06337926859030145
38.84109115600586 856459 218.2042694091797 41.61606979370117 855358 1248.3255615234375 71.31431579589844
0.9996315754443061 0.009755158271815244 0.0243788378517906 0.006871864872242187 -5.225889862886824 -0.6989945484176596 0.03708135237179675
33.450923919677734 855358 1148.3729248046875 34.446292877197266 856459 1328.31689453125 78.25060272216797
0.9996690300660134 0.009671637102923375 0.022926340431199142 0.00653243270598742 -5.271503160359497 -0.6993708120749035 0.016124137035677135
32.42635726928711 856459 164.89694213867188 33.93022918701172 709189 1309.6639404296875 75.94498443603516
0.9996767057777921 0.009395882955825212 0.022972344201392617 0.005520209292691533 -5.3097182331322905 -0.6871077802034584 0.016007877566634403
4.108043193817139 -1 1008.75927734375 24.96508026123047 328633 150.0631103515625 31.511144638061523
0.9996632574474464 0.00893519285887938 0.023941965436613956 0.004507363882267753 -5.339235750120996 -0.6741839689804711 0.029808982826750808
5.457700252532959 -1 1105.916015625 35.08310317993164 856459 142.85784912109375 37.53404998779297
0.999653395930178 0.008310158884683685 0.024527094592806515 0.004738237584765872 -5.366945113578955 -0.6722867000116257 0.039680637929816326
0.5 -1 0.5 0.5 -1 0.5 0.5
0.9996715008995326 0.007844917104255967 0.02383099908688206 0.005237465744420759 -5.409773288872436 -0.6721763500581414 0.03126754661445326
41.19060134887695 856459 114.03181457519531 46.546695709228516 709189 1239.1065673828125 96.75645446777344
0.9996911328467907 0.008666650690207802 0.022819675853124045 0.004668026057404272 -5.444418768150252 -0.6698889255804004 0.01491252719689863
0.5 -1 0.5 0.5 -1 0.5 0.5
0.9997236043595762 0.010184521393290286 0.02075128473851896 0.004286559458130833 -5.48707092421551 -0.6743272719559908 -0.016626892029653808
7.690866470336914 789054 1024.13623046875 7.690866470336914 -1 66.58615112304688 29.921470642089844
0.9997428619855154 0.011370981781736105 0.019274274236137423 0.0036623810561693115 -5.513984576294913 -0.67257907370139 -0.03717999142493357
58.381690979003906 789673 523.7446899414062 85.3588638305664 343951 523.7446899414062 85.3588638305664
0.9997552454133914 0.012332742319450885 0.01816536297923888 0.0027152022252486824 -5.537954448347826 -0.6650829211965381 -0.0509746080797317
76.41397094726562 384965 1186.1083984375 76.41397094726562 400670 885.599853515625 81.95846557617188
0.9997694475725906 0.012839879205307894 0.017193940495157784 0.0007467346511330526 -5.556051665055647 -0.6435961792692094 -0.06254044411910194
1.6676323413848877 -1 1014.1621704101562 17.64710235595703 -1 1014.1621704101562 17.64710235595703
0.9997725711261705 0.013228848636960902 0.01672176513530749 -0.00043146061991622577 -5.562831164439147 -0.6311360456629951 -0.06465483460241196
0.5 -1 0.5 0.5 -1 0.5 0.5
0.9997723160658196 0.013704758288516378 0.016332816856888283 -0.0008571593548987797 -5.558197011363684 -0.6290170594300599 -0.06665361725685098
54.2901496887207 790080 542.901123046875 54.2901496887207 789033 1190.0513916015625 59.60105514526367
0.9997677876320987 0.014493135946966933 0.015844083998561 -0.0018124088634005327 -5.547763921818132 -0.6268095611753632 -0.0712814943621458
45.650367736816406 789673 1192.0777587890625 54.922794342041016 333653 665.9107055664062 55.7169303894043
0.9997562216726406 0.015377300978217443 0.01546109815441705 -0.003462699139533586 -5.531360630940193 -0.6201885378536034 -0.07323005521365208
11.93244743347168 709189 1166.15869140625 37.34397506713867 -1 1196.80615234375 48.556278228759766
0.9997581943227156 0.015275273223745797 0.01517996599861341 -0.004448319323534027 -5.506197982343298 -0.6159275503228381 -0.07073193615490161
38.357521057128906 854065 1203.672607421875 47.54527282714844 333653 1166.3056640625 67.01665496826172
0.9997683277322862 0.01456798522673201 0.015173156797830298 -0.004565082979554479 -5.4720763622893545 -0.6146668406100776 -0.06743101749060851
49.5512809753418 333653 530.878173828125 74.06983184814453 691732 530.878173828125 74.06983184814453
0.9997704418892984 0.014720489717783853 0.014890294867623086 -0.004544207928894137 -5.431185024303189 -0.6204767949357721 -0.06926784321927329
5.897846221923828 856459 67.49468994140625 12.862038612365723 709189 1229.872802734375 47.662353515625
0.9997535339905343 0.01594372426292456 0.01484297493415174 -0.004284276504798948 -5.38541298457554 -0.6339498720592216 -0.0712846942704062
41.25290298461914 333653 929.4306030273438 75.45336151123047 803384 812.5730590820312 78.94804382324219
0.999744108843397 0.016221074423494176 0.01504674289144623 -0.0047105313742990965 -5.343199776882175 -0.6340823401558472 -0.07022615023882751
72.2658920288086 803384 616.6475219726562 75.79695129394531 329606 984.5867919921875 82.29087829589844
0.9997368012511273 0.016097310075602892 0.015608116734264776 -0.004857110715606022 -5.295188777250738 -0.6326590389987075 -0.06271235993023605
72.43226623535156 803384 1003.1484985351562 94.35719299316406 308265 1027.371826171875 96.43144989013672
0.9997280529152269 0.016149136598834646 0.01613819102751688 -0.004752303841378498 -5.24149081706475 -0.6317734673708999 -0.052603388572355095
4.050715923309326 855358 776.2159423828125 49.635982513427734 333025 985.5361938476562 74.38838958740234
0.9997415865229149 0.01587535406849673 0.01576567952527542 -0.004022021749223939 -5.194624865162271 -0.6345353134406911 -0.05110733785922765
4.850399971008301 855358 169.58314514160156 10.566452980041504 709189 641.80029296875 69.05463409423828
0.9997769949101003 0.015249493414807035 0.014396662963969773 -0.002479817457630447 -5.148280380382861 -0.6445575030026951 -0.06065313662732403
12.966024398803711 709189 805.9901123046875 58.00482940673828 -1 659.4381103515625 73.76879119873047
0.9998048372286232 0.01502231861375997 0.012792372170573479 -0.0009862109117631484 -5.103210212738676 -0.6558778886209703 -0.07259745726037614
7.023382663726807 810078 675.7597045898438 76.61910247802734 343951 1032.7960205078125 89.13495635986328
0.9998097705212822 0.015561448788712753 0.011752126358367478 0.00038936850711246965 -5.055607262215668 -0.6691410971268629 -0.08072495967430018
0.5 -1 0.5 0.5 -1 0.5 0.5
0.999792831135041 0.016552283998562577 0.011843306160462466 0.00022979251465928804 -4.992551642598453 -0.6710511770443502 -0.07849310990119007
3.903339385986328 855358 1082.577392578125 105.86949157714844 -1 1082.577392578125 105.86949157714844
0.999785147958083 0.016668134611598516 0.012311301006023909 -0.0005129118274798664 -4.937754847467132 -0.6638653691293105 -0.07126460017469706
5.305883884429932 855358 775.76171875 87.34029388427734 329606 1093.7041015625 87.54399871826172
0.9998044911806263 0.01595255003088917 0.011678773890077957 -0.00031906580111377265 -4.87845602790295 -0.6594498704831985 -0.07250265856256506
9.667043685913086 855358 298.7532043457031 16.076688766479492 709189 312.4427490234375 23.809612274169922
0.9998212185471371 0.015903876833978915 0.010211725478850978 0.0005641873023264874 -4.825306994867016 -0.662977778600004 -0.08670982473576193
0.5 -1 0.5 0.5 -1 0.5 0.5
0.9998222705244524 0.01652580949184929 0.008982558466427105 0.0012800888114580292 -4.775228153033316 -0.6721097489615897 -0.09876154136581264
12.407136917114258 709189 607.8710327148438 78.64262390136719 840588 560.8138427734375 80.99606323242188
0.9998163979697147 0.017320286073151944 0.008179972972583062 0.0005158327027518407 -4.725117889333516 -0.6695619347870171 -0.10768501828966805
0.5 -1 0.5 0.5 -1 0.5 0.5
0.9998163788444635 0.01772252792432994 0.0072726887588271975 -0.0004781176976792098 -4.684634022194585 -0.664895057058552 -0.1144273279080265
0.5 -1 0.5 0.5 -1 0.5 0.5
0.9998142545369691 0.018223848312053835 0.006268181950966167 -0.00024015081411022133 -4.627328684786995 -0.6717211001961245 -0.12196180274675676
4.057523250579834 709189 888.5833740234375 84.71302795410156 329606 999.2413330078125 102.1733627319336
0.9998083171790361 0.01876881467240942 0.005562688902969646 -0.0003420344801539032 -4.572369199842686 -0.677756321778514 -0.1292098343422759
83.7522201538086 690362 1200.99658203125 89.37532043457031 307793 1261.27685546875 102.69588470458984
0.9998003270827581 0.019305086710524215 0.00513742837179385 -0.0004758382432721759 -4.516294361409256 -0.6866346074911404 -0.1343205355934708
78.80813598632812 690362 1220.8114013671875 84.74169921875 307793 1282.2816162109375 97.66900634765625
0.9997950303830883 0.01958653220523463 0.004891138165092175 -0.001530276087118217 -4.463680238923399 -0.685290435464171 -0.13239591541828558
0.5 -1 0.5 0.5 -1 0.5 0.5
0.9998046872129179 0.018922016555233123 0.005034415876397973 -0.002683164800462045 -4.410401871578857 -0.6746613909677411 -0.12733690007694304
0.5 -1 0.5 0.5 -1 0.5 0.5
0.9998117117193119 0.018107492665136445 0.0053643250664331486 -0.00445912938400547 -4.352635155517481 -0.654801623180591 -0.11963932330874547
0.5 -1 0.5 0.5 -1 0.5 0.5
0.9998018262296833 0.018390219074139746 0.005456299119548254 -0.0053232424436144635 -4.294059840515543 -0.6474249913959168 -0.11739597157657976
77.62691497802734 803384 1049.0419921875 84.18366241455078 -1 1053.659423828125 84.42340850830078
0.9997946095105409 0.018653923515276893 0.005134573804117618 -0.006033745354361916 -4.235954564984024 -0.6422266135422264 -0.12196478605650893
0.5 -1 0.5 0.5 -1 0.5 0.5
0.9997845924968359 0.018956902707542866 0.005268253690780267 -0.006606810782978634 -4.178639831453628 -0.640113071556694 -0.12415752369715954
90.61438751220703 722886 622.8046875 129.65928649902344 250369 1033.2296142578125 129.72377014160156
0.9997766174778017 0.01955049321852161 0.005924474949295334 -0.005421619327583562 -4.112605115003765 -0.6548741096812938 -0.12308195905685634
84.12462615966797 644218 1445.0980224609375 84.12462615966797 -1 624.6954956054688 114.46158599853516
0.9997691836112962 0.020161487107958658 0.005813587085587996 -0.004614774533622106 -4.053704668079516 -0.6664730439086479 -0.1290435527723712
65.25655364990234 803384 428.3807067871094 109.78514862060547 317496 428.3807067871094 109.78514862060547
0.9997674722091147 0.020754270879896435 0.005327790932184439 -0.002424128013098228 -3.9891130884809316 -0.6878365207039288 -0.1346091123258918
117.25326538085938 250369 695.2635498046875 117.25326538085938 -1 446.48114013671875 124.43474578857422
0.9997837137519717 0.020202675693559994 0.004867995278523639 -0.0008247624533898506 -3.934405307551727 -0.6977043736031387 -0.1396662267868006
83.20820617675781 315376 476.8088073730469 105.69351196289062 315377 476.8088073730469 105.69351196289062
0.9998054908656293 0.019147721455282 0.004509079922175951 0.001418941952481486 -3.861551098730556 -0.7150534112185609 -0.14328844769202145
0.5 -1 0.5 0.5 -1 0.5 0.5
0.9998016270950651 0.01935944205475652 0.004430947635429105 0.001511676037083244 -3.802415728601855 -0.7241673150438189 -0.14416447737819452
0.5 -1 0.5 0.5 -1 0.5 0.5
0.9997995923149477 0.019412017677554468 0.004492837528054095 0.0019398936819471115 -3.730165881055561 -0.7406908176644479 -0.14480775848400035
106.6325912475586 -1 793.53955078125 111.15898132324219 250369 473.98443603515625 120.18035888671875
0.999803929567434 0.019453071150071596 0.003559149332798452 0.0010064295180057887 -3.6803261836576104 -0.7384357955939413 -0.15418489564034973
4.491021633148193 -1 690.920654296875 16.39847755432129 252754 690.920654296875 16.39847755432129
0.9998110101454389 0.019332892459311402 0.001645421595405345 -0.001214845211192819 -3.6421019396782106 -0.7210063091772502 -0.16629534877779234
4.638195037841797 287509 596.326904296875 5.6630096435546875 773526 596.326904296875 5.6630096435546875
0.9998271717335763 0.01789879223914502 5.658132976732018e-05 -0.005025604259273533 -3.614529880861613 -0.6876402303760063 -0.17396584405065282
12.262036323547363 210218 248.30506896972656 13.16960334777832 290912 550.8944091796875 28.568754196166992
0.9998350429689906 0.01618985353851904 -0.000508090225605827 -0.00821689344707509 -3.5844101944733704 -0.6612713693933612 -0.1749567244986645
3.905811071395874 248162 28.606060028076172 4.593860149383545 288490 632.1655883789062 6.637971878051758
0.9998280118062904 0.014988978451773726 -0.0016539520086435939 -0.01079545159804222 -3.546679807796822 -0.646280242707816 -0.18379778180628648
8.277558326721191 310562 643.0078125 8.277558326721191 685376 313.1255798339844 16.389404296875
0.999824645114461 0.014372730604713342 -0.003348003844812136 -0.011527987984106328 -3.5033799470447686 -0.6469395727313757 -0.19748875506398686
3.4672634601593018 248162 344.5588684082031 20.735342025756836 210218 286.1314697265625 21.191572189331055
0.9998214854872947 0.013569140497371653 -0.005473490791554263 -0.011954768199211712 -3.4578799657449113 -0.6473505136345461 -0.209297010935413
4.4430718421936035 248162 669.703857421875 7.048557281494141 685376 669.703857421875 7.048557281494141
0.9998298306230534 0.0117329030938697 -0.007600061502097291 -0.012036936754445901 -3.4026047360000424 -0.64815671512205 -0.214729027617658
18.82564926147461 422387 378.82647705078125 25.4835262298584 210218 378.82647705078125 25.4835262298584
0.9998088362426838 0.009542117086031131 -0.007711138261786898 -0.015224234603895359 -3.3498994420253085 -0.6306909687944404 -0.21173392427152646
5.118889808654785 -1 992.7431030273438 12.30259895324707 -1 399.57861328125 31.67934799194336
0.9998115804474913 0.0077661010931326544 -0.005662055841361251 -0.016865123792913782 -3.3055195726713302 -0.6280613057294879 -0.19296223522593262
13.22474479675293 294411 834.0514526367188 13.22474479675293 284743 724.3257446289062 20.42694854736328
0.9997791509732618 0.007202104338772671 -0.0037532319770830452 -0.01938278158581697 -3.28069434210594 -0.6246851169565044 -0.16569575068660183
3.2936558723449707 -1 680.0950317382812 5.456437110900879 -1 680.0950317382812 5.456437110900879
0.9997211358874201 0.006782186395487393 -0.0035231397013020475 -0.02234367683056318 -3.2814612929654023 -0.6190005568410464 -0.14584583749377608
7.414154529571533 535607 389.5154113769531 15.56112289428711 204452 841.5430908203125 16.1547794342041
0.9996793619647413 0.0056507438430866835 -0.005271217449544729 -0.02411341167042299 -3.2967857211925935 -0.6174366728458197 -0.14433634392201591
5.355367183685303 -1 468.29107666015625 10.994302749633789 535607 382.5958557128906 18.193927764892578
0.9997334863042393 0.005105960647772202 -0.007636860851437127 -0.021179326811081076 -3.2988923781997856 -0.650282360871564 -0.15984269956499347
5.634151458740234 -1 378.92706298828125 9.873821258544922 204452 343.25543212890625 17.08534812927246
0.9997416900529429 0.007401420214978581 -0.008869290300230183 -0.019573140740747206 -3.2801218166223496 -0.683122489793058 -0.18471011239502322
4.086148738861084 685376 430.0712585449219 19.281957626342773 210218 1159.228271484375 40.823570251464844
0.9997740988075925 0.009733872082522669 -0.007936671316002713 -0.01714678792570904 -3.242042271670909 -0.7134718583002988 -0.19013280975915195
4.5895771980285645 210218 1181.1478271484375 27.480892181396484 325918 451.3697509765625 33.579959869384766
0.9998584234654415 0.010675303851895432 -0.00521984147443356 -0.011913193016716747 -3.1856809320618384 -0.7476075557110251 -0.1752072479717759
73.82563018798828 293008 594.3303833007812 88.60559844970703 234541 594.3303833007812 88.60559844970703
0.9999032304792252 0.010253307159403268 -0.0020434750962009434 -0.00917734052084426 -3.1284981227633404 -0.7542182973767492 -0.15385568437845942
80.32523345947266 293008 620.75830078125 93.83313751220703 -1 453.61505126953125 104.6003646850586
0.9999304279784068 0.00873916959135132 -0.0004103031523530693 -0.007911875194732295 -3.0677469621358413 -0.7460954269372344 -0.15102166519779867
41.990989685058594 -1 412.9820251464844 85.96820831298828 293008 478.00341796875 111.27011108398438
0.9999766793128771 0.006779251986607587 0.00046541268876500007 -0.0006826155011860854 -2.985398973706377 -0.7748541100397403 -0.15962422488542577
0.5 -1 0.5 0.5 -1 0.5 0.5
0.9999585354520719 0.005604516143524702 0.0008315756026769254 0.007129183498942862 -2.887316876238063 -0.8216217058886703 -0.15960195223533424
101.2675552368164 454010 202.87232971191406 121.26918029785156 -1 496.3459167480469 145.86917114257812
0.9999214537057481 0.006195327493279138 0.00035790751246730435 0.010889271713349554 -2.7821711326949363 -0.865793042476206 -0.1602270777345313
161.74612426757812 431934 531.9896850585938 162.01290893554688 270803 531.9896850585938 162.01290893554688
0.9998807372154995 0.007105815360133418 -0.00027738254167620905 0.01370918642307377 -2.6823235176549396 -0.8988783632804308 -0.16315917789969722
153.53182983398438 423444 786.3339233398438 155.08287048339844 431934 681.999267578125 160.12071228027344
0.9998372729436872 0.007685741738690775 -0.001444663402650279 0.016256381950174252 -2.591711268277475 -0.9242508214572421 -0.16448033575903484
129.90980529785156 -1 611.5375366210938 133.0576934814453 -1 796.0215454101562 141.31887817382812
0.9998243443988714 0.008183593760129797 -0.0030184345179927394 0.016589098637265067 -2.5058157024376366 -0.9289562195617194 -0.1690411939325385
10.859452247619629 204453 624.184814453125 12.186534881591797 450884 754.6231079101562 15.250282287597656
0.9998474765907013 0.00806630047225491 -0.004051044227298079 0.014951501348254065 -2.4440530992260765 -0.9134816792563009 -0.1677246325382946
8.032564163208008 265979 234.0062255859375 8.182172775268555 451471 718.8331298828125 14.850410461425781
0.9998766043629661 0.00783241397758984 -0.004410057807947689 0.012883350845133874 -2.3907267707934934 -0.897246924317811 -0.1633208614707208
8.051385879516602 482681 269.28741455078125 15.501167297363281 265979 692.4752807617188 18.353368759155273
0.999877992695628 0.008433393560604768 -0.0041427373038357565 0.012478594618184102 -2.3288223987216172 -0.898575761905808 -0.1596719574315313
7.113387107849121 482681 829.3518676757812 11.964576721191406 217164 719.9996948242188 12.397372245788574
0.9998948645751813 0.008993542119420527 -0.0032422495113191767 0.010902468272486341 -2.281469537413891 -0.8975336239860975 -0.1561307805285272
3.834635019302368 482681 778.2218627929688 15.388406753540039 204453 836.2650146484375 19.723770141601562
0.9999330542666451 0.008398180420411561 -0.0015334239547187055 0.007810644120676407 -2.232471688575882 -0.8852805664080118 -0.14874672519788462
7.6453094482421875 -1 1026.4052734375 7.6453094482421875 270417 797.1865844726562 15.68408489227295
0.9999495875620603 0.0072289409929312464 -0.000614569255844409 0.006941689363262611 -2.1941278219902194 -0.8828098459017613 -0.13997779628460902
5.592987537384033 486188 420.5259704589844 7.156339168548584 260284 420.5259704589844 7.156339168548584
0.9999654225400433 0.0063013817590090926 -0.0006007000084402565 0.005393094820224863 -2.1665464714851583 -0.8808833313466963 -0.13430755263591257
5.6812872886657715 206433 318.74749755859375 6.892085552215576 411269 335.4666442871094 6.968612194061279
0.9999813931210236 0.0058796980875280664 -0.0016204719809572005 0.00012896780705626417 -2.1538333580384768 -0.8640432265856607 -0.1346369054606802
4.916404724121094 206433 752.6393432617188 5.044431209564209 -1 825.9083862304688 8.245305061340332
0.9999801220918215 0.005528019428510184 -0.0026627676933532263 -0.0014512376218203794 -2.130991561425333 -0.8657315269899498 -0.13698238961199277
3.6365203857421875 197705 831.96435546875 6.637693405151367 482681 328.3980712890625 8.8132963180542
0.9999721525013774 0.00638707228811201 -0.0034894933585895033 -0.0016501410391051561 -2.0928203265335883 -0.8819223781773574 -0.14633844869326698
4.209907531738281 -1 389.146240234375 4.209907531738281 -1 899.15625 5.618109226226807
0.9999509489169975 0.007568940448659914 -0.0034737290279736265 -0.005361353105431666 -2.0531813704300137 -0.8886500893829287 -0.15374764317270434
4.184162616729736 -1 400.04803466796875 6.00211238861084 451471 888.2708740234375 6.76169490814209
0.9999323680387181 0.007676715474041961 -0.0020255245404448424 -0.008498508007193265 -2.0140034633629376 -0.8942335654514578 -0.14657037994185315
5.972977161407471 262558 341.7396545410156 5.972977161407471 262802 872.033203125 6.015595436096191
0.9999022298629011 0.007042527493434944 -0.0007237423455182964 -0.012058595221652164 -1.9768767258940805 -0.8928800222748854 -0.13678946968790442
5.933078765869141 422901 360.968505859375 7.455690860748291 262558 360.968505859375 7.455690860748291
0.9998810984371687 0.006828194411168151 -0.0006466696251526319 -0.01381110305370976 -1.9351716083675998 -0.8970012075044485 -0.1279333514058053
4.99668550491333 422901 381.4078369140625 8.159807205200195 262558 381.4078369140625 8.159807205200195
0.9998518346669827 0.007293649140355143 0.0001780740975905087 -0.015591012953046103 -1.8916597189235775 -0.899593526438798 -0.11971297726066407
4.938806056976318 216821 947.3497314453125 4.938806056976318 -1 889.1406860351562 9.339958190917969
0.999816096442388 0.006844696595486172 0.0032584372833838727 -0.017615504809443214 -1.842197541452278 -0.8893487581858667 -0.10620598941227102
3.9776978492736816 422901 968.5744018554688 5.9637861251831055 216821 968.5744018554688 5.9637861251831055
0.9997839419820563 0.005615029392415992 0.005902078082554902 -0.019123448278224927 -1.8032458357475742 -0.874304430617234 -0.08777066647865452
0.7774136066436768 -1 420.1434326171875 3.926589012145996 211846 524.60546875 5.81136417388916
0.9997504255516665 0.004331053626104676 0.006329676380058044 -0.020982463646418956 -1.7803596223290656 -0.8551186349076727 -0.07916240329147872
1.6528806686401367 247498 1155.6265869140625 6.063286781311035 311772 872.7293090820312 7.125527858734131
0.9997905108998911 0.003457866710777003 0.004994848894447394 -0.019545561052751834 -1.75920791510903 -0.8501638799425445 -0.07963023014434298
3.5552661418914795 -1 539.3543090820312 5.122125625610352 -1 423.5520324707031 7.8567376136779785
0.9998085596446862 0.0033506757239065562 0.003951054169417856 -0.018868126678651054 -1.7412347200001073 -0.8548232378529207 -0.07894135039560547
3.6614627838134766 -1 998.2835693359375 10.938117980957031 513728 998.2835693359375 10.938117980957031
0.9998104821358361 0.0038610012147008784 0.003983484129237054 -0.018660769949794417 -1.7214950534295776 -0.8644804436034855 -0.07773456151736978
4.211764335632324 -1 1005.4088745117188 7.763443946838379 247498 1005.4088745117188 7.763443946838379
0.9997656043582713 0.004124136744524165 0.00479031912108885 -0.020707020089114105 -1.697436990770284 -0.8745651888420558 -0.07409667721703289
4.886199474334717 311772 625.1036987304688 6.71630859375 -1 625.1036987304688 6.71630859375
0.9997585653079297 0.0041584752248081105 0.005484240599989693 -0.020867229865896855 -1.6773976336057335 -0.8845416176681707 -0.07348056707705783
4.8945770263671875 411269 1005.3470458984375 4.3007917404174805 -1 476.8260498046875 7.255619049072266
0.9997849572131914 0.004320464334119377 0.005344346335009459 -0.019565553414259383 -1.6563994073139627 -0.897480683695998 -0.07239401304432726
4.679603099822998 -1 1002.0891723632812 6.640621662139893 -1 580.8778686523438 9.886033058166504
0.9998368972042023 0.004010512914551637 0.004258206385491159 -0.017086908837303474 -1.6364011301687695 -0.9049627122298137 -0.0766653765465587
2.2048044204711914 490837 595.0690307617188 3.8717410564422607 -1 1050.025634765625 5.624995708465576
0.9998955464603074 0.002855553182394486 0.0027547019936146264 -0.013897971139422687 -1.6149142092633832 -0.9076191080315245 -0.07759450321260537
4.412144184112549 411269 1070.0850830078125 10.192484855651855 674312 974.3966674804688 19.787002563476562
0.999944610955869 0.0016233253285122097 0.0012194696289576888 -0.010327280814319408 -1.5914764889062802 -0.9087076581285698 -0.08068562295037647
9.037920951843262 411269 512.459716796875 9.59027099609375 211846 1081.7747802734375 8.752396583557129
0.9999841817811814 0.0008417397665382583 -0.0007200478413595396 -0.005514453072864885 -1.559094379782965 -0.916329081012688 -0.07877340222555769
4.9235429763793945 -1 1019.4593505859375 4.824234962463379 486188 1019.4593505859375 4.824234962463379
0.9999950263097686 0.00036898887866064657 -0.003040929176840749 -0.0007509678250075241 -1.5207468008994023 -0.9246450366055631 -0.08225575745456902
3.7373642921447754 256901 1003.9758911132812 3.7373642921447754 -1 555.80810546875 6.357830047607422
0.9999842388522712 0.0007440019532199471 -0.004934444527623491 0.0025728904642847413 -1.478161592154946 -0.9316626490882889 -0.086592571155647
4.686514854431152 210218 617.9085083007812 15.03771686553955 411269 1061.146728515625 17.354042053222656
0.999975334121189 0.002038684040340162 -0.004482249958066374 0.005008428088103753 -1.4068754638510934 -0.9440274154692772 -0.08253072605069287
4.334681510925293 -1 1044.3665771484375 4.334681510925293 256901 649.5446166992188 10.60647201538086
0.9999802635827868 0.0027984542045994022 -0.0032961889119738435 0.00455809583287957 -1.3655003435770463 -0.9440883914965215 -0.08528941277698687
7.432928562164307 411269 1089.1500244140625 8.411770820617676 488312 1089.1500244140625 8.411770820617676
0.9999892620683826 0.0023539873927762326 -0.0028921206121823467 0.002751386859547098 -1.3331764754801803 -0.9428075255481159 -0.09492099433097077
3.657015323638916 411269 1101.7020263671875 3.8920512199401855 486188 1101.7020263671875 3.8920512199401855
0.9999880913654681 0.003477013658218565 -0.0033022125298501986 0.0009071359747453965 -1.3142149693646827 -0.9496856459904175 -0.10859897027342068
5.821535587310791 709483 1039.5562744140625 8.037301063537598 432603 721.2747192382812 10.150945663452148
0.9999623115814537 0.005798259479275266 -0.004398740620852695 -0.0047335699675139075 -1.3233050979292944 -0.9450321678969071 -0.11951346004048473
1.7173686027526855 -1 649.3224487304688 3.8521690368652344 262802 1173.2850341796875 4.129921913146973
0.9999533545177194 0.006739689238222141 -0.004499323336125571 -0.005255612928047718 -1.3114705111144889 -0.943650254929711 -0.12371862070653701
4.296505451202393 -1 1082.5677490234375 8.009291648864746 422901 1153.99169921875 12.644426345825195
0.9999770332017269 0.004730557175817264 -0.00277237508568514 -0.003983570541996985 -1.2781033506268027 -0.9314450705639347 -0.13481453923412307
4.863821983337402 262802 669.8980102539062 4.863821983337402 262558 1197.5927734375 4.2701520919799805
0.9999915685203065 0.0031276356987816395 -0.0005572333657357533 -0.0026019750592898173 -1.235366869987391 -0.924467115995423 -0.1423248590335984
0.5 -1 0.5 0.5 -1 0.5 0.5
0.9999771185886477 0.002041758087049768 0.001202171856639648 0.0063362690825817065 -1.1655435916780355 -0.9414163764244935 -0.14628802877020725
110.04029846191406 209471 566.0399780273438 123.73690032958984 451086 1124.0853271484375 162.53834533691406
0.9998439563874967 0.0023239693812400052 0.002049755479207033 0.01739139281909642 -1.0659085377401862 -0.9707791246265353 -0.14963115408981484
114.32243347167969 209471 1371.605712890625 141.798828125 423444 1196.3819580078125 161.58102416992188
0.9997544389975825 0.003670117168412518 0.003810137078270544 0.021519172847577997 -0.9681321683203333 -0.9870609440623132 -0.13630968041914726
278.6853332519531 386023 513.3319702148438 287.4195556640625 386038 941.155029296875 294.6508483886719
0.9996349303317099 0.005859352591610729 0.005877703256630996 0.025712383249159903 -0.8407661156464064 -1.0054201002251113 -0.11348948284010373
277.91815185546875 386023 1013.4506225585938 287.60601806640625 -1 1242.1429443359375 301.69683837890625
0.9995752893791562 0.005511042517191167 0.006599544409720514 0.027844483951656226 -0.722928149332152 -1.0012136243889427 -0.10966607707087936
105.12262725830078 200964 460.7115173339844 211.8563995361328 535807 801.0193481445312 215.42874145507812
0.9996676921919659 0.0031099374532867104 0.004889621849407067 0.025118221967235132 -0.6370613919557674 -0.980980042724568 -0.11537208232349937
0.5 -1 0.5 0.5 -1 0.5 0.5
0.9997303197300194 0.003058431063343143 0.0010630241059306688 0.022995734206463433 -0.5598641944607831 -0.9708958467251145 -0.13361075476464085
0.5 -1 0.5 0.5 -1 0.5 0.5
0.9997328654252629 0.004819075173439602 -0.0017750214603981119 0.022534941798934397 -0.5069743730487792 -0.9746922400979876 -0.14550179268286878
4.418074131011963 262802 1020.3777465820312 4.418074131011963 262558 474.8987121582031 5.237509250640869
0.9997275989475736 0.005863753192512578 -0.0024034222622160385 0.02246258806207288 -0.4590433972213402 -0.9816281594852361 -0.156242472473036
45.43684387207031 421561 211.2884521484375 48.35939407348633 214481 210.77418518066406 53.16579055786133
0.999718885702213 0.007505995563196831 -0.0016605006319147845 0.022428828292673068 -0.41678226007525704 -0.9935852516263733 -0.1681963528134572
34.044490814208984 585895 192.34410095214844 41.28681182861328 -1 192.34410095214844 41.28681182861328
0.9997318000406765 0.009955488071463276 -0.000592213668408649 0.02090132837067323 -0.3762548257717286 -1.0074276904461728 -0.17911261182181248
13.795723915100098 -1 619.3994750976562 29.195486068725586 602873 619.3994750976562 29.195486068725586
0.9997463988535433 0.011368023618735783 0.00017552878977075836 0.019439012526865154 -0.3348087088565772 -1.0135433302007137 -0.18438287014957735
8.803385734558105 187806 258.6137390136719 21.783510208129883 214481 121.35375213623047 24.024412155151367
0.9997384198151471 0.011392316420659623 0.0006670343559130304 0.019820750168758568 -0.29113326525329064 -1.011640392431281 -0.18392278876455184
19.200727462768555 -1 277.41827392578125 22.368709564208984 214481 235.2882080078125 23.35272789001465
0.999725582336835 0.011013749609582218 0.0010063543267123955 0.020650534903068223 -0.23770915411216714 -1.0033233416779666 -0.1773445312274807
0.5 -1 0.5 0.5 -1 0.5 0.5
0.9997381467834938 0.010457075409323953 0.00115293247504505 0.020321372652875425 -0.19790022933216636 -0.9925154633801033 -0.17248433043954467
0.5 -1 0.5 0.5 -1 0.5 0.5
0.9997452121195538 0.009692547556253215 0.0006593351300856053 0.020374755043544687 -0.1660912420993047 -0.9802902384175934 -0.1672012623176198
5.010745048522949 258760 160.17437744140625 11.926587104797363 -1 320.5776062011719 14.67358112335205
0.9997425884977009 0.00866067133541554 -0.000553564884052448 0.020962897744721667 -0.1346558362815962 -0.963722432550577 -0.16099945413646605
0.5 -1 0.5 0.5 -1 0.5 0.5
0.9997530360435827 0.007978359307878964 -0.0021684952056061028 0.0206279018064518 -0.10261076110393035 -0.9448448096353759 -0.1593659526984541
3.274414539337158 -1 203.82354736328125 3.274414539337158 -1 603.8177490234375 9.2174711227417
0.9997876175293902 0.007783804379022347 -0.0027559794710985235 0.018882182115685896 -0.06869879687942401 -0.9303143548561273 -0.1614505635019735
3.78576397895813 -1 602.9692993164062 5.21293830871582 221985 603.9483032226562 11.806509017944336
0.9998529112929236 0.007754660666749308 -0.0027466752288806263 0.015049145895888865 -0.031326492715922465 -0.9178252560788462 -0.16541770970484843
0.5 -1 0.5 0.5 -1 0.5 0.5
0.9999080847268426 0.007801254461918504 -0.0032850844564682484 0.010591069201540152 0.0028377575525804916 -0.9101462417070444 -0.16302532799473116
0.5 -1 0.5 0.5 -1 0.5 0.5
0.9999305092625712 0.007486437798812513 -0.003772945124747681 0.008288231419618573 0.04531022768464183 -0.9041470585468676 -0.1613038062524828
0.5 -1 0.5 0.5 -1 0.5 0.5
0.9999491396446394 0.006985790100584882 -0.0036638415271407045 0.006284355645591878 0.0900021228246546 -0.8995650280994442 -0.1619542807132833
0.5 -1 0.5 0.5 -1 0.5 0.5
0.9999726545799079 0.0065610361076634755 -0.002895722579439221 0.001804906742531457 0.12372373248765585 -0.8991997929940637 -0.1594859791277958
15.457117080688477 -1 287.87969970703125 15.457117080688477 -1 1227.1998291015625 23.51885986328125
0.9999745508140356 0.006166505454492112 -0.0013662089215316076 -0.0033174399663669055 0.14923285472846798 -0.9027715376779094 -0.14942795331429223
2.7670931816101074 -1 434.6808166503906 18.794782638549805 -1 685.2006225585938 21.103927612304688
0.9999595215865871 0.005610072731458743 -0.00029992692510037543 -0.0070279667124410455 0.15935181672236853 -0.9025652460042182 -0.14498776382358705
3.1355719566345215 -1 277.4931945800781 3.1355719566345215 -1 332.5238037109375 4.724958419799805
0.9999677508462883 0.004993886681803017 -0.00010008598356774479 -0.006288747571708198 0.17038141163890771 -0.896257023745208 -0.15020836158093537
5.4364728927612305 -1 336.3865661621094 5.698437690734863 -1 911.5241088867188 7.284733772277832
0.9999708563115507 0.00420825689290709 -0.0008889340731095544 -0.006307685604191574 0.17020751759481015 -0.8929185644357014 -0.16165598918355098
0.5 -1 0.5 0.5 -1 0.5 0.5
0.9999759090382957 0.00400467288238859 -0.001642128537401212 -0.005426541440534175 0.16259643840350685 -0.8941266388081907 -0.1787521705515121
4.435542583465576 -1 431.6347961425781 14.913519859313965 -1 686.3185424804688 19.933307647705078
0.9999661659903354 0.006846049052781265 -0.0024399642462079635 -0.0038529289421452883 0.14953929500046811 -0.9039390395657156 -0.19209900641500477
6.645629405975342 -1 286.5556335449219 7.068655967712402 -1 286.5556335449219 7.068655967712402
0.9999264996495475 0.009944465565280476 -0.00302953240314741 -0.00623897721128048 0.12835412541578634 -0.9118814535376663 -0.19764730514725878
4.731630802154541 221985 297.0473327636719 11.582542419433594 137761 377.3586120605469 22.048463821411133
0.9999013751528447 0.009735889148231518 -0.002957215213858021 -0.009680253515401607 0.11901074644118945 -0.9065832225692942 -0.20151172103964893
8.530340194702148 -1 352.98828125 15.076128005981445 -1 291.0786437988281 17.67731285095215
0.9999372334769313 0.006973769804639063 -0.0018863870830239883 -0.008563713270887657 0.13954545161190138 -0.8910825781777106 -0.21006337455693413
12.234659194946289 -1 656.6412353515625 15.596293449401855 221985 330.9825134277344 22.792661666870117
0.9999789048455924 0.005507368807063315 -0.0008428492521454392 -0.003338915657978083 0.1853262007751058 -0.8880890414826283 -0.21129912138167953
38.62216567993164 -1 389.5675354003906 57.314273834228516 -1 447.8704833984375 65.27059173583984
0.9999431894451591 0.004845949025878326 0.0006562550266605537 0.009471219014545904 0.27266252533483154 -0.8939210353059293 -0.21205230854877227
206.5873565673828 201977 495.51055908203125 232.3743133544922 210503 513.228759765625 233.7786102294922
0.9999111971513549 0.0044230531076940366 0.002306860492605823 0.012357702343818916 0.35531730826822655 -0.9022757451861169 -0.22799567161003403
245.4387969970703 383716 961.4133911132812 249.48910522460938 -1 996.015380859375 258.8226318359375
0.9998719810854101 0.004543515405719112 0.006424155981776299 0.013932269306081144 0.4626389378481008 -0.9089533969856193 -0.24130150701005215
167.69859313964844 -1 1056.083740234375 250.97727966308594 -1 1012.5951538085938 263.99139404296875
0.9998917989630908 0.004777990853284273 0.009887964557242121 0.009787202188307989 0.5414466978579043 -0.9164598243294233 -0.24706990597703318
234.29861450195312 -1 656.0279541015625 249.7374267578125 -1 574.2553100585938 252.14271545410156
0.9998746786094774 0.004762914272183757 0.011776317812543072 0.009447754336779152 0.6312893930377308 -0.9220989026725178 -0.24529593870220107
193.888671875 201977 1191.7989501953125 212.41220092773438 411569 649.1154174804688 219.73899841308594
0.9998643467850455 0.004883905925302554 0.010700048121759028 0.011530154431710295 0.7193110663565974 -0.9268570207653074 -0.24165750682779663
35.1954231262207 219125 676.5060424804688 36.95235824584961 179792 1325.545166015625 50.66220474243164
0.9998726392392447 0.0054555552614002885 0.006539366575762437 0.013497366495906134 0.8028867586674786 -0.9322500819030238 -0.2303332952997924
15.765485763549805 -1 564.25732421875 26.323657989501953 219565 667.1849365234375 27.154211044311523
0.9998842094625215 0.005775063808908419 0.0030818320974831874 0.013737489451652747 0.8824335367876328 -0.9413037447992261 -0.2262856593862451
3.445309638977051 -1 580.2858276367188 4.47740364074707 -1 706.9947509765625 12.03400707244873
0.999879550506191 0.006853060137954559 0.002264288590487552 0.013740198086714388 0.9532657258782923 -0.954200056223907 -0.227550673809327
15.295437812805176 174847 785.8026733398438 17.32484245300293 219125 765.2766723632812 18.854766845703125
0.9998905198209735 0.00850839152376357 0.002894102955700581 0.01175499102098761 1.0214551583443674 -0.9704035622191614 -0.23462807080323045
4.228617191314697 -1 815.747314453125 6.866909503936768 219125 725.2704467773438 17.655864715576172
0.9998849083505312 0.00975232294372843 0.00431416964397766 0.010791208937571036 1.0946536724050298 -0.9819836752756996 -0.24642474502744796
4.14740514755249 -1 721.8421020507812 32.94141387939453 -1 779.6298828125 35.7977294921875
0.9998713416494509 0.009933702639863885 0.005478679860680629 0.011340448270408612 1.1721901411627702 -0.9874338316939565 -0.2525392182435646
22.84879493713379 -1 815.593017578125 30.776565551757812 219126 868.81884765625 43.85797882080078
0.9998772763358722 0.010137290453343165 0.005861620508616243 0.010407161689693743 1.2402797070267024 -0.9936825200429029 -0.256296210543065
16.815738677978516 602240 857.43212890625 16.815738677978516 -1 925.8106689453125 17.880582809448242
0.9998890868261258 0.010180298891563926 0.005824145403885035 0.009179046290836492 1.2894681556936216 -0.9975785758164708 -0.2577242448805852
3.2710413932800293 223223 922.232666015625 4.291310787200928 223472 883.8587646484375 5.500903129577637
0.9998960548706645 0.00987914838296596 0.006050636257613383 0.008583220968064097 1.34059897455123 -0.9985439385849539 -0.2567544770054513
3.397674322128296 223471 1198.583984375 3.397674322128296 -1 944.6276245117188 5.396337509155273
0.9999175711286677 0.009485299550765085 0.006252957788061402 0.005981685337648174 1.3860807141113158 -1.0051033457745742 -0.25598812526648596
6.406007766723633 222641 964.3211059570312 6.300452709197998 223472 925.5288696289062 7.729418754577637
0.9999258260785095 0.009270819956972341 0.006383980832352769 0.004651776786105507 1.434535734006226 -1.0122237371259106 -0.25419022045265643
5.595752239227295 223472 1006.4345092773438 9.0303373336792 144766 1194.77099609375 21.837568283081055
0.9999175223378443 0.010077611984749192 0.006134263572352782 0.0050755363122152765 1.4855623481954392 -1.0168598622984943 -0.2549891391327598
7.589166164398193 605420 1214.5985107421875 17.82648468017578 643793 1029.87939453125 18.622312545776367
0.9999195832077608 0.010777465012301339 0.00520785803294575 0.0041894606138995925 1.5258044048665935 -1.021891134082409 -0.25289958384988986
4.606710433959961 -1 1301.152587890625 4.698667526245117 605420 1228.4395751953125 15.505692481994629
0.9999263279030309 0.01053631179369505 0.0045213411722847255 0.003985269645852114 1.5723817442029795 -1.0205962586166508 -0.24747077731608955
8.185334205627441 605420 1244.7286376953125 17.813318252563477 643793 1063.8221435546875 18.35931396484375
0.9999346003953858 0.009750046589277904 0.004747686963905722 0.003631940544644011 1.6147029722133248 -1.0188054037617809 -0.2380509754097668
0.5 -1 0.5 0.5 -1 0.5 0.5
0.99994549992455 0.008432028025762246 0.00575134851604976 0.002195466752581727 1.6539046051815833 -1.0191897668525889 -0.23021946838563076
0.5 -1 0.5 0.5 -1 0.5 0.5
0.9999598916008651 0.006813373446927005 0.005809293172866251 -0.00021270799394200308 1.6943447229669646 -1.025022967677785 -0.2221107678824504
3.0508008003234863 -1 1062.40625 5.407740592956543 -1 1351.131591796875 5.911316394805908
0.9999694630368703 0.007029761949877975 0.0033592019157270636 -0.0006092644507626432 1.7248908260186047 -1.0376065639976846 -0.2067094924240113
1.1207821369171143 -1 353.31011962890625 5.480588912963867 644355 353.31011962890625 5.480588912963867
0.9999621433030305 0.00865697880182303 0.0008592320804234031 0.00017435328056904093 1.7622674402030125 -1.0579714945760124 -0.19454110840008423
0.5 -1 0.5 0.5 -1 0.5 0.5
0.9999480666447723 0.010185206709136434 2.8569600371511814e-05 -0.0003532158720341239 1.801502785237937 -1.0793625145205583 -0.18992208500270402
53.80978775024414 639588 1170.4312744140625 56.37192153930664 -1 1164.862548828125 58.13964080810547
0.9999420785175953 0.010615934516954176 0.0015680949402151353 -0.0008262097199992114 1.8680144980039326 -1.0913426051500115 -0.1906870909512253
77.88771057128906 -1 1150.847412109375 85.50090789794922 -1 1142.3975830078125 95.20024871826172
0.9999418504329316 0.009379520593056393 0.004553038757735743 -0.002755028907231899 1.9336049123175687 -1.0918294859768505 -0.19499649287951876
115.08088684082031 137214 1014.5797119140625 118.08721923828125 -1 625.6165771484375 122.71162414550781
0.9999314236191961 0.008148031244357291 0.0069327358837179285 -0.00476390794365048 1.9925843410614783 -1.0832569001312973 -0.1982724696899392
19.288007736206055 -1 462.46856689453125 20.086973190307617 -1 584.5867309570312 47.57282257080078
0.9999185635735655 0.007883649708820712 0.006951526062853665 -0.007238133298282843 2.020378126678261 -1.081978717517747 -0.19477145500639859
0.5 -1 0.5 0.5 -1 0.5 0.5
0.9999121532803246 0.008494885291613432 0.006143300496467915 -0.008110641478767664 2.0408242534425987 -1.0787789816809887 -0.19735960332186084
4.299774646759033 -1 499.0242614746094 13.747222900390625 644355 499.0242614746094 13.747222900390625
0.9999033798981665 0.009715742418828747 0.005135784211271808 -0.008512281598329514 2.064781625559875 -1.083164267058093 -0.20163723171472267
3.413950204849243 -1 399.53369140625 6.212339878082275 59605 399.53369140625 6.212339878082275
0.9998912815309337 0.010135594087683686 0.00501300192093238 -0.009463860874802534 2.0835559215057646 -1.0916774635704203 -0.20546062583140753
5.415493011474609 1125 485.8485107421875 7.350602626800537 658889 485.8485107421875 7.350602626800537
0.9999011107457062 0.010698506102949718 0.005226355551916033 -0.00748304111395548 2.118325395811339 -1.0910593630547156 -0.21388991105028535
33.53229904174805 148437 1224.873291015625 40.510009765625 59609 1302.2188720703125 46.16700744628906
0.9999122495604171 0.010891882735942863 0.005056424477716892 -0.005593982570034806 2.159083088671385 -1.0992743770536884 -0.21306333603709918
15.309388160705566 170773 691.7051391601562 19.984947204589844 51318 1329.7911376953125 19.50475311279297
0.9999224911199036 0.010806993867090952 0.00514869680254803 -0.003422215270605629 2.200985062110931 -1.1059057575865432 -0.2128133531441931
23.800594329833984 59609 1306.06201171875 34.46000289916992 148009 1259.4305419921875 39.13396072387695
0.9999373570140807 0.009758971055915796 0.005214231054188211 -0.0016900669034851576 2.242364991321034 -1.1097862516293229 -0.21243334939439884
7.800550937652588 57457 184.08497619628906 12.170516967773438 370271 1470.2562255859375 14.783570289611816
0.9999497833531827 0.00862769533662549 0.005096296269825486 0.0001463196217428205 2.285124150960371 -1.1061457710462466 -0.20905126613446134
21.99224090576172 59609 1307.629150390625 37.52359390258789 46926 1371.621337890625 38.40330123901367
0.9999544502754388 0.008077210360519059 0.005034793161032632 0.0007119725855636912 2.320687892787641 -1.1020389909814516 -0.19959328642834884
15.649749755859375 370271 583.5431518554688 25.66326141357422 148782 1339.40185546875 29.12965202331543
0.9999570960612182 0.00709110143754737 0.005942702790498355 -0.00045453356529028124 2.3529037248808384 -1.0963347914422366 -0.19316269452521498
0.5 -1 0.5 0.5 -1 0.5 0.5
0.9999558422731811 0.005310221419538076 0.0073421754003481 -0.002491488029058587 2.3791590921476735 -1.0897613501971497 -0.1892848944381586
5.890416145324707 644355 623.699951171875 10.149707794189453 658889 623.699951171875 10.149707794189453
0.9999505417707998 0.004178069162184463 0.007774828246999356 -0.00458364441136409 2.396871772037616 -1.0857390230796495 -0.18557517535166565
9.972900390625 -1 688.020751953125 14.378541946411133 709802 557.7533569335938 17.621131896972656
0.9999539165957924 0.003870161729571856 0.0072382104468012125 -0.004979441981804314 2.4094069964045453 -1.080236283230151 -0.17806801709927125
4.003866672515869 -1 502.5054931640625 21.483970642089844 47802 502.5054931640625 21.483970642089844
0.9999567975939471 0.003993689561780588 0.006359081963492532 -0.005478637232343831 2.4149549225131177 -1.0774990247779264 -0.1757951190652044
10.747886657714844 -1 1175.0457763671875 18.64309310913086 134024 662.6489868164062 23.959426879882812
0.9999604407186886 0.004341377933237756 0.005003965737965555 -0.005935466470307423 2.4166297880534477 -1.0795074414596746 -0.1734821900813987
7.759946346282959 666768 1121.4686279296875 17.255834579467773 -1 500.36688232421875 20.433408737182617
0.9999572188873161 0.0049027929073074345 0.0038640011499126506 -0.0068258707844288564 2.416935505029481 -1.0867667303037547 -0.17381883676689933
11.308836936950684 -1 1524.1292724609375 13.741255760192871 -1 557.6004028320312 17.103200912475586
0.99996747233045 0.005562797213188445 0.0032057085674999193 -0.004881905447250116 2.428070950984283 -1.0812558751316117 -0.17629234672948882
11.926179885864258 644355 1011.8539428710938 22.854984283447266 36215 1244.0709228515625 25.874656677246094
0.9999714789515085 0.006391279708637501 0.0024395075693316747 -0.003200254683323236 2.437563273313359 -1.0729494327328502 -0.18386533944502426
5.356689929962158 644355 639.2954711914062 9.649219512939453 36626 1150.815673828125 11.215433120727539
0.9999684640247325 0.00720591669346194 0.0019987296305134655 -0.0026740980700818593 2.450245712072209 -1.0743703784619547 -0.18802949304071867
5.630289554595947 -1 1159.3297119140625 5.545762538909912 -1 1024.4429931640625 11.676847457885742
0.9999676593914233 0.007316736965595885 0.0019662359079024297 -0.002698045175531607 2.459388705254609 -1.0765259652738628 -0.1912922887002433
8.488889694213867 36215 654.6212768554688 11.673304557800293 565751 1266.8919677734375 12.09727668762207
0.9999416684340197 0.006747207753322266 0.0016803964387681087 -0.008265058059761876 2.444578433086202 -1.099768461694037 -0.18732657260175212
5.431739807128906 228043 1233.465087890625 5.431739807128906 147126 1257.2633056640625 5.9124436378479
0.9999174318344629 0.004670447506635127 0.0019068320475923994 -0.011818647350786051 2.4421576650331605 -1.0970780120037957 -0.18165590274057417
18.294588088989258 47802 663.9395751953125 18.61686897277832 644355 495.3674011230469 21.20612907409668
0.9999411509648269 0.00022211267999167433 0.002701068397581125 -0.010504737150739301 2.4738463230654264 -1.068321124342248 -0.17591476713648396
43.20153045654297 -1 145.05552673339844 67.05200958251953 -1 217.3031005859375 118.20742797851562
0.9999802325598756 -0.00470877703716638 0.003914542209321285 0.0014276790966062194 2.559908645253556 -0.9983702349454715 -0.18196067822700637
188.2185821533203 710324 1096.64501953125 195.56500244140625 145557 1183.1607666015625 224.60052490234375
0.9998765623058025 -0.006311082137029993 0.005177651063999515 0.013424690806488839 2.666545443121751 -0.9517643399191537 -0.18643180732737985
221.63966369628906 -1 722.6309204101562 250.40847778320312 -1 621.9107055664062 309.47064208984375
0.999802236545304 -0.003665915141799637 0.006343430186821152 0.0184880977562877 2.7698176450440233 -0.947483503636847 -0.18972274111481785
138.03143310546875 -1 717.47607421875 199.76101684570312 709335 1430.3489990234375 209.45083618164062
0.9998075888659743 -0.00018138108923557077 0.0067768588526447284 0.018407241265296075 2.8518712264062045 -0.9638775101518992 -0.18236862123779268
163.820556640625 710324 1470.5001220703125 166.50616455078125 -1 1470.5001220703125 166.50616455078125
0.999870804600366 0.0027854740915469844 0.0065968875894696095 0.014390841394226988 2.923938364686218 -0.9869955479952239 -0.18303560850320869
31.407085418701172 -1 758.6731567382812 71.06063079833984 -1 882.1947631835938 73.18141174316406
0.999940770102555 0.003751393123315849 0.005312283904599334 0.008727140199427778 2.9695717453800214 -1.0061133511185938 -0.18009600830867456
3.686060667037964 -1 900.2144775390625 17.08112144470215 644355 162.1927947998047 23.478727340698242
0.9999752102270171 0.0038132045737092756 0.0037805765602664924 0.004554738541807335 3.013266608193319 -1.0090021082218925 -0.17779299957404138
12.185731887817383 710392 598.9111938476562 19.301862716674805 584922 915.542724609375 22.812274932861328
0.9999878436093346 0.0036070049061583407 0.002917144644997119 0.0016710524469198897 3.065186603680835 -1.0058536011285562 -0.16852294329287007
31.75816535949707 584922 935.5278930664062 33.857913970947266 644355 185.11505126953125 48.18394088745117
0.9999888181956108 0.0032382350040570705 0.0032024721196035897 -0.001273377448815589 3.1152257778837718 -1.0033369991379084 -0.16560013697714931
10.846652030944824 663387 572.294677734375 10.846652030944824 663387 846.6328735351562 29.321044921875
0.9999724154915658 0.0029088511420758308 0.004417846627464423 -0.005214352517126578 3.1676527947322284 -1.0160326121427905 -0.17433598237446987
0.5 -1 0.5 0.5 -1 0.5 0.5
0.9999429413316795 0.003751236056640286 0.006561611739191349 -0.007549010556429366 3.226123398380302 -1.039607717612751 -0.1953931249172831
127.56825256347656 77673 862.4215087890625 154.58497619628906 -1 327.95599365234375 155.4026641845703
0.9999001393182617 0.006289337272735736 0.008337230298666993 -0.00952083079030475 3.2804751860175094 -1.0771040127703368 -0.21902441124501756
83.48533630371094 711438 1148.2489013671875 86.16548156738281 28363 547.0432739257812 90.3847885131836
0.9998766847603378 0.008636309884598412 0.008928634846030148 -0.009607752288624618 3.336564949209144 -1.1012658153035555 -0.23221660593365076
28.840614318847656 -1 805.8143310546875 33.414913177490234 51363 805.8143310546875 33.414913177490234
0.9998948972113343 0.008838543258786788 0.007883029918019148 -0.008362566777573542 3.3965610104338197 -1.100348855911566 -0.22442006453980307
8.329069137573242 9803 320.7725524902344 33.34840393066406 -1 394.8069152832031 41.19236755371094
0.9999254036628361 0.007609163633900601 0.006848060376935442 -0.006662717732338534 3.4556517746197737 -1.0841338932049225 -0.20642807753135695
12.213255882263184 584922 395.13922119140625 12.966652870178223 2209 1185.0390625 17.356996536254883
0.999942621512177 0.006015572596124275 0.006974639737077422 -0.005470006419893348 3.5129535925295103 -1.0657558302444259 -0.19247847563084014
7.045798301696777 666768 467.0499572753906 7.646117210388184 584687 1034.8538818359375 10.201973915100098
0.9999503539803178 0.003936256988160774 0.0076098452268580676 -0.005087800230302316 3.5653073707861003 -1.0458892113269547 -0.18007270283019872
5.298369407653809 2206 371.3573303222656 6.519258975982666 -1 491.1159973144531 7.079987525939941
0.9999510343362463 0.001980266582539813 0.007684840708531186 -0.005911911485950329 3.6038157810811087 -1.0347357808690183 -0.17084850209368485
3.0199713706970215 18375 643.7310180664062 4.197272300720215 18376 490.1563720703125 5.148033142089844
0.9999558799435817 0.0013261687994184904 0.006726234031266315 -0.00642162116053258 3.6279223691019626 -1.031445083945173 -0.16008543095826938
3.843595027923584 17761 482.68212890625 3.843595027923584 -1 828.8171997070312 8.568946838378906
0.9999570868361584 0.0019529428825582978 0.005149030840124264 -0.007449696748774175 3.6405170250983705 -1.0411947739118048 -0.14721491636409578
5.728302955627441 -1 1056.9326171875 7.7163848876953125 -1 500.2779846191406 8.434938430786133
0.9999576838311484 0.0026456817522110317 0.004455830990617664 -0.007601084481465939 3.6611900040643093 -1.0473362041073888 -0.1427059196975414
4.773406982421875 18376 838.54296875 4.1656413078308105 18375 838.54296875 4.1656413078308105
0.9999506437518911 0.002569836921920907 0.00448697207176643 -0.008483694949752254 3.6845582340239598 -1.0562751282732286 -0.1410463213973833
4.896394729614258 18376 516.248779296875 5.739617824554443 1080 499.270263671875 6.637285232543945
0.9999604459229562 0.0015990400268468669 0.004458116685665225 -0.007528270463532538 3.7169979265047903 -1.0463839426642791 -0.1328820003180917
4.197203636169434 17761 514.666259765625 4.197203636169434 -1 1070.1571044921875 4.331526279449463
0.999975667115409 0.00027345788030784757 0.003964571435220036 -0.005733460666608361 3.747838778794754 -1.0266868627695491 -0.1171139837404416
4.623635292053223 -1 1184.783447265625 4.642298698425293 -1 490.99493408203125 8.388805389404297
0.9999873252686599 -0.0013910539247962064 0.0030672798942231374 -0.003742467776787041 3.786605951497152 -1.003301302550412 -0.09258115008438049
11.990917205810547 27283 839.9918823242188 11.63535213470459 584675 839.9918823242188 11.63535213470459
0.9999867364874222 -0.002678907766604551 0.0034477806651125485 -0.0027318694877716838 3.839407917216638 -0.9896042100839176 -0.08125283054902735
4.489973068237305 -1 520.3759155273438 7.24075174331665 643907 539.6004638671875 8.359206199645996
0.9999793215156658 -0.0030792484678612677 0.004874978861472508 -0.0028476922309307153 3.8815525613316555 -0.9899269971728165 -0.08688082280580149
10.745871543884277 643907 877.3041381835938 10.327146530151367 585324 558.2199096679688 11.531556129455566
0.9999680563684498 -0.0029540707676591854 0.006333111422452641 -0.0038796144544789137 3.923123842144462 -1.000953640358902 -0.09885873740560955
6.621896743774414 611875 389.8500671386719 8.10204792022705 -1 1172.75537109375 10.762063026428223
0.9999629202233581 -0.0021156434989375427 0.007069562331197498 -0.004438864652685395 3.957277900765203 -1.011901220357686 -0.10861050156717211
4.8266377449035645 -1 569.608154296875 5.899813652038574 643907 999.6420288085938 5.6606221199035645
0.9999625487861186 -0.0009952074259781665 0.007174382787267937 -0.004736963053530825 3.9820775518877847 -1.0201095561279088 -0.1127573414920892
4.800922870635986 -1 475.6948547363281 4.800922870635986 -1 641.4536743164062 5.219321250915527
0.9999607635630333 -0.00041119604688337897 0.00640432066963811 -0.006106302400548789 3.995055206224837 -1.0335988575856272 -0.10610379626211958
5.519351005554199 7799 638.7000732421875 5.519351005554199 373258 1270.6337890625 10.857709884643555
0.9999611553776253 -0.00046406364021969043 0.005016924115454876 -0.007232071155783578 3.9986158220694423 -1.040367723642561 -0.09303903028232742
4.3118815422058105 -1 643.7398681640625 5.2724199295043945 6971 479.0832824707031 12.638762474060059
0.9999371061035697 -0.0008318394698015864 0.003242528143308019 -0.010704106294068734 3.9844546776814886 -1.0641606602615685 -0.06643510856156845
3.668623924255371 611875 911.0089721679688 3.527198553085327 585324 1184.94287109375 3.5194742679595947
0.9999148005194862 -0.0009837357455980257 0.0021682063088078554 -0.01283443989667584 3.974100427675739 -1.074684523499076 -0.04299542628752884
2.0968360900878906 -1 645.5460205078125 3.5493288040161133 -1 673.0903930664062 4.530867099761963
0.9998777707135608 -0.0018657646219272645 0.0012323380832713626 -0.015473974864404827 3.969069648427745 -1.0820169396683383 -0.025618153600693118
6.458174228668213 11625 804.2986450195312 5.261224746704102 1067 553.208740234375 7.267908096313477
0.999825607822292 -0.003431960219548679 0.0008945573445186566 -0.01833508546456813 3.969622798408425 -1.0872137520213203 -0.013671205636280217
2.3018949031829834 23918 486.9857177734375 3.5081942081451416 126477 948.779296875 4.4875168800354
0.9997884154860754 -0.0022942948141207497 0.001281382222799887 -0.020401434526717603 3.9656087347829616 -1.0961159304286978 -0.019840818778891385
3.249957323074341 23345 617.1361694335938 3.793569564819336 66900 440.0620422363281 5.010639667510986
0.9998552503976327 -0.0008768367546324806 0.001005234252295722 -0.016961689588335015 3.9651014244338767 -1.0851809369087428 -0.025897240296063686
5.824632167816162 1067 1046.2156982421875 5.312210559844971 643687 1046.2156982421875 5.312210559844971
0.9999348538579648 0.0006611848718326934 0.0003955015187439787 -0.011388347253428025 3.9715633685317773 -1.0570440566756438 -0.03677056789356046
3.7405643463134766 -1 557.979736328125 4.567136287689209 -1 557.979736328125 4.567136287689209
0.9999753673786762 0.0016574357459575807 6.505018336682515e-05 -0.006820066796108844 3.972232627204704 -1.0249375636686038 -0.04937947874762706
5.3625993728637695 -1 993.7308349609375 5.3625993728637695 12962 1178.2760009765625 5.360217094421387
0.9999900371356594 0.0013911726764757912 0.0007803801076919241 -0.004169085618501613 3.976057562171954 -0.9969446368809511 -0.06924377137742387
3.9154086112976074 96132 784.9183959960938 4.514296531677246 -1 784.9183959960938 4.514296531677246
0.9999920341250277 -0.0002953683371809811 0.0038230231686451183 -0.0011085747096556476 3.9933328871465315 -0.961635936507055 -0.10949240976538717
4.684887886047363 6971 1013.8862915039062 5.485327243804932 96132 633.9063110351562 6.916014194488525
0.9999585657260491 -0.002648839103872177 0.008301836214433766 0.0026324889312759835 4.021655430191224 -0.9191496880563328 -0.1619340521928302
4.968452453613281 1068 652.1554565429688 10.682939529418945 7799 652.1554565429688 10.682939529418945
0.9998460370147457 -0.002736010652295871 0.011590080581636486 0.012887456837150488 4.083989881698857 -0.8457212319722862 -0.18241834795049883
10.602323532104492 96132 638.5057373046875 19.57240867614746 585621 638.5057373046875 19.57240867614746
0.9997737223084598 -2.555063837620126e-05 0.013027050782083648 0.016816642844888985 4.145821261777591 -0.8336302465713562 -0.194111097913192
5.240921497344971 -1 665.5767211914062 6.600772380828857 -1 665.5767211914062 6.600772380828857
0.9997007346434292 0.003009718344851366 0.014853631635483752 0.01920292623820959 4.2152416674246895 -0.8278636859573268 -0.2176966496898445
4.499080181121826 1080 809.6617431640625 5.860402584075928 -1 853.24365234375 7.596916675567627
0.9997406214081775 0.004929128612413739 0.014215264776081394 0.01709736368155372 4.244904729886241 -0.8520835508241721 -0.23164046795529022
8.849252700805664 369727 775.4396362304688 8.309551239013672 1090 775.4396362304688 8.309551239013672
0.9998225636818094 0.008206080864799162 0.009849393958261357 0.013801841479651591 4.25137555544146 -0.8910636193345094 -0.2141506917810072
6.328396797180176 1088 769.8726196289062 7.310871601104736 584687 769.8726196289062 7.310871601104736
0.9997840480686564 0.01136271916255085 0.00443960934064808 0.01682366516506489 4.268506083665777 -0.8694680824427043 -0.1889635994277669
3.448072910308838 -1 270.5464172363281 14.40558910369873 412104 1373.5943603515625 17.101364135742188
0.999692341458718 0.012760997606206411 0.0003792323066628616 0.021265830614815035 4.294047728890024 -0.823993683832855 -0.1682414182966908
4.210638999938965 54245 390.7414855957031 5.924410820007324 -1 650.5389404296875 7.549363613128662
0.9996127692825939 0.013858072373793011 -0.0012282524518198383 0.024098894438978023 4.319080952571926 -0.7786161318567694 -0.16299733787970036
5.463210105895996 388 703.3475952148438 5.442966938018799 585464 772.819091796875 5.693614482879639
0.9995469292335665 0.01375032002734088 0.00022809199456016012 0.026773362376352177 4.349986854451565 -0.7206896743492544 -0.17752670429226683
3.40493106842041 -1 801.4362182617188 3.40493106842041 -1 1146.5595703125 4.331595420837402
0.9995738206309219 0.012829261919226238 0.003428416132320876 0.02599679039291562 4.376031377642541 -0.684759193669142 -0.2171819480841866
4.221012115478516 2202 795.2708129882812 4.624103546142578 571899 1167.902099609375 4.770316123962402
0.9996115891489404 0.012988816879821598 0.007311647746301499 0.023547850908873517 4.397712362409616 -0.6716577337932609 -0.2681722348196713
4.8074259757995605 -1 316.8912353515625 4.8074259757995605 -1 354.66845703125 12.65505313873291
0.999688411818373 0.014482221796212518 0.010905861356668559 0.017158284179180812 4.402108515748541 -0.6973381550710724 -0.3346954008028293
14.65433120727539 2202 1302.8216552734375 14.14410400390625 6052 1302.8216552734375 14.14410400390625
0.9997242565818192 0.016203838941562743 0.013188970222340403 0.010719023740959212 4.3941121300387955 -0.7405885372931983 -0.38801621505187867
6.847286701202393 -1 814.1702880859375 7.179593563079834 -1 710.0133056640625 8.072763442993164
0.9996837131558775 0.01909120408889167 0.014566568043067574 0.007470921814653603 4.38862118792223 -0.762210722450487 -0.42581888931582257
4.975962162017822 -1 789.589599609375 6.10365629196167 106735 811.293701171875 7.844705581665039
0.9996416085007364 0.021397846803517088 0.014599758591753704 0.006755276108079884 4.382630015903384 -0.7554584621484326 -0.44521788069307344
7.868696689605713 69574 281.7966003417969 8.948288917541504 -1 364.105224609375 8.351712226867676
0.9996369439967853 0.022987753397182124 0.012296377490403266 0.006807531941306692 4.368569713228365 -0.7406766739705726 -0.4294776512291641
8.654760360717773 69574 792.1567993164062 11.458470344543457 388 687.3558349609375 15.794745445251465
0.9995986202783429 0.026938637491925134 0.006989936379315156 0.005296124727105254 4.338658745990331 -0.7305877311876876 -0.38334376592352215
4.103974342346191 -1 720.4514770507812 5.90623664855957 32457 775.26513671875 5.494333744049072
0.9995576624984922 0.028974517269526132 0.001986031577800738 0.0064040899525450974 4.313159658298804 -0.6825508967937706 -0.33689452204031484
5.350882530212402 -1 756.8271484375 5.350882530212402 -1 788.2164306640625 8.663738250732422
0.9996064358061278 0.02764883397705735 -0.0016934661630839622 0.004432566641712773 4.287321882528035 -0.6353533055605365 -0.3002983916712637
6.490195274353027 -1 582.8406982421875 27.66863250732422 -1 753.211669921875 44.31670379638672
0.9996843820961212 0.02504296596664004 -0.001778516057147998 0.0009071545208725839 4.268768113879975 -0.6001541117703539 -0.28767689927823514
0.5 -1 0.5 0.5 -1 0.5 0.5
0.9997341101197611 0.02298768259589605 -0.0009180531084590083 -0.0015597084374687439 4.2511698669518765 -0.562939703776599 -0.2889619405674843
6.934760093688965 -1 582.83740234375 14.304267883300781 -1 582.83740234375 14.304267883300781
0.9997551182821539 0.02153885071261497 -0.002275075792568226 -0.004539318093536074 4.22083682256985 -0.5369113856000961 -0.2769078957944454
8.211321830749512 72831 641.32568359375 9.205073356628418 79675 424.7978210449219 13.119359970092773
0.9997386378897433 0.022162737651645767 -0.004963779390975818 -0.0026134009074430353 4.199568726028491 -0.482701251627797 -0.26611784775966296
4.900210380554199 -1 1335.219970703125 7.33341121673584 -1 197.7548370361328 9.760034561157227
0.9996964287178483 0.024026362232699675 -0.005444884200764223 0.0003708944371718521 4.202401058986497 -0.4346325580345824 -0.275384369824998
7.65841007232666 -1 267.1694030761719 12.308810234069824 79369 267.1694030761719 12.308810234069824
0.9996557307711325 0.02578558133794515 -0.00434106422567404 0.002163074868343317 4.215829738458336 -0.3940200013582657 -0.292247998297538
3.775564670562744 -1 416.7652587890625 8.447364807128906 -1 1171.8468017578125 10.281439781188965
0.9996400036374382 0.026362022710319517 -0.002691190748681145 0.004202901226201436 4.235877160690501 -0.33578074621650567 -0.3095936554393483
12.27627944946289 93005 763.3262329101562 16.682342529296875 34146 479.08270263671875 18.562692642211914
0.999677580749611 0.024678576780229507 -0.0014176837187911409 0.0058045299190284455 4.257032010702757 -0.26592901928873847 -0.31947429693591395
59.689064025878906 -1 469.1324157714844 63.927207946777344 -1 476.19091796875 74.69200897216797
0.999726542234855 0.022531125389662985 -0.00024786049073397725 0.006255214224392619 4.276990484530837 -0.20859840275559194 -0.3267655283452096
0.5 -1 0.5 0.5 -1 0.5 0.5
0.9997347967577247 0.021860255405124335 0.0014567682030597303 0.007095295047869624 4.299459671744689 -0.15640524366803032 -0.34061353322876153
5.1442646980285645 -1 241.1573486328125 7.5295610427856445 92240 268.48712158203125 12.520345687866211
0.999728149532854 0.022069282105057916 0.0024138326012249863 0.007123709086988867 4.315961166987273 -0.11917651411001222 -0.3510023650840557
5.781737804412842 -1 999.4147338867188 5.3684186935424805 -1 993.5484619140625 6.708011627197266
0.9997340885067569 0.021686060366394012 0.0027076122921617864 0.007357710175338194 4.328432156431466 -0.08056584397283807 -0.355589878132257
1.9448740482330322 -1 1335.23486328125 4.209950923919678 -1 346.95526123046875 6.820192337036133
0.9997341640926765 0.021180345384692146 0.0027417112540279467 0.008687757748825643 4.339145755899874 -0.033381965466282866 -0.35619640279030707
5.287504196166992 -1 1017.4610595703125 6.107946872711182 94391 1024.5062255859375 11.20915412902832
0.9997188552500059 0.02140750666288176 0.0028312977910406305 0.009793511572211524 4.346722222360561 0.004971447272536335 -0.3541986599351649
4.8981757164001465 -1 1267.2021484375 5.139741897583008 -1 1306.552490234375 4.821390151977539
0.9996990586886404 0.0224458248773413 0.0031518905569030155 0.009383101221853438 4.353144287757273 0.02706143730377119 -0.35386148389484223
2.777830123901367 -1 1015.7284545898438 4.906524658203125 -1 1363.8487548828125 8.340496063232422
0.9996819108930931 0.022998147285689448 0.003986130026974632 0.009553691536138774 4.361208927976389 0.06067418534561379 -0.35558946923304063
4.787269115447998 -1 1060.0194091796875 4.243951797485352 -1 1271.1192626953125 5.4909892082214355
0.9997066884694168 0.02203223312126303 0.004408463062064021 0.009037875117153683 4.366275112460745 0.0964195283584929 -0.35539578781361203
4.818710803985596 647218 1315.330322265625 4.515424728393555 -1 408.00128173828125 6.889571666717529
0.9997139365116361 0.021350634659479843 0.004973810197859612 0.00956330257608732 4.371823608016799 0.14757690373398308 -0.35142975017166406
1.7727152109146118 94386 818.1707153320312 2.5910484790802 585308 898.2669067382812 3.571195125579834
0.9996843267336173 0.021665030825621715 0.00533060722014647 0.011552400146448592 4.378458679598224 0.20436726334212388 -0.3459007656771979
6.372067451477051 94948 557.7048950195312 10.843912124633789 96691 557.7048950195312 10.843912124633789
0.9996610073314277 0.021875967166679017 0.005672413141507056 0.012928117062812114 4.3861928488333675 0.2495621082767676 -0.3447196714642007
4.487850189208984 -1 1290.29052734375 4.487850189208984 -1 815.372802734375 5.538965702056885
0.9996312889292799 0.02257428781306549 0.006199809633071023 0.013756819539169785 4.392879187927207 0.27964383794400016 -0.3483974763645984
3.375453472137451 -1 547.5861206054688 4.203195095062256 -1 807.5790405273438 6.185209274291992
0.9995996448108596 0.023689018251996253 0.006114421783744919 0.014212471794543333 4.394096147302184 0.3101121182288005 -0.34674127891021006
4.116392612457275 -1 956.6515502929688 5.205909729003906 -1 1325.026123046875 5.329159736633301
0.999596814866664 0.02359403318028399 0.005495224943448682 0.014809855148810308 4.391796164352026 0.34611239560773527 -0.33561627141314626
3.5123467445373535 -1 459.7798156738281 4.978994846343994 -1 897.3819580078125 4.698512554168701
0.9995681046081288 0.023650723163023184 0.005371892100360181 0.016594888346746474 4.390475346969017 0.39248969779488224 -0.3321294456166038
4.927701950073242 -1 354.260498046875 5.672305107116699 -1 1099.708984375 5.792685031890869
0.9995418782654756 0.024515064159421084 0.005399437199012643 0.016908320458247996 4.389301818434667 0.42064722439161756 -0.33276981727794686
3.067112445831299 -1 394.03631591796875 6.436336517333984 -1 598.0653686523438 7.453315258026123
0.9995186069141417 0.02516382563497647 0.005722432039349868 0.017221790945812068 4.388001218204121 0.45399900162065926 -0.339417036534227
6.356550216674805 -1 911.6652221679688 6.618278980255127 -1 1233.306640625 6.810498237609863
0.999504571678136 0.024976072298556924 0.006620159062461342 0.01797165827159784 4.388516315658069 0.49868143617450617 -0.34919594695948025
6.5676422119140625 576072 669.3837890625 6.5676422119140625 645821 392.4978332519531 8.369104385375977
0.999539219972403 0.024049425499692405 0.008006365043614657 0.016699430795183937 4.3930920498354435 0.5384185064913277 -0.3623035076600014
4.628998756408691 -1 1018.247314453125 4.5532450675964355 -1 887.3700561523438 5.541568756103516
0.9995322914591482 0.024028838541481204 0.009175312481911758 0.0165416713070746 4.39777728006787 0.5749026482162174 -0.3721710419120808
6.3113250732421875 -1 866.580322265625 10.083658218383789 645839 1106.31787109375 13.507207870483398
0.9995206356829863 0.0241530743377358 0.009662565833014775 0.01678578760253263 4.400021357727171 0.6120418479614645 -0.38252584454967764
8.936633110046387 110428 1074.3818359375 12.01865005493164 108801 1074.3818359375 12.01865005493164
0.9995236713645749 0.024320180943910804 0.009484712085010524 0.01646205993796596 4.398469020226038 0.6368025179441971 -0.3875342498221675
4.568930625915527 -1 1091.585693359375 4.3605146408081055 -1 552.708251953125 5.651524066925049
0.999521518223491 0.025091506216468825 0.009018766351324635 0.01567841756992583 4.393709680764175 0.6526137850953395 -0.38822124888757564
3.847775459289551 -1 1411.7127685546875 3.5319371223449707 110425 812.5640869140625 4.204603672027588
0.999519782812572 0.025538113337534692 0.008338975290997738 0.015442474690420599 4.388137029514912 0.6783852024397867 -0.3836408126688517
2.811523914337158 -1 1082.6617431640625 3.9718306064605713 -1 912.0072021484375 5.4406046867370605
0.9995286376591298 0.02478602033434165 0.008010264842401594 0.016247810696345854 4.386733734091238 0.7180565459515479 -0.38417662034344796
4.614576816558838 -1 951.6013793945312 6.161751747131348 -1 1353.4620361328125 6.5980119705200195
0.9995278271186179 0.02430150454010992 0.008443291389029958 0.01680090840226776 4.394383400291276 0.7577458815787919 -0.39748203629695456
3.523832321166992 699645 189.73397827148438 5.177764892578125 -1 873.0471801757812 5.871913433074951
0.9994783181799997 0.02538528266589912 0.009741388656656623 0.017429407881273073 4.4045040789801115 0.7829454389202318 -0.41827926614184174
3.875915050506592 -1 837.7824096679688 4.429698944091797 -1 524.8294067382812 5.20714807510376
0.9994361735775006 0.02673722393983597 0.010966040472253967 0.017093909942321985 4.412708821075292 0.8024478557226777 -0.43674581883204516
4.957157135009766 -1 1036.656982421875 6.096851348876953 -1 1036.656982421875 6.096851348876953
0.9994421053517847 0.026224900479769303 0.011773517379673228 0.017003438867741034 4.414725749412385 0.8405307811089456 -0.4510492163918751
4.639949798583984 -1 194.51669311523438 4.639949798583984 -1 861.235107421875 5.2463202476501465
0.9994804715551706 0.025219497364346977 0.01172703658617371 0.016286207215006288 4.41034622088994 0.8675043579586457 -0.4535762937205657
4.166469097137451 -1 221.6389617919922 4.099278450012207 -1 221.6389617919922 4.099278450012207
0.9995147788211877 0.02441729201232175 0.011131113746024875 0.015814584268655882 4.402457083775815 0.8952181915253828 -0.45003958039513603
4.859200954437256 -1 204.11277770996094 4.07064962387085 -1 534.527587890625 5.548011302947998
0.9995117182572647 0.024251115813083382 0.010282790527379113 0.01680692319257093 4.39260430054715 0.9314457101340909 -0.4447630643863972
4.5905022621154785 -1 812.9274291992188 6.546346664428711 -1 201.7764129638672 6.972397804260254
0.9995089634417463 0.024339630591321493 0.009390560918642722 0.017356029151770553 4.382638348140935 0.9674356518334174 -0.4406544476017259
4.547539234161377 -1 1106.35400390625 5.891810417175293 -1 1123.2740478515625 5.994945526123047
0.9995107191708457 0.023828237262079298 0.009328644218726718 0.01798648850113755 4.377416603832341 1.010725354953402 -0.44457711584257803
2.991802453994751 -1 1063.704345703125 5.441092491149902 -1 171.51185607910156 8.345836639404297
0.9995332328046456 0.02238960117825124 0.010065994263631842 0.018185104829436895 4.377478161380614 1.0526865898392583 -0.4610157275538468
3.3609542846679688 -1 123.72855377197266 6.251965045928955 -1 960.597412109375 6.839178085327148
0.9995157963876155 0.021959329710342156 0.010980848145516428 0.019114957083618028 4.3804652597007445 1.0914406592105115 -0.47826230759990684
4.049554347991943 -1 991.1399536132812 5.678238391876221 -1 1071.7353515625 5.103617191314697
0.9995011323131333 0.022807882266352428 0.011397973537181529 0.018637950813717788 4.382862261576045 1.1165123439663918 -0.4902179138825915
4.415340423583984 -1 115.2415771484375 6.367098808288574 124874 115.2415771484375 6.367098808288574
0.9994773089963032 0.023309864218207136 0.011416720292279772 0.019272195759829008 4.381167514401986 1.1514862912503556 -0.49345507997528126
3.521648645401001 -1 81.82697296142578 3.521648645401001 -1 629.3173217773438 3.3145976066589355
0.9994649139470166 0.022702619778284493 0.01171382254829799 0.020427021451801034 4.37915177375508 1.1940367381233543 -0.5011494658511839
2.6695985794067383 -1 1107.033203125 1.9764913320541382 -1 172.48898315429688 5.183943271636963
0.9994897803733589 0.022002138346899687 0.01211036641607776 0.019733825342467752 4.380956784886145 1.2210538966077118 -0.507196381711179
4.483462810516357 -1 1410.206787109375 4.532275199890137 -1 1104.630126953125 6.81809663772583
0.999471968596234 0.02182675421227298 0.01282940290385068 0.020366227241599644 4.383555261828051 1.254370788268192 -0.5103330915928861
5.2035369873046875 -1 241.33587646484375 5.2035369873046875 -1 624.8616943359375 5.822986125946045
0.9994618186243333 0.021534160827961054 0.01322923341499416 0.020912685452320456 4.3869939742577575 1.2901650810711187 -0.5144407418067112
4.135572910308838 -1 307.4713439941406 9.840702056884766 411305 1400.4317626953125 17.673635482788086
0.9994859011781942 0.020763638290068668 0.012905711100043004 0.02074240323526794 4.3904433162577075 1.3228259909613413 -0.5166749514221478
4.297229290008545 -1 1429.3741455078125 8.318026542663574 575575 570.7252807617188 10.347070693969727
0.999491492575149 0.019883501354563557 0.012320976702769717 0.0216701679013779 4.389737893142724 1.3645229002302877 -0.5221191032677208
7.028613090515137 -1 507.6237487792969 7.761190891265869 -1 519.1821899414062 8.274635314941406
0.9994692742986174 0.019648225243626603 0.012754275836757126 0.022637257467520423 4.390421212097043 1.3963266335796167 -0.538699966898398
5.0043487548828125 -1 1062.4034423828125 5.6166486740112305 -1 1070.27197265625 7.334086894989014
0.9994372470377144 0.02116216644834332 0.013169659373815914 0.022447984694956815 4.396960634176537 1.407531097861986 -0.5607645266615252
5.618749141693115 -1 506.2038269042969 5.3916096687316895 -1 518.7625122070312 6.793051719665527
0.9994021548503009 0.023022065892425 0.012239798621993689 0.02270472841310699 4.394299193187601 1.4237207150829645 -0.5734207140224582
13.09524154663086 617981 1068.7537841796875 13.146248817443848 611857 1465.5750732421875 13.737468719482422
0.9993641148785352 0.023635987664006552 0.010689421278321632 0.024463079383502444 4.37758412757761 1.4572941327048963 -0.5690452216345665
4.092567443847656 -1 1431.690185546875 4.519482612609863 -1 1431.690185546875 4.519482612609863
0.999389228791835 0.024224142279147702 0.008628100878898716 0.023662548064918413 4.36262282490144 1.4729397057395377 -0.5512606275846876
5.989055633544922 -1 954.7247314453125 8.496539115905762 354455 1404.25341796875 14.28530216217041
0.9994262969196392 0.02396000391827494 0.006749299259989148 0.02296610975399661 4.349047513855963 1.4990380460919719 -0.527479844683814
8.036962509155273 397623 528.581298828125 12.395461082458496 355726 1031.592529296875 15.949270248413086
0.9994950703849744 0.021773867789655607 0.006236562343128356 0.02228470883260461 4.345640388927841 1.5342449182466718 -0.5214307309030336
0.5 -1 0.5 0.5 -1 0.5 0.5
0.9995668684285182 0.01879961300315904 0.006846908719117621 0.0215817036382477 4.354605624042479 1.566615160851722 -0.5299610793157684
7.336318016052246 -1 1270.5435791015625 10.318751335144043 374823 1270.5435791015625 10.318751335144043
0.9995550217984347 0.01709080856602548 0.007761269528910924 0.023182436355780364 4.365951424448721 1.6142004187865786 -0.5374946146102906
5.445872783660889 -1 1027.56982421875 10.812259674072266 355719 463.1505126953125 11.864096641540527
0.9995051053611117 0.017145019697364455 0.008682336804499743 0.024904009401365824 4.380940857849718 1.6535359501123321 -0.5401019262633858
4.948755264282227 -1 807.548583984375 4.948755264282227 -1 314.16021728515625 5.434331893920898
0.9995009681127986 0.01729030616500448 0.00967873187552789 0.024600451288143914 4.397827760784594 1.673667536253844 -0.5452030442153969
11.348999977111816 -1 1122.3321533203125 11.348999977111816 -1 569.0241088867188 13.958014488220215
0.9994449106571651 0.01752734724973074 0.01114917207281114 0.02604531861908247 4.406230748156899 1.708333849345321 -0.5510202600360532
11.01248836517334 377317 420.6694641113281 11.01248836517334 643959 560.2229614257812 12.678946495056152
0.9994388929905428 0.016843418406903288 0.011485679261985179 0.02657588391943158 4.411562533494912 1.7375847854755 -0.5531517979953318
5.51428747177124 -1 568.9112548828125 7.061635971069336 377314 576.7142944335938 6.677558898925781
0.999455683097874 0.014928599665948054 0.010301388858890722 0.027556411648723435 4.411797001512545 1.7753496271303566 -0.5486413821549131
3.7488715648651123 -1 1211.718994140625 3.7488715648651123 -1 529.7261962890625 4.544009685516357
0.9994112211402555 0.013774090992392846 0.0094214864748321 0.029978676903447063 4.406328827992578 1.828992829908191 -0.5499163961230645
5.183679103851318 -1 1243.6502685546875 9.405919075012207 380538 769.515625 9.994087219238281
0.9993784975557326 0.014296598756632991 0.009263569941762627 0.03086117559608924 4.404910795404834 1.8645764506035467 -0.5537977415548265
5.548404693603516 -1 976.2861938476562 8.19906997680664 381211 468.1938781738281 11.425971031188965
0.9993309451312716 0.015147387005283876 0.009734655685588648 0.03183481189883975 4.401316630273995 1.8971446902421711 -0.5608452418469163
4.121418476104736 -1 754.6427612304688 4.662389755249023 -1 1310.6326904296875 7.301650524139404
0.9993170927527877 0.015352263114255443 0.009495465096914062 0.03224115835357428 4.394585082360892 1.9285627740956817 -0.565188195580315
4.872413158416748 -1 821.4251708984375 5.6189188957214355 -1 241.06394958496094 8.266758918762207
0.9993201776239807 0.01508129088631918 0.008429829217850878 0.032568009428513595 4.384980809536841 1.9654148196751389 -0.5673288230409017
3.4212310314178467 -1 675.5941162109375 3.4212310314178467 -1 540.8942260742188 6.043615818023682
0.9993525993030298 0.014620926366276476 0.007894859122037523 0.03191053083095376 4.379721466441022 1.9932054192224726 -0.5799626811403229
2.7371931076049805 -1 293.75390625 3.908867359161377 -1 769.9068603515625 4.893030643463135
0.999360571699234 0.014763749348700374 0.008275464744095889 0.03149596992344101 4.379202451972761 2.017106886339301 -0.5954215941013551
3.2725932598114014 -1 606.9524536132812 3.2725932598114014 -1 1496.07763671875 5.836066722869873
0.9993616909297662 0.015307795927925574 0.009202796971631826 0.030938497276470814 4.383305185863513 2.0382367887727093 -0.6108547105050516
4.328867435455322 -1 782.244140625 5.514647960662842 -1 1512.1575927734375 5.980048656463623
0.9993847663970707 0.01533142379513354 0.00974412536475272 0.03000146927672644 4.388685036557546 2.0564991258393763 -0.6220814440682946
2.5730578899383545 -1 818.7349243164062 2.5730578899383545 -1 699.2775268554688 3.6418960094451904
0.9994261359193584 0.014429121090949579 0.009495470298076068 0.02913821116096891 4.391306943187743 2.0800143650453324 -0.6263082811448688
2.0761971473693848 -1 477.0352783203125 5.055844783782959 -1 1020.4963989257812 4.233670234680176
0.9994773102221479 0.013515598885036919 0.008521576182072164 0.02810369508182673 4.394136525748113 2.100257884785314 -0.6203027985556129
3.2075750827789307 -1 991.424560546875 5.8400444984436035 -1 661.629150390625 8.18348503112793
0.9994112383056183 0.012651346171722642 0.00890023428157136 0.03062525131663588 4.391860748879843 2.153913519176417 -0.6305185645214553
5.357598304748535 -1 520.5697021484375 6.506381988525391 593697 802.5158081054688 7.074920177459717
0.9993651148371133 0.010769082822847893 0.00978488952200281 0.032521531925791165 4.395099051856527 2.2061655493171286 -0.6506188525216495
13.311247825622559 -1 1314.0511474609375 13.311247825622559 634976 512.2692260742188 14.464674949645996
0.9993879605132246 0.00950945484624416 0.010058562496363029 0.032126312739738185 4.404170495116429 2.2353080275045722 -0.6630342278177941
0.5 -1 0.5 0.5 -1 0.5 0.5
0.9993530559686151 0.009347662930723836 0.010593191907913694 0.03307378129463997 4.404410922792418 2.270653592054549 -0.6745105852185219
21.97943687438965 625908 123.33060455322266 22.47738265991211 632472 191.72499084472656 26.005300521850586
0.9993164248908246 0.008144004170650485 0.010139219880354202 0.034605698370458904 4.394859059283053 2.312504787868577 -0.6803888999589198
10.47787857055664 623195 645.1944580078125 17.241558074951172 624298 645.1944580078125 17.241558074951172
0.9993080326730981 0.006847562598929673 0.009020605095275353 0.03542873699683752 4.3841921641713 2.353148065680943 -0.6852424236268273
0.5 -1 0.5 0.5 -1 0.5 0.5
0.9993376359555551 0.006680994746432319 0.008295683620411018 0.034797058858910046 4.378906192573424 2.3785363704437406 -0.6848174258823387
3.2786593437194824 -1 523.9671020507812 14.75581169128418 631070 541.0975341796875 14.596768379211426
0.9993512519561915 0.006849614739010517 0.008323146585659231 0.034363981469462346 4.377900032142847 2.400448007613417 -0.6847122152343027
28.365737915039062 635577 731.8732299804688 30.985815048217773 627399 517.2969970703125 34.96514129638672
0.9993366579501992 0.006235926465040168 0.008683916741357687 0.0348130275626568 4.378130676813387 2.4374961293923887 -0.6981103597151757
12.858763694763184 627462 640.7633056640625 12.858763694763184 627461 552.7091064453125 15.793331146240234
0.9993688868875414 0.005768976662092227 0.008527796607416387 0.03399740452521538 4.387112689155806 2.4670297000233443 -0.7045408515175928
7.96854829788208 628986 557.3110961914062 15.234310150146484 -1 590.490478515625 17.910289764404297
0.9994722710581171 0.005228794871837586 0.008191364840908164 0.030995816365457753 4.403318875768861 2.4663514612216084 -0.7081474825730691
10.434063911437988 -1 1307.9306640625 20.740602493286133 -1 763.0654296875 22.479019165039062
0.9995057112626041 0.004048627944476639 0.008661340519884578 0.029948671850378986 4.414253520665226 2.476696192454896 -0.7219844851923392
28.803482055664062 -1 748.1329345703125 30.83866310119629 633569 765.7546997070312 35.34440231323242
0.9995002338066383 0.0043604408498106395 0.009452580851599335 0.029848247709282197 4.423886394239499 2.492057800064898 -0.7354665248772222
0.5 -1 0.5 0.5 -1 0.5 0.5
0.9994700251654054 0.00719781948338393 0.010078799869981087 0.030104451227842745 4.432453795254653 2.510711923200479 -0.7277048581225929
23.36720085144043 635737 1129.0135498046875 28.991703033447266 -1 1129.0135498046875 28.991703033447266
0.999480738776945 0.009576541645379754 0.010620077879373933 0.028874843892955863 4.444114095930128 2.5230759015556337 -0.7136459404430902
3.1536471843719482 -1 1386.5894775390625 16.69986915588379 -1 1386.5894775390625 16.69986915588379
0.9994906795526277 0.009468442525126767 0.011025967623093219 0.028410528357449276 4.448297925651497 2.5648037394881373 -0.6981102836789779
63.52983856201172 -1 667.3528442382812 68.08342742919922 635737 608.4923095703125 94.89830780029297
0.9994707609581902 0.007446117879898639 0.01091628180345637 0.029725210003672994 4.443560168338914 2.6382577428497935 -0.6805736265994484
103.81117248535156 -1 601.0452270507812 103.81117248535156 -1 1171.909423828125 111.0744400024414
0.9994175237799081 0.007224024670042374 0.010591437196415816 0.03162669896334436 4.436469101277185 2.701803066285846 -0.6496068674399984
0.5 -1 0.5 0.5 -1 0.5 0.5
0.999374151442481 0.009796670707683024 0.009671842264539812 0.03258506005635382 4.431092180348069 2.7330239101164855 -0.5961866115403992
4.735827922821045 -1 909.94921875 4.724766731262207 -1 168.90989685058594 10.140931129455566
0.9994145753341387 0.01128272230766846 0.00836272897236086 0.031197300382343543 4.434105909461152 2.7382944817346644 -0.5432357697249355
0.5 -1 0.5 0.5 -1 0.5 0.5
0.9993987118967702 0.01047778247843516 0.008095143168668223 0.03204527095360704 4.428061618552002 2.7693317109064717 -0.50742845266668
0.5 -1 0.5 0.5 -1 0.5 0.5
0.9994236730951551 0.007439968664306352 0.008887728512089207 0.03190574877914867 4.4313266928862785 2.803361944483954 -0.48312226445682693
0.5 -1 0.5 0.5 -1 0.5 0.5
0.9994494709642812 0.0034233990390408536 0.009958080455361232 0.03146223072006589 4.4364741501033365 2.825975150570987 -0.463343401283763
72.43726348876953 -1 891.0179443359375 72.43726348876953 632134 843.5565795898438 78.97691345214844
0.999434473258144 0.0012767444379502006 0.010507369498471367 0.03191706084649654 4.436696512982046 2.83154316547441 -0.43261668542920384
53.38217544555664 -1 888.7267456054688 73.38722229003906 -1 875.8399658203125 77.27935028076172
0.9994274561583523 0.000369012248710831 0.010122154002798507 0.03228259136359444 4.4348781524261565 2.81262628698266 -0.3801368821315808
0.5 -1 0.5 0.5 -1 0.5 0.5
0.9993960114951003 -0.001192288549762279 0.009631030398693787 0.033368157113616494 4.429106854964872 2.791121413691252 -0.352943095555044
49.47504425048828 -1 883.9420776367188 85.42280578613281 -1 575.5197143554688 87.64917755126953
0.99934037753815 -0.0016336868158908482 0.00918242992196946 0.03509734847568388 4.42004890805041 2.7699982344996736 -0.328654073058711
0.5 -1 0.5 0.5 -1 0.5 0.5
0.9994365350650442 -0.00075314742114954 0.008645012416347145 0.03242389406690853 4.4317785597171095 2.6909813996780256 -0.28176796616121585
70.2340316772461 620176 901.0323486328125 84.03489685058594 595352 889.4134521484375 84.35888671875
0.9994270655591472 -0.0011454633959644266 0.008683278678908118 0.03269295356533352 4.428940152766029 2.6488157780329105 -0.2568625403924156
0.5 -1 0.5 0.5 -1 0.5 0.5
0.9994658472503274 -0.0015542510280925422 0.00825978481803329 0.031581330540160706 4.427039484039832 2.591068991641343 -0.22979295644460343
53.853179931640625 620176 860.826171875 60.55453872680664 595222 893.0706176757812 66.48970031738281
0.9994200079769563 -0.002287199520309718 0.007337630186579549 0.03317492361618785 4.411544215592533 2.5503138469872026 -0.21036891843327393
40.423465728759766 620176 857.8546142578125 47.209190368652344 595222 878.8528442382812 53.89316177368164
0.9993174308634821 -0.002064777346482843 0.00590161232262749 0.03640851602184069 4.391351838195013 2.5166721044376645 -0.18460472408012202
21.282743453979492 620176 878.6544189453125 35.32512664794922 595224 878.6544189453125 35.32512664794922
0.9992514805982651 -3.485677195922037e-05 0.004792215231250236 0.03838635148536364 4.383511188749446 2.4615450953427156 -0.15052247703651758
40.63142013549805 -1 819.3171997070312 47.36495590209961 -1 954.2578125 164.29676818847656
0.999250824184215 0.0026281227821061902 0.00443241776908037 0.03835670750377201 4.390385098210081 2.3992969018944987 -0.11975768076128428
21.588645935058594 -1 333.5472412109375 24.8142147064209 613626 848.5253295898438 24.975872039794922
0.9992772466197041 0.003104053632064462 0.004834125906074358 0.03757632853162384 4.40549373512033 2.3370508838067656 -0.10007885270648004
6.070018291473389 632565 897.177001953125 6.066576957702637 634364 851.3310546875 10.67434310913086
0.9992150173645377 0.00018275040742519725 0.005860148916404351 0.03917874845056837 4.411466815970827 2.303570796271175 -0.10057839475295204
0.5 -1 0.5 0.5 -1 0.5 0.5
0.9992593573897623 -0.0018853107694650892 0.006482505400495057 0.03788349767424386 4.423829317494959 2.244384935850401 -0.10217158382292402
2.924569606781006 -1 330.3313293457031 4.271468162536621 -1 834.7103271484375 4.669083118438721
0.999271551428613 -0.0011586424531860812 0.006578157710094801 0.037573286977047995 4.426677769108813 2.173572260132831 -0.08513526540267881
3.001904249191284 -1 782.8182373046875 16.67792320251465 613464 820.3353271484375 29.6071720123291
0.9993473065544367 7.67907141113263e-05 0.006492844470799396 0.03553586858734632 4.436127603959826 2.093519194372262 -0.06610985718751955
6.638582706451416 595354 967.3286743164062 6.638582706451416 646368 901.708251953125 23.790264129638672
0.9993698151391269 -0.00035081607075389574 0.0072863800358775105 0.034738425163564325 4.445549340195143 2.0253374940695696 -0.0726226044678333
4.396980285644531 -1 804.7075805664062 9.425942420959473 588007 800.4119262695312 12.226540565490723
0.9993962261061149 -6.004301865920102e-05 0.008602484457686861 0.03366269301239205 4.456930991537709 1.9652552550859994 -0.0835748134942032
7.475332736968994 581161 732.173095703125 36.504608154296875 588823 727.140625 36.90313720703125
0.9994679963288352 0.001284896451680949 0.009661567033391069 0.031124387190615714 4.467554087564814 1.8848580427259598 -0.08106997879368047
15.923434257507324 591807 796.756591796875 19.85488510131836 613473 639.016357421875 21.280532836914062
0.9995163322418049 0.0021970546729001166 0.00968643021083437 0.02946943505438813 4.464334639092768 1.812390350467281 -0.06328093291036968
5.209448337554932 -1 634.90966796875 5.209448337554932 -1 1056.430908203125 6.505141735076904
0.9995137353660288 0.002664001140242055 0.00893285283543382 0.029755672615375515 4.4481334497895135 1.754784667344811 -0.03524184382869305
12.682111740112305 587308 282.7626037597656 22.470104217529297 -1 748.0686645507812 26.679668426513672
0.9995135979983374 0.0025138648977984655 0.008492613255283544 0.02990189659185475 4.437065031353834 1.7087621963261492 -0.014799527971843295
0.5 -1 0.5 0.5 -1 0.5 0.5
0.9994930915130568 0.001128183231948528 0.008512905429185041 0.03065644567495268 4.430627904488337 1.6718475591222082 -0.003028914497488137
9.515052795410156 590702 716.020751953125 20.678300857543945 579810 624.760986328125 25.54946517944336
0.9994670664869372 -0.00043459574282989956 0.009451206771133584 0.03124210020318608 4.430452693212877 1.61363582828568 0.003946897696138213
13.921690940856934 409937 646.0877685546875 23.20966911315918 595211 415.3902587890625 29.811180114746094
0.9994965449322937 -0.00014222288290689723 0.010734313309103556 0.02985650613921865 4.436728428767981 1.5470973811549191 0.018833029928986302
0.5 -1 0.5 0.5 -1 0.5 0.5
0.9995413647827712 -0.00031270507541577403 0.0111178659770121 0.02816656457305511 4.439228948761954 1.4900042587403142 0.03716252691862876
4.0 -1 648.0 8.0 595211 424.0 14.5
0.999584377853504 -0.0016169624060937758 0.009881227774575119 0.02703365164878174 4.427165936414333 1.441331471154111 0.06653434999813204
4.331017017364502 595211 898.4380493164062 20.609739303588867 593689 898.4380493164062 20.609739303588867
0.9995633395911455 -0.0034699161913123865 0.00843981582290368 0.0281044362316232 4.409066406030772 1.4213216467813556 0.0876581601696649
2.564307451248169 595211 891.4840698242188 19.048084259033203 593689 477.80010986328125 19.173547744750977
0.9995357781417498 -0.004794621040723195 0.006985604820214111 0.029265015785721726 4.393582998814509 1.3945181019198414 0.1181217413569365
2.696913242340088 -1 885.87646484375 15.441046714782715 593689 973.4237060546875 19.380712509155273
0.9995366317384586 -0.004922128452782822 0.006825631417890894 0.029252439559434584 4.391552225196009 1.3359357319665626 0.14698758937237089
5.051629543304443 -1 883.7474975585938 5.051629543304443 593689 970.5843505859375 8.890575408935547
0.9995470755512427 -0.004755181057104108 0.008616110789003583 0.028439315127904617 4.403134859726142 1.275192033705328 0.15291930924527342
5.770071029663086 -1 627.6715087890625 8.943824768066406 399458 853.9317016601562 11.088979721069336
0.9995778275318415 -0.004498396461205812 0.010053143926217216 0.026886156906495814 4.416110495632209 1.207523761004733 0.15809480110276905
4.776915073394775 -1 635.616455078125 12.134490966796875 398762 803.7316284179688 14.00444221496582
0.9996303193189495 -0.004582307168805755 0.00967024628825473 0.024994269263781406 4.424854178256532 1.1352309637156006 0.18064537713714723
3.0121045112609863 -1 859.9866333007812 3.6142044067382812 400409 646.0773315429688 4.649152755737305
0.9995669460903199 -0.0058378941941463845 0.008351120030395842 0.027606123764253754 4.4205654014286 1.1157315592833341 0.20173166167620357
3.388598680496216 -1 873.9044189453125 5.116133213043213 -1 916.6507568359375 6.2325119972229
0.9995556335816835 -0.00669753370112584 0.007458040528443926 0.028072336007495032 4.419972347534638 1.0761321703180398 0.21737275787766047
3.7171947956085205 397366 648.8136596679688 17.244905471801758 393046 648.8136596679688 17.244905471801758
0.9995549200387199 -0.006488408949752029 0.008116489073811455 0.027963994364250767 4.42476564762827 1.0288114506147148 0.21681681376081807
12.327508926391602 381206 603.4400024414062 20.147855758666992 396570 1056.8629150390625 21.584156036376953
0.9995887159268723 -0.005901977658824832 0.008317147413938514 0.026802811611403774 4.428633647945146 0.9670339214478978 0.22167005938011639
5.297138690948486 -1 807.7830200195312 17.3455753326416 371286 641.2193603515625 19.326440811157227
0.9995741235143851 -0.00542972527994565 0.006909197574058006 0.027827193044141798 4.422651945151907 0.9188740407689578 0.23680738011651092
9.890862464904785 411258 644.1265869140625 17.7597599029541 637674 1075.280517578125 25.642311096191406
0.9995521629711966 -0.005035047226892801 0.005565858307442839 0.02896796541573052 4.4183288609381055 0.8753305132771808 0.25245442788767136
9.904061317443848 -1 571.0255737304688 9.904061317443848 372437 618.1179809570312 17.566959381103516
0.999576909561525 -0.005163607940766836 0.006082987485947695 0.027970275073919956 4.427559311171421 0.8097470374828881 0.2565832112012644
10.05062198638916 -1 1122.49755859375 10.934429168701172 704256 619.564208984375 21.557886123657227
0.9996137683701968 -0.006178576618283918 0.007917052325669782 0.025912536699043656 4.442013109367388 0.7515514613458919 0.2429759290989787
14.151599884033203 372764 1259.2484130859375 15.988037109375 -1 637.4069213867188 21.055042266845703
0.999640720908139 -0.007732671176182952 0.010033759156002733 0.023621146795545372 4.456028922549446 0.6879578427041874 0.22871945850321238
4.467952728271484 -1 786.0711669921875 4.960981845855713 -1 639.1226196289062 8.281339645385742
0.9996459356216822 -0.008670166838826722 0.011082211741680066 0.022583537919264856 4.460699833979837 0.631431988254566 0.22488001821862325
8.309544563293457 635285 819.8018188476562 13.023465156555176 585290 312.36602783203125 18.576370239257812
0.9996411522480542 -0.008926394488934638 0.010941394946217587 0.0227633936450926 4.458807744049944 0.5753539403094932 0.23251875431465405
3.919985055923462 -1 782.2819213867188 12.522366523742676 402716 438.9876403808594 21.639820098876953
0.9996370756488266 -0.008126545223293426 0.010481869455508568 0.023447956493340676 4.456863131883728 0.5190496156584489 0.23665251587617808
49.64497375488281 708910 999.4273071289062 56.85965347290039 585195 999.4273071289062 56.85965347290039
0.9996242937442092 -0.0069223285904900156 0.010239193090549655 0.024464497708530222 4.4578399147457874 0.46369487949365107 0.2373060386414088
35.81475830078125 585196 1001.453369140625 35.81475830078125 585195 992.3873291015625 41.19078826904297
0.9996216097537198 -0.005386396430018872 0.0098127880372539 0.02512634549265848 4.459531670862294 0.39622734038298874 0.23709228752502987
9.829178810119629 585195 1003.4635009765625 9.829178810119629 585196 1019.6827392578125 23.582223892211914
0.9996326852295948 -0.003931269060180739 0.00898399566583967 0.02526514528203853 4.459599366939563 0.33690756774658237 0.24377288360849608
15.312433242797852 118158 960.5006713867188 18.410625457763672 635585 703.0245361328125 18.854238510131836
0.9996295097161673 -0.003246164282807317 0.00875187067386902 0.02556776254919369 4.4646631162762125 0.27716280275312266 0.25440047863460746
4.443073749542236 118272 433.4374084472656 8.59906005859375 116587 868.3092651367188 8.328134536743164
0.9995897281024374 -0.004898931912018478 0.008935634428140852 0.02676808501897755 4.474126114103263 0.2528223605333972 0.2617963839425579
0.5 -1 0.5 0.5 -1 0.5 0.5
0.9995210889035856 -0.007522651195028745 0.009471808279094782 0.02848310734299334 4.488500233883935 0.24186967963054373 0.2639786586364097
0.5 -1 0.5 0.5 -1 0.5 0.5
0.9995173431680927 -0.008529330690862431 0.009466889799296798 0.028332123494206857 4.498724830177954 0.2114978574932394 0.27299204121344556
3.9517836570739746 -1 483.7005920410156 9.939828872680664 116977 854.9212646484375 19.270099639892578
0.9994778832643445 -0.008051262332425141 0.009251206853312594 0.029892360429334786 4.508885219903802 0.1873997364613452 0.2819037691383171
5.136761665344238 123346 994.208251953125 16.454288482666016 116225 1001.191650390625 19.309219360351562
0.9994552992881462 -0.007813219652477423 0.009298717409594886 0.030685374008490647 4.517653239786908 0.15641557015081745 0.28629071209135687
0.5 -1 0.5 0.5 -1 0.5 0.5
0.9994304810934894 -0.008533483946203905 0.009613606870945987 0.031200507622587904 4.523044693674316 0.12323979364493921 0.2823245366761413
3.285816192626953 -1 886.8980712890625 3.6417510509490967 356231 950.1122436523438 8.232831954956055
0.9994234988998215 -0.008630007019760787 0.009826884938209176 0.03133089781810668 4.522365033353272 0.07307515488475022 0.27646077602556574
4.459933757781982 -1 462.6817321777344 5.6806416511535645 110798 469.5718994140625 24.601322174072266
0.9994886130216294 -0.007351734820777472 0.009903894080427293 0.029502157840881844 4.5147060531883465 0.00040422139926658634 0.2704635230111954
8.723268508911133 412093 846.35302734375 9.821080207824707 108448 889.7020263671875 9.95435905456543
0.9995438785423333 -0.005904189612426672 0.010402835974653269 0.027730063419586778 4.503214290173349 -0.0742458639129012 0.2630121574297067
21.001209259033203 584924 885.4063110351562 28.301036834716797 104183 885.4063110351562 28.301036834716797
0.9996028376270685 -0.0051098908222198085 0.010900050148512233 0.025480285132969877 4.490532993804696 -0.1434271436855217 0.2557600975154015
3.7466111183166504 128496 632.8241577148438 4.76857852935791 -1 573.6080932617188 27.821439743041992
0.999652135165552 -0.005574881317560717 0.011091051444839873 0.023270537920214815 4.478779109208767 -0.19854177847879143 0.25509192334617703
7.571333885192871 104185 568.5711669921875 19.82317543029785 411588 568.5711669921875 19.82317543029785
0.9997070098121759 -0.006912685842501578 0.011530840147069656 0.020128314195277764 4.466236358220813 -0.2627870797235522 0.25356734424171234
4.701636791229248 564833 562.5670166015625 13.723294258117676 411588 906.0618286132812 15.15810489654541
0.9997198134850631 -0.007558332128082543 0.01231792231596031 0.01874659784201363 4.456388685265637 -0.3161611553772416 0.24426828295336198
5.0453410148620605 -1 854.5707397460938 6.141888618469238 100812 822.5726318359375 20.833660125732422
0.9997026269187128 -0.007811510062367728 0.012813028027665195 0.019221455593493492 4.4522122372459245 -0.35353718537193574 0.23756246469916287
3.596222162246704 102335 864.2305297851562 3.6913206577301025 99661 827.03076171875 3.94220232963562
0.9996685006197078 -0.009482487346764136 0.013003410288299105 0.0200968311765343 4.45177236082795 -0.3751694894470177 0.2373270367048866
3.0434374809265137 -1 618.2838745117188 3.4091062545776367 -1 1035.0472412109375 4.80851411819458
0.9996212543058586 -0.011971058593586818 0.012795498924094397 0.021220671606113153 4.4511030860172465 -0.3950903219021821 0.24906243264386677
3.7878122329711914 99663 1034.028076171875 3.7878122329711914 99662 536.4921875 13.191186904907227
0.9996010691189223 -0.013395556169855683 0.012518241565950836 0.021483838560748064 4.448321871163448 -0.42159722626086427 0.26720360993757086
0.5 -1 0.5 0.5 -1 0.5 0.5
0.9995669051061963 -0.015023093138776374 0.012873687683545111 0.021784789519079754 4.4475365152245 -0.45067043758822894 0.27416638411700395
6.136750221252441 -1 1224.3675537109375 6.364960670471191 98921 535.7689819335938 9.211752891540527
0.9995292393502576 -0.015810778296558903 0.013803640535919919 0.022378080380315937 4.453390200023759 -0.49076696922533725 0.2738205961485329
4.659803867340088 377299 828.7645874023438 4.61369514465332 -1 1188.6246337890625 4.74466609954834
0.999542288884457 -0.015432456857263093 0.01467118285935347 0.021489727789735933 4.456504223926897 -0.5478423616225347 0.2699522220933002
5.106698989868164 -1 504.0194091796875 8.958220481872559 412317 869.6362915039062 9.294734001159668
0.9995214715341516 -0.015695610823780074 0.014613483545301044 0.02229174380222192 4.454362332911075 -0.5924250681777883 0.2724911200204829
3.9307236671447754 100376 955.033935546875 21.03031349182129 644366 1183.4039306640625 30.84356689453125
0.9994843479142198 -0.01674569762585864 0.013276298206576848 0.02396580462743594 4.443040971196291 -0.6182357863891287 0.28805883687272127
12.94304084777832 644366 438.5699157714844 22.504995346069336 86537 556.51611328125 29.425214767456055
0.9995116257894485 -0.018069884907753745 0.012261681008959056 0.022352636309590675 4.42172331143116 -0.6625283052090291 0.30070916783187995
8.666009902954102 356700 272.30047607421875 17.432409286499023 -1 553.2138061523438 24.001821517944336
0.9994825216003745 -0.018144018045722465 0.013309633409323231 0.02298558859422273 4.409777403348625 -0.694039151167504 0.2913321045514757
0.5 -1 0.5 0.5 -1 0.5 0.5
0.9994725819887482 -0.017728245415674557 0.014934505734424822 0.02274264069308864 4.399819435961098 -0.7294857862915327 0.2689466983528354
0.5 -1 0.5 0.5 -1 0.5 0.5
0.999486176043825 -0.016029669478315852 0.016268324625213094 0.022489446582718568 4.390742668424162 -0.7670605227478242 0.2447567428884596
5.674513339996338 -1 1109.63134765625 19.773162841796875 565779 1109.63134765625 19.773162841796875
0.9995222863255863 -0.013815244228273526 0.016920837607774207 0.021863746706299016 4.379639918720766 -0.8120940888821124 0.2227621535183231
0.5 -1 0.5 0.5 -1 0.5 0.5
0.999542083994979 -0.010637072748611488 0.0174537705300783 0.022312348612334824 4.362914468000352 -0.8449379222390614 0.19839277833422977
0.5 -1 0.5 0.5 -1 0.5 0.5
0.999609601360999 -0.008963107708450284 0.01783817209401592 0.019547562084714372 4.334965722014208 -0.8864748290624693 0.1865384031062561
6.12137508392334 -1 993.3871459960938 6.12137508392334 -1 1288.49365234375 20.36080551147461
0.9996237265540582 -0.008981929049791906 0.018765329285944224 0.017877155185101575 4.307481900016907 -0.9031392199577477 0.17940745473701308
3.9932405948638916 -1 974.8164672851562 3.9932405948638916 -1 969.108154296875 4.603010177612305
0.9996418686527887 -0.00975395658038352 0.019472328163140384 0.015550665686581826 4.281527412896248 -0.921820569283487 0.1756140929287356
6.283199787139893 -1 850.318603515625 9.089771270751953 63148 856.4275512695312 9.365763664245605
0.9996615489490849 -0.00914681953027608 0.02022848668824688 0.013562137423740102 4.255539997807648 -0.9493940594353653 0.16691766614538825
4.221525192260742 63148 847.9569702148438 5.000579357147217 63182 1263.7373046875 9.821310997009277
0.999620750621069 -0.007776282067866594 0.021179241418977177 0.015789999933132775 4.238707472426052 -0.9596729549450641 0.15146551426878466
0.5 -1 0.5 0.5 -1 0.5 0.5
0.9996077243128592 -0.0055242796733388395 0.02190276322743095 0.016557439148640548 4.213084519641188 -0.9875053795165649 0.13177700478396412
0.5 -1 0.5 0.5 -1 0.5 0.5
0.9996287869465006 -0.003901881948090066 0.02205452942889276 0.01551326389903516 4.179634351696227 -1.0237351585355603 0.11825163183684423
15.646716117858887 402708 750.3740234375 17.897911071777344 66900 890.2775268554688 20.348621368408203
0.999657661284139 -0.0023627855107597206 0.021674256800672233 0.014463888574451274 4.14609830417339 -1.0587536221857528 0.11462527028265311
5.066489219665527 126477 746.4805908203125 12.15007495880127 80144 745.2206420898438 19.20865821838379
0.9997034792725197 -0.0015410494080294245 0.020496814898658716 0.013056005367301128 4.106696100110022 -1.0878194039142077 0.12182769449382935
6.425848960876465 21922 730.3455200195312 11.439143180847168 370279 678.4089965820312 12.94888973236084
0.9997146796896186 -0.003361926536137092 0.019574329992429435 0.013270352986885484 4.07187673865937 -1.084570274569815 0.13553733168589074
3.9401230812072754 126477 744.5008544921875 4.347089767456055 39268 990.4762573242188 5.374207019805908
0.9997254139195494 -0.005921000348175915 0.018662676646572507 0.012874122053483053 4.03750822014268 -1.0849354211560605 0.14449617392188702
4.948132514953613 657310 737.9439697265625 5.720273971557617 390371 589.2562866210938 6.5507330894470215
0.9997490704017135 -0.006349054458946185 0.018096208616644193 0.01157639719817734 4.0059833234700735 -1.1071195386394286 0.15152202682991006
3.4482192993164062 390371 578.7625122070312 4.564451217651367 126477 1119.446533203125 5.272449970245361
0.9996501875991162 -0.005801751403606582 0.018730456913022678 0.017748580155381027 3.996596324949569 -1.0735162261984321 0.15807799729492789
2.9134981632232666 39268 1074.979248046875 2.02282977104187 657310 692.5206298828125 4.327367305755615
0.999449910502041 -0.008394221714159064 0.019247860688599076 0.025669696106265082 3.9929596672635155 -1.0052017482327984 0.17068881927622903
0.5 -1 0.5 0.5 -1 0.5 0.5
0.999240938901537 -0.01216603079261368 0.017919378972775037 0.03237946224318909 3.9744608807988224 -0.9393327380446742 0.20244398063591182
0.5 -1 0.5 0.5 -1 0.5 0.5
0.9992726835586707 -0.012451987564298194 0.014078570794320722 0.03317899551735407 3.9335824561219273 -0.9265110768198196 0.24953656706119376
32.08905029296875 389482 660.026611328125 33.450645446777344 556679 814.47412109375 38.160179138183594
0.9993449822511707 -0.012431905040930813 0.010392658436498222 0.03235810311317486 3.9102318473422812 -0.9258694744302143 0.2775169434472259
2.811627149581909 34145 1150.9090576171875 15.200268745422363 585676 1113.1817626953125 19.792905807495117
0.9993967114120796 -0.0133173349249359 0.008715469424485122 0.03086911728456549 3.9041565968261347 -0.9411955284623086 0.2946910386800431
5.869547367095947 62980 1145.02685546875 16.136123657226562 585676 550.8098754882812 18.6174373626709
0.9995944221882618 -0.01227298504736492 0.008290062614519231 0.024323647546977967 3.90188151124257 -1.0031041934091403 0.30393844138939974
34.30937194824219 556679 638.822509765625 34.30937194824219 7817 883.6185913085938 35.78115463256836
0.9997222249582793 -0.011186350850882664 0.010478315969888385 0.01790372513036659 3.911869116059335 -1.051397726386063 0.28116140346400414
0.5 -1 0.5 0.5 -1 0.5 0.5
0.9997654511642585 -0.013151678753578403 0.013987579666082463 0.010021158584429302 3.91705635699407 -1.0937522394252597 0.2530248130363959
24.253433227539062 389482 703.3178100585938 28.687118530273438 2151 888.0252685546875 39.51319885253906
0.9997622531521346 -0.015394102865340252 0.015433554605569782 0.0005139663174221336 3.893809141263151 -1.1403599784616671 0.24582657596010787
5.586210250854492 37777 1095.652099609375 25.52478790283203 39736 541.0791625976562 53.55690383911133
0.9997407005594408 -0.015925650478048756 0.015245952547248505 -0.005697914767415974 3.863040485412844 -1.1674454627673023 0.22986522194427295
5.99005126953125 585676 1085.8414306640625 14.426610946655273 106300 824.2124633789062 18.219499588012695
0.9997767291593243 -0.014963041857848192 0.014422812434433763 -0.0038185980836617627 3.8401587138879223 -1.1518569957369713 0.20531112579708818
6.076816558837891 -1 817.704833984375 8.653888702392578 34145 1083.4814453125 15.932321548461914
0.9998005809350595 -0.014276353489361885 0.013917263656243968 0.0011374819940381802 3.8111837852949195 -1.1189928555344735 0.1797589108806171
4.984054088592529 585028 795.5736694335938 4.984054088592529 38542 914.5367431640625 13.891000747680664
0.9997423582655576 -0.0159560581152672 0.014730924558646597 0.006604631760472121 3.771153204996127 -1.0695902182197865 0.1566372464845003
5.609648704528809 38542 787.6819458007812 5.609648704528809 585028 1072.4429931640625 10.942764282226562
0.9997056871009404 -0.016018380802525437 0.016808784659344912 0.0070296097173024215 3.709704244117816 -1.0638985161017072 0.13749600480651902
10.518285751342773 39736 888.5557250976562 14.859131813049316 584582 1054.3795166015625 16.900386810302734
0.9996589373723472 -0.015007239693880434 0.01898795198964134 0.00981067620498498 3.6527973373389524 -1.047136523425909 0.1188227826848531
7.393813610076904 39736 422.6717529296875 13.142022132873535 559337 1041.03076171875 13.603719711303711
0.9996514549933702 -0.01468826112417235 0.019076785406314002 0.010830501989640823 3.5889190341613335 -1.050182427803088 0.11843806624218198
35.61418914794922 -1 538.8653564453125 36.02357864379883 556679 503.2817077636719 46.92708969116211
0.9996613931375142 -0.012676490669386241 0.018190338448685162 0.013620471423390935 3.523838975123975 -1.047529605979999 0.1269219018595182
37.320316314697266 586273 529.4033203125 40.45466995239258 7818 529.4033203125 40.45466995239258
0.9996642318762574 -0.011210618094561317 0.017356981664175986 0.01563587978656181 3.4583203714099118 -1.0456506770402532 0.1414332268079075
26.844890594482422 -1 463.2532043457031 31.242984771728516 586273 510.4898986816406 36.89833068847656
0.9995929841176333 -0.012491826394004054 0.015098826981224896 0.020732722926282452 3.3812824782965727 -1.01313328923801 0.15729377486042487
0.5 -1 0.5 0.5 -1 0.5 0.5
0.9995291802728682 -0.012888984657796693 0.013099132844590177 0.024570400409011595 3.3374471891122903 -0.9883659487984041 0.1718145834571458
6.6894450187683105 585657 521.750244140625 14.04919147491455 39268 454.51556396484375 15.898542404174805
0.9994730553718476 -0.012542603330423492 0.012209006193237252 0.02733559684976595 3.2951398463479444 -0.971087225387499 0.1824667125283086
6.827331066131592 585602 857.924560546875 7.379671096801758 585657 926.080078125 8.50886058807373
0.999447829407949 -0.011979375534858056 0.012712926069247153 0.028265037843460697 3.2574387503489084 -0.9629362682087509 0.18300325440964424
7.484703540802002 585602 846.537841796875 8.671939849853516 585657 914.45947265625 10.203468322753906
0.9994222634780385 -0.01198456249569715 0.014517835895357233 0.028297384457515333 3.2245222505887057 -0.9596439038702503 0.17630740483747795
4.662317276000977 542383 908.1461791992188 5.693296909332275 39736 610.7176513671875 10.775432586669922
0.9993520493652401 -0.012194838479866642 0.016547253959893538 0.02954582424525462 3.200572489342267 -0.9527405872386525 0.16647610616610006
3.7273449897766113 -1 388.82562255859375 3.7273449897766113 27321 734.3423461914062 4.500935077667236
0.9992733781443863 -0.011982118793965936 0.017889635259312496 0.03145004787599503 3.1696062559788856 -0.94702009214684 0.16325096393482688
4.936823844909668 542383 896.0625 6.285217761993408 39736 937.495849609375 6.171553611755371
0.999257714454903 -0.011756682750019455 0.01813578669230162 0.031888771599581284 3.136649396099626 -0.950723311958007 0.1636819829309915
4.630663871765137 39736 884.3410034179688 10.811887741088867 389482 476.87518310546875 13.943793296813965
0.9992426002003599 -0.011610779504583318 0.017845674208410062 0.03257219145478243 3.0929658576362726 -0.9526687597591604 0.16402391348863612
7.917868137359619 585657 870.3055419921875 8.611395835876465 389482 463.8559265136719 11.197744369506836
0.9992476369898274 -0.011875892120411003 0.017882950009649713 0.03230051478758321 3.0294836808435606 -0.9599441044326109 0.1694454064490694
7.096113204956055 585602 782.801025390625 7.525691032409668 585657 850.1180419921875 8.527993202209473
0.9992521280344968 -0.012457878052207315 0.019322364975901684 0.031090707690627672 2.9823156492199923 -0.9630159617986488 0.170184486345081
4.007606029510498 411769 642.8784790039062 6.173344135284424 542383 838.2224731445312 7.336667060852051
0.9992527755574014 -0.013565088528797717 0.020656323023999328 0.02971860079417906 2.93664055320682 -0.9614111554594592 0.17122726379602232
0.5 -1 0.5 0.5 -1 0.5 0.5
0.9992687516680865 -0.014454376784788397 0.020954023526713963 0.028530016290035102 2.880454019848914 -0.9563949834654201 0.17652024046997897
0.5 -1 0.5 0.5 -1 0.5 0.5
0.9993004785968469 -0.01538625271668822 0.020609208827160757 0.027149166008729343 2.824329746152492 -0.9511056202535403 0.1823130946148634
0.5 -1 0.5 0.5 -1 0.5 0.5
0.9993049839536214 -0.016251022856382 0.02078497651686338 0.026333211972092964 2.7795301206175003 -0.944113381346879 0.17968600645873514
14.811742782592773 37777 776.255615234375 45.182979583740234 649039 776.255615234375 45.182979583740234
0.9992988972980075 -0.015716970777264482 0.021439323159536137 0.02636372718403084 2.743434875767662 -0.9416393693658005 0.16807939057743426
12.433476448059082 37777 593.0972290039062 29.73487663269043 584582 566.8026733398438 49.7768440246582
0.9993269829491668 -0.01395433295759607 0.022087649367242886 0.02574865990404086 2.709377931240338 -0.9529558747528944 0.15176873334963886
39.38174819946289 60071 581.4057006835938 42.289337158203125 548457 677.0569458007812 42.3494873046875
0.9993587615673251 -0.011851316448222207 0.02273389480984312 0.024995639696585265 2.6733941234074963 -0.9671144501858545 0.1331185469135126
32.531551361083984 657310 240.207763671875 41.470054626464844 586273 245.34461975097656 51.17892074584961
0.9993628686049645 -0.010511338409628345 0.023386363527795023 0.024828343066756537 2.63871974444324 -0.9736512223716389 0.12135672904439078
10.77361011505127 640003 331.1278991699219 23.102994918823242 39268 654.4633178710938 26.639148712158203
0.9993275844644944 -0.0106139455224865 0.02396733336907788 0.025637667990283136 2.602563121900299 -0.9662386887672869 0.11552101380666333
5.559698581695557 584582 714.7368774414062 23.66219711303711 60071 643.8736572265625 26.92104721069336
0.9992761674856182 -0.012183247357447234 0.02484888393778136 0.026100623481610397 2.5673059533957665 -0.9546535859493723 0.11442973768414855
3.242708444595337 -1 741.3632202148438 3.9326367378234863 -1 536.3876342773438 33.307342529296875
0.9992346796864642 -0.013208909873239975 0.026280497133960943 0.025785947379177686 2.5308755341616074 -0.951718128515755 0.11015249603285737
0.5 -1 0.5 0.5 -1 0.5 0.5
0.999214299020966 -0.013554640735602867 0.028172905022794372 0.02435864875450007 2.483088841780993 -0.9565553401986866 0.10041256863152757
6.054338455200195 -1 617.4699096679688 27.325244903564453 585657 612.2667236328125 41.199989318847656
0.9992120171394778 -0.013396059964002978 0.029247449839405075 0.02324816249487665 2.430338501712826 -0.9608634126041433 0.09567746270843534
32.40597152709961 649039 674.521728515625 32.40597152709961 649039 1211.3028564453125 65.23098754882812
0.9992357960095447 -0.01314435181581858 0.029115452419304542 0.022524218497715 2.3694864514300726 -0.9592338004712713 0.09546504280551635
0.5 -1 0.5 0.5 -1 0.5 0.5
0.9992324341542178 -0.013675313178424768 0.029056260909903008 0.022433502750228228 2.3067272035368496 -0.944544833538682 0.09741732155987486
50.81264114379883 27515 631.6079711914062 77.57955932617188 712362 1192.1807861328125 81.56047058105469
0.9992201156081508 -0.014428387779153989 0.030253815631044033 0.020873160515144887 2.2570785221427876 -0.933337084312483 0.09649740172052454
17.63408851623535 37777 632.4027709960938 17.63408851623535 564197 661.3070068359375 23.443260192871094
0.9991609412993105 -0.015727146507566812 0.03193163696843901 0.02025933871381311 2.2152374812827653 -0.9160931534474197 0.09275705774835721
0.5 -1 0.5 0.5 -1 0.5 0.5
0.9991526500053051 -0.01666830886721585 0.031982972094013434 0.01983025372800683 2.159938661534524 -0.9038762048014669 0.09542392134720999
22.79444122314453 -1 516.3500366210938 76.48368072509766 657310 1104.4105224609375 95.52326202392578
0.9991870900795924 -0.01622882385908538 0.03021835827827571 0.021181008413035083 2.0935389301953893 -0.8949650477597189 0.10633305877975416
16.50058364868164 535631 493.47149658203125 74.87846374511719 657310 1080.747802734375 97.60362243652344
0.999198133435209 -0.015662212540072173 0.028912031659979413 0.022844685667268237 2.0380845384689135 -0.8923596380935148 0.11546387847075344
4.688531398773193 141267 1252.5628662109375 8.900897979736328 657832 563.4505615234375 32.16457748413086
0.9992209592607866 -0.014970578193419015 0.029693839056727428 0.021251641926718613 1.9874335154134875 -0.9058756760033738 0.12231265229446353
6.485208511352539 657832 962.3942260742188 24.30182456970215 -1 582.947998046875 26.18878936767578
0.99923224200329 -0.014351473436695225 0.031785010365365435 0.017851466812224413 1.9364031830462645 -0.9261623280616366 0.12540411073472102
0.5 -1 0.5 0.5 -1 0.5 0.5
0.9992266887816629 -0.013735491643495327 0.03359080394583963 0.015133360037265517 1.8812584476519536 -0.9424327330168892 0.13503411489870748
0.5 -1 0.5 0.5 -1 0.5 0.5
0.9991960986596192 -0.013828198036770979 0.034712140836410464 0.014525998795454248 1.816400478181638 -0.939269035565792 0.15201913286230137
0.5 -1 0.5 0.5 -1 0.5 0.5
0.9991719561749768 -0.015828887625477975 0.03410713011267673 0.015541942783556782 1.747622615075637 -0.9169103438979443 0.1751494106677031
18.86441421508789 896100 1388.7884521484375 25.03812026977539 230535 1184.0704345703125 27.526090621948242
0.9990906888582111 -0.01819408000438125 0.032293854506577443 0.02106840883235678 1.6816291917235935 -0.8755456261157858 0.19229097572841744
3.077897548675537 -1 890.0620727539062 4.700589179992676 -1 1336.8214111328125 22.716171264648438
0.9989939578349433 -0.019874718715193453 0.03072161385573184 0.025927788323856876 1.6197049441586802 -0.8459594300552342 0.19649679633229492
0.5 -1 0.5 0.5 -1 0.5 0.5
0.9989372325437613 -0.02020567784366172 0.031201233638326553 0.027251037413942088 1.577404268554543 -0.8432638114035321 0.1935816081514282
5.2008376121521 158524 1290.728515625 5.919834136962891 166882 898.41650390625 6.154947280883789
0.9987978139912266 -0.019987993241409235 0.03350372915505492 0.029680077918249066 1.556415127277463 -0.8482837557308338 0.1887834630748667
9.86130428314209 710032 874.6145629882812 9.907413482666016 -1 720.17333984375 10.739973068237305
0.9986625481835507 -0.019792440166229386 0.0351988270315683 0.03228647926618013 1.551651764889505 -0.8620678983405472 0.18915423638580336
0.5 -1 0.5 0.5 -1 0.5 0.5
0.998659731080676 -0.01891071568433658 0.03435509201019121 0.033776530359846214 1.5505543385867424 -0.8913684005879694 0.19079040873198827
0.5 -1 0.5 0.5 -1 0.5 0.5
0.9989515817414575 -0.016521552499289143 0.030118944925724568 0.03025929271834577 1.5243887614534775 -0.9376773405514927 0.19281649108564175
4.719642639160156 601498 1275.8348388671875 11.565145492553711 602815 1272.5286865234375 26.24358558654785
0.9990842182551748 -0.015790019321578017 0.02578791404714067 0.03027182869216519 1.5033823214257338 -0.9618742199458458 0.2015121145916565
6.8422675132751465 140701 1298.507568359375 11.137413024902344 189471 1262.8182373046875 11.5578031539917
0.9992105762163715 -0.015878832239863454 0.022317480268125148 0.028775286940828173 1.488543694566103 -0.9785697704481191 0.1994322307547533
5.0563740730285645 159207 1288.5584716796875 5.298662185668945 189471 1245.8292236328125 7.039938926696777
0.9993683193324714 -0.015667914102195566 0.020150989815916776 0.02472683545698116 1.4774319735165435 -1.002396250717564 0.18987561910793635
0.5 -1 0.5 0.5 -1 0.5 0.5
0.9995342501418674 -0.014587787300137914 0.018380169308176923 0.019510218635978394 1.4660918150817008 -1.02828726751884 0.1862624447423833
4.170263290405273 -1 765.481689453125 4.170263290405273 -1 868.5197143554688 17.94123077392578
0.9996874216102498 -0.013539260752551777 0.016716855124898507 0.012739475941269758 1.450065170730028 -1.0528543039361493 0.1845827652009017
11.095637321472168 649037 783.1473999023438 32.14973449707031 657195 1204.4947509765625 32.64979553222656
0.9997589888092636 -0.014519974908838213 0.015462632678399087 0.005660531280580392 1.4307467367676272 -1.0686579037191095 0.1846456791041694
4.2820634841918945 -1 1193.391357421875 5.274192810058594 189832 846.8950805664062 12.190988540649414
0.9997695395226135 -0.01524946474810225 0.01508359631456109 0.0008982148169461363 1.413424061472711 -1.0767337069344394 0.18515586349872565
5.155771255493164 -1 378.4561767578125 5.155771255493164 -1 1183.1646728515625 5.706143379211426
0.9997544946557941 -0.014976708545475162 0.016228657292951917 -0.00181088352730489 1.3985273360158141 -1.0868322577914409 0.1770524063242571
4.058861255645752 -1 1167.5419921875 4.058861255645752 136317 1183.64501953125 4.409546375274658
0.9997189987601219 -0.014145320502680216 0.018699562108237613 0.003487090893019531 1.3973434030400735 -1.0730518983077537 0.15909313806118758
8.20609188079834 649037 1189.9129638671875 21.310558319091797 158764 1053.5230712890625 24.806222915649414
0.9996522197094618 -0.015092540679663863 0.02003953729377379 0.00812845562391902 1.373587906369019 -1.0492401155118791 0.14930438714359703
0.5 -1 0.5 0.5 -1 0.5 0.5
0.9996056712876615 -0.01620869344963441 0.02109483298425534 0.008988226052221588 1.3235873537515055 -1.04332593253899 0.15314196685538184
5.254289627075195 169800 798.2769165039062 31.289928436279297 162672 1171.1416015625 32.25949478149414
0.9995172090642933 -0.016694483751805607 0.023232179067842414 0.012120596204236356 1.2807328319304434 -1.0346997481318063 0.14503208560441333
16.75751304626465 649037 791.212890625 31.593177795410156 162672 802.5433349609375 32.02180099487305
0.9994596777726893 -0.015601156754586941 0.026153143710837493 0.01236808345990292 1.2396874261891817 -1.0424219525350917 0.1363421037809938
6.405031204223633 450756 1156.6707763671875 6.405031204223633 450756 815.2222290039062 8.817886352539062
0.99940239101166 -0.01404159488793753 0.028636577695777914 0.013328198342384037 1.1955169496975433 -1.0472017608621202 0.12752120055306598
6.955929756164551 649037 1144.4190673828125 20.2861385345459 158764 779.378173828125 32.69230651855469
0.999330871792656 -0.014039910818693971 0.029412094930181265 0.01660175467085679 1.150168436557588 -1.0391434195490057 0.12674084388286008
6.501406192779541 646019 789.4966430664062 7.233826160430908 649037 1130.8516845703125 22.57111167907715
0.999273751470326 -0.013899555504584707 0.028445743007506918 0.02120404876308091 1.1039250470077406 -1.0223303698107162 0.1327717209233152
0.5 -1 0.5 0.5 -1 0.5 0.5
0.9992645086417956 -0.013564523261099712 0.027122527181167796 0.02346942685445822 1.0542294608021028 -1.012651498148174 0.1374760173677234
5.212210655212402 169800 763.1051025390625 9.515003204345703 649037 1098.615478515625 32.16576385498047
0.9992439872780964 -0.012997579424256507 0.026946026341509263 0.024827977809007248 1.0073280601523238 -1.0086402800800256 0.13837770157094284
0.5 -1 0.5 0.5 -1 0.5 0.5
0.9992052449345188 -0.013089113000488239 0.027527967290046335 0.025685883926525568 0.9646855352465141 -1.0062553561530574 0.13947461698201943
0.5 -1 0.5 0.5 -1 0.5 0.5
0.9991907594824133 -0.013277903749922874 0.02858891144674795 0.02498394643077743 0.9199688751945572 -1.0073306561603474 0.14270328015670833
11.822992324829102 649037 837.6121826171875 32.739994049072266 -1 837.6121826171875 32.739994049072266
0.9992097437503139 -0.012827487586125773 0.029651585928110746 0.023154416611259967 0.8635486974396811 -1.0109165342084914 0.1420812204756347
0.5 -1 0.5 0.5 -1 0.5 0.5
0.9992364735650051 -0.012383246114991414 0.029563175820863357 0.022341525203377944 0.8145464494545909 -1.0173595094114452 0.14310196797344163
31.299354553222656 158764 678.9608764648438 35.72391891479492 857417 678.9608764648438 35.72391891479492
0.9992424156274295 -0.012388796954691595 0.02882278059736378 0.023029542759485246 0.7687317455181039 -1.0190364830814636 0.14630569036461166
0.5 -1 0.5 0.5 -1 0.5 0.5
0.9992244745487902 -0.01221960450743207 0.028711608568783523 0.024016125036506162 0.7371009038592967 -1.0234111874617642 0.1464470539004871
7.418162822723389 649037 874.2593994140625 13.612735748291016 -1 989.0689086914062 16.45210838317871
0.9991508293795507 -0.011490110946322211 0.029779744873537437 0.026053105301755725 0.7170415087981937 -1.0304629226811504 0.1444328852211398
3.5697736740112305 649037 869.6522827148438 8.479059219360352 187060 624.7559204101562 18.53403091430664
0.9990779312000618 -0.011242218758956542 0.03175099342106113 0.026622815838226312 0.6977169035142424 -1.0336173010999201 0.14013160494440505
17.108638763427734 179169 1199.072265625 21.690677642822266 184448 986.3154907226562 22.948379516601562
0.9990066012810584 -0.01227665133495523 0.03412448563201354 0.025896214187001 0.6647709495682899 -1.0312250641089287 0.14010876997545482
3.9190847873687744 171963 637.1340942382812 5.13665246963501 713478 615.1459350585938 22.15601348876953
0.998949136017353 -0.012898593255244844 0.0349728250045757 0.026667423074215154 0.6302980126316213 -1.023834081032574 0.14177761524053972
0.5 -1 0.5 0.5 -1 0.5 0.5
0.9988917470826111 -0.013363149700079053 0.03449615742819635 0.02909843574887829 0.583159500674396 -1.0156863719403182 0.1464169049731148
34.444671630859375 158764 625.7234497070312 36.8627815246582 857417 934.110107421875 38.63874816894531
0.9989027468119325 -0.013785421536563655 0.03396712835585419 0.02914616194102867 0.529628714784748 -1.0057666777804206 0.15702855870366222
4.044050216674805 -1 577.6119384765625 33.925323486328125 179169 931.9813842773438 41.47365188598633
0.9988992934076882 -0.0148293022384505 0.034191686873838965 0.028481958736424798 0.4814455740965003 -0.9913985082597458 0.16837653210220085
3.3160765171051025 -1 774.260009765625 4.081272125244141 -1 904.1500854492188 8.439047813415527
0.9989098280319367 -0.016250732724337556 0.03479657570822506 0.026538038098369493 0.4302957756793843 -0.9760079967071977 0.17749910270953342
3.459353446960449 159207 747.0241088867188 4.754709243774414 538746 910.4337768554688 4.865297794342041
0.9989387420135128 -0.016940513096531468 0.03514711156585577 0.024476300150633866 0.3814039192379134 -0.9669048588944568 0.1812652728388997
2.940567970275879 602815 904.2207641601562 3.332228183746338 140701 1177.2322998046875 3.4204370975494385
0.998950256132655 -0.016525556496136417 0.03513569751868414 0.02430585351045422 0.3393747975026172 -0.967832180069122 0.18183997736966068
1.7768770456314087 602815 889.8822631835938 2.3872876167297363 140701 956.6976318359375 4.535732269287109
0.998918451146996 -0.015997196371008982 0.03535350233278541 0.02561537700600597 0.31228687004830913 -0.971061131795002 0.18375163691914834
3.381993055343628 178720 948.7421875 3.381993055343628 -1 712.996337890625 5.860774993896484
0.9988581878247674 -0.016889313437682102 0.0358201195927716 0.02672060514631207 0.28700183689211367 -0.9682104884209284 0.18226514153629889
0.5 -1 0.5 0.5 -1 0.5 0.5
0.9987854734051991 -0.017895239305573376 0.03713501086360592 0.026987580349276452 0.2640021037365615 -0.9654650681002612 0.18602289867171423
3.994354009628296 -1 540.7963256835938 4.433939456939697 601498 1221.137451171875 4.775996208190918
0.9987617635600362 -0.017228320100084436 0.039166827338861974 0.02537881544089631 0.23348039627128628 -0.9709273575554194 0.18949537722320534
1.2692320346832275 -1 855.2828369140625 4.105393409729004 602815 860.0670776367188 4.728549480438232
0.9987544628274583 -0.01681345923553824 0.03995532525197143 0.024706326209685704 0.20002709064424318 -0.9774953264761524 0.18714686651355808
1.2327549457550049 140701 525.7473754882812 3.7670702934265137 601498 844.95166015625 8.154982566833496
0.9987512870924039 -0.016699507166725355 0.040426217479543905 0.024139468344427335 0.16295002053942975 -0.9828988374957897 0.18714063990937896
0.5 -1 0.5 0.5 -1 0.5 0.5
0.9986846011384078 -0.017073546905050065 0.04154370010324815 0.024732214353587245 0.12267295036396807 -0.9871846081851006 0.1844546302775141
3.8467798233032227 -1 842.5092163085938 3.8467798233032227 192021 656.8385009765625 4.44550085067749
0.9986548854235392 -0.0168840172900251 0.04210914821114808 0.02510317543219441 0.08363544572261156 -0.9922361879466739 0.1855456701552788
3.3587965965270996 159207 802.9409790039062 4.324482440948486 139575 725.231689453125 8.286097526550293
0.9986394420515503 -0.016788166866422597 0.04160390535926195 0.026580769196753617 0.04106713509094291 -0.9954047727511174 0.18463679634707134
3.178048610687256 139575 789.1163330078125 3.178048610687256 -1 625.7693481445312 4.0144877433776855
0.9985884928058436 -0.01725485205007767 0.041729104662994544 0.027963796961579638 0.0050786286288321296 -0.9944745739032554 0.1859504934924426
0.5 -1 0.5 0.5 -1 0.5 0.5
0.9985436493189648 -0.01791204947013542 0.0427706658408204 0.02757551508271074 -0.022168897935737324 -0.9937506470328299 0.19042877777840556
5.165256977081299 192021 776.6583251953125 5.58050537109375 159207 582.5518798828125 6.568350315093994
0.998513788407304 -0.017556102329539944 0.04418595751209549 0.026638295557855646 -0.05610979964988195 -0.9950660151655867 0.19626208110932647
3.4318413734436035 192888 787.2455444335938 5.669828414916992 -1 787.2455444335938 5.669828414916992
0.998568500015531 -0.017536886735102127 0.04405074212499843 0.024757635157854535 -0.09339473127541215 -0.9881267436787105 0.20100208918943724
3.7497732639312744 602815 757.2696533203125 4.71134090423584 140701 823.5302124023438 5.466849327087402
0.9985784744679044 -0.01831983170908961 0.04347548613461993 0.0248051648021561 -0.12778237645790635 -0.9732349332541319 0.20820224545513086
3.899334669113159 -1 1034.9794921875 4.763824939727783 -1 1109.1162109375 4.820401191711426
0.9985218478823618 -0.018638726171793234 0.042470683217117375 0.028336518052821065 -0.16221255307869453 -0.9671930378493739 0.21509060026794147
3.094656467437744 501067 559.1436767578125 3.094656467437744 166566 742.3609008789062 4.228141784667969
0.9982925990602909 -0.018814867696377587 0.04161745665209742 0.03641256262374417 -0.1829619860744504 -0.9768523248629803 0.21400169620003962
0.5 -1 0.5 0.5 -1 0.5 0.5
0.9983040758935964 -0.018840249004359225 0.040268650228390504 0.03758261407180038 -0.23087508810985877 -0.986839088478196 0.20435086001451622
3.9320321083068848 210688 710.3724975585938 4.734091281890869 602815 1035.6800537109375 4.817222595214844
0.9983668413776359 -0.01769055909693466 0.03965889779907839 0.03711961721034591 -0.27849232802887075 -0.9962316131340143 0.2007878904787694
3.4424288272857666 178720 621.09375 4.6582722663879395 209970 715.0819091796875 6.508776664733887
0.9982507842363367 -0.018034107004371906 0.03963550965729659 0.03998961278006956 -0.31798915842689435 -0.999671643780424 0.20937378844533885
1.6654951572418213 140701 1010.7848510742188 2.964970827102661 -1 514.7372436523438 5.117580413818359
0.998195836948258 -0.017923336178081103 0.03889860800702878 0.0420799645262433 -0.35514463480646835 -0.997923779488604 0.22246521308525163
4.547230243682861 418222 671.5728759765625 5.222903728485107 602815 1156.14404296875 4.788818359375
0.9981945874130619 -0.017111856189370035 0.037932947468596066 0.04331098628946702 -0.3856138510987136 -0.9999510504008535 0.23526896459670316
6.254422664642334 602815 666.7843017578125 6.612476825714111 140701 734.3202514648438 7.722055435180664
0.9981921357700575 -0.01691482477850577 0.0367845714477682 0.044421212195612 -0.3947260433149383 -0.9992980356609517 0.23429852878289403
0.5 -1 0.5 0.5 -1 0.5 0.5
0.9983404588322783 -0.01676648532112101 0.03484739740347935 0.04267167822732816 -0.40651197595570815 -0.9927886643259393 0.22625282721250706
4.930066108703613 602815 655.3485107421875 5.800549507141113 140701 482.7548828125 7.310631275177002
0.9984435245996794 -0.01677556805453587 0.031914736131675205 0.04255065356798611 -0.41552264305706244 -0.9935442683094231 0.23485550507188924
0.5 -1 0.5 0.5 -1 0.5 0.5
0.998751303097764 -0.015950585109861512 0.026571269227663268 0.039183938633101406 -0.4437447374136149 -0.99792676431058 0.23875806197505797
2.381765127182007 234987 627.820068359375 4.511216640472412 602815 458.92034912109375 5.665098667144775
0.9990730610345568 -0.015549895187326641 0.021585349123782623 0.03384216567993416 -0.4812986713784513 -1.0017069289144205 0.2425829829894663
4.112125396728516 602815 976.7460327148438 18.039648056030273 181295 613.6499633789062 31.382946014404297
0.9993665540980771 -0.01638820549974151 0.01828222856233847 0.0257619368337828 -0.5245841899246737 -0.9896859260871963 0.24377289830315751
0.5 -1 0.5 0.5 -1 0.5 0.5
0.9995682977470525 -0.019104379204690096 0.01620518148778361 0.01535033964482283 -0.5768205976362456 -0.9631911840777773 0.25200915334510277
24.894620895385742 435593 560.8615112304688 25.845474243164062 602815 565.470947265625 26.968076705932617
0.9996162744607561 -0.02069025811897266 0.016769053703746997 0.0076168162672839235 -0.6199622483516767 -0.9416274735466444 0.2628221111060694
0.5 -1 0.5 0.5 -1 0.5 0.5
0.9996169968652457 -0.020490262659660547 0.018213269472359343 0.003779620268335277 -0.6537444633793813 -0.9289099132372959 0.259371348302676
0.5 -1 0.5 0.5 -1 0.5 0.5
0.9995804702704829 -0.02078288432402428 0.019449824533823726 0.00535345669805295 -0.6829099717349723 -0.9117174941555204 0.24194563088926968
4.3808064460754395 207476 952.0845336914062 4.3808064460754395 230538 639.7557983398438 4.870006084442139
0.999502532659126 -0.021804150059671026 0.019591528854318006 0.011637793833818817 -0.707143307232275 -0.9011522982797293 0.2229795381310294
2.507033109664917 209112 842.8031005859375 3.4649226665496826 -1 635.8106079101562 4.884129524230957
0.9994240840045571 -0.021899864372283476 0.021554912303614997 0.014397291679722906 -0.7432353080986907 -0.9025850573649408 0.21363937066227107
3.1711082458496094 -1 591.1509399414062 4.273862361907959 442285 659.0618896484375 4.490991115570068
0.9993338866343576 -0.020922496219859803 0.02473315061850313 0.016801887890394662 -0.7716501076998609 -0.9146090889454463 0.22177692306397545
3.384890079498291 206783 901.2091674804688 4.746763229370117 709766 1155.7613525390625 4.221672058105469
0.999260212404769 -0.020174702984651308 0.027631118024781562 0.017565038598240802 -0.8100255001079516 -0.9208694764800517 0.23391932508508706
0.5 -1 0.5 0.5 -1 0.5 0.5
0.9991270130911936 -0.020543877995493738 0.029307777173374138 0.021545648877024554 -0.8538998149467789 -0.9247847700489045 0.2445593556068749
3.134181022644043 442285 567.1328125 4.434647560119629 -1 552.3700561523438 6.6342902183532715
0.9991522620611389 -0.019739464071322623 0.029060977439164224 0.021460903209478233 -0.9127069009856982 -0.9307872585757502 0.2575957035071434
3.317974328994751 442285 550.7288818359375 3.9709904193878174 -1 881.8703002929688 10.097055435180664
0.9991741263625333 -0.01890236636863575 0.02880896112357236 0.02153623719024752 -0.9891181040078636 -0.9399627576139076 0.2621292465900301
0.5 -1 0.5 0.5 -1 0.5 0.5
0.9991488661568407 -0.01830900276191199 0.0287674469788228 0.02321115399295152 -1.0423388693294902 -0.94803017207736 0.2657056424050924
0.5 -1 0.5 0.5 -1 0.5 0.5
0.9991242116969943 -0.017636720890013627 0.029119629573956734 0.024326998388273912 -1.0870087068960008 -0.9522569204888167 0.2677813541476361
3.1460676193237305 206421 423.06451416015625 6.173715114593506 166885 440.77935791015625 7.133321762084961
0.999052682129513 -0.01729560192784086 0.030261490089288714 0.02605460998279796 -1.1247286591873489 -0.9570319484208281 0.275071424270345
2.613621711730957 709766 550.9536743164062 3.3551254272460938 206421 1057.345703125 3.9950461387634277
0.9989434888000173 -0.017083376557933443 0.031887769755336616 0.028341393216644563 -1.1642000503091552 -0.9642422241352163 0.28129330219670856
2.1837778091430664 709766 1048.4957275390625 4.127768516540527 535851 407.9688415527344 5.251083850860596
0.9988341850790632 -0.017209423041986742 0.03336368173489855 0.03034750759284715 -1.2190033334736217 -0.9702965198667992 0.28609398133179603
4.235824108123779 -1 1035.16357421875 4.430939674377441 535851 1244.689697265625 4.155971050262451
0.9987686042265832 -0.01694558636256554 0.033963327122890345 0.03194706128668284 -1.262469408112238 -0.9787749500668673 0.28918747801652517
3.7434144020080566 238809 1023.6064453125 3.3419582843780518 535851 1044.827880859375 4.790673732757568
0.998723720005656 -0.016781485974409576 0.03423470444729443 0.03312548622980684 -1.3040999750022866 -0.9842253170344527 0.29302144648693446
3.4333014488220215 505036 1011.8803100585938 3.2989377975463867 535851 1032.4560546875 5.086419105529785
0.9986785484598123 -0.01701000562611923 0.03477992814465954 0.03379605232943627 -1.3460651848916567 -0.9852665965212362 0.29750316189131176
4.09001350402832 206731 1000.0432739257812 4.918517112731934 535851 1020.1619262695312 6.689301013946533
0.9986459813598076 -0.017079611897345973 0.03567472251559453 0.03379060438610341 -1.3860494495876412 -0.9845219556457845 0.30183716766337604
2.464087963104248 709766 488.74688720703125 3.4219932556152344 206421 355.65582275390625 4.128142356872559
0.9986177318122693 -0.016914866544122463 0.03629658234102669 0.034045133430113166 -1.4223699146109448 -0.9871438433723091 0.30394422420553174
2.6495158672332764 709766 754.3432006835938 4.86465311050415 505036 364.27752685546875 5.084298610687256
0.9985998300597685 -0.017122866326633682 0.03652380705403871 0.03422277562736796 -1.4576446180305431 -0.9854553253293169 0.30479417384905355
2.891951322555542 709766 974.3613891601562 3.6221847534179688 646716 336.7469177246094 5.055578231811523
0.9985386691759321 -0.01770562126820639 0.03701425020696009 0.035170760831716455 -1.4848030433980643 -0.9841495107060174 0.3084695213038912
3.3238365650177 500687 650.990234375 5.3563337326049805 207814 717.67626953125 5.3578619956970215
0.9984586151198946 -0.018008228786941922 0.0380785384754794 0.03614031677213899 -1.5151149344629256 -0.9861015683307492 0.30897344873049853
4.567361354827881 288315 965.542236328125 4.567361354827881 895256 639.538330078125 5.0516886711120605
0.9984145457132975 -0.01721738260222366 0.03907165086539374 0.03667918678339956 -1.5484010927497824 -0.9961981331029044 0.30539105049623455
2.562086820602417 519454 963.8656616210938 4.875187873840332 535741 963.8656616210938 4.875187873840332
0.9983694254790307 -0.015440330800181064 0.03983098572626566 0.03786263368448121 -1.5773743241110885 -1.009609641963873 0.3020841381339651
5.607243061065674 240920 577.79150390625 9.862340927124023 172604 690.8865356445312 12.463061332702637
0.9983541600757487 -0.014912124132237421 0.04052141162126075 0.037744069912128295 -1.612030863087131 -1.0065609626723855 0.30039355281109326
5.500802040100098 230862 1111.7803955078125 5.8384318351745605 451206 1111.7803955078125 5.8384318351745605
0.9983540441943524 -0.01590779077391341 0.04119054452398548 0.036598957297880895 -1.6493056812309759 -0.9929471295462733 0.2991137175051065
4.664773941040039 418216 556.7283935546875 4.760012626647949 211263 556.7283935546875 4.760012626647949
0.9983723081597132 -0.0162415488827142 0.04189546509556692 0.03512429919817905 -1.687095857601843 -0.9808584732140787 0.2984045227849232
5.7997589111328125 491349 1087.2362060546875 9.117521286010742 451206 1087.2362060546875 9.117521286010742
0.9983598995825655 -0.016447681439975388 0.042462424822488735 0.03469765350759733 -1.7220193810773776 -0.9768621112822782 0.2943607862136226
4.104292869567871 166885 899.2771606445312 4.974599838256836 491349 541.5516967773438 12.11693286895752
0.998345214999832 -0.015606356768029789 0.043198356190829706 0.03460022164349187 -1.7550715302915632 -0.9804318800210136 0.28903113567409755
4.61789083480835 418216 1066.7001953125 4.114299297332764 364732 1066.7001953125 4.114299297332764
0.9983851955902987 -0.015466066078671778 0.04427254349296849 0.032058445358975375 -1.789074954811329 -0.9686744602626987 0.29389729634691625
3.426679849624634 364732 1060.80712890625 3.1940953731536865 250728 791.3526611328125 6.023137092590332
0.9983970826035302 -0.014986524963520955 0.04476966922985064 0.031214519623524728 -1.827345218249416 -0.9670808232202661 0.3044256089786786
6.369595527648926 441677 1287.607421875 7.117473602294922 245092 169.4332733154297 8.549641609191895
0.9983918240519328 -0.016055583512151222 0.043107435397188865 0.033132052725660784 -1.8975857932121567 -0.9768988212967045 0.3145134717708671
3.682492733001709 -1 947.387939453125 85.26126861572266 410963 996.8431396484375 96.49352264404297
0.9984174619289041 -0.01659264635657344 0.040452768790339384 0.035367065181132785 -1.9823954831099913 -0.9895305204870246 0.31141171247463045
150.13308715820312 278107 891.5232543945312 193.1027069091797 414060 635.9972534179688 203.90994262695312
0.998405203527259 -0.016469027472972193 0.03768535266020543 0.038673439188452556 -2.0750904831519987 -1.0122807111255054 0.30158359589336375
152.44241333007812 462550 1000.5313110351562 209.55348205566406 412481 1000.5313110351562 209.55348205566406
0.9983713158520316 -0.016988879665154867 0.03630611461613484 0.0405950698125517 -2.157306231248492 -1.026229811525245 0.29459822307084305
39.02851867675781 437072 909.7805786132812 69.93214416503906 710491 971.4456787109375 87.66910552978516
0.9982452058003283 -0.01883145327466563 0.03730378052767721 0.04195608921917368 -2.2362083746207824 -1.0341295550833915 0.3038516304112337
5.65921688079834 711189 512.3976440429688 6.052246570587158 177375 512.3976440429688 6.052246570587158
0.998238013861779 -0.019417222664867465 0.039617379058043196 0.03967748003395954 -2.296733236745131 -1.0251119114403997 0.3164648526443858
5.697088718414307 418216 1005.7922973632812 5.500802040100098 -1 746.3297119140625 6.7233076095581055
0.9983014946026602 -0.01891819929996368 0.04183464227868854 0.03586210137117223 -2.3400580166975877 -1.0077746627621962 0.3251607359619603
3.0172483921051025 709766 854.5634155273438 4.763876438140869 536300 854.5634155273438 4.763876438140869
0.9982678806353423 -0.018540130771003128 0.0433937797280445 0.03513519494367515 -2.366607710921908 -1.0009792709511731 0.3288917061294277
3.9027211666107178 -1 405.8553466796875 4.731235980987549 270199 470.3211364746094 4.106785774230957
0.9982317489607714 -0.018843316654844008 0.043211669695048825 0.03620851262246048 -2.3831479722443576 -1.0063523057553239 0.3321973380079334
4.774349212646484 270199 466.6666564941406 5.025338649749756 709766 513.2308959960938 4.765714645385742
0.9982847777304037 -0.016322559847899782 0.040967064690799304 0.03850683319088011 -2.3921843855915386 -1.0339447404491855 0.3161899385665409
3.393735647201538 -1 843.9552001953125 4.949853897094727 364732 843.9552001953125 4.949853897094727
0.9985704527684732 -0.01310189720499957 0.036955164035651314 0.03632777172486795 -2.4241551724418 -1.040566449215398 0.2749531731814923
9.272564888000488 242141 811.49609375 11.126395225524902 217274 811.49609375 11.126395225524902
0.9987863083298687 -0.010465889255586168 0.03330184218180119 0.034747125955691835 -2.45087162644086 -1.0591355210361775 0.2555083469101711
3.620884418487549 -1 801.4673461914062 4.261347770690918 -1 734.300537109375 8.171268463134766
0.9990192192837389 -0.007890434644376585 0.031047658247848522 0.03056768653589277 -2.4763098563049835 -1.0551055332649495 0.23349214698051388
4.986457824707031 -1 568.2593994140625 11.732582092285156 -1 1059.5921630859375 18.5616512298584
0.9991777063226623 -0.010244750442351902 0.031246334456395835 0.023719672409137964 -2.51307520954533 -1.0056965062036423 0.2322278661106364
3.7245357036590576 -1 706.7467651367188 5.533144474029541 261428 1000.5096435546875 5.840624809265137
0.999211019272829 -0.012943039962715336 0.033571991035261456 0.016814817816619462 -2.5722235409797403 -0.9490566408637139 0.25314464128645275
4.403937816619873 232158 552.0264282226562 4.447152137756348 -1 695.7348022460938 4.4258599281311035
0.9991769851233652 -0.012747378736243459 0.03562420048324003 0.014620980646567647 -2.646861183547435 -0.9327696439146211 0.264271863736214
4.1015729904174805 275981 700.5716552734375 4.1015729904174805 -1 742.82568359375 6.9295759201049805
0.9990738142662625 -0.011319219519207642 0.03719996072622932 0.018426932433385917 -2.705069332301151 -0.9496931888484782 0.2698308000336354
3.6244051456451416 288413 692.2691650390625 8.293686866760254 206665 621.4995727539062 10.28890609741211
0.9989010943179094 -0.010551766897590815 0.039355134597059686 0.023161117560891648 -2.763174793579051 -0.9669374679519122 0.2788578360037033
4.972245216369629 277009 698.1612548828125 4.164483070373535 536468 710.7730712890625 3.9978723526000977
0.998734831105879 -0.010366106086654111 0.04195087714030038 0.02571779321152944 -2.809931375254389 -0.9724444006954587 0.295924513022995
2.4255781173706055 -1 659.2787475585938 3.712651014328003 275981 686.3057250976562 6.906092166900635
0.9985462047042332 -0.009239974270439849 0.04549858190496617 0.02738574430046783 -2.849297920810336 -0.9872899403095059 0.3226776853267551
4.491422176361084 276085 477.3360595703125 5.471230983734131 -1 620.2446899414062 5.3603739738464355
0.9984395142756797 -0.008796096516151597 0.04790915554901784 0.027310764061145673 -2.8855980067488334 -0.9921616309866856 0.3402457887877617
4.761072158813477 277009 668.9473266601562 4.929671764373779 536468 681.4725341796875 4.797213554382324
0.9983107994875664 -0.009797756628750418 0.04998904485881517 0.027940060587678672 -2.9442550049140688 -1.0005845050563236 0.3585811794773935
4.011748790740967 -1 626.2288208007812 4.011748790740967 275981 664.4124145507812 6.825048923492432
0.9983443481199185 -0.010357715356768219 0.049620556450046455 0.027186038460779136 -3.0064227550094684 -1.0009611459676142 0.3683498477720779
2.8204312324523926 -1 635.9591674804688 49.0281982421875 710491 1083.8184814453125 56.62727737426758
0.9983945514429386 -0.010108074239236825 0.0483171801384887 0.027777627466943455 -3.0638879692610943 -1.0094520211551334 0.3717344965980714
0.5 -1 0.5 0.5 -1 0.5 0.5
0.9984547707537131 -0.010125454476666861 0.04695678286454405 0.02793933560060552 -3.123927351562316 -1.0099603017491932 0.37683668603830067
13.163185119628906 277213 371.7146911621094 21.373748779296875 302204 856.8568725585938 25.819150924682617
0.9984803115139017 -0.01100649882138994 0.04615475948675818 0.028029674980563416 -3.179355125339855 -1.0000204697889519 0.3893346204421102
35.492210388183594 345823 1012.4879150390625 73.95162200927734 855358 1215.1341552734375 78.8175048828125
0.9984841696609683 -0.011514408556066245 0.04543496015304603 0.02885213558719714 -3.2209889039683697 -0.9912704947591621 0.3984584758150329
15.55809211730957 258772 814.4141845703125 17.084550857543945 269486 814.4141845703125 17.084550857543945
0.9984897171413507 -0.01191225235278592 0.04464941017821697 0.029712172212854167 -3.275391122705171 -0.9789997458119246 0.41342531210304284
4.779505252838135 234268 636.2578125 4.283233642578125 288732 390.33966064453125 7.119593620300293
0.9984361368905411 -0.012673664478950191 0.044403251148057724 0.03151206225003895 -3.3236617657210594 -0.973063135787557 0.4194738836865254
3.928846836090088 295352 564.534912109375 4.496121883392334 244760 421.4921875 6.9291276931762695
0.9983710858461917 -0.01281859671800924 0.04410473779866885 0.0338471657334516 -3.362950098815955 -0.9785268069667076 0.4155229536308607
4.6156463623046875 252365 374.2598876953125 6.416406631469727 292976 830.6796264648438 7.00189208984375
0.9983506198806069 -0.01209491589838722 0.04388535506151732 0.03498325891828382 -3.412120258504903 -0.9834967624359168 0.41161337568165185
5.590648651123047 677225 820.5015869140625 6.134592533111572 295352 815.0645141601562 6.585001468658447
0.9983112714518652 -0.01158253702793437 0.044009507173359524 0.036105586915531056 -3.4529998773265 -0.9930631241370906 0.40974551280526095
3.8890626430511475 295352 662.4215698242188 7.580080032348633 293425 728.5586547851562 7.127132892608643
0.9983001133035136 -0.01113722587965055 0.0441698763083691 0.03635750273053559 -3.497692916630446 -0.9979687869489534 0.41054268355659623
5.530110836029053 210209 735.0531616210938 5.810842037200928 286044 649.4849853515625 6.011963367462158
0.9983040326229218 -0.011306751932357313 0.04507806816859819 0.03505971448457462 -3.5439674093867812 -0.9891182449468574 0.42110207976416575
0.8323408365249634 252365 778.5308837890625 3.824476480484009 295352 357.00787353515625 4.065441608428955
0.9982921369699096 -0.01206522459441281 0.046403451486111746 0.03337602896861369 -3.587749543454214 -0.9736910581429505 0.43616583051491364
5.422020435333252 282202 765.1998901367188 8.017670631408691 295352 820.9339599609375 8.156756401062012
0.9983042891825554 -0.012531952156626986 0.04737408382505163 0.031419620567312324 -3.6409908976779475 -0.9528535562709376 0.449865802426127
7.692376613616943 442275 294.40679931640625 10.052815437316895 535763 104.05397033691406 12.56164264678955
0.9983404549814907 -0.012231617543302212 0.04724530609326363 0.03057130242201569 -3.6988824976892065 -0.9430794717147821 0.4515699436751642
0.5 -1 0.5 0.5 -1 0.5 0.5
0.9983864688819161 -0.011326871695221442 0.046403427712639576 0.030706393920755765 -3.7586466976757276 -0.9405054570190312 0.4465184787823945
9.290833473205566 -1 70.91426849365234 9.500687599182129 442275 503.5743713378906 17.14969825744629
0.998358662294353 -0.011154719163897384 0.046367211315507036 0.03171175455612466 -3.809307198827495 -0.9395527107709147 0.44496834259147455
0.5 -1 0.5 0.5 -1 0.5 0.5
0.9984153198982595 -0.011234243496932993 0.046677459922734005 0.029357375575305558 -3.861378105199003 -0.9111034663719498 0.4466884163089791
4.233865261077881 286225 610.667236328125 5.633450508117676 423446 610.667236328125 5.633450508117676
0.9984157301739991 -0.010438801172057786 0.04745851032940407 0.028368132975657868 -3.8998785872130464 -0.8998018776423553 0.45068873524807523
4.792971611022949 -1 598.7935180664062 5.993461608886719 423446 598.7935180664062 5.993461608886719
0.9984053458153292 -0.009121393574062622 0.04846073245715722 0.027479502112586124 -3.942503818127212 -0.8933815538042948 0.45543944650214585
4.44301700592041 290099 417.16412353515625 5.612328052520752 -1 672.0885620117188 5.722303867340088
0.9983702983659644 -0.008361493535651904 0.049020473114746936 0.027996892365313986 -3.990782078421713 -0.896140572457477 0.45250297921734306
3.238485813140869 311915 12.682605743408203 3.8738913536071777 286225 613.4544067382812 4.808845043182373
0.998326149037533 -0.007581039156548613 0.04930135870725387 0.029271214918670605 -4.038273425039029 -0.9095009082222837 0.4466706899348315
12.92594051361084 709127 554.8963623046875 14.602842330932617 343804 180.26470947265625 15.689308166503906
0.9984113650041707 -0.006379650905641652 0.04838684369356347 0.028155987679449563 -4.1015245953140544 -0.9042804809763924 0.4338313077485715
82.79370880126953 -1 1128.602783203125 82.79370880126953 -1 693.9384155273438 110.57489013671875
0.998535578469525 -0.006129790249971903 0.04668351219898682 0.026641581987367054 -4.175493569868165 -0.8880671197752065 0.4181867778291828
72.50292205810547 286451 565.9505615234375 76.13050842285156 291635 565.9505615234375 76.13050842285156
0.9986620442928059 -0.006314431152475532 0.044741292314070265 0.02514887691729846 -4.252074192204544 -0.8646141859146589 0.4025222575510783
0.5 -1 0.5 0.5 -1 0.5 0.5
0.9987797337643917 -0.006606242622309538 0.042706096238836866 0.023907955244761043 -4.3229817338782395 -0.845109489584225 0.38689677824728824
80.27733612060547 286451 1060.7193603515625 107.03852081298828 -1 261.8089904785156 118.09849548339844
0.9988605545712871 -0.006196031831342763 0.04094670839472392 0.02371853247406797 -4.374898177783415 -0.8408901228967336 0.37100601791526183
0.5 -1 0.5 0.5 -1 0.5 0.5
0.9988908484698579 -0.005356225198272726 0.03997343334801658 0.024300376975767878 -4.4128627733928205 -0.8495505370752601 0.36574790638524457
27.6954288482666 286906 1150.2923583984375 35.0418701171875 298685 1133.7120361328125 43.97168731689453
0.9989066003113448 -0.004548491342627512 0.03952392336500046 0.02455146762975239 -4.444997198355076 -0.8527050389078116 0.36051183491749444
5.4619903564453125 295352 349.45733642578125 10.134195327758789 293425 1483.54541015625 14.445367813110352
0.998926601152518 -0.004634631417329904 0.03914163391059259 0.024333067959322944 -4.47508985549513 -0.8484556663679808 0.35553311377942654
26.956714630126953 286906 906.4951782226562 26.956714630126953 855870 475.2672119140625 74.72492218017578
0.9989959470258248 -0.0050524357332861385 0.037965420989303306 0.023242149819704034 -4.509594935957872 -0.8354246986550636 0.3435057037086014
97.89424133300781 325574 456.998291015625 97.89424133300781 -1 535.5548095703125 119.4973373413086
0.9991105964577125 -0.00610915592693764 0.034931363884705864 0.022814339283191272 -4.566208739166377 -0.8259553132235834 0.3203120882709387
80.13794708251953 286451 1294.8509521484375 85.19026947021484 853499 465.2370910644531 85.89120483398438
0.9991781992919193 -0.006734000393514027 0.032024372055039274 0.023916916459658377 -4.6182719484312145 -0.8280854414526244 0.30008038066806864
46.938995361328125 738173 1068.743408203125 49.43991470336914 298685 1157.7491455078125 52.492889404296875
0.9992061077493192 -0.0063965484931637956 0.030856443102269964 0.02437454251687612 -4.668805909916643 -0.8223423324220526 0.298421508294553
0.5 -1 0.5 0.5 -1 0.5 0.5
0.9992142517963952 -0.00596510332876522 0.03096098328939889 0.024014871704859955 -4.714513199317002 -0.8123119554915764 0.3011858786797124
24.974130630493164 -1 813.8549194335938 47.164405822753906 286906 1030.97216796875 54.3379020690918
0.9992300262691052 -0.0053237720070312645 0.030086360631463013 0.024613471063919368 -4.760607573123764 -0.8161421651138665 0.29090059893424974
8.073270797729492 773342 797.4716186523438 45.83807373046875 286906 793.4647216796875 48.17422103881836
0.9992612744757702 -0.003736035819749886 0.028591719456669402 0.025405923481031958 -4.808286489464501 -0.8319573132688448 0.2753593366064409
39.022159576416016 286906 998.6354370117188 48.551239013671875 738173 416.53973388671875 117.30528259277344
0.9993732237836682 -0.0007527329234528017 0.026807260964540232 0.0231076553757246 -4.8624589678818655 -0.8264617950234601 0.25190384153787365
86.491455078125 464645 390.9429626464844 104.78343963623047 810078 797.0242309570312 158.48681640625
0.9994525045827648 -5.8115553046902004e-05 0.02567706489764333 0.020865666633567183 -4.91390618713274 -0.8125872649958421 0.232106500013303
21.005847930908203 286906 959.700927734375 29.65097999572754 738173 1268.383056640625 53.805030822753906
0.9995258832187319 -0.00051830381345138 0.024846847929847322 0.01817620105858139 -4.956124720029848 -0.7891986881219938 0.21918232920447536
0.5 -1 0.5 0.5 -1 0.5 0.5
0.9995793147129354 0.0011252684934996158 0.024650235771780323 0.015241169418121717 -4.987110427348508 -0.7714889222912888 0.21267452031324446
11.156576156616211 286906 931.0224609375 19.017072677612305 738173 1027.3238525390625 23.5771541595459
0.9995984573507303 0.0030333398144171903 0.02461484067568214 0.013705200842069203 -5.016623453934708 -0.769230861522957 0.21008265346402047
0.5 -1 0.5 0.5 -1 0.5 0.5
0.9996232822623012 0.0042454894699668075 0.02345764372454857 0.01360177669263246 -5.053179910046399 -0.7774579584174325 0.19787726595070496
8.939273834228516 -1 1003.4912719726562 8.939273834228516 -1 1228.9781494140625 65.9809799194336
0.9996320547499056 0.005027911943258077 0.021377871537324313 0.015920484493452878 -5.090630250373807 -0.8059301958977728 0.177641792278422
50.90430450439453 853499 226.79281616210938 81.91596221923828 -1 295.70501708984375 82.16490936279297
0.9996153936898046 0.0046643431943146196 0.019440849917161926 0.019218791726881474 -5.127631330327842 -0.8364289560259474 0.16121165300317733
31.87104606628418 362554 229.73068237304688 40.3149299621582 277010 1089.9244384765625 56.77761459350586
0.999612929129818 0.0044777301022937525 0.018210963641237313 0.02055000372004659 -5.163546181011736 -0.8460851647417774 0.15174116798499723
43.66905975341797 324838 1076.685546875 60.502227783203125 853499 268.3395080566406 75.55634307861328
0.9996357342596647 0.007049967122823131 0.016940548704195403 0.019791780220811614 -5.21152218240667 -0.8503572152015424 0.13485627398421832
5.574016571044922 -1 244.6163330078125 69.70046997070312 709189 771.8372192382812 81.06288146972656
0.9995972044881766 0.01091314720217898 0.015658176509533932 0.021003654585866602 -5.257070987215004 -0.8899124788586206 0.11304632928574705
33.59010696411133 853499 214.2942352294922 39.95408248901367 810078 1155.627197265625 51.08123016357422
0.9995810682794404 0.012334805546006756 0.013257046794578085 0.022578556635916246 -5.309764200444589 -0.9222247661843792 0.07753255685043871
24.53846549987793 853499 193.40467834472656 32.417022705078125 709189 1137.3338623046875 43.495201110839844
0.9996086118663597 0.01167148230449846 0.010928215221378075 0.022955907638347005 -5.358412782415214 -0.9286270468688196 0.04755417620892426
24.62990379333496 853499 1067.548583984375 70.0019760131836 856459 1221.832275390625 120.22603607177734
0.9996814841176432 0.011855657817193289 0.010165897755523373 0.01982493916490773 -5.405183966106751 -0.8963481566904479 0.04182689619126853
29.392675399780273 709189 1099.5013427734375 42.29290008544922 788719 1025.982177734375 48.915103912353516
0.9997159891872864 0.01367079035259662 0.011348508448805257 0.015882751978433973 -5.440403499318731 -0.8608592795848888 0.05445234823449908
29.376691818237305 773364 133.46238708496094 30.143373489379883 709189 1088.48291015625 33.175106048583984
0.9997105931227664 0.014918275556505172 0.012337301579365351 0.014281668049861035 -5.471136222174001 -0.8507085079651885 0.06158332349797871
20.424745559692383 608042 1202.1385498046875 20.424745559692383 733823 774.9367065429688 22.978126525878906
0.999718688022456 0.015539780067642601 0.012179303356224002 0.013142474038999548 -5.506675105125992 -0.8438673311702996 0.05158741011122493
20.374778747558594 788719 103.85773468017578 23.08892250061035 709189 691.769775390625 74.92013549804688
0.9997161577002388 0.016054496374198767 0.011583806987755421 0.013254153873891231 -5.54153988875535 -0.848771297041119 0.03755059648196753
15.956707954406738 788719 85.23957061767578 16.69195556640625 709189 993.2265625 16.828996658325195
0.9996817213252098 0.01635515531913689 0.010831552039250597 0.015863241256868735 -5.581506823500017 -0.8782658404059535 0.023870412530717318
109.09504699707031 803384 857.8060913085938 141.8235626220703 853642 849.6766967773438 148.13272094726562
0.9996665246616009 0.016893161952683637 0.009211178446930058 0.017222506840064836 -5.627175720619974 -0.8927440832692627 0.0011536111508923896
140.56419372558594 853426 862.5187377929688 140.56419372558594 491486 833.7863159179688 153.10708618164062
0.999675003871947 0.017590846608938566 0.007301125792455307 0.01694527401272881 -5.679893490156128 -0.8877275252943624 -0.023098360164456298
90.84798431396484 333653 479.4248962402344 198.60902404785156 -1 1068.7625732421875 201.5625457763672
0.999710924889517 0.018348091432835265 0.005495354637256399 0.014533247219040578 -5.738802826611283 -0.853961954577826 -0.048297803191239795
123.70069885253906 -1 811.1801147460938 123.70069885253906 807661 822.6555786132812 127.57373046875
0.9997153937674537 0.018422369595794137 0.004577464837884173 0.014449725897716929 -5.7737499800548395 -0.8449455074323713 -0.06875706742363716
89.46685791015625 333653 1082.5738525390625 93.47793579101562 -1 1166.0228271484375 93.3790054321289
0.9997040896251734 0.018828512902244826 0.00452970911744149 0.014720802420545919 -5.796243362804888 -0.8458358796130332 -0.08423573597693806
0.5 -1 0.5 0.5 -1 0.5 0.5
0.9996957142711501 0.02029610317893688 0.004151263315367089 0.013390820607097585 -5.823872754369131 -0.8433360982763102 -0.10367388567618235
99.14337158203125 856130 793.0576782226562 99.14337158203125 856130 760.9341430664062 114.67738342285156
0.999649574505631 0.022494081485532984 0.002301923896353633 0.013763925138146678 -5.850982084347155 -0.8633245096650077 -0.1366548543094518
86.37602233886719 856130 780.5336303710938 86.37602233886719 856130 765.3024291992188 95.92015075683594
0.9995793855038985 0.024775178441332518 -0.0006928213475685933 0.015058638963374114 -5.879894340345609 -0.8855512743829073 -0.17640108262471452
77.84052276611328 856130 765.67529296875 77.84052276611328 856130 730.9255981445312 91.2273941040039
0.9994978990569195 0.026349675389586588 -0.0024823413169545666 0.017420745370202766 -5.895257644402003 -0.9043458981498346 -0.20076836410480425
46.4376106262207 329606 1127.771240234375 64.43682861328125 855910 1127.771240234375 64.43682861328125
0.9995123866535822 0.026106510569159292 -0.003035004516565496 0.01685905630653224 -5.91488515661451 -0.8624709652051191 -0.20398570885139408
76.34342956542969 855910 1119.87841796875 76.34342956542969 828374 750.0018310546875 91.57986450195312
0.9995370148358526 0.025109744857366324 -0.0025956001312970826 0.0169858631275832 -5.916534623178242 -0.8333016881046285 -0.19947503051176452
95.0357894897461 803384 749.87744140625 104.68697357177734 856130 730.96826171875 105.59310913085938
0.9995526319026468 0.023903808613593175 -0.0025519272276856024 0.017794146725293572 -5.913507196511265 -0.8070051815625201 -0.19971913945949435
110.5708236694336 803384 986.642822265625 111.79743957519531 809567 732.4509887695312 120.20470428466797
0.9995201143162203 0.023681632304687457 -0.003082693759301046 0.019728617991684936 -5.90646033740924 -0.7948246096295625 -0.21544436545903223
109.58956909179688 333653 1029.4146728515625 109.58956909179688 853127 745.3495483398438 119.23764038085938
0.999507109496841 0.02369163015661216 -0.003758935148649582 0.020251299522266966 -5.902448100571363 -0.7670128073450558 -0.23395107954707534
118.90656280517578 333653 1031.15283203125 118.90656280517578 853127 1036.4869384765625 123.19461059570312
0.9995172732129451 0.02347257248858163 -0.00390909082600582 0.01997443112184317 -5.902551492824365 -0.7313598406479329 -0.24413674306395622
122.13748931884766 329606 1126.9532470703125 129.31825256347656 855910 1126.9532470703125 129.31825256347656
0.9995637884630239 0.02264798223058637 -0.0034810814595056016 0.018632867900638454 -5.904328718402986 -0.6711670918019853 -0.24139523730313495
15.659238815307617 855300 918.7954711914062 15.659238815307617 831848 722.416259765625 146.36090087890625
0.9996128322599829 0.021247505142044182 -0.002321434995361054 0.017814040697627428 -5.9015998367136016 -0.6130713352174574 -0.22988648829493555
68.07514953613281 837502 866.9674682617188 68.07514953613281 608044 1033.6019287109375 163.89271545410156
0.9996516673950608 0.020327799086566112 -0.0012423812503343365 0.016786332160415734 -5.895277209725852 -0.5583205209906809 -0.22019548860173516
51.587249755859375 855300 924.0801391601562 51.587249755859375 831848 930.1038208007812 71.38340759277344
0.9996797037138145 0.02051447498425905 -0.00029107076038987746 0.01481761035364809 -5.891149883902887 -0.4996003265136911 -0.21292422122139246
0.5 -1 0.5 0.5 -1 0.5 0.5
0.9996879030525477 0.020603319006369292 0.0006468480916349055 0.01411316137044067 -5.88942770029372 -0.45122290033366075 -0.20560481957340349
75.97777557373047 855300 933.9241333007812 95.1950454711914 841377 873.38916015625 105.08206176757812
0.999713799912953 0.019142880034357133 0.0007789379636250896 0.014326955826108668 -5.889528552277846 -0.4056925195596831 -0.20464971605143997
46.59394836425781 773866 574.1104125976562 68.69461059570312 809578 911.5234985351562 95.51984405517578
0.9997195696214017 0.017676597251281664 0.000535188024476184 0.01574908249371573 -5.887590504962934 -0.36939961165617674 -0.21072044423380396
82.18113708496094 837128 575.517578125 89.98184204101562 809578 929.2464599609375 119.11902618408203
0.9997496471425583 0.01708705556820839 0.0009333955847919031 0.014415420320669605 -5.886150705083279 -0.3153175406385969 -0.207259591243507
97.52422332763672 837128 953.5905151367188 132.92880249023438 -1 953.5905151367188 132.92880249023438
0.9997886649699177 0.016555986487462523 0.002358601499451972 0.011956659569605042 -5.883639090278985 -0.24811319593460435 -0.1915053225239038
91.7005844116211 836152 605.6947631835938 103.62046813964844 773866 577.1480102539062 121.9488296508789
0.9998324014584755 0.014660196015171626 0.00405442303499133 0.010188684921420593 -5.879744989379145 -0.18732302663868364 -0.17177555189734123
123.78034210205078 773866 608.7763671875 123.78034210205078 -1 962.07861328125 161.1431121826172
0.9998817377505154 0.01252428804129567 0.004964662214168678 0.007416525545525355 -5.880483769988727 -0.12038038642354015 -0.16294747949127958
50.85664367675781 838001 768.3704223632812 81.16641235351562 838002 606.8955688476562 136.52340698242188
0.999898457043217 0.011363672714692036 0.004768449401262242 0.007155727449729158 -5.881512087314483 -0.08734945091539234 -0.16866303541295027
64.09150695800781 838001 748.6676025390625 103.8327865600586 -1 753.1152954101562 109.3719711303711
0.999903296309663 0.011488798988549404 0.003862446194584234 0.006818140235053514 -5.886350939445161 -0.05940231907157451 -0.18292284061203437
33.751468658447266 -1 825.3491821289062 34.48062515258789 840112 825.3491821289062 34.48062515258789
0.9999062071427843 0.011070298325468868 0.0031592040766120727 0.007419221112680677 -5.892458144980503 -0.03870767044176789 -0.19557114934917155
0.5 -1 0.5 0.5 -1 0.5 0.5
0.9999143469753243 0.010382789881446064 0.0024933404607058013 0.007568331423461211 -5.900617369610647 -0.017014908909569387 -0.2068364075611831
0.5 -1 0.5 0.5 -1 0.5 0.5
0.999917155145788 0.010034915449904293 0.002194582693647333 0.0077567469900776355 -5.906742512409651 -0.0009339211925159977 -0.21233512175823274
97.88530731201172 838001 737.0595703125 123.10143280029297 804742 755.1054077148438 128.5854949951172
0.999939152565835 0.008683276083232471 0.0024926514648105744 0.00633076386048001 -5.906548139354348 0.03980027884859211 -0.2124173238316687
0.5 -1 0.5 0.5 -1 0.5 0.5
0.9999606887965611 0.007422037641475764 0.0028458142786721534 0.003928811505658256 -5.898486671963935 0.0928620384134152 -0.20567131466289693
71.09082794189453 797753 744.42041015625 119.76342010498047 -1 741.6730346679688 122.18875885009766
0.9999705598901558 0.006396413818283385 0.003315005123357391 0.0026412088644686103 -5.885090494923905 0.12729977555343952 -0.19066757379975424
108.65099334716797 -1 746.4730834960938 134.61456298828125 838001 1019.6246337890625 159.59803771972656
0.9999820428509035 0.004383782187994313 0.003649097089663201 0.0018386190177243906 -5.865422298823937 0.15954769642929018 -0.17507583670705135
150.427734375 838001 775.1356811523438 151.98385620117188 -1 998.9725341796875 160.18753051757812
0.9999892768944336 0.0016945869144512462 0.0038269824782039643 0.0019820889103737602 -5.840461206224702 0.18324131999707186 -0.16545359788625824
86.02777862548828 733839 816.3485107421875 122.79891204833984 729598 834.5032958984375 125.00115203857422
0.9999812205267019 -0.0014260621631842086 0.004014767423086446 0.0044052903619050815 -5.7964491115167185 0.1856215897288365 -0.15510973054499266
287.5133056640625 841919 940.6741943359375 291.7346496582031 841514 947.8392333984375 335.143310546875
0.9999648487948039 -0.0035413931658254314 0.004513779648906673 0.0061143685292346815 -5.752670163268407 0.18707311674025157 -0.14144768870964033
304.7806091308594 841514 440.66717529296875 329.53179931640625 840113 1151.8359375 331.8898620605469
0.9999403928826448 -0.005812279437269091 0.006023626563941639 0.007010279057438427 -5.692193271331478 0.19866623195731234 -0.1136524565413755
217.9326934814453 -1 1105.0103759765625 253.8733367919922 -1 975.6100463867188 317.9739074707031
0.999910951373211 -0.008088193460086516 0.008036643595006186 0.006934176966250617 -5.60930608558814 0.2149317730139644 -0.07431232363070774
237.93821716308594 727102 1000.40185546875 286.291259765625 809626 1062.6954345703125 292.5906982421875
0.9998808292463759 -0.008597880620150813 0.009610284090004554 0.008488002953037341 -5.537005940983613 0.2009418773198155 -0.04996359281951662
289.5502014160156 809626 815.3576049804688 292.3011779785156 800875 749.1572875976562 314.051513671875
0.9998732910782532 -0.00868519883050143 0.009976223368536307 0.008856866089001639 -5.4786564662583475 0.1947407296780126 -0.040755187133776814
102.43041229248047 694834 964.0623168945312 142.46983337402344 774239 1004.093505859375 147.114013671875
0.9998897560704727 -0.009510498263925825 0.009298664636035011 0.006600073036646372 -5.427233795171347 0.22176499815362732 -0.044174485089089034
89.55237579345703 855067 943.6430053710938 95.06051635742188 576640 654.172119140625 103.99825286865234
0.9998882108908309 -0.010590322497288172 0.009184252649604192 0.005201950999867996 -5.374594745801046 0.23900692458982797 -0.040370265222405485
128.00088500976562 855273 1024.16357421875 138.42190551757812 856327 976.9346313476562 158.54449462890625
0.9998773359591283 -0.011460893505664229 0.009209704159117947 0.0053983612911496105 -5.317522761034944 0.2337872580522467 -0.03752122318601256
52.70637893676758 728483 987.572021484375 52.70637893676758 -1 214.31272888183594 55.354209899902344
0.9998913399255336 -0.011151716309414379 0.008844821109319041 0.003836235761714867 -5.255833466222935 0.23686823349643213 -0.04143993871012975
18.310678482055664 -1 587.4126586914062 57.80841064453125 462699 587.4126586914062 57.80841064453125
0.9999133676755217 -0.008987543099641261 0.009206827610452113 0.0027776857598471763 -5.190528764455347 0.22630415151444241 -0.03289172207146816
138.05902099609375 721315 1032.857666015625 143.0771942138672 733839 1025.9798583984375 144.54037475585938
0.9999357977507851 -0.007080375924157743 0.008767032361507424 0.0011865061507886883 -5.115781098399554 0.22457143898073653 -0.0323252513443439
25.71280288696289 -1 277.5780029296875 33.23527908325195 -1 608.1926879882812 45.836185455322266
0.9999502208031408 -0.0070335542143207174 0.007043703480228614 0.000686492641544811 -5.061905361857517 0.22096932761026958 -0.04619428957093502
40.448150634765625 -1 348.8816833496094 45.64439010620117 855045 711.3468627929688 65.36512756347656
0.9999621194944897 -0.006804650660606225 0.005354688304031618 0.0008852223685449652 -5.010841856954276 0.20895188021380912 -0.058666111541240434
25.39784812927246 -1 649.56494140625 27.77631950378418 576223 657.8534545898438 33.25737762451172
0.99997203861876 -0.0064139558627987646 0.0038333220169416743 0.00029798178740454717 -4.949820464266084 0.20334338106173938 -0.06739831673403539
31.89141845703125 -1 1300.0892333984375 47.82182693481445 725023 458.66357421875 48.546844482421875
0.9999752329725694 -0.0064636087318324575 0.00274582446574362 -0.0004643830538063862 -4.879736513435739 0.20187346827815017 -0.06636234652781065
49.09678649902344 697134 480.64593505859375 49.09678649902344 773123 765.9315795898438 60.01850891113281
0.9999675470787283 -0.007572509354724648 0.0022960609671443134 -0.0015132730947184283 -4.790324345734925 0.2026392563659888 -0.05998092323866918
51.68599319458008 697134 793.5537109375 62.3961181640625 756001 436.7859191894531 79.39195251464844
0.9999683682766517 -0.00735912921446899 0.0030102433128580035 -0.000209996506440896 -4.706618559321121 0.18710883901373912 -0.0478004265594217
33.4862174987793 462130 752.70751953125 33.4862174987793 462699 277.5953063964844 61.46608352661133
0.9999694674637645 -0.006931883451533378 0.003514689240391198 0.0008124602102679055 -4.632040611646495 0.1747865793165305 -0.03871292267884675
27.70829200744629 -1 763.6832885742188 35.32929611206055 461870 756.5663452148438 40.20736312866211
0.9999689793300628 -0.006962403419589621 0.002976629248083151 0.002169099936584751 -4.5655870763706945 0.16234388255180776 -0.04105366418188181
24.308914184570312 856006 281.1430358886719 36.13787078857422 -1 778.3092651367188 41.16276168823242
0.9999625498644458 -0.00720327182227767 0.002441792054846272 0.004129091329973367 -4.510080740144189 0.1466530954601238 -0.04196072275394055
0.5 -1 0.5 0.5 -1 0.5 0.5
0.9999546621692893 -0.006822510392582629 0.0024627287831833237 0.006169434721771545 -4.451620888774816 0.1321633436054993 -0.03942306466867322
8.63581657409668 689621 461.5830078125 21.93958854675293 -1 828.2111206054688 27.57511329650879
0.9999614627470119 -0.006410154719942107 0.002732547587556067 0.0053400487829744405 -4.391365976162362 0.14232764245741206 -0.03704495926016273
0.5 -1 0.5 0.5 -1 0.5 0.5
0.9999634062791444 -0.006129138413262495 0.004214029022122778 0.004226313325212716 -4.3313116958876465 0.15205734520510295 -0.02843779723405553
2.93402099609375 -1 394.4639892578125 12.377042770385742 468210 866.0730590820312 25.09015655517578
0.9999603548570395 -0.005750469507663121 0.005718469098512428 0.0036769451715248096 -4.279837224522946 0.15433783586508004 -0.01575532266939642
4.866901874542236 895344 476.8912353515625 8.757864952087402 463548 476.8912353515625 8.757864952087402
0.9999642921903391 -0.005840564312590956 0.005723571716523667 0.002131403197551765 -4.234553145712355 0.16685119454096592 -0.010320344062428289
3.040391206741333 466516 474.51220703125 4.283117294311523 465249 484.74285888671875 10.008086204528809
0.9999633649776105 -0.006290486179579102 0.00540715106123907 0.0021121561683914193 -4.185356705229428 0.1703534173024189 -0.010755092744648198
0.5 -1 0.5 0.5 -1 0.5 0.5
0.9999636218345358 -0.006559160558082899 0.005131671070555643 0.0018434674812044984 -4.146292889013702 0.17294968063787433 -0.01158830864009239
7.279085159301758 466516 502.5867919921875 8.844269752502441 465249 458.40826416015625 14.634034156799316
0.9999711447702154 -0.006117662664147452 0.004288092485209541 0.0013769870409651018 -4.0944705038752955 0.17206127885459171 -0.013351654865721175
6.0693182945251465 466516 517.7304077148438 7.366110801696777 465249 533.205322265625 13.85429859161377
0.9999772811733839 -0.00548237153415296 0.0035481090059303953 0.0016708267207807433 -4.054379060344711 0.1640952063683518 -0.01766693417453236
3.162881374359131 466516 529.75244140625 4.238718032836914 465249 486.9988708496094 9.671706199645996
0.9999812980376305 -0.00495998111447312 0.0032499912400150276 0.0014965691629995313 -4.008284149158156 0.15998820719137666 -0.022218945584417046
0.5 -1 0.5 0.5 -1 0.5 0.5
0.9999753509018707 -0.005895515659505619 0.003746807488093087 0.0007084613160344065 -3.956150235717623 0.16505923077650125 -0.022989132268017444
0.5 -1 0.5 0.5 -1 0.5 0.5
0.9999639901398701 -0.0067295762086437266 0.005154790550399395 0.0003992016823553896 -3.902142605481178 0.16782967176825017 -0.01999622386109051
20.711315155029297 856006 663.2040405273438 26.527244567871094 -1 991.3724975585938 30.57623291015625
0.999953603978069 -0.006162835420455862 0.007160643608668779 -0.0018800356276455848 -3.8461695563806746 0.17832164202966164 -0.01192276451261251
14.678339958190918 856006 1008.6988525390625 18.21761131286621 463113 1010.3032836914062 22.868017196655273
0.9999283120456163 -0.005875451148700591 0.008921927610335141 -0.005408239188487152 -3.7925634337902383 0.19703345821553428 -0.0023670950272631605
0.5 -1 0.5 0.5 -1 0.5 0.5
0.9999104351803562 -0.0056023514345589255 0.009314312985007395 -0.007808895533415942 -3.7528741792512 0.207979857462834 -0.007448399517345332
4.967413902282715 -1 704.2728881835938 6.317986011505127 -1 863.3917846679688 6.69304084777832
0.9999156427535874 -0.00417955999506621 0.009025884369256297 -0.008352967513451406 -3.7174523464109894 0.19729177386288305 -0.011883218642184909
0.5 -1 0.5 0.5 -1 0.5 0.5
0.9999175538853694 -0.0031457106379573292 0.008070971209932849 -0.009478890241478006 -3.6928188500820025 0.19379820242677914 -0.01628729399592074
4.797793388366699 -1 509.8507385253906 4.797793388366699 458300 644.4483032226562 4.692404270172119
0.9999339215683352 -0.003346505187539005 0.006589160379878551 -0.008805473609553714 -3.6579139937874285 0.18202962476112158 -0.018635118068191927
4.357748031616211 458300 530.7496948242188 5.690203666687012 457428 546.7589111328125 7.128659725189209
0.9999474702291731 -0.004289511507898497 0.005555977029379979 -0.007469135997532218 -3.613730602475473 0.17263007879870762 -0.01808425167436768
3.971855401992798 -1 544.0284423828125 19.887306213378906 459919 597.2869873046875 21.827577590942383
0.9999543397002024 -0.0038635403817460323 0.005689223732714987 -0.006635081293392876 -3.557947357801589 0.1609760727029448 -0.009579635672237845
0.5 -1 0.5 0.5 -1 0.5 0.5
0.9999384342163087 -0.0033591064197669622 0.006525576251769139 -0.008322321531888029 -3.501221841421943 0.16445109990015072 -0.0006042952266553564
0.5 -1 0.5 0.5 -1 0.5 0.5
0.9998763649866217 -0.0038674360834474388 0.00699025712634293 -0.013543780291642956 -3.4502147592123427 0.19893515143328433 0.005632692672758651
0.5 -1 0.5 0.5 -1 0.5 0.5
0.9998885952067644 -0.006335750090189837 0.008303143950370153 -0.010663641346990445 -3.396599924653534 0.18404331673891783 0.015877779342721686
0.5 -1 0.5 0.5 -1 0.5 0.5
0.999851008669909 -0.007384465626038425 0.008983587534127186 -0.012756382096823046 -3.357747837766774 0.19531831386923446 0.014398736636751525
2.812725782394409 -1 1155.4935302734375 4.514770984649658 -1 700.7938842773438 9.759748458862305
0.9998125579452695 -0.007143758186709332 0.007589401128492248 -0.01631614796506735 -3.338434736077291 0.2096001261815364 0.006753946233695661
6.59121561050415 -1 740.4789428710938 6.59121561050415 711793 766.1455688476562 8.873842239379883
0.999816246554429 -0.008367569704553397 0.0038468468276986563 -0.016812455874644135 -3.326683489765753 0.21227603677781462 -0.028982475906152626
4.877468109130859 -1 748.3544921875 8.599133491516113 895676 764.3174438476562 8.208643913269043
0.999789390419057 -0.01143615311165341 -0.00016573548259983778 -0.017040004085886927 -3.318900241185081 0.21541596219866432 -0.06843176935178295
3.5815672874450684 -1 1139.680908203125 4.189999580383301 -1 1139.680908203125 4.189999580383301
0.9998202349525744 -0.01320344679456247 -0.0022126464606496204 -0.013426502439661281 -3.3001837627267334 0.18898882635149872 -0.0958011370477553
7.702716827392578 457738 616.4771118164062 7.496766567230225 -1 786.5480346679688 8.24839973449707
0.9998946850656972 -0.012435094603011497 -0.0017156320739717468 -0.007283117888049809 -3.254157097843378 0.128906801530014 -0.09911397970448627
11.396822929382324 894806 642.2606811523438 11.396822929382324 -1 790.5588989257812 22.20661163330078
0.9999194248200238 -0.011883764237843175 0.0003471524019631416 -0.004449662947011926 -3.2006241153491253 0.08100793577167452 -0.07855410409070573
52.07974624633789 385103 859.9720458984375 62.39925765991211 450900 859.9720458984375 62.39925765991211
0.9999406433747378 -0.010048556768165637 0.003202657752995316 0.002734815809102899 -3.122799642060245 -0.002001623255674992 -0.058495102425208535
142.5051727294922 -1 999.9239501953125 151.3416290283203 -1 999.9239501953125 151.3416290283203
0.9999092025645543 -0.00827573884329353 0.006045457386467843 0.008749355307862179 -3.037392207388575 -0.06760100250001393 -0.04557898378824471
108.20782470703125 -1 914.1214599609375 126.44351196289062 669103 993.41650390625 141.8909912109375
0.999851873731724 -0.009685491615574542 0.008914009606088876 0.01108883583014672 -2.951544621619469 -0.08955787446536795 -0.04401230952659404
14.520588874816895 385103 987.2102661132812 16.392230987548828 445962 982.91748046875 25.31467056274414
0.999795045207793 -0.013655280636083619 0.009235945744507333 0.01175151883381404 -2.8853521131177944 -0.08267509259831518 -0.05787531779996005
5.042987823486328 -1 417.5686950683594 6.609584808349609 -1 740.28076171875 10.25666618347168
0.9997618224383126 -0.016533408135219058 0.006207510656229291 0.012822309531095845 -2.8435623154955634 -0.08265381983433237 -0.06972737882453423
3.1004137992858887 -1 694.39599609375 6.315756797790527 -1 694.39599609375 6.315756797790527
0.9997345461960242 -0.018166851250327166 0.0013330723900444054 0.014107642463610267 -2.7864143518562394 -0.08765810202534459 -0.08146385828902752
3.664684534072876 -1 906.6353149414062 11.23969554901123 -1 990.6356811523438 14.788053512573242
0.999735317583876 -0.019272613389204482 -0.0023480892611072108 0.012342918027712969 -2.708877284764515 -0.07425893514626303 -0.08528494206369101
4.62491512298584 -1 914.8268432617188 11.361204147338867 740679 1246.0950927734375 21.27309226989746
0.9997584212992852 -0.020495454368205327 -0.00411514371216503 0.006789770513804411 -2.6329659766390843 -0.04529759757789713 -0.071767446523317
3.6698646545410156 895538 957.3150024414062 3.6698646545410156 773861 973.8452758789062 4.837430000305176
0.9997570329324581 -0.021424849130137927 -0.0038540863412454586 0.003463662846328903 -2.5377404094733143 -0.02707717096949844 -0.050298366913124865
150.21676635742188 412542 516.05029296875 152.83749389648438 413011 1079.716796875 167.56983947753906
0.9997542511263966 -0.02187340570099843 -0.002826021536695333 0.002237203614266681 -2.4238596910583925 -0.021353230490515424 -0.029645813284822554
3.1230711936950684 -1 436.15924072265625 3.0037012100219727 -1 454.24603271484375 197.12005615234375
0.9997759774789612 -0.02080645744072792 -0.0032065747184345907 0.002191817357782364 -2.311694037897054 -0.029026139132548114 -0.021813381313986233
24.336532592773438 457093 1111.3328857421875 71.14824676513672 385103 1160.8309326171875 77.0725326538086
0.9998183399062539 -0.018494347771757163 -0.004047350282800693 0.002205729649833903 -2.211963011483326 -0.0376620370670134 -0.017589140677226472
65.67444610595703 385103 1194.416748046875 70.69743347167969 412422 469.49395751953125 120.59715270996094
0.9998427647214183 -0.017298730727717038 -0.0038656312079796374 0.0005066012282028969 -2.1070347827198064 -0.03283875190779391 -0.01660934622816953
159.90365600585938 669103 659.0328979492188 171.05569458007812 -1 1239.0333251953125 190.15631103515625
0.9998657215104579 -0.016116728629094957 -0.002805891824467912 -0.0009575895452155559 -1.9934187689890155 -0.021551519314975124 -0.01869752840643674
13.375846862792969 457093 105.6788101196289 16.104442596435547 -1 105.66194152832031 20.874832153320312
0.9998870220730505 -0.014798092331872157 -0.002319690529669506 -0.0012564191463180702 -1.9050630558579473 -0.00550301697545065 -0.02675866050853223
6.584268569946289 -1 598.8486938476562 6.859910488128662 -1 596.7124633789062 11.008310317993164
0.9998974044785716 -0.014044301956167259 -0.0025360331258694837 -0.0012274508399499633 -1.8423170749357498 0.01193160876526479 -0.031277776126181205
2.269474983215332 -1 172.44248962402344 4.715410232543945 -1 666.7703247070312 5.030414581298828
0.9998789715397853 -0.015106311339846282 -0.0034630201882242732 -0.0013598240403588434 -1.7909507483621079 0.03820564960356764 -0.03580135498005096
3.433104991912842 -1 1084.51416015625 4.590151309967041 -1 427.1957092285156 5.091019153594971
0.9998578671665572 -0.01606710497376527 -0.005108167971781504 -1.4929075307524914e-05 -1.7382554463841067 0.0545379199147148 -0.02982513767078986
3.270979404449463 415992 123.74684143066406 5.734732627868652 536331 531.0245971679688 5.273471355438232
0.9998654115604902 -0.015461838450974678 -0.005440764375618306 0.0006988559913019598 -1.677765564168747 0.05306628029069169 -0.014641744294024234
2.1165826320648193 451283 612.185546875 5.04079008102417 417229 667.3499755859375 4.286135673522949
0.9998697084870095 -0.015177941881436926 -0.005081255710542584 -0.0020921211127894555 -1.6148371930620333 0.055125878069173094 -0.004386442896601976
3.540982246398926 491225 263.3760681152344 3.767578601837158 -1 55.24466323852539 4.335409641265869
0.9998612317813045 -0.015257849823656045 -0.006673926419087391 -0.0004170200042826797 -1.5522253958870578 0.04127220605081001 0.004249744620136906
2.8701164722442627 418955 247.2057342529297 4.190701484680176 -1 724.238037109375 4.589359283447266
0.9998394285356136 -0.015438170729914913 -0.009086005621904529 0.00047384800346803675 -1.5050868049676545 0.03118291210716309 0.008178178141189745
5.878845691680908 -1 246.19992065429688 7.028013229370117 -1 254.54739379882812 6.357069492340088
0.9998297369341476 -0.015256732118865867 -0.01030811469803702 0.0012132759861872384 -1.45204134897787 0.02197570901510799 0.013037730998479375
4.6894707679748535 -1 657.3272094726562 4.268159866333008 -1 289.8766784667969 4.801458835601807
0.9998058740937027 -0.016022357280294254 -0.011278153572441406 0.0020739929860817815 -1.3836923763007378 0.01810500324193663 0.01770987837126639
0.5 -1 0.5 0.5 -1 0.5 0.5
0.9997772149602441 -0.017256449438307907 -0.01185272762869435 0.002692256837903363 -1.3155603445822572 0.01889044766070532 0.022111284705435733
0.5 -1 0.5 0.5 -1 0.5 0.5
0.9997744477015106 -0.017134453501971965 -0.011473504192967793 0.005081626497715501 -1.2515601218876935 0.013484179713407752 0.026184656468127173
0.5 -1 0.5 0.5 -1 0.5 0.5
0.9997975730638543 -0.0166397019192956 -0.01011314100446137 0.0050653326334707555 -1.160947413692331 0.01386496980287817 0.03212809462672442
0.5 -1 0.5 0.5 -1 0.5 0.5
0.9998031158557205 -0.016829728306035865 -0.009706290700118697 0.004034562080667492 -1.0761852027807404 0.02015230035465882 0.0337766310210303
2.534787178039551 -1 963.2440795898438 3.0944101810455322 -1 278.7359619140625 7.06333589553833
0.9997884929621081 -0.017153377985651013 -0.010464003072390244 0.004385841303453948 -1.0147223839633326 0.02439001256176477 0.03495100419503069
4.078072547912598 428480 338.37744140625 5.500741004943848 437764 1018.8512573242188 5.860293865203857
0.9997852729967617 -0.016704934113364652 -0.011213641533245312 0.004960576440608498 -0.9587692761117438 0.02237151570785983 0.0350465807780457
4.617731094360352 -1 1041.5799560546875 4.652185916900635 431086 494.72430419921875 5.727216720581055
0.999793593876339 -0.01589962720708649 -0.01177418565402735 0.004619529271952259 -0.8930348016593546 0.021178622813871367 0.02905507631131194
0.5 -1 0.5 0.5 -1 0.5 0.5
0.9998001337262519 -0.016015316662609178 -0.011338782040479714 0.0038254744808745825 -0.8293233072827025 0.02100295415732069 0.02712278058591715
0.5 -1 0.5 0.5 -1 0.5 0.5
0.9998162275637718 -0.01564185837968564 -0.010769063129090938 0.0026211916945853096 -0.7778738837701478 0.02055863426324171 0.028528303415115506
1.8260923624038696 428125 927.3724975585938 3.153418779373169 422585 388.7100830078125 3.5270354747772217
0.999790757850048 -0.01691600981602599 -0.011153932178836284 0.0028069425503109884 -0.713131974218491 0.02127304793894687 0.026568218247018396
4.881339073181152 708754 402.5863037109375 5.546430587768555 427491 414.9046936035156 5.62334680557251
0.9997540197769135 -0.018496078370038062 -0.012239058789309197 2.1558857299946588e-05 -0.6535543902221104 0.018139822490210428 0.03371960626303056
3.6598775386810303 431386 613.6255493164062 7.250001430511475 430542 553.1043090820312 7.714886665344238
0.9997775966389367 -0.017584183417951323 -0.011244984221204428 -0.0030172971779992334 -0.5825778060370413 0.007223123158473101 0.04702750637059286
4.372865200042725 437764 1089.588623046875 4.301828384399414 427492 581.8275756835938 6.68353796005249
0.9997635395502374 -0.019134329895506463 -0.009560310225628525 -0.003916998062348922 -0.5095051346138011 0.006073007620512216 0.05957875718327605
4.432653427124023 -1 664.2515258789062 8.298299789428711 -1 674.2556762695312 8.43174934387207
0.9997383902400736 -0.020845737464165997 -0.008742803907866935 -0.0034885082184322176 -0.4487141706394088 0.007002669537374578 0.06798283945568862
0.5 -1 0.5 0.5 -1 0.5 0.5
0.9997332176294559 -0.02074152227123238 -0.009447377534578959 -0.0037456481209719623 -0.3948813281990443 0.0028560909273181593 0.07277336223275403
0.5 -1 0.5 0.5 -1 0.5 0.5
0.999709824101783 -0.021301760742816624 -0.010908892549175415 -0.0027383657514002293 -0.3656908355585855 0.0006739973457333012 0.06769004066516221
5.369512557983398 437078 1241.0272216796875 4.71506404876709 428917 586.0292358398438 5.74910831451416
0.9996724487011972 -0.02222912803272801 -0.012665667543248412 -0.0006648611440346242 -0.3449201700055039 -0.006143319868326892 0.05882734122506903
0.5 -1 0.5 0.5 -1 0.5 0.5
0.9996643351649058 -0.02159672030878953 -0.013642575689574162 -0.004321897704126427 -0.3325106264065439 -0.02468789014249367 0.04714313752979098
0.5 -1 0.5 0.5 -1 0.5 0.5
0.9997368070536485 -0.01956577398663679 -0.011453816490256301 -0.003508161667778179 -0.30691928320230427 -0.04903533140501746 0.04143972034374032
0.5 -1 0.5 0.5 -1 0.5 0.5
0.9997863600740432 -0.01893225527750313 -0.008293641577152951 0.00013938935724765422 -0.26721679570666473 -0.05618832472041796 0.042118927386145574
0.5 -1 0.5 0.5 -1 0.5 0.5
0.9997796737813229 -0.019475671538758184 -0.006604024300719548 -0.004205826299480246 -0.23341548560335387 -0.054089427140707996 0.045181210746328186
4.311380863189697 -1 1126.0377197265625 5.222836017608643 -1 1081.4727783203125 5.203784465789795
0.9997277763217375 -0.02118178119317567 -0.0046621758198267015 -0.008600553058010628 -0.19765962733652886 -0.04350082013252075 0.04161294741684747
0.5 -1 0.5 0.5 -1 0.5 0.5
0.9996867943191584 -0.024045089909881585 -0.0029007650702653565 -0.006303370298311966 -0.17519694032008357 -0.024652153009827128 0.03059744401404848
2.262646436691284 -1 807.0167846679688 3.6742663383483887 -1 811.5283203125 3.597069501876831
0.9996813163142906 -0.02518406787975634 -0.001701159528927608 -0.0003668697484184703 -0.16098699366823768 -0.025827175013621043 0.015569864405947063
3.281501293182373 -1 654.8463745117188 4.078920364379883 709411 661.4903564453125 4.234200954437256
0.999632617521391 -0.025762185440900115 0.00043854295302847004 0.00841115145027304 -0.13387391122054898 -0.0415578393127011 -0.011778788689961107
3.8387792110443115 709470 860.031494140625 3.781618356704712 439277 1383.947021484375 7.9687910079956055
0.9996673964196692 -0.02392130443185716 0.0033779858505371633 0.009025349931841058 -0.10242599209939471 -0.07264774675181193 -0.04908071969346768
6.721641540527344 424827 794.8106689453125 7.330152988433838 -1 1084.3282470703125 23.273000717163086
0.9997368850731789 -0.02108783021473852 0.004664066902807505 0.007727258306667726 -0.07847865004123622 -0.12285211673335719 -0.0662188431300341
5.244015693664551 -1 1150.4298095703125 11.144670486450195 442380 1153.3470458984375 22.73772430419922
0.9997739445448478 -0.018541803168384528 0.002648175697796538 0.010062231858498336 -0.05828176302309952 -0.1589182925680375 -0.06746581233608376
4.2531208992004395 -1 1116.8509521484375 4.472538948059082 -1 1161.45849609375 5.937558650970459
0.9997862976582302 -0.018009344248071775 -0.0008976092965563497 0.01011023403061937 -0.03183287481201246 -0.17048276717991576 -0.06306480198597186
3.1389901638031006 -1 399.1251525878906 3.1389901638031006 -1 1165.458984375 4.105875492095947
0.9997495530390147 -0.020888300469584776 -0.002784953469201196 0.007533534094771037 0.02295359831231696 -0.16922811935656606 -0.05064042764981183
13.526450157165527 439132 1176.6578369140625 14.973179817199707 441686 1176.6578369140625 14.973179817199707
0.9997214598116942 -0.022870633372566396 -0.0032724298214549244 0.004819556429428868 0.09269031875054787 -0.1703621167332796 -0.03868492333973117
3.509207010269165 -1 1196.1629638671875 21.77560043334961 441686 1196.1629638671875 21.77560043334961
0.9997286002691091 -0.022908357215037527 -0.004015634977691503 0.0013444885280934678 0.1500026641754331 -0.18073474612830576 -0.03315483346738664
0.5 -1 0.5 0.5 -1 0.5 0.5
0.9997594878561857 -0.021267082430318517 -0.0051917593295862105 -0.0013127381699427378 0.21447355042221028 -0.19937291134742927 -0.0303699881688809
5.871938228607178 441686 1232.612548828125 5.871938228607178 444240 1218.8026123046875 12.354837417602539
0.9997994437580641 -0.01898412662841263 -0.005967771293732822 -0.002249645084886138 0.2936826695785269 -0.21569774251115487 -0.029281629087684356
5.446722507476807 -1 1341.2874755859375 50.981285095214844 423470 699.4090576171875 55.94614028930664
0.9997972035046855 -0.017728119110272826 -0.005200838832005985 -0.008013546809372402 0.40265038573978507 -0.2286660993209069 -0.025403234265224645
5.001399517059326 -1 900.5951538085938 11.679213523864746 -1 570.6411743164062 12.58683967590332
0.9997308209419868 -0.018844979240087406 -0.004272664260599755 -0.01284121319104941 0.4665765887211426 -0.22617511525022396 -0.01733370008057394
3.8707425594329834 -1 738.6034545898438 6.935412406921387 598942 738.6034545898438 6.935412406921387
0.9996515853565336 -0.019712067670334385 -0.004158968705419194 -0.017054186044385383 0.5181503668830565 -0.21918349438703838 -0.004068478797601023
3.6085939407348633 710911 681.3390502929688 12.236366271972656 538153 571.6611938476562 17.557636260986328
0.9996164900863905 -0.018790478144770986 -0.0046268526780384595 -0.019808657520179025 0.5670671218127544 -0.22010931642872913 0.008188103456621756
19.248851776123047 600301 764.5054931640625 19.248851776123047 598942 598.3455810546875 25.483013153076172
0.9996204640848717 -0.01806743687975914 -0.006085979299978195 -0.019886084664956283 0.619245223223662 -0.22097371763859672 0.01871510476647645
9.530723571777344 601540 1024.409912109375 11.15710735321045 598308 966.4016723632812 16.834749221801758
0.9996324786491543 -0.01674206242913043 -0.008069549852003964 -0.019735585639985762 0.6725689593224901 -0.2294575432693768 0.03568383011895427
7.007441997528076 -1 701.5791015625 18.817106246948242 567476 1399.0106201171875 22.95155143737793
0.9996735685788487 -0.01533750289829868 -0.00884027888401574 -0.018421909752449128 0.7352950885504951 -0.23858210462279106 0.05322898228755992
5.384098529815674 -1 737.026611328125 5.384098529815674 -1 1005.1098022460938 15.303563117980957
0.9996759234143585 -0.015941543915996094 -0.008564719789100304 -0.017904214536198566 0.7972153193765342 -0.24062775947833123 0.06593123542140693
5.251986980438232 -1 759.4886474609375 9.923233032226562 -1 759.4886474609375 9.923233032226562
0.9996527390547085 -0.016737730627098484 -0.007832199484964115 -0.01878580115675963 0.862916128939368 -0.24779799914670284 0.07555653774871071
12.858269691467285 -1 782.130615234375 12.858269691467285 601540 691.1945190429688 27.9190673828125
0.9996935387949578 -0.01579445406147285 -0.006628358107488477 -0.017872565045707906 0.9367061620911808 -0.26072615416637973 0.08160863088281703
8.443233489990234 -1 809.3599853515625 8.443233489990234 601540 718.53955078125 23.554431915283203
0.9997152884452292 -0.015912665303527338 -0.0069100784791956684 -0.016382305918936767 1.0017394507013533 -0.26670680519194195 0.09767933957198476
4.029230117797852 -1 711.2032470703125 6.156697750091553 -1 849.9505615234375 9.621325492858887
0.9997139719305995 -0.016319585037048195 -0.0086584991121996 -0.015188017121644725 1.0541515935698016 -0.2668595213672706 0.11515462884109884
4.898860931396484 -1 716.0394897460938 6.476363658905029 602923 721.47509765625 14.688549041748047
0.9997474206219904 -0.015564685108463214 -0.010262254834753416 -0.012550763437258519 1.110296052030481 -0.264100968168639 0.1284351359811683
3.7541182041168213 -1 604.9532470703125 4.096066474914551 -1 1022.1051025390625 4.89621639251709
0.9997518055154726 -0.015063956584740076 -0.011026520003969325 -0.012158142833830191 1.162388701567277 -0.2628214702231297 0.14084187280399485
21.051864624023438 -1 1029.4022216796875 23.33997344970703 531952 793.927490234375 30.61092185974121
0.9997450335704263 -0.015806470384588947 -0.011073873862170161 -0.011721461638088706 1.2336287739258145 -0.25282197142978086 0.15025664932060917
35.90227127075195 -1 818.4203491210938 38.54191589355469 -1 734.498046875 73.34371948242188
0.99974024478501 -0.01712716763252173 -0.010935563169416851 -0.010320685261339578 1.306840459151084 -0.24039982181831285 0.15735949521847387
10.676196098327637 526305 1045.6951904296875 32.22600173950195 543537 841.161376953125 42.96489334106445
0.9997532710109132 -0.01695926670058045 -0.010309671595842868 -0.009974519915461888 1.387023369989065 -0.24288406131261248 0.1661789185047069
151.48220825195312 -1 736.4088134765625 163.35595703125 585677 997.517822265625 179.22964477539062
0.9998189910280224 -0.016179773180485822 -0.008355050834812163 -0.005513006900314244 1.4984923861839798 -0.2375158649225005 0.1691777360474502
179.20941162109375 556015 1009.6181030273438 195.6578369140625 533423 801.5090942382812 213.23289489746094
0.9998317177885808 -0.016460156777588157 -0.007097996302662425 -0.0039009987542274562 1.6006627618292242 -0.24092037225177698 0.17784735691248066
161.6256866455078 660802 806.389404296875 170.6566619873047 857837 845.36669921875 171.20692443847656
0.9998543226093393 -0.015763865359369838 -0.006371630588478519 -0.0014954704928548004 1.687469900278064 -0.24286751074279642 0.17893242374359047
76.6361083984375 502631 1133.6768798828125 108.58003997802734 551183 323.1681823730469 131.40174865722656
0.9998599357526089 -0.015558825578240764 -0.006153104312208751 -0.00041367951079470587 1.7583806798032982 -0.24849826228362287 0.17594720349683407
56.30559158325195 -1 305.148681640625 61.00939178466797 710936 305.148681640625 61.00939178466797
0.9998661133573354 -0.014957132902070673 -0.006628520902549183 0.0003197588004463121 1.8291269120778646 -0.25578841666621954 0.17890641595545084
0.5 -1 0.5 0.5 -1 0.5 0.5
0.999863256858373 -0.015262389970001776 -0.006190156099877026 0.0014862719906589112 1.8914640268717204 -0.25582687637898166 0.17543700789045877
32.014862060546875 656249 960.6000366210938 69.8160400390625 653610 960.6000366210938 69.8160400390625
0.9998624713815634 -0.01550868437510026 -0.00551308219523453 0.002030998871149253 1.9536182465063063 -0.2640265556746718 0.17663519942866326
62.64527893066406 -1 431.8221130371094 75.06463623046875 -1 1128.8487548828125 81.42460632324219
0.9998787874747689 -0.014538544257221698 -0.0049715936619533834 0.0025148251087131006 2.018785109064996 -0.2738209819987942 0.1716367063087946
18.510927200317383 -1 929.9276123046875 65.42021942138672 774587 1171.0894775390625 81.94444274902344
0.9998897154461457 -0.01398491459056289 -0.004573610176792648 0.002015241640930797 2.0777595966324904 -0.283728096827686 0.17066978131788232
5.011837005615234 649584 522.9055786132812 53.906009674072266 131400 1268.396484375 61.737266540527344
0.9998810024619506 -0.01483448045473271 -0.003518496691343953 0.0023535688551682434 2.145636362955427 -0.28463983823165945 0.16569265991008178
0.5 -1 0.5 0.5 -1 0.5 0.5
0.9998705285705828 -0.015765062125947804 -0.0024531313036236565 0.00209070776429574 2.208814468660549 -0.287334037667574 0.15543148135221702
5.145686626434326 649584 506.7475891113281 22.975528717041016 656249 567.9751586914062 55.550907135009766
0.999879676989478 -0.014978629548934521 -0.0018040832448874009 0.0036079750412906855 2.2631288245783736 -0.28809790939820473 0.1480959028256121
0.5 -1 0.5 0.5 -1 0.5 0.5
0.9998877193274133 -0.014215099372707108 -0.0025231641185755357 0.0040141413625825574 2.2978125525714144 -0.29177114439822416 0.1465707119619262
6.569295406341553 -1 536.4232788085938 11.15829086303711 656249 613.3670043945312 12.40157699584961
0.9998601936251035 -0.014712005636672975 -0.00435090586989191 0.00664979038983549 2.3247463728470756 -0.2850659126309546 0.15060468040232786
5.629570960998535 710315 1391.6929931640625 5.747040271759033 -1 545.0919189453125 7.28646183013916
0.9998645735830557 -0.015046545300954518 -0.006372185518057662 0.0019573501996433375 2.3315884623831247 -0.3166107152486282 0.16577938139815468
7.720884323120117 -1 618.6115112304688 7.197367191314697 659722 1187.8662109375 10.523639678955078
0.9998540421239583 -0.016117036430355072 -0.005078658511470328 -0.0025184941549070408 2.3521416687423335 -0.3432552925648374 0.16415684906084935
0.5 -1 0.5 0.5 -1 0.5 0.5
0.9998544919947162 -0.016882825189733663 -0.0007845799300883738 -0.0023128955735825904 2.4024201976255113 -0.34852636641818213 0.1343773455491876
61.01226806640625 -1 634.0508422851562 61.01226806640625 -1 557.5924072265625 72.52906799316406
0.9998444425869119 -0.01721135614063391 0.001781050592349004 -0.003418728806978091 2.4441522064703785 -0.356615178882834 0.10695688428169461
6.06901216506958 659722 678.737060546875 5.088967323303223 -1 678.737060546875 5.088967323303223
0.9998357885040264 -0.017852912598435515 0.0019582829359618224 -0.002415505377158673 2.475632268603252 -0.35345749870609267 0.10060263992962726
4.909127712249756 -1 624.4534301757812 9.179878234863281 641537 868.8208618164062 9.318431854248047
0.9997974046013183 -0.0199767490232325 0.0024504747534532766 -0.0002728083819991882 2.517040149109383 -0.34309790847207566 0.09902797616065366
32.258140563964844 -1 709.6602172851562 38.256046295166016 -1 570.5105590820312 41.41325378417969
0.9997401565315781 -0.02242220237298682 0.0035741032657774113 0.0020223859191822622 2.571674956483574 -0.3262899126727995 0.08439543009017766
47.54267120361328 131400 430.40118408203125 55.57389831542969 -1 430.40118408203125 55.57389831542969
0.9996078553890279 -0.024893866281780176 0.004795684682897647 0.011892530198212544 2.6508303805066133 -0.2667961116518405 0.06615990876007413
143.3142852783203 92996 724.3243408203125 222.9504852294922 90198 691.4551391601562 263.84429931640625
0.9993644714406266 -0.026888885809567116 0.005741670148384546 0.022686433523685358 2.76195235745239 -0.22119276602051224 0.04965803903290094
287.588623046875 -1 762.7723388671875 299.60552978515625 -1 788.0659790039062 322.46136474609375
0.9993480174586388 -0.024039100494933043 0.006503003568445914 0.026141396165305718 2.8569156489307335 -0.23513191245868187 0.038366943112559886
346.32818603515625 -1 1259.871337890625 346.32818603515625 -1 1122.5074462890625 362.3540344238281
0.9993371991766536 -0.01770731040076714 0.0066892982492846136 0.03109448164971041 2.987170808786341 -0.2565583930961441 0.03187446877158245
301.9224548339844 -1 1258.501953125 323.922607421875 -1 1258.501953125 323.922607421875
0.9994104922280621 -0.01458940889018598 0.00497482233412474 0.030676836790021474 3.087684410562364 -0.28734083093890544 0.029038376455865975
11.357035636901855 95453 757.992919921875 25.339988708496094 81788 760.8931274414062 29.354360580444336
0.9995728847470721 -0.013657218603993238 0.0025455103256194207 0.02571086998920268 3.1882819638847764 -0.3319338655853805 0.030942718436692933
14.85324478149414 81788 808.9396362304688 17.963916778564453 128036 803.8626098632812 22.325321197509766
0.9996865331108797 -0.013830596018433635 0.0015734362611781142 0.020810440381135737 3.268515830841527 -0.373443869447284 0.024300625125320965
0.5 -1 0.5 0.5 -1 0.5 0.5
0.9997353861822488 -0.013487128492043358 0.0009454932733982956 0.018610777053606788 3.3293072098937366 -0.39915475645643883 0.017152750048656344
4.097383975982666 78833 650.583251953125 3.9681007862091064 584450 381.63311767578125 4.961881160736084
0.9997785756185019 -0.012742088978772954 4.880120212439114e-05 0.01674623901475348 3.3835595012558652 -0.42315899237337273 0.012639736001186971
5.8385539054870605 -1 941.5576171875 12.970551490783691 75641 1202.1116943359375 12.437838554382324
0.9998209016712193 -0.010992309633324043 -0.0002829778273677975 0.015403039759232745 3.461927054620695 -0.4512746011529833 0.007495548933045418
0.5 -1 0.5 0.5 -1 0.5 0.5
0.9998593163152144 -0.008811867207775883 0.0008958131320838498 0.01424415995476793 3.537195312052203 -0.47018303556262836 -0.00651549292916115
94.56047821044922 90198 1045.325927734375 112.77394104003906 77202 1045.325927734375 112.77394104003906
0.9998297129195656 -0.008384656041839097 0.0025717217507561043 0.01623665462697639 3.625098511381147 -0.4518339664124959 -0.022630576447450087
53.795753479003906 -1 743.3136596679688 53.795753479003906 -1 1082.2310791015625 112.95687866210938
0.999797834025566 -0.009827287287494756 0.004133642661369001 0.01704782979455384 3.713774694977933 -0.43176976317927923 -0.033674826042760425
9.777355194091797 78452 972.570556640625 15.36962604522705 92690 978.2623901367188 18.41272735595703
0.9998494992863768 -0.010400733737580988 0.00611857910767902 0.012464610070305599 3.768159516708943 -0.45277062493191617 -0.04616894652720826
3.636488199234009 -1 235.52403259277344 4.752418041229248 -1 991.4948120117188 5.548163414001465
0.9998725172950482 -0.010394642977931318 0.007537623487520934 0.009491300626636135 3.8154820828683813 -0.46014911268245 -0.05695026394344262
5.028820037841797 -1 1036.802001953125 5.894445419311523 -1 852.7056274414062 7.664703369140625
0.9998726016900695 -0.011012353266833188 0.007454332193578825 0.008828442479044537 3.8658254634705442 -0.4464256156579549 -0.05163818383297567
8.307183265686035 78833 269.82562255859375 10.105266571044922 78834 1139.7493896484375 9.540227890014648
0.9998528600752681 -0.011616329260523698 0.0068444163101144635 0.010605331639862119 3.9171821405436953 -0.4152461994431947 -0.04743560149626747
9.016875267028809 571233 847.7183227539062 9.176534652709961 584450 289.31414794921875 15.687984466552734
0.9998713411729839 -0.01022008474509433 0.006262921381856921 0.010659586507279478 3.97133775509085 -0.41191826764197187 -0.04451351435604102
4.520606994628906 395838 565.1397705078125 6.075932502746582 81041 865.2904052734375 6.60637092590332
0.9999018290868212 -0.008169878581276512 0.005904518885010608 0.00973251917712382 4.026709444951927 -0.41824141487996436 -0.0461731442456783
5.011022090911865 -1 1149.4105224609375 5.73736572265625 -1 587.60888671875 7.616156578063965
0.999894163052466 -0.008315189332213244 0.004792702307777379 0.010933907104382006 4.084459898306093 -0.3961964239413839 -0.04082730602286855
3.3564720153808594 395838 902.7859497070312 5.093276500701904 584450 1177.15234375 6.67149543762207
0.9998976125479979 -0.008665916824736932 0.0030473050301860496 0.010971792855028528 4.140143270176735 -0.37691833867487645 -0.028431588385006763
3.8596031665802 81788 1177.502197265625 4.204975128173828 586700 436.6434020996094 7.628636837005615
0.999912921415963 -0.008040040117949574 0.0026225011980529427 0.010130638072808007 4.188516249539282 -0.3691180715481267 -0.02697533024337629
4.5902509689331055 645217 1208.1943359375 5.910645008087158 372687 1208.1943359375 5.910645008087158
0.9999279577858208 -0.007064191151855969 0.0030440150135389826 0.00921468470677972 4.237552010212318 -0.3644927869179849 -0.03332785027184634
5.008725166320801 82691 1335.70458984375 5.4823899269104 -1 1160.583740234375 7.310146808624268
0.99993485469879 -0.0066532499670085 0.0033279620733049475 0.008657094883681504 4.290109579583487 -0.3603886855206189 -0.035986494255868216
9.24476146697998 81788 675.3615112304688 16.3625545501709 80951 492.66802978515625 17.789474487304688
0.9999449115428372 -0.006121314239811602 0.002960241391140075 0.007996271785731425 4.329333337020802 -0.36183528486707206 -0.027742801664952292
3.4761605262756348 -1 419.2457275390625 4.937044143676758 -1 886.315673828125 8.4498291015625
0.9999625188558308 -0.004618723636953222 0.0019052262707049941 0.007070953848351722 4.376592523271498 -0.3638775646717819 0.0012913754265258645
5.940566062927246 -1 928.7701416015625 6.372391700744629 644366 981.2378540039062 6.146819114685059
0.9999801287232738 -0.004379611524839748 0.0011161052899322501 0.0043949369117163295 4.424179306691165 -0.3703006933437527 0.016946970782485592
4.564619541168213 83398 992.5591430664062 13.043351173400879 585969 1204.5943603515625 13.564373016357422
0.9999808282105466 -0.004991096819810417 0.0006424841929471151 0.003608237512485631 4.481240763515313 -0.35514993700746905 0.019233601217465136
2.9498233795166016 100376 842.6240234375 4.591033935546875 585308 848.7140502929688 4.699678421020508
0.999984124987765 -0.0036081594237598554 -0.0006300555667962921 0.004281820641940962 4.526077252763332 -0.34083123591065423 0.029014764426764986
4.741816520690918 87693 920.2809448242188 4.863613605499268 87565 920.2809448242188 4.863613605499268
0.9999878894041975 -0.0009134136961573786 -0.002443849290690622 0.004173046968651078 4.558894210114828 -0.3443458736985502 0.03741796097039528
5.093560218811035 84710 951.8873291015625 4.973386764526367 -1 986.9912719726562 14.042354583740234
0.9999786698912945 0.0016137217214812216 -0.003978415355809877 0.004922182026292008 4.58912703974282 -0.3388114506694503 0.0433779585504276
5.22846794128418 -1 997.6544799804688 6.572402000427246 644366 1264.8555908203125 8.536886215209961
0.9999784805727985 0.001523449449829958 -0.0038023056807868437 0.005124447736175716 4.616635351161737 -0.33045018324235004 0.038986601808188186
7.256702423095703 85930 1057.120361328125 7.31187629699707 -1 1057.120361328125 7.31187629699707
0.9999876406332697 0.0006891215987446516 -0.001635130087557802 0.004644355899995297 4.644500355570823 -0.3230612725877956 0.021480642677391183
5.860964298248291 84710 178.18972778320312 10.884787559509277 -1 1020.6526489257812 14.07376480102539
0.9999967056667497 0.0007450839908274262 0.00013659785373754907 0.0024525184038081626 4.6621639187543344 -0.32344844383091853 0.004396280312910074
5.298553943634033 -1 992.5973510742188 5.49437952041626 -1 992.5973510742188 5.49437952041626
0.9999946040375479 0.0016310711797920088 -0.0009293412551741871 0.002695890840826117 4.667361681805019 -0.30234433224019464 0.013055716931343764
6.115927219390869 585308 1208.1328125 5.728273868560791 663532 1208.1328125 5.728273868560791
0.9999861687833153 0.0030497397783033624 -0.003232480480055013 0.0028128987357680033 4.662904921668719 -0.2824915842969808 0.02632313984252343
5.021799087524414 -1 400.8893127441406 7.927123069763184 -1 913.3661499023438 7.443970203399658
0.9999715104729004 0.004230623006010397 -0.004701961030764972 0.004119664305763216 4.662676244014454 -0.24764509954253366 0.034617049164120506
8.60766315460205 584762 1340.319580078125 10.174087524414062 606686 739.8724975585938 11.736207962036133
0.9999644695554891 0.0061532875936641035 -0.0046439780742402485 0.0034102999933709474 4.668562021263651 -0.2315574955811381 0.026508623655014524
4.639949321746826 -1 452.4935607910156 4.646371364593506 -1 488.79888916015625 8.409078598022461
0.9999528785119283 0.008006585229211742 -0.0038233941850546503 0.003939163056034206 4.67914678789143 -0.19913860150853832 0.014342008127481268
5.7577619552612305 94948 493.2357177734375 6.050392150878906 95115 493.2357177734375 6.050392150878906
0.999948389493666 0.00809964502416915 -0.00426361663343175 0.004408590784951643 4.678670935539582 -0.15602522778938657 0.01802482469793728
5.9320807456970215 356456 670.734375 7.095538139343262 616902 670.734375 7.095538139343262
0.999937818849315 0.008287260884873955 -0.0053997567057451935 0.005149987322252985 4.672617210512458 -0.09636420335998892 0.02734258058361627
6.609921455383301 -1 793.4115600585938 6.609921455383301 -1 955.9835205078125 9.617401123046875
0.9999382018411108 0.008120125406491048 -0.0055222098145899096 0.005211646660365392 4.668073058998262 -0.04435436533984678 0.03556619778184184
2.53468918800354 102335 1081.07861328125 4.560759544372559 -1 887.2517700195312 5.031230926513672
0.9999459404006938 0.006854594555572452 -0.005331661260236681 0.005718758419173357 4.663318132653698 0.0242433051673212 0.0384414007607462
0.5 -1 0.5 0.5 -1 0.5 0.5
0.9999444768481245 0.005819683109136593 -0.0059720024205925605 0.0064428019159517265 4.652315860790562 0.09528148586635429 0.04335202504015793
5.888325214385986 -1 909.26904296875 5.153202533721924 104659 1075.1260986328125 6.543216705322266
0.9999299777399665 0.005732697759214725 -0.007129739967347388 0.0075061708846582455 4.636755153493238 0.15907195034667526 0.047119572926229716
4.443578243255615 -1 1006.4351806640625 4.443578243255615 -1 1312.4947509765625 4.762288570404053
0.9999237688053187 0.00576023922549116 -0.008024300452867495 0.007408564265405221 4.622534785871215 0.1999005710671031 0.04407177090011605
4.023731708526611 -1 895.2678833007812 7.225536823272705 125710 897.4227905273438 15.915390014648438
0.9999180492515611 0.005979831313366092 -0.008215293045030833 0.007787512992003095 4.616206345005734 0.2398078683896281 0.039697543247998214
5.771159648895264 -1 351.7921447753906 5.771159648895264 -1 886.5029296875 5.400507926940918
0.9999155122658859 0.006454963968365124 -0.007243602508378339 0.008650548706230292 4.6188559956410415 0.29366945646677906 0.02205819599498107
3.91987681388855 -1 1027.1644287109375 5.753007411956787 114804 1043.13623046875 7.554615497589111
0.9999147413453939 0.006994775425874537 -0.006526072570059317 0.008887830653540981 4.627263722316325 0.34197123108969785 0.006062171546474044
3.0856833457946777 -1 753.1657104492188 5.148386478424072 -1 722.5469970703125 6.373772144317627
0.9998948130299463 0.0076871423165011795 -0.005555950111872241 0.010972790764841683 4.641837767256827 0.39963170443491763 -0.01485703031612145
4.691248893737793 -1 984.8328247070312 7.27660608291626 583767 885.9798583984375 9.471086502075195
0.999875846561211 0.008334684810958132 -0.0046010955714903745 0.012556050818058214 4.661189815331234 0.4516416133987197 -0.03564010303380797
5.467355728149414 -1 562.6625366210938 6.493351459503174 114517 889.1223754882812 6.7784013748168945
0.999877258377374 0.008378150571017014 -0.002519063202845399 0.012997272534484188 4.688515726455651 0.505256118737294 -0.06385701353758452
5.31471586227417 -1 1005.3070678710938 8.883877754211426 114513 1037.580078125 9.17710018157959
0.999879104722424 0.008235749090338609 -0.0007624805348873138 0.013166890287338577 4.704639775729728 0.5473630244383278 -0.08307961226051683
4.469242095947266 -1 1139.2822265625 5.176129341125488 358437 1139.2822265625 5.176129341125488
0.9999029971330408 0.0071846025538286635 -0.0004821573961367588 0.011922471838976444 4.706340698572169 0.573026124765675 -0.0878069928956932
5.4283318519592285 -1 373.13909912109375 5.132758140563965 -1 1046.2967529296875 6.157116889953613
0.9998851503683397 0.0055570887634482325 -0.0017070589656155422 0.013996098993856178 4.694175623310544 0.6333931409716788 -0.07669405473942717
4.479402542114258 -1 1021.5001831054688 5.749621391296387 118272 377.3753967285156 10.198799133300781
0.9998322879319416 0.005022525845154791 -0.002673628905342346 0.017407525711323524 4.681109295207856 0.7000643642518932 -0.06077752054663413
3.345625638961792 -1 237.36695861816406 5.588289260864258 354060 314.862060546875 7.1831254959106445
0.9998692256094243 0.003365577571827165 -0.0028152692051871004 0.015565308417136128 4.663765730298036 0.7249708309390562 -0.04785950456919086
0.5 -1 0.5 0.5 -1 0.5 0.5
0.999919711012656 0.0008645951927584045 -0.003370270376913592 0.012184632990191398 4.632264479524158 0.7351068580463181 -0.03278168060290974
28.881345748901367 585195 1067.773193359375 28.881345748901367 585196 1021.0335693359375 64.9473648071289
0.9999251335813233 -0.0014072288077669826 -0.004921121896743724 0.011114382516949576 4.572113476880173 0.7774050341303069 0.0014791027755128694
13.440133094787598 -1 815.2054443359375 52.08440399169922 -1 815.2054443359375 52.08440399169922
0.999878068694279 -0.0024582720576993866 -0.005278010312796397 0.014489556577999264 4.521859994318574 0.8576352364469241 0.02220519007897152
37.06666946411133 354455 1214.0518798828125 64.40538787841797 125376 308.6854553222656 67.64803314208984
0.9998407630886539 -0.004256186638569309 -0.0030936721085797914 0.017051760451067748 4.487979953875478 0.9298509246434146 0.012536242902768387
2.3302998542785645 -1 592.2339477539062 4.343233585357666 -1 803.381591796875 5.682302951812744
0.999839638591606 -0.004343117711364526 0.000664449582648605 0.017360672115570155 4.458802009467405 0.9691966584318598 -0.01641286277538782
9.384175300598145 355719 571.750244140625 11.42895221710205 372764 576.5841674804688 13.666850090026855
0.9997489369679694 -0.0043424341566385425 0.004223820879626354 0.02157233492664322 4.422643108765693 1.0293122184870478 -0.045628694182290826
0.5 -1 0.5 0.5 -1 0.5 0.5
0.9997322648818845 -0.005031527373420225 0.006598030267349819 0.021599728771888094 4.3806088385837505 1.0483854912641488 -0.06456072349854794
0.5 -1 0.5 0.5 -1 0.5 0.5
0.9996941116869579 -0.005631721842071326 0.008577988849961147 0.022502997018346113 4.3255884013323564 1.0679134636990502 -0.07545645628839887
10.952238082885742 644095 674.4949951171875 10.952238082885742 613524 590.7914428710938 18.276260375976562
0.9995879395778091 -0.005337431856577736 0.010956696916083206 0.02598872187037585 4.241457773674921 1.1100753923075792 -0.07562395112097285
0.5 -1 0.5 0.5 -1 0.5 0.5
0.9994927562328986 -0.0058403380068582315 0.012214760856481105 0.028825688320457288 4.161366402882241 1.1515434358197665 -0.07120586042492608
0.5 -1 0.5 0.5 -1 0.5 0.5
0.99936060681717 -0.006415258223979153 0.013474894762091294 0.0324907558405174 4.091737242353404 1.1922539154730496 -0.07280856270848939
0.5 -1 0.5 0.5 -1 0.5 0.5
0.9993352439044502 -0.006586041075644553 0.014865515481873778 0.0326299065711395 4.033213423609707 1.1999780987863924 -0.0816919829704051
50.02534484863281 611895 1141.6546630859375 89.60304260253906 -1 666.5404052734375 102.1038818359375
0.9993159960760764 -0.006790234442452763 0.01703165038045966 0.03211472540772727 3.970716236575861 1.201041609142419 -0.09457366950563605
26.398794174194336 388579 1070.96630859375 36.39884567260742 -1 979.1284790039062 39.580055236816406
0.9993049031235721 -0.0064570244084058296 0.019269000687832986 0.03125256855795536 3.9149823011235116 1.1972860631331688 -0.1092079261690726
58.26487350463867 611895 1241.9783935546875 61.85520935058594 388580 824.74853515625 74.484619140625
0.999345934230646 -0.005749768732488723 0.020639981654681002 0.029131341429718863 3.8630218291148846 1.1780196759779646 -0.11434770043537884
61.239501953125 894800 478.3223571777344 70.3293685913086 618104 804.7691650390625 72.3513412475586
0.9993857513364908 -0.00532959781965537 0.020661846685293268 0.027799343593544093 3.7904634119797236 1.1629156559750213 -0.10511039459663582
0.5 -1 0.5 0.5 -1 0.5 0.5
0.9993832049774793 -0.00618403935175996 0.019773150654801737 0.02835471353091007 3.7265434253241554 1.1686261225860661 -0.08983776535520553
33.8592643737793 388579 1168.9815673828125 62.404937744140625 388580 1151.984130859375 65.75514221191406
0.9993529714605468 -0.006712725131708911 0.019770941275728666 0.029286304569768842 3.6762028926565145 1.1748781606081709 -0.08381206346354582
8.790082931518555 708858 694.6322631835938 8.482305526733398 399375 1389.7186279296875 9.151729583740234
0.9993016903536484 -0.006795887171364721 0.02111047816094796 0.03007150288415026 3.646895611875147 1.1754529651162218 -0.09074315839487161
4.565728664398193 -1 836.9310302734375 6.17533540725708 557412 1116.6134033203125 6.110199928283691
0.9992461847731626 -0.007355730092104378 0.02311682833573883 0.0303078817931365 3.6205339440415134 1.1739098564368708 -0.10492321960429077
3.640810966491699 390023 831.9447021484375 5.657082557678223 564924 365.604248046875 6.282170295715332
0.999197945527614 -0.008269484618212737 0.02524929601002869 0.0299592110801111 3.583347549064782 1.1710154069663732 -0.11825531503521845
0.5 -1 0.5 0.5 -1 0.5 0.5
0.9991629017468304 -0.008988033956724432 0.02701034682114043 0.029379451714561015 3.54048200421828 1.166636048539854 -0.12636522848689624
10.57833194732666 381206 501.9667053222656 17.117734909057617 399755 1040.2724609375 39.44383239746094
0.9991451241962293 -0.009481864326358768 0.028608889950460837 0.028295696838931468 3.4836154949376192 1.1583639249763686 -0.1289856034663059
21.93599510192871 399755 484.8268127441406 21.93599510192871 592408 333.146484375 23.32326889038086
0.9991114854915658 -0.010075484677515999 0.029412338715719653 0.028454147300902524 3.4229854331234786 1.1587541444672946 -0.12802203751611213
7.734534740447998 632548 475.5828857421875 19.95998191833496 381206 468.0129699707031 25.52804946899414
0.9990872638678493 -0.010863062929271847 0.029312144528657335 0.02911067199465469 3.36840996842164 1.163243166308101 -0.12283823882464892
0.5 -1 0.5 0.5 -1 0.5 0.5
0.9990293134738083 -0.011337720306520437 0.029332535867990804 0.03084621950669711 3.3159654204592552 1.1749429303215568 -0.12054570497225536
10.406768798828125 -1 575.3161010742188 12.13038158416748 632548 430.41168212890625 15.254437446594238
0.9989719487285884 -0.010983784945965904 0.02981227678017184 0.03233620687170575 3.256311036464015 1.1843391803343999 -0.12987094744649233
0.5 -1 0.5 0.5 -1 0.5 0.5
0.9989907211810225 -0.010486208469371282 0.029147154204079526 0.03252724746979058 3.194025431420005 1.186889218938951 -0.139500596254275
0.5 -1 0.5 0.5 -1 0.5 0.5
0.9989567848401696 -0.011501617680432088 0.029013247593310185 0.033335960712324385 3.1206255439526935 1.2067500380687688 -0.1551228432197066
21.201108932495117 537808 373.40948486328125 22.78647232055664 399755 994.1248779296875 90.96379852294922
0.999018687720974 -0.011940826097145597 0.02813705818005223 0.032052834716344895 3.032835843684483 1.1985717565957505 -0.1697514517791042
56.28514099121094 390548 1246.8177490234375 100.27854919433594 556475 1113.404296875 100.8956298828125
0.9989512956987697 -0.012429153028333948 0.027841726975850963 0.034156452036908896 2.962816786246449 1.1985136186311498 -0.1875483743529226
6.953670501708984 399755 237.28309631347656 28.083171844482422 635975 354.2694396972656 28.634506225585938
0.9988748957767584 -0.011995493782613532 0.02916880969480168 0.03541512751452089 2.90577141803472 1.1832704967825307 -0.2086917662983514
5.245178699493408 380527 312.2958984375 8.129535675048828 -1 229.69125366210938 11.82303237915039
0.9988588430191333 -0.012091716790987599 0.03132171402005715 0.033966930069861574 2.859744453655757 1.1559234563086906 -0.23120499193350966
4.0602898597717285 -1 416.3244934082031 4.0602898597717285 -1 195.4022674560547 5.790135383605957
0.9988729524404719 -0.01278737492006031 0.03296051885511502 0.03166878782508636 2.8179998411430516 1.1340148908655465 -0.23332554216836976
4.391423225402832 380527 311.51202392578125 4.391423225402832 -1 732.7535400390625 10.67033576965332
0.9988096367371267 -0.014408017575541762 0.0338973510350565 0.031979496296814555 2.7649110349657593 1.1397024275867071 -0.23111623777631865
4.321845531463623 585478 230.874755859375 8.09442138671875 -1 657.4771118164062 14.821518898010254
0.9988049682237188 -0.016826555080974297 0.03369034561265985 0.03115225687205879 2.720740402298316 1.164277710360604 -0.235328531036242
0.5 -1 0.5 0.5 -1 0.5 0.5
0.9986514391764555 -0.021530714258215188 0.03356241770099257 0.03324598460550345 2.681324456240927 1.2001112668579834 -0.22412374337769084
5.550942897796631 -1 394.0377502441406 5.443296432495117 -1 354.6480407714844 10.399925231933594
0.9984124616756579 -0.02109307696214972 0.03249241915314969 0.04088864356514932 2.66052121600998 1.2409748506121 -0.20478754564115098
5.405670642852783 -1 1326.0982666015625 5.364403247833252 -1 255.3893585205078 7.67925500869751
0.998283768671773 -0.019186340049235435 0.029949670117856906 0.04652331481986817 2.654956554410583 1.253760755897811 -0.18441414208467155
3.3306870460510254 -1 452.5747375488281 4.149258613586426 -1 1189.78369140625 5.047121047973633
0.9983191078601494 -0.017160789608886888 0.024996606277718242 0.04939267006258733 2.6415290566008904 1.2352551730030787 -0.14228505336324274
5.19913911819458 562501 540.5621337890625 5.198812007904053 564924 289.25341796875 6.0558762550354
0.9985277191693127 -0.017761823900502047 0.02119051802266596 0.04666769340977621 2.6148693832859333 1.1946599231988602 -0.10873460143410602
7.652551174163818 866399 152.41444396972656 8.471549987792969 635975 593.8142700195312 12.666146278381348
0.9985798703235108 -0.01873235971131253 0.018892930248960566 0.046156239783308635 2.5830658663719963 1.1709127212588806 -0.07993048765122013
9.666019439697266 866399 602.8460693359375 23.243581771850586 643980 1144.7760009765625 23.830644607543945
0.9987643219628809 -0.018055779611962988 0.018117930480165644 0.04260937211162527 2.551630593433292 1.1268337686253602 -0.05434939102917418
4.644863128662109 571819 561.5689086914062 8.72950267791748 584600 507.74957275390625 9.33884334564209
0.9985955896376405 -0.01662930839140852 0.018119697432283317 0.046925377181639284 2.5204699619284088 1.1274661608771128 -0.028474651813298984
4.3511528968811035 562810 1057.9151611328125 4.193027973175049 -1 944.3570556640625 5.7966790199279785
0.9983818288486831 -0.01811084195262755 0.0215189693722555 0.049423225164712065 2.4943897431319684 1.1326300348901244 -0.035424164169687654
4.718844413757324 -1 345.6586608886719 6.6563310623168945 371478 1173.2288818359375 7.2768144607543945
0.9980359438777582 -0.01985402358442245 0.026210536717777715 0.05332054238759805 2.464139135380682 1.149540249719983 -0.06026472707005305
3.194598436355591 557412 505.97772216796875 3.194598436355591 -1 938.0866088867188 4.646171569824219
0.9979186201264258 -0.018542892960623013 0.030184637453544622 0.05388391585082942 2.4202637212786304 1.1304133601339144 -0.07521543496535932
4.393413543701172 -1 551.1430053710938 4.393413543701172 -1 350.0134582519531 5.655518531799316
0.9978794495232328 -0.0161168825843467 0.03206252089557613 0.05430326941163749 2.350583592939644 1.1025305236958738 -0.08584244645430605
40.386810302734375 808409 762.7061767578125 40.386810302734375 570712 520.0514526367188 113.69983673095703
0.9979539312198447 -0.014164287860640792 0.03141836048775813 0.05385360467526564 2.2723021130872354 1.0710527268699201 -0.087496300536682
23.917709350585938 570712 512.6170043945312 62.68241882324219 710063 556.5449829101562 83.92337036132812
0.9980663915104745 -0.012477849358563808 0.029388775655469195 0.05332992854033961 2.188455953068939 1.0443860924722115 -0.08090219681302017
23.29661750793457 584759 570.230224609375 89.19951629638672 544786 1140.9130859375 110.15755462646484
0.9980778300313068 -0.012006599125427285 0.028305321145542465 0.05380795082779933 2.1228994308848943 1.0307935112855529 -0.077790005704524
15.82392406463623 544601 823.2692260742188 15.82392406463623 551696 828.6251220703125 16.19922637939453
0.9979757838358975 -0.011520058073877583 0.028368763273987505 0.05573900258710402 2.0670464693186714 1.0260247544667491 -0.07842306799457682
2.9088385105133057 -1 1387.4365234375 4.290518283843994 -1 1185.851318359375 5.584201812744141
0.9979768155263502 -0.010596622198440677 0.02982626494449921 0.055139651697570756 2.0180409122768053 1.0091711948038407 -0.07880073101045804
3.8170862197875977 -1 615.4822387695312 4.748137950897217 584759 791.7257690429688 4.375483512878418
0.9978707899781989 -0.010629582006449784 0.03134270033997475 0.056200833001409135 1.9716662501479556 1.0134827776962758 -0.08034159692781558
0.9069254398345947 -1 779.8833618164062 5.639528751373291 544601 779.8833618164062 5.639528751373291
0.9976175619065127 -0.012885321659949713 0.03263929608406291 0.059395664930713604 1.9220910177441124 1.0391088031566305 -0.08492532439198043
5.39940881729126 555912 811.1109619140625 7.864070892333984 395286 857.3174438476562 8.907937049865723
0.9974423140592228 -0.014197947984201272 0.03374442669377939 0.06138861510352679 1.8708651038774016 1.0552463136398174 -0.08621969477349405
5.629210472106934 -1 802.6375122070312 9.669363021850586 393771 844.6297607421875 17.333438873291016
0.9972614704676602 -0.013598912944746773 0.03507675784912793 0.06367299385292885 1.8126566876860157 1.0593305473804477 -0.08784205206540129
10.171039581298828 -1 750.8348999023438 11.214218139648438 555912 783.4725952148438 13.068817138671875
0.9970931046464889 -0.013187806128142144 0.03635045874634099 0.06565109736236795 1.748479542446927 1.063080566727534 -0.09467229637308829
0.5 -1 0.5 0.5 -1 0.5 0.5
0.9970531514647827 -0.01389931111079321 0.037154685188297 0.06566088389101393 1.6817444576991734 1.0654699293795749 -0.10649756009967803
20.178443908691406 -1 663.68359375 20.178443908691406 -1 865.656494140625 56.6801872253418
0.997067987797962 -0.013227800230041028 0.037961469911417106 0.06511051997766527 1.616731738192622 1.0593079714807885 -0.11550811465239479
27.11438751220703 557417 702.8783569335938 27.11438751220703 584744 755.0374755859375 30.479902267456055
0.9969566134074063 -0.011679934070105199 0.03891091105354509 0.06653593859213616 1.559629811997451 1.0589106422755912 -0.11796535335241945
12.00210189819336 394749 687.0927124023438 21.424211502075195 557417 738.8898315429688 24.176963806152344
0.9969284773187227 -0.01123390417486459 0.039804334089743904 0.0665058305386462 1.5069995435972103 1.061838010899733 -0.12029773346270664
0.5 -1 0.5 0.5 -1 0.5 0.5
0.9969684581487284 -0.010640119120170623 0.041062339113834646 0.06522703142222812 1.4617993210912283 1.0641829277865291 -0.11838592788861807
11.39291000366211 566308 1254.490478515625 27.205795288085938 -1 700.0277709960938 41.52446746826172
0.9970005290526943 -0.01029385859601665 0.042440615004271084 0.06389660195904087 1.412249648249807 1.0699746135732382 -0.11380457475156189
3.366741418838501 -1 558.8525390625 3.4754204750061035 -1 618.489013671875 18.01655387878418
0.9969099113616786 -0.011096337182502353 0.043405127789596154 0.06452514867515781 1.3525103125945042 1.0830219598688093 -0.10449953685654848
12.562607765197754 855417 602.194091796875 27.134809494018555 544601 602.194091796875 27.134809494018555
0.996951035243904 -0.011510710948493711 0.04223960379569037 0.06459065513486725 1.2697205620524152 1.0897936426418449 -0.08759000308330209
18.947980880737305 855417 574.12158203125 34.24195098876953 544601 1167.0396728515625 60.99101638793945
0.9969796577704886 -0.011111626391273091 0.04168462403401415 0.06457929908200621 1.2014022126425383 1.0854588203971074 -0.07173452113119337
19.555185317993164 -1 497.37823486328125 20.0158748626709 855417 1439.1619873046875 28.853120803833008
0.9970671167628696 -0.011478405092213996 0.042353938189355914 0.0627021116595714 1.1502800928544217 1.0735723048552066 -0.06736719429901011
62.19318389892578 571866 1408.07373046875 61.91575241088867 544602 593.8892211914062 65.7068099975586
0.9972171483022749 -0.012553066533987193 0.04397690477998831 0.05887623882725358 1.0997238498779662 1.0558300241354868 -0.0705557310741381
0.5 -1 0.5 0.5 -1 0.5 0.5
0.997328654000691 -0.012474766061462455 0.04580572729661594 0.0555137052241145 1.0534007813671404 1.0372347520984264 -0.06908952706972388
0.5 -1 0.5 0.5 -1 0.5 0.5
0.997399743417146 -0.012005471664464511 0.04708871111716211 0.05321911091750643 0.9975912633074657 1.0166004091740113 -0.05730763797747088
0.5 -1 0.5 0.5 -1 0.5 0.5
0.9973868406702697 -0.011560240866509692 0.04699334347976898 0.05364211552016541 0.9338879838152291 1.0039145887157856 -0.03745986713157983
0.5 -1 0.5 0.5 -1 0.5 0.5
0.9974943090718655 -0.012139517401327739 0.04704213262907351 0.051427358907619666 0.8799850559285237 1.0034217097706948 -0.02602870736424957
28.94300651550293 537251 1187.783203125 40.99275207519531 -1 1489.042236328125 40.985504150390625
0.9976600214598913 -0.013030550821374226 0.047058060863711816 0.04785629774322261 0.8348405843524628 1.0046364586577463 -0.0216274129214151
0.5 -1 0.5 0.5 -1 0.5 0.5
0.9976292220677727 -0.013288360657810189 0.04596016138896999 0.04946734592211916 0.7917392774468801 1.001382709696852 -0.018119745878903026
3.2110259532928467 -1 593.0607299804688 3.2110259532928467 -1 1482.5550537109375 6.0367655754089355
0.9973072213662538 -0.014570778597583293 0.04525217586814416 0.055841196271040075 0.7554512638379106 0.9986439859609115 -0.0015393559671770824
0.5 -1 0.5 0.5 -1 0.5 0.5
0.9970267920230389 -0.017754641133221134 0.04463446975338573 0.060250417561312754 0.7078978454997339 0.9863833690815063 0.024134994306712433
0.5 -1 0.5 0.5 -1 0.5 0.5
0.996750523613353 -0.020556384346722526 0.04540269118894204 0.06328052126758982 0.6676450648341358 0.9819164367954529 0.02748388377249795
3.022887706756592 -1 579.2257690429688 3.022887706756592 -1 1470.7125244140625 3.150521993637085
0.9966600248576338 -0.02310805349774151 0.04806506923735408 0.06184304191689405 0.6426217927963144 0.982830387067501 0.020250519705558617
0.5 -1 0.5 0.5 -1 0.5 0.5
0.9966369704044084 -0.026603800865616596 0.05053437491472432 0.05876447868060412 0.6069736459300386 0.9799024958797555 0.013090117730155981
29.077667236328125 -1 1340.1683349609375 31.094942092895508 532673 1348.1895751953125 33.742183685302734
0.9969315606286314 -0.025634652898601843 0.049178493837966714 0.05524313294119639 0.5450505110476846 0.9584711161537612 0.01720497817760196
0.5 -1 0.5 0.5 -1 0.5 0.5
0.9969572215940907 -0.023537999676394812 0.04769488094217826 0.05698648273526483 0.5153196016305643 0.9311878682424068 0.025385018559927044
3.471458673477173 -1 693.4747314453125 3.471458673477173 -1 1210.4566650390625 10.39952278137207
0.9968380411421431 -0.0228965708527767 0.047368496906810574 0.05954739520640816 0.49111515087567276 0.9122102950985822 0.02326655331467284
4.628462791442871 -1 535.0044555664062 4.628462791442871 -1 1164.9781494140625 7.994729518890381
0.9971870346605064 -0.02278122673653005 0.046843811490358385 0.053895184742429776 0.46597538764508123 0.8978187147005973 0.024796977980487998
0.5 -1 0.5 0.5 -1 0.5 0.5
0.9972887252322575 -0.02319174694917343 0.04715704174929756 0.05151266651532767 0.42643369193195735 0.8918177446271612 0.031035999031070467
14.018658638000488 -1 1187.530029296875 14.018658638000488 -1 1183.442626953125 31.68776512145996
0.9975400489253636 -0.02326692062818019 0.04769442841000957 0.04580112109007455 0.37565597572292797 0.8858999689606368 0.04080774884672277
39.86566925048828 -1 1093.3392333984375 90.2154769897461 526951 1093.3392333984375 90.2154769897461
0.9976928920334733 -0.02503821686821239 0.047466561704805794 0.04158012027241377 0.2980255968467259 0.888010411508367 0.05402687825152947
4.963935375213623 -1 1335.98828125 43.48910140991211 524149 1327.3455810546875 62.06537628173828
0.9975783352134839 -0.024972860577440244 0.046593196903041006 0.04519839985694233 0.23004226445870604 0.8961791717545876 0.07887293857146259
25.767499923706055 -1 1298.52099609375 25.767499923706055 -1 1294.923828125 62.052978515625
0.9976847108900343 -0.024015072758201472 0.04594928429910455 0.04401314813879091 0.15577933692445692 0.902097418649807 0.10504690086824961
0.5 -1 0.5 0.5 -1 0.5 0.5
0.9975393610958161 -0.02533740314130519 0.04618529580486082 0.04626183651805985 0.098445968981704 0.9200800010312885 0.11088087741171358
0.5 -1 0.5 0.5 -1 0.5 0.5
0.9972748459915918 -0.028184194067873706 0.0471976528223675 0.0492027877792593 0.04177613970976857 0.9476324356656872 0.10767024751392655
0.5 -1 0.5 0.5 -1 0.5 0.5
0.9970163295607831 -0.02879064809678856 0.0489821339994944 0.05225215517245633 -0.018403888228554075 0.955438914122833 0.10961704755903247
3.870784282684326 -1 414.99517822265625 3.870784282684326 -1 1202.550537109375 4.808876037597656
0.997030776652438 -0.026589914775595507 0.05025624015643333 0.05193185116478779 -0.07633593768497689 0.9355651352842602 0.11932139877394692
6.8680901527404785 -1 538.6624755859375 6.8680901527404785 -1 792.9537963867188 17.00731086730957
0.9971357554576079 -0.0246031821615985 0.05038033580544461 0.0507620958948657 -0.13814913378855828 0.9146120668115202 0.13005854021209884
11.199690818786621 -1 454.43145751953125 11.199690818786621 -1 1102.8145751953125 23.151506423950195
0.9971319002885454 -0.02470733573101471 0.04997463153387574 0.05118649422536165 -0.20455037760642927 0.9027623722283963 0.13935765047407395
21.694067001342773 506422 1534.98388671875 64.97748565673828 -1 1540.3702392578125 88.48811340332031
0.9971303862529336 -0.02517125678904487 0.049394443418277215 0.051551814731726 -0.26002531058127054 0.8963044773720582 0.14808986220024836
15.363921165466309 -1 1025.821044921875 24.58749008178711 506422 1571.25634765625 27.927358627319336
0.9971970792926036 -0.025716742221684262 0.04818110961146358 0.0511391718393293 -0.32180052110696883 0.8949227679850197 0.15640059118821503
30.333974838256836 506422 1531.7747802734375 35.80711364746094 511467 604.5684814453125 37.455787658691406
0.9972522462373069 -0.0264162061849936 0.04641353955401126 0.05134125798522972 -0.3846776683949192 0.8966403927098775 0.16088379083555057
9.536368370056152 -1 1544.21337890625 14.0520658493042 -1 1497.68798828125 15.05335521697998
0.997256265089516 -0.026979344715185857 0.0446098330608113 0.05255491882530924 -0.44148806941522145 0.899420123900651 0.1640730438035146
0.5 -1 0.5 0.5 -1 0.5 0.5
0.997310003431915 -0.02623438069358546 0.043010266661496405 0.05324125548824685 -0.4954244948223004 0.899154627246338 0.17129523607610667
4.341259479522705 -1 1465.88671875 8.936372756958008 -1 472.2143859863281 13.557547569274902
0.9973644051234293 -0.025401375809822494 0.041783295328014156 0.05360195641287899 -0.5426403057056748 0.9025482349434409 0.17854844326602057
3.3390910625457764 -1 1252.3526611328125 3.7697291374206543 -1 1252.3526611328125 3.7697291374206543
0.9974345038762297 -0.025137114474357312 0.04037609608857331 0.05350053100417845 -0.6013206999059367 0.9080961413197943 0.1816783983202598
0.5 -1 0.5 0.5 -1 0.5 0.5
0.9975223363450836 -0.02399926167307701 0.03925206289488636 0.053221231574335115 -0.6524405181204465 0.9041141259666025 0.1833691331653025
4.875607967376709 -1 1487.742919921875 4.875607967376709 -1 1301.474609375 14.622963905334473
0.9976282842685352 -0.022316135781901187 0.03824369149095907 0.0526993033381567 -0.712770824374151 0.8930292534737319 0.18581205421320024
5.130239486694336 -1 363.775634765625 15.266186714172363 506420 1572.9383544921875 34.706993103027344
0.9977699886817417 -0.02102099946541173 0.03761240823033631 0.05097522942201314 -0.7793706166017891 0.8864123941661266 0.18966254948080447
8.925366401672363 506420 313.54876708984375 8.925366401672363 -1 1528.892822265625 17.789291381835938
0.9978429803988887 -0.02099231280250334 0.03613871925484732 0.05062313939775158 -0.8443891899947261 0.8841448999281399 0.1871440347440342
0.5 -1 0.5 0.5 -1 0.5 0.5
0.9978523222905586 -0.022343534706628643 0.03506235240938292 0.05061759377601079 -0.8917006470467281 0.8878626573296136 0.18282601603374218
0.5 -1 0.5 0.5 -1 0.5 0.5
0.9977140544818992 -0.0238703157392128 0.03574174330758424 0.05214787916238809 -0.931658233121976 0.8966896115820145 0.18183842538591796
5.894076347351074 -1 1354.3704833984375 5.497501850128174 503487 1445.877197265625 6.911445140838623
0.9977401095424808 -0.024384525819152635 0.036416988827279756 0.05093006612490674 -0.9614270725334949 0.9042090097233481 0.18582048151414182
0.5 -1 0.5 0.5 -1 0.5 0.5
0.9977729898166049 -0.024097196684611678 0.03695966811446926 0.05002368276371596 -0.9950203877494347 0.9064193443917251 0.18692419332261048
0.5 -1 0.5 0.5 -1 0.5 0.5
0.9977816491080704 -0.024291577432771085 0.03716923136555527 0.049599881135956904 -1.0363565689121839 0.907624932517631 0.17827166630068758
4.661667823791504 -1 1373.0858154296875 7.632537841796875 -1 1366.857421875 10.398262977600098
0.997898100972796 -0.024500946371188447 0.03677392112176819 0.0474000256026705 -1.0882392073482077 0.9115114434254624 0.15872961600666047
9.850088119506836 -1 8.981745719909668 23.245439529418945 -1 56.52260208129883 27.05559730529785
0.9979906834062866 -0.024449776706309403 0.036750946896647034 0.04545516643313891 -1.1468018152674626 0.9091908868941331 0.13430382028527407
5.0702805519104 -1 878.4247436523438 6.936925411224365 -1 1251.4788818359375 7.565861225128174
0.9980222431303291 -0.023954819884952773 0.03690304056041094 0.04489915833044718 -1.2039531472697385 0.8983169684372666 0.10944307899134484
0.5 -1 0.5 0.5 -1 0.5 0.5
0.9982193913665417 -0.02195686091199365 0.035826166264596934 0.04233708503763478 -1.2696713797488877 0.887881007218298 0.08239826451588052
29.523536682128906 -1 1195.0108642578125 30.800554275512695 -1 542.731201171875 42.50254440307617
0.9982357331823428 -0.020810975156357932 0.03437044626102476 0.0437149486419708 -1.3288397792905784 0.8785132589053946 0.0586407097241771
7.111856460571289 -1 725.7678833007812 7.111856460571289 -1 1163.3646240234375 10.58417797088623
0.9981438677924888 -0.02241486273253838 0.031539803152412046 0.04702801222717394 -1.3915501644367407 0.8712636934466376 0.03229312215564818
26.655210494995117 496896 1111.26904296875 44.69596862792969 -1 701.3546752929688 53.784751892089844
0.9980624032916212 -0.024397586741172737 0.027936417975589083 0.04995751642799558 -1.463490857886361 0.8595282225495954 0.014541686241694126
13.46662712097168 -1 57.96376419067383 26.850536346435547 -1 988.5007934570312 27.93162727355957
0.997872448121499 -0.025890561265831422 0.026956384425636647 0.05341918621660181 -1.5176763586366078 0.8485269895535866 0.015074310220851013
8.42496395111084 499346 341.9214782714844 9.517084121704102 497728 13.128203392028809 10.34225082397461
0.9976941099717798 -0.02821712447408928 0.028521379016699315 0.054742924227866245 -1.5728087113819877 0.8439061855202585 0.03572401643997664
4.278679847717285 -1 566.213134765625 6.6281819343566895 -1 877.4556884765625 7.413138389587402
0.9975308773780989 -0.030082795189856786 0.03094278249351092 0.05540503878172809 -1.6174560047468916 0.8466737084234758 0.05901646513802692
5.564609050750732 -1 889.9007568359375 5.564609050750732 -1 408.3236999511719 5.887574672698975
0.99722586784112 -0.03346772547341456 0.032464400582816653 0.0580219144372158 -1.6799224048835093 0.8472317607841138 0.08211427881733033
1.1646486520767212 -1 556.0558471679688 5.65317964553833 -1 556.0558471679688 5.65317964553833
0.9971244627576127 -0.03418717762304976 0.032582063223964224 0.05926594142154504 -1.725536351487114 0.8422143928136627 0.09854945863528278
3.9722461700439453 -1 983.379638671875 3.9722461700439453 -1 736.857666015625 4.724893093109131
0.9972203822361563 -0.033636410739559655 0.0319169980424499 0.058321577150247446 -1.7651371414013266 0.8341010992498399 0.10795168151806887
3.4030749797821045 -1 715.3111572265625 4.737112045288086 -1 256.61505126953125 7.797468662261963
0.9973013213278589 -0.0325752297890637 0.03056750135716744 0.058262824705604586 -1.7996470945025607 0.8241526608391184 0.10464945206065653
0.5 -1 0.5 0.5 -1 0.5 0.5
0.9975158936173344 -0.03278446215466383 0.028966944775237757 0.05520993689933576 -1.8341658724235004 0.8303036305804923 0.09041764504751709
0.5 -1 0.5 0.5 -1 0.5 0.5
0.9974979501591671 -0.03329460438525105 0.027983593274916917 0.055733537968743516 -1.8743583867813054 0.8290551334030443 0.08458852541700329
11.523332595825195 500694 682.880615234375 15.562525749206543 500296 218.09910583496094 16.22488784790039
0.9976079433195908 -0.033639875107581235 0.02846057710280226 0.05326110944561794 -1.9098216891059732 0.8396201080811837 0.08546133257661036
0.5 -1 0.5 0.5 -1 0.5 0.5
0.9976491461324031 -0.034795318349436444 0.031028240028598865 0.05022663997298797 -1.9594109828292448 0.8539981111510797 0.08292654573317121
8.448452949523926 -1 321.69970703125 12.545459747314453 -1 241.4852752685547 20.707109451293945
0.9975587480828547 -0.03539175911934977 0.03347948786170382 0.05003090447237357 -2.0128740150296025 0.8510447449172241 0.08601667807166238
0.5 -1 0.5 0.5 -1 0.5 0.5
0.9976048934376762 -0.035951039375214905 0.035668472233926364 0.04711432314638524 -2.0891629768967737 0.8627628987304038 0.08934022794548953
49.37199783325195 499575 528.9943237304688 81.37277221679688 -1 528.9943237304688 81.37277221679688
0.9975676205044633 -0.035850256537414464 0.03751151062008759 0.04654554971491501 -2.190370546171376 0.8724239003028095 0.08779339294067642
57.567378997802734 669177 485.7182312011719 61.67759323120117 -1 213.9586639404297 102.19451141357422
0.9977083405091361 -0.032415379827251053 0.03825772612585484 0.04542748970436263 -2.2839507899768132 0.8729034757734975 0.09207645499702229
19.354812622070312 -1 411.95904541015625 49.24656677246094 -1 411.95904541015625 49.24656677246094
0.9978448975800142 -0.028143879299130155 0.03736076243121541 0.04601799498115455 -2.3798820006741073 0.8574728236759963 0.10368640907560032
26.072277069091797 -1 112.6180191040039 26.072277069091797 -1 106.98585510253906 31.0693416595459
0.9977914515211778 -0.026478657318702265 0.035655880407433324 0.04939390822997127 -2.47362542614901 0.8376990909448494 0.10874604688977235
2.9741592407226562 -1 238.951416015625 21.42144203186035 544232 267.16339111328125 54.24064636230469
0.9977946328857662 -0.02681734679049878 0.03436300409828689 0.050058809862185485 -2.55536359921773 0.8411718327319762 0.09969219836553576
3.984895706176758 -1 177.49327087402344 23.02876853942871 544232 186.914794921875 25.51335906982422
0.9978075878851526 -0.025781980152969116 0.03438250574454495 0.05033041184941599 -2.640057918367975 0.8329414999682809 0.09925125863805903
16.074649810791016 669177 200.88572692871094 16.521404266357422 -1 134.45680236816406 33.90990447998047
0.9978653530505349 -0.023149848992946125 0.03533186627229749 0.04980442649656473 -2.709663918189931 0.816848295952792 0.11223500022103097
19.574329376220703 512702 93.35133361816406 25.917661666870117 -1 93.35133361816406 25.917661666870117
0.9979349369579695 -0.02179330906742978 0.03646494342505529 0.04817905332810494 -2.774717058935639 0.8108935936008156 0.1252168034963088
0.5 -1 0.5 0.5 -1 0.5 0.5
0.9979445911174727 -0.02106150592589677 0.03755711147288861 0.04746018758208658 -2.838322910065791 0.8065947173970598 0.1356957267049072
0.5 -1 0.5 0.5 -1 0.5 0.5
0.9980157458226548 -0.020768912499628107 0.03754183930415437 0.04608506987402756 -2.90591874748371 0.8171916840150873 0.13944536980449726
9.906880378723145 -1 189.1000213623047 38.68402862548828 -1 51.514434814453125 66.30540466308594
0.9979392442497808 -0.021274838796191443 0.036775524332184666 0.048085411825892085 -2.9779581935039836 0.8148005730055736 0.13879059839308466
65.27821350097656 -1 879.6150512695312 79.34789276123047 734604 79.86740112304688 92.11811065673828
0.9978385538811725 -0.0205736015536302 0.03607093650688626 0.05092970495652823 -3.0382587503925214 0.8014190813593365 0.14124695917182734
0.5 -1 0.5 0.5 -1 0.5 0.5
0.9977042423596586 -0.01925039341673759 0.03662034070244445 0.053615462113808535 -3.0827047159305954 0.7841525916171305 0.15531182394969
0.5 -1 0.5 0.5 -1 0.5 0.5
0.9976013208000827 -0.019372091661286 0.03878507276787585 0.053963366583156355 -3.1184719959922615 0.784127149990765 0.17204921657538128
3.5477004051208496 -1 875.6636962890625 17.401168823242188 734901 890.2649536132812 36.81100082397461
0.9975955966022043 -0.019645165266346576 0.04090433180245854 0.052382523434294566 -3.160832374781344 0.7931050264765058 0.18654158825654185
71.66091918945312 -1 823.26904296875 103.44876861572266 781872 765.062744140625 111.34205627441406
0.9977025473139124 -0.019261122993626992 0.04174333188603707 0.04976073218318856 -3.2252611438119585 0.8039767570210559 0.19107204030289535
0.5 -1 0.5 0.5 -1 0.5 0.5
0.9978366148491439 -0.018754684957563345 0.04049164177003313 0.04827814003574613 -3.3033797713640407 0.8054944411870082 0.1843742000548399
106.41455078125 681264 48.32997512817383 128.4986114501953 674340 57.23418045043945 154.2117156982422
0.9979462317985403 -0.018899831552489463 0.038401907173603866 0.047659294285708434 -3.3851611592315485 0.79989085636828 0.17248717144592227
125.71752166748047 -1 8.65951156616211 148.8408660888672 673678 8.65951156616211 148.8408660888672
0.9980374340467474 -0.018326429431446002 0.036602738690573414 0.047388413626416825 -3.4635439747987586 0.7846728858212156 0.16739127600274994
5.468649387359619 -1 666.1690063476562 102.94517517089844 -1 1155.8048095703125 149.42347717285156
0.9981388190016803 -0.017326072903865616 0.034913012570183824 0.04690188432179604 -3.533769261978532 0.7732885417250231 0.16304778885761748
83.85680389404297 781872 687.3411254882812 115.31465911865234 685419 1126.734619140625 144.1392059326172
0.9982338808244204 -0.01793361994002064 0.03438858820473798 0.04499921611927002 -3.5954007840310003 0.7818929480813203 0.1616813233106227
0.5 -1 0.5 0.5 -1 0.5 0.5
0.9982660666445927 -0.01884490025430973 0.03548649979188518 0.043016720619536014 -3.643517611896731 0.7959280184815305 0.17127347475325952
24.46135711669922 686206 715.9775390625 55.03562927246094 -1 1148.489013671875 119.0017318725586
0.9983042909393082 -0.019594986088805375 0.036948825071704425 0.040489054547683166 -3.6989472915267387 0.8076115478978698 0.1778448748059598
0.5 -1 0.5 0.5 -1 0.5 0.5
0.9983476585040021 -0.019170415285723746 0.03784427236277879 0.0387589858830343 -3.753219879002132 0.8102921410509042 0.18149940114998578
0.5 -1 0.5 0.5 -1 0.5 0.5
0.9983686423576167 -0.018729708204591595 0.03790566659508259 0.03837202662829714 -3.8120622104805233 0.8018730850650484 0.1795195448286681
14.775897979736328 686206 591.1583251953125 80.38516998291016 781872 1077.9071044921875 97.3723373413086
0.9983967899105273 -0.017775838709792498 0.03746683195416621 0.03852409580815926 -3.885697338659679 0.7817925523190254 0.16860152134521794
4.079780578613281 -1 830.8832397460938 132.0491180419922 679167 1103.534423828125 144.0109405517578
0.9985154426567286 -0.016593551383345385 0.036334550146233366 0.037031949640767975 -3.9579957742524488 0.7738803212901894 0.154212686302215
117.58805847167969 678135 760.5662231445312 134.98658752441406 767321 774.871337890625 137.8534393310547
0.9985804244183928 -0.01726793469702647 0.03575782171994085 0.03550116315737637 -4.043377451883517 0.779559960827364 0.14560380936900783
92.6844482421875 688337 933.0108642578125 106.04646301269531 780232 960.1073608398438 108.08058166503906
0.9986136317487694 -0.018778434619010173 0.03541229366116843 0.034119705984196703 -4.108763230720829 0.7946914283799886 0.14098141346001528
76.6018295288086 855835 1387.9949951171875 96.69111633300781 688337 1523.453369140625 101.311767578125
0.9986333128497534 -0.019821434380179092 0.03440520259111616 0.03398380850497814 -4.17525824789261 0.7958162882597744 0.1327147678133389
0.5 -1 0.5 0.5 -1 0.5 0.5
0.9986130627217492 -0.019830309395005543 0.033121969459800796 0.03580006885315174 -4.231154535601611 0.7763381481987183 0.12258048291573906
29.335844039916992 793367 1273.1697998046875 111.23029327392578 854080 889.7448120117188 114.05421447753906
0.9986491865447729 -0.01966313110153249 0.03119246353156677 0.03660865618374204 -4.300552958262509 0.7661402817689373 0.09975953357216899
64.57158660888672 795565 891.6128540039062 75.66556549072266 855835 1315.1934814453125 100.88431549072266
0.9987962883650664 -0.01891317074997095 0.029013368852387166 0.03473457568741944 -4.3498511026543545 0.7735983222390725 0.07449872580695596
3.553460121154785 -1 903.2378540039062 47.910987854003906 695438 874.522216796875 57.842918395996094
0.9988174120935411 -0.018647691930313365 0.027899918383905375 0.03518004318650974 -4.38574113990081 0.7629038671629264 0.05484910039691535
0.5 -1 0.5 0.5 -1 0.5 0.5
0.9989415563086631 -0.01921211944489934 0.02736904888514574 0.03158475437902896 -4.397984453664291 0.790490787888511 0.042323908354016206
11.499800682067871 793367 773.3593139648438 11.499800682067871 793367 1099.4461669921875 13.701359748840332
0.9989760049008329 -0.01860935416698751 0.02722307139077376 0.030976409635587267 -4.398866089324194 0.7986046117304185 0.03653218674078236
0.5 -1 0.5 0.5 -1 0.5 0.5
0.9991373052143753 -0.019297320548495214 0.025918790137768405 0.02608591701281642 -4.40377604101319 0.8575142437220995 0.016603676710351668
51.816165924072266 795565 884.1804809570312 52.6998291015625 691909 884.1804809570312 52.6998291015625
0.9993423935983273 -0.019751105265196158 0.024119534434166333 0.01851816018528655 -4.4189498113052155 0.9433600470428741 -0.007037229496118391
35.736167907714844 744969 815.5499877929688 58.94065475463867 795565 809.8916625976562 70.24857330322266
0.9994381764256134 -0.02172547222689873 0.02240581221946277 0.012219449183532604 -4.45043256294619 1.0189406225272986 -0.032239604636823606
0.5 -1 0.5 0.5 -1 0.5 0.5
0.999462980380926 -0.024851512773205388 0.02036646266847889 0.006431202013109145 -4.499802593206305 1.0792422632886876 -0.05691728449109257
124.42935180664062 -1 493.1706237792969 154.5995635986328 -1 503.6189880371094 166.9452667236328
0.9995442038904092 -0.02444230648498442 0.0176713308428102 0.001296992300017941 -4.5834217267877015 1.1170833238009645 -0.07024183886604378
202.70021057128906 854177 501.45037841796875 221.27854919433594 694808 1118.6336669921875 224.03704833984375
0.9996211911935651 -0.02277567408900139 0.015425722429705212 -0.0008887485985427853 -4.676786846712666 1.1245106236769467 -0.06989061709820228
296.41357421875 -1 1182.27001953125 311.21661376953125 -1 613.4939575195312 328.7071533203125
0.9996713899563556 -0.021514147113639175 0.013086641854865399 -0.004795141464349224 -4.78173331371303 1.1611673480140352 -0.08673653849695412
277.1817626953125 -1 688.4740600585938 286.7425231933594 -1 546.7650146484375 305.94775390625
0.9997003246505431 -0.020020089133986296 0.013532983276539508 -0.003913475220660144 -4.875288576576307 1.15328828659583 -0.08722508679631519
71.1036148071289 795565 952.257568359375 99.79727935791016 854080 353.42474365234375 139.62721252441406
0.9997201834560459 -0.01714686878094288 0.015623896057519349 -0.004629638603913137 -4.9467291252242065 1.144294853719605 -0.06872406762982713
22.383472442626953 793367 507.1824035644531 22.383472442626953 793367 566.4312133789062 57.21818923950195
0.9996913741250341 -0.014937808041417769 0.018252143645842638 -0.007802412655744575 -5.002243964816917 1.1571190375098208 -0.040971613375568906
50.45024490356445 825920 822.1137084960938 50.45024490356445 695441 915.1516723632812 65.41949462890625
0.9996383872821868 -0.01433732532466459 0.02000880889291593 -0.010825125453789018 -5.073569189674763 1.1815478856961752 -0.024133649115627927
66.76727294921875 854080 468.96630859375 127.19242095947266 719980 848.2930908203125 128.24581909179688
0.9996210551014999 -0.013956108961189127 0.020077066041347475 -0.012644549798194933 -5.142831625825342 1.2023481959502917 -0.018708225635740983
35.46662521362305 854489 851.8721313476562 67.91360473632812 854080 456.0844421386719 97.35134887695312
0.9996493681275644 -0.013893762618320883 0.01895886343251606 -0.012192852816886778 -5.222082113241764 1.2058625671044483 -0.03070213203606856
146.57180786132812 795553 725.7205200195312 169.44073486328125 -1 355.9543762207031 190.1956024169922
0.9997137430646776 -0.013930364036060934 0.017537910882213473 -0.008414188452983244 -5.296833476187213 1.1715954897053806 -0.057674026086383993
37.028724670410156 745445 1019.2735595703125 48.893646240234375 725089 977.7560424804688 50.629547119140625
0.9996799636763256 -0.014018838032111833 0.01878655144561111 -0.00951356342867188 -5.3472882323139945 1.1797152891938398 -0.05820744748348165
33.2539176940918 854489 1005.3707275390625 44.003135681152344 725089 789.6183471679688 58.399497985839844
0.9996163378381112 -0.014267946620100011 0.020978227256818856 -0.011113811566267479 -5.387592164251647 1.1925440165689476 -0.033182054024076174
32.30023193359375 854489 993.0914916992188 42.68826675415039 725089 774.7113037109375 57.999351501464844
0.9995864029683901 -0.014575559185659358 0.0213605696418908 -0.012581817822345222 -5.442196858624364 1.2067590047920704 -0.010540442511611089
142.0085906982422 719597 661.2839965820312 146.0243377685547 795553 661.2839965820312 146.0243377685547
0.999685621353232 -0.013263237689336472 0.018190518255051476 -0.011038570161540515 -5.520616715667378 1.1923265630485793 -0.0223802175892097
281.6145324707031 -1 485.3558349609375 300.9629211425781 806003 1096.3057861328125 301.0534362792969
0.999790807234765 -0.011608459118079334 0.011813573404536686 -0.012001038670738217 -5.595170736781955 1.213539760679053 -0.08147514499642425
301.538818359375 806003 231.95370483398438 306.5103759765625 -1 475.4142761230469 322.5328063964844
0.9998912761851819 -0.011505915469629273 0.005162222088844219 -0.007642066545080615 -5.660295828428183 1.1842351021680158 -0.1591680930261037
209.15467834472656 -1 989.458984375 213.61900329589844 854202 717.82470703125 228.0888671875
0.9999136337455181 -0.01075595376552022 0.0018513022252350266 -0.007321693007676682 -5.690165293590726 1.2139436078625705 -0.2094479658164299
0.5 -1 0.5 0.5 -1 0.5 0.5
0.9999096592516261 -0.010083301427957799 0.0026877032924433665 -0.008472108274910644 -5.685767570197408 1.2622643924292216 -0.20965713032015207
30.499990463256836 794129 633.8804931640625 73.81260681152344 791728 813.771728515625 79.37228393554688
0.9998864334257533 -0.010499938097055943 0.003529216101640577 -0.010218423791974032 -5.665670522457466 1.3220068286531932 -0.20773316438425346
53.10822296142578 680929 819.57177734375 104.2154312133789 855572 895.5184936523438 118.68473815917969
0.9998590386293861 -0.010035336330746651 0.005267002421579439 -0.012387638247048666 -5.623065741245137 1.3822896151564306 -0.19341382613554825
157.9818878173828 -1 551.3470458984375 157.9818878173828 742942 1244.5223388671875 170.63356018066406
0.9998898004635419 -0.009120821158596342 0.007103585905233429 -0.009313249575642014 -5.584235989197492 1.3878860530085284 -0.177717722922445
187.42100524902344 854681 360.18731689453125 189.43203735351562 855528 360.1717834472656 194.0552215576172
0.9998793359181924 -0.010919109976470099 0.0074330707229851006 -0.00817533490098575 -5.5583140202809265 1.4317983633029103 -0.18727823427447884
277.3892822265625 813362 564.2314453125 277.9365234375 -1 946.5337524414062 281.56903076171875
0.9998393845756584 -0.01296620614740163 0.008083698477217979 -0.009366769370559556 -5.53786454265934 1.5107710771187965 -0.19116907796338184
269.540283203125 -1 772.5747680664062 290.1003723144531 -1 536.3098754882812 298.2980651855469
0.9998287989768724 -0.01265191174011053 0.009859391195180815 -0.009224655605805357 -5.5227575907080535 1.5691256817227528 -0.17242523498672344
14.41097640991211 -1 905.6967163085938 73.4593734741211 -1 905.6967163085938 73.4593734741211
0.999819482617046 -0.01093114555601652 0.011560124237641533 -0.01038632580972984 -5.508325008666769 1.6272176881984162 -0.14824197641425502
9.554429054260254 806104 972.1253051757812 12.577224731445312 812382 972.1253051757812 12.577224731445312
0.9998217199261643 -0.010130712192554715 0.012419791934432454 -0.009982274423390792 -5.507968798389039 1.6755704183724507 -0.13928255957840432
46.36625671386719 753714 649.6006469726562 88.88101959228516 856077 681.8906860351562 128.12332153320312
0.9997906381586731 -0.010946101486438894 0.012190031223142692 -0.012258297243125988 -5.507317540530411 1.7639458084564292 -0.15661045743512306
2.7899391651153564 -1 642.798828125 2.7899391651153564 -1 872.126953125 14.140220642089844
0.9997632962326977 -0.010130129336398919 0.012740889866810672 -0.014436125205915695 -5.5012508381122425 1.8447252366362816 -0.15894882483799005
20.794944763183594 854055 641.9645385742188 69.07850646972656 797723 746.2606201171875 84.4860610961914
0.9997472763163713 -0.009146217323761585 0.013664506005452135 -0.015330084223208206 -5.4960426208582955 1.914137105013004 -0.1600789886640105
74.68232727050781 812382 641.3956909179688 85.9281005859375 797723 907.8087768554688 119.91876220703125
0.9997146111822873 -0.00978632121788093 0.012185405326363306 -0.018067650724449904 -5.504163308766064 2.032891820616159 -0.20411231785065603
98.28337860107422 812932 906.5585327148438 161.98770141601562 -1 613.0106811523438 166.37637329101562
0.9997597674131179 -0.010642267777341482 0.009299261355703812 -0.016753308236348914 -5.526831361415855 2.085090643217152 -0.25600818878062154
85.60054016113281 815843 848.3844604492188 87.66287994384766 812356 848.3844604492188 87.66287994384766
0.9997811815809554 -0.009861977159531212 0.008683592174276264 -0.016276534952025818 -5.537091471289816 2.135502305375023 -0.2722819079670215
0.5 -1 0.5 0.5 -1 0.5 0.5
0.9997544862619622 -0.009212434029827694 0.010332966378620259 -0.01730110008481071 -5.530176853327626 2.1969745469294435 -0.261427033478462
115.84842681884766 853916 844.8963012695312 116.47380828857422 820775 848.1095581054688 116.53352355957031
0.9997062150864534 -0.009592145619535681 0.011882145164178409 -0.018822563221539804 -5.5242791301131025 2.26494115034756 -0.26000479853222946
30.344879150390625 810803 884.9653930664062 35.21538543701172 820860 821.2171630859375 84.56299591064453
0.9996476370577976 -0.010314631477741478 0.012373030250453828 -0.02109782511685948 -5.523183378739265 2.346839984967262 -0.2790800901484383
47.27534103393555 810803 825.9185791015625 84.9887924194336 822606 502.1690979003906 94.70228576660156
0.9996086129480143 -0.011633846664158046 0.011620129091963829 -0.02263287723264316 -5.5359365521299955 2.4246791849915037 -0.32654427372856987
63.349056243896484 810803 826.310302734375 100.62812805175781 815859 806.6158447265625 117.80879211425781
0.999535623459934 -0.012959193875281735 0.011243274713940012 -0.025183039974770872 -5.542672683945696 2.5071682242485416 -0.3624684479393723
18.173080444335938 814715 858.8759155273438 43.51685333251953 -1 867.2625122070312 50.78597640991211
0.9995323784024066 -0.01372104238522865 0.011733686977271776 -0.02467950791669933 -5.551169408804639 2.5546623156908184 -0.36179861631088206
40.69914245605469 814715 858.8740234375 43.47096633911133 822742 525.3612060546875 73.42472076416016
0.999582280971461 -0.014392380276794904 0.012519414003545552 -0.021711453909569016 -5.558197396228809 2.5789143130049736 -0.35193521357166324
67.51734924316406 814715 864.270263671875 86.46923065185547 820410 873.9100952148438 99.51402282714844
0.9995855924103587 -0.015314037820540818 0.013511017300249284 -0.020287338484277138 -5.5540444894176675 2.610173407970967 -0.3461027634177841
142.4124298095703 817235 827.897216796875 148.29443359375 810803 872.7127075195312 151.0154571533203
0.9994585976185376 -0.017264958851652905 0.012628246795517087 -0.02499920448951055 -5.537579337119544 2.7098488827007414 -0.37925137214616755
108.00241088867188 814715 873.089599609375 115.56842803955078 763141 862.550537109375 127.0335693359375
0.9994697821062972 -0.01843049188908195 0.010047278041181511 -0.024890235617218426 -5.553829921117395 2.739563254167771 -0.428084282943955
29.242265701293945 770758 385.797119140625 69.13575744628906 -1 881.970703125 117.47520446777344
0.9995568202081454 -0.01987157130372023 0.008218183789957851 -0.02058507431361005 -5.585167217524287 2.7168572307083014 -0.4600991595558195
40.631011962890625 770758 371.8216857910156 108.63238525390625 814788 875.0984497070312 126.96028137207031
0.9994897279791517 -0.02078340743014431 0.008307533735275336 -0.0227885612312667 -5.578582103391296 2.7680571415628075 -0.46790906511599395
17.54069709777832 819164 364.42333984375 62.23686599731445 816005 364.42333984375 62.23686599731445
0.9993831751968689 -0.020569903882593717 0.009414131507979304 -0.026861167428756605 -5.564677103234158 2.830257114933622 -0.4547060832050963
21.1379337310791 819164 794.155029296875 77.88551330566406 772537 259.90692138671875 110.07958984375
0.9992778231165702 -0.020325837689466362 0.00943219445282772 -0.030687558675040933 -5.558531468326813 2.883656361604808 -0.4563960592030609
80.74858093261719 772537 950.6500244140625 91.2470932006836 815230 950.6500244140625 91.2470932006836
0.9992362741028551 -0.020055315051511566 0.007570955535021642 -0.03267007020983454 -5.558964154433687 2.9159215119865864 -0.48253238066767384
63.90293884277344 770758 790.9190673828125 75.24736022949219 -1 774.5807495117188 82.5081787109375
0.9992347990519542 -0.019309229322673784 0.0044297474959866445 -0.03372458100090857 -5.554418282633975 2.947608980799743 -0.5220704553631068
26.50162124633789 819164 561.5094604492188 27.682069778442383 -1 767.1488647460938 86.71016693115234
0.9993100961216494 -0.016793988413152914 0.0032591599996832036 -0.032964702616816506 -5.5384294319047465 2.9519539761645897 -0.5212954933777384
83.3821029663086 820269 941.4280395507812 94.89128112792969 817231 941.4280395507812 94.89128112792969
0.9994098072180629 -0.014367787444841582 0.0035295496530424386 -0.031002357967435282 -5.512777468849661 2.9431132968106777 -0.5083623757010739
79.47126007080078 820269 790.3920288085938 82.8343276977539 772537 956.634033203125 92.758544921875
0.9994588322831476 -0.013722708851977407 0.003409215347854874 -0.02970028760269756 -5.477722477092038 2.937269208672902 -0.507295817716107
79.26692199707031 820269 971.8615112304688 94.03153228759766 815230 971.8615112304688 94.03153228759766
0.9994708468193892 -0.013061330812298294 0.002615845138095591 -0.02967465837643658 -5.442054798814683 2.9444153836309717 -0.5071656123538254
21.526029586791992 -1 982.0325927734375 24.698562622070312 819164 974.1017456054688 25.28929328918457
0.9994589836968857 -0.012724799685002865 0.0012529025195526318 -0.030302633810304538 -5.403908861615543 2.958432227441756 -0.5069857901504546
101.16149139404297 815230 988.6669311523438 101.16149139404297 817231 279.8431701660156 121.53933715820312
0.9994877733903199 -0.012631576667813203 -0.0010502691904815265 -0.029385898808328103 -5.3594855428093195 2.9553662831342224 -0.5145123606061747
38.281219482421875 819164 992.37744140625 38.85430145263672 819165 1000.0145874023438 108.7704086303711
0.9995140676330277 -0.01272007869641626 -0.0036889398684811477 -0.02821736919492992 -5.314747200920189 2.946528346316419 -0.5290975929967293
106.86631774902344 772537 1011.3421630859375 114.68448638916016 815230 1011.3421630859375 114.68448638916016
0.9995497667535319 -0.01221914956854751 -0.006474767888736521 -0.02662768385662506 -5.265914364631719 2.9296020498270328 -0.5365822657922781
119.672607421875 815230 1024.65771484375 119.672607421875 817231 298.8702697753906 121.8204116821289
0.9996109955782212 -0.010588382619230537 -0.009206059276407209 -0.02410377865036065 -5.215797064572644 2.900502081364517 -0.5293173338275313
123.42955017089844 815230 1039.6109619140625 123.42955017089844 817231 946.8609008789062 179.4634246826172
0.9996585165969655 -0.010592243116495415 -0.011352287489044792 -0.021018566784671802 -5.16411537892672 2.872897909092519 -0.5215583383904918
114.22058868408203 787944 460.64715576171875 159.26507568359375 814714 459.4482727050781 162.44664001464844
0.9996575205936092 -0.012112945327105695 -0.012676578391950601 -0.019427363084400507 -5.108935565465082 2.8711816838715554 -0.5206688149328674
225.4185791015625 817232 952.3469848632812 269.91064453125 810803 588.0660400390625 277.1767883300781
0.9996427387515471 -0.013836513086184896 -0.01423518787686275 -0.0178970721916333 -5.036379442496983 2.8751710898345904 -0.5211036591737317
135.0833740234375 763133 535.3776245117188 142.24559020996094 787944 501.7898864746094 143.1477508544922
0.9996736205369521 -0.014537471895986746 -0.015133431061447314 -0.014570297791188465 -4.959973251075412 2.859973713797758 -0.5067695843160354
212.4384307861328 -1 485.6843566894531 262.4081726074219 -1 1029.083740234375 298.8178405761719
0.9996749988140642 -0.015784158731396526 -0.015134410219605312 -0.013103690569741205 -4.86997228302131 2.8657974336228453 -0.4922719601728229
155.91566467285156 772431 610.7273559570312 156.01930236816406 -1 638.5479125976562 168.8362274169922
0.9996476356307155 -0.017051217746873012 -0.015234995962828039 -0.013481670863873443 -4.773292194403623 2.8808885054969147 -0.48278035321461515
166.3899383544922 772431 519.7792358398438 171.18917846679688 763133 529.3989868164062 171.53662109375
0.9996019256785842 -0.01667986080682351 -0.016897258412451235 -0.015239917364416251 -4.6907284355386025 2.89552019219706 -0.49006969361416114
52.071990966796875 -1 809.2069702148438 75.86734771728516 -1 521.5965576171875 118.98294830322266
0.9996072917022406 -0.015455601698212298 -0.01972780913622873 -0.012537954320486613 -4.642822922470258 2.8596401400240117 -0.5011746296544355
118.75453186035156 770301 781.9692993164062 121.65790557861328 -1 592.2259521484375 121.77587890625
0.999629102755012 -0.01388208308664908 -0.02228075161083345 -0.007246571744030203 -4.586274824679317 2.801069824013101 -0.5007910968762281
112.06491088867188 766811 641.3941650390625 112.06491088867188 766812 622.4977416992188 115.84144592285156
0.9996357334627427 -0.01412860554285585 -0.022552774533328924 -0.004489459952818695 -4.533996040046623 2.7753465543108287 -0.49827981730627696
165.53797912597656 776856 648.0479125976562 186.58084106445312 780227 660.4814453125 187.43368530273438
0.9996625161666557 -0.01466777021285377 -0.021308143317203036 -0.002381872521280893 -4.473084932783682 2.7597122265139395 -0.48592468683839296
304.4063415527344 -1 529.6775512695312 313.4703674316406 768681 918.0728759765625 337.3420715332031
0.9997016222215553 -0.0153653643244359 -0.01889178984613789 -0.0019163463093309094 -4.3844283161746285 2.762139271037225 -0.46260118731313066
307.81732177734375 760594 624.7939453125 312.6615295410156 -1 567.8342895507812 317.9791259765625
0.9997059869050545 -0.016179855613082675 -0.0180428382075685 -0.0007797486429912957 -4.312368635949583 2.759803527997465 -0.4544233014400621
120.84171295166016 757642 478.7838439941406 127.42897033691406 -1 739.7020263671875 131.29322814941406
0.9996691844761224 -0.017278811319770524 -0.019002904544993413 0.0013615825622773135 -4.2564846834096 2.751802639331317 -0.4602924444470596
0.5 -1 0.5 0.5 -1 0.5 0.5
0.9996259379897139 -0.017888634457865527 -0.020650033261330143 0.0012477907370678598 -4.199386828980009 2.760500526648025 -0.4661661219585358
0.5 -1 0.5 0.5 -1 0.5 0.5
0.9996092023915624 -0.017588754077632565 -0.021573225235376137 0.0025834428665604116 -4.154692521313601 2.7492296024322074 -0.46396220940711674
99.28335571289062 889050 969.0333251953125 117.1877670288086 767505 1035.586669921875 128.093994140625
0.9995951621841079 -0.017428811922564992 -0.022320204798702892 0.002748947223710633 -4.104181287510818 2.7461652023823913 -0.4657517002866137
129.55992126464844 -1 764.0184326171875 135.85853576660156 757642 501.3687438964844 140.25625610351562
0.9995944140453371 -0.017317335831035924 -0.021780386345888483 0.006060697954701667 -4.05874559017247 2.7186064662322447 -0.4595082367574131
135.479736328125 757642 554.0970458984375 144.2436981201172 768736 523.75341796875 145.68788146972656
0.9996176793814232 -0.01705773373696714 -0.020519915788281783 0.007243054873385067 -3.9941628324008134 2.7022069832651336 -0.44734604957190643
179.3607940673828 772431 913.4306030273438 187.47250366210938 767911 780.9962768554688 198.86639404296875
0.9996282146983163 -0.017029144765704943 -0.017772036200395483 0.011730103874108982 -3.926172906117285 2.6603837658876444 -0.42097618343137855
178.2027130126953 772431 894.0574951171875 200.07984924316406 777470 916.40087890625 213.5555419921875
0.9996378078507232 -0.01730288258811163 -0.015817556934032983 0.013216212096565597 -3.8700760680021244 2.6511817395622153 -0.4034027132581336
93.54296112060547 889050 906.452880859375 111.22978973388672 775962 906.452880859375 111.22978973388672
0.9995914992145877 -0.018774389282322574 -0.016369651193917124 0.014013976052441608 -3.8322494896691572 2.6524491507661914 -0.4078077697455475
101.45171356201172 889050 873.81298828125 124.68062591552734 762166 493.7435302734375 131.77967834472656
0.9994896851843008 -0.02028903139942453 -0.017855454480392982 0.0170266602820105 -3.8087889338695198 2.6314392091912837 -0.4233281359161843
104.14979553222656 889050 448.51251220703125 104.14979553222656 781880 619.9063110351562 142.95831298828125
0.9994477537390671 -0.02055697795088137 -0.018831253884372835 0.01808264584076483 -3.773658623664325 2.6156116080123564 -0.43118177736537916
0.5 -1 0.5 0.5 -1 0.5 0.5
0.9993781248163225 -0.020878786816952905 -0.01821733844409369 0.02180753263614975 -3.7284670810989264 2.5708979000008676 -0.4326326258822179
133.7909698486328 895394 725.9429321289062 144.86029052734375 768736 695.6967163085938 145.7998046875
0.9993423954551026 -0.021541115742617915 -0.016467517433988558 0.024074423112127853 -3.6661632321798847 2.5349072557550674 -0.42373414811702165
183.58956909179688 772431 980.4428100585938 188.6896209716797 763133 549.5042114257812 191.9380645751953
0.9993534688852881 -0.022229024372441633 -0.014496487019850578 0.024256268601627634 -3.592997437684218 2.520623389815975 -0.40803473497980025
127.57669067382812 895394 785.3975219726562 138.16238403320312 768736 518.0515747070312 139.1626739501953
0.9993068394659874 -0.02340756175536943 -0.013658253917300002 0.025522122738881815 -3.522986573456922 2.4971011263937473 -0.3954703238853865
117.47052001953125 776522 748.3707885742188 128.357177734375 895394 643.8312377929688 129.86013793945312
0.9993437255968467 -0.0236079988017246 -0.01279010440919492 0.024314475770499458 -3.4415486354568703 2.4935805710608108 -0.3730755269789584
137.04307556152344 757642 1043.2825927734375 137.04307556152344 781881 811.9219970703125 140.21542358398438
0.9993534667629823 -0.024239264605540635 -0.011446234213374958 0.02396018035249483 -3.3742755107508007 2.490392496346692 -0.3479266513883954
0.5 -1 0.5 0.5 -1 0.5 0.5
0.9993502387834019 -0.02507836221849532 -0.01084657835241753 0.023505908407047207 -3.3222528344051168 2.4922908748880954 -0.3388984007080438
0.5 -1 0.5 0.5 -1 0.5 0.5
0.9992738104104912 -0.02654238305449233 -0.009913305057084732 0.025477050699234147 -3.2708315201408102 2.4753220625280785 -0.3395287030373044
100.75022888183594 889050 688.8037109375 100.75022888183594 781880 727.223876953125 122.93740844726562
0.9993529254844652 -0.027869064387353534 -0.00878601166479228 0.020972638719069524 -3.2046406431848835 2.489944006172433 -0.3378754409157878
3.8816769123077393 -1 701.2058715820312 100.51527404785156 889050 701.2058715820312 100.51527404785156
0.9993544931003803 -0.030206115664957994 -0.010443882578252909 0.016404664373547616 -3.1653313999697588 2.5126023708995513 -0.347820686000341
0.5 -1 0.5 0.5 -1 0.5 0.5
0.9992511218345843 -0.03286848767219871 -0.014631038442238758 0.014240461529358936 -3.1333781660332964 2.5352151406338947 -0.3504588227874832
0.5 -1 0.5 0.5 -1 0.5 0.5
0.9989857501852146 -0.03857895959282038 -0.01854940154698281 0.013966191530562447 -3.1155815902174164 2.576283842659325 -0.36260807683610674
210.74331665039062 -1 769.341552734375 227.13250732421875 -1 775.025634765625 230.80859375
0.9988831953998083 -0.041827756200857755 -0.020751400060022587 0.0072235832257221645 -3.066629336659691 2.6673910600230295 -0.3651432092964832
187.04725646972656 770517 700.1660766601562 188.64488220214844 -1 700.1660766601562 188.64488220214844
0.9987481541991421 -0.045044162771156485 -0.019998601262423425 0.00855592377238959 -3.0434908516217107 2.704580610300392 -0.3632266337227144
251.12522888183594 770302 684.3429565429688 261.6554870605469 -1 128.07131958007812 281.81048583984375
0.998615845847797 -0.047474189318613594 -0.01752676124087467 0.014332006511124875 -3.0382459732434515 2.7103649918447146 -0.3484650322640349
176.66204833984375 -1 733.1304321289062 231.32118225097656 889050 755.2649536132812 250.4796142578125
0.9984921092766883 -0.04668452774273768 -0.015027898088178369 0.02466221524273614 -3.0061640145371644 2.6328790121777663 -0.2812335475696363
245.83432006835938 -1 909.9826049804688 255.47857666015625 -1 939.3653564453125 302.9686584472656
0.9984063213601381 -0.04553566892543601 -0.01131688056792244 0.031356794125698514 -2.913687514940284 2.604929920392643 -0.22996990497078582
311.8503723144531 -1 781.7254028320312 358.47998046875 -1 469.25286865234375 419.4572448730469
0.99834530800225 -0.04720553383612868 -0.005318859792893668 0.03240360004138869 -2.7664733092678233 2.617752003622136 -0.2160347066246802
386.5993347167969 -1 595.568115234375 405.4266357421875 -1 1000.8949584960938 420.0249938964844
0.998445497156786 -0.0478583652150005 -0.001334996183615084 0.028537411786563188 -2.595799610826986 2.653778490303252 -0.22981646826965813
264.6197204589844 -1 1057.6793212890625 351.89935302734375 -1 1051.7587890625 366.3787536621094
0.9985614044653037 -0.04698042367177707 -0.0018861648859544165 0.025776029289313787 -2.4769941372042914 2.651929455175095 -0.2550765036742545
230.89222717285156 -1 1031.324951171875 336.43157958984375 -1 869.9385986328125 364.0955505371094
0.9987640999012206 -0.04402129502526298 -0.004254401511066129 0.02267814808546412 -2.361604188472772 2.624182071262226 -0.2697070204975889
224.27345275878906 -1 1044.573974609375 224.27345275878906 -1 1105.814697265625 237.44346618652344
0.9987761113879511 -0.04408381253590223 -0.006989017299719467 0.02130845912418152 -2.284544721034942 2.604043507735801 -0.2800332056137357
211.57383728027344 890422 817.22509765625 215.14706420898438 890423 176.11878967285156 216.52084350585938
0.9986794440400766 -0.045717657683903914 -0.00821421290264046 0.021949727426350665 -2.192467495116056 2.5741668196012926 -0.28763601973886743
311.2897644042969 -1 1160.2940673828125 311.2897644042969 -1 915.239990234375 327.73272705078125
0.9987044691102976 -0.045647160268345525 -0.007866577910168301 0.02106744148058228 -2.1065175360856494 2.553991399691208 -0.279975573578358
307.20751953125 891593 1097.56201171875 322.8492431640625 -1 1043.5533447265625 339.0632019042969
0.9987079325004559 -0.04653027663863458 -0.007329600404935865 0.019070287740385692 -2.020823894206184 2.5424904383540405 -0.27376030425406467
159.8162384033203 882260 668.697509765625 159.8162384033203 881402 1076.601318359375 180.43435668945312
0.9986914912041698 -0.04811973105447747 -0.007057482983813761 0.015811034550897086 -1.9280667281340018 2.535812821890275 -0.28050177089672435
103.0942611694336 885155 1083.318359375 182.09701538085938 882355 575.7040405273438 198.4066619873047
0.9987479230261979 -0.047447399291413075 -0.008827568652585376 0.013168317395214445 -1.872869698209755 2.5262854850422922 -0.2901745011943329
0.5 -1 0.5 0.5 -1 0.5 0.5
0.9988487361329669 -0.04521701837717647 -0.011213637775811984 0.011440188044162187 -1.8292023855257482 2.5083247434624982 -0.28517132724131816
80.96028137207031 885155 997.0382690429688 80.96028137207031 -1 790.890625 111.1346435546875
0.9988884892049315 -0.043829871786910904 -0.013695208271818313 0.010638126875724968 -1.7849850424542468 2.4930792419145718 -0.2785208582508342
0.5 -1 0.5 0.5 -1 0.5 0.5
0.9988475626756435 -0.04440758324141382 -0.015061259399136427 0.010230911635597313 -1.7232210323256116 2.4890233810151345 -0.27234364052700927
77.94783020019531 885155 1132.910400390625 150.87539672851562 -1 1137.209716796875 158.264892578125
0.9988124145467383 -0.04496912164466947 -0.015233937527177435 0.010930040861757034 -1.6450096620331243 2.4808496181627584 -0.2559317604883768
182.5506134033203 884418 1261.8038330078125 193.07559204101562 886069 541.0512084960938 195.974365234375
0.9987660665454925 -0.045871524178081005 -0.014769042695447723 0.012000956823718748 -1.5725555735516166 2.4778699503327926 -0.24623046229476112
182.03106689453125 -1 385.52972412109375 187.0963134765625 884418 453.52044677734375 188.70895385742188
0.9986707998370135 -0.04768755879428871 -0.013883618189290417 0.01377590051920534 -1.4945211789685238 2.473968979654996 -0.24732519315274307
0.524322509765625 -1 0.5242088437080383 0.524322509765625 -1 0.5242088437080383 0.524322509765625
0.9986235156007849 -0.04933891258807209 -0.011480258967695079 0.013599612045583544 -1.3846133585091154 2.4767204248940846 -0.24454815200893745
255.8573760986328 -1 671.0613403320312 255.8573760986328 -1 705.0640869140625 356.4425354003906
0.9985132126281261 -0.05135361361160548 -0.010699842281576092 0.01482173914350412 -1.2740020007844584 2.4785594436501044 -0.239354584986632
125.77775573730469 -1 644.424072265625 198.56790161132812 -1 706.8494873046875 203.4968719482422
0.9985758953358784 -0.05055753960354444 -0.011128573852005552 0.012894622421978618 -1.1971330003951577 2.4754834138342505 -0.23082626126972286
103.47227478027344 885155 952.8973999023438 191.61224365234375 -1 753.16015625 198.4866485595703
0.9984407534189284 -0.053623072785680174 -0.011955787857833725 0.009883679171385265 -1.1285458375337176 2.4881448437991844 -0.24518703211367943
139.60107421875 -1 1302.0828857421875 178.77626037597656 778703 1017.9829711914062 205.32693481445312
0.9983288352379089 -0.05643374182028066 -0.011826589204270103 0.0038602207806500625 -1.0707474879280485 2.515365928424764 -0.2597973628824108
116.23135375976562 885155 1028.76025390625 146.6625213623047 881107 997.3253173828125 147.47032165527344
0.9983520320703368 -0.05637898954026509 -0.010557518783326435 0.0017799990414319269 -1.01608553029363 2.5238782213014597 -0.27063959137471516
0.5 -1 0.5 0.5 -1 0.5 0.5
0.9983197943011373 -0.05723494265895603 -0.008826181102281375 -0.001961675944394362 -0.9730802404283532 2.5378276915637183 -0.293813230824791
0.5 -1 0.5 0.5 -1 0.5 0.5
0.9982731798081832 -0.0583320147310989 -0.0068756309341744285 -0.0008719130269395249 -0.9484912264835645 2.540228734841936 -0.2839449415869726
0.5 -1 0.5 0.5 -1 0.5 0.5
0.9983231877755873 -0.05728608280776728 -0.007498664959745522 0.003589915034209404 -0.9555983234772055 2.5266517885740485 -0.26628940456430206
0.5 -1 0.5 0.5 -1 0.5 0.5
0.9986143926804051 -0.05027579636197086 -0.011504846543439737 0.01045358970532535 -0.9455450616962204 2.463584650692428 -0.22073443732494571
127.35443115234375 -1 783.5460205078125 212.90638732910156 -1 778.1299438476562 221.97808837890625
0.9986704481930614 -0.04847707054988874 -0.010735503330258876 0.013858517417721958 -0.8980113928425234 2.443537724762738 -0.19454969576644673
354.05999755859375 -1 922.6166381835938 357.9677734375 -1 910.9739990234375 373.797607421875
0.9985655112501053 -0.04968754904801285 -0.007735807319100994 0.018390880798346023 -0.8156871725799821 2.4361507882518447 -0.19757903671916097
346.8963317871094 -1 631.8493041992188 348.6299133300781 874188 950.2052001953125 359.0623779296875
0.998800901579168 -0.04728704613672207 -0.006012958398393972 0.011159686536984124 -0.6884435984831083 2.4381701855654847 -0.20357489817185803
178.8759002685547 -1 931.4547119140625 178.8759002685547 -1 647.5830078125 184.50794982910156
0.9989342079948347 -0.04486539430901171 -0.007906978119218968 0.007417829079412449 -0.6126397937302602 2.424773355913244 -0.20753862752671182
170.01829528808594 873291 760.1759643554688 170.23422241210938 861025 768.6442260742188 171.97300720214844
0.9989872357900433 -0.04303038531695064 -0.011311157942314578 0.006704205698450738 -0.5539116009137798 2.4043430509876282 -0.20552599057088022
111.8971176147461 -1 1070.47607421875 111.8971176147461 -1 955.8605346679688 155.04217529296875
0.9989543623657294 -0.04287887994287301 -0.014114843113068334 0.007235659556473483 -0.4829998018701051 2.3916814142423224 -0.20058136562992265
157.56080627441406 864404 919.3916015625 158.0878143310547 873291 816.77978515625 158.55995178222656
0.9989355555207611 -0.042891437855617755 -0.015338452545092007 0.007267210512162925 -0.40691377712282745 2.380889573951396 -0.18551393705528818
311.8927307128906 -1 1078.6766357421875 318.4146423339844 -1 1092.0782470703125 330.0055847167969
0.9989548722554544 -0.04263933593951627 -0.014928409164818123 0.006942105410726574 -0.3173918585773099 2.374337264261507 -0.1681446277789295
329.1398010253906 -1 1116.2847900390625 329.1212463378906 872103 1116.8837890625 332.0917053222656
0.9989399992067254 -0.04320375492252542 -0.013344612424211583 0.00861596568641677 -0.20538391263430794 2.3784108400018646 -0.15132726575306582
337.359375 -1 1115.8203125 345.0333557128906 872648 455.39373779296875 354.640625
0.9989234347241918 -0.04358022726791965 -0.012642006398576319 0.009639243970260844 -0.10025610468347981 2.3897085724438654 -0.1461502402409468
325.94354248046875 -1 484.4949645996094 328.33697509765625 870570 1113.5693359375 329.2637634277344
0.9989099348781283 -0.04376469255039908 -0.012454216770849697 0.010415669559243926 -0.015304730487552357 2.3978289305393194 -0.1541355742812756
190.6514434814453 867225 1093.41748046875 209.6506805419922 872672 1063.7056884765625 223.05816650390625
0.9989533164933586 -0.042530930122583244 -0.012415897840525892 0.011368242196636534 0.06216992149351786 2.39292332887662 -0.15799230361139893
186.09564208984375 -1 634.0391235351562 186.09564208984375 866425 1124.9100341796875 253.3740234375
0.999014102216111 -0.04073168676264866 -0.012250029733220435 0.012715739787461667 0.13705266653689135 2.382796792157745 -0.1560440815118615
162.97596740722656 867373 851.1450805664062 167.4639434814453 869482 851.1450805664062 167.4639434814453
0.9990554696242003 -0.039797665779143114 -0.012451373047780321 0.012217926244877235 0.20034392819334643 2.3766156226252533 -0.14720775258593222
156.36582946777344 -1 669.8978881835938 162.21002197265625 -1 1143.0615234375 162.11349487304688
0.999070552448362 -0.03918300814245431 -0.012515195224112626 0.012887707008442262 0.25339423546937584 2.3701070525117927 -0.1338015634238602
159.10311889648438 -1 397.8304138183594 160.48184204101562 867863 917.4169921875 179.14776611328125
0.9990590700406963 -0.039450857273717506 -0.012547917654238249 0.012928812487259916 0.3132629713813272 2.3742563464352058 -0.1190716760999623
161.03741455078125 -1 1096.0001220703125 161.03741455078125 869583 420.5114440917969 165.9211883544922
0.9990001264783624 -0.0410355614557001 -0.012568544851403119 0.01252444300357545 0.3660801232750049 2.3836859317062875 -0.11988547793467677
156.6414031982422 851948 446.4814758300781 156.6414031982422 -1 443.6060485839844 160.25791931152344
0.9990002880113636 -0.040983523020157855 -0.0124659614442856 0.012781830828900286 0.42767850359043397 2.3858810318634083 -0.11294678389664747
158.51051330566406 851948 464.976806640625 162.62258911132812 859355 998.2078247070312 173.68751525878906
0.9990286000145382 -0.04036550106948712 -0.012801209686176037 0.012190640137887301 0.49198910905127247 2.383127731501722 -0.10123302409024178
68.53630065917969 881091 485.8072814941406 102.75235748291016 -1 484.3078918457031 162.14903259277344
0.9990476931498097 -0.03963427264236463 -0.013777789385019047 0.011958418115147782 0.5481538227698074 2.377853805766413 -0.08370468603713388
68.60305786132812 881091 504.69818115234375 157.85867309570312 851948 1162.9022216796875 170.3507843017578
0.9989892803292523 -0.04036113468925482 -0.015016031382726195 0.012880815011147772 0.6065684548253869 2.379983279406625 -0.07809396268232995
176.6293182373047 859356 517.8780517578125 177.56292724609375 867863 797.2689819335938 177.7835693359375
0.9989251803841097 -0.04133415895160097 -0.016133968594540343 0.013403967909840279 0.6788228117294448 2.3808339897371327 -0.0769076437459526
179.4532470703125 862830 541.123046875 179.4532470703125 867863 596.4606323242188 189.6543426513672
0.9987932028218018 -0.043989892154987144 -0.016125486647641837 0.014730786317654938 0.7805494863600223 2.3905571323737855 -0.08398788204928767
255.44451904296875 -1 440.4238586425781 276.8312072753906 -1 438.7088317871094 278.6072082519531
0.9986289389937875 -0.04742751110350062 -0.015710118116186222 0.015622598485695811 0.8528348042451336 2.4017207138367995 -0.10036749754453018
291.5662536621094 -1 423.31365966796875 333.3509216308594 862121 442.99078369140625 347.1229553222656
0.9984407004769885 -0.052086591932000846 -0.015793888013981926 0.012397889874149956 0.9629273266944555 2.4047497446855757 -0.11416165032681057
278.7032165527344 -1 487.4945068359375 278.7032165527344 -1 466.55535888671875 284.1070251464844
0.998349092827927 -0.05440264556095083 -0.015546597128893686 0.009886572881268365 1.0617192783857472 2.4009336395401277 -0.1251606963954539
203.93252563476562 859355 365.2016906738281 209.73309326171875 -1 653.01171875 221.28543090820312
0.9983509894623114 -0.05383648341986339 -0.015451462551311896 0.012577249207686561 1.1341145610302785 2.4029007568486684 -0.1293071412267355
286.9709167480469 861493 878.9300537109375 355.4704895019531 859777 878.9300537109375 355.4704895019531
0.9983437043996496 -0.053969914632733235 -0.014555394108097164 0.013610169083398163 1.2115822594537866 2.4053231099936565 -0.138555980694433
279.95233154296875 -1 635.0259399414062 322.599365234375 -1 635.0259399414062 322.599365234375
0.9984272702727807 -0.05375535192907523 -0.01180992836525206 0.010671162384326248 1.3189371232662475 2.3902173384115133 -0.1359931878810404
211.5877685546875 867863 739.9527587890625 216.11993408203125 -1 739.9527587890625 216.11993408203125
0.9983433906762955 -0.05566385682880782 -0.010428914791415132 0.010161056646494186 1.3773489174776288 2.3853786078598986 -0.13596514129337747
203.93556213378906 859355 1194.69189453125 215.62672424316406 -1 762.7815551757812 216.62799072265625
0.9982568973692244 -0.05805961170079092 -0.009901981610046663 0.0037681698631474385 1.452357356256031 2.367078150635967 -0.1373872561853496
25.154035568237305 857854 1081.63525390625 116.3774642944336 881091 599.0020141601562 133.89694213867188
0.998066422226153 -0.06106946690044103 -0.011527374897951938 0.0010279421892030929 1.5043596141577078 2.350917085862465 -0.13912086177410296
31.89708137512207 857854 761.7752685546875 58.13252639770508 -1 1015.6098022460938 142.54164123535156
0.997839176586115 -0.06383526535845017 -0.014922737226430524 0.004398690740599661 1.5165608438394236 2.3637316861873394 -0.14683837375595776
65.50169372558594 -1 736.6068115234375 65.50169372558594 -1 637.9371948242188 65.87523651123047
0.9976768541585352 -0.06611935786703346 -0.016020918483349234 0.0035292155686330686 1.553405450240575 2.347237873560924 -0.1546948254870596
219.47079467773438 859355 794.1217651367188 231.71249389648438 867863 908.3284301757812 236.95068359375
0.9979234944227661 -0.06213784914283689 -0.01437426004986142 0.00899820154123219 1.5850362725603708 2.3144658304377668 -0.13612645388450748
266.87567138671875 -1 717.4533081054688 289.22210693359375 -1 846.8317260742188 294.021240234375
0.9982245919562253 -0.05813142150826437 -0.01071497076284618 0.007320604401799152 1.6503250738249846 2.283838445002833 -0.14600473441284997
174.9362335205078 848268 839.7965087890625 176.09457397460938 851948 839.8777465820312 192.5275115966797
0.9980997764473061 -0.060410853292352004 -0.009628847462261069 0.007392587968780077 1.7059336011234072 2.271861842241107 -0.16790942619906862
169.3663330078125 857020 848.84716796875 174.2060546875 848268 858.7166137695312 175.1160125732422
0.9980519910471918 -0.06053987362328364 -0.01092986671224574 0.010377132651452249 1.768962392962508 2.24691812932596 -0.16020865045734728
240.57614135742188 -1 679.1263427734375 292.216552734375 -1 1063.775390625 319.6101379394531
0.9981894612690759 -0.05881975392148399 -0.01132738572654657 0.005452182367639355 1.86153884901756 2.2030811769846648 -0.13031135213234366
152.14068603515625 -1 888.8551025390625 157.01339721679688 848268 574.1170654296875 178.12803649902344
0.9981810413857108 -0.05859187852725891 -0.013152351894705734 0.005349395145502808 1.9343134455713993 2.1977107047596505 -0.10853752113400689
0.5 -1 0.5 0.5 -1 0.5 0.5
0.9981066857022767 -0.059158682201720984 -0.016761246867294844 0.0015345618352120977 2.014136136941861 2.185888411713593 -0.09767657086665069
0.5 -1 0.5 0.5 -1 0.5 0.5
0.9979361050755994 -0.060843865800898164 -0.020467038707967865 0.0016292659301851997 2.0730693203969768 2.191491285253433 -0.09474403167040882
156.9955596923828 -1 930.1385498046875 162.9727020263672 848268 894.97265625 179.96766662597656
0.9978940880972551 -0.06059421909123953 -0.02313669325932889 -0.0006503678147692798 2.161274613282916 2.1677099865245704 -0.08158165725348643
178.62046813964844 -1 961.6845092773438 178.62046813964844 847374 1054.8663330078125 189.25616455078125
0.9980804810872638 -0.05716302725422577 -0.023819043459192012 -0.0006282964569789274 2.2637459352402223 2.134741726187687 -0.07143792692336914
269.231689453125 -1 822.2108764648438 346.75592041015625 -1 822.2108764648438 346.75592041015625
0.9983948306219764 -0.05247055997848844 -0.021271105872116586 -0.001463754704894283 2.429186106331002 2.0994748813423385 -0.0664196735126916
246.6434326171875 -1 1010.7232666015625 331.8185729980469 -1 445.1628112792969 338.8836364746094
0.9984892648371492 -0.0518776173714135 -0.018105650019266666 -0.0002936974878735622 2.5732707328584485 2.1071021410632733 -0.07139552629703307
150.31155395507812 -1 407.5476989746094 347.41705322265625 -1 993.0964965820312 352.46514892578125
0.9984700109109829 -0.05289465208638 -0.01605582802209363 0.0014154429016324732 2.728449199516313 2.1342800636251296 -0.07318296054074877
320.3232727050781 -1 468.08673095703125 356.8681945800781 -1 472.4359130859375 357.8209533691406
0.9984445726904675 -0.053779106028270456 -0.01453975053957636 0.002199698614992702 2.851784115538351 2.1585069411492386 -0.06966214251285908
169.85305786132812 -1 571.432373046875 383.8110656738281 -1 1112.8270263671875 384.96258544921875
0.9984864605486141 -0.05358586060004045 -0.012090968270140392 0.002674346863184722 2.9647819980372145 2.1743625467043595 -0.07106362386114935
177.8698272705078 -1 543.13134765625 280.12115478515625 -1 1055.425537109375 328.7945251464844
0.9985131811744968 -0.053429988336441823 -0.01066044291390193 0.0017373324475994326 3.070095915969445 2.178814647514199 -0.07905505042088547
184.9884490966797 706116 363.929443359375 185.9776611328125 -1 286.942138671875 274.5451354980469
0.9985114570245666 -0.05351717731986699 -0.010316553496595895 0.00208582030456366 3.1547971514596354 2.1894724746671703 -0.08580002025559412
177.85174560546875 595352 321.8329772949219 192.34494018554688 -1 347.8530578613281 194.29296875
0.9985771795986624 -0.0523959393848192 -0.009906965932073516 -0.00036598740938837267 3.2429347304872675 2.175433088256002 -0.08100340120479736
185.71205139160156 591963 409.0950012207031 188.28118896484375 706116 413.0154113769531 192.24658203125
0.9986684518159334 -0.05079859417531972 -0.008444609492890278 -0.0030845984974265826 3.3232051290468156 2.151924869868934 -0.08046167678226206
98.51252746582031 -1 411.5557556152344 159.37820434570312 614201 567.6281127929688 163.4824676513672
0.9986104412190803 -0.05175369502825685 -0.008908655985314512 -0.004401998147583914 3.3937559169902576 2.1455892034823236 -0.08575731667153133
161.27670288085938 -1 692.8309326171875 174.9730987548828 848224 446.15087890625 182.33297729492188
0.9985771900337252 -0.05202299801085234 -0.010319649522672737 -0.005541485003270853 3.4596954878614548 2.132471926558191 -0.08735252047665844
157.9093475341797 614201 708.8014526367188 171.40255737304688 848224 459.5536193847656 179.150146484375
0.9986368723060712 -0.050721199082117065 -0.010748441522847114 -0.006018989886157272 3.541601014641638 2.1074142401794838 -0.09611028334096601
170.4308624267578 591963 483.3003234863281 170.4308624267578 591964 480.0666198730469 176.72352600097656
0.9986249351134124 -0.05111087511968392 -0.010417096392261703 -0.005234645832078316 3.60890089055166 2.0986270274376615 -0.11247019068150323
151.92449951171875 595222 516.3067016601562 157.02806091308594 595352 445.07086181640625 161.28709411621094
0.9985728364829484 -0.05217576179253608 -0.00951401440910889 -0.006282009996057412 3.6903179243842823 2.0867869398222836 -0.13659420404687136
166.02362060546875 -1 525.7998046875 166.02362060546875 706116 499.7507629394531 185.76039123535156
0.9985355822678518 -0.053168120840554625 -0.007436175574706217 -0.006674216366622599 3.7888907527334825 2.080287389970854 -0.16736160088365953
258.9024963378906 638139 500.9645080566406 258.9024963378906 -1 1021.5968627929688 276.384765625
0.9985972884626535 -0.051931701098835645 -0.00549118686294783 -0.008740752991217557 3.8837642855426653 2.0565768015117625 -0.18774028554550337
164.73806762695312 700906 542.7359619140625 168.0430450439453 702029 557.8576049804688 179.53622436523438
0.998600407710516 -0.05203103114249933 -0.0067935578781991935 -0.006621562504066611 3.9443404585747883 2.069989901583317 -0.20434702267079863
0.5 -1 0.5 0.5 -1 0.5 0.5
0.9985752492759152 -0.05220915859296303 -0.009926798757287976 -0.004809777436734169 4.003996923232754 2.0842640686291456 -0.21256011424005994
46.11622619628906 -1 602.3958129882812 128.7228546142578 595222 631.6140747070312 133.22003173828125
0.9987055103419656 -0.049681256283835004 -0.010318161889921094 -0.0035513267756272643 4.074076721160103 2.081529549984399 -0.21973700971135246
303.6318054199219 -1 1016.14453125 333.8896789550781 -1 984.2317504882812 343.5454406738281
0.9989388451594193 -0.04503620952257937 -0.00951054232693121 -0.0015725927799841244 4.190102887678937 2.0651601136278326 -0.23923213234053237
209.23065185546875 -1 666.6261596679688 244.4407501220703 -1 1294.636962890625 326.1856384277344
0.9989808099197424 -0.04442339799984867 -0.007888934372728796 0.0012914475232944735 4.265436308645198 2.0801769458900807 -0.266850493560887
262.6060485839844 -1 536.2532348632812 263.71728515625 -1 753.8324584960938 338.4750061035156
0.9990006520833301 -0.044209681519836085 -0.005336440988485535 0.0038371336401264913 4.337491685468875 2.1073198932874204 -0.2883424280841766
235.594482421875 -1 573.6483764648438 264.95343017578125 -1 573.6483764648438 264.95343017578125
0.9989188909155999 -0.04592730596738436 -0.0036838009237343625 0.006177503482832818 4.4074104565058105 2.1590050194395505 -0.31073921896144036
92.94384765625 595222 784.9994506835938 98.14217376708984 595224 797.6538696289062 98.57562255859375
0.998874479728052 -0.046479468515070406 -0.003089302684478944 0.008938062625298731 4.46135406462733 2.212806064681358 -0.3058476693485465
111.72624969482422 595223 776.4281616210938 112.59026336669922 618819 811.025390625 112.5245361328125
0.9988398150058461 -0.046514558045103224 -0.0016487654525554536 0.012357241659795027 4.506788918771695 2.26408805961547 -0.3127528475550196
116.27530670166016 595222 802.300048828125 121.00159454345703 618819 836.5389404296875 121.59020233154297
0.9987473856672766 -0.047773547083830886 0.0002928166151622833 0.014874880847895903 4.553353195190047 2.3088326967052835 -0.3364612299899585
127.1600570678711 595222 826.6361083984375 130.94918823242188 618819 866.06982421875 131.8017578125
0.998609121350484 -0.050327213608210616 0.0020484588946034386 0.015581981331174615 4.593422569306005 2.334474879479451 -0.3656022884328452
138.97361755371094 595222 844.1599731445312 142.85552978515625 618819 883.0816650390625 143.2517547607422
0.9985141388467327 -0.0515318651024121 0.004616882799797599 0.017107477764057678 4.626653575642871 2.351024535692371 -0.3919502960269284
143.5967559814453 595222 862.2080688476562 147.56781005859375 618819 901.777099609375 148.42044067382812
0.9984544704581404 -0.05083340899761698 0.007292149945477891 0.021247576356097645 4.647609855464362 2.372097966332211 -0.4112450861391299
138.15882873535156 595222 883.3694458007812 142.9412078857422 618819 922.6854248046875 142.94313049316406
0.9984502141048259 -0.04920996110012378 0.00879368652631779 0.024458551875135206 4.651245802170258 2.3765392611474176 -0.41081242210002805
45.4599609375 -1 910.320068359375 128.53866577148438 595222 894.8587036132812 132.85198974609375
0.9983877624895804 -0.04914247757368647 0.00964575815690564 0.026718008132112697 4.6309990377583 2.3835800820358033 -0.40055989024362415
0.5 -1 0.5 0.5 -1 0.5 0.5
0.9981667138685067 -0.052721127892135726 0.011163213767104855 0.027551345831331283 4.588025157905559 2.3869918843117737 -0.4118357057816959
144.1309814453125 618819 922.08984375 145.2066192626953 595223 928.0235595703125 145.54913330078125
0.9980956868383745 -0.05427229597286219 0.012108553604409811 0.026700201011919274 4.544614006772017 2.3655705522792156 -0.41561918360006994
142.41184997558594 595222 868.4946899414062 145.81260681152344 618819 906.6837768554688 147.0209503173828
0.9981225351382553 -0.05365872527515837 0.011714338131151832 0.027109414106109904 4.479896279556706 2.3366131750888055 -0.3984521328468974
127.86087036132812 620176 838.022705078125 144.04151916503906 622618 835.1012573242188 146.13999938964844
0.9981835409974491 -0.05213811437247781 0.010657203517769618 0.028242866792471722 4.4111320776230265 2.311326850224454 -0.37861316453180166
118.93936157226562 595222 827.8907470703125 124.0101547241211 618819 865.4640502929688 123.80496215820312
0.9981917378658612 -0.05176727071851166 0.010651948133421735 0.028634596900447708 4.3458463477393465 2.281142445292154 -0.38201727259272106
106.03816986083984 595222 807.8452758789062 110.8087158203125 618819 845.908935546875 111.27458953857422
0.9982357523902559 -0.04992776412367114 0.012109569447600702 0.02976506924676593 4.284699918196626 2.2577477955636294 -0.3971550467862089
0.5 -1 0.5 0.5 -1 0.5 0.5
0.9981909094197092 -0.05009346594997276 0.013312853494756867 0.030468359863962166 4.230125706404962 2.231550205097982 -0.4199513285022605
76.40321350097656 595222 812.8821411132812 82.3093490600586 595224 808.6111450195312 85.1215591430664
0.9981690708614501 -0.049766006491661144 0.013969725668857819 0.0314117388598312 4.1704092499130425 2.2015675300813498 -0.43276778520922843
61.33326721191406 595222 797.2171630859375 67.45601654052734 595224 797.2171630859375 67.45601654052734
0.9981747748626824 -0.04712343266316697 0.014316554952731124 0.034950496078867084 4.091506564183926 2.1845458482614206 -0.43406919660670684
37.225460052490234 595222 785.6439208984375 42.46315383911133 595223 780.9515991210938 43.28789520263672
0.9981569915938083 -0.0459601776323195 0.014480040784210254 0.03688645582448149 4.037570832881314 2.1638184310370727 -0.4314009563001159
22.00523567199707 595222 773.3343505859375 27.14356231689453 595223 1031.944580078125 28.21516227722168
0.9980643783274994 -0.045738618276952574 0.016131555039832008 0.03892619225989467 3.981092880973074 2.147392921687711 -0.4394534608317327
17.840999603271484 595223 758.3111572265625 18.79467010498047 595224 758.3111572265625 18.79467010498047
0.998043476630673 -0.044815331233982826 0.01808539912224979 0.039670179983668515 3.926878216200706 2.1213075901284686 -0.4406067233926255
0.5 -1 0.5 0.5 -1 0.5 0.5
0.9978906242386546 -0.04597402263943578 0.019933378372437718 0.04127168188477731 3.865118831485686 2.1070560396036084 -0.4438399237555808
0.5 -1 0.5 0.5 -1 0.5 0.5
0.9977352364585749 -0.04683949335968586 0.020776432424410126 0.04357521826076723 3.801772205024163 2.0988673631921517 -0.4383415900530466
0.5 -1 0.5 0.5 -1 0.5 0.5
0.9977067918122061 -0.04646283621170893 0.02097539207253902 0.04452409853508959 3.730122571031225 2.0684891229742037 -0.4215829522592634
2.908951997756958 -1 653.9647827148438 3.127373695373535 -1 695.60595703125 4.250990390777588
0.9975925097931098 -0.04600550387589262 0.022234119990944802 0.046886265857261133 3.669672853375233 2.0575830304071783 -0.41656538841001645
0.5 -1 0.5 0.5 -1 0.5 0.5
0.997518888299617 -0.04577037194807359 0.024001114348581903 0.047802584106486405 3.602565367249983 2.0348617957387627 -0.4166664757328974
13.43853759765625 587305 645.3159790039062 19.361629486083984 -1 630.3690185546875 20.291898727416992
0.9974345695085277 -0.04539233336692696 0.025402260260376022 0.04917866198370999 3.5367295520718747 2.020397355056804 -0.41072205746890406
9.378551483154297 587305 190.67532348632812 14.375986099243164 589671 631.0499877929688 15.007491111755371
0.9975234490937538 -0.044257806832941754 0.026006772482081095 0.048081834693618965 3.4522304780583606 1.9833366130073111 -0.3865311703307417
4.284629821777344 587305 474.8534240722656 52.17726135253906 587306 494.6549987792969 144.78294372558594
0.9976184902391482 -0.042912700769307456 0.026028054333192902 0.04731160992055676 3.3828819976980133 1.9527062374524284 -0.3567811567637272
6.210299491882324 703065 538.7764282226562 14.401491165161133 580331 531.60009765625 16.642963409423828
0.9976863370105407 -0.04132162970236406 0.027124294038477156 0.0466772807064105 3.3110577917410633 1.9257960876009046 -0.3288956556288306
3.906395673751831 -1 520.4046630859375 13.02763557434082 580331 559.1699829101562 13.484951972961426
0.99773686941284 -0.042127625261516755 0.028375024284392193 0.04405973900230145 3.243857595049771 1.8982599637395399 -0.3127133775756968
6.656394004821777 701906 543.01806640625 7.291753768920898 -1 543.5840454101562 12.440658569335938
0.9976669067918841 -0.044125946640174295 0.02931868874687916 0.04305877861234041 3.1776526201577613 1.876729503140187 -0.2991954230245279
6.696288585662842 -1 521.852294921875 15.055401802062988 701906 517.5499267578125 24.904523849487305
0.9977469445834614 -0.043090934042483243 0.029972319310214064 0.041783561993686734 3.113614363400443 1.8393644753892886 -0.2802189050244856
3.3554821014404297 -1 503.4803466796875 11.056191444396973 701906 508.1831970214844 11.366250991821289
0.997731881911005 -0.042756706667710705 0.031049018892838273 0.041700291114666097 3.051664126996067 1.8096357108960228 -0.27512154531604427
0.5 -1 0.5 0.5 -1 0.5 0.5
0.9976492579738807 -0.04341316920051444 0.03242283918306289 0.04195252439892197 3.003136761994713 1.7876889398247457 -0.2832583308205134
0.5 -1 0.5 0.5 -1 0.5 0.5
0.9976230724231311 -0.04326515725970208 0.034210181440711016 0.041303692596656755 2.9400486760023683 1.7364772619678013 -0.29842367330585795
13.382622718811035 579802 651.6099243164062 18.07561683654785 -1 651.6099243164062 18.07561683654785
0.9975500521292289 -0.041150534012843513 0.033940630263244016 0.045261028101054736 2.8707179272181027 1.70758562415615 -0.29730699460005283
49.517147064208984 701921 442.2643737792969 68.55780792236328 579807 635.9424438476562 124.76447296142578
0.9976132161291503 -0.039063404672888186 0.03218953334101076 0.046965469901869804 2.7921731493523376 1.660865164351699 -0.2860898643223956
128.67422485351562 -1 729.6195068359375 128.67422485351562 -1 438.955810546875 133.71957397460938
0.997453345682035 -0.03937705607022993 0.031107232652864452 0.05068146327442907 2.7196103860246987 1.6457443959074403 -0.2886578726235716
81.68543243408203 571914 405.8218688964844 90.91157531738281 593689 678.6519165039062 101.82706451416016
0.997413016096203 -0.03947264503868807 0.03169244925444607 0.051036989289922265 2.6666865601166343 1.6146803397540765 -0.2985371235368742
3.6981868743896484 -1 1179.2926025390625 3.6981868743896484 -1 781.4464721679688 4.70455265045166
0.997219633316625 -0.03961568029554376 0.033435435552080645 0.05353197597716725 2.60726372833359 1.5897143734322143 -0.3115706844963641
4.798839092254639 -1 1148.6864013671875 7.099853515625 573668 659.4794311523438 8.66037654876709
0.9971153239448989 -0.04233304720939975 0.03370024847246113 0.05322816097819472 2.562788354774501 1.573756148003954 -0.30543101102750936
4.466995716094971 -1 611.651611328125 45.1251106262207 572499 697.9679565429688 62.278709411621094
0.9967440412928262 -0.04704431459567647 0.032076544858401626 0.057089787890785254 2.48649330993171 1.5770733978765004 -0.28279499132421343
0.5 -1 0.5 0.5 -1 0.5 0.5
0.9965537312742134 -0.04949097117513396 0.030243134541475616 0.059301410343187574 2.4342706077963325 1.5531830117949503 -0.2707711718057953
29.910375595092773 573668 517.8483276367188 63.65248489379883 571914 325.45758056640625 76.86201477050781
0.9966946632095971 -0.04593215791004538 0.027875963206767863 0.06093370064692847 2.3876153386341996 1.4983566503460617 -0.24338540169104841
32.1265983581543 571914 306.7710266113281 45.79037857055664 573671 306.7710266113281 45.79037857055664
0.9968455542810065 -0.04579973242024658 0.02396948924459994 0.06022282794571943 2.339381059739401 1.4556642983226586 -0.22902876855246948
14.99470043182373 571914 1090.9681396484375 48.31669616699219 846560 1090.9681396484375 48.31669616699219
0.9967020664909827 -0.04736391112699346 0.020541165282254855 0.0626075962180805 2.295227878634548 1.4396590870804704 -0.20871777875163913
6.007587432861328 -1 841.2344970703125 5.362433433532715 570388 569.90234375 9.28749942779541
0.9967298541494402 -0.04598454437433132 0.02006986231857846 0.06334208831759633 2.2713156806119956 1.4171422389825707 -0.18399011194052411
5.291691780090332 -1 1008.424072265625 13.10352897644043 572116 585.3206176757812 16.305679321289062
0.9967759717699273 -0.04551803700682733 0.02172507576054161 0.06240025234212668 2.2555663387737583 1.3987867514179573 -0.16242364727825453
5.406056880950928 -1 510.5086669921875 15.45858383178711 570953 583.2429809570312 20.935909271240234
0.9969746463341276 -0.046037467148428914 0.021605052703952906 0.05878203707901051 2.2295806577418884 1.3817329263525664 -0.14546289885578365
46.54356384277344 846560 1273.306884765625 80.94126892089844 -1 740.7909545898438 91.04759979248047
0.9972861046132622 -0.04492117095416445 0.020005534353978522 0.05479317969076177 2.166821494672581 1.3484467425060032 -0.12397531382591964
202.83499145507812 571842 830.6678466796875 204.25338745117188 578997 417.6390380859375 255.51951599121094
0.9976847086836612 -0.042590392043172894 0.01920382733259785 0.049421590223165474 2.10138232721863 1.2930623022734242 -0.10829218143195744
339.9047546386719 -1 335.7916564941406 341.38214111328125 -1 311.9961242675781 342.8121337890625
0.9977601936214596 -0.04385986467886103 0.018766043505223477 0.0468907656791791 1.9969483001056874 1.2669248731945555 -0.11041081178105544
99.66492462158203 567549 622.7429809570312 105.45963287353516 568557 810.86865234375 105.38644409179688
0.997648322328493 -0.04445527620786965 0.022562580107085055 0.04703704233194252 1.9060674733692593 1.242267302365533 -0.12386138490426911
76.27740478515625 566931 880.9882202148438 77.89777374267578 566477 1084.5863037109375 89.50656127929688
0.9979974102339592 -0.04091615092592933 0.029051048393978325 0.03851070431617652 1.8412514458447147 1.162870854705213 -0.13879680434032257
38.37689971923828 -1 1060.31494140625 61.72883605957031 537225 874.144775390625 62.70808410644531
0.9978907385679633 -0.03749159269279064 0.03722704102264987 0.037717393525278815 1.7216571675358863 1.1009123372821767 -0.15433461219626884
55.275699615478516 561900 550.1431884765625 68.51960754394531 -1 860.8941650390625 68.61660766601562
0.9979303519164302 -0.03596595445787619 0.04115095135519908 0.03388306430130089 1.615529019849676 1.0593253211829687 -0.15072981188640372
118.57626342773438 -1 944.053466796875 176.37930297851562 543245 940.8123168945312 179.51341247558594
0.9978985716632437 -0.03604023888193384 0.04041959317322417 0.03557805983330644 1.5158276503704553 1.055275845141998 -0.13644674411426427
262.0719299316406 -1 823.7232055664062 322.885986328125 -1 783.8734130859375 334.18902587890625
0.9980844230439873 -0.03687550934898661 0.03652754440494945 0.03366630046423811 1.3980037684087363 1.0368751656379864 -0.12058380647499503
217.69456481933594 -1 871.3228149414062 277.2515869140625 541076 722.7029418945312 305.1265869140625
0.9980927021433835 -0.03879972083665627 0.03240709184054936 0.0354304951920652 1.2792127123948203 1.0313509469507156 -0.09907636275232672
205.23355102539062 -1 1244.83642578125 256.01275634765625 -1 1244.83642578125 256.01275634765625
0.998108917213 -0.04125035530457247 0.029460898804516727 0.03477143955560802 1.1746294396377033 1.0224602736073922 -0.07932684935111989
126.89531707763672 -1 1289.6419677734375 126.89531707763672 -1 1427.5164794921875 142.37445068359375
0.9981482309526725 -0.04209982986033557 0.028845309956482004 0.03310077741225592 1.1000436696284261 1.003250953837619 -0.06067018925751247
41.31850814819336 567615 628.4247436523438 41.31850814819336 -1 620.6790161132812 54.2877197265625
0.9981664425168356 -0.041241620247418176 0.02950311119842463 0.03305220449933611 1.0289947534153956 0.9746670860588892 -0.04543442511849996
10.928736686706543 568692 586.41357421875 26.10616683959961 566477 813.3113403320312 31.184213638305664
0.998168731525049 -0.03994266440962485 0.030474320759276946 0.033690988999959974 0.9726906953157297 0.9484937620384581 -0.038753566637810814
13.905029296875 566931 616.1947021484375 13.905029296875 568122 612.3215942382812 15.816545486450195
0.9981944674681468 -0.03933753104579978 0.030695443673226228 0.033438802384465824 0.9116016160784071 0.9262524082871112 -0.03072146480989847
32.46723175048828 532677 771.6145629882812 33.265960693359375 533917 461.9777526855469 34.616050720214844
0.9980855434239867 -0.0397919069780303 0.02957442225261044 0.03697574469190932 0.8327307424700496 0.9139270621812969 -0.020994116559204124
26.842571258544922 846585 671.185791015625 36.9429817199707 558585 567.3704223632812 37.8504638671875
0.9980408463186784 -0.03920948420103894 0.028327171998139798 0.03968194494694936 0.7604461647360261 0.8920405241119825 -0.011365567839450553
17.732288360595703 846585 711.1624145507812 24.179603576660156 -1 711.1624145507812 24.179603576660156
0.9979445367294725 -0.03772451570084017 0.028660944253652343 0.04315220505866137 0.6829478670700309 0.8600866092898354 -0.017913351030930065
41.263282775878906 -1 1255.816650390625 42.23239517211914 533790 711.5774536132812 66.70184326171875
0.99788254089034 -0.03766076921596727 0.027561751714896447 0.045303983166020495 0.6055700406813062 0.8251928153636335 -0.031805723798659244
24.285362243652344 -1 686.2849731445312 35.58778762817383 516086 686.2849731445312 35.58778762817383
0.9975912418646735 -0.03647385309412634 0.025554961006332054 0.05318191575461896 0.5277963777745687 0.7882998901153888 -0.03757594001553734
3.4596307277679443 -1 1399.957275390625 34.129905700683594 -1 898.608642578125 34.45103073120117
0.9973427374802235 -0.037546317508417186 0.024759341861883378 0.057312415998434535 0.46736877852061687 0.7600228992178012 -0.051530743741073505
19.166181564331055 -1 1288.0196533203125 45.491058349609375 -1 1136.666259765625 49.65717315673828
0.9971074859939841 -0.03957384295991183 0.025954938114744707 0.05947195570687635 0.414495695784181 0.740547457846874 -0.06749377763048241
0.5 -1 0.5 0.5 -1 0.5 0.5
0.9972872048606809 -0.04185607792014366 0.02765077653736507 0.05386774841399867 0.3779963300809646 0.7265106154103832 -0.0785139423035472
0.5 -1 0.5 0.5 -1 0.5 0.5
0.9974539447133051 -0.04576496860928334 0.02756659801583808 0.0472364107219388 0.3294988475539203 0.7127617624876814 -0.08503548259676563
54.250465393066406 526271 1039.1573486328125 55.23925018310547 -1 778.054443359375 62.57035827636719
0.9979504380225899 -0.044066223936458454 0.025146340821827512 0.03899682938105761 0.27748797162708894 0.6858870517355277 -0.07506135321330278
3.604966402053833 -1 758.9266357421875 26.947956085205078 -1 860.40478515625 40.40748977661133
0.9980259825719227 -0.042603969842748154 0.021202836842687988 0.040981454034829695 0.22686520266919613 0.6606279421405674 -0.05847658749123159
3.8626279830932617 -1 826.5923461914062 16.157245635986328 523246 737.0222778320312 21.46959114074707
0.9981349750531784 -0.04141325814238718 0.017983759546004705 0.041086470014038125 0.18216980041646513 0.6334825377947121 -0.04073554599469284
0.5 -1 0.5 0.5 -1 0.5 0.5
0.9982408357157316 -0.04245301547255508 0.01679001842336143 0.03782949468586488 0.13976516081896218 0.6062564107565948 -0.03168602057629727
0.5 -1 0.5 0.5 -1 0.5 0.5
0.9983625924133153 -0.041808246007303776 0.017433060797664678 0.034932692807487106 0.10438745516324018 0.5668412685553457 -0.02048438416473331
3.1060802936553955 -1 1016.8656005859375 8.502403259277344 524109 1019.2349853515625 18.698965072631836
0.9986009062267518 -0.039857613656538324 0.018604646918508376 0.029350772217332875 0.05692651132567612 0.5190974530273079 -0.011017507328714786
28.446990966796875 -1 1023.5457763671875 30.361209869384766 -1 1023.5457763671875 30.361209869384766
0.9987274983389512 -0.03737826149668924 0.017987412248846778 0.02868279326870578 -0.0031818143162062546 0.4726665896541576 0.0009972432069895155
139.54312133789062 -1 712.5282592773438 145.1289825439453 -1 711.35546875 148.50482177734375
0.9987450448884982 -0.0345693620631991 0.01692352396933848 0.03204510654802814 -0.08061975168086577 0.4285279070485981 -1.6333114826021315e-05
64.78099822998047 483626 430.5549011230469 87.59329223632812 863476 374.37689208984375 94.9380111694336
0.9986289724641764 -0.03235133865127148 0.017115380738126684 0.037424991446934605 -0.1558436433162605 0.39441030743978217 -0.007799550116370555
21.336132049560547 -1 1596.922119140625 22.899459838867188 -1 1596.922119140625 22.899459838867188
0.9984025027015629 -0.030275830192636192 0.020117346177486572 0.04325631847692845 -0.2345506495784073 0.36261296056372416 -0.009315471997202413
4.584239482879639 -1 592.361572265625 20.65703582763672 483626 973.3685913085938 24.472431182861328
0.9982411117724936 -0.029566044807636877 0.02349855094121692 0.04569846677200036 -0.2937743817776587 0.33886752726026115 -0.007818090310495808
12.93716049194336 474229 1029.5218505859375 13.312148094177246 497495 596.7890625 31.993858337402344
0.9981423853148578 -0.028115154118771735 0.027021275264597383 0.04680990739062214 -0.36705610966249363 0.3077751154935284 0.006920307797950906
0.5 -1 0.5 0.5 -1 0.5 0.5
0.9981438070725842 -0.027070426225878783 0.02898715416260509 0.04621555279503449 -0.4425927867525449 0.28974743860825863 0.02152175616131412
39.84892272949219 515447 540.2827758789062 39.84892272949219 472316 543.229736328125 44.64793014526367
0.9981223193206552 -0.027724597871773605 0.029293830198885297 0.046098306466545946 -0.5412404020601412 0.2783868050177251 0.03426732986187826
46.20265579223633 472317 825.945068359375 54.40629959106445 450028 826.8142700195312 58.525726318359375
0.9981215129619518 -0.028459258648881377 0.029120741195783485 0.04577661402843952 -0.634378278077372 0.2656906379182532 0.042666468198489294
41.30121612548828 472316 465.949462890625 45.71530532836914 472317 790.5128784179688 49.57003402709961
0.9981361814739462 -0.028026998029909597 0.029622299063635 0.04540011026666635 -0.7155413120109676 0.24905834623999226 0.052178112367570514
0.5 -1 0.5 0.5 -1 0.5 0.5
0.9982531472327548 -0.028123015107090452 0.030210157606550457 0.042274063426332956 -0.8004801784890884 0.23530339242890888 0.059517252686109676
0.5 -1 0.5 0.5 -1 0.5 0.5
0.998307817267481 -0.027747546476838407 0.030856123061544578 0.04073665814428635 -0.8970893618206682 0.20995819540219438 0.07452360310699749
0.5 -1 0.5 0.5 -1 0.5 0.5
0.9983361636019507 -0.027251845400989006 0.031483255052639395 0.039887918196747876 -0.965938248123681 0.18509718773309813 0.08864166364900315
0.5 -1 0.5 0.5 -1 0.5 0.5
0.9984929008975467 -0.02551945134394667 0.032718049744497796 0.03591954455755948 -1.0394261902741417 0.15733218496460755 0.0982506374824145
14.828818321228027 450028 605.575927734375 14.828818321228027 -1 603.0044555664062 18.950401306152344
0.9987316258411167 -0.022427282577586853 0.033441265936431416 0.030229758078975943 -1.117032645478279 0.12357252300594596 0.1144340756668279
4.494908809661865 431418 1047.5220947265625 7.635610103607178 476531 276.5592346191406 8.960928916931152
0.9986741148509145 -0.021439364116388384 0.034052740523807676 0.03210571375698967 -1.1973180523371636 0.08358540396624228 0.13061873783105873
3.999628782272339 -1 842.1303100585938 3.7045328617095947 -1 1028.31884765625 6.208317279815674
0.9985307202160012 -0.023920859051469515 0.03482936182079228 0.033927994964483 -1.254041531548203 0.0695112629736732 0.14147970674066404
3.6367459297180176 430124 736.6126098632812 4.308588027954102 -1 930.9207153320312 5.139281749725342
0.9983795156120729 -0.02686562017835755 0.03650230570193738 0.03441166861803204 -1.2978324206529495 0.07326470713165813 0.14529143161778332
1.240877628326416 -1 725.3667602539062 4.618711471557617 -1 420.5181884765625 5.503749370574951
0.9982576459674037 -0.028969277700625524 0.03829985047939286 0.034286654406313316 -1.3432522837877579 0.06809624989424294 0.14651091777728806
3.0383307933807373 -1 948.6375122070312 7.75135612487793 434885 405.6204833984375 8.064421653747559
0.9982364186961095 -0.028575182900701157 0.03788049172988379 0.035673234465907484 -1.3900681995286621 0.03533912027342652 0.14965548958423106
2.4782941341400146 -1 497.1686096191406 5.837310314178467 -1 947.1686401367188 5.473080158233643
0.9984937626652505 -0.02703520378962495 0.03439124055311786 0.033114139696835174 -1.4455711455301397 0.004504479355063776 0.14911957725947608
174.4263916015625 527421 432.6473693847656 179.0322265625 432749 432.6473693847656 179.0322265625
0.9988854092129665 -0.02585334870974882 0.02773667657646452 0.028110859012650126 -1.5200961477666892 -0.010431164667972247 0.14402317223416794
226.9794464111328 432348 587.8296508789062 297.1650695800781 -1 586.7918090820312 304.1531982421875
0.9990809667143424 -0.026858828388375233 0.020213976337342936 0.026593616665892005 -1.6009887829681275 -0.03034383627578683 0.14418470660049415
29.806175231933594 505030 590.9002075195312 32.20677185058594 428919 331.6340637207031 37.37509536743164
0.999207883411851 -0.02827468913417399 0.014678719917993336 0.02384707243130235 -1.669355098636022 -0.043405383663590376 0.1500962345892356
2.8239240646362305 -1 62.73773956298828 6.477903366088867 -1 791.347900390625 12.294767379760742
0.9992815345455953 -0.028159218126832947 0.011658584885417888 0.022528882554516492 -1.7284743738222215 -0.06647629241274519 0.15751130370762917
0.5 -1 0.5 0.5 -1 0.5 0.5
0.9993935809780281 -0.026870499670168694 0.009529920850944002 0.01999067672600684 -1.8140882008616948 -0.10696310907011919 0.1619884597022556
23.1758975982666 528860 499.0636901855469 27.947359085083008 421262 5.716071605682373 29.958127975463867
0.9995097455527041 -0.024704921701917005 0.008917402687602051 0.017041576164719213 -1.8992744692755468 -0.1495002071303939 0.16189410726266978
10.533490180969238 -1 469.29522705078125 10.533490180969238 -1 643.3235473632812 19.104705810546875
0.9995602164905408 -0.02277475021883504 0.009042136094923341 0.01670102202542265 -1.9843430766224055 -0.20074776571454467 0.16318499989187268
2.969925880432129 -1 670.4024658203125 4.834113597869873 535571 670.4024658203125 4.834113597869873
0.9995082815279974 -0.02105815675801975 0.009281330177460773 0.0212980304498124 -2.0530050569418323 -0.2571569114684446 0.1643099227206189
5.457299709320068 -1 1158.5655517578125 7.560216426849365 -1 615.8443603515625 9.970369338989258
0.9994265975240444 -0.01972805647564766 0.010154016539841139 0.025576862538514867 -2.126947763222833 -0.31117669038967616 0.16367729599674344
22.519420623779297 404430 605.4219970703125 23.31395721435547 451776 591.3646240234375 37.454864501953125
0.9994107424792165 -0.01800148500716996 0.012319517728783397 0.026501770461765148 -2.2012833430812546 -0.35561930831991717 0.1699193977289683
31.705503463745117 529897 1179.2244873046875 32.54541015625 385103 1230.822998046875 42.94474792480469
0.9994470626789564 -0.016117090095845495 0.015095670314786582 0.02485817867414618 -2.2837058791932363 -0.3912461092299918 0.18234560554474882
18.010486602783203 529897 1207.04150390625 22.245235443115234 450900 362.4107971191406 49.62574768066406
0.999514071363078 -0.014841391067799114 0.018079992575089552 0.020602624271224817 -2.398298642537435 -0.4117477605481032 0.1940847413431578
3.815908432006836 -1 469.05902099609375 30.247528076171875 451976 862.9103393554688 64.49724578857422
0.9995225719771254 -0.015393811163853702 0.018663967524541306 0.019217570146269264 -2.5033667183207364 -0.4309514743634885 0.1864077566811784
32.310577392578125 -1 833.3397216796875 55.457210540771484 455217 352.27239990234375 101.95101165771484
0.9995578394915717 -0.01524348699098226 0.018516539082826283 0.017575534008711445 -2.597849286099573 -0.4503985709373309 0.165247925753796
5.501093864440918 -1 1063.69091796875 49.23940658569336 343447 1087.247802734375 72.12910461425781
0.9996158342105955 -0.013265770173396642 0.01866549676020985 0.01561417842400099 -2.6820828584331777 -0.4741502677901658 0.1409871878424374
25.70938491821289 343447 1051.6253662109375 54.09585952758789 -1 1118.406982421875 64.12737274169922
0.999666785186817 -0.010827372942478632 0.018807736752503038 0.013976967756548374 -2.766399287930051 -0.5032193539007157 0.12556840573229205
9.057822227478027 -1 247.7962188720703 51.90831756591797 344945 68.5539321899414 56.56215286254883
0.9997066988491514 -0.009116891818446616 0.018603536517673432 0.012542208287950775 -2.848171894822806 -0.5234028230821028 0.1136474331357738
8.19536304473877 -1 1005.368408203125 8.19536304473877 -1 438.6946716308594 50.05369186401367
0.9997463983593774 -0.007581590939691073 0.018428246613484994 0.0104908614054765 -2.933101281472346 -0.5356085816935721 0.10594899879284872
8.797327041625977 -1 687.1463623046875 39.45008850097656 491961 658.9917602539062 54.25897979736328
0.9997652368392131 -0.0054530045398667225 0.01842907884257519 0.010005248739256345 -3.0203499023516476 -0.5565335996582139 0.10338294470173709
25.248260498046875 491961 739.9674682617188 42.85538101196289 290134 739.9674682617188 42.85538101196289
0.9997676477425439 -0.002886834956447219 0.018050842120037706 0.01142295102118361 -3.104502555607881 -0.5873111625329577 0.09726569242675467
29.755857467651367 378161 299.3676452636719 29.755857467651367 302148 518.0436401367188 95.61104583740234
0.9998015182765664 -0.0009181064506394096 0.016455271886647214 0.011193978718698967 -3.197997645238676 -0.6041338147305018 0.08150314946370553
0.5 -1 0.5 0.5 -1 0.5 0.5
0.9997899453049641 -0.0006710495511971278 0.01543673299296961 0.013465594457746359 -3.272118423236132 -0.6255203830242962 0.07647354681573529
4.859115123748779 -1 749.3676147460938 5.682422161102295 291002 528.080078125 7.929722309112549
0.9997231328922344 -0.0005682726735414956 0.015118411928627538 0.01802132756099965 -3.345138643107764 -0.6645669527394545 0.07707906638062516
9.415144920349121 750834 516.5810546875 16.359329223632812 709329 406.1268310546875 31.291133880615234
0.9996574513753184 0.0009961997658538282 0.014729740332143696 0.021610697480117694 -3.4144960694260558 -0.7119809178847178 0.06804074107119269
9.493237495422363 708688 717.8748168945312 65.33409881591797 507361 717.8748168945312 65.33409881591797
0.9996524978852233 0.004158300986101158 0.014114769685966408 0.0218715633061516 -3.4929676717706903 -0.7534215593567094 0.04461830259017308
0.5292958617210388 -1 0.5299938917160034 0.5292958617210388 -1 0.5299938917160034 0.5292958617210388
0.9996455157128387 0.007356091755028405 0.013735375717286419 0.021588660986950635 -3.579668663239198 -0.7997784379698193 0.02735742331038083
258.4366760253906 198541 519.01806640625 329.80218505859375 -1 668.92822265625 334.63616943359375
0.9996976698277218 0.00971916453101695 0.012418247338904146 0.018865150804387727 -3.694761337796623 -0.8234093856222741 -0.002794573607451186
246.59796142578125 -1 380.3067321777344 246.59796142578125 -1 655.8292236328125 272.4742736816406
0.9997819144049932 0.012522197226353794 0.009134918347608907 0.013995408964860089 -3.8354928428291637 -0.8288679260402928 -0.04615044033109616
290.9035339355469 -1 1076.7578125 315.334716796875 382366 493.0361328125 341.2713928222656
0.9998382657644586 0.014006943125734885 0.006583970606093592 0.009159650017908253 -3.9678958476572963 -0.8275243189290907 -0.08154583988529886
382.12261962890625 347654 408.6543273925781 387.9269104003906 -1 408.6543273925781 387.9269104003906
0.9998646173119912 0.014656171913849238 0.005404903171506788 0.00517017350616915 -4.07548047757941 -0.8254948080560514 -0.1033715848473887
217.31869506835938 328331 513.2597045898438 233.8759307861328 315380 513.2597045898438 233.8759307861328
0.9998633798664844 0.015788600426600793 0.004772284875999067 0.0010802757064188005 -4.161556035077435 -0.8152938627576707 -0.12069082963278398
146.81185913085938 682593 451.4104919433594 202.46392822265625 333840 294.4180908203125 210.4971160888672
0.9998487534955179 0.016623255271209683 0.0045049177448481985 -0.002417278171691999 -4.2409087685411695 -0.8063928408866464 -0.1359206622041294
195.67428588867188 -1 429.53253173828125 196.41062927246094 328331 1183.42041015625 210.4558868408203
0.9998315394671986 0.016960155310630998 0.0037446897527775016 -0.0059349066670355815 -4.324309452957765 -0.7942113275727906 -0.1545823064295888
185.9957275390625 854324 219.29861450195312 194.506591796875 311159 850.5198364257812 207.65313720703125
0.9998137562599232 0.017200247049746816 0.0025082406533946887 -0.008385286141518705 -4.402378701653434 -0.7862751427755628 -0.17517512940833652
109.04313659667969 -1 357.0914001464844 181.4127655029297 328331 814.385498046875 198.1279754638672
0.9997846588456059 0.018049452292313743 0.001272015299739325 -0.01016047174103243 -4.482079106235334 -0.786842298820631 -0.19417765268809067
165.47962951660156 709064 321.94287109375 173.06207275390625 328331 1162.585205078125 174.5808868408203
0.9997384111638896 0.019636863351222257 0.0008538116469347617 -0.011695035138841205 -4.557683449610771 -0.7962848505135087 -0.205186998176821
155.08584594726562 382802 960.1305541992188 173.11306762695312 -1 1395.2471923828125 179.33346557617188
0.9996819018549641 0.02088307629006858 0.0014201410012936967 -0.014070374118753677 -4.630431425398861 -0.7956949617560902 -0.21387039072457817
109.86557006835938 -1 811.1549682617188 109.86557006835938 285780 473.1726989746094 142.0738067626953
0.9996194812648611 0.02077696668897505 0.0019066194428548743 -0.018043700653563605 -4.69742836752817 -0.7761468560572131 -0.2132246893754633
125.79299926757812 855047 520.9772338867188 127.52664947509766 346195 1353.5047607421875 143.88722229003906
0.9995791148139207 0.019829582348176094 0.0024120628476004954 -0.021037177675126098 -4.765381199994513 -0.759862599503184 -0.20327540708235686
138.52928161621094 318054 1254.434326171875 140.7638702392578 853369 1299.8134765625 147.02288818359375
0.9995173929389546 0.018663113012273625 0.0011925895611743544 -0.02480417616743288 -4.869246171666245 -0.7318757827315777 -0.20024941248446199
193.68553161621094 -1 1289.642822265625 197.44654846191406 402765 280.2413330078125 224.14852905273438
0.9994587049390793 0.01962373419917568 -0.0010895605603388904 -0.026382172680882297 -4.9644014018103 -0.7246617421040514 -0.2212328610879407
192.8864288330078 -1 476.61297607421875 289.148193359375 -1 1023.175537109375 298.90576171875
0.9993967635147322 0.021760471512388902 -0.0034321656748890128 -0.026847927194051407 -5.062800448679695 -0.7362549561964016 -0.23910139963115823
311.4820861816406 -1 1028.579345703125 317.6396789550781 -1 302.57379150390625 319.89642333984375
0.9993158830124031 0.024086644746927052 -0.00629629085410641 -0.027348788372740563 -5.169625581820819 -0.7439723240305207 -0.2593412842857701
140.8249053955078 853556 1163.8970947265625 180.4877166748047 402765 1149.98095703125 203.5148468017578
0.9993467453635696 0.02476319346246217 -0.007118884848615807 -0.02534143364716226 -5.244847336943904 -0.7552685349137769 -0.25893462021352504
93.04769897460938 491626 1058.266845703125 108.05683135986328 709064 765.7784423828125 110.29134368896484
0.999355826403081 0.024315329996137718 -0.006961196245348995 -0.025460532363401615 -5.310925979237484 -0.7229973631002343 -0.2390976573510039
81.622314453125 790036 1117.6514892578125 81.622314453125 331610 744.1550903320312 103.48472595214844
0.9994243255170049 0.022038863252614962 -0.00620461411291439 -0.02503615056517935 -5.361922516540955 -0.6812130116620342 -0.2159341432526751
142.60614013671875 853314 1028.5128173828125 147.33258056640625 707099 709.3237915039062 150.5064239501953
0.9995119197877405 0.02034344888235802 -0.0048948355666564 -0.02319713074007021 -5.390299989463993 -0.6548741029634224 -0.19276763302528324
9.535632133483887 803384 922.5429077148438 13.670178413391113 856130 922.5429077148438 13.670178413391113
0.9995066056144739 0.02009168749923962 -0.0029509332496390076 -0.02396166562286075 -5.40474562752042 -0.6022505475162959 -0.1706982991950919
12.197630882263184 773331 879.4290161132812 25.775312423706055 803384 563.4283447265625 30.084209442138672
0.999395955391901 0.020710893757472357 -0.0019258544223985854 -0.0278401564438848 -5.412912969353409 -0.5181683049224086 -0.15606486872110154
38.410865783691406 327728 915.27587890625 44.00088119506836 856130 893.8053588867188 47.59981918334961
0.9993090580055205 0.022490764816187253 -0.003302606945564676 -0.02940518446576052 -5.420149213185685 -0.4538819588743948 -0.16157477401422715
31.403602600097656 -1 519.5928344726562 53.757530212402344 343951 519.5928344726562 53.757530212402344
0.9992756013107391 0.02512646037482785 -0.006226536299821999 -0.027895588536542934 -5.428368243984365 -0.416540859441854 -0.1852866184731837
83.51322937011719 788729 887.3475341796875 92.36892700195312 789581 867.540283203125 118.88749694824219
0.9992967620460318 0.026644074694794163 -0.010300606328950222 -0.024289342461885403 -5.436912994046648 -0.3729983486746459 -0.21731572642900723
132.78033447265625 -1 897.5317993164062 134.18585205078125 834801 867.1455078125 135.96136474609375
0.9993521096602018 0.02487867835204958 -0.01200317311047937 -0.02307241028673201 -5.436005360507555 -0.2952220488301395 -0.22235604634303854
312.2537536621094 -1 988.2389526367188 325.2481994628906 713803 694.927001953125 335.1145935058594
0.9994469663514903 0.020852442589914217 -0.010902815673656637 -0.02349607837967093 -5.4153986254786854 -0.18929567373517106 -0.19629561733362805
219.2837677001953 800934 1002.5931396484375 384.13427734375 -1 950.28662109375 412.2232360839844
0.9994927643507502 0.016326876661558156 -0.008173795516363137 -0.026092837634696824 -5.386543958307084 -0.06480505329173361 -0.15808249878942476
133.4031219482422 -1 1120.445068359375 206.15538024902344 800932 564.258056640625 243.8917694091797
0.9994588135759417 0.013657116472615522 -0.006311838438738536 -0.029252757657151678 -5.361394491024766 0.056539148034491754 -0.1316362748679109
213.4938507080078 733376 690.4323120117188 213.4938507080078 733377 1131.0703125 239.89039611816406
0.9993778960292308 0.013463109867368895 -0.006010978449341073 -0.03203800460341889 -5.348666824171478 0.16735894973856186 -0.13086410439742674
161.32191467285156 -1 696.7284545898438 249.46380615234375 803745 867.109619140625 265.97943115234375
0.9993198130012406 0.014909566934458936 -0.006069923063278723 -0.033177887078569335 -5.341053124116274 0.25883978044299644 -0.1359242658127968
152.33480834960938 773866 681.351318359375 170.49256896972656 -1 681.351318359375 170.49256896972656
0.9992933471755058 0.016084142855814606 -0.0058305016672908746 -0.03346807269138498 -5.337185086456641 0.3290977811382883 -0.1392981472163645
104.3033676147461 -1 923.38330078125 127.40290832519531 854830 923.38330078125 127.40290832519531
0.9992556258275134 0.016830811929645115 -0.005352855714335383 -0.034296719340996644 -5.338868598064531 0.4088606367028324 -0.14709676059224747
49.592472076416016 855655 833.5296630859375 110.9771957397461 727102 906.8579711914062 124.47455596923828
0.9991738944793638 0.01822251644762886 -0.00522535870781614 -0.0359466842926002 -5.343030441483265 0.4953920880950111 -0.15816945400439433
70.54763793945312 837127 934.7716674804688 70.54763793945312 840112 832.516845703125 123.93087005615234
0.9991883620209021 0.019960703710177184 -0.005446792245166415 -0.03456182812900687 -5.342539749267666 0.5712406687039846 -0.16905513118290266
154.8814239501953 727102 818.3545532226562 186.05177307128906 -1 757.7277221679688 200.44674682617188
0.9992014642542542 0.020454081146522505 -0.005185582308305502 -0.033928957141795994 -5.329717052794759 0.6500172919548673 -0.17876317002894562
207.79714965820312 -1 857.3007202148438 320.6694641113281 726681 1025.08056640625 321.17132568359375
0.9991772049926441 0.019491046364920626 -0.003639375410459233 -0.0353803205371314 -5.299222295488973 0.7739917331988128 -0.18570411771259154
191.4257049560547 -1 566.5653076171875 234.18524169921875 733850 1101.8236083984375 306.8448181152344
0.9991559696191447 0.018132694678472262 -0.0019935997611925794 -0.03680461001174275 -5.267351923197123 0.8800208014538805 -0.1842190451880485
283.80023193359375 -1 861.9623413085938 286.8287048339844 -1 589.3395385742188 294.4125061035156
0.999133127992658 0.017050342772688114 -0.0006712906826991526 -0.0379714067129502 -5.235354116939495 0.9840642689097703 -0.17700308986673086
314.45758056640625 -1 601.1940307617188 329.49420166015625 789032 860.6763305664062 330.66351318359375
0.9990818556252857 0.016573986896890887 7.743630981659865e-05 -0.039506236498754836 -5.209053510712932 1.0863869393815377 -0.16855459069398102
180.36326599121094 729689 984.4228515625 217.02127075195312 729123 984.4228515625 217.02127075195312
0.9990503377919138 0.014579706772625323 -0.0005682783721012852 -0.04105522826606984 -5.196739646392382 1.1820706963552414 -0.17594946937394149
156.02395629882812 856006 1017.044677734375 209.22683715820312 -1 567.882568359375 232.6302032470703
0.9989965305653133 0.011613178605875777 -0.0019191206090538625 -0.043213226878157804 -5.196027195456935 1.2873325323543638 -0.1930839810865679
245.93637084960938 727142 963.9482421875 259.6429443359375 726575 1016.736328125 260.7337341308594
0.9989204235181843 0.010868131330672187 -0.0028563450611804988 -0.04507452154512653 -5.200341714370306 1.381145998220335 -0.20707202003523634
104.58341979980469 725774 795.13232421875 105.6941909790039 720501 835.6696166992188 114.19380950927734
0.9987807008554486 0.011979522402595963 -0.0033281461304541793 -0.047775789737470854 -5.195075796001232 1.4745667268126876 -0.20669162377036887
5.789088249206543 -1 722.8111572265625 20.412166595458984 854807 722.8111572265625 20.412166595458984
0.9987658301940274 0.011967467855461083 -0.0036542027535423622 -0.048064986759592636 -5.189508974073016 1.5464369382199141 -0.21188871020477432
67.43675231933594 725770 1073.501708984375 68.82730102539062 727284 639.221923828125 82.32439422607422
0.9988028838234893 0.011099732377656728 -0.004191449350828312 -0.04745552612041414 -5.183218447067031 1.6050395740810819 -0.23375459222002348
90.99376678466797 725770 641.278564453125 105.1053695678711 727950 641.278564453125 105.1053695678711
0.9988072395338872 0.010856103169024587 -0.003832214969163062 -0.04745057857507832 -5.1700270016279966 1.6767889966824732 -0.24696845332466835
128.27235412597656 797788 645.3494873046875 128.5184326171875 727950 645.3494873046875 128.5184326171875
0.9988002706611542 0.010808051137311375 -0.0017742842823091681 -0.04772899824115391 -5.152811372064414 1.7701974354578953 -0.24067535324286654
229.25106811523438 786227 776.1245727539062 238.1142120361328 786228 466.4257507324219 305.27264404296875
0.99891783338595 0.009068277700324432 -0.0009319030414512164 -0.04560767522896587 -5.148346012661004 1.8354260217724179 -0.24521498062162667
65.21773529052734 -1 652.658203125 65.21773529052734 -1 803.0239868164062 252.3730926513672
0.9990977237074433 0.0066880424014756235 -0.0007785000440924895 -0.041933310257157234 -5.145360192390149 1.8839682063307646 -0.2546045689221272
260.4993591308594 -1 560.8515014648438 260.6747741699219 795682 845.1467895507812 273.14129638671875
0.999244628622254 0.006671020723378821 6.81935483504741e-05 -0.03828400451522606 -5.130835438354444 1.9310965919130185 -0.24945129184258175
10.381318092346191 854288 207.63446044921875 21.210247039794922 -1 734.851806640625 31.793397903442383
0.9993272327424899 0.007236035920219245 0.0029520969996776713 -0.035833040712493956 -5.10156376441384 1.981036306106897 -0.21077124185656737
101.91606903076172 794167 710.4821166992188 149.65611267089844 -1 413.70703125 177.75205993652344
0.9993456677183328 0.006295863958294365 0.004652885625461033 -0.03531216737860309 -5.077118316190912 2.048430901791307 -0.20083360130726272
43.958438873291016 -1 735.4990844726562 68.38167572021484 856457 726.1117553710938 120.8447036743164
0.9994045214796575 0.005705384654128948 0.005857044698112476 -0.033522321807561394 -5.059502502180258 2.1016618757396417 -0.19802434439445946
114.59357452392578 -1 805.133544921875 211.81918334960938 794976 402.14697265625 233.4894561767578
0.9993908555462925 0.005712811324148538 0.007505065015512292 -0.033599935064480654 -5.029360761030835 2.1770918771328076 -0.19314986979643428
140.58656311035156 856077 759.1268310546875 154.04693603515625 794165 759.1268310546875 154.04693603515625
0.9993631151473519 0.005307644445268729 0.009632053241065247 -0.03394726121183754 -5.002488425075666 2.245924402893022 -0.18782232721446135
97.5252456665039 797723 794.519775390625 141.34107971191406 796535 794.519775390625 141.34107971191406
0.9992975703361625 0.0038377502306945572 0.01071808770116491 -0.035703783965276556 -4.974973957320451 2.337292086751624 -0.20602672911202805
190.8192901611328 825951 784.7947387695312 195.84825134277344 -1 920.7659912109375 220.91845703125
0.9993027853454909 0.00278111404841692 0.011338625243943126 -0.03546327936008187 -4.956885466758984 2.4161932286062844 -0.2275605921418987
188.21408081054688 796444 799.0068359375 220.59271240234375 825951 793.4008178710938 224.91529846191406
0.9994224633580735 0.0032760884276048373 0.01267212769417274 -0.03135959437871559 -4.947709568553481 2.45715197044647 -0.23102125720074881
114.22227478027344 812356 543.0790405273438 170.3273162841797 746151 810.4093017578125 176.50857543945312
0.9995302789451039 0.004187627672202547 0.014657858644916047 -0.026586320285961498 -4.935434754349709 2.4930947200138633 -0.2207259433658296
173.0057373046875 -1 834.1194458007812 208.87754821777344 768707 838.8305053710938 282.4158935546875
0.99954522926926 0.0031388017107937295 0.01629630367183206 -0.02517763006159155 -4.909620889163989 2.5595854750581397 -0.21943848645694589
283.041748046875 796444 849.9107055664062 318.31488037109375 -1 659.9175415039062 319.36187744140625
0.9995419882551628 0.0006130902039309935 0.018059788464756355 -0.024275128751997613 -4.881473523927392 2.629375644928702 -0.2188533550952561
202.38250732421875 797971 880.5372924804688 300.85345458984375 -1 851.5628662109375 310.48638916015625
0.9994805393437913 -0.0022029444261589502 0.018973037072337082 -0.025958088780786405 -4.851132718981486 2.7209782190127885 -0.22842267906523492
207.5709991455078 -1 888.2691040039062 232.98745727539062 814723 1098.6055908203125 235.09024047851562
0.9994436290023908 -0.0038045823379640937 0.019594253689796795 -0.026721205476273675 -4.8231521023945785 2.8080875382587416 -0.223808167706491
4.14369010925293 -1 538.753662109375 4.14369010925293 -1 615.9738159179688 48.09977340698242
0.999449459366084 -0.006012236868522592 0.01929219972486423 -0.02631429669315364 -4.792622243562294 2.8709761156874403 -0.21900253879541798
38.02499008178711 765245 599.14990234375 53.36663055419922 760588 699.10498046875 79.53596496582031
0.9994666484858434 -0.009750070031118276 0.019675918300340586 -0.024170497262205753 -4.752623195608232 2.88342999758751 -0.2183306127150738
63.106170654296875 765245 579.6438598632812 64.24739074707031 757643 579.6438598632812 64.24739074707031
0.9994223151609453 -0.011501278678641782 0.021430240225944246 -0.02373818339618926 -4.694260108657375 2.887876361300754 -0.196972656737465
74.0469970703125 765245 617.9176635742188 76.1878433227539 770303 648.614501953125 88.62740325927734
0.9993612530987724 -0.01101068006940988 0.023449212242745578 -0.02461676612504255 -4.628309249522377 2.886126369073343 -0.1687605357250587
72.45352935791016 765245 1117.5345458984375 85.3565444946289 770758 671.0780029296875 85.99494934082031
0.9994518008371617 -0.009300824442356357 0.023304034328002286 -0.021598945624414966 -4.591011314775673 2.832893678193126 -0.15782934632237436
58.9995002746582 765245 692.5425415039062 73.8125228881836 760588 1140.661865234375 74.83036041259766
0.9995815184586188 -0.00659356234927664 0.021160912522360544 -0.018588401564661797 -4.557175344002035 2.7704282613767237 -0.15823488614506276
0.5 -1 0.5 0.5 -1 0.5 0.5
0.9996479156471276 -0.004817394936589164 0.02095568082711167 -0.015546603791523977 -4.520522216429303 2.7161125729265936 -0.14492153491393586
42.82335662841797 760588 1181.7010498046875 49.82514190673828 770758 633.85107421875 71.66957092285156
0.9996649730611135 -0.0038506610919939763 0.021795335825568543 -0.013419291342275793 -4.477662585662896 2.6750379680635405 -0.12196883973603845
19.41727638244629 765245 855.2500610351562 56.71779251098633 759994 698.9348754882812 82.0533676147461
0.9997037995917929 -0.0033639398124647654 0.02164671989874665 -0.01060266515061076 -4.442070525068483 2.631739463916329 -0.10816964449393861
14.735949516296387 765245 816.1063232421875 65.42054748535156 759125 372.2782287597656 71.22158813476562
0.9997667135306821 -0.003976529967896371 0.019643826048572382 -0.008051448543392091 -4.4062499799292585 2.58851593613247 -0.11031183371924169
0.5 -1 0.5 0.5 -1 0.5 0.5
0.9998091373644292 -0.0048799398332764286 0.01814177469525658 -0.005361999694706968 -4.38388927118628 2.5480283923068865 -0.10515671087804426
9.127928733825684 757642 754.782470703125 16.978410720825195 765245 764.025146484375 18.774978637695312
0.9998210143249655 -0.005262999021036188 0.017116450746854313 -0.006104692402754956 -4.3443073228750535 2.531664295037981 -0.09140477124176423
0.5 -1 0.5 0.5 -1 0.5 0.5
0.9998292052111134 -0.005823591046728002 0.016776480821244343 -0.0051181916228515475 -4.310191536045106 2.496228984773087 -0.0691073398768637
10.429707527160645 757642 787.0651245117188 19.327253341674805 757643 1252.7620849609375 51.8752326965332
0.9998485690745726 -0.006597531407490221 0.015775440780191288 -0.0032321768280104855 -4.272493722874801 2.444073374990819 -0.053811659806250606
14.329865455627441 769963 803.499267578125 17.6967716217041 757643 987.0452880859375 44.674320220947266
0.9998880346605319 -0.006804956109933695 0.013251537182458693 -0.0014168547359453766 -4.242993007434409 2.3852099126823725 -0.05165321217465092
0.5 -1 0.5 0.5 -1 0.5 0.5
0.9999140606113934 -0.0055778771077800585 0.011693150811923703 0.0020072126680828676 -4.2055213175633686 2.308053480417319 -0.03354366648631674
18.909780502319336 755468 828.526611328125 53.2557373046875 756030 799.1757202148438 56.898170471191406
0.999895755127117 -0.004877189587324643 0.013188427404267837 0.0032798297370543136 -4.121693932932215 2.2429141259260064 0.014764777950781042
139.37930297851562 -1 1082.84228515625 171.3838348388672 750881 1096.4344482421875 171.39894104003906
0.9998618038203454 -0.0063426893493652116 0.014933524392738875 0.0036240036084606176 -4.043313300046757 2.2052910156663947 0.04603883569793441
172.13072204589844 748147 1350.2330322265625 213.37686157226562 -1 1191.6878662109375 225.80528259277344
0.9998313168664689 -0.007782298336739313 0.015979504059049486 0.004629157124953623 -3.983597939299682 2.168777567756876 0.06581072617449657
30.452314376831055 749722 900.2442626953125 70.95915985107422 770812 900.2442626953125 70.95915985107422
0.9997859340196581 -0.009134053281153773 0.017429041489484334 0.006394037836510186 -3.916501911152727 2.1213569385291704 0.09296773887349691
52.68003845214844 777991 969.1271362304688 74.6198501586914 748143 1482.707763671875 122.54068756103516
0.9997455802021271 -0.00979302593181745 0.018956032603858825 0.0073171263028864834 -3.8583123034239715 2.0845890183164486 0.1212446107589334
44.96090316772461 777991 1094.027099609375 120.96543884277344 753568 822.5796508789062 125.96977233886719
0.9997141373504145 -0.010134741974177356 0.019647055984255153 0.009106249391763141 -3.8079989238478804 2.0372644352045572 0.13635050069242782
4.475561618804932 -1 1108.09375 20.54187774658203 -1 1008.0272827148438 65.00675964355469
0.9997135033338042 -0.010933236969858125 0.019692135014494624 0.008099098714288691 -3.7615275894090017 2.0162806938425413 0.1321093268363566
32.38804626464844 749724 1014.9923706054688 34.87596130371094 755228 1018.7217407226562 57.77158737182617
0.9997167618830898 -0.012536276365340144 0.018966345670411555 0.007036726283708824 -3.7186402479701486 1.9885961242542058 0.115494556013675
0.5 -1 0.5 0.5 -1 0.5 0.5
0.9997483642003152 -0.01434983247682467 0.01650076157250313 0.005001545182085537 -3.6775169107329835 1.9492354437477681 0.09128858215330908
2.7994329929351807 -1 1008.8870239257812 16.06037139892578 825782 1031.657958984375 37.733028411865234
0.9997993329166308 -0.0133388045303622 0.014443224175654225 0.003842325932633722 -3.6389770502625702 1.8813582149357342 0.09308278501400119
10.008021354675293 -1 1070.6348876953125 25.713998794555664 744257 890.9976196289062 63.28460693359375
0.9998249880586123 -0.011879144316167163 0.013950125372351494 0.0037779870310976757 -3.5832559444813774 1.797716558023733 0.12463973250785737
56.98623275756836 746778 899.1492919921875 65.1239242553711 746138 524.0870971679688 66.77909088134766
0.999796229246006 -0.013907041380771824 0.01406620252415382 0.004029408399601933 -3.541769808677815 1.7673787875365063 0.13496454231685565
6.692396640777588 744257 147.2755584716797 50.51081848144531 -1 1175.658935546875 56.65467834472656
0.99976463570321 -0.01559108737181925 0.01459339826099038 0.003824123296720201 -3.489954904877391 1.7427875102865247 0.1505980373022511
7.224227428436279 744257 1530.777587890625 35.74091339111328 -1 975.0199584960938 53.124359130859375
0.9997207849652346 -0.01720642039355868 0.015716070698235045 0.003911051973997933 -3.418726055838541 1.7120824574888873 0.17357367388649222
2.630838632583618 -1 984.4483642578125 13.677249908447266 744405 984.4483642578125 13.677249908447266
0.9996861901982754 -0.018252857985504783 0.016776298987214784 0.0035930619964227367 -3.3522428856714925 1.6915115472737972 0.18984370533935843
5.489650249481201 744257 1557.8751220703125 40.741241455078125 -1 637.1837768554688 78.50440979003906
0.9996552325497627 -0.019079445834452632 0.017762162851215218 0.003145847004681441 -3.2805606797100335 1.6646508564910438 0.20717131606364422
8.406707763671875 744405 1575.18798828125 41.65290451049805 743743 1034.14013671875 45.63786697387695
0.9996541820770061 -0.019270448916570395 0.017691848962091108 0.0026766648666509845 -3.22621045718717 1.6447465698838721 0.2106009719244714
18.5865535736084 -1 1589.59814453125 40.76835632324219 749727 1339.12646484375 53.86974334716797
0.9996570713054558 -0.01971967375109 0.01655092805729898 0.004789680218091519 -3.178867757851233 1.6011172030837053 0.20543346356230074
28.04586410522461 -1 1597.9993896484375 30.615663528442383 -1 660.9646606445312 49.06447982788086
0.9996846550868964 -0.019110311180863062 0.015601731220750682 0.004687469816353323 -3.124334840954396 1.565121755675826 0.20129441933315806
40.42446517944336 895048 1594.740234375 55.239593505859375 -1 681.1845092773438 72.26970672607422
0.9996967110536201 -0.017658158332011887 0.01608569403960602 0.005993813490624187 -3.060241375486208 1.5147568809081238 0.21295996596374694
25.54457664489746 895048 763.5526733398438 78.92505645751953 751471 1019.0533447265625 79.27442932128906
0.9996966003069525 -0.01781279100186405 0.015938378767172297 0.005948100009195067 -3.004893371407458 1.4899242203705385 0.21623989121453194
6.661175727844238 825388 1080.9715576171875 6.661175727844238 -1 733.6605224609375 36.23959732055664
0.9996829371850795 -0.01873461181404264 0.014914041895875037 0.007785292256410517 -2.948708581935022 1.4604819194532561 0.2167148024475329
26.18214988708496 895122 335.8153381347656 59.3719482421875 -1 797.6398315429688 71.53395080566406
0.9996484514803061 -0.02112972897289143 0.014383062264401725 0.007045248502118009 -2.8822903813874197 1.4544464072014196 0.21626064686987362
12.339139938354492 739360 782.7802734375 31.160564422607422 895122 1021.2404174804688 34.897865295410156
0.9995869604717075 -0.02427548188549702 0.015285442590681455 0.0017218243136563989 -2.799351664105497 1.467610866860729 0.222425418676174
6.069928169250488 -1 1118.141845703125 7.522907733917236 740391 821.6362915039062 16.073020935058594
0.9995206980513358 -0.026184885525171314 0.015826265717826193 -0.004717547077985791 -2.737576570860666 1.4706833862304054 0.23429832169228385
2.1156163215637207 -1 1125.6578369140625 2.1156163215637207 742874 841.31494140625 3.985898733139038
0.9994733038576332 -0.02706482843696637 0.015347649630295059 -0.00922277552640592 -2.699598716688325 1.458577731677329 0.23885852641926683
0.5 -1 0.5 0.5 -1 0.5 0.5
0.9995667376009988 -0.025320325169645972 0.01201733042170578 -0.0089889924093304 -2.6960256337246506 1.416137736151639 0.22770546426944654
5.05438756942749 -1 749.9859619140625 12.687548637390137 895375 789.7723999023438 22.781038284301758
0.9996921828260091 -0.023354661407046395 0.007403753208392214 -0.003909453358284205 -2.704076419587478 1.35401600429944 0.20944868880372183
0.5 -1 0.5 0.5 -1 0.5 0.5
0.9997239889709788 -0.02325331266212626 0.0026896544516559658 -0.0019987709029020122 -2.709513422528087 1.3241758394025818 0.18904506784978856
4.247359275817871 -1 751.2783203125 11.871319770812988 737574 751.2783203125 11.871319770812988
0.9997624847891207 -0.021737261806335135 -0.00045185566890508126 -0.0015037565962133985 -2.6983851361277584 1.2965643786534724 0.19271110114457352
4.103311538696289 -1 423.6842041015625 4.528439998626709 -1 1035.9066162109375 5.993533611297607
0.9997666473040474 -0.021450318116029723 -0.0012462409207516427 -0.0022319665573532514 -2.664151291013248 1.2712530259810255 0.2093894156588662
6.727867126464844 737575 840.0493774414062 29.470443725585938 751471 770.8600463867188 31.58144187927246
0.9996876958038889 -0.02498193598797298 -0.0002443978065630527 0.0005949809376918748 -2.6196322805560293 1.2436930830234376 0.21890721340489266
41.414215087890625 879223 417.3055114746094 55.462947845458984 895103 838.9457397460938 113.61390686035156
0.9995882174229135 -0.02844070439944282 0.0029664178609450343 0.0023921303518054113 -2.545363675937085 1.222494387384338 0.23627062986740252
186.32286071777344 -1 223.66773986816406 195.7745819091797 -1 211.9032745361328 228.11773681640625
0.9995390458928975 -0.0294283131769607 0.007286195927831278 0.0016066947364234698 -2.458407000570807 1.2133768779693437 0.2605471083014835
282.9877014160156 -1 320.6708984375 282.9877014160156 -1 164.44667053222656 293.1309814453125
0.999478188852501 -0.030119862958220195 0.010864761581558432 0.004254505761941386 -2.3741578119517985 1.179195061255109 0.2710251282582142
155.60662841796875 -1 339.8194885253906 193.84356689453125 -1 332.5747375488281 200.27047729492188
0.9994837439136999 -0.027133733542655514 0.0170060452198415 0.0026077926049671045 -2.217542940816565 1.1369808299546849 0.28303975435961454
277.4152526855469 766072 492.7391357421875 279.4180908203125 -1 490.3869934082031 284.04852294921875
0.9994582334359342 -0.02520437146650307 0.02053881593285754 -0.005112368939780192 -2.1163398282720913 1.13119459125573 0.2881731459428196
103.76557159423828 -1 406.6416931152344 107.04263305664062 -1 62.145904541015625 114.6435317993164
0.9994128829700887 -0.024545007384919052 0.020013555758360387 -0.013072473055896476 -2.0347014333590128 1.1252277243444504 0.27014089181761863
0.5 -1 0.5 0.5 -1 0.5 0.5
0.9994494566452173 -0.023473269062147775 0.01707588233635466 -0.0160687116332033 -1.9839943204615205 1.1038172708867378 0.2525790783821837
0.5 -1 0.5 0.5 -1 0.5 0.5
0.9995479570353157 -0.020742531183169023 0.014483568467102944 -0.01624362124345192 -1.9262969252258828 1.0642490516000425 0.24892935775970862
0.5 -1 0.5 0.5 -1 0.5 0.5
0.999658109350562 -0.019780976208211693 0.011572881365304028 -0.012587525841672043 -1.8644730422251738 1.02020090560857 0.24456800874852877
25.018911361694336 -1 569.9071655273438 32.103118896484375 668721 750.2473754882812 50.73146438598633
0.9997216388863989 -0.019355357367566883 0.009002555465818664 -0.010048327151888801 -1.7952652981789403 0.9906982467063552 0.23284981272995853
57.561458587646484 -1 1107.2255859375 87.36834716796875 509178 1019.9244995117188 93.65779113769531
0.9997760740740109 -0.017960007483476106 0.008264119300447082 -0.007546136265625522 -1.7181636022404423 0.9520475409887514 0.22886934582743554
24.474271774291992 -1 374.916259765625 77.65498352050781 499573 388.1487121582031 104.88297271728516
0.9998042529206533 -0.015932696637880557 0.009114594741843968 -0.007384387741149063 -1.6457597206985386 0.9241640083958433 0.23354493865198006
148.92112731933594 -1 653.1640625 163.3518829345703 -1 473.3213195800781 167.08619689941406
0.9998089551896208 -0.014331059395947487 0.011272016490245411 -0.007043827331257768 -1.555708016146498 0.8953813385537377 0.2389641738154006
64.08798217773438 510072 503.36962890625 87.9804916381836 493461 693.2781372070312 90.77043151855469
0.9998087672361841 -0.014370480427703869 0.011648288106605164 -0.006343156479586086 -1.4819149646047884 0.8700770051078328 0.23173624871647477
16.922578811645508 498834 521.563232421875 39.326927185058594 498833 838.9385986328125 53.46178436279297
0.9998130713869134 -0.013972684443340024 0.011564748151852312 -0.006696489639949955 -1.4204844954659515 0.8470529416056213 0.22874679975010218
22.170988082885742 -1 571.8091430664062 99.08949279785156 -1 571.8091430664062 99.08949279785156
0.999826078474638 -0.012684160755093536 0.012762736038536776 -0.004902798871721112 -1.3436193309652011 0.8218709379624975 0.23356100522138026
0.5 -1 0.5 0.5 -1 0.5 0.5
0.9998003250671081 -0.013447387096429652 0.01398324316397291 -0.004790269992491949 -1.272329489514601 0.8144631468659899 0.2321579253475614
0.5 -1 0.5 0.5 -1 0.5 0.5
0.9997905505555289 -0.013756375069793393 0.014468097194070419 -0.0045045897032427295 -1.216465777806305 0.8081376718736133 0.22953600421416331
0.5 -1 0.5 0.5 -1 0.5 0.5
0.9997982985354268 -0.013485649823424817 0.013980265012595798 -0.00510408509757182 -1.1629385825784293 0.792122894002423 0.2287553337703454
5.3532328605651855 -1 672.8768920898438 7.302739143371582 501099 672.8768920898438 7.302739143371582
0.9998277299086378 -0.012600196680591187 0.012464178939875753 -0.005512693779375582 -1.105574497065287 0.7617888514721761 0.2284352479249994
7.964716911315918 497737 704.07373046875 12.154620170593262 -1 627.7378540039062 19.155195236206055
0.9998380009677086 -0.012231683569689691 0.011289684141528356 -0.006848413679954907 -1.0470540190996227 0.731168562856364 0.232333464635945
0.5 -1 0.5 0.5 -1 0.5 0.5
0.9998328258479303 -0.012104730589523969 0.010806776943397083 -0.008426709108127942 -0.959159350052538 0.6978265825976074 0.24006284152791493
0.5 -1 0.5 0.5 -1 0.5 0.5
0.9998249292596573 -0.011617709108041321 0.01048260028147545 -0.010259374120338284 -0.890123825231123 0.6774396358334536 0.23963447897345155
0.5 -1 0.5 0.5 -1 0.5 0.5
0.99984191886371 -0.01123965517607366 0.009596138106959856 -0.009885421988435901 -0.8148697033763017 0.6530523024348687 0.24019060870784908
5.702454090118408 -1 1028.748291015625 5.389186382293701 -1 888.4991455078125 9.306693077087402
0.9998360575861198 -0.011835083669525246 0.008585695264868224 -0.010680570303098904 -0.7561016439413942 0.6410523001300517 0.24071227271875406
0.5 -1 0.5 0.5 -1 0.5 0.5
0.9998432829488335 -0.011927695610374532 0.00905347263083479 -0.009443211998457579 -0.6784582201521518 0.6251884563414537 0.24337377253405887
21.13545036315918 515322 1211.2056884765625 27.95681381225586 -1 1130.5350341796875 31.796117782592773
0.9998581851897171 -0.012085023683141802 0.009636766404730903 -0.006685390412223962 -0.5973096017647022 0.6115920567250502 0.2369323929870539
0.5 -1 0.5 0.5 -1 0.5 0.5
0.9998633223186104 -0.012591472702491608 0.00856233418005314 -0.006440336214998727 -0.5191127730783287 0.5983322342249047 0.22590707411239935
9.061431884765625 -1 1229.8338623046875 16.599210739135742 505872 1221.947021484375 16.837596893310547
0.9999013666223887 -0.011252399083981995 0.008283663543738941 -0.001421780513456058 -0.4402097199417936 0.5707356017948458 0.21598475990297614
3.545619487762451 -1 1018.3856201171875 5.739997863769531 -1 1054.1826171875 21.261241912841797
0.9999109770614102 -0.010445714776001794 0.008191081354712651 0.0013532114229476066 -0.3693908567493496 0.5469825884850533 0.19789537928305947
7.097475051879883 -1 1378.259033203125 9.167290687561035 -1 1057.5738525390625 11.281482696533203
0.9999154911447671 -0.010595208257899018 0.007459506020679226 0.0010525685813176288 -0.30912911574726165 0.5227529756553024 0.1849703706964983
4.404806137084961 -1 747.245361328125 4.404806137084961 -1 661.963134765625 5.26685094833374
0.9999328506939404 -0.009435484028921134 0.005674552008181108 0.0036145820970850217 -0.2473371333055211 0.4842172331802016 0.19322307077281242
4.098341464996338 -1 816.2074584960938 6.3407416343688965 -1 1226.682861328125 7.127155780792236
0.9999536595668959 -0.008273735411678662 0.0029143701564097314 0.00396616536485697 -0.19725002225519525 0.45415801673611106 0.21015431008708177
3.931363105773926 -1 824.4087524414062 4.3911237716674805 -1 882.0255126953125 5.292382717132568
0.9999534333893466 -0.00947103240068397 -0.00044160417122001626 0.0017987728813569576 -0.14259165449418978 0.4303177259112701 0.2354844646989243
2.24729585647583 -1 1249.4710693359375 3.437706708908081 -1 597.4720458984375 4.093091011047363
0.9999252035494055 -0.011547646306432912 -0.001417698288494578 -0.003772174840117964 -0.07983733140136995 0.4096065540629959 0.26732614483895867
3.4885642528533936 -1 1272.179931640625 3.975402355194092 -1 866.0195922851562 4.6507368087768555
0.9998770407431978 -0.01346400185412061 -0.0008548606389464986 -0.00799332609029775 -0.03405429020046955 0.39542819139742896 0.28918563213820836
0.5 -1 0.5 0.5 -1 0.5 0.5
0.999882278773248 -0.013904509405490303 -0.0011124330262917241 -0.006391846851398827 -0.004461265361287736 0.38796817205082823 0.2953346620944115
0.5 -1 0.5 0.5 -1 0.5 0.5
0.999868461130664 -0.015546465139759338 -0.002795741075692498 -0.0036812619702853277 0.010243586380554387 0.38362391287777997 0.29104771501143406
0.5 -1 0.5 0.5 -1 0.5 0.5
0.9998630616242803 -0.01633548488758015 -0.002549629688293473 0.000713667472250215 0.028655493805263103 0.37640278087452017 0.2954935785224275
3.672495126724243 482009 1390.000244140625 3.3911001682281494 -1 1193.0341796875 3.9747211933135986
0.9998742414023155 -0.015381644840496297 -0.0013987652175431512 0.003598588335899761 0.059901215499823114 0.36147907191676965 0.3056589438063571
4.398411750793457 480626 1302.928466796875 4.965053558349609 -1 1237.7318115234375 6.547318458557129
0.9998417610115264 -0.014349906263489554 -0.0012252673829356699 0.010441831613234696 0.08931400177504076 0.3484879187984618 0.3196044094909296
3.318159818649292 -1 1323.8192138671875 8.352995872497559 -1 1257.3541259765625 8.979864120483398
0.9997848374781043 -0.015310876530978061 -0.0020112916815117968 0.013849567303910992 0.1259064318998089 0.3537263253597113 0.32157146362845523
1.5 -1 232.0 2.0 -1 467.0 2.0
0.9995709602797346 -0.019432703452190725 -5.780540902242088e-05 0.021914882169962603 0.22386976508931852 0.3701432775905138 0.3212314660747427
231.6712646484375 -1 831.788818359375 235.0400848388672 713524 834.4074096679688 241.09036254882812
0.9993867512553744 -0.022830240457957392 0.004945335672223102 0.0260853443709196 0.3603673401697676 0.3820229709105635 0.3011068248487117
224.09713745117188 -1 1043.3441162109375 224.09713745117188 -1 1049.4349365234375 230.964599609375
0.9995189339557117 -0.023951332150536703 0.009710861383890868 0.017144489593899626 0.4999738496690471 0.3779322694098751 0.291831621563186
217.87576293945312 -1 1386.244140625 218.47348022460938 -1 1348.552490234375 222.54986572265625
0.9995213557597669 -0.023048400305414166 0.012818986236493473 0.016171091966460216 0.6434280285918703 0.35824043848252185 0.29938911740610125
151.7153778076172 -1 1206.501953125 151.34263610839844 -1 1132.193603515625 156.3453369140625
0.999677733978996 -0.02115977600703399 0.01161236073230073 0.007864168371474889 0.7537034626658075 0.3216215132721305 0.309500304959253
4.345834732055664 -1 1256.0631103515625 7.307794094085693 -1 1189.8297119140625 12.01449203491211
0.9997590671784181 -0.019806718637604033 0.007967968228064521 0.00510029152761277 0.8314087466453047 0.2991130259356336 0.32627398553280257
3.976803779602051 -1 1181.9599609375 6.003269195556641 -1 1104.284912109375 7.479781150817871
0.9998032794828102 -0.019393814216818902 0.0035751898974545238 0.0021213964123294685 0.8948740169270132 0.27475359273145866 0.34749389961752575
0.5 -1 0.5 0.5 -1 0.5 0.5
0.9998230022422645 -0.018720595494948984 0.0009032549114380868 0.0016393968843125373 0.9691057694659057 0.24568239644866013 0.3565451031182751
4.3863019943237305 -1 1134.157958984375 6.967710494995117 -1 1301.9788818359375 15.560356140136719
0.9998555071589063 -0.01699884606895266 -1.896350507199401e-05 -6.0635930225717565e-05 1.0499814054323602 0.19998808665025578 0.358401457223732
5.417464733123779 -1 1046.6007080078125 5.417464733123779 -1 1045.9794921875 53.787086486816406
0.9998937987841651 -0.014021107272090352 0.0002858225261249646 -0.0039645944710486455 1.1348711177234843 0.14661082613080328 0.363863992501691
79.85298156738281 -1 1268.848876953125 79.85298156738281 -1 1268.8489990234375 85.20413970947266
0.9999066312019245 -0.012571844868075463 0.0009828284023812894 -0.005264184966656295 1.2176570399774669 0.10689137530758426 0.3767255635182861
18.647335052490234 -1 628.224853515625 24.91779899597168 518332 628.224853515625 24.91779899597168
0.9999131974753372 -0.011574156641031291 -0.00042729963213985486 -0.006281228201616088 1.2809457757068576 0.07116614772454982 0.39357168185065655
0.5 -1 0.5 0.5 -1 0.5 0.5
0.999922812184403 -0.010608540994232453 -0.0036463414680141227 -0.005341603233815155 1.3362371468014242 0.03665151057876804 0.4086607334635473
4.653146266937256 -1 765.778076171875 21.609670639038086 526288 793.4454345703125 23.413105010986328
0.9999202225364625 -0.010451981198942412 -0.005804344864312824 -0.004076055979067988 1.3852959121107415 0.008653131222037827 0.4122623421095218
12.751541137695312 520949 766.37646484375 30.320615768432617 709550 1362.8638916015625 38.456661224365234
0.9999186045198089 -0.01006250808548189 -0.007287924488363982 -0.002901107174844815 1.4357709942730623 -0.018572002105569897 0.4141394461806917
21.647294998168945 472317 787.7642822265625 23.629743576049805 555147 1197.6051025390625 44.18020248413086
0.9999330006334223 -0.00899840160148681 -0.007275818198167114 0.0002923737437634123 1.5071704343788408 -0.043496628595837444 0.4069395188781547
6.86538028717041 709550 1410.2626953125 33.40476989746094 520957 1076.7435302734375 34.24344253540039
0.9999316528130366 -0.009009670344296767 -0.0074507883563934485 -3.5996445621446826e-05 1.568941328487023 -0.06471506214631889 0.4035996059963861
0.5 -1 0.5 0.5 -1 0.5 0.5
0.9999199986428157 -0.00958153480020784 -0.008113579982175002 0.0015363348908570475 1.639976111010108 -0.07888450127941377 0.4127929377767139
3.995856285095215 657856 773.710205078125 37.38002395629883 855704 1266.2498779296875 39.31426239013672
0.9999199249863094 -0.009234929772771154 -0.007955214517513054 0.003402094861341195 1.7181783303326637 -0.08683310427206707 0.4183983836238028
14.012914657592773 709357 797.8458251953125 34.9935188293457 855704 752.2650146484375 39.98939514160156
0.99989279973905 -0.010287309460988813 -0.009115212556005912 0.0050470975933515775 1.7905031798734927 -0.0879113689389023 0.4301509127618473
0.5 -1 0.5 0.5 -1 0.5 0.5
0.9998297432721597 -0.012397134988325132 -0.012656597259651521 0.0051581060686516035 1.8622551905234026 -0.08907087874735865 0.4535478386718561
31.642047882080078 516671 1337.135498046875 32.24297332763672 -1 1477.8697509765625 35.89204025268555
0.9997231067189323 -0.015393398059765761 -0.016023352936091438 0.007746311967984702 1.919225324284376 -0.07147263299165776 0.48297451077365133
0.5 -1 0.5 0.5 -1 0.5 0.5
0.9996454195295154 -0.01753944508888194 -0.01884155121731466 0.006811683151681969 1.9644500344468248 -0.07724180897086907 0.5096562952900863
0.5 -1 0.5 0.5 -1 0.5 0.5
0.9996594570571155 -0.016864163391621643 -0.01806521565413807 0.008379611729869856 2.021888033812355 -0.09509379544542412 0.5129517451718579
19.196657180786133 709550 822.9798583984375 42.800926208496094 -1 1211.8017578125 52.425865173339844
0.9997272379538631 -0.01527562500509644 -0.016012893412904686 0.0074627219156662514 2.0832663667775133 -0.12208245916514138 0.4950602630036789
19.40656280517578 559943 895.960693359375 19.40656280517578 -1 924.1468505859375 45.688499450683594
0.9997008201037562 -0.01701162845831257 -0.01573002534253699 0.007838436310715768 2.1196875016642487 -0.11611150699837884 0.48415401055213986
0.5 -1 0.5 0.5 -1 0.5 0.5
0.9996968835023137 -0.01715458706240153 -0.01569356415753768 0.008097734406213041 2.166548811965041 -0.12922264161722585 0.49171246448307787
0.5 -1 0.5 0.5 -1 0.5 0.5
0.9996991545547085 -0.018762479408750386 -0.014134161399696806 0.007056573571131334 2.2385561442150346 -0.1360399900010331 0.47196214073861276
120.41480255126953 -1 461.8901062011719 188.33993530273438 640836 407.821533203125 193.09548950195312
0.9996529844240878 -0.023164563098086254 -0.010305932583240819 0.007148531463111267 2.339513552643319 -0.13183851843729974 0.4294585732684753
245.91159057617188 663159 1054.429931640625 343.3710632324219 -1 1132.6832275390625 343.95428466796875
0.9996249763387958 -0.026071275215409164 -0.0059570416117530785 0.005891429668624674 2.464874319805564 -0.15868414365945238 0.3783381781141468
131.01541137695312 -1 661.5387573242188 306.81451416015625 92025 661.7387084960938 309.86163330078125
0.9997219441927513 -0.02349626216314255 -0.00198108778092604 -0.00018776323055997102 2.579634947900056 -0.23417477175065426 0.32718328383737294
253.60218811035156 668410 1078.5194091796875 290.4781799316406 -1 1078.5194091796875 290.4781799316406
0.999817500103185 -0.018654653693279354 0.0016601485704559153 -0.0037701843092472456 2.6912985615111857 -0.30262540555570927 0.28162217932441214
164.91336059570312 -1 624.864990234375 164.91336059570312 650076 1137.92626953125 193.60150146484375
0.9997599998446647 -0.01718094756949777 0.0032440994104840693 -0.013199756445674778 2.7860031635753804 -0.39787267074375937 0.24737606411588148
5.156060218811035 -1 1096.3638916015625 5.69595193862915 -1 806.4402465820312 34.81690979003906
0.9997501451830401 -0.016724553143499712 -8.58019230282721e-06 -0.014830254718682163 2.838734594251995 -0.4452032441553806 0.24775857212567817
3.1041853427886963 -1 300.6185302734375 5.576948165893555 -1 258.92254638671875 6.648451328277588
0.9997377926817422 -0.015676842024928087 -0.0040636900875557925 -0.01618854319683019 2.869759982593132 -0.4987081317336898 0.2552944584955604
5.204908847808838 -1 642.6650390625 5.221019268035889 -1 839.4025268554688 11.530943870544434
0.999724832757338 -0.01491646868765614 -0.006582210814976315 -0.016865118765961935 2.9091701711194564 -0.5597330422166633 0.25682328138304905
11.761053085327148 102608 680.3246459960938 15.067532539367676 702573 818.935302734375 16.941539764404297
0.9997388886712723 -0.015558186745027798 -0.007071211369584965 -0.015168891630668611 2.9677892753723545 -0.6004596460847936 0.24160345530530264
6.246402740478516 -1 736.0145263671875 20.539690017700195 -1 754.2651977539062 37.5386848449707
0.9997161441002094 -0.01606234481711586 -0.006841469198733189 -0.016211927818377048 3.0204878118237417 -0.6469746658162094 0.22456419304985023
3.9320058822631836 -1 691.5479125976562 29.185543060302734 95453 681.8674926757812 41.42097854614258
0.9997113110972784 -0.014315621464347337 -0.006326434481347869 -0.01823002120140249 3.0928562923573097 -0.7229439196940055 0.1955591924751002
11.096630096435547 81788 726.0648803710938 17.414140701293945 -1 726.0648803710938 17.414140701293945
0.9997515291784673 -0.01231829942821597 -0.0059477024110384065 -0.01760012046955602 3.15499409955176 -0.7602402234846658 0.17126064344447256
4.984098434448242 -1 787.9203491210938 30.631980895996094 -1 1290.53955078125 86.52043914794922
0.9997627233784376 -0.011534570520723087 -0.006403357775088899 -0.01733342536939515 3.2158631661667134 -0.7912160923184143 0.16308167286302044
7.520628929138184 -1 645.4589233398438 14.330130577087402 83861 645.4589233398438 14.330130577087402
0.9997346579339921 -0.01265278195163903 -0.007224767703843367 -0.017841624536841537 3.2809315818801066 -0.8237070488963997 0.16578283727440749
5.240800380706787 -1 890.436279296875 5.200275421142578 -1 579.1546630859375 6.724323749542236
0.999612280229274 -0.015451759192677576 -0.007687364195770216 -0.021850326871803587 3.3436339284935297 -0.8810750821366875 0.1728870620794663
4.478418827056885 65952 529.9472045898438 5.298924446105957 -1 545.4832153320312 6.2927632331848145
0.9994882219008108 -0.016361521434430346 -0.006580502481086784 -0.026688796994300237 3.4019967453267594 -0.9542963142536599 0.17330970701554302
64.0728759765625 37777 919.9002685546875 91.10328674316406 389482 879.4044189453125 111.31783294677734
0.9994970755664736 -0.014807451257745493 -0.004984805443537615 -0.027595054557050837 3.463278879033218 -1.0144621441385535 0.17302600787316008
45.10608673095703 37777 877.803466796875 56.4066276550293 548441 902.9993896484375 103.1572036743164
0.9994682499728329 -0.013186781701273373 -0.005567276873664006 -0.029297295315742176 3.5103284134180677 -1.0832645806804861 0.17473906239357823
0.5 -1 0.5 0.5 -1 0.5 0.5
0.9994489128234266 -0.011565253180874029 -0.01062680726580246 -0.029243572665943997 3.5386393169169854 -1.1512180618504697 0.1964935237252804
7.905332565307617 34145 961.8645629882812 15.277966499328613 39736 544.0677490234375 21.795141220092773
0.9994642765391404 -0.009209908926255318 -0.01780875332086773 -0.02586862587806885 3.5533345542911503 -1.1799221586993465 0.2334302675367294
18.024261474609375 657310 753.3980102539062 20.23758316040039 356202 926.7968139648438 21.835268020629883
0.999493253642192 -0.006514725609581703 -0.023544220056601936 -0.02040744902978064 3.5856560684413212 -1.1915572910515653 0.2427157731670338
4.11259126663208 586273 394.43951416015625 5.573607921600342 1060 468.01019287109375 8.868361473083496
0.9994724794758297 -0.0035808351998106907 -0.027644657902697094 -0.01666473159555886 3.6199786667324902 -1.216161390020159 0.2314931402130012
4.988361358642578 17761 992.1478881835938 13.052255630493164 -1 365.63812255859375 15.59523868560791
0.9994507202981376 -9.772274134493795e-05 -0.029415874882946304 -0.015262845431656654 3.6584901393612426 -1.2630044925592996 0.22387541046084372
6.837182521820068 -1 892.2164306640625 17.720354080200195 16831 628.630615234375 18.529674530029297
0.9995201811085745 0.0019558253716118624 -0.025801714247200066 -0.017025094587222313 3.7338626375452217 -1.3343091426325702 0.1874454767704174
136.61671447753906 -1 1175.7286376953125 140.9514923095703 710324 155.42958068847656 141.77203369140625
0.9995914677627334 0.0012226989745701667 -0.02057429258251137 -0.019801542058413456 3.805878313939911 -1.3825864718078769 0.14392823043042557
158.93643188476562 9105 1028.198974609375 163.90586853027344 58304 838.1796264648438 178.6724090576172
0.9996714244755225 0.000493700858777066 -0.015730828603179814 -0.020232161970468263 3.8822328599121465 -1.4102258611491647 0.11112152891816793
114.50433349609375 -1 282.3578186035156 124.15090942382812 54312 217.54092407226562 148.0995330810547
0.999727659366471 0.001071796158369893 -0.013205382660603128 -0.01921135652210489 3.9503635919058917 -1.4298430784989606 0.09877389537904725
8.146456718444824 113900 791.510986328125 63.27153778076172 20688 558.146728515625 67.75347900390625
0.9997857218648991 0.001802281185128033 -0.012370553204064296 -0.016499440931071075 4.0149176059581455 -1.4358580784711015 0.10286996904004629
43.70975875854492 38484 816.3472900390625 55.0575065612793 20688 587.9837036132812 57.41224670410156
0.999837906672681 0.00264695015697971 -0.011512952613141406 -0.013586977492631687 4.068867461903654 -1.4332795188709555 0.10171644168137238
28.637975692749023 138603 1260.0 29.20330810546875 42538 626.3981323242188 30.131805419921875
0.9998619598848532 0.0031697930933951867 -0.010293566903335764 -0.012651326704029783 4.11373707837885 -1.4438378107786134 0.09908132831683049
23.29401397705078 138603 646.8675537109375 24.84429168701172 1141 899.2308349609375 31.55521583557129
0.9999048356335815 0.003204956153440422 -0.00838372642516069 -0.01047669145594284 4.174250257894348 -1.4424479025229962 0.09484895881048722
40.35399627685547 20688 839.8497924804688 53.27667999267578 11806 341.4654846191406 58.62204360961914
0.9999233973645271 0.0034423378467015363 -0.006307404164799779 -0.01007801398258271 4.231387080965347 -1.4560651074953646 0.09056857511196864
6.709258079528809 404 701.4893188476562 19.04285430908203 1141 971.9407348632812 33.584388732910156
0.9999266022918634 0.004095346272727611 -0.0055864066933942295 -0.009940333405487174 4.268735534282709 -1.4735662540724688 0.08994562992483066
13.018301010131836 1141 398.5648193359375 24.79783058166504 -1 398.5648193359375 24.79783058166504
0.9999455507879976 0.005199452883243341 -0.005837231271634745 -0.006912877843895096 4.311544049997096 -1.4713268305832439 0.09379599681350861
13.79631233215332 361592 1143.8271484375 13.79631233215332 361592 1002.8694458007812 18.228450775146484
0.999949438816478 0.006654413556550006 -0.006181124125947363 -0.0043165142613980495 4.348023234325325 -1.4693474742956256 0.09158694251107409
4.6641316413879395 -1 718.8474731445312 4.440125942230225 -1 1158.47119140625 4.859185695648193
0.9999407732963309 0.0084179300071553 -0.006523731011366186 -0.00224260732676774 4.3858696455181665 -1.4716561345138452 0.08685118742105348
5.78111457824707 361188 515.7911987304688 6.838639259338379 377951 525.2302856445312 7.249485015869141
0.9999299914039868 0.009561580098729941 -0.006591594901317911 0.0022670142248144474 4.424684268737011 -1.441224617347574 0.08487158452473224
5.8003458976745605 -1 504.947509765625 8.642731666564941 104564 755.7349243164062 9.310784339904785
0.9999022458174811 0.009578037819169142 -0.0070279631494462695 0.007373447949386068 4.455299802483894 -1.3871173707606002 0.08063066190572998
3.6836886405944824 70694 572.5579223632812 3.6836886405944824 -1 250.27293395996094 4.704013824462891
0.9998808546449915 0.009412446252299218 -0.007601921734626919 0.009586091794341658 4.477570304094494 -1.3509679824967193 0.0835481309650741
0.586544930934906 -1 995.5181274414062 4.7135419845581055 20688 484.09368896484375 6.741062164306641
0.9998910407676892 0.009702164968643795 -0.006172431896499794 0.009256115379124328 4.507580088799188 -1.3442387825930702 0.07604655509409215
6.683192253112793 64367 566.5515747070312 6.524933338165283 377951 545.7520141601562 18.504045486450195
0.9998897967763971 0.010069980814201882 -0.0031581587283133687 0.010441064232326597 4.54525987581588 -1.3323462720764974 0.05108831029660372
6.5427937507629395 115862 1095.08837890625 6.5427937507629395 586107 286.1116638183594 7.806886672973633
0.9999028190309017 0.01027471395260453 -0.001308746364132564 0.009331126952427252 4.55983557478519 -1.34282117898612 0.03760819761688007
5.559427738189697 361188 834.730224609375 4.9156036376953125 11039 1033.641357421875 8.22787857055664
0.9999172298743052 0.010096598499866981 -0.001673101349129564 0.007796975766532194 4.554468710051054 -1.3569535702546767 0.0453662690050754
4.8510637283325195 361592 1249.699951171875 4.8510637283325195 361592 595.06298828125 5.536346912384033
0.9999115159294424 0.009748327268747203 -0.002618272411445874 0.008664587510397084 4.5531432354881325 -1.3512198076574682 0.05889863133929321
5.626837253570557 9092 1246.4766845703125 7.556983947753906 361592 829.6942138671875 8.960916519165039
0.9999224498541157 0.009428363905751608 -0.0010052365222307086 0.008074015812377239 4.564228868428175 -1.36053782761157 0.04713867056778728
3.147264003753662 -1 538.8427734375 5.227270126342773 -1 538.8427734375 5.227270126342773
0.9999249356030161 0.009519667846938489 0.0007851077719199243 0.007673505663942776 4.5787275841528645 -1.3696780625182323 0.03235177966818187
4.710698127746582 -1 1111.28955078125 5.379514217376709 115862 609.5718994140625 5.9828386306762695
0.9999286586028056 0.009175712511121512 5.4906062272508655e-05 0.007647286448895664 4.579314520788274 -1.3750980515512912 0.040174499548640046
7.669088840484619 361188 608.1064453125 11.724900245666504 377951 669.533935546875 11.4337158203125
0.9999285786291714 0.009119896145340083 -0.0014928944318450695 0.007578680700405392 4.569312240892152 -1.37833706441836 0.05782137612804158
5.811574459075928 -1 397.9541931152344 6.522604942321777 361188 837.2344970703125 6.3253583908081055
0.9999256875629614 0.010032623467060218 -0.001851236101019251 0.006673735311314791 4.5572560890427685 -1.3917392850484784 0.07089041018376015
3.418020725250244 -1 842.7059936523438 5.247110366821289 -1 315.7174377441406 9.913188934326172
0.9999283209144607 0.010485581471723203 -0.0010404667868775584 0.005685335808239222 4.5469007746656205 -1.3937132864123372 0.0992780585175489
9.074335098266602 378084 539.31982421875 17.878293991088867 -1 539.31982421875 17.878293991088867
0.9999277119272997 0.01058366659457392 0.00017398058134715792 0.005703214182144863 4.543126021880215 -1.3721412995298317 0.13376407408658966
6.7753095626831055 404 838.5509033203125 16.419370651245117 -1 367.77001953125 43.25642776489258
0.9999064836241265 0.011730822920058118 0.0024495820893887005 0.006588728833418125 4.548835966421557 -1.3495202492874405 0.18027114190924914
9.905174255371094 -1 638.3652954101562 33.8764533996582 404 837.3601684570312 45.70842361450195
