0.9996009657155763 0.027855347839595132 0.003922172807264862 -0.0025701162799521724 5.075052615663025 -1.6847078761700303 -0.0018856436425949985
310.5 -1 1092.5 336.0 -1 1092.5 336.0
0.9997655091664206 0.019943001153211824 0.0060508348715033215 0.005881392995586702 5.2321048844621085 -1.5717294904203043 -0.0019156898146358344
268.87200927734375 -1 521.0650634765625 372.52899169921875 -1 517.2083740234375 372.7903137207031
0.9998673944453502 0.009254056932590245 0.005516476448572746 0.012211651933593907 5.337161943709568 -1.4140473760572063 0.05878903642874568
270.57440185546875 -1 877.4112548828125 299.4171447753906 -1 871.32275390625 362.1973571777344
0.9998388395315518 -0.0006239973067626605 0.002174000529837602 0.017809528720809216 5.376557464696768 -1.2479736274284772 0.16418933013577447
404.1283264160156 -1 761.192626953125 422.4597473144531 -1 838.9129028320312 440.36279296875
0.9998744809569459 -0.009911088301818667 0.0015723140417998054 0.01226052561294472 5.3434911323704855 -1.2004127636384143 0.24164956958118222
337.07025146484375 -1 407.98321533203125 344.01348876953125 -1 937.69580078125 378.66448974609375
0.9998625239270718 -0.014420110524449385 0.0016379340874340198 0.00801940338015886 5.302440935155957 -1.2046611175516977 0.26383857334159366
132.41171264648438 -1 1007.7294311523438 161.14735412597656 18125 684.1920166015625 182.18649291992188
0.9998887524898386 -0.013555920477406972 0.0007425292284066421 0.006178051041348307 5.269580719250272 -1.243773657923947 0.25138066139112697
205.64480590820312 -1 740.5136108398438 230.47506713867188 -1 740.5136108398438 230.47506713867188
0.9999414894663314 -0.00967621543440394 0.0006156951518046243 0.004796813338220886 5.254671689027419 -1.303314987871615 0.22322854796635394
116.87506866455078 616686 746.5183715820312 192.1405029296875 -1 992.8667602539062 223.37001037597656
0.9999605258617215 -0.006353002988358687 0.0003889326605461372 0.00619958085399094 5.250684357770549 -1.3276360751921046 0.19359055098232336
95.89800262451172 596075 690.8670654296875 121.29014587402344 528762 729.8099975585938 131.48114013671875
0.99997468969554 -0.005168978291158228 0.00021273632588182103 0.004884298822705404 5.232989359286059 -1.356365610863974 0.1731598048185472
86.89384460449219 596075 703.2362060546875 103.62203979492188 6519 703.2362060546875 103.62203979492188
0.9998913774692045 -0.009266358794868215 0.002703434660997777 0.01113819098665683 5.26568982009082 -1.290957099132225 0.16408408390943052
56.397037506103516 710865 601.4051513671875 76.14652252197266 -1 601.4051513671875 76.14652252197266
0.9998573486284588 -0.008894476908679812 0.00421044243906539 0.013727448730809241 5.3045132858078805 -1.2671110822651817 0.13046014624307947
91.48604583740234 596075 835.7794189453125 135.1290283203125 611828 969.2549438476562 143.96826171875
0.9998398009223834 -0.005998673882444289 0.005050655136246801 0.016089726095727327 5.339154814685439 -1.2547304278168216 0.10286278066556781
60.6434326171875 -1 620.4684448242188 60.6434326171875 -1 715.3226928710938 73.31889343261719
0.999837456381144 -0.004876435924870117 0.0056276743293861295 0.01641981947516456 5.345871434474544 -1.2557026874729584 0.07041273244392926
65.8786849975586 -1 748.1732177734375 66.76163482666016 597000 748.1732177734375 66.76163482666016
0.9998641677107113 -0.004076160972972582 0.005119404596951522 0.015126887864383987 5.335969350320488 -1.2777194376702206 0.06169402752308684
83.14408111572266 620107 716.8591918945312 92.89801788330078 528762 756.9141235351562 103.60824584960938
0.9998665541087267 -0.004703641301038409 0.0037365978432888766 0.015191694105967385 5.316251131537215 -1.269764315518889 0.0695860632256104
61.48706817626953 -1 706.3893432617188 61.48706817626953 -1 707.7015380859375 68.83821868896484
0.9998967130044718 -0.005743308925563722 0.003146576219909741 0.012793622768038585 5.289310514640467 -1.284746402597931 0.05442478030038464
61.434852600097656 -1 698.7425537109375 69.35255432128906 596075 720.6920776367188 85.83554077148438
0.9998905091395457 -0.008906778935798948 0.00532782375907214 0.010547668730157427 5.292371297670736 -1.3131863834593684 0.030201672985606685
71.94103240966797 -1 701.5146484375 74.00419616699219 596075 722.8989868164062 76.90426635742188
0.9998883632056403 -0.007521789916478108 0.006039656970518828 0.011410799537131162 5.313927752811684 -1.3395006737283088 0.029509389021292173
254.69564819335938 -1 962.6790771484375 307.61492919921875 -1 883.7276000976562 336.2692565917969
0.9999187944047023 -0.001195882595215458 0.005509653663712374 0.011428830980081978 5.324523907773008 -1.4010576314705816 0.007244287944487228
203.11761474609375 9621 808.80517578125 203.11761474609375 -1 534.6567993164062 257.1484069824219
0.9999381281478459 0.0017035322702877176 0.002497411009010661 0.010705175955516288 5.314864916207299 -1.4443621074784285 0.02282003069389912
181.9134979248047 339 304.1552429199219 184.17391967773438 7678 367.64227294921875 190.4850311279297
0.9999728207587545 0.001649454599477698 -0.00023096628511223933 0.007182179187362408 5.277922935564325 -1.4929341389769848 0.05106716955262933
133.4057159423828 10904 939.9398803710938 136.98867797851562 1617 543.3356323242188 152.46083068847656
0.999982981337054 0.0011535014975424837 -0.00010512580643213835 0.005717990828702797 5.255044012862565 -1.5009904320905825 0.06065815154338225
65.66266632080078 611828 987.0508422851562 86.49906921386719 -1 474.0600891113281 120.31246185302734
0.9999762521067794 0.0006122371584529 0.0008742738465718726 0.006808526520597944 5.250150755026894 -1.4763780081944222 0.06526403767342975
115.61829376220703 10630 751.4846801757812 128.62806701660156 8141 915.1021118164062 143.22433471679688
0.9999772638844578 -0.0007066905479355578 -0.00037386803942069904 0.006695709470399567 5.2296031936317835 -1.4629717635952926 0.09007485994425918
51.36907196044922 6519 844.1968383789062 82.15084075927734 10749 952.4799194335938 112.03038787841797
0.9999925071067717 -0.00059034785137468 -0.0008077611240937773 0.0037396178540269236 5.201111892546765 -1.4915060836049892 0.10467859335264351
139.23629760742188 -1 918.343017578125 156.125244140625 1617 1012.550048828125 168.638427734375
0.9999999777615045 2.0221084558741e-05 -0.0002095205948307158 -1.3008409196167303e-05 5.175002522141496 -1.5383144951673073 0.10025821309887718
66.5406265258789 520484 707.00537109375 72.05105590820312 463545 829.2201538085938 82.18531799316406
0.9999963951033689 0.0018800215808318554 0.0008398666733300288 -0.0017233464810704649 5.17083174175047 -1.5803935926003836 0.08580142067262403
93.82190704345703 3122 778.3610229492188 97.84896850585938 11590 718.72021484375 107.61234283447266
0.9999840116746669 0.005251524800460277 0.0010425698115494818 -0.0018195962458235169 5.176577134429217 -1.6192885318745731 0.07427945043553491
56.34716796875 10749 686.9660034179688 174.88719177246094 1638 1124.352294921875 182.29393005371094
0.99997601564448 0.00680890653377368 0.0012644121941539845 -9.049535007304e-05 5.190779638461555 -1.6257282953388446 0.059391204677173855
117.5653305053711 1617 524.3642578125 139.46067810058594 -1 782.2254028320312 148.0076141357422
0.9999712306724682 0.0071974246717478275 0.002323546896173228 0.000579685522787152 5.202893399168894 -1.6267037966579332 0.04991081617279327
87.7608642578125 10630 674.3452758789062 87.7608642578125 598667 923.1243896484375 115.66478729248047
0.9999646855472477 0.0076897783516798575 0.003390252143798979 -3.402495563754393e-05 5.20752759294776 -1.6359841136226416 0.043021732461680146
66.97969055175781 3122 907.1460571289062 111.20069122314453 10653 925.5358276367188 114.8914566040039
0.9999660350914565 0.007583771116095859 0.0031985006589328987 -0.000429735576133385 5.198231595251205 -1.6331522916495353 0.04862634058773956
81.39482116699219 1613 691.8121948242188 130.7675018310547 -1 964.0341796875 142.76470947265625
0.9999719401033084 0.007162936440947413 0.0020721613437902067 -0.0007193712073882337 5.179962643696113 -1.62981722123082 0.0637796805143377
145.45050048828125 12267 329.9598083496094 153.13990783691406 7677 909.419677734375 160.67855834960938
0.9999712239990455 0.007516668862426671 0.0010228454540917328 -6.819267266152467e-05 5.167646489397456 -1.6250195465759758 0.07736182647270558
47.90624237060547 10749 832.013916015625 71.84297180175781 -1 894.7470703125 115.79069519042969
0.9999573754536099 0.009230581660163802 -4.569439152073353e-05 -0.0002038385778049174 5.153338425317715 -1.6382214132851953 0.08202061792128197
41.603694915771484 10749 949.6784057617188 139.1646728515625 12267 318.1177062988281 144.405517578125
0.9999439826859126 0.010569978390851114 -0.0005207457366381078 0.00018939622528198983 5.1496824457245065 -1.6494393228129949 0.07680706883272363
131.9919891357422 1629 689.5849609375 135.40451049804688 477541 899.34814453125 147.4140625
0.999935038320819 0.01136136741108882 0.0004324211262727714 0.0008071436442046697 5.168978994448268 -1.6511408215570316 0.058680553796511666
137.33474731445312 711938 264.6536560058594 156.33958435058594 7678 715.9151000976562 161.23385620117188
0.9999296885628071 0.011601047153251933 0.002301712079114127 0.0008577628696554262 5.198469909567348 -1.6499059778447631 0.032145580298738784
140.12782287597656 8144 693.1925659179688 146.57200622558594 1638 273.6900634765625 155.3317108154297
0.9999253161736962 0.011326998290028104 0.004424610454213051 0.0012181982597427707 5.229631798194552 -1.6454904293464119 0.006095535797652084
99.4890365600586 1616 881.531005859375 99.4890365600586 1615 715.3990478515625 130.54908752441406
0.9999204449432613 0.011387999972057269 0.0046599095230638885 0.0027753349966556365 5.250095195253245 -1.6302952398665198 -0.0030113375218568817
69.89714050292969 598667 652.907470703125 122.64987182617188 1629 978.3753662109375 125.40543365478516
0.9999067875018635 0.012490550181886483 0.0037768668782567163 0.004017180658248538 5.24959983896828 -1.624822968659138 -0.004183676933538469
104.43516540527344 -1 650.944091796875 118.29344940185547 1629 852.3015747070312 142.97915649414062
0.9998973228252453 0.013495171870435833 0.0033171663651996165 0.003495790382755729 5.241145021207974 -1.637534226854812 -0.004871411582379255
15.183403015136719 10749 535.8070068359375 106.79303741455078 -1 704.4583129882812 134.93653869628906
0.9998924536076218 0.01377687419803771 0.0027757037674332615 0.004192186119067716 5.237671155809792 -1.6288295180115 -0.007473907036795409
99.92317199707031 456597 817.3262329101562 99.92317199707031 -1 532.9154052734375 104.44778442382812
0.9998788578696609 0.013469431246397283 0.002818201451495622 0.007273358766051392 5.247380179239755 -1.5932082545518467 -0.006999039728854949
70.35535430908203 -1 536.51123046875 105.0428466796875 -1 306.8996276855469 147.47698974609375
0.9998717654762989 0.013802984758505561 0.003284257567574919 0.007425891683520026 5.234890748985608 -1.585250808788084 -0.008141992001394763
139.6090850830078 599080 848.560546875 139.6090850830078 -1 279.67578125 140.1963348388672
0.9998780008605134 0.0115001026672303 0.0030838207183069566 0.010110444283197859 5.223543253101635 -1.5277105936396893 0.015437415945420682
156.95863342285156 15715 542.3602905273438 198.15248107910156 14959 916.6385498046875 197.8304901123047
0.9998918490494271 0.00745431476781014 0.002119805169875045 0.012499192850017916 5.204674372081287 -1.4596113894617084 0.06790256118241457
205.8412322998047 81365 465.30987548828125 207.0196075439453 -1 525.6347045898438 225.0388946533203
0.9999302917006285 0.003466175573345533 0.0012882009513099457 0.011213291430253812 5.168096031999134 -1.43820350190021 0.11220989172550316
226.47918701171875 6529 495.3374328613281 249.7453155517578 372 521.8897094726562 250.53662109375
0.9999265495424315 -0.0006168916799837314 0.000732609047313117 0.012082145869264524 5.1377609253329295 -1.4057038578822143 0.14922586599726756
210.58804321289062 -1 680.003173828125 224.49510192871094 -1 480.69281005859375 237.41197204589844
0.9998915049403536 -0.00407793677013641 -0.00034822602091837005 0.014150177329353206 5.106258461587882 -1.3833913458613174 0.17777428121758318
0.5 -1 0.5 0.5 -1 0.5 0.5
0.9998940696436878 -0.005405970007613998 -0.0006236290043719425 0.01349948393553762 5.03852489216322 -1.4244025893185324 0.18372490869378344
208.4489288330078 521009 863.7382202148438 212.00221252441406 -1 659.9313354492188 236.2527313232422
0.9998596642612 -0.005847130432266628 0.002975427975237097 0.015414593006398112 4.971185923871808 -1.448007416358671 0.13780207192824936
5.5 -1 18.0 7.0 -1 8.0 15.5
0.9997316297957928 -0.007738313285438653 0.00774960317829068 0.0204139791300846 4.909098025435204 -1.411553214498208 0.08530930114973372
162.01895141601562 -1 558.3885498046875 198.2666778564453 -1 558.4260864257812 198.2667694091797
0.9995931315029654 -0.011181336336208356 0.010903766068631712 0.023867489506702682 4.8047433407857945 -1.3697310523104733 0.043640870642690524
0.5021531581878662 -1 0.5021287202835083 0.5021531581878662 -1 0.5021287202835083 0.5021531581878662
0.9995048748957627 -0.015268101310363326 0.010401990648079054 0.02546936851474239 4.6638349958505865 -1.3221329423871309 0.06394944239382068
329.950927734375 -1 1061.1236572265625 365.8331298828125 -1 1170.38525390625 366.1219177246094
0.9991072729885963 -0.01862351991058742 0.01154881131823213 0.036117122318459455 4.60365988529625 -1.1760838424956073 0.08706206030732769
312.32666015625 7699 781.48876953125 338.7721252441406 16999 726.1771240234375 341.3141784667969
0.9986362403656537 -0.02079913076956549 0.015083605090562295 0.04544821718235928 4.587932500944612 -1.0567601155015933 0.07363866008395858
89.82957458496094 596075 603.4464111328125 105.45349884033203 6519 884.4622802734375 121.50872039794922
0.9984110071839835 -0.017775630011015245 0.016484594031581888 0.0508698915979696 4.575355024749041 -1.0063074610074458 0.03707053723511483
78.30175018310547 596075 687.5425415039062 87.04202270507812 -1 542.0206909179688 87.92371368408203
0.998665352650065 -0.013660129499412256 0.016693577435718174 0.04692801669342613 4.5283156984580515 -1.0622286452791034 0.008710245463747678
225.38880920410156 711227 568.0250854492188 248.8227996826172 353 977.0756225585938 261.0615539550781
0.9986885886822972 -0.010481495806898864 0.016920771154140753 0.04716914865630442 4.48779914878102 -1.0717513058131445 0.0038198155600821975
103.86618041992188 520484 813.2606811523438 103.86618041992188 20769 690.1843872070312 107.12256622314453
0.9986959642695326 -0.010625600569939069 0.015759694467011826 0.047382481937771295 4.427018964080577 -1.0517426898111797 0.005782702631906442
200.62008666992188 -1 931.30224609375 326.09356689453125 -1 1039.7076416015625 332.9987487792969
0.9987094685131964 -0.013063304248428807 0.015360575583758656 0.04661330606100844 4.361547063768177 -1.036985203557963 0.0028381795436980338
138.81639099121094 620607 1131.100830078125 256.5514221191406 21628 329.90411376953125 258.8818054199219
0.9988055497776122 -0.013612994154472731 0.017239050111248568 0.04364602244024218 4.252766042016653 -1.0614263841565454 -0.008370174876009726
324.2515563964844 24317 907.8854370117188 347.83502197265625 569653 972.28662109375 358.4311828613281
0.998884184805972 -0.012544188757792056 0.019479522589757502 0.04115309068093165 4.109871250507648 -1.0880317704810283 -0.043782131529788264
318.6850891113281 24317 891.7183227539062 343.85321044921875 -1 991.4801025390625 349.0308837890625
0.9988306342063472 -0.013445502444182552 0.02177540779688445 0.04101724332825654 3.9660307968639326 -1.1009193739025356 -0.08712692339008475
0.5000337958335876 -1 0.5000302791595459 0.5000337958335876 -1 0.5000302791595459 0.5000337958335876
0.998706036334878 -0.010901600621193268 0.026832591346423115 0.04180215465510615 3.815941855644508 -1.1286090141004537 -0.13249387545913638
339.51654052734375 -1 607.1373291015625 339.51654052734375 -1 1055.646484375 356.8263854980469
0.9985516950804262 -0.00791704329979079 0.030073873710809374 0.04390210470379849 3.7019660206838814 -1.1392736022137495 -0.14734353085292767
328.1044616699219 23744 568.0335083007812 347.0565185546875 88209 573.5494995117188 348.6429138183594
0.9983697139304962 -0.00599061887982027 0.030558792648921 0.047834997476913235 3.5804630913796425 -1.134189674580965 -0.14356962282804
274.8089294433594 -1 828.0982055664062 320.5549011230469 60013 832.7387084960938 320.700439453125
0.9982249136556677 -0.005340872430056176 0.03024041906242165 0.051029539423258066 3.4773144168682415 -1.122027682820758 -0.14068168344275245
235.96383666992188 -1 945.628173828125 303.88037109375 -1 755.5487060546875 313.1754150390625
0.9980918865751816 -0.004782575190127605 0.03130322016235101 0.05300774787531579 3.392742254472476 -1.1068986384883521 -0.15321433990766792
93.90343475341797 620607 1298.422119140625 206.63809204101562 36271 1355.83251953125 216.58709716796875
0.9981180853501055 -0.0042673634369322444 0.0334625854050425 0.05120871687854447 3.3232928321780517 -1.1161534831392403 -0.18379079112515392
195.15118408203125 37392 931.5243530273438 216.7455291748047 49331 766.3065795898438 238.98680114746094
0.9982875419555979 -0.0040147872385148005 0.03525770116359336 0.04650547890666936 3.2481608994057476 -1.14977815937148 -0.21694745856323414
224.58963012695312 -1 1169.543212890625 230.64576721191406 -1 952.895263671875 237.12083435058594
0.9982806616687776 -0.005645946944869654 0.036982019049556496 0.045123985731111774 3.1717848772215578 -1.1644762454979198 -0.21258935971120743
303.4109191894531 50469 724.6664428710938 308.12615966796875 50470 724.6664428710938 308.12615966796875
0.9981514926880327 -0.005942589158591265 0.03721967617886257 0.047675769358082126 3.096096707288266 -1.1709926618774114 -0.1691228083053298
299.8076171875 -1 1287.5499267578125 305.1947937011719 26657 725.5924682617188 314.834228515625
0.9979896652082705 -0.005499178484805632 0.036093146306618556 0.051804169360829655 3.032697235292043 -1.1746067716241309 -0.12613203810426019
231.9985809326172 -1 1097.1949462890625 236.34092712402344 36819 648.1359252929688 280.4429626464844
0.9973468863287348 -0.007792303855889009 0.03595327711899591 0.06281584350623676 3.0112960338842307 -1.1181074745845623 -0.11875863575802764
92.82975769042969 620607 738.6627197265625 92.82975769042969 49091 1203.4124755859375 108.44757843017578
0.9967933427460283 -0.010430976565329588 0.035922936186936164 0.070737325654862 2.9785880297389324 -1.104382159698046 -0.13351225698484923
277.38751220703125 -1 890.9864501953125 329.9190368652344 -1 870.4249267578125 353.0884094238281
0.9967757282495193 -0.008442678275103508 0.03302159131215894 0.07263913038711424 2.928252288956334 -1.1312529016579596 -0.14744757964300706
281.52874755859375 -1 665.8291625976562 300.6744079589844 70162 696.5230712890625 335.7040710449219
0.9970216066150527 -0.006562696361849322 0.02937259988611591 0.07100772729169534 2.861777550334033 -1.154851590530054 -0.13666056823508174
151.86083984375 -1 1175.856689453125 164.0311737060547 61331 1102.4248046875 182.96266174316406
0.9971393658516453 -0.007926269655138504 0.028688564477664973 0.06947823822279528 2.8086413961170082 -1.147274085016043 -0.14219433189480968
239.0836181640625 -1 1190.1766357421875 244.19639587402344 -1 1144.6378173828125 278.076171875
0.9974422022245907 -0.009673387199263809 0.028068729348549534 0.06502019097334334 2.729428657305841 -1.1576052820694795 -0.1489216410780452
226.0877227783203 -1 622.6454467773438 288.0544738769531 50471 1155.824462890625 295.1731872558594
0.9974607249369751 -0.008254409128582706 0.026762365996769358 0.06548085754170546 2.626461470685321 -1.168932076851671 -0.1571437836446026
0.5000203847885132 -1 0.5000133514404297 0.5000203847885132 -1 0.5000133514404297 0.5000203847885132
0.9973661816506272 -0.005931835898396879 0.026321506810842575 0.06732526495848046 2.50500925298321 -1.188585799970482 -0.17464616968546137
222.85440063476562 -1 1148.2503662109375 263.5418701171875 -1 535.201904296875 282.638671875
0.9969454365474034 -0.004760283867593522 0.028066238756138086 0.07272841595202413 2.384704503785627 -1.1700454610059705 -0.17765845315240505
0.5008573532104492 -1 0.5008786916732788 0.5008573532104492 -1 0.5008786916732788 0.5008573532104492
0.9966699165935532 -0.005853171170511373 0.03079639576633143 0.0752754923760189 2.2776750699156163 -1.1525461255616656 -0.1750288034130586
265.5658874511719 -1 513.9462280273438 266.20135498046875 50471 499.4315185546875 292.9898986816406
0.9964619304728897 -0.006872530885887359 0.032867570548116495 0.07704616955909756 2.1559387008547226 -1.1425129927630437 -0.16984245699479453
254.24388122558594 -1 1072.5450439453125 291.5368957519531 89156 1037.1005859375 312.49346923828125
0.9962406044537723 -0.006208173846008225 0.03249981016614962 0.0800617196558036 2.0062335962523776 -1.144332275706564 -0.15306180392474486
331.3359680175781 58197 471.6631164550781 344.8133239746094 -1 444.5733947753906 348.4696044921875
0.9962077631642478 -0.0040480637072481795 0.03078383803621794 0.08127767902239894 1.8858504983945383 -1.1591808044540441 -0.16172345088419315
247.89683532714844 -1 926.2731323242188 313.36456298828125 -1 340.8262939453125 351.96405029296875
0.9961000499055773 -0.0026778868021580526 0.03101567931204106 0.08255632705731206 1.7831218587713682 -1.1725339921332159 -0.1627437733014759
105.78671264648438 -1 919.1572875976562 142.62619018554688 -1 974.5474243164062 180.0862274169922
0.9960988058193698 -0.0009042904942176677 0.033066916843359946 0.08181033134269636 1.7248577577191835 -1.1817004150287478 -0.17698700762141528
56.59370040893555 -1 845.78369140625 86.17916107177734 -1 863.789306640625 97.87305450439453
0.9958889124319787 -0.0012142002039674676 0.0352851591265617 0.08341916661252693 1.6954341780405178 -1.1733490515788965 -0.1905340597394142
57.21182632446289 -1 1244.176025390625 57.21182632446289 -1 1238.2685546875 78.13152313232422
0.9957462739407803 -0.0023241708848424853 0.03713556657555229 0.08429060361548911 1.6683086451362237 -1.1671672499544463 -0.20214773574314326
69.35090637207031 -1 842.87353515625 101.89649200439453 -1 1069.9168701171875 111.01445770263672
0.9956190031229532 -0.0021455332484973015 0.03831987932878991 0.08526302924341689 1.6268365959095639 -1.1685430427618322 -0.21141354526780715
4.747696399688721 -1 1237.220458984375 49.20606994628906 -1 855.6394653320312 87.60546112060547
0.9954778878837254 -0.0010998302040008039 0.038679580460499456 0.08675514488189828 1.5736936606974719 -1.1772999154936457 -0.21607067547235628
94.5768051147461 -1 859.05615234375 94.5768051147461 -1 899.7940673828125 152.79092407226562
0.9953346354586093 0.00013878643991184164 0.03827494320897122 0.08856620640600653 1.5107940541730993 -1.184576249028463 -0.21964628909014206
258.6311340332031 -1 911.8909301757812 272.87750244140625 103144 962.905517578125 299.6475830078125
0.9952174320503475 0.0010430813813547544 0.038457375197636944 0.08978978347925821 1.4340847614121472 -1.1906715741454 -0.22579662831821032
301.908203125 95374 792.5617065429688 365.39306640625 61949 730.7007446289062 368.6395568847656
0.9950599648881632 0.0015178049399200253 0.03777835100897847 0.09179411059525737 1.3465161445070486 -1.1917364869676736 -0.2256863684817967
266.6357727050781 -1 921.4019165039062 296.03143310546875 96237 836.8240356445312 324.9767761230469
0.9950783578080327 0.002101227511483822 0.036026953228815065 0.09228599734554907 1.2299438606099915 -1.1932515255939613 -0.2270524731578022
277.5076904296875 104729 804.4481811523438 322.1888732910156 27916 478.120849609375 363.2239990234375
0.995021627794402 0.0018767336424753182 0.03639531162311811 0.09275677540789212 1.1304030688960722 -1.1942315077717298 -0.22271830361856673
232.9500732421875 -1 1203.47119140625 306.6062927246094 -1 777.85595703125 322.6278076171875
0.9949507257467359 0.002094995352009816 0.03807391704062677 0.0928387913089239 1.0466037382132205 -1.2018271291645723 -0.21879937450652326
274.0643615722656 103173 1125.936767578125 298.765625 95374 503.8744812011719 314.4786071777344
0.9949432646043963 0.0022432979111556045 0.039222031759977904 0.09243646497701792 0.9480318310225623 -1.2152375451581934 -0.21758867870436827
178.7247314453125 103168 768.2648315429688 271.61376953125 56066 732.47802734375 288.21844482421875
0.9948138267196148 0.0029612161451558275 0.040286421411536974 0.09334712430637579 0.8578364861174403 -1.236156625145928 -0.21136879086496468
169.81263732910156 -1 748.2645874023438 236.2041778564453 -1 813.74609375 283.1545104980469
0.9948515259879173 0.004566756336740724 0.041063409019963394 0.09253854556741486 0.7640429701279275 -1.2697430719340743 -0.2049052510103127
209.00331115722656 -1 688.847900390625 261.5849609375 104729 1058.254150390625 267.6061706542969
0.9951744228710925 0.004891319550421998 0.04238986840547711 0.0883574677817897 0.6500783507768552 -1.31975459975782 -0.20634643965135321
309.289794921875 113281 923.1311645507812 318.38330078125 -1 1021.5355224609375 326.72137451171875
0.99552779586101 0.004338890742430977 0.04349366047439599 0.08374892950827784 0.5406972767383115 -1.3688923410740865 -0.2074214772497036
145.2877197265625 -1 713.0617065429688 185.54083251953125 -1 763.91796875 294.489501953125
0.995473442909631 0.003922850571505347 0.04418030894843851 0.084055553095913 0.46624492233177944 -1.4001577932518974 -0.20492349199975676
299.0 103146 977.5 307.0 100034 1064.5 310.5
0.9954949840009727 0.0007648066411269329 0.04498280568301536 0.08346076379107165 0.40909388933263324 -1.4029767621890057 -0.2078339978878456
47.175174713134766 -1 675.482177734375 143.58262634277344 103168 610.60302734375 144.9138946533203
0.9947790057166931 -0.005922198324317216 0.047208253124972475 0.0902831002414274 0.3709849124129785 -1.3819366712630206 -0.21400665348691247
190.81736755371094 102201 977.7097778320312 222.32147216796875 -1 1031.509521484375 281.1029968261719
0.993822184675273 -0.012490892154915426 0.046812277981884205 0.09985015518560147 0.33576820176815003 -1.3711169241748535 -0.20807090860139896
147.83409118652344 -1 619.9973754882812 147.83409118652344 -1 635.750732421875 157.8033447265625
0.9935711537553064 -0.01373615650502916 0.04215188573778177 0.10416764832983388 0.2897437900846806 -1.3844282311975586 -0.21455778833507863
253.673583984375 104729 1009.3818969726562 274.31591796875 -1 823.8392944335938 323.057861328125
0.993680699747034 -0.01354563152480592 0.03855508424848787 0.10454036682273023 0.25706660802133136 -1.3990496652877695 -0.22361762018653725
47.62351608276367 98134 532.7113647460938 89.45033264160156 102703 572.4815063476562 91.87794494628906
0.9946350501197174 -0.013512460672461972 0.03606052802092054 0.09601129516246992 0.184831954135077 -1.4049536539730239 -0.23299934399146668
289.0468444824219 -1 544.0375366210938 326.57818603515625 304348 899.5005493164062 336.0309753417969
0.995457605504493 -0.013946632897465415 0.035155819624658274 0.08737113608396738 0.09494537426952483 -1.411764169283577 -0.21755552618920082
326.56390380859375 100034 973.837158203125 330.1399230957031 98148 967.8858032226562 333.3551330566406
0.9956910671668523 -0.014379091671594988 0.03473973417593349 0.08476845731886516 0.003108746479859919 -1.4281495486775961 -0.19513299346829172
315.0235290527344 -1 731.86083984375 315.0235290527344 -1 735.6572265625 315.4342041015625
0.9960229019025064 -0.01325636713193345 0.03327205744677976 0.08158196987957395 -0.12310428116694043 -1.4548439952731878 -0.18142689516964347
357.4736633300781 -1 655.825439453125 360.5976867675781 153671 870.5592041015625 366.99810791015625
0.9963334491493511 -0.011998590469787853 0.03161439203207313 0.07858894419279507 -0.26574116193742997 -1.4838989212484415 -0.17594938147273517
142.62484741210938 -1 479.98480224609375 201.6793212890625 -1 479.98480224609375 201.6793212890625
0.9960462697402246 -0.010811394839475866 0.03221683431225183 0.08207933884422783 -0.3723005388072255 -1.516916566923771 -0.16540183645869513
315.96502685546875 129286 1099.354736328125 355.15380859375 111374 1074.7984619140625 366.92333984375
0.9962295312022547 -0.008583515561545478 0.03400926844741639 0.0793499469490189 -0.4917565909778021 -1.5449424378000403 -0.16303837799631135
242.22547912597656 536137 492.4443054199219 252.8997802734375 28933 603.5659790039062 280.43377685546875
0.9962504371497762 -0.007636381653239378 0.03716297635666239 0.07775387670361034 -0.5846977404366457 -1.5651316998316969 -0.15441255735548484
177.77903747558594 -1 1167.3533935546875 180.1348419189453 -1 390.52508544921875 188.50668334960938
0.9962832368688292 -0.007123900345168998 0.04006133143544146 0.07592135208003108 -0.6776740485486621 -1.5798493505239786 -0.14285849062855963
288.2815246582031 -1 636.180419921875 293.6834716796875 -1 636.180419921875 293.6834716796875
0.9963090799468852 -0.00668351570644376 0.04100966662714222 0.07511161745245241 -0.7802430944080865 -1.5965752726341922 -0.1400492532041457
278.2367858886719 -1 778.5741577148438 278.2367858886719 -1 544.1331787109375 292.3665771484375
0.9962051484906562 -0.0056948216355087716 0.04078574559440402 0.07667720706675545 -0.8535592581925976 -1.6186765295054575 -0.13733188690483086
272.4384460449219 -1 751.9833374023438 300.2841491699219 -1 634.860595703125 305.2947998046875
0.9960890572552251 -0.004165172095117425 0.0416253200381374 0.07782399430469798 -0.9206940493139334 -1.6416844419917338 -0.13901495087104135
72.84644317626953 -1 765.5165405273438 113.39751434326172 -1 795.5781860351562 128.85989379882812
0.9960921426999821 -0.003485908779392833 0.04339462134252388 0.07684528957508832 -0.9913742256333187 -1.6509178011054026 -0.1297036393042066
67.58755493164062 -1 1010.5029907226562 122.42774963378906 284560 352.04840087890625 129.22259521484375
0.995984469144039 -0.004027885110777516 0.0451493855009604 0.07720263178342296 -1.0588874519512246 -1.6561025617606064 -0.11326315805325922
149.7037353515625 -1 897.9222412109375 190.52938842773438 127453 1020.42822265625 206.23866271972656
0.995929864916203 -0.005230003732836103 0.045761125762719755 0.07747432218404479 -1.131889476028468 -1.6597129209542008 -0.1058423158368726
119.96435546875 -1 1075.6727294921875 150.8564910888672 129244 1056.0684814453125 157.61663818359375
0.9958458037307057 -0.005452913180911467 0.045460822503108046 0.07870650892478379 -1.2014312742571733 -1.6737862930778151 -0.10122113835159481
267.68206787109375 -1 499.7973327636719 269.3119812011719 -1 643.2373046875 314.1398010253906
0.9957098789560301 -0.005038758485166018 0.04523480132950076 0.08056215371361794 -1.2664815513022543 -1.6899188095138857 -0.10194717232752029
197.10589599609375 -1 616.970458984375 205.4026641845703 124673 462.7004699707031 229.56961059570312
0.9957422128244959 -0.004508427516586909 0.04525310946222237 0.08018276476091435 -1.3521523303555436 -1.6975264045107799 -0.10735762157202655
275.4159240722656 113198 1225.4217529296875 313.91192626953125 -1 528.868408203125 322.5677490234375
0.9958098431873087 -0.004284622143323848 0.046126146583109276 0.07884653971957312 -1.441549762659295 -1.700749026636892 -0.10528981516521674
224.48060607910156 125881 651.6995239257812 261.6396484375 98148 1129.0924072265625 263.3924255371094
0.9958638603650233 -0.004450941998086345 0.046975495882063574 0.07764446870729118 -1.5418832398081908 -1.7044209987238874 -0.10409627968223255
280.2406311035156 101553 561.4841918945312 304.7515563964844 128024 1178.35595703125 307.3160095214844
0.9960382008062768 -0.003834804158198298 0.046867760107468404 0.0754758893566158 -1.6539947046532446 -1.7115792890770198 -0.11133919345253863
305.7780456542969 122389 848.9910888671875 331.5994567871094 -1 1079.2880859375 344.4881896972656
0.9960787348999003 -0.0029366807744760927 0.04612290201320083 0.07544009342600104 -1.760064376721416 -1.732636892333789 -0.1221329416093837
298.0539245605469 122389 481.1499938964844 329.91827392578125 124025 427.2356262207031 347.3112487792969
0.9961174873897023 -0.0021783066049944786 0.045527967536087934 0.07531540658320877 -1.843778001234738 -1.7480370911571776 -0.1331752375692195
224.71742248535156 141085 1099.804443359375 248.98451232910156 -1 563.2490844726562 253.81602478027344
0.9960997349210464 -0.0013420366496653265 0.04618408024670262 0.07517012544633846 -1.9226917886036399 -1.7579397075444756 -0.13390193720612734
103.1493911743164 141759 760.487060546875 106.99974060058594 121117 565.9447631835938 107.66312408447266
0.9959534281242466 -0.0019170853641922627 0.0472994290522537 0.07639278632566222 -1.9885456647939082 -1.764124309506505 -0.12007689145308553
46.247344970703125 121467 1094.0186767578125 95.14898681640625 -1 891.7028198242188 99.50688171386719
0.9958812453152527 -0.002627832289505009 0.04798632435538137 0.07688271848510399 -2.0505275629108533 -1.7656996221872663 -0.10851306849220918
109.21617126464844 141759 1136.918701171875 109.21617126464844 141760 852.3839111328125 110.4731674194336
0.9959107668759164 -0.0027245054491896745 0.04798729519315315 0.07649536581209801 -2.1208618411946336 -1.7695331240804681 -0.10060530315014644
109.67997741699219 141759 1119.3475341796875 113.80601501464844 127560 1125.116455078125 114.9377670288086
0.9961478606009744 -0.0023516170222911857 0.04729256599229204 0.07380598159598444 -2.1992078700034683 -1.766440937779693 -0.11406770100146765
103.40541076660156 141759 1098.25732421875 103.40541076660156 141760 852.4050903320312 105.5849838256836
0.9961050670241045 -0.0028280781010005633 0.04793446554104036 0.07395258235149077 -2.2427529951334946 -1.7834383842748012 -0.11239364067317585
41.99168395996094 121467 1089.2462158203125 103.49820709228516 127560 808.8944091796875 104.06749725341797
0.9961697385232576 -0.0022661268744065387 0.04772741036740709 0.07323121615209391 -2.2860976324875972 -1.8006028754733976 -0.11934749775262302
34.039146423339844 121467 1078.7972412109375 96.03473663330078 127560 798.9671630859375 97.3045654296875
0.9963092194238053 -0.0021840498947457935 0.046837651202419006 0.07189856498585674 -2.3130919339160116 -1.8188267623915877 -0.126382384765435
91.35514068603516 143125 791.7806396484375 91.35514068603516 -1 847.32421875 99.85018920898438
0.9967276085230394 0.001414128567236106 0.04486571971461159 0.06722456279387726 -2.3647800318562973 -1.8160885061907628 -0.16409481072528365
262.4507141113281 138825 648.2434692382812 266.65643310546875 122509 673.0270385742188 266.7806091308594
0.9974654223322563 0.0032445528855340913 0.041564240627093206 0.05765950077133689 -2.4349371535779456 -1.7722196926566551 -0.19437996714930203
60.09135818481445 127560 994.995361328125 82.1650390625 -1 904.1211547851562 97.80519104003906
0.9977140534135839 0.0022341405279215805 0.04006123090841538 0.05437622656309202 -2.476973350253941 -1.73793268424152 -0.18328329094726004
85.13748168945312 120524 743.5087280273438 90.10931396484375 192645 980.4681396484375 91.47625732421875
0.997903185412712 -0.0006716324458251676 0.04196614258554106 0.04927092783285503 -2.558305664964695 -1.6969508459553335 -0.15278131491710714
101.8915023803711 -1 727.0342407226562 102.97702026367188 192645 727.0342407226562 102.97702026367188
0.9977150598194415 0.0004458853088553305 0.04397976596670179 0.05128587311622764 -2.6431166745923047 -1.7218302835955643 -0.14400036347847964
292.4750671386719 -1 1198.5821533203125 322.6847839355469 -1 1203.8509521484375 333.12457275390625
0.9976017982461398 0.002602601753804927 0.043388857133934394 0.053863583957904325 -2.7736185698307247 -1.7584606256101112 -0.15594292214976746
315.5280456542969 -1 1164.6484375 315.5280456542969 -1 1092.589111328125 356.4429016113281
0.9974335597042222 0.003726323310058581 0.04240174134618387 0.057571701565648364 -2.922608960212347 -1.798332174493681 -0.16837712161029725
282.59100341796875 -1 1014.5809936523438 328.8913269042969 -1 1068.18505859375 330.6651611328125
0.997101431272199 0.003274795838204971 0.04189453151280643 0.06342601750443558 -3.059164773848445 -1.8483124025915247 -0.18719280753099668
298.5505676269531 189374 753.10498046875 305.6249084472656 -1 538.1103515625 368.223876953125
0.9968709747683426 0.003251968393858287 0.04246156254036543 0.0665935437757322 -3.182060446878207 -1.890618665448151 -0.19554313910758253
312.70068359375 160501 996.1943359375 321.1279296875 188633 1028.370849609375 330.5927429199219
0.9969794853207855 0.005615273262506113 0.0440114970294845 0.06374451101791323 -3.307150403699678 -1.8901655857160233 -0.1868917066079945
247.3633575439453 -1 885.0803833007812 257.73297119140625 -1 874.3308715820312 258.4486389160156
0.9969132209939287 0.005411851175604131 0.045763802222900905 0.06356426732423417 -3.3979593469185927 -1.8867849035094872 -0.16243467993325325
102.4023208618164 -1 774.949462890625 110.59708404541016 141761 642.255859375 150.5032501220703
0.9968360701106689 0.003248933949694531 0.04609855613631454 0.06467006167196158 -3.46488097073398 -1.884062413190922 -0.15069137978028307
67.72314453125 190168 737.0811157226562 67.72314453125 165147 645.7963256835938 82.71258544921875
0.99666519850073 0.0027964239998363124 0.04694110962593539 0.06668728767463555 -3.515326844125682 -1.897519836781357 -0.13878308398453296
0.5 -1 0.5 0.5 -1 0.5 0.5
0.9964801269915012 0.0038632357797774458 0.0484934545820979 0.06827017491559205 -3.567549555742015 -1.9197548868686996 -0.12167041812597978
0.5 -1 0.5 0.5 -1 0.5 0.5
0.9962740696170247 0.003926993621855104 0.04974949186103193 0.07033878723289819 -3.6108944365410047 -1.9457366347712155 -0.10659387988873016
0.5 -1 0.5 0.5 -1 0.5 0.5
0.996057627807664 0.002649349469408836 0.04967309975012891 0.07344907211647972 -3.6550386221718005 -1.9788672053522143 -0.1077634460967541
76.61103820800781 285838 406.9964599609375 107.40193939208984 -1 1113.6822509765625 109.89446258544922
0.9960388221996499 0.0027325216955809846 0.05044799750745563 0.07317238238437448 -3.7148830429176085 -1.9879963978638449 -0.10540620162055724
73.6179428100586 -1 590.2085571289062 73.6179428100586 -1 1099.805419921875 106.38775634765625
0.9960686649454595 0.003021690380574566 0.052223405249289916 0.07148985973676501 -3.7951494501599212 -1.9842420970999677 -0.0845978676780205
137.59291076660156 -1 1138.9354248046875 174.5714569091797 165085 696.4317016601562 188.988037109375
0.9961290666714882 0.0018326533204787354 0.05236711918450537 0.07057767878240791 -3.880898744640813 -1.9753222668919974 -0.07553133475618204
290.5756530761719 -1 876.1602783203125 291.1509704589844 -1 585.238525390625 315.95928955078125
0.996269806329185 0.0007154084867498294 0.05045224157744847 0.0700038035203525 -3.9953962920967525 -1.9714287107554473 -0.08511739401091732
226.75302124023438 -1 1288.97119140625 287.4676208496094 -1 1288.97119140625 287.4676208496094
0.9963572991229146 0.0004928039101154717 0.046938051924598385 0.07119486575814847 -4.107856570664433 -1.9935969874039796 -0.11743969581853266
305.60943603515625 -1 1260.533935546875 355.7550354003906 -1 712.65576171875 378.86517333984375
0.9965576043755398 0.0017861887434466074 0.04228384070123407 0.07128693784004785 -4.242120188583621 -2.0179636400251697 -0.16259343242049415
342.1150817871094 180871 655.9636840820312 365.63909912109375 -1 550.0451049804688 379.64532470703125
0.9967950077883756 0.004282420378627459 0.03943764607379962 0.06946974446498815 -4.377635950963929 -2.023611543192184 -0.19885123180945247
324.8624572753906 -1 1213.2176513671875 330.1715087890625 198418 559.0267944335938 334.56585693359375
0.9970153050395208 0.004165096469656049 0.038884924512126225 0.06656647905692413 -4.4943765218027485 -2.0018700100599696 -0.2057027749164814
286.5898132324219 -1 1158.8480224609375 327.1645812988281 -1 1340.516845703125 348.9343566894531
0.9970814614387274 0.0038143950032915592 0.0387730725832234 0.06565560515619648 -4.580546375603774 -1.9969425548761783 -0.2164777943937631
218.71856689453125 -1 546.9804077148438 221.9379425048828 169863 1242.71484375 257.192138671875
0.9971488633180478 0.004360496746988157 0.03938435944956841 0.06421839831693181 -4.663975875201945 -1.9856442096167877 -0.22853374438802435
136.876220703125 -1 1142.481689453125 167.35281372070312 -1 1086.32666015625 199.5311279296875
0.9972714098742175 0.0026886775841509654 0.04166499323307078 0.060881314039918394 -4.7338037929089 -1.939459890743838 -0.2007743049189028
141.62200927734375 -1 1243.928466796875 150.47293090820312 -1 1243.928466796875 150.47293090820312
0.9971392393573136 0.0001942307143347066 0.04727580865551582 0.05897709321689918 -4.783333828519772 -1.9062270769050735 -0.11681985885610388
35.15425491333008 164773 1058.62744140625 123.50330352783203 -1 1233.02783203125 135.36883544921875
0.9973839381462528 0.004135855788678914 0.05271345786921934 0.049289613350452254 -4.85679257788099 -1.8335518931267292 -0.0559645584540309
266.5740966796875 -1 659.3942260742188 275.8008117675781 -1 1025.5693359375 294.981689453125
0.9977268915372626 0.015359567108937188 0.05457844451175019 0.03641877258084782 -4.9598873776528105 -1.7790296058897466 -0.07152574899338496
258.3191833496094 -1 1051.147705078125 324.53741455078125 -1 438.384033203125 334.3015441894531
0.9976128896064029 0.024883923167881853 0.05683481134090719 0.030316943757269163 -5.019916927831781 -1.800659131743978 -0.09245236827608636
217.90509033203125 -1 602.6647338867188 223.5876007080078 -1 1066.1717529296875 228.04248046875
0.9974725889332756 0.02743538140997635 0.059354829515628524 0.027798172364536564 -5.057214500880005 -1.8155850891953427 -0.09757203201960386
55.84856414794922 -1 1142.033447265625 87.25050354003906 176277 1148.2337646484375 104.19258117675781
0.9976252503860765 0.024343536113825507 0.05913677277281758 0.025575264370272632 -5.113694369164212 -1.776429232323126 -0.11056614604159824
227.00363159179688 -1 1064.8782958984375 232.73562622070312 -1 1064.8782958984375 232.73562622070312
0.9979849676706949 0.017376403671837067 0.05663460620525459 0.022728534460706756 -5.20396360350665 -1.6910332097021343 -0.12215048631032877
261.803466796875 -1 1172.0560302734375 265.2997131347656 197686 997.4300537109375 269.9540100097656
0.9983544160934775 0.01010873041711665 0.05270078616267015 0.0202212901131986 -5.311999925243731 -1.5986160955712723 -0.14876518217090917
272.5864562988281 -1 1082.3978271484375 272.5864562988281 -1 958.5314331054688 278.9459533691406
0.9986598198654422 0.004267377335217308 0.048144247705728546 0.018506352689034257 -5.432685253026595 -1.5271427601718184 -0.181518412094804
302.042236328125 -1 1357.4368896484375 314.623046875 -1 1066.789794921875 322.1902160644531
0.9988892056479131 0.0030225664740138186 0.04443469661229392 0.01538754915393901 -5.562681575620072 -1.4754643816630257 -0.21815617469777096
301.35357666015625 -1 1047.24560546875 313.99163818359375 -1 1030.480712890625 382.3877868652344
0.9990823550402931 0.005832597426349809 0.041098797737953635 0.010550709876540153 -5.689780476996612 -1.4338304471541858 -0.2618073337141428
0.5030642747879028 -1 0.5029892921447754 0.5030642747879028 -1 0.5029892921447754 0.5030642747879028
0.9991711013982484 0.008553888115568509 0.03860158281529634 0.009688082001679546 -5.787647276722266 -1.452259752870963 -0.30443826708428595
262.9798583984375 -1 1138.0556640625 262.9798583984375 -1 805.2962646484375 282.8851318359375
0.9991739066306087 0.010830635833568554 0.037464475582295965 0.011428679071172268 -5.8557098801579555 -1.4972240375308552 -0.3348777609454623
313.5180358886719 206204 965.5280151367188 314.3653869628906 -1 603.0577392578125 342.2158508300781
0.9992159490453876 0.012161933444428239 0.03573617281632027 0.011937357356677806 -5.927947903141115 -1.5157495318403804 -0.3617250205461576
254.07012939453125 -1 1363.9703369140625 306.6498107910156 -1 940.2352905273438 307.6632995605469
0.9992727509861035 0.012544875730436835 0.033735723495961385 0.012589526987806056 -6.008396827563114 -1.5236272234430102 -0.3893084180700121
300.4955749511719 -1 1334.865478515625 307.47259521484375 -1 1348.102294921875 316.8009338378906
0.999346773494981 0.012849354369110668 0.031676279357606696 0.011727477287419878 -6.092647299342263 -1.5096259389388358 -0.4176594310180885
307.0421447753906 206203 1321.4317626953125 316.7373352050781 -1 467.6559143066406 348.2792663574219
0.9993463382055 0.014167672792104454 0.031351513511048555 0.011102070234009788 -6.164675220046352 -1.5021614597342139 -0.4353742733452621
94.74630737304688 -1 1135.7674560546875 94.74630737304688 204680 1334.8358154296875 181.0194549560547
0.999362074801608 0.015188385553529023 0.031530853490880376 0.007110673008893327 -6.2531082331541095 -1.452060277925106 -0.4502874891060913
202.10659790039062 -1 1281.4234619140625 223.37855529785156 206201 1253.292724609375 261.0645446777344
0.9994337011108066 0.015415828517207403 0.02969976095409539 0.0035430938955556403 -6.350117768684869 -1.4107647554282607 -0.4863808570967513
281.94842529296875 -1 1243.5709228515625 286.50897216796875 -1 1243.5709228515625 286.50897216796875
0.9995117079346739 0.016666007150850867 0.026423035962921167 0.0006427111801589313 -6.4645806169841595 -1.3835732659775004 -0.5466421002426819
277.56298828125 217205 1229.462646484375 280.51776123046875 -1 1211.050048828125 312.92413330078125
0.9995784515007212 0.018078971804998036 0.022517820729670998 -0.00300296911088273 -6.586629292325974 -1.3501590633824194 -0.622891106629316
265.6531066894531 217205 1192.3148193359375 268.8739929199219 210743 1168.6436767578125 300.23956298828125
0.9996179328053948 0.01892926431204565 0.019419373507188968 -0.00534409010612555 -6.689834466641107 -1.3325255680042034 -0.6832922653111125
0.5115972757339478 -1 0.5114054679870605 0.5115972757339478 -1 0.5114054679870605 0.5115972757339478
0.9996498681841411 0.019761784013646217 0.016359592199842777 -0.006478940892016389 -6.785823276600093 -1.3268341939687567 -0.7374817117463954
251.23358154296875 217205 875.9841918945312 354.37152099609375 -1 875.9841918945312 354.37152099609375
0.9997104898323935 0.019446512488855955 0.01278436514083202 -0.006109801882429728 -6.864523655495256 -1.3342087186477873 -0.7862489692815091
197.02767944335938 -1 1017.483154296875 213.26950073242188 -1 1086.873046875 244.47813415527344
0.9997711720835811 0.017984166002693595 0.010989177420492222 -0.003662133726525051 -6.915989096061034 -1.3668436645916822 -0.8056009238349253
183.9602813720703 217538 1009.1598510742188 188.318115234375 213268 752.2755737304688 188.8158721923828
0.9997946954878093 0.017392440787011507 0.009830020053979285 -0.003382393183461361 -6.960907198474761 -1.3722692260661973 -0.8210281469298027
171.4196319580078 -1 989.2383422851562 185.003173828125 217538 993.8387451171875 188.91839599609375
0.9997899082671615 0.01789600362389423 0.009118107750013793 -0.004090536944413307 -6.996920474346154 -1.372187816134852 -0.8364983893085481
166.1199493408203 -1 990.327880859375 166.1199493408203 -1 977.9027709960938 180.2814483642578
0.9997706010593003 0.018777198289818418 0.00846327231157411 -0.0058766575270683494 -7.016132511581261 -1.3603350491009296 -0.8573219115382682
0.5 -1 0.5 0.5 -1 0.5 0.5
0.9997632120904746 0.019167775941563506 0.00745922418554199 -0.007104652738915987 -7.010733193113393 -1.347042506472544 -0.8689421141062987
0.5 -1 0.5 0.5 -1 0.5 0.5
0.9997682878200979 0.01920294164992271 0.006045380448570705 -0.007620438077405121 -6.977021636867066 -1.3317434442760991 -0.8805501630739694
160.10601806640625 -1 981.9534301757812 178.2654266357422 213268 889.0231323242188 181.7066650390625
0.9997941727148454 0.01824291098371644 0.005613179817112932 -0.006877544374186754 -6.914456069279616 -1.329635561526675 -0.873451425445822
244.3746795654297 -1 1056.2486572265625 248.03004455566406 212700 1054.2442626953125 268.5022277832031
0.9998176717776454 0.016963763282650802 0.006660955714096639 -0.005699614495185347 -6.826666138791017 -1.3325287623958408 -0.8438739333698397
264.2223815917969 217205 863.916259765625 362.4313659667969 214488 1077.6915283203125 376.7496032714844
0.9998268273326366 0.016052200083675076 0.008479557079375005 -0.0040913726505183564 -6.718312805185644 -1.3475332775867528 -0.8072649046952385
266.93658447265625 212701 432.13409423828125 328.68377685546875 215857 961.298828125 344.4711608886719
0.9998065151951668 0.016715059836600144 0.009908750508642136 -0.0030586943804655153 -6.619955464291944 -1.3624567059439643 -0.7870055606874208
204.25843811035156 216438 1161.03515625 254.33963012695312 215048 1161.03515625 254.33963012695312
0.9997691375078855 0.018551429594995596 0.010774908033885752 -0.0011905895942175516 -6.548352373051519 -1.3891847881130401 -0.7814888752058928
178.5469970703125 210808 1035.4349365234375 200.87747192382812 215938 1146.4617919921875 203.13900756835938
0.9997541547725097 0.01945013168807188 0.010563537165047085 0.0013168428091746263 -6.483611460558863 -1.426641937335337 -0.7875945330761467
155.5972442626953 -1 653.4475708007812 160.35177612304688 213459 653.4475708007812 160.35177612304688
0.9997693136995449 0.019208545332853422 0.008895590249692902 0.0036358829802721785 -6.4076060592188275 -1.465168649036477 -0.8047841239734097
169.84320068359375 212909 1067.617919921875 173.97772216796875 -1 1159.9576416015625 177.7774658203125
0.9997641368728593 0.01937252669446861 0.008397380450222923 0.005085256523827394 -6.324614313989944 -1.4974849919482873 -0.8038858565647703
193.37594604492188 213268 1248.107421875 277.841796875 215853 1242.466796875 300.95941162109375
0.9997242180032316 0.020888825300527655 0.009409136601104198 0.005158785110172029 -6.229208728927524 -1.515081677051865 -0.7804890248750171
187.57493591308594 213268 1225.797607421875 232.13648986816406 -1 1253.0748291015625 249.40679931640625
0.9997130235443333 0.0218632229183685 0.009108168519648163 0.0035932305362504197 -6.140659213643214 -1.5062063744636447 -0.7701747967209426
335.424560546875 210246 1128.2044677734375 347.23968505859375 -1 1130.5863037109375 349.2890319824219
0.9997265250440418 0.021626470332650943 0.00783800790158038 0.004211476754152665 -6.020894234022513 -1.5147634991880115 -0.7742972821616257
0.5225276947021484 -1 0.5221186876296997 0.5225276947021484 -1 0.5221186876296997 0.5225276947021484
0.999755736889987 0.020474539264291568 0.006461766513399264 0.005244556320656878 -5.896289793984684 -1.5234083647821413 -0.7840501942887396
338.5612487792969 -1 1268.89697265625 345.5604248046875 203792 1185.6429443359375 355.112060546875
0.9997773211592692 0.019637841261691952 0.005461027919566646 0.005462642239587866 -5.762702716252046 -1.5269455169504247 -0.779241264300252
264.58807373046875 199559 1370.5615234375 301.3749694824219 203787 1370.5615234375 301.3749694824219
0.9997912993716732 0.019515016498856088 0.004886395047378976 0.0035559773890718534 -5.615580898098977 -1.5055048341323949 -0.7661099464657494
325.096435546875 210774 521.4012451171875 330.0707092285156 -1 1179.951416015625 358.8502502441406
0.9998149716533598 0.01841872661609391 0.004843582563037807 0.0027041959226433185 -5.459233807512348 -1.4955668744451778 -0.7464379410174399
259.9632873535156 -1 1270.44775390625 388.0489807128906 -1 888.0269775390625 395.53857421875
0.9998488363206619 0.016350102766658704 0.004430631353063989 0.003917671955547761 -5.287780332510046 -1.5072319683147846 -0.7369824335305286
368.93511962890625 -1 1310.29931640625 393.63494873046875 -1 1314.0091552734375 393.8377685546875
0.999874884680569 0.01499850371822613 0.0033587239535797417 0.0037388293137170115 -5.128011239482123 -1.5139755457591364 -0.7450832195080247
273.0716552734375 -1 1101.927001953125 277.8860778808594 -1 912.5702514648438 351.5085144042969
0.9998632699798494 0.015999282044692385 0.001299201060588501 0.003971951140367122 -4.981246681924634 -1.5353402022689617 -0.7642093051830982
329.4988098144531 -1 943.0247192382812 332.004638671875 -1 350.5354919433594 369.91815185546875
0.9998202107816258 0.01770839439564504 -0.0008079573697953673 0.006730979527712577 -4.832917149936043 -1.5766079508690665 -0.7859324596946221
332.0867614746094 -1 353.04339599609375 342.656982421875 -1 924.6361694335938 346.8240051269531
0.9998117407745302 0.01747793502391166 -0.0034220990493268864 0.007700261995573577 -4.696044872666881 -1.5911074807596326 -0.8089615674293915
249.55796813964844 -1 1319.5767822265625 317.8664855957031 -1 939.138916015625 343.181396484375
0.9998284539238191 0.01749937521442665 -0.003966349635884365 0.004593763378346364 -4.587243484560148 -1.5661908372457924 -0.8161375130699131
326.97662353515625 -1 1018.980712890625 354.47125244140625 198406 1094.2120361328125 356.4894714355469
0.9998303575974021 0.018080781583947794 -0.002383556937053244 -0.002580701511662424 -4.4642317919310255 -1.511683965182162 -0.8047915753032819
309.1725769042969 -1 1184.9400634765625 339.3101806640625 -1 1129.934814453125 350.64599609375
0.9997900363112449 0.019330369552736645 -0.0017699571187471373 -0.006564096092557777 -4.354746502472888 -1.4863357053092128 -0.8043560635894385
301.3200988769531 170994 1107.5206298828125 311.367431640625 -1 1085.21875 312.0760803222656
0.9997599168094539 0.020529654403919368 -0.00245722000055213 -0.007252868472440004 -4.250112877872606 -1.4853568437907645 -0.8118146539832067
307.0391540527344 -1 1093.6221923828125 326.25958251953125 -1 651.7266845703125 335.7592468261719
0.999750428797869 0.0209741464445597 -0.0031937440431787406 -0.006997520874269942 -4.1525760321195815 -1.4868240586979016 -0.8146545846161426
336.9776306152344 -1 1486.4232177734375 347.0297546386719 -1 1064.0284423828125 353.0498046875
0.9997777059306383 0.0198316310894288 -0.0040238980199835 -0.0059205892551108625 -4.043387086603533 -1.4941300396335107 -0.8119027554952852
219.4678497314453 159901 567.2442016601562 286.8472595214844 -1 564.4447631835938 289.9361267089844
0.9998170230693296 0.018205629588017695 -0.005009383859370894 -0.0030629243276786996 -3.9277185796100937 -1.51844284820354 -0.8068661458924105
314.0870666503906 168030 1157.355224609375 334.24591064453125 -1 750.6490478515625 342.1519470214844
0.9998425823162974 0.016343723385792173 -0.006841818551720291 -0.000939580689617704 -3.809850267121202 -1.532893736862949 -0.8009109995076017
208.05413818359375 -1 1204.3486328125 378.6419677734375 -1 987.9397583007812 384.6029968261719
0.9998681981582248 0.014231487643582539 -0.007556344983486878 0.00198814530807067 -3.6972031983014846 -1.553003772252214 -0.796164683919529
0.513392448425293 -1 0.5133612155914307 0.513392448425293 -1 0.5133612155914307 0.513392448425293
0.9998620556633274 0.012850741982978184 -0.0072058752728372645 0.0076683398949609315 -3.5591890205324668 -1.5983637198126284 -0.7954722187604449
312.3082580566406 166094 1284.0286865234375 333.1648254394531 -1 1253.7181396484375 352.5765380859375
0.9998310230532106 0.013308385915319541 -0.007527747781245148 0.010205156443740319 -3.437870921487339 -1.625960647576137 -0.7952254550859071
173.40391540527344 -1 939.0364990234375 213.32460021972656 -1 1389.6358642578125 217.86581420898438
0.9998116878451987 0.014907342853145123 -0.007480567957582041 0.00991973186260024 -3.3719347806929805 -1.6285578384231618 -0.7961966252981748
25.437786102294922 620622 996.3495483398438 159.9396514892578 176185 996.3495483398438 159.9396514892578
0.9998016001368216 0.015545193301022572 -0.005475344036846618 0.011186059930243214 -3.316983553679669 -1.639550185683846 -0.7825111515631674
0.5 -1 0.5 0.5 -1 0.5 0.5
0.9998556999099104 0.012440937416589864 -0.00553211181619709 0.010158650142262384 -3.2909843793832088 -1.6294432327287314 -0.7640497608529706
0.5 -1 0.5 0.5 -1 0.5 0.5
0.9998401656612456 0.008626794292042267 -0.006618730017324079 0.014192038743380776 -3.2419859388066268 -1.6437049032478412 -0.7656825261762742
151.14012145996094 144301 313.7785339355469 177.261474609375 -1 583.1279907226562 177.86483764648438
0.9998624269811669 0.005937764249293456 -0.005862900653672674 0.014335147818407341 -3.1884269549214235 -1.6195782232441427 -0.7849994969082866
195.47048950195312 -1 318.628662109375 203.140869140625 -1 273.14324951171875 212.67800903320312
0.9997942271529493 0.0034569142717801654 -0.0032469082289405204 0.01972335372869833 -3.099182291944266 -1.6119194167602944 -0.7940027329133272
351.44219970703125 -1 910.6788940429688 358.5350646972656 -1 842.404296875 371.4473571777344
0.9997595980585502 0.0001677040089828017 -0.0011199735548200586 0.02189665783649113 -2.980605607437409 -1.5920282232456404 -0.7885770930544599
271.3773193359375 -1 1010.0997924804688 349.34820556640625 -1 972.66259765625 353.13372802734375
0.9997982825936881 -0.00028678656697393257 -0.00018808921843272797 0.02008174540777833 -2.8506153834582144 -1.5650063788993278 -0.7980688352405565
265.6697692871094 -1 1044.684326171875 346.5151062011719 -1 1067.91845703125 357.0197448730469
0.9998787139944615 0.0009730702907740251 0.0004968084063668157 0.015535881577770616 -2.718550496604656 -1.5397404902253533 -0.7999777885210597
267.1872253417969 -1 928.9341430664062 325.5025939941406 -1 933.53173828125 327.7572937011719
0.9999465139173174 0.0018129377920538018 -0.0009873761574908909 0.010134478254454892 -2.6134149211964153 -1.5146318620651857 -0.799689215566926
127.57015228271484 215499 343.0264587402344 139.10025024414062 144860 353.32757568359375 174.41778564453125
0.9999610384698989 0.002612642877861491 -0.004178417708830948 0.007323692022786113 -2.535059666146505 -1.5048763351508927 -0.8120903792248721
0.5 -1 0.5 0.5 -1 0.5 0.5
0.9999449915553348 0.005008929839086414 -0.008730151583903117 0.0029510910848024492 -2.447482210961757 -1.4983625967372727 -0.8376763191498764
119.09571075439453 -1 1099.2921142578125 177.12281799316406 141093 1177.9815673828125 179.02870178222656
0.9999045233479107 0.007422239801939173 -0.011502340719106798 0.001884330833909668 -2.343894865316707 -1.5191117292082086 -0.856505698401102
171.59356689453125 190207 1043.4154052734375 202.13536071777344 151195 1210.6260986328125 203.2884521484375
0.9998726438694098 0.007806947674370543 -0.013917342441057641 0.00023492335895512853 -2.2412901098526388 -1.5286470821515437 -0.876360517794998
323.276123046875 189410 1026.3685302734375 323.276123046875 -1 186.12872314453125 345.1391296386719
0.9998679856399277 0.007296675666190499 -0.014326929923907383 -0.0023471036473214314 -2.133197051529759 -1.5223269002040518 -0.873614815674934
267.6211853027344 -1 723.9921264648438 305.9248352050781 -1 1073.5731201171875 320.4239807128906
0.9998601933681456 0.00841599125330181 -0.013170531864247685 -0.005941540158217801 -1.9941780190663394 -1.515745074314211 -0.8621495140162951
291.8630065917969 -1 1240.4384765625 329.6219482421875 151228 1107.27392578125 334.4506530761719
0.9998377267600959 0.009732753892186873 -0.012026198281470937 -0.009228445360557 -1.8744215954913195 -1.5117636694593841 -0.858465605834171
268.74505615234375 -1 1280.4149169921875 321.12384033203125 151228 1130.036376953125 328.1936950683594
0.999823724679944 0.011517553395589521 -0.010626142392000921 -0.010341693708873268 -1.75849449060827 -1.5217782707253225 -0.8582839017371201
311.8484802246094 151228 1191.44287109375 331.3538513183594 170523 925.6477661132812 345.9528503417969
0.9996940940807738 0.015373253544654679 -0.011103048688405314 -0.0158777720507511 -1.642213431025858 -1.5144861513077519 -0.8708445883035025
49.12701416015625 286039 1234.41552734375 133.6009979248047 215541 1250.135986328125 138.05450439453125
0.9996142469444905 0.015974797878311117 -0.014005354651052694 -0.017888912192875934 -1.5610494773011108 -1.5095026166875263 -0.8761316306187271
131.48324584960938 -1 1129.9832763671875 132.7695770263672 -1 1271.0791015625 137.23526000976562
0.9996476079751552 0.015170783099670609 -0.01581023105586134 -0.014984785739323552 -1.4760305365393123 -1.5220004572558743 -0.8597940877798401
0.5 -1 0.5 0.5 -1 0.5 0.5
0.9995560509482803 0.013428653179740214 -0.01690852989890589 -0.020529829592941546 -1.4315380721401645 -1.4988512262452123 -0.8386014043794833
0.5 -1 0.5 0.5 -1 0.5 0.5
0.9996210783017238 0.011346401039797203 -0.01640892187297401 -0.018965924214491645 -1.3605515001025945 -1.4897060803406141 -0.7994215833279629
191.61541748046875 133599 463.63604736328125 218.80764770507812 131086 333.955810546875 221.061279296875
0.9997608274296307 0.009558045492344408 -0.014797915605251824 -0.01295968353496011 -1.2879508609118933 -1.4897113770502588 -0.7697319155905609
218.64724731445312 -1 566.38427734375 283.0143127441406 123397 379.36083984375 286.9989013671875
0.9998821574859813 0.007208025426632846 -0.012204811884217874 -0.005895598146011358 -1.2068920155001073 -1.4882634754758997 -0.7444052220362356
199.93637084960938 101618 314.2196044921875 205.97311401367188 -1 664.3469848632812 212.8058624267578
0.9999300106084957 0.0041095037730542764 -0.010656217596975048 -0.0030872139152756106 -1.1396580312596334 -1.478648458939738 -0.7200285915455744
205.68438720703125 98148 612.263427734375 217.83026123046875 119630 689.3731079101562 226.02169799804688
0.9999563012617884 0.0019044056243335188 -0.00890385070599595 0.0021190206858539484 -1.0479200579621801 -1.472207820986582 -0.6900671022572731
295.88232421875 -1 474.4202880859375 317.32391357421875 -1 474.4202880859375 317.32391357421875
0.9999682771402416 0.0007965558390678422 -0.007784440501768371 0.0014875140491808095 -0.9667171447526545 -1.4589623232379945 -0.6698085408271962
273.5932312011719 -1 967.468505859375 288.34619140625 132029 507.7476501464844 324.0589599609375
0.9999665936783853 9.177832918710494e-06 -0.007085327303073761 0.004075485249988454 -0.8409424165660752 -1.4623985043219467 -0.6510392711277129
258.41143798828125 -1 974.9869995117188 299.8541564941406 152987 963.5367431640625 306.11376953125
0.9999514100448498 -9.701453327256663e-06 -0.008941850857328995 0.004149790168654595 -0.7173529569602275 -1.46616704753889 -0.6458331156935527
224.6146697998047 -1 514.2489624023438 286.6728515625 -1 992.5819702148438 289.594970703125
0.999917684725207 0.0012773353257049733 -0.012716065248738409 -0.001137485312916654 -0.601148618664298 -1.4578241768776055 -0.632788353103175
0.5261911749839783 -1 0.5254950523376465 0.5261911749839783 -1 0.5254950523376465 0.5261911749839783
0.9998497256781697 0.003099930317192717 -0.014990983988103883 -0.008135532704501913 -0.48632261276589833 -1.448722439176501 -0.6209475426682309
276.9328308105469 -1 746.7220458984375 276.9328308105469 138178 1329.54541015625 296.90728759765625
0.9997501943211904 0.005074353892053856 -0.015622433144760936 -0.015157159033196305 -0.36165081581804676 -1.4447021495552548 -0.6195215138357663
275.5272216796875 152819 968.0064086914062 278.53955078125 -1 723.5426025390625 311.4530029296875
0.999689347255851 0.006429737618456593 -0.01713381308823507 -0.016920399120173436 -0.22869981116954877 -1.4468605497407905 -0.6270564812763427
297.4032897949219 152988 988.2413940429688 309.24334716796875 -1 728.7672119140625 320.920166015625
0.999692887377703 0.007547957964650118 -0.018105839019945287 -0.015143904726950798 -0.08509748714237998 -1.4493275711634819 -0.6301688895527893
287.4568176269531 -1 1025.0599365234375 311.5308532714844 -1 768.240478515625 318.1426086425781
0.9996925045178364 0.008937766773603853 -0.01694075989710099 -0.015748758365828522 0.02863791643477879 -1.4506752149915614 -0.6362555151496823
314.444580078125 117220 773.8577270507812 316.3341979980469 -1 1103.86083984375 325.81982421875
0.999684354309758 0.009435809839212234 -0.015519699475220023 -0.01735788492758728 0.15018107434438732 -1.4576677276343024 -0.6403292935315699
266.9737548828125 -1 1008.4677734375 284.87127685546875 -1 1008.4677734375 284.87127685546875
0.9996451663071495 0.010351642191837158 -0.016472624986247644 -0.018194438951123017 0.24740538393321335 -1.4675708495473003 -0.6469586350411952
162.32595825195312 -1 415.26214599609375 177.88600158691406 -1 415.26214599609375 177.88600158691406
0.9995855470098158 0.011548737249614246 -0.018498638761543267 -0.018792584734321154 0.31669136221468613 -1.4804308583698427 -0.6408714065892235
71.63285827636719 103169 488.3830871582031 92.32603454589844 112573 488.3830871582031 92.32603454589844
0.9995079391073517 0.012160384664076911 -0.020550074061849555 -0.020339595921478663 0.37950319268338195 -1.4936728612137928 -0.6309805341855728
57.41453552246094 -1 461.3111572265625 68.6489486694336 103169 504.7080383300781 89.9132080078125
0.9994519432050414 0.011470240711150957 -0.02188134234277055 -0.02203301293454184 0.4379114906866982 -1.5009635619930148 -0.6282136165114033
57.268611907958984 -1 519.7721557617188 89.19139862060547 112573 536.6723022460938 114.20628356933594
0.9994088464158607 0.0099670479584062 -0.023653686635135906 -0.0228717898136605 0.4966092390690036 -1.5096191365605147 -0.6220165807408116
56.18101501464844 -1 534.5322875976562 89.79451751708984 -1 543.4585571289062 94.77288055419922
0.9993407067982186 0.009337124981550387 -0.02459156081289324 -0.025024487405369625 0.5478099553761185 -1.5221783391535226 -0.6245265784752096
59.86482238769531 -1 521.94091796875 60.57427978515625 -1 540.1103515625 62.274410247802734
0.9993030161065307 0.009087493558333489 -0.024019107320836505 -0.027092101150117533 0.5873469233732437 -1.5364614863238926 -0.623204964554872
87.11751556396484 112573 1007.9737548828125 127.1082763671875 109298 1027.3858642578125 153.86236572265625
0.9993449764300821 0.008464256362384768 -0.02173029999447224 -0.02767252265950255 0.639543771027021 -1.5511405174545416 -0.6208304584167249
211.6096649169922 113198 988.6824951171875 231.96237182617188 -1 988.6824951171875 231.96237182617188
0.9995049241203386 0.007259520768942998 -0.020395410546093354 -0.02283053319696771 0.7175764223544875 -1.5546401414385682 -0.6162657419341283
217.36280822753906 109308 1002.595947265625 221.66905212402344 -1 1026.1319580078125 244.35162353515625
0.9996351759581364 0.005320564995881738 -0.020145340397424542 -0.017186385179616903 0.7939607555200802 -1.5538503237544496 -0.6087357931038129
238.18820190429688 -1 1035.3267822265625 238.18820190429688 -1 1074.13037109375 244.96417236328125
0.999766536841805 0.0030755960761268586 -0.018180638605459973 -0.011263964666938216 0.8791048955168618 -1.5368739618862355 -0.624392824001536
269.0 -1 962.5 271.5 -1 1059.0 284.5
0.9998900356967466 -0.0011652517398069231 -0.014314260001609477 -0.0036960334614629014 0.990267635861631 -1.4991153371791572 -0.6354230424306191
284.89959716796875 -1 1117.8154296875 313.4999084472656 -1 1106.3382568359375 316.9549560546875
0.9999029114824247 -0.004423783313510605 -0.01277983782302696 0.003357602624283072 1.1078153497113894 -1.4606942116300174 -0.6193013305588295
328.4430236816406 -1 647.8955078125 334.541748046875 116315 645.6351318359375 343.6751708984375
0.9998710302171195 -0.006342063702967349 -0.012864598609483571 0.007225182569355424 1.2545712084067824 -1.4418049570059117 -0.5993070868131298
298.6015625 -1 1168.07958984375 344.66455078125 -1 1120.31005859375 352.15447998046875
0.9998544306237765 -0.006407588768743708 -0.012072152151470622 0.01021388812383042 1.4251050233931681 -1.4371783950794736 -0.5867202025047832
257.52154541015625 -1 1251.542724609375 347.9158020019531 120251 1235.5584716796875 352.33172607421875
0.9998881919392579 -0.007007626088353879 -0.011385923219401337 0.0066975778823034635 1.6155489100359068 -1.432900337880092 -0.5583450683196949
275.43426513671875 -1 1219.6407470703125 359.24102783203125 -1 247.58526611328125 373.0708923339844
0.9998831755700563 -0.007356917953068367 -0.01334985955333518 0.0011367585838648433 1.744616914710694 -1.4358512417798397 -0.5438370193850555
265.09625244140625 -1 1289.2186279296875 265.09625244140625 -1 1329.91455078125 270.57427978515625
0.999837525165212 -0.005980284560014062 -0.01571538805451149 -0.006495078627827309 1.8612054101638118 -1.4593622666072685 -0.5435981489887108
268.0489501953125 101618 1124.505859375 320.461669921875 -1 811.7048950195312 344.3282775878906
0.9998242771445437 -0.003959150949182127 -0.017122600197645884 -0.006523535745579134 1.9931228456793806 -1.467911303385776 -0.5490594143826082
245.96817016601562 -1 1247.482666015625 296.1919250488281 -1 1067.4644775390625 326.9555358886719
0.9998064700045852 -0.0017566043413640958 -0.01890888779864241 -0.005137201609532968 2.11366690602285 -1.4712764852511948 -0.5533387996482335
330.7191162109375 -1 267.0555114746094 346.53753662109375 58257 1229.266845703125 356.73138427734375
0.9997995766623492 0.0006539531666259426 -0.01943842141584892 -0.004746222066364022 2.2292351915416693 -1.4744200671573953 -0.5612015444056943
292.32513427734375 -1 1331.9326171875 295.5956115722656 -1 974.5889892578125 309.89215087890625
0.9998150810814103 0.002200929558613347 -0.018429865140899494 -0.005029872974462556 2.333801377145732 -1.4751929202517364 -0.5676470608693914
293.2811584472656 -1 1035.981689453125 328.93603515625 -1 348.3974304199219 337.1243896484375
0.9998105643767631 0.0026889388144845598 -0.01801484802470306 -0.0068607739590579395 2.434680739204113 -1.4774154599477631 -0.5700308631133911
205.6768341064453 -1 1046.14013671875 294.3933410644531 -1 301.12744140625 311.3805847167969
0.999801864860288 0.002317955005075161 -0.018470659908198864 -0.0070493140829877435 2.5266272736982818 -1.4754716647762913 -0.5717681304029696
133.50636291503906 -1 1109.0618896484375 195.60037231445312 56066 1109.0618896484375 195.60037231445312
0.9997832796214724 0.002888193427043217 -0.019866159154209157 -0.0055125174394605285 2.6299283907726547 -1.4740808354145345 -0.572516791012659
227.91111755371094 56817 914.1996459960938 290.13128662109375 -1 1170.1368408203125 302.0137634277344
0.9997460933468217 0.004668167029559572 -0.020801738457482816 -0.007296898758973806 2.726607283436742 -1.4923079415871616 -0.5725308593388357
283.9952392578125 -1 1144.2529296875 300.27593994140625 56804 1201.4058837890625 311.4524230957031
0.999714291996969 0.005569155437566551 -0.02084907386218581 -0.010277889073172671 2.816452754542337 -1.5150460781154163 -0.5723271062878456
182.60984802246094 -1 467.9403381347656 220.65199279785156 56817 1146.6597900390625 223.8536376953125
0.9996859915335471 0.004823002761600847 -0.02045255186733135 -0.013651010880687845 2.8980521747772947 -1.5467917615742932 -0.5648294415790847
100.45897674560547 61334 1120.135498046875 104.35801696777344 -1 1324.650390625 109.35199737548828
0.9996280354866051 0.003971589559574058 -0.01940148012905251 -0.018750992356750065 2.9422655216507008 -1.6009668746773662 -0.5718597298381695
73.52947998046875 -1 1300.12646484375 85.07486724853516 -1 1300.5823974609375 91.06617736816406
0.9996018468875645 0.004852276854160523 -0.018902881946754435 -0.02037852208595317 2.98559116187239 -1.6464155965577827 -0.5765455570643532
53.12670135498047 -1 1303.6910400390625 98.02621459960938 55335 1245.135009765625 131.5059051513672
0.9997656397718993 0.007044722488697709 -0.017071840740194008 -0.01129555975965596 3.0689692329040175 -1.615869274707967 -0.5900868833948832
68.37637329101562 -1 1462.061279296875 68.37637329101562 -1 1347.646484375 82.71424102783203
0.9998416952169703 0.007618945094778869 -0.01573631649033004 -0.0033021999657971445 3.145828523717365 -1.5685267978740594 -0.5915205231493927
150.3510284423828 37244 1244.2479248046875 166.64212036132812 56068 886.5303344726562 169.44908142089844
0.9998903588710135 0.005740327794822316 -0.013622035495990443 0.0008712190021638803 3.23020030800802 -1.5219911966072548 -0.610507051146786
0.5025801658630371 -1 0.5025691986083984 0.5025801658630371 -1 0.5025691986083984 0.5025801658630371
0.9999015288492481 0.0012850868426958117 -0.009856549274260383 0.009906038216522214 3.3688752274810523 -1.45387266810827 -0.6223779039531145
345.50396728515625 -1 1086.4888916015625 364.22802734375 -1 259.5464782714844 369.7223205566406
0.9998597076689348 -0.0005302810106487082 -0.0051977299540414915 0.015914376694260452 3.5392136001372707 -1.422916508219727 -0.6453925533684848
342.4696350097656 112622 720.2500610351562 349.1173400878906 -1 1166.2322998046875 355.4826354980469
0.9999501454236543 0.0020679575304428837 -0.0012379641320104083 0.009690080684529295 3.66385396982235 -1.4954258355002765 -0.6911887888310545
299.35479736328125 -1 1168.162841796875 325.95172119140625 -1 1125.3994140625 337.5690612792969
0.9999717288402742 0.005722427950634628 -0.0008564139864667478 0.0048022800446106 3.747209772819062 -1.5729341701302164 -0.7171271902338718
161.40147399902344 47312 1077.79052734375 162.61679077148438 304800 1033.5023193359375 167.05503845214844
0.9999468931739742 0.008772034170857432 -0.004797304061204539 -0.0024996243650875186 3.763891884647839 -1.6676207993923409 -0.7325671202792093
108.51815032958984 30697 426.6398620605469 137.20571899414062 -1 289.7250061035156 165.65371704101562
0.9998615384300694 0.012730807129345052 -0.007342260580658105 -0.007805237194100822 3.7664087236677495 -1.74299455272686 -0.7619107261353362
108.91016387939453 66750 1165.2132568359375 133.1496124267578 371397 717.1249389648438 150.77235412597656
0.9997754302713724 0.018766537525723853 -0.008489749569534025 -0.004982995809203072 3.772883236036824 -1.7388667116197647 -0.8129992211517265
0.5 -1 0.5 0.5 -1 0.5 0.5
0.9996806666961915 0.02331715109036063 -0.00960028358422906 -0.0016461026669218886 3.766652524235006 -1.6966465126195318 -0.8419630895571306
10.332481384277344 -1 1103.1170654296875 70.0209732055664 43076 1100.4617919921875 77.14323425292969
0.9996141947988196 0.02584187129006538 -0.00947712154599309 0.0037206736134178784 3.776245584194692 -1.5939004185168653 -0.8634093548647633
84.34917449951172 66750 336.92962646484375 87.36246490478516 -1 339.07366943359375 105.65367126464844
0.9996085147560692 0.02515956313672567 -0.008590896887510505 0.008718377177126826 3.7990492380084464 -1.4668035491081062 -0.8848897155423582
120.6126708984375 12930 344.6598205566406 131.8390655517578 40259 395.4016418457031 144.84710693359375
0.9995974268130052 0.025071094163373206 -0.007687386036417691 0.010831834664409762 3.8101351215132953 -1.3712686244674792 -0.9102539803164426
96.48482513427734 45403 1116.4293212890625 104.01468658447266 30697 1147.5513916015625 112.61431884765625
0.999579240906988 0.02646867002164389 -0.0067494994617859775 0.009756788001709852 3.8024892046715832 -1.2806389189680243 -0.9241657155961336
130.56822204589844 45403 1111.7486572265625 134.92991638183594 30696 431.2071228027344 138.50465393066406
0.9995981071734126 0.0256207464240385 -0.005295418546097076 0.010916044632906737 3.7909109565993533 -1.1834030930739519 -0.9434620619673623
210.5375518798828 -1 500.3923645019531 247.31103515625 -1 453.4527282714844 267.6396179199219
0.9996019583793672 0.023576185868248632 -0.004761319749946464 0.014745104213899442 3.7741232401455025 -1.071233362990555 -0.9703240966391445
174.22572326660156 245867 512.1825561523438 218.85992431640625 -1 532.5613403320312 246.8791046142578
0.9995752396283879 0.022293177178222066 -0.0069038987744382795 0.017455393288711964 3.7492523700076084 -0.9874267543237691 -0.9761099258177998
197.45697021484375 245867 1228.054443359375 212.7812957763672 -1 1102.0904541015625 213.1378173828125
0.999506176842801 0.02395641917995961 -0.009081320115688003 0.018194011600468518 3.7306606379341885 -0.9109893456289008 -0.9609898670677265
108.75386810302734 48012 469.1666564941406 141.43862915039062 -1 835.1145629882812 143.7947540283203
0.9995163533139932 0.025601231144338692 -0.0071238128682194314 0.016152018821480773 3.7292698182188118 -0.8241250247643078 -0.9524452353979647
279.5982666015625 80910 667.6222534179688 348.1521301269531 -1 667.6222534179688 348.1521301269531
0.9996824903462931 0.022774051166495408 -0.0021263867820392164 0.010570693816054593 3.736919282744716 -0.7474477237736732 -0.9685049761535531
319.93048095703125 82937 1104.146484375 319.7391357421875 -1 1012.8334350585938 358.58758544921875
0.9998447473680179 0.016614329347375823 0.0030490916961017347 0.005014804158720896 3.7374337124836035 -0.6547323690031188 -0.9935537133428802
319.3494567871094 -1 1041.5296630859375 332.9010009765625 -1 1062.436767578125 336.4279479980469
0.9998750307372309 0.015180060245290542 0.003929762377221053 0.00201137933505582 3.714104624518583 -0.5825558437729448 -1.0048955304043468
270.718994140625 -1 982.822265625 337.4034423828125 -1 947.2238159179688 340.61981201171875
0.9998764532087336 0.015415334212852627 0.0030417488333511155 0.0004399475697341861 3.6888987597626914 -0.5159076500622101 -1.0104917914660019
80.36237335205078 -1 1512.6763916015625 130.73309326171875 -1 1512.6763916015625 130.73309326171875
0.9998572794465629 0.016281618930014074 0.00242968027601352 -0.0037981938460720744 3.6701346771179857 -0.45881476992180364 -1.0207454015571313
192.2990264892578 -1 934.0130004882812 214.1958465576172 -1 1221.2220458984375 217.14405822753906
0.999828362992308 0.016494030625153033 0.004291871325264862 -0.007264389195622258 3.6725867080632617 -0.39594526992618234 -1.0363671721993264
246.55873107910156 -1 987.7879028320312 276.272705078125 -1 963.8278198242188 295.2358093261719
0.9997976259746284 0.01632324389025292 0.00551311571371743 -0.010385776789599841 3.6749049049917293 -0.3332433917905932 -1.0416867752081902
303.2781677246094 -1 1004.6322021484375 343.9057312011719 -1 1274.4617919921875 346.22210693359375
0.9997799171852298 0.016658643422901943 0.00518814479750755 -0.01164860274726696 3.672479815054918 -0.2483918119523566 -1.0338776419356812
343.1264343261719 -1 963.5848388671875 357.3535461425781 -1 821.7615356445312 369.30560302734375
0.9997901816843425 0.01636212225032368 0.005312171217599528 -0.011120000000438371 3.6777689166345233 -0.15893692898447984 -1.0254530579788368
374.4601135253906 -1 967.5498657226562 387.2850646972656 -1 992.411865234375 400.47674560546875
0.9998017465776041 0.015991147403424513 0.005322053560364283 -0.010603135903824393 3.688854735416338 -0.05390985606398754 -1.0161903599586444
316.4464416503906 -1 1198.6241455078125 320.20855712890625 -1 893.878173828125 341.2388610839844
0.9998137316679928 0.016355944901267336 0.005596487730932071 -0.00858279439269033 3.7116014469988277 0.06106312201034701 -1.0175111277272786
6.440866470336914 -1 1155.1739501953125 342.89410400390625 -1 703.6101684570312 349.8964538574219
0.9998109352770821 0.01771141102667997 0.00532550025310607 -0.006003221373954584 3.7374433953207316 0.1734477883522115 -1.0129296849508498
229.99581909179688 -1 527.6974487304688 237.0665740966797 -1 652.3583984375 250.22694396972656
0.9997953405308461 0.01933240415842586 0.005192987489922978 -0.002927128831194403 3.7669835684769315 0.29118002037835233 -1.015499805566701
281.2773742675781 -1 1449.049560546875 329.1090393066406 -1 798.0764770507812 366.6822204589844
0.9997884630240327 0.019686492713350993 0.005955102815468576 8.921405128957943e-05 3.8078827471958903 0.4214990429596043 -1.0292714452973417
271.95556640625 -1 508.1354064941406 281.2131652832031 -1 749.0447387695312 286.1289367675781
0.9997820972252134 0.01946744850266231 0.0075327902178446374 -0.00018327106716301147 3.846280168190744 0.5264006304991876 -1.0443876900357776
197.3800506591797 -1 1262.5533447265625 224.18186950683594 -1 1425.7655029296875 310.83795166015625
0.9997639487145284 0.019380129315881067 0.009728745457216668 -0.0013449722161287985 3.8736285381824067 0.6129853999266704 -1.0539496506980166
226.85060119628906 -1 599.8851928710938 238.0450897216797 -1 735.0789184570312 272.7370910644531
0.999742096520449 0.019285205958057827 0.011502145200784785 -0.0033943971236081068 3.8921522986115313 0.6960511751340006 -1.0627047551587774
216.99082946777344 -1 734.6384887695312 240.6438446044922 453424 732.351806640625 243.49432373046875
0.9997304209139334 0.019636780999888834 0.011668062907788622 -0.004163969163222385 3.8965796338856755 0.7829937919855723 -1.0711141596707
134.12539672851562 -1 499.74200439453125 248.51864624023438 -1 732.3011474609375 265.33740234375
0.9997288693140677 0.02015396519642491 0.010851144204939666 -0.004272963412067149 3.893686474924953 0.8647076397547934 -1.084165381332151
216.9508514404297 456105 564.5216674804688 217.80360412597656 -1 564.5216674804688 217.80360412597656
0.9997512954898411 0.019542633735404238 0.01018677893150709 -0.00341499166452808 3.895568389424488 0.9542797974704528 -1.0898040556363926
75.00365447998047 -1 1000.5079956054688 180.89907836914062 456085 1003.09423828125 183.52101135253906
0.999758269409292 0.0192455668003222 0.010455425014026755 -0.001922236730461924 3.902931548551758 1.0552306715749955 -1.0812221809738314
190.33399963378906 462723 1002.1439208984375 221.0612030029297 -1 1004.6847534179688 222.59815979003906
0.9997452865930994 0.019666597233863208 0.010903334021671925 -0.0019246286224674223 3.9189085599112694 1.1574048673793353 -1.073335795130405
243.54354858398438 -1 1041.3804931640625 255.20297241210938 457903 1019.8154296875 267.39990234375
0.999768686706907 0.018942653468678912 0.01014987977418684 -0.0008537566877279111 3.934939186051715 1.276695084901507 -1.0748257827241177
186.94989013671875 -1 576.1596069335938 252.68679809570312 449982 1045.61083984375 260.0170593261719
0.9997771371402034 0.019059076312057124 0.008812398569585407 0.002183871177695345 3.9375525072184487 1.389200005420046 -1.080138329618039
187.1805419921875 486651 419.7783203125 195.30625915527344 -1 452.64324951171875 202.9317169189453
0.9997272315446328 0.02099107111650851 0.008557001894915012 0.005622735993822467 3.9347655819126213 1.5069772347519725 -1.0846907682726892
209.64105224609375 -1 474.2466735839844 249.010498046875 -1 565.1785888671875 250.77928161621094
0.9996598289433901 0.021912109023100704 0.00997216266420277 0.01003204101022336 3.9296024170313326 1.6400932372846995 -1.1027758518084125
137.0865020751953 -1 601.5087890625 239.37477111816406 486651 595.6141357421875 240.9155731201172
0.9996358384106269 0.022599482587155998 0.010903382473683507 0.009928252741990004 3.9268250198273362 1.737807940387295 -1.1189993069843143
187.7860107421875 -1 1320.9722900390625 192.0405731201172 -1 1038.0946044921875 239.44737243652344
0.99965820565639 0.022503333718892137 0.010257289443284051 0.008477018854519862 3.915096645722115 1.8102301874195244 -1.1172466747812442
201.7371368408203 -1 643.3665161132812 251.9172821044922 -1 1032.17236328125 270.8240661621094
0.9996610193688565 0.022253912891940914 0.00973123847744839 0.009376177958611145 3.8941194616929957 1.9025695756848076 -1.1138987913919303
206.04180908203125 469335 641.0302124023438 226.0127716064453 -1 1315.9898681640625 246.0706024169922
0.9996412210277261 0.023036752933402828 0.008738839526180327 0.010505708934572738 3.872955789373597 2.0043396045596116 -1.096390529593153
288.51300048828125 468643 1303.6009521484375 289.97802734375 468644 491.82476806640625 291.8192138671875
0.9996223428907642 0.024305275544440116 0.007553202093532215 0.010362157710755665 3.8602489522820247 2.0970125355301357 -1.081272828156617
154.8917236328125 -1 599.262451171875 230.0709228515625 -1 875.3826904296875 236.5782012939453
0.9995572651434153 0.025007067994747043 0.006532037520873566 0.014739495756242978 3.830756236120429 2.222157117280889 -1.0694024015392232
193.47901916503906 -1 649.1671142578125 242.3528289794922 -1 561.0440673828125 251.8911590576172
0.9995079751384375 0.02570869400288469 0.005234893303049172 0.01718914132330307 3.8141684086705694 2.3299342447487965 -1.0540869895568952
279.95849609375 470084 605.1250610351562 295.1256408691406 -1 567.0413208007812 310.88970947265625
0.9994679102853121 0.02551732442773134 0.005276299054435651 0.019619458000909158 3.807084589463861 2.467121449560025 -1.052533163670057
210.84674072265625 -1 1272.1639404296875 250.00131225585938 -1 1272.1639404296875 250.00131225585938
0.9994773579840236 0.024594470928972344 0.006974015144229066 0.01978600489659015 3.817272334578327 2.5701889539018765 -1.07124000017928
200.77935791015625 -1 1280.6527099609375 292.9140319824219 -1 1280.6527099609375 292.9140319824219
0.9995225604626911 0.022088095528690625 0.009190288728562382 0.019552640617250823 3.8300699520297568 2.6739074923042208 -1.1069476931212494
314.8408203125 -1 540.8759155273438 363.4007263183594 -1 515.9741821289062 398.28472900390625
0.9995658579398773 0.0199160912745242 0.010257227461672751 0.01913724729582271 3.836295192012493 2.769866100819118 -1.1432202398993616
257.2628173828125 -1 958.9365234375 279.3735046386719 -1 1207.993896484375 295.1566467285156
0.9995966514178194 0.019973573142501106 0.009892347006110622 0.017599213644774517 3.8368530269539427 2.8488380055402387 -1.158015338514183
144.98226928710938 -1 1288.131591796875 168.53182983398438 -1 656.363037109375 180.10797119140625
0.9995184848867289 0.02156925493532658 0.010248392455104758 0.019812522892328446 3.82800822869989 2.940009827766109 -1.1498256934681959
76.19602966308594 482964 458.3409729003906 102.712646484375 -1 464.27471923828125 103.5389633178711
0.9994980244125312 0.02279442046021722 0.010945071454526974 0.019087142326324958 3.850342373845592 3.008514997457294 -1.143458773450298
83.37010955810547 481770 1474.7332763671875 107.83268737792969 487362 470.8439025878906 140.4729461669922
0.9994972713012904 0.023571561838481636 0.012451913441459088 0.017162050734567214 3.8763914170701876 3.0571124157991223 -1.1340691702924315
138.15689086914062 482964 289.60736083984375 187.36978149414062 486111 230.1031036376953 198.18399047851562
0.9994807848386644 0.02349631501200685 0.014464516513607415 0.016639161071750022 3.8958424826433484 3.115021193411948 -1.1403759387297776
163.28561401367188 -1 1186.9443359375 167.88719177246094 -1 1126.753662109375 193.75201416015625
0.9995639960316387 0.020557113918597054 0.015347044216167872 0.014618178355288246 3.922232228183556 3.137457657067639 -1.1706139180221862
37.764671325683594 485487 1294.531494140625 45.301151275634766 -1 1597.085693359375 46.806636810302734
0.999616150188369 0.01792107663705934 0.015451500299616259 0.014409664577768003 3.933059496801512 3.1349095783688385 -1.1797656260425353
21.383352279663086 -1 1240.206298828125 27.331844329833984 -1 1518.2720947265625 48.45329666137695
0.999581929359082 0.01786130571871028 0.0154840625735353 0.01664884569623 3.931944632101497 3.124979386390344 -1.146655657196327
25.62329864501953 -1 1597.1658935546875 45.242958068847656 -1 1597.1658935546875 45.242958068847656
0.9995486787394516 0.018342997458677724 0.015240295889284139 0.018267639575342554 3.9408272748532003 3.0935059478374707 -1.0951291589760672
35.57758712768555 -1 1214.082763671875 41.609004974365234 -1 1295.529052734375 52.35295104980469
0.9994797838722996 0.01764966374760596 0.015485582829734295 0.022109901053623045 3.943570223099067 3.0647131570891 -1.059282655223957
17.334049224853516 -1 1218.6654052734375 36.663902282714844 -1 1143.4781494140625 53.880252838134766
0.9994673940304644 0.016530748307827674 0.015407111564652276 0.02354322712735464 3.957688510410158 2.9986800398079243 -1.045781507438692
213.88243103027344 -1 471.6208801269531 284.8772277832031 -1 932.03076171875 288.8487243652344
0.9994096381648505 0.01751556275585327 0.015114959385165667 0.02539917729638857 3.9671137482507803 2.893816749302701 -1.016704056364504
264.17242431640625 -1 1067.6513671875 322.0868835449219 -1 1161.099365234375 327.4595947265625
0.999346544265625 0.02129082277031255 0.014473475219247975 0.02537131934279944 3.976778478910702 2.7638227063409766 -0.9761855237669569
205.56216430664062 -1 1158.4462890625 270.7520751953125 -1 1161.468994140625 273.193603515625
0.9993342535786467 0.021531606791332585 0.014588616898311056 0.025585382357643644 3.9835914225488898 2.670104610104954 -0.9772073935771085
238.1156768798828 -1 1246.0526123046875 259.85565185546875 -1 996.1476440429688 284.2088317871094
0.9993304912184269 0.020651443601499588 0.016532229166627256 0.025273950959315995 3.996825740690789 2.572023206225712 -1.0136177943512523
287.2312316894531 -1 1297.6016845703125 287.2312316894531 -1 1194.095458984375 301.4810485839844
0.9993659153902056 0.021164735788391516 0.018818938116933925 0.021579357809143936 4.021374803491695 2.442652252498585 -1.0426830250869519
218.5623016357422 473569 625.9562377929688 297.0733642578125 -1 870.5194091796875 301.3739318847656
0.9993361376971848 0.022132509314946706 0.0214034243314552 0.0194763793037854 4.039533199037213 2.3184979480127517 -1.0493021796234414
256.09771728515625 467868 752.4835205078125 319.1459655761719 -1 745.1953735351562 326.29217529296875
0.99929243915187 0.022235252577104236 0.02236623911897551 0.020493070643786925 4.037673906063707 2.2376834961994714 -1.0322596828865889
149.073486328125 -1 668.142333984375 222.5290985107422 -1 673.275390625 242.83787536621094
0.9992935634766499 0.021968599708850012 0.02141297855365578 0.021708039304179052 4.021503026100495 2.1582252932932837 -0.9908617865568444
192.91131591796875 -1 555.8360595703125 300.6300354003906 -1 619.5902099609375 304.1142578125
0.999374069337208 0.020293338046407858 0.019210131946166737 0.021693796300658107 3.99290030446771 2.061936323349417 -0.9538056425212672
257.2479248046875 467177 716.1386108398438 284.7914733886719 -1 555.5650634765625 315.7226867675781
0.9994382899899271 0.018957252667559533 0.01809692784379922 0.02088607851955639 3.9691144088686863 1.958109981575137 -0.9379987318566076
248.22671508789062 -1 545.8563842773438 267.8292236328125 471645 545.9095458984375 274.7279968261719
0.9994951504875326 0.017067015412237267 0.017957005674194632 0.019892387590235733 3.9537450940077177 1.8517194307418412 -0.9330368734767781
264.674560546875 -1 540.0726318359375 268.4180908203125 -1 618.91015625 306.3718566894531
0.9995433826651174 0.016493771063204047 0.018762986996083628 0.01699800004336075 3.947941218743222 1.7200562042220437 -0.9170073066536701
93.77816009521484 -1 714.9258422851562 93.77816009521484 -1 705.1710205078125 281.56439208984375
0.9995650879102607 0.017286580577591033 0.019292444965840747 0.014092931920906734 3.9337580976123676 1.5774936834763797 -0.8919165501676241
270.48211669921875 467853 342.9619445800781 274.1819152832031 -1 604.056884765625 275.8759765625
0.9996220198109396 0.017399612065732598 0.017806037951901773 0.011662590686254394 3.905380102298177 1.4357983564401409 -0.8582823585216137
233.77685546875 -1 592.4002685546875 331.1229553222656 -1 1024.20166015625 339.1972351074219
0.9996634235112674 0.018018992396763116 0.016265799256496606 0.0091531077392049 3.87342419652428 1.2939822601551552 -0.8272427172478416
293.47747802734375 -1 965.4647216796875 299.372802734375 -1 965.4647216796875 299.372802734375
0.9996427486722 0.019377378153882973 0.016476902695004715 0.008209989071224458 3.846253620747035 1.1607560776403523 -0.797496013434393
272.609130859375 -1 577.1472778320312 274.70294189453125 453482 529.4121704101562 279.751708984375
0.9996227729107044 0.02038559892689814 0.018204657206699528 0.0027073401508536828 3.823869247282507 0.9683658017682882 -0.7686439206462745
208.25381469726562 -1 496.4554443359375 216.83351135253906 -1 342.5436706542969 217.40292358398438
0.9996203655770529 0.02036873861062161 0.018552278009596686 -0.0002284549538418627 3.792973198240912 0.8354524365990137 -0.7434665877808764
226.1097869873047 456103 930.6544799804688 227.16192626953125 456667 925.4745483398438 229.5261688232422
0.9996450798993933 0.019023358437313658 0.018650024528547256 -5.1495490662986384e-05 3.766820101121388 0.750750909965567 -0.7293133440616326
195.6925811767578 -1 512.2725830078125 204.83819580078125 453431 655.87744140625 249.1599578857422
0.9996702371463148 0.01694922814416145 0.01928525267469575 -0.00046867731023001624 3.7480558617179294 0.6637857933734185 -0.7258106307956335
188.06973266601562 453431 509.9921875 188.06973266601562 -1 527.8909301757812 217.62998962402344
0.9996740978245231 0.014993794421085409 0.02063552550673932 -0.0010292495541565996 3.731699989781921 0.5526480915070798 -0.7317042441674328
234.3629150390625 732767 704.3873291015625 247.87583923339844 449655 707.7093505859375 253.42172241210938
0.9996660574435081 0.014098852052174973 0.021432037977675917 -0.003108651522307141 3.7133671510461363 0.42546298816634776 -0.7329451809359249
220.73109436035156 -1 711.960693359375 242.2336883544922 470065 612.7742309570312 242.1977996826172
0.9996250923386332 0.013585436291104706 0.022862881529781057 -0.006511477245214557 3.6992366887034795 0.2798090293196594 -0.7484866726814209
113.91571807861328 -1 697.22216796875 197.63284301757812 448051 708.5479125976562 226.20095825195312
0.9995674496412199 0.01443376822723263 0.02491428049826396 -0.0059882033836281615 3.694336181319586 0.15987221886781208 -0.7789687062522267
135.4516143798828 -1 689.3665771484375 196.74270629882812 -1 873.9236450195312 220.91873168945312
0.9994501734351812 0.021557039229887782 0.024988088068619598 0.0032000522967954837 3.6888972083261997 0.07895492577168914 -0.7756162781830425
296.79241943359375 -1 832.4775390625 311.11602783203125 -1 585.57421875 313.05548095703125
0.9992567379578506 0.02958025616097943 0.021892619164601206 0.011475770884781989 3.6683846796748525 -0.003034431257962103 -0.7466640022319961
336.3433837890625 489261 917.0123901367188 346.2539367675781 -1 947.8424072265625 368.8241271972656
0.9990665594702464 0.03494601213533953 0.019860958047955502 0.01582176758578618 3.6597394137333974 -0.11621508868785133 -0.7482037595762177
271.53741455078125 -1 869.8034057617188 272.7816467285156 -1 971.6660766601562 348.50390625
0.9990481711542596 0.035485965779422264 0.021899717964723633 0.012802355216781637 3.6762876608778896 -0.2861323949339993 -0.7861769043072565
161.47433471679688 -1 609.396484375 161.47433471679688 -1 1226.940185546875 282.3145446777344
0.9991131290904366 0.03127305333025867 0.026642968559455988 0.009225163459760178 3.713622413897276 -0.4136731055236798 -0.8141563818531062
79.55851745605469 -1 845.3374633789062 103.73018646240234 74164 845.3374633789062 103.73018646240234
0.9992617486150014 0.02443573809673894 0.02881221445243494 0.006979165917511695 3.7295665223396925 -0.4739658845376292 -0.8108506097138645
85.01888275146484 -1 1309.652587890625 98.59615325927734 -1 649.6516723632812 125.1151123046875
0.9994269653318403 0.016597272380022378 0.028470713398631012 0.007725930086724829 3.730376216800265 -0.5126061675238361 -0.7829350481396696
62.36008834838867 77347 1087.4720458984375 62.36008834838867 77348 879.6217041015625 75.1768569946289
0.9995434109931367 0.011526881083877125 0.026824920486131998 0.007779729660872646 3.716005915227041 -0.5677598055373926 -0.7480995405089587
122.18682098388672 -1 647.5010375976562 132.02996826171875 80227 254.86155700683594 132.8096160888672
0.9996586642346356 0.008824582172852365 0.02424424737638974 0.004110746799705562 3.6764854280608716 -0.6878947362613783 -0.7014613585970715
263.58843994140625 -1 1319.632568359375 265.52606201171875 -1 777.71240234375 267.2456359863281
0.9997206072449835 0.00949406340343889 0.021362660543373876 -0.0034938437746344377 3.617801252716438 -0.8601723740988536 -0.6644818131359436
350.0129089355469 -1 924.0468139648438 360.531005859375 -1 785.806884765625 401.0335693359375
0.9996912937889288 0.012818932117824606 0.020415094401287096 -0.006017974955314397 3.5696289023891463 -1.0110034409489934 -0.6407441006183544
321.9095153808594 -1 1131.098876953125 398.8023681640625 -1 416.564453125 402.0579833984375
0.9995934279522743 0.01865582883260912 0.019669721434697033 -0.008834076288502588 3.513898652730396 -1.1993398462727465 -0.627731394483706
287.09259033203125 48124 1035.716552734375 310.9447326660156 -1 699.868408203125 316.0023498535156
0.9995657176043748 0.021891839567428517 0.017701617233527867 -0.00870495822637582 3.473123830619417 -1.3147946814786262 -0.6231894289575751
280.0282897949219 -1 804.2301025390625 280.0282897949219 -1 662.89306640625 290.5517578125
0.9996485462156348 0.021314989751146103 0.01575565192783768 -0.000463349981514002 3.462738231762138 -1.3429569184288903 -0.6044777533922667
102.54989624023438 -1 1279.5828857421875 107.52992248535156 -1 927.3997192382812 135.13653564453125
0.9996777467161021 0.019476499525197533 0.014037609121406142 0.008247073239431506 3.463810871105706 -1.3254918416779096 -0.5571468599470907
0.5 -1 0.5 0.5 -1 0.5 0.5
0.9996650669428185 0.013290257998966609 0.01115872056268707 0.019199112790306592 3.482031751723952 -1.2530724810267726 -0.48774590913517507
160.23959350585938 -1 710.5282592773438 160.23959350585938 81365 978.591552734375 252.1946563720703
0.999574926292237 0.005666851259540611 0.008217962932463657 0.027391944252133902 3.49498464396526 -1.1676245301819284 -0.41920448049877207
264.9207458496094 -1 973.6650390625 279.99029541015625 30696 660.7371215820312 281.7104187011719
0.9994766849976273 -0.004575009318956536 0.005247898760045398 0.03158931772750896 3.5098103708674424 -1.081506222043042 -0.35318074774738556
318.92156982421875 -1 996.2257690429688 339.847900390625 35925 658.3549194335938 340.3180847167969
0.999457687798969 -0.013215566800977826 0.0009847180240390742 0.030144807580752903 3.50113644738756 -1.0425807876433157 -0.27641358522999376
231.968994140625 -1 1264.9727783203125 283.26531982421875 -1 872.1209106445312 283.6894226074219
0.9993082343005262 -0.01860844181512774 -0.003401135725435468 0.032018916723632856 3.4917850009482416 -1.009038288111895 -0.21230878683306906
69.72286224365234 519770 675.72412109375 69.72286224365234 -1 575.2399291992188 74.49916076660156
0.9991458234694838 -0.0200801646167259 -0.0045488290525237465 0.03582901877952393 3.5212960839578127 -0.9936839278429421 -0.20680184138064248
174.10198974609375 36269 290.11102294921875 174.6377410888672 -1 1316.638427734375 218.34886169433594
0.9994447932009622 -0.013765149606748212 -0.003994694971651508 0.030077706226925807 3.656446870581876 -1.1064212253492922 -0.2720054577281776
200.47645568847656 -1 908.3405151367188 282.5997009277344 -1 902.0655517578125 326.7784423828125
0.9997646877802198 -0.011742613431459749 -0.0026068685282500293 0.018052266727352734 3.759277164507699 -1.253879737971215 -0.3023119579868817
387.5062561035156 -1 957.171875 408.50640869140625 -1 940.0643920898438 416.5314636230469
0.9995218551096363 -0.016782044326913735 0.004092939819450202 0.025645116299895653 3.9090155615300466 -1.1677202305084053 -0.3493989110448863
354.0971374511719 88208 808.5887451171875 377.98590087890625 -1 1228.8858642578125 409.431884765625
0.9992283422531407 -0.02767268778389878 0.001818940097209263 0.0278142741371787 3.960395958226012 -1.0558629136708968 -0.26390704896240263
312.9317932128906 -1 1039.4949951171875 312.9317932128906 -1 991.5040893554688 325.78472900390625
0.9988468292935768 -0.035390205860073264 -0.00695004198296184 0.03168977525614279 3.908306608078729 -0.9447409179332904 -0.15828561478083863
271.7552185058594 -1 1154.1732177734375 281.9700927734375 -1 1179.13330078125 342.3486022949219
0.9984025880565027 -0.043611488056751496 -0.014885960196795542 0.032691259696935884 3.773277814025179 -0.890424564765648 -0.10555361901802193
285.48028564453125 -1 1369.0706787109375 307.0970764160156 -1 762.5603637695312 345.9145812988281
0.9983545629363396 -0.048746928548183584 -0.014775200315545882 0.02633623125931909 3.6791838036525997 -0.9470344278292788 -0.11131629037574971
0.5 -1 0.5 0.5 -1 0.5 0.5
0.9985697408905677 -0.050638298536761495 -0.006433060833286685 0.01590129011626658 3.660791378117984 -1.0812694965305196 -0.12620795237175528
273.69158935546875 -1 1030.6749267578125 273.69158935546875 -1 1066.9412841796875 304.2886962890625
0.9987874042589501 -0.048968325065351544 -0.001281091378042466 0.004917625325677568 3.6792097933548447 -1.2471013686083203 -0.1544369212726297
279.9366149902344 352177 961.3521728515625 290.4668884277344 49331 744.4114990234375 313.43023681640625
0.9989285279898538 -0.04572403570876809 -0.002980698722544029 -0.006497996741511806 3.663298781291004 -1.4125851395326592 -0.185595767221199
308.97625732421875 -1 443.2635192871094 367.58636474609375 66217 438.86431884765625 379.8598937988281
0.9988315364059843 -0.041823483322656084 -0.00029752741272355446 -0.024213004792035437 3.6287712975090027 -1.6278177315063598 -0.21295329268707244
211.177001953125 -1 969.0545654296875 211.177001953125 -1 730.2689208984375 254.4826202392578
0.9979622718723319 -0.03747698326639907 0.012703869126304418 -0.05005388450346002 3.5784277283253156 -1.891032411298115 -0.2960718226607706
236.6912384033203 -1 748.6134033203125 236.6912384033203 -1 745.64306640625 237.60336303710938
0.9964640714533447 -0.03297169320560898 0.02229120073916549 -0.07399543309816571 3.487682425978942 -2.1296749887510407 -0.3660446150713648
0.5047973990440369 -1 0.5047116279602051 0.5047973990440369 -1 0.5047116279602051 0.5047973990440369
0.9957466510831097 -0.031022384169435417 0.023625071003281164 -0.08347499360470645 3.3994233899555786 -2.23427631623852 -0.39924766559880454
170.85589599609375 -1 1010.7169799804688 170.85589599609375 -1 1205.9080810546875 176.095458984375
0.9958449380837083 -0.035742064977855356 0.020877958923801034 -0.0811139625178667 3.3478955142907583 -2.1920172423190416 -0.36779671038171713
332.6352233886719 51017 925.7681884765625 346.05950927734375 49425 678.19580078125 347.8592224121094
0.9960148600307764 -0.046014148431817385 0.02086153864803058 -0.0734975710292813 3.340103985853778 -2.0594245193861607 -0.31036613284930487
288.6346435546875 30696 989.8782348632812 340.2716979980469 -1 671.1085815429688 359.0805358886719
0.995207038585292 -0.059405599994165295 0.028419659655562445 -0.07229279344919959 3.3329853050866975 -1.9471589564855138 -0.2485143637578395
0.5018147230148315 -1 0.5017927289009094 0.5018147230148315 -1 0.5017927289009094 0.5018147230148315
0.9936917156583748 -0.069358886101207 0.038730596096668214 -0.07915844918081807 3.310639059986718 -1.8961156331367022 -0.23770284738139652
365.54107666015625 69236 954.624755859375 410.46405029296875 -1 718.8963623046875 443.9049072265625
0.9923721869331731 -0.07720286746895365 0.046765042271202345 -0.08396541357853914 3.269685041746849 -1.829784234908116 -0.22920645756888008
322.0706787109375 352177 933.6234741210938 324.9205627441406 352177 940.9944458007812 386.40362548828125
0.9922059036154024 -0.08331918086437662 0.04838515053991519 -0.0790204792320439 3.2246042835536164 -1.6808548596694284 -0.1843080431559202
0.501174807548523 -1 0.5011985898017883 0.501174807548523 -1 0.5011985898017883 0.501174807548523
0.9914890588102259 -0.09198163464815581 0.04426713433803462 -0.08080374969371407 3.1420529845672327 -1.5621470060150286 -0.10928915996020992
254.8009796142578 -1 698.1490478515625 254.8009796142578 -1 1072.6904296875 328.53607177734375
0.9904999166036321 -0.09875743980276795 0.04522002971812326 -0.0843328655038633 3.0781597090896504 -1.4929544070966076 -0.06590442989824372
247.22280883789062 -1 1171.311767578125 307.3835754394531 -1 673.524169921875 338.7698669433594
0.9894146030194548 -0.1028186802621577 0.04903272458713745 -0.08990469531990553 2.996611293702865 -1.4430739463260631 -0.02791012500669841
210.42872619628906 -1 1129.47021484375 284.44189453125 -1 1183.573974609375 292.0341796875
0.9883365227140227 -0.10691490682581434 0.05053034850326527 -0.09595209454785292 2.902819877046262 -1.4023967679723026 0.022400208888673685
136.26881408691406 295016 1151.5640869140625 257.8923034667969 -1 1186.2655029296875 281.1175231933594
0.9877210322466143 -0.11129613324381965 0.051518564828121075 -0.09677897840289132 2.8407407211365188 -1.3378963917974722 0.07108378200726347
163.13417053222656 295016 997.675537109375 241.24497985839844 -1 1020.9658813476562 267.9789733886719
0.9865618557035792 -0.11631658003192556 0.05507121806160404 -0.100664388050582 2.772949062556802 -1.2928593793242378 0.09706856401221797
264.5996398925781 -1 996.5511474609375 269.18524169921875 -1 1204.360595703125 271.4808349609375
0.9849419127079438 -0.1204370870162089 0.05976621300449029 -0.10868457317103138 2.694768617707521 -1.2896912648056686 0.12129139229438092
255.64051818847656 -1 996.5524291992188 286.4936218261719 -1 996.5524291992188 286.4936218261719
0.9838611720496271 -0.12372403453751471 0.06218863053018258 -0.11332312934116508 2.60583160333349 -1.2648336401981446 0.1449238271707315
273.5 -1 936.5 288.5 -1 979.0 302.0
0.9831079792253204 -0.12258766727009905 0.06274624987609631 -0.12055651431286843 2.4768186088073807 -1.2852430208613745 0.16038810010797597
0.5000332593917847 -1 0.5000296831130981 0.5000332593917847 -1 0.5000296831130981 0.5000332593917847
0.9844563139634952 -0.11749872323821599 0.058622591024689176 -0.11663279022791757 2.333566826840236 -1.2866079633023373 0.18740606837131898
0.5000332593917847 -1 0.5000296831130981 0.5000332593917847 -1 0.5000296831130981 0.5000332593917847
0.9862723655652597 -0.11323931339717752 0.04921254757940478 -0.1096439874520604 2.1414594928068387 -1.2733136034948176 0.21941344002707938
308.6039123535156 -1 1207.1422119140625 321.96307373046875 -1 996.4457397460938 323.63214111328125
0.9876909443520886 -0.10994832048653384 0.04209805901017776 -0.10298407010137828 1.9670532235623186 -1.2714229584035306 0.22731996171328064
251.28628540039062 569526 1035.9801025390625 283.7410888671875 355744 322.319580078125 288.06854248046875
0.9888921006783371 -0.10614568817438633 0.04007579889189016 -0.09601789646283805 1.831945174188437 -1.2878061288333702 0.23140961493120357
292.30865478515625 -1 636.9495239257812 317.07330322265625 -1 854.1985473632812 332.5824279785156
0.9894334261657852 -0.10576030451931667 0.04020154835831848 -0.09066470472797443 1.7343445301516234 -1.2905724347643646 0.2344082478947916
223.85862731933594 681309 783.211181640625 230.77822875976562 -1 1132.9503173828125 258.3670349121094
0.9901888214137875 -0.10653408055306011 0.03885791039778638 -0.08164955864795762 1.6576473322761942 -1.274877309464541 0.2660721682530778
94.4912109375 689980 1100.01904296875 119.11061096191406 -1 723.5807495117188 144.8749237060547
0.9915711422658458 -0.10671762465294346 0.03456602508320622 -0.06483215501575207 1.5388095206990815 -1.2431021547675383 0.2889636169428801
289.7798156738281 333737 805.0515747070312 320.9983825683594 -1 738.3541870117188 331.963134765625
0.9923413985921696 -0.1075768529830667 0.030380419005555142 -0.052562339021805675 1.4615266816093604 -1.2284778025942769 0.3125293894698594
0.5000332593917847 -1 0.5000296831130981 0.5000332593917847 -1 0.5000296831130981 0.5000332593917847
0.9926449889881196 -0.10906231739950267 0.027288773435428675 -0.04490723332177226 1.423298665150637 -1.2368216065667224 0.32947639059398776
0.5000332593917847 -1 0.5000296831130981 0.5000332593917847 -1 0.5000296831130981 0.5000332593917847
0.9929253061922269 -0.10907603905712947 0.022427770746503484 -0.04121588438966881 1.3789936118647228 -1.2607720401889562 0.35695404253485014
266.38763427734375 569003 764.0047607421875 315.4839172363281 345368 750.0057983398438 323.3954772949219
0.9928497992046921 -0.10849645304167423 0.01254209233937198 -0.04817148343500633 1.260910145148036 -1.2582542080798034 0.3689390859914636
212.2460174560547 -1 1077.5267333984375 242.12710571289062 -1 1022.063232421875 242.33851623535156
0.9923792814606507 -0.1108048526307561 -0.002332348731060193 -0.053853565439216156 1.1181414183674236 -1.2232214826861154 0.4101838910014626
271.46539306640625 -1 694.1495971679688 343.2442321777344 -1 936.1604614257812 345.6614685058594
0.9916838001947273 -0.10954672756454513 -0.01920052328224328 -0.0647618314822212 0.9739970563181843 -1.217807327889862 0.4378585590387283
282.3885192871094 292960 669.8656616210938 334.144287109375 365566 669.8656616210938 334.144287109375
0.9909434206744772 -0.10612321000119275 -0.0331420071882646 -0.07530344401514537 0.8734649995392841 -1.224806178627546 0.44076704364054353
0.5000597834587097 -1 0.5000481605529785 0.5000597834587097 -1 0.5000481605529785 0.5000597834587097
0.9897292535166187 -0.104405028997483 -0.039618590116285136 -0.08925223790286409 0.794609968735957 -1.2431776571743058 0.44427830145994507
0.5000385642051697 -1 0.5000341534614563 0.5000385642051697 -1 0.5000341534614563 0.5000385642051697
0.9883147067534475 -0.1059836567780209 -0.04404034746959132 -0.10030928524101555 0.7115287526901094 -1.2337154911673922 0.46405688992389776
0.5009866952896118 -1 0.50102698802948 0.5009866952896118 -1 0.50102698802948 0.5009866952896118
0.987154612365632 -0.1090333455745516 -0.04899202507904247 -0.10600604849127176 0.5953925487533893 -1.1888292274404428 0.4963617256404325
162.5665740966797 -1 1005.5399780273438 275.4988098144531 -1 774.3353881835938 293.3962097167969
0.9866224887565049 -0.11479175416148199 -0.05175277096870391 -0.10354017845025804 0.5125799172018313 -1.1064351257571787 0.5253653953580877
0.5000332593917847 -1 0.5000296831130981 0.5000332593917847 -1 0.5000296831130981 0.5000332593917847
0.9865596230147705 -0.12294366774394322 -0.04992921040784727 -0.09535218270532503 0.4673286634489059 -0.9901289036856884 0.5554348284411622
171.37127685546875 -1 831.2669067382812 174.44940185546875 281125 779.7609252929688 181.246337890625
0.9866437136035495 -0.128548586466477 -0.042419939854557616 -0.09060900632279127 0.43416312728998785 -0.8809061352915004 0.5657252454247227
76.58897399902344 -1 825.0596313476562 94.82469940185547 -1 886.5870971679688 174.28341674804688
0.9871263060883135 -0.12838762404640122 -0.030570867313861536 -0.09035317311439271 0.4077518008626069 -0.7914653357631445 0.5468275499025076
81.86326599121094 375564 777.4224243164062 82.00948333740234 295445 783.1531372070312 97.35073852539062
0.9876889329751626 -0.12738958720177865 -0.020301670011502158 -0.08848902161109863 0.36531168296678057 -0.6561268444243474 0.5108899343451266
103.04576873779297 -1 784.6531982421875 119.38858795166016 286910 718.0411987304688 119.7238998413086
0.9879145967704858 -0.12703769839459642 -0.013388225218664949 -0.08778911151108859 0.32490444614019254 -0.5273177788260511 0.47019607814474246
52.786842346191406 -1 764.0003662109375 58.634361267089844 326288 734.9417114257812 69.73922729492188
0.9881416058742745 -0.12491192375892529 -0.006570584338950521 -0.08905057812557512 0.29058918906170067 -0.3947789762986711 0.4118569173757362
0.5000332593917847 -1 0.5000296831130981 0.5000332593917847 -1 0.5000296831130981 0.5000332593917847
0.9882579560119773 -0.12181900147918294 -0.00010550758237101818 -0.09222977895340402 0.2797722927265087 -0.2782321629564302 0.35811138178653135
171.7996368408203 321803 704.5022583007812 174.76153564453125 -1 777.6903076171875 174.85227966308594
0.9885272437249085 -0.1167587090661252 0.008546521303972024 -0.09543714813660426 0.3190059982878359 -0.19199654887799994 0.3149181646997735
122.64691925048828 -1 1111.659423828125 136.26022338867188 -1 730.9674072265625 181.556396484375
0.9883313159618173 -0.11236352292728885 0.01693821892683807 -0.10143345278623632 0.3732693999351827 -0.12512917679176674 0.2668172999256986
165.53297424316406 -1 888.3211059570312 165.53297424316406 -1 882.6508178710938 166.7299041748047
0.9879466420611448 -0.10955607393160674 0.02237664565836915 -0.10704291117995789 0.4188906462116795 -0.045642879536502014 0.2213431237974081
99.96210479736328 -1 656.647705078125 99.96210479736328 -1 775.946533203125 131.86563110351562
0.9874077182748947 -0.10687464087893551 0.027897834003199184 -0.11324981185898274 0.4628757410798927 0.04712150503152304 0.18455485915802367
97.71509552001953 -1 811.6143798828125 130.91871643066406 -1 784.244140625 145.82656860351562
0.9858431707950169 -0.10705381198761268 0.03596180343486541 -0.12393333945900165 0.518793434068752 0.15304920995406276 0.15143228591342772
0.5000014901161194 -1 0.5000013113021851 0.5000014901161194 -1 0.5000013113021851 0.5000014901161194
0.9838170525303047 -0.1064352194547747 0.04672759047794271 -0.13635279057768984 0.5855849902043802 0.2361338919902797 0.12809653521229702
151.20494079589844 -1 1208.4510498046875 156.42721557617188 -1 849.2803344726562 187.671630859375
0.9818830974779558 -0.10223955494165976 0.05871602818870338 -0.1483411080118053 0.6564476402013637 0.2846337343196249 0.11088350119058749
131.98875427246094 -1 1244.700927734375 143.76429748535156 -1 1238.543701171875 145.26751708984375
0.9798344294013461 -0.09855545215383651 0.07211872979762025 -0.15814614324373868 0.739109300135267 0.3269638980133582 0.09018773239444328
226.30133056640625 -1 1044.0584716796875 231.18167114257812 -1 867.4530029296875 236.34791564941406
0.9776216892492334 -0.09697709162379803 0.0846742033415021 -0.16637775000926877 0.8222179464037036 0.3827831232155697 0.05734056826059905
126.60812377929688 411072 850.5851440429688 242.6377410888672 -1 948.4407348632812 262.3437194824219
0.9748739862443668 -0.09278689015957481 0.09771434188163766 -0.1773787229325197 0.9105116034774012 0.43173657467777105 0.026137194283761513
96.5766372680664 -1 1355.6427001953125 103.47474670410156 -1 949.1072387695312 168.2938232421875
0.9735404327738338 -0.08712179505843365 0.10902265984939549 -0.18094993290879033 0.990677326199203 0.4485398115658731 -0.000964135548410887
0.5020104646682739 -1 0.5020219087600708 0.5020104646682739 -1 0.5020219087600708 0.5020104646682739
0.9711569840414094 -0.08259746437701888 0.12303816134301374 -0.18679770362456682 1.095983743917906 0.4514109327444088 -0.03029293283625337
0.5023041367530823 -1 0.5022915601730347 0.5023041367530823 -1 0.5022915601730347 0.5023041367530823
0.9682929925388851 -0.08016073435715566 0.13701389899430041 -0.19289927099341736 1.196892375493356 0.4479961021038751 -0.05374836254663652
120.30691528320312 -1 1088.4442138671875 146.04554748535156 -1 1095.705322265625 232.81915283203125
0.9668344653067243 -0.0773953409718569 0.1487431432718169 -0.19265657326063446 1.2764150630675488 0.44060866927566533 -0.06202000180856052
182.51512145996094 -1 1230.6253662109375 198.102294921875 -1 1049.3333740234375 223.95303344726562
0.966543530965496 -0.07359001358168621 0.15990476140593773 -0.1865705762694344 1.33656533297588 0.4313895874793101 -0.056819255753417355
0.500938355922699 -1 0.5008478164672852 0.500938355922699 -1 0.5008478164672852 0.500938355922699
0.9675382360605663 -0.07103161440478567 0.17392107914549956 -0.16904357350908888 1.384514835412618 0.44397891615639096 -0.05311296577845414
0.5012362003326416 -1 0.5012385845184326 0.5012362003326416 -1 0.5012385845184326 0.5012362003326416
0.9692963379273714 -0.06795250997946617 0.18638748775901484 -0.14528169215341918 1.417106488805953 0.4452595967989954 -0.004100025356425377
0.5007866024971008 -1 0.5008080005645752 0.5007866024971008 -1 0.5008080005645752 0.5007866024971008
0.9717536707340461 -0.06372304932295393 0.19347175542913633 -0.11917573683875522 1.4384226498569936 0.42335003635055 0.041993091570820096
123.28142547607422 -1 1437.2945556640625 123.76996612548828 -1 1312.3604736328125 180.52767944335938
0.9735831355425826 -0.05676351818680855 0.19688534304173888 -0.10074692494297771 1.4709329913500837 0.3564572978824235 0.05922700471568976
3.783095121383667 -1 1175.26416015625 57.54096603393555 -1 1169.66259765625 141.25390625
0.975209112505287 -0.05391211472772943 0.1968834173368674 -0.08542593722044707 1.5381805167960176 0.26987784705306583 0.08236440683851451
91.53607177734375 -1 1204.953125 101.08881378173828 -1 1245.0286865234375 111.51114654541016
0.9763395805702099 -0.05533197593940822 0.1924569954787598 -0.08160698954082429 1.593304866678302 0.19946074745907372 0.06684134317853056
0.5000332593917847 -1 0.5000296831130981 0.5000332593917847 -1 0.5000296831130981 0.5000332593917847
0.9783458718577505 -0.05607163917742136 0.18318539730835073 -0.07834817491069686 1.6196128652433468 0.11296344846249208 0.07502375518401701
45.170860290527344 -1 961.2764892578125 124.14812469482422 -1 873.0987548828125 179.11831665039062
0.9809510769137627 -0.0569470875402387 0.17164064943554794 -0.07093307679606774 1.6456623645920447 0.006229002225181541 0.08651990231059692
200.9225311279297 -1 1092.30029296875 224.57177734375 -1 1092.30029296875 224.57177734375
0.9826772127189037 -0.055644561363454144 0.16548064360229253 -0.06217181826717432 1.665833238842646 -0.10923055923235196 0.08320151351123493
0.5000537037849426 -1 0.5000430345535278 0.5000537037849426 -1 0.5000430345535278 0.5000537037849426
0.984397312215504 -0.051584538813822314 0.16259681614923885 -0.043165292034083716 1.6956307312253294 -0.22560467147262894 0.0654862590177303
108.1978759765625 -1 1435.640380859375 122.41587829589844 -1 1079.436279296875 171.43666076660156
0.985038556876491 -0.04253240579359098 0.16505003816124955 -0.025466072077561994 1.6929522997787956 -0.383324919297791 0.05660826656329911
6.0 -1 64.0 6.0 -1 55.0 6.5
0.9850802156204254 -0.03961698057894593 0.16745179479594652 -0.002712943537935664 1.6793546843646758 -0.4635645277083055 0.09735087476974867
0.5006358623504639 -1 0.5006454586982727 0.5006358623504639 -1 0.5006454586982727 0.5006358623504639
0.9848581556489905 -0.03993059961005668 0.16738211292727484 0.02105204831961172 1.628431789670975 -0.5231119004344114 0.16990413377016406
0.500656247138977 -1 0.5006587505340576 0.500656247138977 -1 0.5006587505340576 0.500656247138977
0.98480173110853 -0.04142945301271165 0.16424891167234956 0.03835942965111505 1.5554222894049927 -0.5677142995391545 0.21439615658849268
157.0524139404297 -1 1125.7784423828125 253.48106384277344 -1 604.846923828125 262.30377197265625
0.9846838048671428 -0.041324362769890946 0.15823868968365984 0.06042034890024639 1.4316485076018342 -0.6425370649513538 0.2505196595272565
103.06124877929688 -1 586.7672729492188 220.08050537109375 -1 627.3888549804688 220.64393615722656
0.9844340723702147 -0.03869509771925607 0.15377412108676097 0.07580083279942375 1.2980053792007766 -0.7383113728742223 0.2769838170112192
0.5006654262542725 -1 0.5006749629974365 0.5006654262542725 -1 0.5006749629974365 0.5006654262542725
0.9836227648665256 -0.03709229968379812 0.1510253477842009 0.09111400587813216 1.1778362663620876 -0.8155183171085677 0.30144486781512075
64.36886596679688 -1 585.1528930664062 261.0188293457031 -1 642.8749389648438 269.025146484375
0.98279175799853 -0.038100561821905875 0.14817656388236206 0.10350078992466794 1.0597659476204722 -0.8670176489718905 0.33526865278194146
123.81683349609375 -1 874.4014282226562 270.261962890625 -1 672.9607543945312 289.0659484863281
0.9816067188176811 -0.042914486253767106 0.14415320603140558 0.11758592446559346 0.9688731977440878 -0.894171636755776 0.3648346803723567
239.46044921875 -1 1164.94482421875 239.46044921875 -1 322.2121887207031 288.3963623046875
0.9802095844599313 -0.04838657294481443 0.13727703134399682 0.13417498558570545 0.8732965617424349 -0.9592052762441861 0.4088033689017592
254.25772094726562 -1 1167.7581787109375 258.3334655761719 568695 1029.8082275390625 326.3057861328125
0.97915170603055 -0.051705420232535465 0.13030295187351135 0.1470021320562723 0.7893617917175215 -1.026433020003429 0.4195095126858663
0.5006676912307739 -1 0.5006767511367798 0.5006676912307739 -1 0.5006767511367798 0.5006676912307739
0.9798079735871633 -0.055704646268767075 0.12401486335439123 0.14660709718932438 0.6717895000008144 -1.0818306619700515 0.4134400988796241
270.7250061035156 -1 779.226806640625 272.740966796875 442288 847.5162963867188 336.8661193847656
0.9813315772241974 -0.05863372621379474 0.11504458230011906 0.14253127999266002 0.542166343042949 -1.1234077030876903 0.3756782456420753
261.0530090332031 -1 577.3693237304688 261.0530090332031 -1 1199.189453125 262.4506530761719
0.9840878114283327 -0.058732795486597024 0.10354601076807704 0.1319085356849257 0.4038915277320239 -1.1490014923552905 0.3472537685131749
222.91253662109375 -1 707.352294921875 223.9199981689453 -1 707.352294921875 223.9199981689453
0.9856155557425129 -0.06199469556575865 0.09449743835579011 0.12565376295312503 0.3195958055589718 -1.1384299137578182 0.3370849337002574
201.28582763671875 328046 982.7037353515625 220.31483459472656 -1 982.7037353515625 220.31483459472656
0.9877973764817534 -0.06661190670832201 0.08233746940205829 0.1141916723448441 0.2184714532967202 -1.1300368393156952 0.3204873324994168
270.25946044921875 -1 905.159423828125 270.25946044921875 -1 854.3731079101562 318.34027099609375
0.9891218586472353 -0.07172284820237203 0.07044106161677309 0.10738639872106832 0.11824948766067878 -1.1277490717377692 0.339807870326914
0.5000332593917847 -1 0.5000296831130981 0.5000332593917847 -1 0.5000296831130981 0.5000332593917847
0.9892893746857538 -0.07833933494158173 0.05608994089882509 0.10965126658979861 0.015551346457049933 -1.126236334420838 0.3397248378469144
352.2868347167969 -1 611.8832397460938 352.2868347167969 -1 682.8432006835938 378.6435546875
0.989348424732259 -0.08083500012457415 0.040504965384934914 0.1140821853482087 -0.11610870153331874 -1.1543445395264247 0.3234452231230032
0.5000332593917847 -1 0.5000296831130981 0.5000332593917847 -1 0.5000296831130981 0.5000332593917847
0.9885667718744128 -0.08466282578379457 0.03035756381501812 0.12102215415089414 -0.20793989216791295 -1.1680134477497612 0.30696404656866466
243.95050048828125 -1 773.3062133789062 253.89491271972656 340483 814.171142578125 275.1194763183594
0.987247450256276 -0.08909828974033279 0.02637171140965394 0.12926136145482806 -0.2809049668645519 -1.1842561746144427 0.3216070453135215
47.485450744628906 303825 780.3941040039062 49.9517707824707 327616 780.3941040039062 49.9517707824707
0.9858462516874682 -0.0930481331992779 0.028741144640114086 0.1364666975737114 -0.34822566085253703 -1.1843018313254265 0.35036699398218274
66.27718353271484 -1 777.5060424804688 75.02849578857422 -1 777.5060424804688 75.02849578857422
0.9841116779693522 -0.09909309184428511 0.03247648446622186 0.14370122612490627 -0.43771953112179274 -1.1608510307156195 0.3928706311694695
93.58950805664062 339925 816.4044799804688 103.02222442626953 320158 908.0016479492188 233.10911560058594
0.981709299888074 -0.10755976365407523 0.03439566356929966 0.15327976410333718 -0.5512778504816691 -1.1128544700909488 0.45003778770086234
32.553245544433594 -1 937.6937866210938 32.553245544433594 -1 800.0094604492188 130.9403839111328
0.9797848522758669 -0.117279063214266 0.03534641980480956 0.15817046244265778 -0.6601657549020371 -1.0433945775148654 0.4824147601266925
24.213294982910156 -1 1385.9739990234375 31.4127197265625 -1 783.2941284179688 162.69973754882812
0.9774076355420734 -0.12887586872687073 0.03623215510916413 0.16356208417629445 -0.7848730735620018 -0.9700323344930262 0.5234077350286094
90.09484100341797 -1 1203.5625 108.26636505126953 -1 883.5348510742188 116.4163818359375
0.9757014164292137 -0.13816358042998195 0.03519970440610875 0.16636872251272664 -0.9162588163725633 -0.9088179707397499 0.548096229115857
219.78797912597656 -1 684.3900756835938 225.9958953857422 -1 994.645751953125 287.1507873535156
0.9743783382257183 -0.1456583927646761 0.03347440151017036 0.16807721754370827 -1.0627221123441628 -0.8501578397319963 0.5631168692326984
120.78900909423828 -1 1069.6019287109375 152.525146484375 415655 1070.9853515625 159.6090087890625
0.9739464799888826 -0.15055702692396625 0.03159281627873751 0.16662151637966605 -1.2201375271339734 -0.8096716316003396 0.5710093393198374
145.78323364257812 -1 1033.623046875 174.80966186523438 -1 1025.749267578125 176.607666015625
0.9739361007196047 -0.15233680299881117 0.029661997840557366 0.16541504179275943 -1.3884092821512388 -0.7877896148518506 0.5619838492410073
206.40895080566406 -1 973.0640869140625 239.37301635742188 -1 1132.99853515625 248.95022583007812
0.9738216770539938 -0.15393718107638685 0.028389021935773365 0.1648294543324497 -1.5540448143777177 -0.7520829437222899 0.5430554667042001
261.8750305175781 314591 1002.500244140625 268.9530029296875 -1 705.8427124023438 270.28070068359375
0.9730278765473548 -0.1583497437030235 0.028941920028312623 0.1652406590279992 -1.694269974729503 -0.6843729195588781 0.5479356311145599
163.34474182128906 -1 1032.9752197265625 166.8676300048828 -1 1052.9200439453125 169.3196258544922
0.9725631387226505 -0.16221395539834305 0.02990015688060074 0.16405351105808813 -1.8144720468923878 -0.605386675463058 0.5486319021452588
0.5000203847885132 -1 0.5000132918357849 0.5000203847885132 -1 0.5000132918357849 0.5000203847885132
0.9719918806842072 -0.16514293398306615 0.03147750848598584 0.16422168461855913 -1.9237835169985735 -0.5292495033026842 0.5468463548700153
210.6251678466797 -1 1010.1109619140625 232.55845642089844 -1 1010.1109619140625 232.55845642089844
0.9721950463111584 -0.1654896198359121 0.03401232510818823 0.16215159387235417 -2.03099172676557 -0.44834800663203317 0.5456722906110686
228.56961059570312 -1 947.7294921875 231.0155029296875 -1 950.7314453125 233.10296630859375
0.9735744172211785 -0.16434302988569707 0.03833203528752645 0.15386642821339294 -2.1693526777564633 -0.32674663932504394 0.5394666506493164
246.8901824951172 -1 907.1558227539062 249.55905151367188 -1 908.7883911132812 251.88900756835938
0.9748665252306973 -0.1637043412827871 0.04211555543120248 0.1451289999294294 -2.2846623076849903 -0.21080791867344406 0.5379288663396283
197.1828155517578 422244 667.463623046875 230.1514434814453 -1 605.9329223632812 234.6897430419922
0.9763655986442459 -0.1647507464579925 0.04696850170365683 0.13176254844724067 -2.422073271631196 -0.056418732281283704 0.5464203325150828
226.92372131347656 422244 686.4824829101562 259.9131164550781 -1 348.8030700683594 275.6256103515625
0.9778147987010877 -0.16403980634742893 0.0511647207643928 0.11979704805942074 -2.5497842805281503 0.07594479876234835 0.5383851224025075
233.61309814453125 -1 601.08642578125 267.1798400878906 425912 641.4964599609375 277.08465576171875
0.9794707169565453 -0.16120548134502158 0.054567736876591964 0.10803827794406007 -2.6662955627572495 0.19319991753425195 0.52459505605233
213.27590942382812 -1 483.47540283203125 213.47943115234375 -1 507.4327392578125 216.90553283691406
0.9814371919268785 -0.15704406434568263 0.05985908082548299 0.09238555406123364 -2.770406733957013 0.3304886106184441 0.5133953762735104
300.999267578125 -1 735.3380737304688 315.9290771484375 -1 595.66455078125 321.6512145996094
0.9827805255463653 -0.15535468181823445 0.06771412869848352 0.07363530551692132 -2.8634881480711822 0.5054940296813903 0.5246800596452692
303.8857116699219 -1 504.5888366699219 317.4722900390625 -1 770.4827880859375 320.0682067871094
0.9841725800843651 -0.15142994764718665 0.07805742506173707 0.048788748276478916 -2.961540369051038 0.7198740999528705 0.5565473580389647
352.1493835449219 -1 512.019287109375 357.95257568359375 -1 491.74383544921875 358.5398864746094
0.9847520388939008 -0.14841960674024313 0.08707399334438923 0.02555703254366936 -3.0586974023328812 0.9304727704664405 0.5846510152171405
378.3255615234375 -1 630.1937866210938 378.40423583984375 -1 430.0217590332031 380.1015319824219
0.9846287124552306 -0.148208238246177 0.0923492001440734 0.0034988508783570208 -3.183772758201468 1.1648364147687802 0.5945860103581544
400.4686584472656 -1 896.7986450195312 443.51904296875 -1 628.8401489257812 444.17169189453125
0.9839620864947558 -0.1511562762688095 0.09356026977520367 -0.014726452560787246 -3.326517360167049 1.4072317154263587 0.5834184116206597
368.1594543457031 -1 735.8270263671875 449.5137939453125 -1 933.1428833007812 454.6491394042969
0.9826032051455919 -0.1554335457726387 0.09653128483579236 -0.03182868414035314 -3.4295163254792715 1.6594723129225597 0.5642860281519096
0.5000860095024109 -1 0.500065267086029 0.5000860095024109 -1 0.500065267086029 0.5000860095024109
0.9807382825662063 -0.15623933993765912 0.104450529685477 -0.053214439895163446 -3.4878122597047727 1.9649620462003743 0.5576997232044911
357.3622741699219 -1 1023.0366821289062 375.81036376953125 -1 865.8377075195312 405.51971435546875
0.978978833203735 -0.1581218041322901 0.10869817945643473 -0.06915666981470424 -3.524518865430514 2.184735706830593 0.5335844324321658
212.58929443359375 -1 722.0760498046875 289.037841796875 -1 975.1810913085938 300.48040771484375
0.977273236170178 -0.15931748338488794 0.11129752927038478 -0.08466298678691456 -3.5802232290243072 2.400912280966211 0.5067223550821724
386.87078857421875 -1 1007.767333984375 386.87078857421875 -1 481.47418212890625 403.9864196777344
0.9756054580936985 -0.157993182551766 0.11460971228644296 -0.10048262663051706 -3.6077317113291905 2.5980006310711348 0.4996008545490462
0.5027617812156677 -1 0.50267493724823 0.5027617812156677 -1 0.50267493724823 0.5027617812156677
0.9729001482420642 -0.15967636514713698 0.11905380714946578 -0.11745190916790368 -3.6121326992422937 2.8240736408147193 0.4847525507967407
298.9066162109375 -1 1008.025390625 312.6378173828125 -1 903.8565673828125 334.01300048828125
0.9691833647935916 -0.16199151559049468 0.12089631031226383 -0.14080637924805606 -3.626502651802734 3.1205485087904115 0.4394985522974415
335.4754333496094 -1 824.7164306640625 400.7027282714844 560662 678.7792358398438 412.5368347167969
0.9666279252731291 -0.16135873918010538 0.11714669646089167 -0.16084297585120874 -3.690149701936249 3.379059996173835 0.3602534124208944
363.7946472167969 -1 598.1841430664062 400.79180908203125 714020 875.0123901367188 424.3388366699219
0.9636540122879691 -0.16350773424953904 0.11121997247217895 -0.17962818032026212 -3.752367467395974 3.6245508745365265 0.24092982410340252
0.5109208822250366 -1 0.5107766389846802 0.5109208822250366 -1 0.5107766389846802 0.5109208822250366
0.9606296917320485 -0.16759244655296168 0.10565741933875303 -0.19478161350563145 -3.8390296233100103 3.8831686260489358 0.09609807035196653
0.515123724937439 -1 0.5149919986724854 0.515123724937439 -1 0.5149919986724854 0.515123724937439
0.9588398548027051 -0.16808636911558036 0.10190371360477612 -0.20491153826230513 -3.902524509030446 4.090144097685401 -0.03386272409127592
0.5194534659385681 -1 0.5193156003952026 0.5194534659385681 -1 0.5193156003952026 0.5194534659385681
0.9585177801924941 -0.1681405663198477 0.0981386170032282 -0.20818555873352093 -3.9899951085846506 4.2270418134541465 -0.14440843644699075
355.75115966796875 -1 923.1167602539062 358.879150390625 -1 965.9873657226562 375.7614440917969
0.9594470672964671 -0.16823298263327918 0.08682492814637606 -0.2088550225943725 -4.1649385047421275 4.321847417263479 -0.3047532126706066
0.5253617763519287 -1 0.5252934694290161 0.5253617763519287 -1 0.5252934694290161 0.5253617763519287
0.9621817155782106 -0.17005306127916714 0.07064168770280012 -0.2007437533649693 -4.4224502787361155 4.308129947780097 -0.48042091613505983
325.23712158203125 -1 783.834228515625 333.2740478515625 -1 869.5839233398438 358.2767028808594
0.9640808145049997 -0.17369101073152965 0.05420145932054662 -0.19349888294757445 -4.660917577639315 4.289559821019732 -0.6796446513673818
395.9914855957031 -1 715.9039916992188 409.4903564453125 -1 682.3228149414062 420.498779296875
0.9656343680555113 -0.1759069713565339 0.04292038848505537 -0.18645333172270467 -4.8524772911801195 4.249308944947583 -0.8114706657917198
379.58935546875 -1 622.9843139648438 409.0002136230469 -1 1023.8233032226562 414.6179504394531
0.9666661174011459 -0.17625289822787613 0.03655723268538374 -0.18208542520820992 -4.98851316865528 4.211534624860048 -0.8889308934236281
253.17149353027344 -1 906.123291015625 280.89935302734375 -1 910.6489868164062 350.0677795410156
0.9685288965752112 -0.17545217408009872 0.028279953033320974 -0.1742657607386018 -5.151469858028514 4.1284245588105515 -0.9940840984631909
0.5230106711387634 -1 0.5227454900741577 0.5230106711387634 -1 0.5227454900741577 0.5230106711387634
0.9711661013196082 -0.17797229113992638 0.014924546326396554 -0.15792252895337378 -5.39329338966652 3.952271071206488 -1.151470152882693
408.164794921875 749697 480.483154296875 429.2742919921875 -1 570.0635375976562 434.96270751953125
0.9731968317207473 -0.1791290596202272 0.003945710518889801 -0.14417051743256545 -5.586661314800919 3.7970239199333684 -1.2658740730356821
376.06781005859375 -1 541.6314086914062 397.7595520019531 -1 519.0798950195312 404.7701416015625
0.975522610273497 -0.17810683656974394 -0.004121888842798441 -0.12890539804317416 -5.772634606316672 3.6107201834252733 -1.3315363590024396
0.5165404677391052 -1 0.5164684057235718 0.5165404677391052 -1 0.5164684057235718 0.5165404677391052
0.9772178971162286 -0.17732988069672523 -0.013901419721647289 -0.1157844786555761 -5.949939805872341 3.4294164134830636 -1.4280281962165475
305.21923828125 751433 602.2694091796875 390.73638916015625 749085 546.3204345703125 400.801025390625
0.9787946671717475 -0.179255921726183 -0.03062935578949922 -0.09428762700463403 -6.2021800661611035 3.1381812859496034 -1.6045550387092473
0.5131133794784546 -1 0.513019859790802 0.5131133794784546 -1 0.513019859790802 0.5131133794784546
0.9796741791804369 -0.1785242120846432 -0.044217053322702114 -0.0800778405187847 -6.381403371146655 2.9317399635337003 -1.7361935903453238
0.5103759765625 -1 0.510193943977356 0.5103759765625 -1 0.510193943977356 0.5103759765625
0.9804587768154991 -0.1773443112270048 -0.058350611663647384 -0.0620063574107757 -6.561563376311036 2.6588598715152645 -1.8695085375486538
289.3992004394531 -1 640.3944091796875 298.9458923339844 -1 1036.0765380859375 319.45977783203125
0.9809005761265007 -0.17669153022064976 -0.06826724124666525 -0.044201206720560854 -6.691844349106203 2.4035512447399947 -1.9601796406327032
293.9626770019531 -1 823.1640014648438 328.9190368652344 751433 878.443603515625 339.0111389160156
0.981026445693744 -0.17560825119041673 -0.07693580070647703 -0.028805165040253836 -6.778129689249985 2.163086441545798 -2.0294791052258456
0.5095043182373047 -1 0.5093255043029785 0.5095043182373047 -1 0.5093255043029785 0.5095043182373047
0.9812129396645586 -0.17166082795143434 -0.08740080748626108 -0.010715690953597572 -6.855864247340232 1.8599571970758306 -2.115430694971867
367.9976501464844 -1 823.5115356445312 367.9976501464844 -1 543.810302734375 413.0534973144531
0.9812141293703213 -0.1647046413363099 -0.09983904109143661 0.011107624420302982 -6.916714712405661 1.479948228652726 -2.2110772833895136
320.7795715332031 -1 741.0602416992188 340.89300537109375 -1 670.3873291015625 359.7800598144531
0.9804536045185408 -0.160244588450849 -0.11048433172738967 0.028733494419771972 -6.943230767807285 1.165726032498876 -2.302551506480778
0.5017367005348206 -1 0.5017303228378296 0.5017367005348206 -1 0.5017303228378296 0.5017367005348206
0.9798960570725043 -0.15573489577473176 -0.11783100940753367 0.04081926988316386 -6.946157037413545 0.9322536908761493 -2.3561698841335685
0.5045279860496521 -1 0.5044897794723511 0.5045279860496521 -1 0.5044897794723511 0.5045279860496521
0.9811477924446927 -0.14406086957875516 -0.11943153690837385 0.04828647045314881 -6.909921491306984 0.7371611099154363 -2.3099529334934066
299.0218505859375 -1 1029.5250244140625 299.0218505859375 -1 720.1529541015625 343.92156982421875
0.9816576042930827 -0.13759808822270397 -0.11991947941435048 0.05508568333073236 -6.858602114532123 0.5559184186269567 -2.2633494897108144
0.5017707347869873 -1 0.5017590522766113 0.5017707347869873 -1 0.5017590522766113 0.5017707347869873
0.982119427876376 -0.13082732159970592 -0.12079315726501488 0.06111181938689591 -6.806216041099724 0.38460851388116074 -2.2116036823121332
327.0009765625 -1 752.2796020507812 327.03948974609375 -1 865.5904541015625 430.23046875
0.9832385259636391 -0.12315858900508392 -0.1192633814426399 0.06205005126504294 -6.7691585441358795 0.2799145112832782 -2.131331276910741
409.8546447753906 -1 873.3050537109375 411.8614196777344 743180 624.3106079101562 426.5341796875
0.9846427933898981 -0.1161190962749973 -0.11566245018627973 0.060142518425178496 -6.73760780980853 0.20975194450696308 -2.0353678552299947
266.6148376464844 -1 632.0910034179688 405.18524169921875 -1 765.5682373046875 407.3138122558594
0.9865222511674012 -0.10795570191739144 -0.10981009969769906 0.05532771800379734 -6.698656003659863 0.1767934018355467 -1.9491905132351195
0.5018314123153687 -1 0.50180983543396 0.5018314123153687 -1 0.50180983543396 0.5018314123153687
0.9882761277773248 -0.10128471215634371 -0.10397832256751888 0.047330865034441866 -6.674313349452723 0.20167981851841502 -1.8628338326401195
303.9631042480469 -1 725.798583984375 303.9631042480469 -1 663.7000122070312 312.42059326171875
0.9895061842819362 -0.09459682009468587 -0.10087377147683514 0.0418740387807997 -6.670068836393447 0.2019084551166226 -1.8088919470287086
320.54620361328125 -1 904.6013793945312 392.8683776855469 -1 656.4899291992188 464.3955078125
0.9904616469047994 -0.08677196778042122 -0.1005683663325947 0.03663816741239881 -6.683937003242441 0.18543777629804056 -1.7882437064928909
329.7082824707031 -1 563.0046997070312 338.92657470703125 -1 683.8853149414062 346.8117980957031
0.9912964312242551 -0.07921174359949909 -0.10011294551016206 0.03216027455203207 -6.704593726484845 0.1437975581341272 -1.761844976540107
332.3120422363281 -1 532.958740234375 385.7982482910156 -1 1007.6948852539062 386.8154602050781
0.9920676598049059 -0.07324573092763942 -0.09854668196174775 0.026932744836416406 -6.714607726998332 0.1187880011891382 -1.7227104757179004
357.6872863769531 -1 705.4202880859375 395.2381896972656 -1 767.5458374023438 405.1524658203125
0.9932726059777395 -0.06955436607464656 -0.09180545572374169 0.011978258366746727 -6.702495081007479 0.21736564194585373 -1.6270557383171733
230.51979064941406 741020 844.1558837890625 303.96075439453125 -1 856.8184204101562 355.4635314941406
0.9944586646652877 -0.06682302585008723 -0.08091243829343313 -0.006310690753245039 -6.6715950644695985 0.38245668110886 -1.4777131310756164
0.503512978553772 -1 0.5034118890762329 0.503512978553772 -1 0.5034118890762329 0.503512978553772
0.9953488162812697 -0.06189578329988075 -0.06996471346363455 -0.023549624352014027 -6.634396903121831 0.5200305753775061 -1.3261027152290739
229.78555297851562 -1 738.1295776367188 229.78555297851562 -1 816.0257568359375 330.4912109375
0.9959801627570403 -0.05539880092921466 -0.05918216260107682 -0.038104591323415246 -6.596005690264808 0.60399090743368 -1.1844741260810199
286.0229187011719 -1 522.33251953125 304.2852783203125 -1 522.33251953125 304.2852783203125
0.9962355182976191 -0.049460757853795806 -0.0491816923952265 -0.05147413571827792 -6.568558077693737 0.6870992913410909 -1.059909289052831
0.5021822452545166 -1 0.502143144607544 0.5021822452545166 -1 0.502143144607544 0.5021822452545166
0.9957503126800026 -0.04656781881298091 -0.0401429393068374 -0.06856600814168833 -6.547154232606863 0.8380407692582453 -0.9598064171566943
0.5019868612289429 -1 0.5019524097442627 0.5019868612289429 -1 0.5019524097442627 0.5019868612289429
0.9946246554515659 -0.0430560007260095 -0.030006171243550823 -0.0892614432811755 -6.5178304777662746 1.0239082124806107 -0.8396399121171687
321.36962890625 -1 785.8843994140625 343.03741455078125 -1 661.909423828125 386.89544677734375
0.9927784687191747 -0.03909683558055419 -0.01790492357770366 -0.11199001387121182 -6.457346300631801 1.2334052042992494 -0.7011080444702588
288.9250183105469 -1 875.4596557617188 289.6453857421875 -1 776.8834228515625 317.2014465332031
0.9900259208523444 -0.039625490913972904 -0.003783254768787101 -0.13514504613062403 -6.354559537235978 1.4737118844692225 -0.5456786417137427
0.5019973516464233 -1 0.5019828081130981 0.5019973516464233 -1 0.5019828081130981 0.5019973516464233
0.9865767698448062 -0.03732381196084668 0.012201666358307993 -0.158506560120962 -6.210797901533031 1.703372048533868 -0.363229604952351
290.6684265136719 -1 1038.5810546875 295.6475830078125 -1 1142.0010986328125 338.9985046386719
0.983333919161048 -0.03174997006850354 0.0253756512708892 -0.17720727736354663 -6.082290603029206 1.8631802730069573 -0.20927642062367657
0.5000403523445129 -1 0.5000432729721069 0.5000403523445129 -1 0.5000432729721069 0.5000403523445129
0.9793169955292613 -0.030780080258441044 0.0371892299651394 -0.19648860043632232 -5.9345842074205635 2.0536890182058776 -0.08803048700926984
213.45159912109375 -1 883.4077758789062 314.582763671875 -1 1182.01513671875 336.4160461425781
0.9745196369145303 -0.03584295163634755 0.04673356594764228 -0.2164318227520714 -5.766295600427699 2.2967752288779955 0.015621411398742983
344.7460021972656 -1 1077.1444091796875 348.9383239746094 -1 1031.0374755859375 351.31024169921875
0.9679376233824012 -0.038728003175752056 0.058545527214860095 -0.24118316743500523 -5.528970786481569 2.5999757655398215 0.1356707064307991
334.830810546875 -1 993.1643676757812 334.830810546875 -1 1097.5955810546875 338.4808044433594
0.9604071754622926 -0.04311676568745783 0.0729506695999709 -0.2654000784515898 -5.252967700208523 2.8993441032313454 0.2903064688485445
304.89501953125 -1 1151.83984375 326.5933837890625 -1 1148.6710205078125 333.13104248046875
0.9523402755440559 -0.051091600121796185 0.08485573112903957 -0.28850849704683296 -4.976252818504162 3.208899149161777 0.3891600940863601
338.096435546875 -1 1334.4805908203125 380.0290832519531 -1 1397.881103515625 389.13824462890625
0.9423194079443533 -0.06055036332481922 0.09429711815992196 -0.3153979080770349 -4.6636688414716305 3.574697511388728 0.44115015185073236
344.6769714355469 -1 1170.951904296875 352.29931640625 730335 505.27972412109375 382.7142333984375
0.9368454253879083 -0.068682227900145 0.10244762432755243 -0.32727340981213615 -4.440839761408802 3.781191903508007 0.47491605227050765
344.22149658203125 -1 1265.531494140625 344.9632873535156 -1 525.14013671875 355.9580383300781
0.9355507144957754 -0.07211703530986449 0.10834850100912007 -0.3283361024219493 -4.295759281273669 3.8430060698253463 0.5080382907426432
357.3438415527344 -1 1328.143798828125 360.8761901855469 -1 1308.802734375 386.51190185546875
0.9356612449841247 -0.07454585013750813 0.11433921292895871 -0.3254343178720096 -4.179704482822746 3.8288030955147927 0.5393088519110756
0.502525269985199 -1 0.5024978518486023 0.502525269985199 -1 0.5024978518486023 0.502525269985199
0.9345639458325339 -0.07606644676479483 0.1253162119693904 -0.3241912612087904 -4.0154105210522015 3.796192548637986 0.6117863662981542
361.7513732910156 -1 643.2946166992188 367.9288330078125 -1 643.2946166992188 367.9288330078125
0.9302963234256046 -0.07546478714389002 0.1429638227024331 -0.3292645773848704 -3.731165107261937 3.796303048878488 0.7401433790070086
328.8596496582031 -1 587.7900390625 365.9822998046875 -1 731.1748046875 368.130615234375
0.926606554050494 -0.07503142317608912 0.15670951706687028 -0.33348569202817085 -3.495139410356785 3.8126456029616995 0.8464938630167319
358.13287353515625 -1 778.9716186523438 360.6729736328125 -1 750.4208374023438 363.9859924316406
0.9262960925127705 -0.0786418027902308 0.1620677737689827 -0.33094569426877496 -3.3605561241697863 3.830119051429913 0.8619452959591364
321.0677795410156 -1 797.0222778320312 337.8720703125 -1 784.8681640625 376.510986328125
0.9289949427212593 -0.08295363432334038 0.16280485685031376 -0.32184106253991696 -3.289399188646353 3.821472821654795 0.8368373723594106
351.62213134765625 -1 821.9895629882812 366.93743896484375 -1 736.023681640625 369.0019836425781
0.9322541402576615 -0.08523179051781565 0.16288558545841755 -0.3116184299868096 -3.231309094783204 3.806966545661648 0.8050680700547272
275.49847412109375 -1 1157.0091552734375 275.49847412109375 -1 879.233642578125 276.4050598144531
0.9363459627906076 -0.08377834451013337 0.16043936508360945 -0.30082658972976434 -3.2228629005201817 3.7790990274858536 0.7739515156961109
0.5066596269607544 -1 0.5065535306930542 0.5066596269607544 -1 0.5065535306930542 0.5066596269607544
0.9413229555683823 -0.08274547759693202 0.15620713641631956 -0.2875127993496538 -3.2352630504251745 3.7627719530096884 0.7162431177325556
350.3778381347656 -1 937.066162109375 365.12847900390625 -1 509.96844482421875 378.1846618652344
0.9449317328837407 -0.08413326091552968 0.15145697295894964 -0.27764437674687825 -3.2329826297703845 3.784753525604095 0.634059440443693
265.7498779296875 -1 527.591552734375 331.998291015625 620985 521.628173828125 332.8727111816406
0.9466752018854585 -0.08147050948834907 0.1484473891733281 -0.2741021540711741 -3.1926159232646656 3.8198521817013598 0.5941451817066207
120.80345153808594 567148 731.2002563476562 157.93795776367188 751059 739.8723754882812 183.1291961669922
0.9471626414849718 -0.07995735729988417 0.14453327512666211 -0.2749543306987369 -3.1430553966266417 3.866774229610066 0.555097913119517
68.63534545898438 -1 1263.2740478515625 96.75843048095703 -1 1263.2740478515625 96.75843048095703
0.9466533031855295 -0.07932649240281166 0.13750449472675538 -0.2804413398572548 -3.0996531793248128 3.927295099809307 0.4845093500697506
303.89715576171875 -1 1016.5855102539062 311.6419372558594 -1 954.5084228515625 322.3166809082031
0.9469033629693175 -0.07687758460302244 0.12539951604893004 -0.2859000167151032 -3.0620776177044933 4.006906063720451 0.347675691279536
181.74534606933594 -1 909.656005859375 254.9000701904297 -1 690.1134033203125 256.0484924316406
0.9495215240939544 -0.07881107100346067 0.11554806888118838 -0.2807958941071069 -3.0627249148588382 4.041379503939052 0.22555965003286985
197.08551025390625 -1 696.14794921875 330.0289611816406 -1 696.14794921875 330.0289611816406
0.9497112426209305 -0.08092261003131776 0.10780877137623744 -0.2826258226692558 -2.9919105837725897 4.1354286513603755 0.13517052987093658
319.9073791503906 -1 868.9254760742188 357.86566162109375 -1 693.4322509765625 365.6200256347656
0.9515082600728195 -0.0796250518568183 0.10076282737613641 -0.2795330655739346 -2.977522475911241 4.209110903825716 0.09371365107645785
229.0108642578125 -1 515.3275756835938 313.0948181152344 557895 515.3275756835938 313.0948181152344
0.954369604112946 -0.07672708253401284 0.09636803677343526 -0.27203826024945743 -2.9727031308811918 4.271379166501606 0.061141802161234174
316.3573303222656 566800 542.4646606445312 402.3337707519531 -1 1033.58837890625 406.0321044921875
0.9575264686093836 -0.07334193474258985 0.09703071064048961 -0.26143653859638377 -2.9460857715887467 4.335001957208404 0.02662555518022112
0.5211438536643982 -1 0.5209274888038635 0.5211438536643982 -1 0.5209274888038635 0.5211438536643982
0.9609823250142647 -0.06544587169939164 0.10233838069452571 -0.24850888258673412 -2.922203561398048 4.315024772708122 0.05787375035312192
409.4059753417969 -1 701.3672485351562 415.7157897949219 -1 584.4451293945312 437.4816589355469
0.9621615426514076 -0.05515298445418104 0.10776216786440268 -0.24411191967133564 -2.846426700309071 4.327456083431736 0.08789460645061292
228.8557586669922 -1 615.6072998046875 310.5431213378906 -1 868.3641357421875 366.29510498046875
0.9635538961723299 -0.04249023049511527 0.1113006521610076 -0.23952167816740358 -2.803014992399858 4.335402872974434 0.13529784785564458
149.55702209472656 566816 868.8193359375 153.45501708984375 567148 871.8977661132812 156.10797119140625
0.9659846795397957 -0.033383830119700766 0.10997027702080774 -0.2316584920802683 -2.8302053674699095 4.353790537807699 0.15215756837649935
59.924137115478516 -1 1063.7852783203125 115.37310028076172 -1 1063.7852783203125 115.37310028076172
0.9682237695927669 -0.024760206350455883 0.10647040751318364 -0.22493047037036132 -2.868982575197926 4.372038726574584 0.17594385169434365
49.47251892089844 -1 958.1841430664062 49.50723648071289 -1 1186.6798095703125 51.930118560791016
0.9703713311560928 -0.018533408813632364 0.1054465393508394 -0.2166033697037773 -2.89814341103195 4.379230425589945 0.21721903400262857
143.97080993652344 567148 923.6193237304688 179.8992919921875 549730 889.6023559570312 183.22682189941406
0.9712616497718238 -0.012649831927442364 0.10670065209065029 -0.21238116742817037 -2.865109501485648 4.394267078808711 0.28345609061925936
391.02117919921875 -1 637.5825805664062 396.7314453125 562088 619.6001586914062 406.86688232421875
0.9727413290511249 -0.008432738857238862 0.10875579630707506 -0.204634729312575 -2.8281997314961744 4.388874638786582 0.35573533316981276
306.3922119140625 -1 1131.9127197265625 352.17724609375 -1 964.0105590820312 360.1864929199219
0.973859183882967 -0.0041120308089603414 0.10987916244632279 -0.19876607061951607 -2.7715099589976666 4.384913052555372 0.41548542831824103
0.5366802215576172 -1 0.5365884304046631 0.5366802215576172 -1 0.5365884304046631 0.5366802215576172
0.975846788760265 0.0005340669442166939 0.109837534183462 -0.18883451941653764 -2.7613548282087836 4.357456397423676 0.45790484490961797
0.5365067720413208 -1 0.5364230871200562 0.5365067720413208 -1 0.5364230871200562 0.5365067720413208
0.9766663340631782 0.00647730351962259 0.10972363573402917 -0.18450376746292496 -2.7077639892332157 4.371767515983057 0.4852193253606669
286.15625 -1 477.90252685546875 371.82049560546875 -1 744.3275756835938 379.2754821777344
0.9779634986882608 0.013318462306982418 0.10971266826900332 -0.17712465727980736 -2.683748986844007 4.346956612511535 0.513281688332392
315.0503845214844 -1 753.54736328125 330.7439880371094 -1 753.54736328125 330.7439880371094
0.9797463143151715 0.02330923953395532 0.10859339464160055 -0.1666172667474765 -2.665318718017172 4.263672936562169 0.550329033397352
0.5578535795211792 -1 0.5576533675193787 0.5578535795211792 -1 0.5576533675193787 0.5578535795211792
0.9817109070167714 0.03136405365674143 0.10613899001713288 -0.15490160096224953 -2.624026953165141 4.167972995533527 0.5449930390330473
0.5555153489112854 -1 0.5553997755050659 0.5555153489112854 -1 0.5553997755050659 0.5555153489112854
0.9839070060906716 0.037577870656113684 0.1043928729447693 -0.14006082636119538 -2.58187870875991 4.053800784165007 0.5372908139645345
0.5493685007095337 -1 0.5491407513618469 0.5493685007095337 -1 0.5491407513618469 0.5493685007095337
0.9856220344836534 0.042121608358637 0.10351111801262763 -0.12672972696791207 -2.5141618364209255 3.950188474217172 0.5466005672057339
0.5379370450973511 -1 0.5378152132034302 0.5379370450973511 -1 0.5378152132034302 0.5379370450973511
0.9871432608109899 0.04340652559935185 0.10227171055801798 -0.11491106731022821 -2.4387089711502403 3.881534098049738 0.535494048374941
280.9529113769531 -1 880.7728881835938 341.5519104003906 -1 1007.4527587890625 348.92926025390625
0.9885763488335176 0.0423819515274045 0.1004112042157368 -0.10410649729803367 -2.367362636563306 3.8468718163953923 0.5128349965518691
344.0262756347656 -1 606.8728637695312 406.90911865234375 581199 530.3548583984375 413.0114440917969
0.9902872554173592 0.039723760650351665 0.09710958627105098 -0.09122994493045052 -2.307064911478 3.826616636877238 0.480047757472113
298.8408508300781 -1 476.75018310546875 317.5447082519531 -1 597.4675903320312 349.9515380859375
0.9916779711629344 0.03730988982736367 0.09307578532088083 -0.08074448475368143 -2.2569943499857357 3.8159356252815915 0.43706445033931307
0.5540275573730469 -1 0.5538375377655029 0.5540275573730469 -1 0.5538375377655029 0.5540275573730469
0.9926926320471212 0.03760270811124636 0.08988587871113031 -0.07118920866526984 -2.2068017609794426 3.7856560208177994 0.41529021903038676
318.5447998046875 584500 634.5515747070312 327.0969543457031 -1 822.121337890625 369.4657897949219
0.9933482218939389 0.03932532194624916 0.0888455269587654 -0.061800497193737265 -2.151934415552371 3.732968823546611 0.4060521948390056
341.1710510253906 -1 1109.917236328125 341.1710510253906 -1 1170.031005859375 347.7918701171875
0.9938570543778954 0.041724715452808744 0.0884517789041362 -0.05180237825012637 -2.094928269024059 3.6653254223256932 0.40827623270712454
341.6595764160156 -1 1175.0416259765625 341.6595764160156 -1 1301.097412109375 355.1480407714844
0.9944738265385119 0.04401654778290228 0.08643309385628212 -0.04017053817857827 -2.049056388693258 3.5938921112600806 0.41925761732450206
348.55828857421875 -1 1109.8272705078125 363.48419189453125 -1 1221.1680908203125 371.305908203125
0.9950958806676112 0.04421048439871641 0.08325037948657546 -0.029983256376242814 -2.0001534001939945 3.5532040986839353 0.4173438955327306
208.18446350097656 -1 665.123046875 265.6537780761719 -1 800.7796630859375 376.7080078125
0.9958763646316556 0.041658043979526035 0.07942751244577015 -0.013643460210468339 -1.9561051001252017 3.503823109216043 0.3891848058444238
261.3589782714844 -1 565.560791015625 305.5992126464844 587963 828.3713989257812 353.4139099121094
0.9961983982568844 0.04106334087690865 0.07682792055911206 -0.00015481927457049397 -1.8850538368726724 3.458119298814695 0.37148377333523375
299.4922790527344 587963 838.7111206054688 373.65924072265625 -1 538.2647705078125 376.9036865234375
0.9961613107137177 0.042048326329358496 0.07523410999823855 0.015310453383252147 -1.8023246980623855 3.397266047455308 0.37205582790635044
289.6292419433594 587963 934.1443481445312 366.0650939941406 587045 888.9439086914062 371.19976806640625
0.9958671103779636 0.04299806909753456 0.07415226605944417 0.03002175810271453 -1.725473438576571 3.341167319856827 0.3704341571751763
370.2290344238281 -1 936.9169921875 383.925537109375 587047 928.0706787109375 387.2746887207031
0.9954386840977664 0.04368129035451683 0.0729176980730219 0.04332182339656826 -1.6376015768280434 3.2953758724358484 0.36588764936108104
360.1673583984375 -1 964.3685302734375 360.1673583984375 -1 1031.010986328125 367.8287353515625
0.99467588566876 0.04355527937668232 0.071642790475962 0.0599176992240589 -1.579691125542341 3.2497968129281394 0.3545614570038963
384.4405517578125 633290 714.2978515625 388.7400817871094 632738 1021.5626831054688 391.11138916015625
0.9940144763383658 0.04339949702184885 0.0681065246982956 0.07357449137802818 -1.5438156168930672 3.2192849435677364 0.3288171198296746
320.8636474609375 638729 1147.694580078125 366.833984375 -1 1147.694580078125 366.833984375
0.993546649489219 0.043398404539437996 0.06384779982691682 0.08309688459527328 -1.5204794487524005 3.196207072546689 0.30389539305910684
200.07870483398438 -1 1025.894775390625 208.6739044189453 -1 1044.8922119140625 221.6051483154297
0.9928254629236941 0.04320977227268077 0.05935727111400101 0.09437812308154185 -1.4995544554093792 3.157358505902598 0.27750944340435574
253.9748077392578 -1 1049.8922119140625 261.3598327636719 -1 1042.6619873046875 274.8796691894531
0.9920574248556979 0.04409196902337658 0.05730508221564343 0.10292760372505187 -1.4533320314745382 3.117784001499462 0.2673830638157398
306.2647399902344 -1 781.64892578125 350.575439453125 637825 593.33349609375 365.2687072753906
0.9910858593780265 0.04554674935717999 0.056217774163413045 0.11186543180100211 -1.387036275130081 3.0736732209103996 0.2738862374323805
0.5017939805984497 -1 0.5017775893211365 0.5017939805984497 -1 0.5017775893211365 0.5017939805984497
0.9901670980511003 0.045667408774236494 0.054205196275759995 0.12060432168714355 -1.3518177274249412 3.039972692190228 0.2762781664213722
244.41163635253906 -1 1139.7310791015625 258.3509216308594 -1 619.2379760742188 259.1915283203125
0.9895381479791845 0.04491374238848179 0.05161566398778103 0.12701508835444353 -1.3138094430743386 3.020564915033863 0.27085866404056824
186.5841827392578 650670 1055.2525634765625 194.61766052246094 -1 451.6227722167969 207.43336486816406
0.9886127316625597 0.04313845742383793 0.04844809965434045 0.13578189100784616 -1.2892937406504599 2.9969164894837177 0.26717912682727685
178.78958129882812 650670 1076.419921875 203.7164764404297 -1 932.5240478515625 206.28256225585938
0.9874386130143207 0.040330767781753554 0.04568994775247053 0.1457766900874945 -1.2801073871180582 2.9700034248109284 0.2685465583134218
240.73692321777344 -1 619.8016967773438 243.53048706054688 -1 635.8252563476562 264.3724060058594
0.9858663664164041 0.036429889437271976 0.04272009313731679 0.15784601473221863 -1.254073042645853 2.929325898186508 0.261007985026153
365.0132141113281 -1 899.5880126953125 365.1610412597656 633297 727.0199584960938 366.7336120605469
0.9834713548764357 0.03469514597138605 0.04007471677957565 0.1731310430239735 -1.2319740380962816 2.850395739954124 0.25659675132959703
367.2035827636719 -1 1009.9798583984375 387.5320739746094 -1 1009.9798583984375 387.5320739746094
0.9804706599443008 0.034923569124677624 0.037205825470634626 0.18992987089720786 -1.2021883275609235 2.7444993039722343 0.26623219814501803
343.32403564453125 -1 784.1610107421875 351.8567199707031 -1 1015.5474243164062 359.98236083984375
0.9780761870979592 0.034568985825201466 0.03423151546982757 0.20248496437902283 -1.156414733831826 2.648528820234027 0.2609567708716419
330.5160217285156 -1 811.6558227539062 336.1234130859375 -1 974.9735717773438 338.9247131347656
0.9763337932397145 0.033478946310388655 0.030804946895244104 0.21142975093131458 -1.10712083767597 2.5730613653909638 0.2514024219285524
235.8739776611328 -1 1312.8763427734375 283.7093200683594 -1 1066.466796875 331.7928161621094
0.9745075509296656 0.03128954836031717 0.027548037274298786 0.22044750619321282 -1.0686500848240714 2.516317480402662 0.25656406884759364
210.6381072998047 -1 842.8142700195312 289.23638916015625 -1 1082.773193359375 332.3879089355469
0.973373417090829 0.02566993615612536 0.02535382556663782 0.22636790586962635 -1.021368979092792 2.4929562831007517 0.2670432256390118
276.94696044921875 -1 606.4421997070312 313.3447265625 -1 895.8217163085938 333.0598449707031
0.9723576272097474 0.01781253111445661 0.02412287691531274 0.23156304832951016 -0.9802533517949955 2.4833351126021816 0.2809802958997337
326.5576477050781 -1 665.1777954101562 326.42950439453125 -1 643.041259765625 344.8900451660156
0.971221697444573 0.008667441442701054 0.02267791695794118 0.2369367045313335 -0.9377604096513961 2.4609757402568757 0.30300383784976415
309.0368957519531 -1 593.9754028320312 336.0058288574219 -1 681.773681640625 340.6917419433594
0.9696416131937309 -0.002967452426872077 0.020243846023938496 0.24367298349901773 -0.9013901058035698 2.428940123658655 0.31569331229550684
263.0622863769531 -1 747.0845336914062 282.6831970214844 -1 603.2129516601562 283.5404052734375
0.9680051575350276 -0.014502230280664415 0.016568158066498237 0.249962390052497 -0.8831330600752779 2.3907935298520395 0.34754113498433975
263.8819274902344 -1 564.6851196289062 277.20318603515625 -1 573.7978515625 279.7348937988281
0.9667262819864918 -0.022694334596369155 0.012270472445644203 0.25450873933867746 -0.8667114288784954 2.329606302769242 0.406817110416557
270.966552734375 -1 980.3543701171875 281.15130615234375 -1 765.2650756835938 287.44329833984375
0.9653910660970138 -0.029490006243085263 0.008712554306928017 0.2589874908741791 -0.8354288867741079 2.2314317728271766 0.5036639349330547
130.67434692382812 651130 636.0333862304688 156.5236053466797 -1 734.9584350585938 219.4199981689453
0.9640023577994011 -0.036214656194839774 0.005801074062178237 0.26335204645798815 -0.8103950837199854 2.148884536990964 0.5819326711964594
165.013916015625 -1 869.657958984375 266.9869689941406 -1 946.6804809570312 281.8303527832031
0.9631397311698057 -0.04610626257310931 0.002976584589725862 0.2650041711707086 -0.7932931570953564 2.1044445482345218 0.6288317593896525
0.5000332593917847 -1 0.5000296831130981 0.5000332593917847 -1 0.5000296831130981 0.5000332593917847
0.9621819756565987 -0.05632203461646118 -0.0018149019121006232 0.26651525335199133 -0.8026843302863648 2.05543416253473 0.6576837796624263
0.5000332593917847 -1 0.5000296831130981 0.5000332593917847 -1 0.5000296831130981 0.5000332593917847
0.9604966861957701 -0.06417749940391827 -0.00898000287016302 0.2706413196939011 -0.8242951093702388 1.9612954730615857 0.6992565853257839
0.5003330707550049 -1 0.5003495216369629 0.5003330707550049 -1 0.5003495216369629 0.5003330707550049
0.9584902796718944 -0.07268890785171335 -0.018663537929048374 0.27507158850341085 -0.8498634125194311 1.8487001628475335 0.7677060987797663
0.5 -1 0.5 0.5 -1 0.5 0.5
0.957302979816369 -0.0803275843292967 -0.023552218845587086 0.2767016028467671 -0.8618685577198806 1.7754967341357852 0.8458327368152287
186.81680297851562 -1 634.7770385742188 198.6998748779297 680413 677.6636352539062 216.9060821533203
0.9565157305487151 -0.08619424952976511 -0.02426911776751035 0.27759542230311596 -0.8485702378816941 1.6941347755889358 0.9220181536877807
120.40052795410156 -1 734.7169799804688 120.40052795410156 -1 423.1070556640625 136.287841796875
0.9568777125383946 -0.09046926298537336 -0.02326091270581189 0.2750623304675969 -0.8238055171366647 1.6142194479648047 0.9681654421316234
124.25288391113281 -1 961.3549194335938 124.25288391113281 -1 695.016357421875 192.7007598876953
0.9584277096384544 -0.09190423342304746 -0.023318032052224488 0.26912117467289703 -0.7975944604162152 1.5026636971643026 0.998524689177197
124.18062591552734 -1 742.01123046875 199.39207458496094 -1 638.4550170898438 202.15914916992188
0.9592982019638938 -0.09479097785884623 -0.025080093312532196 0.2648256391379782 -0.7972370158604831 1.3922258915398646 1.025358002228308
0.5 -1 0.5 0.5 -1 0.5 0.5
0.9591255037104462 -0.10067939604926508 -0.02787466392491449 0.2629922631075126 -0.8368070630686911 1.3348428935868402 1.0745434260051632
228.92669677734375 -1 622.0391845703125 228.92669677734375 -1 1099.714111328125 236.54042053222656
0.9592366218846942 -0.11223680366253887 -0.029530392305196156 0.25767413348871143 -0.889710676974578 1.3307716100518068 1.1431782001791033
200.88385009765625 -1 579.2843017578125 302.74871826171875 -1 767.5186767578125 314.124755859375
0.9597998605168755 -0.12024883150496442 -0.029185971210449906 0.25193774103532035 -0.9287834788711032 1.3266614168141893 1.1953721920902434
141.02342224121094 -1 1175.526611328125 141.02342224121094 -1 1205.18017578125 165.18600463867188
0.9622593904882152 -0.12582922029600294 -0.028724022373330906 0.2395804734857272 -0.9657611826984985 1.2887517675969182 1.2587743032977168
120.7230453491211 -1 961.2190551757812 124.33578491210938 -1 702.8079223632812 216.022705078125
0.9660086559167633 -0.12781889449399972 -0.02864684250038959 0.22286535244173333 -1.0147641866710155 1.187545999477828 1.2966906109406442
19.71442413330078 -1 784.25244140625 19.71442413330078 -1 741.7188110351562 77.18925476074219
0.9696879873703949 -0.12919210904081935 -0.028152115727829632 0.20548008295497888 -1.065917890848173 1.095518229098829 1.3529199565468542
26.8529109954834 -1 752.0053100585938 55.4056510925293 -1 734.3173828125 121.12194061279297
0.9738273840423183 -0.13073681536187504 -0.026587707790441294 0.18401414345854072 -1.1226266640849634 1.021863390182763 1.3799975932254624
0.5000332593917847 -1 0.5000296831130981 0.5000332593917847 -1 0.5000296831130981 0.5000332593917847
0.9777678339728799 -0.13113582082054012 -0.02509053128466085 0.16169083024574843 -1.1915198109864353 0.9224045544278346 1.4108850523690477
189.16368103027344 -1 858.755126953125 190.1233673095703 -1 769.154296875 212.37913513183594
0.9819481294922697 -0.12655179127840782 -0.024617395645952302 0.13840700467270337 -1.2984196385077593 0.7787182321038338 1.4182462510451652
29.427753448486328 -1 465.8099670410156 29.427753448486328 -1 741.742919921875 77.09538269042969
0.9846050880218825 -0.12152208563389821 -0.02393314030807195 0.12333859144486245 -1.4022994231496806 0.6560826036307056 1.3992852833876324
11.09524917602539 -1 741.5977172851562 77.23428344726562 -1 741.5977172851562 77.23428344726562
0.9869181961666145 -0.12223498613810298 -0.015231738296565761 0.10401478927305847 -1.4496753642906999 0.6284540289550701 1.3866656278230127
124.11255645751953 -1 921.8612670898438 142.78338623046875 -1 483.75115966796875 143.910888671875
0.9888701484920965 -0.12426737591246717 -0.0021251547329429682 0.08178589378621172 -1.4788818282784628 0.6420306184821006 1.3828507025490295
19.696392059326172 -1 784.1856689453125 19.696392059326172 -1 741.7838134765625 76.99466705322266
0.9902434703337641 -0.1250623865357803 0.008449886514786464 0.060875843757652266 -1.5333105408616725 0.6690604300548345 1.3995537464061223
0.5006359815597534 -1 0.5006455183029175 0.5006359815597534 -1 0.5006455183029175 0.5006359815597534
0.9908056055235 -0.12791450840325463 0.015577034605082246 0.0412248298489668 -1.618108325014668 0.7097604023413353 1.4142197572152146
183.4424285888672 -1 1085.5936279296875 194.97259521484375 -1 1009.2551879882812 197.1424102783203
0.9909724375710862 -0.13080000667280234 0.018905453321398615 0.022529315647105377 -1.738624549015838 0.7439088625577286 1.4081056653497812
85.48556518554688 -1 734.292236328125 120.79792785644531 -1 961.2559814453125 124.19329833984375
0.9911255778413824 -0.1311450433310388 0.019992713469788245 0.008447364464779436 -1.8738135266253422 0.7371928205986568 1.3924080608423464
11.54936408996582 -1 338.6937255859375 115.90895080566406 -1 338.6937255859375 115.90895080566406
0.9913451240001595 -0.1289603327769178 0.0242056188193743 -0.004262124909737852 -1.9573314344229467 0.7248189071940047 1.379766070172373
124.030517578125 -1 1076.8314208984375 124.030517578125 -1 895.227294921875 235.80445861816406
0.9912851862923433 -0.12709575260973402 0.031195512571239477 -0.015072793415197957 -1.9876628194321526 0.7225871786465778 1.3788136529634216
77.08313751220703 -1 569.1185302734375 173.6910858154297 -1 741.5927124023438 195.14288330078125
0.9908260909828734 -0.1260152283337723 0.04121834805786312 -0.02616997208570879 -1.987699562176438 0.7287014967780578 1.3756557029835101
19.781383514404297 -1 792.8390502929688 146.569580078125 -1 792.8390502929688 146.569580078125
0.9902144060018677 -0.12390748679401879 0.051950319801737095 -0.03772968506700858 -1.975904172244017 0.7039389627296682 1.3728003838427876
160.74325561523438 -1 938.5034790039062 204.56211853027344 -1 850.2771606445312 212.11166381835938
0.9898886683774281 -0.1187584097281212 0.06021655930427605 -0.04889611766147206 -1.9850645812898944 0.636749264011439 1.360205771284405
160.8495635986328 -1 1026.055908203125 181.64630126953125 -1 1026.055908203125 181.64630126953125
0.9893650493522473 -0.11344680775004067 0.06587521017558286 -0.06282577190829648 -2.029195669018552 0.5817367289656206 1.3105375814526101
108.0833511352539 -1 1027.3016357421875 231.39984130859375 -1 572.0383911132812 248.05857849121094
0.9890605655268309 -0.10863513903824194 0.06810167685988117 -0.07293672528129985 -2.073195690279851 0.5182330215380065 1.2633786906161497
165.12977600097656 -1 827.9740600585938 201.3211212158203 -1 575.537353515625 239.538818359375
0.9878827197856312 -0.1066140027396341 0.07221626004490327 -0.08663716381498313 -2.057739108339783 0.4985705572554885 1.2033766929589174
199.04100036621094 -1 748.9860229492188 210.28945922851562 -1 559.0145263671875 211.4254608154297
0.9863660501273345 -0.10514267254398385 0.07698962329712333 -0.10049692269456045 -2.001129635370933 0.48568485403498934 1.1493830685949469
0.5000332593917847 -1 0.5000296831130981 0.5000332593917847 -1 0.5000296831130981 0.5000332593917847
0.9844187429832801 -0.10205588398840644 0.07997770739021814 -0.11877668679992838 -1.9338919789983744 0.4657114914188581 1.0970695976498315
175.98561096191406 -1 751.3447875976562 199.36984252929688 -1 804.83203125 200.39881896972656
0.9828671179796519 -0.10150553602898009 0.0750612335696855 -0.13429320818581889 -1.891001792022866 0.4508607726042317 1.0073930565042892
154.94122314453125 -1 594.9183959960938 179.60980224609375 -1 585.345703125 205.81716918945312
0.9806801409966297 -0.102025132471226 0.07244009938903405 -0.1503654395117646 -1.7864147560341295 0.44570840323752986 0.9364782196483223
151.2483367919922 -1 770.6951293945312 173.79734802246094 -1 817.715576171875 229.8241729736328
0.9776547517436618 -0.10156742423074186 0.07554086756419004 -0.16783569958689062 -1.6083115476248058 0.42107727798018585 0.8902791210728377
180.23268127441406 -1 746.0064086914062 198.3544464111328 -1 792.3762817382812 199.915283203125
0.9747447951799396 -0.09895564730027438 0.07802670095026645 -0.18436973199475817 -1.4391993687440066 0.3536975743066772 0.8391395822189464
194.27066040039062 -1 799.9629516601562 194.27066040039062 -1 868.3065795898438 200.7950897216797
0.9728113406727729 -0.09636855526153164 0.07981947904296319 -0.19488470381371006 -1.2621697865050316 0.2517283370083636 0.7946436773992194
139.59274291992188 -1 715.30517578125 148.91610717773438 -1 752.1890869140625 201.28775024414062
0.9716040321452802 -0.09631313653909272 0.08254227205691052 -0.1997402257251112 -1.0680271585549777 0.1487344261091361 0.7573312747643086
263.44085693359375 -1 549.9295654296875 263.9999084472656 -1 549.2151489257812 267.8797302246094
0.9700154730267184 -0.09641959484593077 0.08640546198910161 -0.20568748128398154 -0.8608627342403989 0.04447834331903198 0.7247909587282607
217.439208984375 267366 587.6395263671875 243.55612182617188 -1 587.6395263671875 243.55612182617188
0.9688529741616203 -0.09577320077810753 0.09069555905191486 -0.20958464647764588 -0.6542217124094826 -0.058249250160874566 0.6952434176540407
184.43206787109375 -1 998.9584350585938 186.03211975097656 -1 860.4323120117188 235.9031524658203
0.9678288378872779 -0.09562729322854464 0.09243455480110531 -0.21358514560302305 -0.5109513099180797 -0.13443941785654093 0.6711217567356883
198.399169921875 -1 685.1341552734375 214.3802032470703 -1 702.1025390625 230.7275848388672
0.9673320833005062 -0.09436958684664894 0.09181408135077257 -0.21664070753579315 -0.4161388073488547 -0.20632232048573348 0.6616500237156957
180.80238342285156 311670 560.9616088867188 183.03866577148438 -1 560.9616088867188 183.03866577148438
0.9669651595542713 -0.0958358813977607 0.08935581173363161 -0.21865361408931902 -0.33101751453035294 -0.2711072869271663 0.6498927183956552
170.00279235839844 -1 592.5845947265625 204.40292358398438 -1 553.939697265625 206.79788208007812
0.967575109800532 -0.09876410745454801 0.08643206033046998 -0.215809075157244 -0.23854262299073703 -0.32228654979491655 0.6616295239427595
210.5558319091797 -1 619.3060302734375 211.91229248046875 366840 586.7258911132812 213.6414794921875
0.9700715287312931 -0.10142548054864615 0.08532894382568039 -0.20345287509888363 -0.12124966181856664 -0.35008279544552184 0.6821993815692534
221.26605224609375 298655 1005.5263061523438 267.5800476074219 -1 1157.1220703125 275.6226806640625
0.9736918739752347 -0.10379162400797438 0.08773892938150771 -0.1829024702166967 0.02344505388389175 -0.3516137135933671 0.6980696186169596
0.5008060932159424 -1 0.500820517539978 0.5008060932159424 -1 0.500820517539978 0.5008060932159424
0.9786608570565362 -0.10649696806227442 0.09064365332547518 -0.15054916396553047 0.16342045859452722 -0.3579853691752766 0.6977766021785277
161.16790771484375 -1 724.3640747070312 171.5782470703125 -1 784.1792602539062 182.05291748046875
0.9838944074538203 -0.10321650762111982 0.09014144123207378 -0.1147722445027539 0.2593318383832903 -0.40513171960136424 0.6963528702532179
163.07716369628906 -1 830.4894409179688 181.92103576660156 -1 938.2025756835938 253.15274047851562
0.9878329692915921 -0.09820126889917874 0.0905490081877308 -0.07964554402705708 0.36629421411120355 -0.4659243406448259 0.6709361449760617
156.96070861816406 -1 995.4324951171875 244.77716064453125 -1 892.1431274414062 261.3513488769531
0.9903633436717976 -0.0917692864632758 0.09253600298377614 -0.04686079091335296 0.5246444312812595 -0.5403991470210937 0.630969206420412
233.52764892578125 -1 1128.8441162109375 284.4236755371094 -1 962.678955078125 289.3200988769531
0.9914942605818073 -0.08755173176457495 0.0935767655107954 -0.02274234937065634 0.6849988423060148 -0.5846547549932419 0.5898539038070153
86.33818054199219 327131 968.4219970703125 88.62084197998047 -1 1089.9351806640625 198.92198181152344
0.9919952074319286 -0.08913270157413519 0.08926625493191392 -0.005692598054649 0.8063789104857686 -0.5867297838974848 0.5552264920544304
75.17599487304688 -1 995.125732421875 78.70142364501953 -1 964.1929931640625 132.6372833251953
0.99265864464129 -0.09015352178193274 0.08060300940349154 0.002076681085848852 0.8837893832268401 -0.597933952619219 0.5329979334139862
37.963069915771484 -1 1078.3612060546875 41.48550033569336 -1 1010.9586181640625 41.9882698059082
0.9933126951399153 -0.0909171305115889 0.07108514874027565 0.0032964650747937018 0.9708542226110111 -0.619621347907559 0.5192153021296989
42.362648010253906 -1 1031.398193359375 69.06443786621094 -1 1198.2484130859375 157.75344848632812
0.9936867413017254 -0.09375875066245509 0.06157800946936058 0.0020262243619203184 1.0778941430478783 -0.6399953335466638 0.510988052323202
23.52932357788086 -1 965.50927734375 39.92737579345703 -1 1040.439697265625 40.551353454589844
0.9943566730812642 -0.09391062832949752 0.049325692065115674 -0.0016052064715470198 1.1848415135067074 -0.6802658216728006 0.5143152505146884
52.708824157714844 -1 1219.3819580078125 83.9662857055664 -1 975.9625854492188 84.3531494140625
0.9950409795466172 -0.09257746709113786 0.036354268503117425 -0.001108499662274176 1.2756068999409818 -0.7144077651323538 0.5174084757140559
78.39646911621094 -1 902.0963134765625 82.93879699707031 -1 901.9151000976562 91.08030700683594
0.9955379228175686 -0.09125930154118168 0.023803554627350277 0.003061846077008531 1.3792233010102428 -0.7247820548057158 0.5167258232528618
160.4064178466797 304974 1036.700439453125 169.19090270996094 -1 1099.148193359375 179.7294464111328
0.9958241714659414 -0.08991815981734395 0.012333410796150824 0.00984027628511885 1.485522205910025 -0.7230392637589149 0.5083108935614324
181.13995361328125 322505 722.5828247070312 181.13995361328125 -1 1174.0093994140625 187.490478515625
0.9961706886546736 -0.08529637179777368 0.0022648715164923423 0.019061961610051484 1.5717007990158829 -0.7239097691075307 0.5016286122072827
157.1493377685547 -1 1220.52392578125 161.63345336914062 -1 1180.2999267578125 224.28358459472656
0.9964158731068623 -0.07977345325291654 -0.009932492212713915 0.02632393540560436 1.6405019856044416 -0.7216688599442714 0.4949070903881167
47.674293518066406 -1 797.4649047851562 77.45171356201172 -1 1033.0347900390625 84.05516815185547
0.9958003469490626 -0.08148574576704826 -0.022419725791621912 0.03520082596109457 1.7073924650511314 -0.6497668575579663 0.5013675536967737
181.12396240234375 327616 933.4154663085938 236.38235473632812 -1 770.0145874023438 257.90704345703125
0.9949834137882122 -0.08448565586705568 -0.031139141737287147 0.043595115448111385 1.800478993430888 -0.5494140027671771 0.5180516575622407
245.391357421875 -1 798.9568481445312 297.2171630859375 -1 792.3892822265625 316.62200927734375
0.9938805618024174 -0.0885073569695983 -0.03800661841340437 0.05406823087863508 1.923782042906025 -0.4083367782022947 0.5418827677885277
235.66697692871094 -1 1126.0335693359375 241.95587158203125 -1 901.9515991210938 244.3214111328125
0.9922035904250194 -0.09479599493410362 -0.046603358743420364 0.06613532676252547 2.0089848041353213 -0.22597149126645472 0.5842700523512077
108.0533218383789 -1 1203.3519287109375 108.0533218383789 -1 913.8101806640625 278.1015319824219
0.9908008916464609 -0.09908431222748512 -0.054804418127897686 0.07411051164745099 2.0528111348967033 -0.07005145697550362 0.6250975147668146
184.35671997070312 -1 815.460693359375 222.924560546875 -1 786.896240234375 267.9550476074219
0.9898890433554562 -0.10017064662332702 -0.06158091364336233 0.07933041330242346 2.085358064887373 0.055188582931004454 0.6556253219767461
29.699504852294922 -1 368.36224365234375 33.79026794433594 -1 1338.0032958984375 266.8622741699219
0.9885106514294129 -0.10246638169131218 -0.06761210287067138 0.08818126886756614 2.111008953405938 0.2087987555956867 0.6759671078427161
253.70037841796875 -1 415.0432434082031 326.5672607421875 -1 829.9900512695312 334.6956481933594
0.9868204344984735 -0.10670149030835493 -0.07376727109407329 0.09673991801502492 2.112375510236027 0.38156631822298204 0.6852857040173501
266.7226867675781 -1 865.1821899414062 275.8336486816406 -1 767.2119140625 314.3514099121094
0.9854896588522578 -0.10763975375123949 -0.0773191913586691 0.10604507699688154 2.1143029522906507 0.5217458432236831 0.699570323927539
226.770751953125 -1 501.4170227050781 296.6020202636719 -1 870.2058715820312 299.902099609375
0.9841412506505133 -0.10766489190913138 -0.07806846453209929 0.11738647564280623 2.135928868050124 0.6742504633600761 0.6903692052987087
256.83941650390625 -1 900.8614501953125 256.83941650390625 -1 542.2550048828125 297.4669494628906
0.9830560909447074 -0.1072523777793485 -0.07660035185137656 0.12739715700686802 2.172661165444804 0.8188265856885777 0.6614227804878636
282.6258544921875 -1 537.7334594726562 316.7779235839844 -1 538.6328125 321.0142517089844
0.9824491905609058 -0.10582228340076903 -0.07277096789207092 0.13527608263887392 2.215051783684094 0.9531601453434858 0.6160577730728035
0.5013904571533203 -1 0.5014450550079346 0.5013904571533203 -1 0.5014450550079346 0.5013904571533203
0.9824690449316534 -0.10319625893258622 -0.07133786306985893 0.1378985757215409 2.2158898048922415 1.031866706882707 0.5869159723115397
196.42051696777344 397278 606.7954711914062 218.4604949951172 -1 757.3697509765625 230.8900909423828
0.9816608895505667 -0.10357439563680107 -0.07353175533307676 0.142152465518182 2.181130346387116 1.1384148559641005 0.562025254334093
309.19476318359375 -1 931.9869995117188 314.74591064453125 396347 931.4996337890625 319.38458251953125
0.9808972202178914 -0.10411451058187794 -0.07629072904832543 0.14553534524776005 2.131172797722056 1.2610027964117438 0.5370895394628462
0.503699779510498 -1 0.5036364793777466 0.503699779510498 -1 0.5036364793777466 0.503699779510498
0.9808232250715191 -0.10368452534259347 -0.0758306863274998 0.1465777178696876 2.1091100092204944 1.3576680804025094 0.5035201272766219
47.32019805908203 -1 883.73583984375 218.3552703857422 695889 883.73583984375 218.3552703857422
0.9811523900696769 -0.10321474561059454 -0.07385948377815076 0.14571026183878044 2.1004996574329104 1.45739133464646 0.4659947660583555
124.00679779052734 -1 983.6658325195312 213.6432342529297 -1 893.1553955078125 270.1709289550781
0.9818570359439396 -0.10146638845559719 -0.073048397892208 0.14256670209603922 2.077623192633301 1.5365190350296065 0.4321797099816463
266.5117492675781 -1 742.4439086914062 271.61993408203125 -1 979.7579345703125 285.4803466796875
0.982463820909528 -0.09842207212744919 -0.0743271947167856 0.1398334882906211 2.025711155480299 1.6048321672498356 0.39993556166722
257.41766357421875 -1 983.2803344726562 262.6846923828125 679800 886.4830932617188 263.85626220703125
0.9829096664686534 -0.09537015373880256 -0.07693786444456693 0.13738153570632114 1.9657310838902746 1.6530222930315523 0.372622890434183
331.2412109375 -1 1085.3662109375 353.3798828125 650614 807.8076171875 366.8354797363281
0.9838207792465279 -0.09082872935428658 -0.08025074544393253 0.13193420368628295 1.9039923097660967 1.671058073792108 0.34332407608688553
327.9767150878906 -1 669.9658813476562 352.7710266113281 -1 876.0581665039062 364.2841491699219
0.9840371304923444 -0.08710859731025745 -0.08499258924995101 0.12984328191947903 1.831849894007106 1.691752257886705 0.30785106187533723
282.571044921875 -1 689.55419921875 283.8973693847656 -1 743.28466796875 373.0223388671875
0.9846880939708169 -0.08162182409043685 -0.08730888988257883 0.12690308574554524 1.7809492277802514 1.6935454797998384 0.2651801406512499
214.18853759765625 695889 791.5501708984375 214.18853759765625 732896 735.8357543945312 215.40696716308594
0.9863868342314608 -0.07448064856027706 -0.08424954521062689 0.11998191687366774 1.7761811318464589 1.6650424732449303 0.20856459130358607
196.96217346191406 -1 754.84326171875 203.78236389160156 -1 744.6641235351562 290.9875793457031
0.9885971606478138 -0.06522579439142238 -0.08181955411061011 0.10829039786716778 1.782161025848046 1.6253491462931444 0.18193934564853886
243.16453552246094 391989 599.0400390625 243.16453552246094 395011 731.5243530273438 249.16871643066406
0.9896188297895131 -0.060266073696120366 -0.08370426782097219 0.10008080553154898 1.7594778032452676 1.6370039631179745 0.18195886766241984
193.63540649414062 -1 1134.4112548828125 304.3837585449219 -1 827.5628051757812 310.54376220703125
0.990091358588346 -0.05730041904130087 -0.08692936563859081 0.0942287059024318 1.7328858532853586 1.670338850721536 0.17846476001512995
312.90301513671875 -1 808.8076782226562 318.8181457519531 393693 795.6923217773438 326.1330871582031
0.9905097356917211 -0.05274808073272842 -0.08968070722408468 0.08980798533938097 1.7206817156153635 1.6936021073786018 0.16244441549616087
159.02821350097656 397272 696.1436157226562 161.95706176757812 666827 872.1683349609375 165.73004150390625
0.9907757331841854 -0.049320409594034505 -0.09160469656613907 0.08683042840987297 1.7196711687768533 1.7246731142332445 0.13986275949441368
153.2287139892578 680417 677.5664672851562 166.77212524414062 666809 947.4058837890625 176.175048828125
0.9908002966940768 -0.04699949473089908 -0.09381732550808328 0.08546419718502135 1.7116624113870034 1.7845621130527605 0.1240388896314632
169.08375549316406 399997 1028.2401123046875 243.70779418945312 -1 728.5787353515625 245.92820739746094
0.9904957258874223 -0.045156230602660746 -0.09718490217696737 0.0862219613866506 1.699148043683299 1.8713375085291493 0.1093388042849207
218.05052185058594 399404 993.2034301757812 227.3319091796875 398010 825.324462890625 239.8148193359375
0.9901934638344305 -0.04282845152067769 -0.10075266294604086 0.08678438125143785 1.698053336054104 1.9472561625678746 0.09583643176619777
152.29466247558594 400751 914.6990356445312 164.47784423828125 -1 525.150634765625 177.49664306640625
0.9899634477627085 -0.03859830315366689 -0.10432805978007655 0.08716764898718816 1.6930875127166372 2.011377855513354 0.10096960664667659
179.00245666503906 695889 661.1817016601562 182.6363067626953 666827 682.0843505859375 186.8334197998047
0.9895448931889554 -0.03598828487771766 -0.10856923196626968 0.08785482107131856 1.6820809428403833 2.0979530615130826 0.10410505817435538
230.50308227539062 -1 799.97998046875 233.40097045898438 -1 1018.16162109375 306.6119079589844
0.9890393207399599 -0.03491837650014767 -0.11297681464869129 0.0884204069469716 1.6732211067680187 2.1941425134839414 0.10949936332397493
258.38848876953125 399404 798.0975341796875 276.5858154296875 -1 807.8656616210938 279.2218017578125
0.9885734771464918 -0.03420186207454203 -0.11684683608217276 0.0888792991124172 1.6667236717967313 2.2741144791094623 0.11123070521016638
229.2517852783203 -1 835.14501953125 229.49305725097656 -1 927.212158203125 230.68008422851562
0.9881088747852846 -0.03282599717990923 -0.12092078700683466 0.08911491878103808 1.6605184568297848 2.3317938966689633 0.11954021684836968
188.1285400390625 -1 645.91015625 238.0218505859375 -1 660.3115234375 243.4395751953125
0.9873491644528339 -0.033364217285742806 -0.1263505707089521 0.08979972015948885 1.6404270019039673 2.4030908964577353 0.1288905442469077
281.08392333984375 -1 439.1288146972656 284.18927001953125 -1 1011.2494506835938 309.2910461425781
0.9864889788382359 -0.03621814901741011 -0.13146720629854564 0.09079710337066281 1.607045183018302 2.502349172788141 0.142563475388427
281.5132751464844 -1 613.9064331054688 293.43548583984375 -1 751.39208984375 309.2265625
0.9858072715743575 -0.040615950569607984 -0.13382605460930524 0.09287063571525435 1.5796126258491054 2.6168774276314646 0.15102284082649142
303.4096374511719 -1 601.0078125 304.83892822265625 -1 603.0587158203125 308.4814147949219
0.9857817338339809 -0.04329334307173033 -0.13403189429001458 0.09162702111262946 1.5796325477162438 2.7137968978729763 0.16466872487213147
314.3955993652344 -1 595.4717407226562 315.376708984375 -1 624.829345703125 317.0661315917969
0.9858760158152231 -0.04527652246754409 -0.13280063040329668 0.09144676329993796 1.5917473069097074 2.797510198095064 0.16806577930598077
337.2387390136719 -1 606.279541015625 339.9971618652344 -1 801.4757690429688 347.5218505859375
0.9859431400969971 -0.0498096389513804 -0.12984274541374055 0.09260661869774128 1.6261963526489729 2.907792077659711 0.1434728267530744
272.22271728515625 -1 702.9585571289062 272.22271728515625 -1 812.3682861328125 378.2121887207031
0.9860584006216055 -0.05394025581770583 -0.12568668535087946 0.09477413408409918 1.6790769947633035 3.020685300171046 0.11037569659344271
305.479248046875 -1 642.583251953125 369.9554748535156 -1 678.0728759765625 380.7498474121094
0.9864236660422026 -0.05622256596575176 -0.12097952167382976 0.09576705844735707 1.7662227705988334 3.114170886814198 0.0783067223773332
282.6085205078125 -1 651.9281005859375 336.13287353515625 -1 664.8255004882812 342.6282043457031
0.9869327803684803 -0.059047685740586005 -0.11535727028463019 0.09575885356091532 1.8690347488946932 3.1894214918503714 0.019716136847696207
324.4658203125 -1 684.553466796875 360.94342041015625 683758 770.173095703125 376.3968505859375
0.988062619672048 -0.06201337691853141 -0.10701947898230071 0.09183371825384672 2.0271204988832863 3.2522194348578752 -0.06210578382391874
330.8388671875 -1 713.9500122070312 339.5807189941406 -1 713.9500122070312 339.5807189941406
0.989554112330421 -0.061971566013101664 -0.0979530249556477 0.0857169101045696 2.191531563955219 3.267565037495794 -0.11994859154150064
330.1243591308594 683882 832.1529541015625 375.78240966796875 -1 538.9364013671875 390.2832946777344
0.9907347658586131 -0.06142865122624348 -0.08947609534110759 0.08164051010443743 2.3393281744982097 3.275138322776951 -0.1613850794970898
338.46136474609375 -1 835.169677734375 342.26824951171875 -1 321.34381103515625 356.46197509765625
0.9918987839978811 -0.06332056358290898 -0.08136068612184291 0.0742141986741804 2.5015312731727084 3.265135474387217 -0.1896543101064593
345.2389831542969 -1 899.0679931640625 346.3385009765625 683882 909.4542846679688 346.9795227050781
0.9926857017562561 -0.06701873067391378 -0.07317784483585943 0.06876474600204355 2.6452431922400184 3.2624405820675326 -0.24177984351962303
356.6673278808594 -1 947.8944091796875 361.1047668457031 661565 901.41748046875 383.6019287109375
0.9937403802093387 -0.0693068904290436 -0.0647067472497639 0.05907324725127686 2.8108555314378942 3.2242841772574304 -0.2932228058266144
303.9109802246094 -1 914.9773559570312 306.3427734375 -1 730.4528198242188 343.4708557128906
0.994805124741335 -0.07098675655662008 -0.05614481541842937 0.046598324900996364 2.9797405187409236 3.150738958277536 -0.3566970480279827
325.8724060058594 681982 920.6611938476562 342.29443359375 681983 984.2432861328125 358.0787658691406
0.9955995538474055 -0.07037615159914032 -0.0492535542525907 0.03745414607795805 3.108128981885798 3.0879475309246582 -0.40209836885140343
255.0745849609375 -1 727.086669921875 315.2764587402344 -1 735.741943359375 316.9302673339844
0.9963477570012431 -0.06929139071238721 -0.04306918958970997 0.025197126816776563 3.252533497973237 3.0004033964380197 -0.43993671748373786
277.25830078125 -1 624.0870361328125 279.669189453125 -1 991.515869140625 306.6661376953125
0.9967492368123684 -0.06911327249308646 -0.03817747291438932 0.016024825775298943 3.375292809119545 2.932908643877039 -0.4808403469231458
236.1396484375 -1 213.33740234375 248.5414276123047 -1 634.779052734375 278.6039123535156
0.9968965499236389 -0.07110586260352027 -0.03363505133546582 0.0031477572040642648 3.515848588235768 2.8444878943145233 -0.525400004196072
309.1740417480469 -1 471.684326171875 309.45428466796875 -1 1089.6900634765625 311.4813232421875
0.9969923673962856 -0.07253739592376568 -0.02647059878325141 -0.006622155706775531 3.6676867090681506 2.7602287973180815 -0.5796229524257751
294.95172119140625 -1 539.0530395507812 294.95172119140625 -1 1107.4051513671875 323.0400695800781
0.9970159493276076 -0.073737698697766 -0.015624362456252226 -0.016668169514452658 3.8442097770566557 2.6527524808124747 -0.6494113445559894
301.9297180175781 703500 1122.841796875 313.2153625488281 -1 1048.03857421875 347.3663330078125
0.9969581881422299 -0.07379588709302158 -0.002565576144196807 -0.024939044956945242 4.024241856023021 2.5473239697446735 -0.7232577107397206
301.40338134765625 -1 1119.19775390625 323.365234375 -1 1100.028564453125 335.5971374511719
0.996466369139418 -0.07658190638189703 0.010312763481602143 -0.032918591986778496 4.189015397173869 2.453075041185864 -0.8065739388652737
265.07818603515625 -1 723.8099975585938 310.8175354003906 -1 1174.678466796875 322.2828369140625
0.9957028127800772 -0.08079849148743723 0.021083496469226942 -0.04003746460290968 4.329478842386841 2.3743174749025076 -0.8779789915125197
270.95269775390625 -1 1212.8377685546875 320.7815856933594 -1 1182.8055419921875 328.6426696777344
0.9953854566648429 -0.08160583808013577 0.026443678377245056 -0.043000136339802895 4.414539029146928 2.3277679645324447 -0.8951442058013863
132.86883544921875 -1 456.4419250488281 297.2203063964844 -1 1233.471435546875 311.3197021484375
0.994974019035192 -0.08047106802714281 0.034231054311542 -0.048778515519116904 4.530559094384134 2.2174397133620074 -0.9330436582098363
277.7916259765625 -1 903.4777221679688 328.1058654785156 -1 872.8518676757812 332.8336486816406
0.9943808430834503 -0.07559394536467269 0.046089846556236894 -0.058034648075714304 4.654466463744133 2.0279579067094304 -1.018292333908302
295.24591064453125 -1 891.6380004882812 332.845703125 -1 1074.2742919921875 365.503173828125
0.9935262015220666 -0.0675407233963632 0.0582662040180038 -0.07034903724687544 4.774234977618271 1.792700811347723 -1.0874486679028297
271.11065673828125 -1 1032.225830078125 271.11065673828125 -1 854.0828857421875 324.7640686035156
0.9924976825227925 -0.05970707757801288 0.06969694752528748 -0.08078211794473321 4.882697087872787 1.569738080574207 -1.1581451123148951
204.5655975341797 -1 952.001953125 365.5818176269531 -1 1149.334716796875 404.2511291503906
0.9911161233514022 -0.05371693138665413 0.08137774453540741 -0.09044879219547107 4.990674719548206 1.347808941119513 -1.2444506702634492
304.093017578125 474746 977.1363525390625 310.0926208496094 -1 987.9727172851562 324.0627136230469
0.9903015805318294 -0.050111317540802676 0.0883983332309257 -0.09474898486252956 5.0660404579604075 1.212825706022474 -1.2912112129190272
332.5694274902344 -1 675.7955932617188 334.65997314453125 -1 803.7213134765625 338.0981750488281
0.9895876250666272 -0.0459741339268023 0.09221425915369895 -0.10049498362310175 5.125214290853537 1.0442774485312205 -1.3008056224322475
275.05084228515625 -1 954.9443359375 312.9342956542969 -1 617.9255981445312 328.3025817871094
0.9891384228811135 -0.04137771334615862 0.09658103869621261 -0.10278700395899934 5.154863866336116 0.9141659833519243 -1.3069859893604832
303.8774719238281 -1 1039.973388671875 312.93798828125 -1 1154.9947509765625 321.053466796875
0.9878545733792432 -0.037334755340596104 0.10641948060727494 -0.10688476058189492 5.204538372855542 0.7545204748132429 -1.3748940555025146
282.4796447753906 -1 1098.429931640625 288.5541687011719 -1 1082.4005126953125 306.94403076171875
0.9857996842451276 -0.03315175926812538 0.11836459603378176 -0.11441051440053344 5.267041723955413 0.5558526579560787 -1.4679302339747444
300.8197326660156 -1 1251.5634765625 306.57135009765625 -1 719.3972778320312 319.588134765625
0.9837988071587312 -0.028012330802768208 0.12940247361682974 -0.12087272718814425 5.313852751090807 0.3650472340590878 -1.549953940961034
360.4446105957031 -1 987.8712768554688 369.4493713378906 716634 1016.3525390625 379.2453918457031
0.9820241173692551 -0.02200347238557165 0.13973216301852817 -0.12497760889966042 5.328854183248024 0.1849092887180128 -1.620944034328797
287.96514892578125 -1 826.2233276367188 287.96514892578125 -1 1057.423095703125 311.8557434082031
0.9803186155156416 -0.01627479886842754 0.14797513014166608 -0.1296684381599661 5.316032938538807 0.004098972108650749 -1.684287735790491
305.9162902832031 -1 723.7478637695312 310.7228698730469 -1 1112.54833984375 325.52618408203125
0.978580815529857 -0.009993002721000737 0.15233511529609056 -0.13810771166471827 5.267222091309766 -0.2142275145482422 -1.6969332615546746
309.79345703125 -1 980.7269897460938 346.0805969238281 -1 970.7125244140625 357.14141845703125
0.9776294948554839 -0.004553479646018802 0.15511108942008686 -0.14198727601668618 5.212862308833289 -0.36332162899164266 -1.6978553131289282
334.3500671386719 -1 458.2683410644531 344.65667724609375 -1 926.7952880859375 363.90057373046875
0.9756425793719505 0.0004349433842779351 0.15928994660439796 -0.1508246699033944 5.154966719450717 -0.5545422511516668 -1.7048372952978201
277.20306396484375 -1 954.260986328125 277.33795166015625 -1 929.2417602539062 305.1544494628906
0.9743323702447169 0.0031812221175346327 0.16349559457314708 -0.15471102958200486 5.110378965610201 -0.7022515892190463 -1.6927947733301267
311.4946594238281 -1 453.29803466796875 314.85162353515625 -1 515.3480834960938 319.41827392578125
0.974935471977929 0.0026918603462454047 0.1615496829411953 -0.15295515456711054 5.077721294915196 -0.7605887254708144 -1.6206552371313685
259.6231689453125 -1 487.44891357421875 275.6748962402344 -1 487.44891357421875 275.6748962402344
0.9767742602272902 0.0007749609414084782 0.1566657655099882 -0.14617551747860738 5.025550085585004 -0.7943192293790691 -1.506087807524753
341.45355224609375 -1 548.0215454101562 342.9132995605469 -1 562.9586791992188 343.99493408203125
0.9776006855410494 0.0018051986524360037 0.1532224009073296 -0.14427937048548908 4.962434200542246 -0.9055504645329258 -1.4277932978333017
287.00921630859375 -1 992.9772338867188 289.9414978027344 -1 913.1337280273438 304.50732421875
0.9786046206130462 0.005038578417019544 0.1513152845849533 -0.13932441958718558 4.918212027030672 -0.9942647040198697 -1.3661684795909583
273.351806640625 -1 598.2256469726562 378.7394714355469 -1 696.126220703125 398.52435302734375
0.9797700144423641 0.008272361223774144 0.14861569596269025 -0.13377466782959457 4.877024798788384 -1.0619839412880347 -1.2967571317866264
344.1368103027344 -1 681.029052734375 364.2754211425781 -1 586.2570190429688 386.8353271484375
0.9810932541467864 0.010524114176920266 0.1458014252545108 -0.12683538182310886 4.829544908127603 -1.109799973195392 -1.2269619077957876
254.02621459960938 613925 985.3182983398438 316.5537109375 -1 738.4508056640625 341.5321350097656
0.9823515624761124 0.01101136107400345 0.1411135603968829 -0.12227477540422554 4.7579795842786154 -1.1544750470774803 -1.1318568466151553
379.04150390625 -1 603.9216918945312 383.8363342285156 -1 1123.335693359375 397.0579528808594
0.9838822920455413 0.006770911732739674 0.13273191195246686 -0.11963289557208802 4.657030405055974 -1.1817158217865193 -0.9803405967767759
263.02581787109375 -1 1026.7939453125 321.05096435546875 -1 1182.81787109375 326.2803955078125
0.9855391128292278 -0.0007556548835170805 0.12667573945914742 -0.11254040653007188 4.598838572762322 -1.1327333699609623 -0.8653807525904269
232.70347595214844 -1 886.9107666015625 263.83709716796875 -1 437.06182861328125 276.6476135253906
0.9874713109644587 -0.0056418910823921534 0.12280242419898788 -0.09893504787485409 4.574863683102859 -1.0422517929957928 -0.7595975961642549
179.0562744140625 -1 744.1956176757812 196.62728881835938 -1 741.8900756835938 199.4773712158203
0.9900074215416431 -0.009741902506516308 0.11887317765518757 -0.07523010210134749 4.550474539181071 -0.918593857322366 -0.6238304933031028
193.96920776367188 451776 1045.4249267578125 198.0408172607422 -1 714.050048828125 207.70977783203125
0.9915348945838444 -0.015996236991770642 0.1158777071790437 -0.05634740636121183 4.5115881028155105 -0.8119197283941534 -0.5262190797714152
182.87611389160156 457101 700.6832885742188 206.86874389648438 -1 717.3968505859375 221.48426818847656
0.9932156189117137 -0.022312140416949938 0.10845145087951609 -0.035541321612508496 4.477594583008296 -0.6792536626265839 -0.4341799711082581
164.5051727294922 -1 856.7029418945312 194.97732543945312 -1 839.8989868164062 199.66644287109375
0.9947889078211682 -0.02830646723124106 0.09747252914888559 -0.009637367388117367 4.444177999635338 -0.5205623558549692 -0.29193176167545665
243.0916748046875 531847 935.2715454101562 246.92543029785156 448092 1072.205810546875 247.28854370117188
0.9955099130273383 -0.03177471680357345 0.087233389504272 0.018458499179240802 4.4163706127478495 -0.35686619105100453 -0.1739089123488027
195.6208038330078 -1 792.3271484375 195.94122314453125 -1 792.3271484375 195.94122314453125
0.9953449957298959 -0.03634652051754448 0.07694404070598888 0.045242507905250404 4.373240187651886 -0.200638658558644 -0.07465788994016086
167.80950927734375 -1 1009.3383178710938 190.98561096191406 397967 1016.9150390625 191.03933715820312
0.9946834226112354 -0.042113106804197414 0.06634277271431067 0.06655833175699341 4.307906325415333 -0.08410477747827094 0.016965112572112244
219.7281494140625 -1 690.3912963867188 255.8135528564453 -1 690.3912963867188 255.8135528564453
0.9937353748342042 -0.04464319282210103 0.05350324496438827 0.087375013110461 4.225444927404449 0.009054677645823583 0.12332755158108717
323.7225341796875 594577 1028.2816162109375 337.4178161621094 521470 823.7684326171875 342.9765625
0.9917376736209064 -0.04985028485630893 0.03809683076662312 0.11189265975155384 4.116019224372375 0.15157454006866042 0.2567409959136718
264.64453125 593925 602.1369018554688 275.667236328125 -1 858.991455078125 285.1597900390625
0.9896034565805093 -0.05493198692295477 0.02456300112090188 0.13062976120524292 4.002372766194448 0.27071625602834803 0.4016292424638477
277.37628173828125 -1 1145.139892578125 277.37628173828125 534356 595.9041748046875 280.26092529296875
0.987153860146164 -0.06034153365691284 0.016278903178136846 0.147041331011986 3.917023519926881 0.4009000002024582 0.527186439270613
245.35459899902344 -1 517.7843627929688 262.0098571777344 -1 634.03564453125 273.3032531738281
0.9847958440517608 -0.07015835547024983 0.01353184581395654 0.15834089757531852 3.864069200704264 0.5422089680382021 0.6276205995480539
285.1211242675781 530449 869.5018310546875 303.5130920410156 -1 570.7747802734375 305.5684814453125
0.982317750143886 -0.08168906785331917 0.010630700560844395 0.1681241272128887 3.7972736338055126 0.6869276482785266 0.7494060850854175
263.9999694824219 -1 673.8329467773438 288.8031005859375 -1 868.4454956054688 309.72265625
0.9786289074966018 -0.09396777418618128 0.003428522308966957 0.18287636277353989 3.652127083697735 0.8820381976644027 0.8837994330241907
148.03929138183594 -1 755.2317504882812 306.0411682128906 -1 755.2317504882812 306.0411682128906
0.973917101079455 -0.10652786077733782 -0.006483377442656116 0.2002380106776209 3.449451492923347 1.0905147298955635 1.0258973378170804
124.21527862548828 -1 961.2501220703125 124.21527862548828 -1 494.9695129394531 214.7332305908203
0.9702769923164144 -0.11642428807785168 -0.016852834951811647 0.21148031889768187 3.231159801029357 1.240327842702937 1.1103568322544275
132.13475036621094 -1 932.5465087890625 245.8155059814453 -1 900.570556640625 282.7968444824219
0.9663601961265205 -0.1252869739468671 -0.025995120077249797 0.22310400990058263 3.031615558557935 1.3697444725098744 1.1924818592340256
120.8894271850586 -1 961.2076416015625 124.14453125 -1 483.851318359375 143.80516052246094
0.9644771412706289 -0.13112177933044908 -0.029259217522666546 0.22745289873205346 2.9022490369352356 1.4466767952559636 1.2283267672864382
55.74493408203125 -1 881.2526245117188 191.35963439941406 -1 937.7954711914062 203.65914916992188
0.9642122226577268 -0.13782739204645972 -0.032269544541683674 0.22418090055620282 2.7790784699877404 1.4890764061071338 1.286047980210202
124.05560302734375 -1 252.2543487548828 147.9196014404297 -1 252.2543487548828 147.9196014404297
0.9643083673879582 -0.14299000075289398 -0.04028187726934837 0.21918166582521284 2.602962239732694 1.5093389733024714 1.373479254095825
77.07215118408203 -1 1085.5718994140625 194.83871459960938 -1 1085.5718994140625 194.83871459960938
0.96450900152745 -0.14794490489843146 -0.0525498175353704 0.21230451658906116 2.3970056922953953 1.5169014816629363 1.448800350001632
120.65179443359375 -1 1096.0111083984375 171.8924560546875 -1 1096.0111083984375 171.8924560546875
0.9643950698980192 -0.15430792766679233 -0.0667904973277818 0.20413290298793682 2.1550311210360755 1.5298714484517693 1.537984346902232
19.670305252075195 -1 784.224365234375 19.670305252075195 -1 741.7175903320312 77.1585464477539
0.965827131075237 -0.1588989933810845 -0.07260005308891186 0.19146356069221682 2.0151790173531205 1.526368620232434 1.595338101670743
19.72786521911621 -1 784.1993408203125 19.72786521911621 -1 582.92919921875 27.34029769897461
0.9685676036790428 -0.1617362313190261 -0.07177823004006242 0.17483155972098158 1.941142917325148 1.48702359600893 1.6175783903723109
77.30056762695312 -1 723.197265625 86.4739761352539 -1 734.75244140625 120.60103607177734
0.9720707865308331 -0.16255189944764858 -0.0694465826838128 0.1543775829349244 1.8716177446467785 1.4081734638707828 1.6458200265121872
19.756481170654297 -1 784.2752075195312 19.756481170654297 -1 649.1891479492188 27.01141357421875
0.9744607347051197 -0.16603921131171384 -0.0665461637382158 0.13575295546200408 1.7945443449536234 1.3762037980478152 1.6588766756751028
11.037595748901367 -1 784.1566162109375 19.939516067504883 -1 784.1566162109375 19.939516067504883
0.9761231872199433 -0.17298837093780917 -0.06064960684796829 0.1165339953878241 1.7399063416486984 1.3993669186194433 1.6495533624286398
19.67103385925293 -1 784.1900024414062 19.67103385925293 -1 649.1419067382812 26.89598274230957
0.9774336677752296 -0.18220393851156225 -0.04990891801751506 0.0945211605549676 1.731836467786604 1.4209540977990627 1.566888240782823
23.376869201660156 -1 1028.4105224609375 23.376869201660156 -1 649.190673828125 27.09878921508789
0.9787489177048576 -0.18682499386203427 -0.03953481016909175 0.0747260098286715 1.7217657374782378 1.3922417970920997 1.458704408566927
15.610503196716309 -1 847.72119140625 15.610503196716309 -1 784.0966186523438 19.84124755859375
0.9797808211868603 -0.18848962241953757 -0.03273814347789379 0.05856123834212137 1.6753758336792974 1.349470127341489 1.36079234362825
3.7228658199310303 -1 495.1510314941406 3.7228658199310303 -1 852.59033203125 15.633566856384277
0.9808917790440951 -0.18753302951121936 -0.028435076454459 0.043291189323964994 1.5972090930737748 1.2892368946738668 1.2990645887869527
19.7528133392334 -1 784.1318969726562 19.7528133392334 -1 583.050537109375 27.217008590698242
0.9811260135750764 -0.19067005827955755 -0.02052869362571873 0.024804175051199293 1.5213209017800464 1.2605299692249168 1.2097578792086947
9.054451942443848 -1 869.099365234375 9.054451942443848 -1 1149.835693359375 11.088976860046387
0.9800670812044602 -0.1983066795445746 -0.009050162258537232 0.007814841679112904 1.4737960781579154 1.2633023673040182 1.101711932916377
19.7574405670166 -1 784.1450805664062 19.7574405670166 -1 1028.5084228515625 23.406461715698242
0.9794249733976979 -0.20147140472791794 -0.00010757722641554651 -0.011661174427081977 1.3776973780041148 1.2104089751495002 1.028824588943111
11.067172050476074 -1 852.5888671875 36.79466247558594 -1 852.5888671875 36.79466247558594
0.9777099909010423 -0.2079106632482889 0.004663160035019066 -0.028889180300388794 1.248246954624049 1.1816059462359494 0.9661261524159329
19.663843154907227 -1 583.0272827148438 27.188318252563477 -1 583.0272827148438 27.188318252563477
0.9761027878356425 -0.21233048637479537 0.008641229101113293 -0.04543612323858184 1.1125572959197056 1.1509733315053121 0.9184879355070312
19.64818572998047 -1 784.23486328125 19.64818572998047 -1 649.1265869140625 27.096580505371094
0.974575657605496 -0.215223990349081 0.013638373171790265 -0.06078582366194256 0.9756857330738157 1.1034867023308312 0.8606231040371866
19.732301712036133 -1 491.8673400878906 82.47832489013672 -1 961.2186279296875 124.21229553222656
0.9736118490775781 -0.21597267335905848 0.015953986438155574 -0.07198084477561921 0.8554009880168274 1.0542793905614554 0.8138557981068666
34.29983139038086 -1 606.002685546875 72.29717254638672 -1 734.5892333984375 120.82823944091797
0.973468525654824 -0.21409224242971214 0.019261106806908262 -0.07843819895569781 0.757548086367266 0.9989749803914703 0.769519357888556
19.753650665283203 -1 784.2001342773438 19.753650665283203 -1 1010.65087890625 132.5408477783203
0.9734361336025689 -0.2101838120720004 0.0276888083786319 -0.08647652184457476 0.6880665497216801 0.905103800703693 0.719298543867861
77.06929779052734 -1 1076.7474365234375 124.01473999023438 -1 1076.7474365234375 124.01473999023438
0.9726954353608606 -0.20716386790944244 0.037220723010472426 -0.09778210285897276 0.6083858953959528 0.8222023023873769 0.659737701657885
19.7934627532959 -1 741.7423095703125 77.01411437988281 -1 741.7423095703125 77.01411437988281
0.9729067984524982 -0.20426211928479726 0.039651133038806685 -0.10078261655132996 0.4760206359357015 0.7529073150171413 0.6059843247680694
289.3078918457031 -1 726.1946411132812 310.0541076660156 -1 726.1946411132812 310.0541076660156
0.973419571808334 -0.19967298116892207 0.03658742710730663 -0.1060490357771467 0.35130148993738214 0.6857559057198686 0.5695652961167381
124.21148681640625 -1 961.2505493164062 124.21148681640625 -1 494.9163513183594 214.67877197265625
0.9737568380179173 -0.1947148110181442 0.03392252957600589 -0.11284070529149011 0.2917135016158412 0.6329135372765814 0.5324006752232495
124.20235443115234 -1 1066.7755126953125 215.82362365722656 -1 814.8319091796875 285.077392578125
0.9732284466021746 -0.19081930175098058 0.03196695569233865 -0.12406650856436109 0.2890708710399632 0.618217104474654 0.4871391596991549
269.9208068847656 -1 982.2418823242188 277.8444519042969 -1 912.4906616210938 293.0777587890625
0.9720478783352395 -0.1879136742195565 0.025816843580090326 -0.13836496613242433 0.2666743035806531 0.6036241661662379 0.4489831857677145
231.4352264404297 -1 1142.6363525390625 284.95562744140625 -1 813.9401245117188 304.3252868652344
0.970827080102851 -0.18279109467538235 0.01661066963193795 -0.15429284461933662 0.1794952113902183 0.5525604492926262 0.42756508914663
286.9475402832031 -1 1121.9815673828125 291.82061767578125 -1 1038.8428955078125 302.8808898925781
0.9694865285097963 -0.17830031591423248 0.010459378648969118 -0.16791506716547588 0.07347570314974092 0.48236622020641706 0.41406345338431705
269.04583740234375 -1 723.6015625 276.55987548828125 -1 969.1749877929688 278.5204162597656
0.9692610086396969 -0.17231322044137498 0.011058084252475776 -0.17526827997257446 -0.03492966230432883 0.39498018560395076 0.39021905186381706
207.50906372070312 -1 978.9254760742188 301.0506591796875 -1 950.7490234375 301.9683837890625
0.9708426597701408 -0.16549417868724153 0.016446026810650965 -0.17264337517905923 -0.1604346898271042 0.3095591450161509 0.34409358670876333
220.25482177734375 -1 936.04150390625 228.73529052734375 -1 558.2356567382812 230.7802276611328
0.9709905400566706 -0.1630702204207637 0.021485462228523204 -0.17356223450164898 -0.2950535158611762 0.28206717525648595 0.29150352280511305
198.54872131347656 -1 528.0807495117188 230.4185791015625 -1 528.0807495117188 230.4185791015625
0.9715197685129757 -0.16023360945164306 0.02863576974351043 -0.17220488518561003 -0.3693523906519554 0.2615065576149709 0.252651299477796
168.26979064941406 296355 951.4955444335938 171.35455322265625 417225 881.678466796875 182.05685424804688
0.9715598256155179 -0.1566509531725548 0.0367158381677481 -0.17373523346665803 -0.4130103575224934 0.23226865749066913 0.2042900073043369
131.7142333984375 -1 958.1177978515625 150.35035705566406 370976 892.7191162109375 156.5718231201172
0.9710482394676427 -0.15025862050727 0.047784567801466116 -0.1794555618254028 -0.4536593165077662 0.1940579160477212 0.148323730601993
21.75330352783203 -1 696.5518798828125 47.21201705932617 -1 880.8646240234375 195.92515563964844
0.9700170830722817 -0.14548571440790342 0.05963876892835776 -0.18532129584015425 -0.508287304167273 0.1729881634764565 0.0905800200599784
115.98289489746094 277638 570.699462890625 160.4571990966797 -1 837.4744262695312 177.73655700683594
0.9693725579130488 -0.13945018417120267 0.06722930272889706 -0.19065862412782963 -0.6089628703219355 0.16557924539128097 0.04517408795910595
170.3795623779297 288918 1021.0451049804688 253.31494140625 -1 459.9618225097656 260.8160095214844
0.9698224061303817 -0.13354678067716635 0.06942557508389498 -0.19180679722708618 -0.7356056656288544 0.1630155522920055 0.0057336270331929465
240.5523223876953 -1 1041.9442138671875 240.5523223876953 -1 412.1065673828125 246.8103485107422
0.9699477383216587 -0.12751508354419216 0.0726052959852749 -0.19408698922984907 -0.8611233041898505 0.16299896037633427 -0.03176811158175278
172.1235809326172 -1 327.20269775390625 172.1235809326172 -1 962.4639892578125 207.82752990722656
0.9702727905493348 -0.12053939475412691 0.07637287786012291 -0.19546905064300713 -0.9532146902669287 0.13806350290115998 -0.05706638694672767
193.83653259277344 -1 597.1300048828125 235.30941772460938 303718 581.0811767578125 242.90899658203125
0.9711712468392067 -0.11196572398939036 0.07815236285952981 -0.19540290208639333 -1.049887067946099 0.09523433623241068 -0.0917885772536975
150.64553833007812 -1 449.3702392578125 188.65692138671875 -1 412.4441223144531 219.8985595703125
0.9721844644798397 -0.10552576936698478 0.07773967017818784 -0.19410879089866034 -1.1409867917818972 0.056187512500106486 -0.12222447344537296
49.23979949951172 -1 751.1237182617188 222.9990997314453 -1 837.5060424804688 239.00521850585938
0.973453672114897 -0.09686133962974725 0.07790618303416658 -0.19218859429269045 -1.2339739598806296 -0.00720611890549381 -0.13831628932247061
180.351318359375 -1 487.68426513671875 212.8951416015625 -1 539.3306884765625 255.03054809570312
0.974003521301109 -0.08991789577784168 0.08036342269432353 -0.19176452436459368 -1.2863312841493117 -0.06138781447530372 -0.14557137818637028
0.5503382682800293 -1 0.5502554178237915 0.5503382682800293 -1 0.5502554178237915 0.5503382682800293
0.9743498547727225 -0.08187082527849211 0.08574741649668709 -0.1912770478566026 -1.3228664952624494 -0.12717632163193865 -0.15108057724606314
17.580472946166992 -1 429.6223449707031 21.125564575195312 -1 537.4881591796875 159.3818817138672
0.9750969614141874 -0.07477289687315973 0.09008185937304725 -0.18836185480587397 -1.3618277026582295 -0.18999391629841678 -0.16088558853466042
146.60659790039062 -1 453.6629333496094 198.47889709472656 -1 755.4427490234375 203.06634521484375
0.9755584332465127 -0.07030134534068024 0.09542694520155516 -0.18503286814617417 -1.3892787332398082 -0.24177688443419104 -0.16409026343716362
58.85015869140625 -1 490.993896484375 62.89044189453125 325159 976.3633422851562 85.45303344726562
0.9754248060319736 -0.0659721758711388 0.10464131585622316 -0.18233023557323846 -1.4053461358775463 -0.2951935743848493 -0.14718503387273202
99.9374771118164 275683 1288.8477783203125 136.20558166503906 197064 768.328369140625 153.52210998535156
0.976030222368022 -0.05988699401875051 0.1120502092502476 -0.17670117028079824 -1.4143979035767793 -0.35726080410486744 -0.1314816628328114
106.90742492675781 197064 773.8436889648438 142.8163604736328 286983 787.8252563476562 151.35214233398438
0.9774953124093037 -0.05472520890882084 0.11728757227529173 -0.16658838830330283 -1.4286343434693314 -0.4352901872808584 -0.12696804370228326
82.39009857177734 287820 408.5245361328125 91.53948211669922 339925 417.54302978515625 93.67711639404297
0.9788194977183411 -0.047877842140573834 0.11759852097252607 -0.1605948037249377 -1.4761428797931628 -0.5140243926830514 -0.13710052905031808
111.39447021484375 523420 522.0840454101562 243.1519775390625 -1 521.9938354492188 305.1641845703125
0.979790538723977 -0.039507751374397 0.1141199926083835 -0.15945615414708886 -1.565438639896159 -0.603009542322092 -0.17021782366116248
137.89431762695312 368477 434.5648193359375 285.7411193847656 -1 996.2452392578125 332.8659973144531
0.9801820999784505 -0.033365314793891536 0.10850893244319668 -0.16234413518996405 -1.6670617333273816 -0.664459246600039 -0.20187121667169658
354.0685119628906 -1 1181.03125 361.617431640625 -1 980.0801391601562 366.6959228515625
0.9804309475518254 -0.029165910827623997 0.09949078443791487 -0.16735020328685998 -1.7732927201795832 -0.6858613351134297 -0.2533807897426917
272.3909606933594 -1 951.6123657226562 326.216064453125 -1 883.1720581054688 343.3680114746094
0.9814190646145137 -0.025536952784227834 0.08759661968215426 -0.16879370804010835 -1.8728773608397942 -0.7140438663563992 -0.3012802959209461
324.8305969238281 -1 850.8854370117188 331.70654296875 -1 865.5942993164062 349.9185485839844
0.9822475045154141 -0.022530063892518146 0.07632936780465575 -0.1698707264503869 -1.9651579866520827 -0.7135358084454837 -0.34860919212799824
304.3127746582031 -1 1028.7327880859375 330.53277587890625 137444 540.4490966796875 337.61322021484375
0.982264555194888 -0.019668234055585418 0.06752899205491665 -0.17380834102243398 -2.0877811489401488 -0.6853580896261862 -0.3716697895254486
275.0679016113281 -1 1212.132080078125 308.23187255859375 -1 708.754150390625 336.4267883300781
0.9816608591882713 -0.018466140039681025 0.0668739556780442 -0.17756360342635258 -2.1912499952779547 -0.653806545916097 -0.35075240708600935
162.08258056640625 -1 545.5460205078125 222.82086181640625 182774 1205.443359375 243.357666015625
0.9809232207569598 -0.018139197436542298 0.07194612226623603 -0.1796784906075372 -2.2731215475387483 -0.6142982269258482 -0.3175481000099029
0.5 -1 0.5 0.5 -1 0.5 0.5
0.980605631119505 -0.019275513938845686 0.0821842439736879 -0.17688075311232715 -2.3193962700976893 -0.568337815560917 -0.2503311981973126
32.07951354980469 503455 740.0404663085938 52.584171295166016 -1 910.5690307617188 65.3481216430664
0.9802064774500596 -0.019054375290544753 0.0923447062190679 -0.17408230116972506 -2.377949050055021 -0.518591210014717 -0.17948750981208733
0.5 -1 0.5 0.5 -1 0.5 0.5
0.9800211149539176 -0.017988760029950545 0.09808125155849068 -0.17209034502198303 -2.478052758538466 -0.4667294507601807 -0.13076160132378215
205.41038513183594 186301 1302.5179443359375 223.5861053466797 -1 1164.9029541015625 307.28082275390625
0.9800232459171605 -0.020122418119170628 0.09988421696152747 -0.17080008475704134 -2.606317648679945 -0.3821017029376934 -0.10597885827740225
242.59803771972656 -1 1132.13037109375 272.5844421386719 -1 1132.2421875 336.7842102050781
0.9800343461325888 -0.02140120592960647 0.09980596348582399 -0.17062660530495874 -2.7287769090924776 -0.30471596138269863 -0.08475905478526365
195.93484497070312 188652 1120.2685546875 195.93484497070312 187581 1036.284912109375 276.86260986328125
0.9801571534286707 -0.022957359728117934 0.09937960345897888 -0.16996649267798375 -2.8422289170739345 -0.22934921092047195 -0.07755523106680255
225.33010864257812 187581 1134.884765625 304.6101989746094 -1 983.4469604492188 321.3614196777344
0.9799368501337105 -0.02416175919080355 0.09861223164917757 -0.17150978663620517 -2.9559745079524142 -0.13345550997995867 -0.08124656892782291
203.35133361816406 -1 546.2742309570312 231.80426025390625 -1 1048.611328125 253.3260955810547
0.9797564605441497 -0.024357995118192356 0.09899029349804997 -0.1722930291363877 -3.0557879180969603 -0.03873855979777465 -0.06668978229562655
222.10472106933594 -1 1197.664306640625 222.10472106933594 188651 834.415283203125 236.92413330078125
0.9792992299543775 -0.02367386379694909 0.09989007260793184 -0.17445497922979708 -3.1310096270814887 0.05844818383893395 -0.05074641059757467
254.5974884033203 -1 1158.2950439453125 264.61199951171875 -1 1147.639892578125 277.3356018066406
0.978505646103828 -0.02335310098975456 0.10108290127764824 -0.17822339994059644 -3.1974338411303536 0.17340721411442547 -0.0292386390767806
192.59617614746094 -1 768.5601196289062 236.5425567626953 -1 1135.9327392578125 279.0295715332031
0.9778950272647826 -0.023568748680622663 0.10180521452563795 -0.181111921285786 -3.257636548737523 0.28848087302153735 -0.00414728317304266
0.510749101638794 -1 0.5107495188713074 0.510749101638794 -1 0.5107495188713074 0.510749101638794
0.9777591731980751 -0.023947610322027496 0.10140768428103868 -0.18201646286981324 -3.313177359386036 0.4010373967980086 0.007447838605289427
169.92730712890625 -1 546.0181274414062 206.93800354003906 -1 1033.0811767578125 221.5891571044922
0.9776091993018878 -0.02463896985568902 0.10034544211212128 -0.18331384795507158 -3.366204452919246 0.5362013244404856 0.012668656015557112
281.9319152832031 -1 696.031982421875 282.50982666015625 193457 696.031982421875 282.50982666015625
0.9777686407790597 -0.02550314372999193 0.10019896262455193 -0.1824232514180174 -3.3945992148360356 0.6443695663365246 0.014392834335777305
232.7310028076172 -1 717.3119506835938 251.61795043945312 194623 985.39306640625 270.4420166015625
0.9777008012242207 -0.0257716944703706 0.10257140554558591 -0.18142786394059193 -3.3998192081073055 0.7469804749490598 0.03507826639762007
294.9977111816406 -1 980.2437744140625 309.11761474609375 -1 627.4862060546875 311.9324035644531
0.976787642565319 -0.0261857008497047 0.1053544732063765 -0.18466360057711217 -3.3945399352714603 0.864973651734926 0.06355496646067199
246.5351104736328 -1 486.1570739746094 292.12921142578125 -1 744.9060668945312 293.9861145019531
0.9761727600925018 -0.025987726826517676 0.1068687630653292 -0.18705733877253833 -3.4060998215829796 0.978332074816103 0.08946370626639547
184.59246826171875 -1 346.0076904296875 209.8553009033203 -1 428.1139221191406 257.4696960449219
0.9760127935249393 -0.026600220629172396 0.10559955156982809 -0.18852105942407274 -3.4418899786653028 1.0910505799000703 0.09214583328577615
225.8278350830078 -1 334.7059631347656 248.00042724609375 -1 328.1008605957031 260.7416687011719
0.9761089976910382 -0.028051376712398973 0.1027058013586115 -0.18940924808050266 -3.4969509752244483 1.2122376461301738 0.08255437897375091
0.5308033227920532 -1 0.5311590433120728 0.5308033227920532 -1 0.5311590433120728 0.5308033227920532
0.9763434338658634 -0.02992473915264154 0.10080232288400677 -0.18893623483823646 -3.54651454110715 1.324799412891684 0.07308824501921156
191.4872283935547 -1 952.6400756835938 191.4872283935547 -1 270.3320617675781 192.34616088867188
0.975871888363738 -0.03350810857881619 0.09970180629436937 -0.191339525405763 -3.589827891193134 1.4728860551422298 0.07033161559829647
199.96044921875 -1 920.1455078125 243.6002655029297 -1 738.607666015625 306.2322998046875
0.9750503649185979 -0.03603470889916575 0.0997898180507555 -0.1949878915216499 -3.6188353909007183 1.6254365739395695 0.08478040537089757
227.01808166503906 -1 878.599609375 243.8226776123047 -1 865.4329223632812 262.5382385253906
0.9740700839765014 -0.03674742916576994 0.10099753166244584 -0.1990894184777571 -3.626256944645608 1.7773699617563825 0.10548811398866799
146.33355712890625 -1 863.7308349609375 214.767578125 -1 724.0831909179688 238.0280303955078
0.9728922108752965 -0.0392674398611635 0.1032553320733653 -0.20316778923674553 -3.6052139271674575 1.924816997105181 0.1215041587617225
182.48695373535156 -1 921.8027954101562 245.27114868164062 -1 800.7455444335938 263.6807861328125
0.9708577732853916 -0.04279918297335126 0.10699930705352174 -0.21012987002853972 -3.5599745867364154 2.093894864599058 0.13488048418575313
214.95614624023438 -1 921.8663940429688 214.95614624023438 -1 922.025634765625 219.63258361816406
0.9685978007498534 -0.044563986233076405 0.11116062046076915 -0.21788911852670026 -3.510304916263017 2.2484142789981463 0.15223523441346856
259.23858642578125 -1 970.8016967773438 259.23858642578125 -1 762.1669311523438 269.4194641113281
0.9668358620762691 -0.04549147842347113 0.11335977061020451 -0.22429557196094238 -3.4725514622233704 2.3775607822278797 0.15955297863820445
149.49819946289062 240321 1030.5576171875 154.65817260742188 238485 920.59375 158.0415802001953
0.965953493340726 -0.04654649328944845 0.11351546180548278 -0.22777513603638025 -3.4386030757133876 2.4886810101052843 0.15189671897352341
242.4034881591797 238451 746.4191284179688 246.4773712158203 -1 764.320068359375 283.444580078125
0.9655939211902019 -0.048319122971978525 0.11256983239759591 -0.22939414672071803 -3.407248086070032 2.5779041115945343 0.13463773953219318
284.9941711425781 241681 933.5321655273438 303.0199279785156 238490 768.5753784179688 318.4941101074219
0.9650603394540649 -0.05010859834725659 0.1124955193644322 -0.23128430060729394 -3.360323556666516 2.6623069671666877 0.11982162423700272
328.1383056640625 -1 745.80126953125 349.7804260253906 242984 892.3643798828125 354.9237365722656
0.9643118020085147 -0.05091188428631345 0.11384437387227615 -0.2335598147865714 -3.3011244177880776 2.7429673378727704 0.11661213974747325
140.5037078857422 -1 922.8870849609375 151.58778381347656 243036 1074.4266357421875 180.22679138183594
0.96333749759544 -0.05145958434152537 0.1143190429022901 -0.23720019674498047 -3.2460230150585154 2.8315617850981716 0.10626284466248448
187.8677978515625 -1 1044.57177734375 228.14337158203125 -1 867.6024780273438 268.8796081542969
0.9630412963007239 -0.0528211869057073 0.11382039755889503 -0.23834072445310045 -3.2124189484701393 2.906762444157598 0.09114720939857739
276.0032653808594 -1 983.2073974609375 302.9625549316406 -1 783.8680419921875 339.59381103515625
0.9634499168051877 -0.05528219089220196 0.11235645758228194 -0.2368209526579019 -3.187299266696775 2.9838639476907747 0.06569700114655827
247.57470703125 -1 641.9461669921875 277.0848388671875 -1 590.9502563476562 289.9860534667969
0.964484329693163 -0.05774230873773532 0.11033379560312728 -0.23294260474583356 -3.1715966416762544 3.040178214183155 0.04372865430146512
258.4196472167969 -1 601.6475219726562 310.6040954589844 488112 599.537353515625 312.4443664550781
0.9662211285449748 -0.06082161022341321 0.10730152235556516 -0.22628266788087156 -3.1625668569822394 3.0856518139885103 0.015641231424920545
0.504866361618042 -1 0.5048633813858032 0.504866361618042 -1 0.5048633813858032 0.504866361618042
0.9688722277991633 -0.0674490711845583 0.10170706315411858 -0.2153901165336767 -3.169193422858861 3.13262713183465 -0.043277697909581476
325.1458435058594 -1 1073.1614990234375 341.6195373535156 -1 943.4317016601562 342.6341247558594
0.9709430175605119 -0.07245101113372521 0.09754851838686511 -0.20616690858795875 -3.1549167920724486 3.1755033144560447 -0.08561762968288707
357.8573303222656 -1 1017.5887451171875 392.5470275878906 -1 652.1495361328125 398.3642272949219
0.972605450816231 -0.07642390531161086 0.0963487604230769 -0.19726870026543647 -3.1117656009522587 3.2126837791668668 -0.10299462865412116
392.0275573730469 -1 712.32275390625 416.19317626953125 -1 709.7075805664062 417.1797180175781
0.9744610782960379 -0.08134123164698898 0.09241092245089823 -0.18780157702226077 -3.099915033683281 3.2416484196077566 -0.1457337117539087
363.20037841796875 -1 640.237060546875 371.1781921386719 -1 745.973388671875 380.419921875
0.9765004407163608 -0.08745246524783735 0.08468427075137887 -0.17784130535434156 -3.1162027521817905 3.2760169900573297 -0.2257070974947977
280.5135803222656 -1 615.509521484375 314.4504699707031 -1 607.382568359375 333.07843017578125
0.9783830291066266 -0.09331973606568507 0.07759373484195144 -0.16744338604450712 -3.147233908090399 3.2967224991968314 -0.29286341581594094
340.9383239746094 -1 621.2342529296875 347.945068359375 -1 880.1375732421875 398.15496826171875
0.9797149983087391 -0.1016310691388716 0.06957395500451516 -0.1580794504659826 -3.191583766470742 3.331844630366967 -0.37077901786452233
263.74371337890625 -1 682.897216796875 372.7793884277344 -1 632.9188842773438 382.31414794921875
0.9808313215618283 -0.11304374690804182 0.060245240221103974 -0.14683848595981017 -3.2643559346865287 3.3721268962132473 -0.46828845669027647
406.4554748535156 -1 632.59375 410.3896789550781 -1 1060.70556640625 416.85955810546875
0.9815072617142712 -0.12234333526421486 0.05054810282841476 -0.13827687015198684 -3.3511098862513293 3.3964725954223645 -0.5508014232378394
307.2289123535156 -1 940.8700561523438 307.2289123535156 -1 957.0221557617188 319.0238342285156
0.9823616637112554 -0.12791009861610855 0.04033141908035742 -0.13029944350394013 -3.4590656674676388 3.388161943623145 -0.6083952386641325
287.7059326171875 -1 772.0851440429688 312.9735107421875 -1 941.3346557617188 350.2451477050781
0.9834413921555274 -0.13026490660735077 0.0306469143314253 -0.12220821962428964 -3.573696984035291 3.3468515310933578 -0.6389599388548891
304.1474304199219 601292 1014.1006469726562 306.8778991699219 -1 900.6875 354.4574279785156
0.9845395689543625 -0.13062871532679382 0.023436324390444 -0.11431847879628089 -3.668412838520345 3.285621259707998 -0.6374081508552312
258.8097839355469 -1 718.6260986328125 310.5012512207031 -1 744.7582397460938 310.84857177734375
0.9848795019400526 -0.13353447409742072 0.018086274105150995 -0.10887514672703097 -3.7362649867483313 3.257005904266662 -0.6360403372220592
292.16552734375 -1 755.3103637695312 306.2776794433594 -1 951.2041625976562 308.0473937988281
0.9852132159108276 -0.13882648855751636 0.010154236181584578 -0.09989502869013843 -3.8307882945921388 3.2150714817255457 -0.6560685765458444
322.3844909667969 -1 925.2008666992188 344.9512939453125 -1 925.2008666992188 344.9512939453125
0.9856851917461008 -0.14249308455290752 -0.0002804868995781787 -0.09011295663859727 -3.9464374494558108 3.1559055740236652 -0.6831023557773621
333.5835876464844 -1 689.9329223632812 355.95477294921875 -1 922.5314331054688 358.38018798828125
0.986045559615017 -0.14619659525789835 -0.01158667946955154 -0.07878108121482119 -4.072864339657154 3.077725222590062 -0.7083164463959317
342.0252380371094 -1 972.3818359375 365.7331237792969 -1 607.7584228515625 381.34539794921875
0.9864267617631078 -0.14863277363107477 -0.022631193234052428 -0.06601796250328881 -4.1969992476973 2.970969102709741 -0.7251618872087817
219.93124389648438 -1 869.687255859375 358.109619140625 610508 854.2066040039062 362.44091796875
0.9869617729187872 -0.1476759279541559 -0.03300818196033015 -0.05485197374349799 -4.306040001405341 2.848983091012898 -0.7405940602475177
333.6404724121094 724224 798.9888916015625 342.87908935546875 -1 586.690673828125 348.0827331542969
0.9868216196337463 -0.14962437565849396 -0.04625658891720715 -0.0406935524866086 -4.420613594415515 2.691522132754649 -0.7972300442161186
332.1954650878906 -1 610.1889038085938 332.23284912109375 724224 570.4091186523438 350.13494873046875
0.9866563808966592 -0.1503161755738574 -0.05590633773043015 -0.028084066627306732 -4.4900321179811815 2.5435497678543046 -0.8151722270973274
284.12493896484375 -1 867.560302734375 307.8910827636719 -1 612.4047241210938 329.1504211425781
0.9864355521640189 -0.15044013503227988 -0.06290417297763193 -0.018860864782318666 -4.531834788231308 2.4107952199573366 -0.7968926240158847
324.6067810058594 -1 537.1481323242188 338.615234375 571614 443.6763610839844 348.5697021484375
0.98510942768535 -0.1561808139801411 -0.0711782637450082 -0.010031131550766645 -4.581499035485842 2.3127784874547945 -0.8149794420536263
156.86984252929688 -1 653.5719604492188 356.1413269042969 -1 573.9320068359375 381.4638366699219
0.982791005008337 -0.16419878363908882 -0.08460354553013473 0.0016852328850950173 -4.684562687051045 2.190082267338965 -0.8899559464471823
321.3785705566406 -1 626.5127563476562 373.880615234375 -1 573.8727416992188 381.5423583984375
0.9808776196118754 -0.16590384004953385 -0.10117534357852473 0.010888574430446392 -4.807924894225876 2.053481785268117 -0.9478137284213336
268.8887939453125 -1 212.4593048095703 300.4215087890625 -1 492.0606689453125 357.96636962890625
0.9797783887642726 -0.1659775844597054 -0.1109946309087574 0.012881858438750482 -4.870960901410472 1.9404477620910736 -0.9678604870047249
108.10340881347656 -1 725.093994140625 308.5365295410156 -1 623.1456909179688 346.9527282714844
0.9797126505723274 -0.16342265853418003 -0.1155875624425216 0.0097812266491439 -4.903232711109301 1.8526955022067666 -0.9574243401780942
308.6404113769531 -1 725.1210327148438 308.6404113769531 -1 521.1925048828125 363.44696044921875
0.9797235518420245 -0.1589875264854131 -0.12186988858365837 0.0035296805386647256 -4.941882627879644 1.7792661445907476 -0.9695493650955082
108.02471160888672 -1 961.2056274414062 124.1410140991211 -1 252.19688415527344 147.90606689453125
0.979443280381584 -0.15385227399346796 -0.1304612885696188 0.00043644834210612883 -5.005918226374439 1.6784561402227398 -1.0088484472136245
165.2952423095703 -1 1205.096923828125 165.2952423095703 -1 685.033447265625 299.0774841308594
0.9791430464233737 -0.1495891773211603 -0.13736471827500762 -0.005736448584406356 -5.060540777121609 1.6174649885811105 -1.0426344852510194
285.950439453125 -1 814.4989624023438 302.3124084472656 -1 725.1112060546875 308.49737548828125
0.9785174627848872 -0.14867767005916535 -0.1424042815976007 -0.010933710874006257 -5.102176609320574 1.5671377687367358 -1.068071374522768
289.0373840332031 -1 637.5792236328125 296.302001953125 749633 741.088134765625 300.9837341308594
0.978179625563095 -0.14569511110672026 -0.1475216260486291 -0.013225905670778767 -5.143219776165431 1.4831910302060778 -1.084058632395422
280.0699157714844 727896 613.831298828125 301.5424499511719 -1 970.235107421875 302.6303405761719
0.9783292314699608 -0.1409099177007476 -0.15078239534846397 -0.016762434129452542 -5.179914237879983 1.404973295012596 -1.0842690432137114
235.84945678710938 -1 602.0208740234375 254.84255981445312 -1 698.1240234375 284.0506896972656
0.9784304915965576 -0.13640769195053185 -0.15358702141451283 -0.02185729955564878 -5.208042610879851 1.3268432847222293 -1.087331219704916
123.44879913330078 -1 252.33990478515625 147.96389770507812 -1 688.2056884765625 261.2138671875
0.9788748958903709 -0.13002845914360894 -0.15529713835356238 -0.027916604871453074 -5.233695970604414 1.2306221306927807 -1.0811180823742719
29.26351547241211 -1 465.7799987792969 29.26351547241211 -1 961.2249145507812 124.23064422607422
0.9795627984976331 -0.12050341661923872 -0.1574783333760535 -0.03370793526273113 -5.265097035721324 1.0981660376827782 -1.0725167226764691
124.19876861572266 -1 483.8315124511719 143.84445190429688 -1 1055.783203125 232.5183563232422
0.9803508904815696 -0.11108050639847672 -0.15839228292194882 -0.03853747969217266 -5.27519952259652 0.967641764503945 -1.0675059094716073
121.02291107177734 -1 961.2373657226562 124.11871337890625 -1 961.2373657226562 124.11871337890625
0.9808766370195638 -0.10887457654501297 -0.15577060542479018 -0.04198652184843722 -5.241136060171357 0.8880219710533416 -1.0199345808835631
225.96835327148438 -1 839.5115356445312 229.65298461914062 571645 831.3474731445312 246.73260498046875
0.9810033441990397 -0.10963750440980188 -0.15225765072228833 -0.04929162295584277 -5.192663749678326 0.8851845786387381 -0.9384113486667184
147.80946350097656 -1 670.603271484375 177.94088745117188 -1 667.8618774414062 184.91505432128906
0.9809570744412389 -0.11040629778773062 -0.15036804818750082 -0.05406586350715411 -5.13762822017543 0.8459611666090109 -0.8558777074620414
29.38025665283203 -1 616.6898193359375 138.37478637695312 -1 713.9448852539062 208.0089874267578
0.9806654497288757 -0.11171454465686671 -0.15016479964657783 -0.057146033696783935 -5.06414451248534 0.7797980525650983 -0.7761250199802048
124.1668930053711 -1 655.9754028320312 202.4167022705078 -1 849.7616577148438 207.08262634277344
0.9807626627558292 -0.11301486746539734 -0.14808204203577413 -0.05834336211077873 -4.957958200365473 0.6874649224370438 -0.6543138601950098
124.18580627441406 -1 961.22412109375 124.18580627441406 -1 857.8442993164062 220.21835327148438
0.9815350130279391 -0.114159384649252 -0.14147356438979722 -0.05951372678293192 -4.784121055967376 0.5871060272353115 -0.48728120636652444
257.263427734375 -1 552.02880859375 268.3962707519531 -1 552.02880859375 268.3962707519531
0.9821593843810176 -0.11810838737306024 -0.13396785173784195 -0.05887246559456674 -4.595505358870441 0.5153266163054274 -0.3446441466968487
146.60232543945312 -1 1062.0689697265625 160.57022094726562 -1 700.9515380859375 167.9085235595703
0.9826139318321157 -0.12286842156569978 -0.12607712409605995 -0.05897262696413189 -4.400431684305948 0.47687316467678265 -0.23290155484742137
124.10649871826172 -1 252.21908569335938 147.96763610839844 -1 814.277587890625 209.76673889160156
0.9829112031050751 -0.12738782497148746 -0.11789288870207579 -0.06131211669032193 -4.231289673996765 0.4721547406595809 -0.14297870450968475
141.80874633789062 -1 845.5493774414062 175.13653564453125 -1 1077.4398193359375 195.2080535888672
0.9829575647959958 -0.13130591222836652 -0.10919623847326962 -0.06803943509091626 -4.0685793508457175 0.49379997388585073 -0.06917665681508624
124.3759765625 -1 932.3809814453125 179.1422576904297 -1 1066.63916015625 215.7861785888672
0.9825904360664591 -0.13494425219091097 -0.10162425663407539 -0.07732136971713141 -3.920326865209714 0.5247247410762893 -0.030173794284591552
124.26889038085938 -1 961.3223266601562 124.26889038085938 -1 100.2615737915039 256.0445861816406
0.9820413103359705 -0.13662645501986773 -0.09471599848436231 -0.08920177247916466 -3.797007255516804 0.5599412281721625 -0.0005212913368037893
0.5000332593917847 -1 0.5000296831130981 0.5000332593917847 -1 0.5000296831130981 0.5000332593917847
0.9814212520153942 -0.13639695936499946 -0.08716561879463745 -0.10300655546452753 -3.656949923989847 0.5820882601081185 0.03025764352229281
0.5000332593917847 -1 0.5000296831130981 0.5000332593917847 -1 0.5000296831130981 0.5000332593917847
0.980381201800578 -0.13557169537335778 -0.08002190274882753 -0.11861496385408199 -3.5248296502929164 0.6142571250924279 0.0523024711876361
132.47984313964844 -1 921.4252319335938 167.03956604003906 -1 969.5792236328125 211.69017028808594
0.9792033240320993 -0.13495875318284165 -0.071464480810284 -0.1335657633015916 -3.38592287266305 0.6559291187164047 0.0946027163356883
168.4117889404297 -1 638.3558349609375 168.4117889404297 -1 157.51869201660156 210.40457153320312
0.9769949002482388 -0.13779142340428024 -0.059164567948792525 -0.1516378660644799 -3.2443497084990045 0.7432328955221005 0.14057322422341306
228.41786193847656 -1 207.0174560546875 230.37599182128906 -1 777.3233642578125 247.3352508544922
0.975244680439228 -0.14022690353063183 -0.04634719628341922 -0.16457875378634162 -3.1538863258944763 0.8055614315021936 0.1868274157832532
0.5000332593917847 -1 0.5000296831130981 0.5000332593917847 -1 0.5000296831130981 0.5000332593917847
0.9746593018712205 -0.1400962381133701 -0.032524310771229414 -0.1713314289651595 -3.086261988463684 0.8343077099793552 0.23197519960949484
263.7043762207031 -1 345.9692687988281 268.1358337402344 -1 942.5189819335938 276.4418640136719
0.9752644962287161 -0.1402103158876864 -0.021632790227093725 -0.16950590580099104 -3.061522858799173 0.8286962804827467 0.25103849348554186
269.5061340332031 -1 914.0742797851562 277.3183898925781 -1 327.40576171875 290.3156433105469
0.9761216546331647 -0.14074053913238788 -0.0061432837217120255 -0.16535076675374685 -3.0298571620923016 0.8095902250113743 0.26710674932793066
227.47633361816406 -1 420.0027160644531 290.3222351074219 -1 934.7393798828125 305.2487487792969
0.9766899174550564 -0.14101032177623715 0.010412031110573884 -0.1615069159582634 -2.9701569130426053 0.77632294448376 0.2672008766677246
286.5 -1 988.0 300.5 -1 216.0 308.5
0.9769117783364951 -0.1433994191280537 0.024761825039919805 -0.1564187839163057 -2.9093389997508616 0.7267184769173463 0.24127655163814313
237.37623596191406 -1 421.7008056640625 250.40328979492188 -1 470.09393310546875 250.57327270507812
0.9769762881888715 -0.1452275778429993 0.0343875631020693 -0.15245910420323222 -2.8523363921979814 0.6639215685792282 0.21837860175552137
0.5006917715072632 -1 0.500698447227478 0.5006917715072632 -1 0.500698447227478 0.5006917715072632
0.9772228314590887 -0.14463009096199347 0.04279912990955351 -0.14928465742464006 -2.7884942983596006 0.6047532132588292 0.2093560700594127
0.5010586977005005 -1 0.5009909868240356 0.5010586977005005 -1 0.5009909868240356 0.5010586977005005
0.9773115043196378 -0.14521058339391996 0.048605156384473575 -0.14633403147499582 -2.7136416412979893 0.5554053360566471 0.17914293081411065
174.60897827148438 -1 471.9766540527344 174.60897827148438 -1 473.81585693359375 183.730224609375
0.9774874642801157 -0.1462489724324896 0.05075467271099457 -0.14336477404045464 -2.6506440727392535 0.5185448311108213 0.12599245838419942
138.03237915039062 -1 507.42889404296875 141.2439422607422 -1 307.56396484375 193.93194580078125
0.9778487334351298 -0.14665307428658925 0.04983031979103207 -0.1407894511358289 -2.6006411195238255 0.48159853809831554 0.05919761788274538
30.622333526611328 -1 428.0894775390625 31.513933181762695 -1 477.9436340332031 35.56378173828125
0.9775827343969639 -0.14714467433464895 0.04921408401770353 -0.14233206300129184 -2.543880622582965 0.4758928443378152 -0.00216248846267688
41.33017349243164 -1 472.5386962890625 43.17508316040039 -1 494.2074890136719 65.95586395263672
0.9770731759541277 -0.14894752020802762 0.049545977810984215 -0.14383268452457926 -2.473749481290494 0.4867606255844802 -0.05489258101962908
0.5011695623397827 -1 0.501194179058075 0.5011695623397827 -1 0.501194179058075 0.5011695623397827
0.9768909016482157 -0.15076795484767075 0.050062160200429216 -0.1429929025653147 -2.3678941612099633 0.4858968727834099 -0.10990829438459568
180.81417846679688 -1 555.8857421875 191.033203125 -1 546.654052734375 200.04327392578125
0.9770672260125302 -0.1515357876634973 0.05184790811001907 -0.14031512867113774 -2.2312202490023036 0.47694835531901497 -0.1564096915391683
0.5000590085983276 -1 0.5000474452972412 0.5000590085983276 -1 0.5000474452972412 0.5000590085983276
0.9766015573005228 -0.15373058693835356 0.05615846594641822 -0.13950817761094925 -2.078493203077997 0.4938661953892614 -0.19262038823222238
181.11578369140625 -1 647.4786987304688 200.29347229003906 -1 657.1639404296875 229.18312072753906
0.9759048922563408 -0.15820148033039363 0.05975956312927563 -0.137879394784029 -1.9238904038640798 0.5234204455379363 -0.21313086878175344
0.5006743669509888 -1 0.500619649887085 0.5006743669509888 -1 0.500619649887085 0.5006743669509888
0.9756114570411105 -0.16253933895053985 0.05992598641316769 -0.13480402195799474 -1.8103040776876127 0.5405020742064586 -0.22295127377971566
221.4586181640625 -1 768.3966064453125 228.92799377441406 -1 672.4777221679688 252.8913116455078
0.9757256161667532 -0.16466947448729377 0.05820882872010215 -0.13211819854630946 -1.7193422206596332 0.5412544839216566 -0.22583524282558393
98.11148071289062 -1 781.8413696289062 138.68020629882812 271776 837.0216674804688 191.31051635742188
0.9755665377505234 -0.1673111258958909 0.05737626266714134 -0.1303260605376277 -1.61950944934951 0.5395098874860974 -0.22575298436403135
236.9191436767578 -1 836.1224365234375 241.0681915283203 268585 836.1224365234375 241.0681915283203
0.9747808118634577 -0.17081733798087498 0.057437952311201364 -0.13162327872470886 -1.5185075408837063 0.5454937737236368 -0.21965924396108766
176.84072875976562 -1 518.3164672851562 184.03683471679688 -1 251.9352569580078 195.87350463867188
0.9741981402599188 -0.1726757560139542 0.05734608384655421 -0.13353835953234197 -1.4243095714903764 0.5438677977858097 -0.2027486072821983
179.8749237060547 -1 372.1527099609375 196.41114807128906 -1 922.1451416015625 205.1786651611328
0.9733271142297317 -0.17415286103184183 0.058075999067227754 -0.1375946511750733 -1.3285393820877007 0.5393835631568283 -0.17795202294170825
167.92657470703125 -1 929.1691284179688 228.53382873535156 -1 722.071533203125 232.39700317382812
0.9714118580381557 -0.1767175266348182 0.05994555299609973 -0.14675301877277427 -1.223576196459488 0.5415213334492126 -0.14753911148903964
0.502885103225708 -1 0.5027899146080017 0.502885103225708 -1 0.5027899146080017 0.502885103225708
0.9693469833748158 -0.17754880372721243 0.06346021064844508 -0.15752983775029866 -1.1260307877828273 0.5280742468215304 -0.11100392047810141
197.26734924316406 -1 969.4660034179688 211.6138153076172 -1 969.4660034179688 211.6138153076172
0.9677203371729309 -0.1770232836990469 0.06676850344198702 -0.16649946846291447 -1.031758998637143 0.49903445109401934 -0.07341830333868671
42.75072479248047 -1 925.1532592773438 45.23125076293945 -1 935.7727661132812 49.11768341064453
0.9659460985792604 -0.17708489779443787 0.06812652513629158 -0.1759200107591332 -0.9505935786145387 0.47401082023333835 -0.04616372273599038
76.82633972167969 272524 954.9681396484375 76.82633972167969 -1 977.2033081054688 90.50840759277344
0.964644502890125 -0.17740673601214682 0.06797746710844352 -0.18266608066880002 -0.8707533225846829 0.4376510982956627 -0.020902587188179004
30.777040481567383 -1 1007.8593139648438 80.627197265625 -1 1011.2559204101562 80.60804748535156
0.9628070085862809 -0.1760466218884037 0.06820783422031658 -0.1932820283673383 -0.7838365694282204 0.38801896286709575 0.005780059418677866
0.5017052888870239 -1 0.5017083883285522 0.5017052888870239 -1 0.5017083883285522 0.5017052888870239
0.9620761243639712 -0.17217980267758345 0.07033840743234013 -0.1995398579697583 -0.6933420585173045 0.30856407009702685 0.026491923087706287
139.68858337402344 271243 1015.7066040039062 165.8782501220703 -1 900.2767944335938 214.0944366455078
0.959904803131891 -0.16741277374775845 0.07400664389288929 -0.2123175658538848 -0.607059171730246 0.22912484440049447 0.05114603978979615
0.5016487836837769 -1 0.5016651749610901 0.5016487836837769 -1 0.5016651749610901 0.5016487836837769
0.9570312953778765 -0.16469671673522362 0.08083773969041626 -0.22456925659075821 -0.5025695350456759 0.1620526004857955 0.07008938436751837
0.5016539096832275 -1 0.5016237497329712 0.5016539096832275 -1 0.5016237497329712 0.5016539096832275
0.9537789586041685 -0.16006908209321394 0.08595052141421743 -0.23936602714338537 -0.42048156078511606 0.09939164574173735 0.10351762360644923
99.04676055908203 -1 1062.904052734375 99.04676055908203 270357 921.5735473632812 126.17827606201172
0.9526941243659318 -0.15620828845007376 0.08824846246865406 -0.24532648631985832 -0.36564537299434513 0.04358715293932643 0.13286393117160347
83.29176330566406 -1 948.44921875 148.18553161621094 -1 853.6737670898438 150.04795837402344
0.951617636514079 -0.14883095344327052 0.08817145981479288 -0.25396656245784344 -0.34418617393393725 -0.01997027703865077 0.1835296528996864
0.5017651319503784 -1 0.5017543435096741 0.5017651319503784 -1 0.5017543435096741 0.5017651319503784
0.9523861155848002 -0.13918500526867733 0.08720222309980945 -0.25687349695152456 -0.3478445910531984 -0.1037980652803194 0.22241608983015848
0.5011757612228394 -1 0.50119948387146 0.5011757612228394 -1 0.50119948387146 0.5011757612228394
0.9532290192363185 -0.13202887886869097 0.08520679085429214 -0.25819104326594206 -0.364626160266379 -0.17636470590012746 0.2506523448092275
122.44435119628906 -1 638.358154296875 157.8917694091797 -1 638.358154296875 157.8917694091797
0.9554895310770364 -0.12471002634565861 0.08304224476845597 -0.2541478918166868 -0.36088145666964155 -0.25528456192417726 0.2927706244505128
0.501935601234436 -1 0.5019180774688721 0.501935601234436 -1 0.5019180774688721 0.501935601234436
0.9586653245753871 -0.11409168833671404 0.08137609804490047 -0.24763241463151142 -0.3336651418088603 -0.35566794263631296 0.3417932509736017
0.5 -1 0.5 0.5 -1 0.5 0.5
0.9633147479277249 -0.10621949237380945 0.07815902718463227 -0.2337376356822884 -0.2697169943985902 -0.4484512593379003 0.3874878720524153
184.6920623779297 -1 744.6393432617188 218.86550903320312 -1 781.7589111328125 222.8437042236328
0.9685447795626821 -0.0992774908614638 0.07161009472856375 -0.21664944985642956 -0.1980976962122613 -0.5272670571834577 0.432646445011368
0.5013123750686646 -1 0.5012916922569275 0.5013123750686646 -1 0.5012916922569275 0.5013123750686646
0.9744306316854944 -0.09379828888497843 0.06180615261502451 -0.1945939992245061 -0.10752171230486453 -0.6014681243037461 0.4663938943317965
237.3611297607422 312894 884.9886474609375 249.92938232421875 -1 736.9630126953125 273.4538269042969
0.9796109976908769 -0.09100564701238738 0.052199901036182716 -0.1713342807109959 0.0014609721159468368 -0.6619394502728498 0.4784187595530003
184.9273223876953 -1 812.4280395507812 187.4748077392578 313373 819.8338012695312 187.5560302734375
0.9839887728615234 -0.08907527251023635 0.04368440547925962 -0.14806540253423173 0.1342882835242738 -0.7063514273736078 0.47079609750863693
173.47866821289062 -1 854.449951171875 174.97776794433594 -1 850.3019409179688 176.90621948242188
0.9876796319316584 -0.08581547469554658 0.037290334184369424 -0.1254355609328548 0.290822573212442 -0.7499189780152693 0.4689183904234631
0.5 -1 0.5 0.5 -1 0.5 0.5
0.9906579812209649 -0.08189674777575838 0.03131536023349949 -0.10444632669655031 0.4584772361782231 -0.7863670313756755 0.4507104122829812
148.8254852294922 -1 944.1859130859375 149.28826904296875 438661 939.9428100585938 150.39781188964844
0.9933044769963081 -0.07947462433508877 0.022815507735145863 -0.08068117917256105 0.6112445594751598 -0.8025048025645128 0.4318334628043904
142.1174774169922 438661 965.2384033203125 142.93121337890625 -1 993.8264770507812 253.86785888671875
0.9957244848592351 -0.07759994344155517 0.011644800649400681 -0.0487380513307016 0.7869548112849933 -0.799509799918247 0.4086033682078954
0.5000385642051697 -1 0.5000341534614563 0.5000385642051697 -1 0.5000341534614563 0.5000385642051697
0.9968793704427192 -0.07504033888115665 0.004421055525021901 -0.02410233586965418 0.9578420152147868 -0.8045125046564883 0.38973822482559284
254.22457885742188 438427 855.108154296875 255.70526123046875 353882 634.9520874023438 265.8472900390625
0.9973345129777298 -0.07260775158126986 0.0009654470936621105 -0.007145036437718233 1.127214784886561 -0.8056079923125933 0.37657462513322865
282.9859924316406 368417 932.21923828125 288.9752197265625 347317 1016.0706787109375 302.60308837890625
0.9971878692775988 -0.07473983484160468 -0.0025117696643803555 0.004899129168042878 1.2654648321105184 -0.7862074670842332 0.376589591230518
289.1730041503906 368417 710.4027099609375 308.7256774902344 -1 987.0338745117188 312.5653076171875
0.9969961318856234 -0.07623701741157718 -0.007544042138074071 0.011389363876456216 1.3404203803927472 -0.7835305494663886 0.40655082342078663
97.85321044921875 327677 1222.6929931640625 98.14089965820312 286618 938.5387573242188 102.5252914428711
0.9968936328548001 -0.07504395507685255 -0.011745828528977811 0.02082126538302162 1.3964822300254847 -0.7711145645446761 0.4187762263557259
140.07089233398438 282436 1139.6956787109375 177.5834503173828 325382 732.537841796875 224.93905639648438
0.9965085958365021 -0.07468694831080513 -0.012883511186339939 0.0350213265810075 1.4611396926223577 -0.7151241180551523 0.4168138162332072
269.8652038574219 -1 1076.932373046875 269.8652038574219 -1 793.3703002929688 335.2092590332031
0.9954240065164568 -0.07788777894373587 -0.009680161402030263 0.05450537236977034 1.5457836519054509 -0.5990772020742936 0.39782191675247747
368.8726806640625 -1 529.285888671875 372.78741455078125 -1 813.9653930664062 373.8311462402344
0.9938606920599243 -0.08140856128286648 -0.003144299698744178 0.07485776050234538 1.6341382912459483 -0.4727084448197036 0.36482635823460063
317.740478515625 -1 851.9688110351562 359.18292236328125 365565 787.5601806640625 359.7148742675781
0.9919188606568571 -0.08394542213447558 0.006389592181671438 0.09491740139520831 1.696224838294622 -0.3488223175869725 0.32184122653616465
0.5000332593917847 -1 0.5000296831130981 0.5000332593917847 -1 0.5000296831130981 0.5000332593917847
0.9897916743970133 -0.08694327265408167 0.015558953383121792 0.11185359897730947 1.7051963331631563 -0.2467827957059526 0.27754356981222456
0.5000537037849426 -1 0.5000430345535278 0.5000537037849426 -1 0.5000430345535278 0.5000537037849426
0.9881536613511303 -0.08881390533277898 0.02521234946717392 0.1225918806946087 1.6754435492321404 -0.17592514247682703 0.2242683076262181
113.63629913330078 -1 545.0475463867188 114.46636962890625 -1 924.7708740234375 142.0631561279297
0.9883827603445406 -0.08838580296315245 0.03209347765608754 0.1194046798923866 1.6200771288242148 -0.17333488584197307 0.17324104358864
187.33973693847656 -1 1220.1517333984375 254.25552368164062 -1 1229.0284423828125 261.5873718261719
0.9906320784513859 -0.08457058248400431 0.03605473854414234 0.10097503429024998 1.5325468368858282 -0.2338298166294309 0.1322413875260732
0.5006563663482666 -1 0.5006588101387024 0.5006563663482666 -1 0.5006588101387024 0.5006563663482666
0.9935778660219399 -0.078936847950102 0.034447563876823024 0.07338503614459024 1.4207216277809287 -0.3247306496697858 0.09430222571179007
263.307861328125 -1 996.3709106445312 263.307861328125 -1 814.505126953125 292.8671569824219
0.9961077948723541 -0.07370966498130965 0.030365768151389007 0.03760407434647764 1.300449635558306 -0.4248311242643065 0.06100298686164283
0.5006358623504639 -1 0.5006454586982727 0.5006358623504639 -1 0.5006454586982727 0.5006358623504639
0.9972332704342249 -0.06919788312930292 0.02641396872828813 0.006305518654679072 1.180784333496708 -0.4984753715933122 0.03408849402589357
318.614013671875 -1 889.4364624023438 333.6199645996094 -1 1072.9373779296875 339.0804443359375
0.9972011207166355 -0.06709809069263661 0.02210262012285793 -0.02447948632209249 1.028927462915194 -0.5454866835816367 0.01557005215572589
314.4981994628906 -1 1029.4122314453125 327.04364013671875 -1 723.4924926757812 348.0038146972656
0.9962536527924202 -0.06660592245059904 0.02200346860654758 -0.050578234069070145 0.8630171829316533 -0.54581017788662 -0.01713909908102004
280.48760986328125 -1 875.323974609375 288.866943359375 -1 1102.11083984375 295.3741149902344
0.9948046011437888 -0.0665183935112135 0.023168999813807968 -0.07350038309738542 0.6947636959084723 -0.5215387813752466 -0.04020595716279163
0.5000394582748413 -1 0.5000349879264832 0.5000394582748413 -1 0.5000349879264832 0.5000394582748413
0.9933315856288275 -0.06738384562736684 0.023489056295777477 -0.09055408646174036 0.5467001802789369 -0.4815850487609352 -0.06928278444089576
234.56063842773438 -1 953.8104858398438 234.56063842773438 -1 702.6434936523438 272.0166931152344
0.9912949139760668 -0.06727353210431104 0.02616106385786398 -0.11011023631441975 0.43781911837716286 -0.43175339942419805 -0.11428697174613497
243.60101318359375 -1 868.9832153320312 251.5103759765625 403242 1000.0184936523438 258.4900817871094
0.9887280729332554 -0.06704740007500487 0.03261828675751908 -0.12983640208307498 0.39121924881163744 -0.3837564397606113 -0.16245721606388078
124.64810943603516 359227 799.2011108398438 141.32691955566406 359837 799.275634765625 160.01785278320312
0.985943678375038 -0.06521253748466627 0.0423170183288115 -0.1478906960794675 0.393344041399949 -0.34570706050653927 -0.2098469280018599
23.66017723083496 328110 699.936767578125 100.65965270996094 -1 930.5830078125 108.47539520263672
0.9830926552215689 -0.06240487906284809 0.05256334993029128 -0.163925460385697 0.4170167479290732 -0.3072065650531315 -0.266061977952059
31.374847412109375 -1 926.9605712890625 50.69892501831055 -1 686.0814208984375 51.3847770690918
0.9801754283444553 -0.059638982571775905 0.06016657549536474 -0.17910696418824013 0.42442479034600533 -0.2603997075700117 -0.3209770755794523
29.51898193359375 327608 663.9995727539062 29.696491241455078 328110 771.1021728515625 32.09754180908203
0.9778730351419875 -0.05808043420222369 0.06724871970089712 -0.18939007366720342 0.43357642369137717 -0.1843783175806471 -0.3798651431483705
0.5001435279846191 -1 0.5001434087753296 0.5001435279846191 -1 0.5001434087753296 0.5001435279846191
0.9751523497321629 -0.05901577223664928 0.07338843847882269 -0.2005222444937058 0.4422290727020031 -0.08572511405391066 -0.4345866390648264
74.37041473388672 -1 926.1351318359375 94.18511199951172 -1 677.615478515625 99.81494140625
0.972710494365214 -0.05920677413215162 0.08057658746445966 -0.20937111931025185 0.46788835569125575 0.006254923781417614 -0.48635738595807976
107.83865356445312 -1 753.5089111328125 195.96820068359375 -1 1002.3699951171875 209.28497314453125
0.9708033283071069 -0.05586502924335599 0.09003997509236474 -0.21520408718434916 0.5140111499824946 0.07897223782439314 -0.5564942681775173
0.5002243518829346 -1 0.5001699328422546 0.5002243518829346 -1 0.5001699328422546 0.5002243518829346
0.967347960358106 -0.05437376415232305 0.10098619215942235 -0.22601594270329708 0.5635149625827847 0.14224136580727587 -0.6364083499523744
87.92018127441406 -1 1099.80029296875 147.88731384277344 -1 1095.494873046875 179.6272735595703
0.9630532585202896 -0.048371462448774244 0.11341419498694572 -0.23942815884829055 0.6251323994599151 0.1756164673050576 -0.7274780137374321
179.22427368164062 -1 1342.342529296875 187.08416748046875 -1 906.6253662109375 215.30734252929688
0.9607936162549373 -0.041528617228832145 0.12314987002054445 -0.24491857918243848 0.6899638625249472 0.18836694487794062 -0.787015418975853
0.5005928874015808 -1 0.5005723237991333 0.5005928874015808 -1 0.5005723237991333 0.5005928874015808
0.9597256339889301 -0.03645878882000771 0.1298644533611089 -0.24644002908526186 0.7486138201329959 0.2256581465454121 -0.8331340850177272
137.0869903564453 -1 870.0170288085938 149.2790985107422 -1 758.9390869140625 154.64425659179688
0.9597594011472756 -0.03459479771339801 0.12996771802048948 -0.24652278627570792 0.7804695522052536 0.31181126650589863 -0.8549141179543704
198.82101440429688 -1 1223.552978515625 205.56935119628906 -1 1223.552978515625 205.56935119628906
0.9613315429305501 -0.034472392131762467 0.12735569951946843 -0.24173093419624386 0.806336673669637 0.4240435563516567 -0.8502960257328217
0.50171959400177 -1 0.5017207264900208 0.50171959400177 -1 0.5017207264900208 0.50171959400177
0.9637415176609224 -0.03596366063574876 0.12550081756989467 -0.23271967480122233 0.8527659943471256 0.5450710321570098 -0.8311637780974225
206.8946075439453 -1 1133.618896484375 226.14556884765625 407306 894.5606689453125 245.91165161132812
0.9659104934105978 -0.03693933239452968 0.12342679270439763 -0.22454004383238163 0.9111771834427058 0.6498185336171112 -0.8227428825097689
258.9317932128906 -1 744.9620971679688 258.9317932128906 -1 403.64324951171875 273.9392395019531
0.9681417726217384 -0.034286750484738275 0.12099489718591394 -0.21653212625614202 0.9795361145941703 0.7286387641531936 -0.8075422716960644
157.9230194091797 -1 1230.3887939453125 202.6390380859375 -1 1200.0828857421875 203.24740600585938
0.9707048490604343 -0.030030542388683485 0.11980178120614143 -0.20610142103885845 1.0661026071062185 0.7973079954991763 -0.792906609748049
252.18624877929688 609569 1033.393310546875 284.3212585449219 -1 1013.8909301757812 303.87408447265625
0.9731541648260389 -0.027426217746763758 0.12018138391023168 -0.19435845498270343 1.192538015745365 0.8826137959251136 -0.8005479087936126
370.32135009765625 386395 628.9140014648438 373.1466979980469 662480 624.6260986328125 402.1791076660156
0.9750107550841017 -0.027706570312359246 0.12183766051827749 -0.1836898416115849 1.3210753877038075 0.9604318812407963 -0.8071377610898134
406.7447509765625 -1 604.3548583984375 445.4024963378906 -1 818.2880859375 452.19793701171875
0.9763583592581784 -0.026669346995911804 0.12305165758415873 -0.17570256060536155 1.4636418396757946 1.0313418771162257 -0.8077040130568479
282.48931884765625 -1 701.4387817382812 316.4845275878906 -1 719.9693603515625 383.84423828125
0.9781707088021537 -0.02583187334815503 0.12278383092349893 -0.16564694269610505 1.600067194347134 1.1028756283836214 -0.8039002346588502
0.5108399391174316 -1 0.51076340675354 0.5108399391174316 -1 0.51076340675354 0.5108399391174316
0.9806453211798805 -0.025720659561273812 0.1217430440378948 -0.15116822731026971 1.779007813261338 1.2075071945617593 -0.808988130661233
399.0146484375 386395 689.6719360351562 418.4806213378906 662481 1184.103515625 422.2397155761719
0.9831419165604858 -0.025918229676254866 0.11881762339196422 -0.13653786889983696 1.8972879112253138 1.3053709498753214 -0.8086132166710307
417.5195007324219 -1 563.598388671875 418.9136962890625 669942 563.598388671875 418.9136962890625
0.9860250376931885 -0.025319208088852893 0.11262293283977073 -0.12012342711756188 1.9966761062279779 1.4143194887885697 -0.7885714868111169
278.697998046875 -1 1097.3349609375 338.07806396484375 -1 1086.1346435546875 353.477294921875
0.98950306324184 -0.02473242601886485 0.10374308237886928 -0.09751598739062177 2.082326142376152 1.562754129583026 -0.76826847267269
284.2845764160156 -1 799.927001953125 287.3089294433594 664067 903.7406616210938 297.968505859375
0.99233587097753 -0.02565921728321732 0.09347494591047008 -0.07663914291479491 2.160452267527022 1.7171534451371229 -0.7729963962475974
287.7647705078125 666946 652.4804077148438 304.6218566894531 -1 577.78662109375 371.6776123046875
0.9943485380297825 -0.025077801305747025 0.08295436966159343 -0.06132423137513672 2.220064010196124 1.8444177963646056 -0.7923924518962391
277.5928955078125 -1 853.24658203125 289.1405944824219 -1 836.9533081054688 290.78521728515625
0.9959902690499167 -0.02410649930586658 0.07481658604280113 -0.04271696503721847 2.245217997229079 1.9796430056259557 -0.7904575745997329
298.8999328613281 -1 758.018798828125 351.56024169921875 -1 494.0758972167969 377.278076171875
0.9970549576551601 -0.025252277539316057 0.06757474053457249 -0.026026685075703694 2.2732304337222207 2.122239320707155 -0.7843990948553036
0.5030072927474976 -1 0.5029827356338501 0.5030072927474976 -1 0.5029827356338501 0.5030072927474976
0.9976844525285555 -0.028997428506973816 0.06086101200454265 -0.008989968885503592 2.2956278498986373 2.2812180502693673 -0.7879694600939665
0.5029237270355225 -1 0.5028926730155945 0.5029237270355225 -1 0.5028926730155945 0.5029237270355225
0.997878066031065 -0.03397914410881335 0.055207046569037875 0.006079893819636574 2.3257184599600205 2.4279274056454523 -0.8094269439500246
0.501853883266449 -1 0.5018211007118225 0.501853883266449 -1 0.5018211007118225 0.501853883266449
0.9976168894650731 -0.03893866397415144 0.050772901914344304 0.02581539721051349 2.353839346218767 2.587960650113935 -0.8357241662936187
345.16851806640625 674176 916.07275390625 347.0923767089844 -1 610.1160278320312 353.58447265625
0.9971120146363595 -0.04279101150909715 0.04603484281072024 0.04263042164043263 2.3789516886023683 2.7154934531283614 -0.852996523702473
230.41421508789062 -1 467.32757568359375 335.6868896484375 -1 457.0809326171875 351.7019348144531
0.9961821336605137 -0.04742854188827772 0.03935096646638497 0.061831961218287226 2.3734281597117186 2.854017142591232 -0.862000358123463
353.2538146972656 671573 479.2402648925781 353.2538146972656 681986 205.55203247070312 356.98779296875
0.9950321895397626 -0.05213063421529103 0.03287335083831483 0.0781836399809997 2.3586576490161617 2.976389625775072 -0.8635928507235145
290.5229187011719 -1 481.0295104980469 298.41693115234375 -1 563.4583740234375 303.9874572753906
0.9933712055607526 -0.05808099850342807 0.025416075714492125 0.09588674919349911 2.3273235845627744 3.1069925784786143 -0.8595929989699227
169.2649688720703 -1 574.7224731445312 237.10923767089844 -1 745.8194580078125 237.22177124023438
0.9912065348343734 -0.06325007674452286 0.01444142612013449 0.11532769964350617 2.2581729986897128 3.2403729096723866 -0.8457238842143882
158.6212615966797 676510 552.1758422851562 199.59713745117188 676518 683.6952514648438 200.80148315429688
0.9882746339860036 -0.06623260306112266 -5.193517442967009e-05 0.1375735709150421 2.1692067541719005 3.3524566213422444 -0.8001496582308293
242.49227905273438 -1 628.8206176757812 261.5809020996094 674784 628.8206176757812 261.5809020996094
0.9852163419052987 -0.06671702789433942 -0.010928695914861272 0.15741080470313346 2.1164027251466524 3.435738659060138 -0.7607671139629204
0.5000332593917847 -1 0.5000296831130981 0.5000332593917847 -1 0.5000296831130981 0.5000332593917847
0.9805526684554288 -0.06810619691656863 -0.018006586494606826 0.18317689038006896 2.1008431271573373 3.5440595986434866 -0.7283415306884335
0.5030530691146851 -1 0.5029545426368713 0.5030530691146851 -1 0.5029545426368713 0.5030530691146851
0.9761903047129579 -0.07241897194118417 -0.018814969391697706 0.2036025010018149 2.1102635701035464 3.647667214279074 -0.7368040991690895
0.5016798377037048 -1 0.5016360282897949 0.5016798377037048 -1 0.5016360282897949 0.5016798377037048
0.9711254637915816 -0.0808176758745022 -0.015425202732923715 0.2239328023369459 2.164344936438959 3.762550555584532 -0.7573510614292795
0.503239095211029 -1 0.5031200647354126 0.503239095211029 -1 0.5031200647354126 0.503239095211029
0.9673946405120896 -0.08561147748942864 -0.014010528611349861 0.23795375499998422 2.206405542402938 3.832815919535367 -0.7470168651317439
0.5044827461242676 -1 0.5045168399810791 0.5044827461242676 -1 0.5045168399810791 0.5044827461242676
0.9624751960756337 -0.09255857852157409 -0.015741378136425014 0.2546107136308336 2.204964562255621 3.9175273217254727 -0.7316558863430875
304.9029541015625 -1 592.0877685546875 314.0545959472656 -1 589.5845336914062 315.5993347167969
0.9571643702801164 -0.10177956834619334 -0.01939085360078113 0.270372488486096 2.2020688370064447 4.000829616677723 -0.7145121194535242
262.37310791015625 -1 508.32183837890625 325.685791015625 -1 630.37939453125 332.47674560546875
0.9518301090657654 -0.10802238227407879 -0.02140095447732682 0.28616884448022223 2.209737941494031 4.079205495852437 -0.6746429218405527
0.502318263053894 -1 0.502294659614563 0.502318263053894 -1 0.502294659614563 0.502318263053894
0.9478177696456325 -0.1134250114954515 -0.0213277288369154 0.2971891153691441 2.2618559292039375 4.14663546395654 -0.6394098764034107
0.5040527582168579 -1 0.5040073990821838 0.5040527582168579 -1 0.5040073990821838 0.5040527582168579
0.9423575535861055 -0.11833336371666725 -0.023331039595098413 0.31211395166208317 2.3149268151659466 4.2390685190888835 -0.5899185119266198
0.5052345395088196 -1 0.505150318145752 0.5052345395088196 -1 0.505150318145752 0.5052345395088196
0.9375602699571116 -0.12182374755048284 -0.028795317327920414 0.324515861601076 2.3317816794040063 4.327501045754109 -0.5410377867108885
0.5085598230361938 -1 0.5084131956100464 0.5085598230361938 -1 0.5084131956100464 0.5085598230361938
0.9305207642741403 -0.1287105900383026 -0.03463680757609232 0.3411231197494514 2.309620771504622 4.459382219923252 -0.5249391519913359
0.5271708369255066 -1 0.5271931886672974 0.5271708369255066 -1 0.5271931886672974 0.5271708369255066
0.9234368850838498 -0.1370047168557879 -0.03747825182678856 0.35649601325387936 2.311975640587401 4.586565088120241 -0.5360934550654758
0.5314918756484985 -1 0.5312812328338623 0.5314918756484985 -1 0.5312812328338623 0.5314918756484985
0.9172323611588887 -0.14193307941433878 -0.03890810599651892 0.37017017154089654 2.355886323618819 4.693388115787312 -0.5414888123695816
0.5444272756576538 -1 0.5443984270095825 0.5444272756576538 -1 0.5443984270095825 0.5444272756576538
0.910128280859948 -0.14340795599625913 -0.03855234092095783 0.38680019072565736 2.4110960146891953 4.796544267554556 -0.5335470077496861
305.7865295410156 -1 820.905029296875 356.53985595703125 -1 818.9228515625 388.1706848144531
0.9049261479554198 -0.14311506600861007 -0.03831997557537104 0.39894651784395857 2.4719428655712794 4.846699486093791 -0.5143614292194171
395.42913818359375 -1 671.9434814453125 409.7773132324219 -1 910.9246826171875 435.84051513671875
0.9014239995960828 -0.14252471845003087 -0.041445005644493195 0.40669864653090365 2.512086929060479 4.850292116572037 -0.45926262337915263
293.0979919433594 -1 581.8287963867188 319.13177490234375 -1 583.1764526367188 328.5889892578125
0.8980908285276132 -0.14053383382583776 -0.050610742852030294 0.4136685363582328 2.5094102722421527 4.83572286539637 -0.3581365265651468
188.76219177246094 616745 673.3876953125 188.76219177246094 -1 976.1090698242188 248.4531707763672
0.8953959603664579 -0.1408997993925502 -0.06007111797709847 0.4180966173930967 2.4925855420615344 4.815456887427248 -0.26827013701831537
0.5282853245735168 -1 0.528265118598938 0.5282853245735168 -1 0.528265118598938 0.5282853245735168
0.893039242928122 -0.14091615034454974 -0.06786071012058022 0.4219223544496898 2.4670251790650766 4.780100910268175 -0.18508913319391673
246.57528686523438 -1 619.4177856445312 270.7384033203125 -1 595.9733276367188 291.9561462402344
0.8929823950998327 -0.13939428091521291 -0.07605375155478468 0.4211502147266936 2.475087505758454 4.6874690251898254 -0.07233005594294113
262.51800537109375 -1 843.002685546875 275.9423522949219 -1 1053.050537109375 282.5190734863281
0.8949102575420842 -0.1375831069913234 -0.07794234596351868 0.4172906784512181 2.5532509300798085 4.577188475375427 -0.01651595966733464
0.5139011144638062 -1 0.5137332677841187 0.5139011144638062 -1 0.5137332677841187 0.5139011144638062
0.898816146551845 -0.13381963678492767 -0.07794667417827279 0.41005628332338523 2.6980226379643795 4.390435147168627 0.022518555521335866
0.5130109786987305 -1 0.5128911137580872 0.5130109786987305 -1 0.5128911137580872 0.5130109786987305
0.9015797924062668 -0.1274266059435675 -0.08111136849993181 0.4053853523777641 2.7758211945072317 4.190161994865027 0.06573035463869634
295.17315673828125 -1 868.05224609375 308.497314453125 -1 868.05224609375 308.497314453125
0.9042891116247374 -0.1187983576317244 -0.08690441543583614 0.4007440272776425 2.8368661982797665 3.95378278003457 0.1393537112060462
0.5051929950714111 -1 0.5052117705345154 0.5051929950714111 -1 0.5052117705345154 0.5051929950714111
0.9065207926523534 -0.11167577672517698 -0.09090783238611524 0.39684296565850247 2.887195828731892 3.7491464493189306 0.18874720745287318
191.21218872070312 -1 791.88720703125 293.7418518066406 -1 776.0900268554688 302.45123291015625
0.9088936895961922 -0.1099237097822631 -0.0908019151464669 0.39189801128056156 2.97060251574981 3.603833573288251 0.2142403112402958
247.20855712890625 710244 837.0831909179688 247.20855712890625 -1 880.1883544921875 253.52369689941406
0.9119286364233405 -0.11011291892896077 -0.0890397863495641 0.3851405244879264 3.061140694400594 3.4950529556393097 0.2190070257237863
113.21785736083984 -1 794.9155883789062 149.9532012939453 -1 807.03369140625 164.96600341796875
0.9145893568345305 -0.11095243396229432 -0.0869255928026953 0.37902481063743404 3.1465968287371977 3.399456449858433 0.2322534319333371
31.985265731811523 -1 866.2003784179688 78.56593322753906 -1 511.9775695800781 114.4079360961914
0.9175957409895571 -0.11303285623675663 -0.08437047716199071 0.37164936716244323 3.2237947938616696 3.3110242620521824 0.23364183987451267
61.82621383666992 -1 507.75433349609375 132.70050048828125 -1 551.7964477539062 139.36825561523438
0.9218997523691995 -0.11466779012486658 -0.08291554780931218 0.3606621083798101 3.300811071395714 3.175047199537626 0.263137940588935
297.2588195800781 -1 489.75628662109375 302.68524169921875 -1 318.2270812988281 304.11566162109375
0.9271538054973353 -0.11393467196653732 -0.08266795739699793 0.34723294817095796 3.3478205548447137 2.9817656748214647 0.29221690286990765
0.5038366913795471 -1 0.5038394927978516 0.5038366913795471 -1 0.5038394927978516 0.5038366913795471
0.9320320249341142 -0.11092816446605547 -0.08384103156568781 0.3346370096857309 3.364344475356655 2.762970825420355 0.3276891995870005
317.16009521484375 -1 533.39404296875 341.9020080566406 -1 736.2711181640625 376.68927001953125
0.9359809820252784 -0.10642243784899237 -0.08441139525333942 0.3247900589006036 3.3645404578602895 2.553443207698249 0.3464156227380001
275.26861572265625 -1 504.1828308105469 278.7216491699219 -1 746.044189453125 284.4783630371094
0.938344904087223 -0.10251855311940264 -0.08273891408944321 0.3196139223111913 3.360001334749136 2.396958666300443 0.3298248431174688
0.5117053985595703 -1 0.5116413235664368 0.5117053985595703 -1 0.5116413235664368 0.5117053985595703
0.9425357859188107 -0.09802764301741154 -0.07788712413939704 0.3097587276577613 3.377959453514035 2.200969361916243 0.29094218830945473
246.35263061523438 -1 697.6226196289062 258.888671875 -1 517.4537963867188 262.44097900390625
0.9468516670372835 -0.09346030356978556 -0.07171919452400577 0.29932164876966155 3.363186533037108 2.0042565757380477 0.2372554735223678
278.9766845703125 -1 498.82745361328125 278.9766845703125 -1 478.9619445800781 287.1949462890625
0.9501964724674845 -0.09143347144524405 -0.06738150054464402 0.2902177068928997 3.3056991573971586 1.8357448870443633 0.2015871141788094
0.5006430149078369 -1 0.5006521940231323 0.5006430149078369 -1 0.5006521940231323 0.5006430149078369
0.9533203045971949 -0.09001605519108914 -0.06335758577293756 0.28118201040530905 3.238633398367172 1.677565254469546 0.17357086124702734
0.5000799894332886 -1 0.5000600814819336 0.5000799894332886 -1 0.5000600814819336 0.5000799894332886
0.9570364597553649 -0.08756470968635408 -0.05945783945824054 0.2699600000804201 3.180588590478656 1.510531842167141 0.15437349012499432
257.3303527832031 512772 860.240478515625 257.3303527832031 -1 514.964111328125 330.5750732421875
0.9620010916807121 -0.08537792428280726 -0.05299555178157954 0.2538818251502914 3.1372206601451587 1.2990720973899164 0.12010189310790773
329.5773010253906 -1 491.37945556640625 334.831298828125 512129 781.2097778320312 346.76971435546875
0.9674067896337437 -0.08229133498515617 -0.04492204767699966 0.23523233023842544 3.105734474358711 1.0589356159212482 0.07928925312082902
0.5046422481536865 -1 0.504635214805603 0.5046422481536865 -1 0.504635214805603 0.5046422481536865
0.9731792425703455 -0.07825821331060438 -0.03656872407178465 0.21321477973959135 3.0617116974307628 0.7934303594916827 0.04145110974162978
329.1428527832031 -1 738.3682861328125 331.3193359375 -1 424.6160888671875 363.3025207519531
0.9782878400035321 -0.07703165196363376 -0.029684875829363782 0.1900995393049981 2.970282403312517 0.5468221155674776 0.01762769494896181
0.5029100179672241 -1 0.5029308795928955 0.5029100179672241 -1 0.5029308795928955 0.5029100179672241
0.9828281854751868 -0.07704355383877515 -0.02510947641986972 0.16577865616949541 2.81300633748227 0.30695567314456207 0.00947886703566084
435.8860168457031 -1 1119.7708740234375 437.30267333984375 -1 1074.4442138671875 439.7513427734375
0.9869753173930496 -0.07650254638206237 -0.022522523658137686 0.1397133464706163 2.6108993559153744 0.062194842790006935 0.021170334987132576
313.0294494628906 -1 1007.171875 386.93243408203125 -1 1031.883544921875 410.9693298339844
0.9895133660163236 -0.07503710534667564 -0.019835867126944937 0.1218165410425018 2.4563333499208775 -0.10759080666668258 0.013363660380655205
368.9294738769531 -1 988.6759033203125 380.090576171875 -1 994.1282958984375 383.515380859375
0.9919665899104649 -0.07428787628362761 -0.01424945479885284 0.10139304205224031 2.3190882109966204 -0.27254165673385716 -0.011518731758129067
353.7557067871094 -1 975.1273193359375 377.37420654296875 -1 913.9733276367188 387.9497985839844
0.993870446032858 -0.07397672938310361 -0.00515175961395081 0.08199048350331409 2.21646477962237 -0.41719915204369173 -0.04442602776577411
234.73704528808594 -1 456.5583190917969 287.9480895996094 595459 961.1914672851562 326.7181701660156
0.9953175709510685 -0.07460161597282995 0.0044950760997816775 0.06129703207468025 2.113226867943378 -0.5470712015769803 -0.07210070630259764
224.97653198242188 -1 916.5914306640625 233.3720245361328 -1 1006.8555908203125 305.4188232421875
0.9963599916860322 -0.07443129139852274 0.01273410244350153 0.03955492969424321 1.9669941633768828 -0.6715146118246031 -0.09360493972411495
290.1575012207031 -1 910.1699829101562 333.2134704589844 352215 932.9705810546875 357.8832702636719
0.9968873474371722 -0.07369063596076837 0.01688260370044089 0.02236703788324336 1.827359227482039 -0.7639736479648357 -0.1045615099183992
306.88214111328125 -1 878.8101806640625 322.8330383300781 352215 972.7675170898438 416.90740966796875
0.9971225496990418 -0.07238403937563641 0.022493419379041205 0.001103544284069053 1.6561826764089427 -0.8561395287352094 -0.12809350902722932
313.9984130859375 355646 843.463623046875 314.6242370605469 352215 830.5192260742188 315.840576171875
0.9966673507463173 -0.07271198553727691 0.02882802279569563 -0.023153924445656053 1.4754326809959286 -0.9314953361590131 -0.1384369248566376
0.5002304315567017 -1 0.5001751184463501 0.5002304315567017 -1 0.5001751184463501 0.5002304315567017
0.9955789669274272 -0.07371601506823697 0.034870427114481656 -0.04661033197725568 1.2806606493934016 -0.9751827543168753 -0.14643893530848653
291.51983642578125 -1 1043.3428955078125 294.9139709472656 -1 787.7152709960938 297.83721923828125
0.9942836638816207 -0.07501731529627602 0.039654836346830355 -0.06480657449816098 1.1261918856395108 -0.9929257757193952 -0.15323107706954936
0.5000332593917847 -1 0.5000296831130981 0.5000332593917847 -1 0.5000296831130981 0.5000332593917847
0.9922147735468725 -0.07573394057361546 0.04542131459246693 -0.08781296932237868 0.9378445027687093 -1.0080397200415818 -0.14788592205787948
245.4359893798828 -1 589.634033203125 316.48797607421875 350125 683.5142822265625 353.3818359375
0.9903755571780886 -0.07617354896562308 0.0487767725719717 -0.10476007178135632 0.7830291784638577 -1.0113899401914164 -0.14655670358594097
300.62005615234375 423063 1167.44189453125 334.99859619140625 347879 748.5278930664062 339.5862121582031
0.9887421127558647 -0.0760702736676525 0.05069408715620673 -0.11845867403696858 0.6356885337036141 -1.0032127370469628 -0.15247828720895665
254.89039611816406 -1 752.8812866210938 266.7102966308594 -1 1101.7884521484375 317.2646484375
0.9871532868536177 -0.07595630723650303 0.05181242193051491 -0.13066943245758542 0.4917292489003803 -0.984921349610125 -0.14339617644797542
235.51803588867188 329452 1168.818115234375 292.3909912109375 -1 1168.818115234375 292.3909912109375
0.98516403286436 -0.07896610315562297 0.05363843203370992 -0.14261522187975192 0.3591532605703381 -0.9344488994489865 -0.12356830164143143
0.5006358623504639 -1 0.5006454586982727 0.5006358623504639 -1 0.5006454586982727 0.5006358623504639
0.9828594730011435 -0.08181929500526773 0.056567027167853515 -0.1552192988456877 0.24433884646897422 -0.873225475527626 -0.10722170897943674
259.4696350097656 424394 776.6768188476562 271.9024658203125 -1 779.8900146484375 272.5256042480469
0.9806392603512348 -0.08428785713781253 0.059936629582495154 -0.16628228598136854 0.15156972882373348 -0.814011168156916 -0.09047213818725504
235.78614807128906 -1 856.35693359375 290.0947570800781 -1 759.4575805664062 294.13372802734375
0.9782725628991559 -0.08594932228735051 0.06305049419724264 -0.17782053272483966 0.05860386689549575 -0.7646496795747802 -0.08576281889547757
269.1273498535156 -1 1213.810302734375 285.4888000488281 312895 772.3428344726562 303.0490417480469
0.9763327564056318 -0.08572013881482937 0.06544854736408809 -0.18746438120047937 -0.040792714208878575 -0.7311916909448352 -0.08067247253337005
0.5 -1 0.5 0.5 -1 0.5 0.5
0.9751678182536658 -0.08528830922749708 0.06755262985591769 -0.1928996442481158 -0.13488783570122742 -0.6848463115214524 -0.0745787362475087
262.6203308105469 -1 888.8187866210938 262.6203308105469 -1 1145.61376953125 280.0172119140625
0.9747869864571594 -0.08437434991582524 0.06914929499408247 -0.19465270383910163 -0.22137828308443902 -0.6365784097982089 -0.061428177917270406
96.01545715332031 323231 788.6345825195312 96.01545715332031 -1 677.1618041992188 126.87395477294922
0.9760164071100234 -0.08376817038301762 0.07132913464845451 -0.1878483996019816 -0.2819363665186717 -0.6063658053213352 -0.03534178172098874
12.106976509094238 304463 595.897216796875 12.106976509094238 285387 763.4112548828125 53.9677619934082
0.9767610383133386 -0.0847776466729023 0.07555279511220171 -0.18177568541580813 -0.31488491086649184 -0.5823854790631879 -0.009292928818370592
19.999813079833984 -1 603.9339599609375 21.943004608154297 303818 603.9339599609375 21.943004608154297
0.9775961887753072 -0.08575929476598802 0.08099057024112559 -0.17433176011631268 -0.3165644908298232 -0.5483657424507432 0.025799382713174217
163.07786560058594 -1 690.8903198242188 167.4214324951172 -1 638.0079345703125 168.29209899902344
0.9784826475204073 -0.08952646944538152 0.08198896629771059 -0.16683683398917765 -0.33357607035884107 -0.4783125232272684 0.08472457189274847
30.925920486450195 -1 626.0804443359375 80.27508544921875 -1 777.392822265625 123.67171478271484
0.9794487155780193 -0.09464343203061763 0.07408235795137125 -0.16197110410934143 -0.40283564550701856 -0.39408098618991955 0.13510523719961928
182.53692626953125 359859 619.3446655273438 266.09967041015625 -1 620.9473266601562 269.18878173828125
0.9805375318142145 -0.09975680770638058 0.06176050685937855 -0.15741781288149453 -0.4838161870190366 -0.3224720631736485 0.17796358709687218
111.83875274658203 -1 765.9622802734375 217.9344940185547 359859 938.9003295898438 297.3531799316406
0.9803392371713897 -0.1038671938168328 0.05116183410028755 -0.15977813630884874 -0.5354387873317483 -0.2624554742489514 0.20724485601842632
133.53456115722656 -1 588.5537109375 141.5327911376953 417224 578.6619262695312 164.43980407714844
0.9795685960618427 -0.10749296116794203 0.04574916443766945 -0.16369985602325082 -0.5725186233110081 -0.20045410855631354 0.2622660160500379
239.40374755859375 -1 682.9113159179688 246.03402709960938 -1 700.239990234375 246.2676544189453
0.9783401318860185 -0.11139687320037747 0.04139176712590856 -0.16949349426046276 -0.6292781049687477 -0.11234794741141733 0.3085632718442635
222.0155792236328 -1 995.0784301757812 237.07611083984375 -1 706.0970458984375 275.510986328125
0.9787391651219268 -0.11262155184852124 0.032021384057524103 -0.16840624596108408 -0.749100353884064 -0.0032907208199772172 0.3145345985847049
222.41810607910156 -1 439.652099609375 236.7261962890625 -1 974.9998779296875 244.87149047851562
0.9801208792384458 -0.1096065619483246 0.026870991987499433 -0.16317908397932565 -0.8661729276541992 0.06890046835231885 0.2975409241836088
144.23289489746094 -1 775.9566650390625 144.23289489746094 -1 532.291748046875 219.7899169921875
0.9809512416222923 -0.10606508926085396 0.030757811469194908 -0.1598086838485184 -0.9617818530221706 0.1755848921142194 0.28604564161526197
11.272209167480469 270698 715.8795776367188 20.35381317138672 273613 641.4494018554688 28.739757537841797
0.9804917986354039 -0.10147467958999885 0.042062226831380646 -0.16300150700163252 -1.0103870352732625 0.2759814777684539 0.29774400253332245
6.036993503570557 -1 917.0201416015625 11.725735664367676 269760 891.9288940429688 29.673770904541016
0.9796796678868803 -0.09413893255500284 0.05598720646174271 -0.16802095827326616 -1.0634001397512451 0.39072843513225813 0.3567785115058327
78.95619201660156 -1 854.6088256835938 99.03512573242188 -1 940.4358520507812 111.87249755859375
0.9785273414655266 -0.09248068380997096 0.062181397309348505 -0.1733927303986703 -1.1169611576585698 0.5353230298069608 0.41426898354973335
141.0769805908203 -1 867.2686157226562 196.30690002441406 -1 702.7786254882812 215.57742309570312
0.9784790696018899 -0.09299568148027047 0.06343940249857795 -0.17293338540508402 -1.1900216156924812 0.6978607158762163 0.4748639413070864
194.13368225097656 412716 868.69384765625 208.9391326904297 -1 835.6405029296875 232.3740997314453
0.978839721873771 -0.09266570295429692 0.06336408519965253 -0.17108728498890835 -1.2684371773512233 0.8503627492601367 0.5205506096257334
163.18077087402344 -1 887.9005737304688 236.70733642578125 -1 884.6227416992188 237.56365966796875
0.9799300784066302 -0.09280951848782414 0.06398711644630294 -0.1644052421333372 -1.3413054365055743 1.0095396914532644 0.5690355464039654
0.5011828541755676 -1 0.5012038350105286 0.5011828541755676 -1 0.5012038350105286 0.5011828541755676
0.9803868550213 -0.09251988109802908 0.06626775502486386 -0.16090453923682752 -1.4004583024313009 1.168346871015798 0.6022004572516815
236.97445678710938 -1 756.371337890625 249.3498077392578 -1 824.048583984375 250.49362182617188
0.9804345715613556 -0.08994272466549344 0.06727145452882063 -0.1616567616050288 -1.471889466726109 1.3053944823079269 0.6268863504224077
257.4724426269531 -1 762.3600463867188 262.0907897949219 -1 776.6580810546875 272.1333312988281
0.980221551830724 -0.08717582943565903 0.06638034321752646 -0.1648021059425381 -1.5622590937541483 1.4289302067387002 0.6366451975130418
270.06805419921875 -1 778.7078857421875 272.4562683105469 -1 785.8291015625 284.8862609863281
0.9801900479483183 -0.08374771386499465 0.0651440499259706 -0.16724246794610287 -1.670726333487194 1.5332759709823258 0.6391332596270982
0.5000394582748413 -1 0.5000349879264832 0.5000394582748413 -1 0.5000349879264832 0.5000394582748413
0.9804763262865833 -0.07839398331620713 0.06354110405202824 -0.168769325018597 -1.7997984156569213 1.6335963510578813 0.6294148959931384
326.4316101074219 -1 699.1566162109375 342.9690856933594 -1 971.6072998046875 346.5622863769531
0.9812102416147943 -0.07255157538242189 0.05967317128966392 -0.1685284643257639 -1.9399743292317055 1.7175857816287425 0.5950071915101275
0.5014199614524841 -1 0.501383900642395 0.5014199614524841 -1 0.501383900642395 0.5014199614524841
0.9822998980369827 -0.06710413728044962 0.055052978600886995 -0.1659913088795633 -2.063302089040897 1.7861829515421448 0.5457690078691553
0.5026688575744629 -1 0.5026638507843018 0.5026688575744629 -1 0.5026638507843018 0.5026688575744629
0.9823052840787353 -0.06351168320834637 0.05128655414313772 -0.16855943857037714 -2.1634690176190237 1.9074244070476662 0.4854867278787594
310.6994934082031 -1 1020.2498779296875 334.6029968261719 -1 1029.6134033203125 357.7088928222656
0.982532536142513 -0.06255211023579041 0.04827136281175869 -0.16848419646574178 -2.255236173994938 2.0459098416436277 0.43366950000366594
267.18731689453125 -1 1256.9539794921875 310.78472900390625 -1 1212.3580322265625 330.05029296875
0.9830226436655449 -0.05993576590398453 0.045836012878878916 -0.1672520431255566 -2.341624687436273 2.1783733663557907 0.3953169196944239
317.8350830078125 -1 1226.50439453125 326.85015869140625 -1 1303.8572998046875 330.5046081542969
0.9835378613391133 -0.05377898530173484 0.04613111103212556 -0.1662318159900225 -2.403760735274117 2.2949732515703554 0.4125578442751831
236.39486694335938 588994 768.2330932617188 236.39486694335938 -1 610.7318115234375 249.28750610351562
0.9844378155531724 -0.04864354724996934 0.04733338073160107 -0.16209732782607877 -2.4702375113118116 2.3968397254888116 0.4502180069571111
0.5045216679573059 -1 0.5044866800308228 0.5045216679573059 -1 0.5044866800308228 0.5045216679573059
0.9863910234406538 -0.04099627016561991 0.04365340717912894 -0.1531222869142845 -2.6025354696263943 2.479383524012156 0.4706961004348396
210.52413940429688 -1 741.3997192382812 225.4153289794922 -1 863.861572265625 281.5782775878906
0.9879302428496259 -0.03516113103786591 0.037710051868011386 -0.14606670433514002 -2.7193964821041474 2.5866926311466254 0.4381923347607182
323.86639404296875 588660 1075.05859375 372.7571716308594 -1 1086.3349609375 378.1512145996094
0.9888250357563578 -0.0314469482610577 0.033586195510772354 -0.1418030520744046 -2.796560101262319 2.737645195530318 0.3749519976553448
0.5043812990188599 -1 0.5043495893478394 0.5043812990188599 -1 0.5043495893478394 0.5043812990188599
0.9894290888729017 -0.028913670057966398 0.03470522987705078 -0.13780284755802275 -2.809511948958538 2.900172830632194 0.3654264405345225
0.5075732469558716 -1 0.5075671076774597 0.5075732469558716 -1 0.5075671076774597 0.5075732469558716
0.989901816683265 -0.027010746518117565 0.039216559739364144 -0.13351731850930204 -2.7802529426297813 3.0590535066442213 0.3924718624944567
325.3717956542969 -1 766.2002563476562 344.86187744140625 -1 820.108642578125 351.5852355957031
0.9900636960721031 -0.02285588460040701 0.04364360515155963 -0.1317069549741162 -2.7289533590589694 3.2053522212974497 0.4324637078838115
260.00347900390625 -1 817.948486328125 292.634033203125 573229 817.948486328125 292.634033203125
0.9904949721293708 -0.016009396564810863 0.0451528364262419 -0.1289365377646412 -2.712730912278617 3.29329208302949 0.4766128611473829
154.92486572265625 560333 728.0629272460938 176.22189331054688 -1 1191.91455078125 178.22496032714844
0.9906377683372798 -0.007413930394534233 0.044733921679845044 -0.128766151728552 -2.6965931171255013 3.362267583423475 0.5010106793023021
118.87936401367188 -1 763.1463012695312 118.87936401367188 -1 1068.08056640625 131.1172637939453
0.9911717064941938 1.1165844919510912e-05 0.042170675470053924 -0.1256991736293879 -2.6985625110069433 3.4108948200777296 0.5044486328871854
129.10813903808594 -1 1299.7825927734375 129.10813903808594 -1 818.9921875 138.25457763671875
0.9914567085114692 0.007669466452745476 0.039101351188962664 -0.12420088070191536 -2.672144819625252 3.4683752512519 0.5096808662066448
136.9163055419922 611081 906.6951904296875 183.8882598876953 575986 557.8173828125 199.1992645263672
0.9928811033126874 0.015947611836478436 0.032416553485831515 -0.11349870228947055 -2.689300566729245 3.499221683334623 0.5180682963308109
249.9963836669922 -1 593.9227294921875 279.4480895996094 -1 748.0103149414062 286.6238708496094
0.9944427609112322 0.02398923191585681 0.021865776834111672 -0.1001498868036005 -2.726870127202633 3.5271763381664694 0.5171549030489672
266.5699462890625 -1 790.0274047851562 267.6226501464844 -1 841.7506103515625 275.6985168457031
0.9958273013628378 0.028905586759775975 0.013091437652951754 -0.08556323494737599 -2.747179462821273 3.5368805503597684 0.5201652224740072
295.36737060546875 -1 797.052978515625 297.10919189453125 -1 798.884521484375 334.8822021484375
0.9967329184729722 0.03250733578638441 0.007296665716829019 -0.07357663366748686 -2.7177996100084942 3.549318265582923 0.52887538066354
340.02215576171875 579788 566.0953979492188 346.0953369140625 -1 566.0953979492188 346.0953369140625
0.997626702307335 0.03618420091137155 0.003063994560447214 -0.05850024260745636 -2.6841467494997606 3.5283035701719903 0.544042318848503
389.909912109375 -1 875.9495849609375 395.0314636230469 -1 467.91748046875 403.9267883300781
0.9983873899992626 0.03849145516066118 0.0005639345805294429 -0.04172180901955406 -2.607178902133834 3.505969582289922 0.553714178600996
295.8608703613281 -1 961.9051513671875 344.3838195800781 -1 695.8231201171875 384.00152587890625
0.9988408319596911 0.0389033004344944 -0.0015150224113222198 -0.028306012302489678 -2.499166314012041 3.508282824664113 0.5491443863660931
288.8222351074219 -1 721.2056274414062 312.92706298828125 -1 965.4385986328125 387.5126037597656
0.9991837620129455 0.037731272284970495 -0.005090448851558295 -0.013499931551854565 -2.423533870362645 3.511895309672726 0.534636066827902
268.61749267578125 -1 576.3619995117188 289.9258117675781 -1 537.5309448242188 299.5370788574219
0.9993301292810077 0.03532998425207663 -0.009450755893508475 -0.0013297131246452088 -2.326592569692126 3.5435101333653014 0.5107516285632446
279.2906494140625 -1 553.3213500976562 321.33673095703125 -1 1024.1282958984375 370.384765625
0.9993282599881504 0.03173326983378952 -0.012966920341725656 0.012957135160326524 -2.2361154829443617 3.5596428118682333 0.468627663316734
265.1921691894531 -1 403.23779296875 265.1921691894531 -1 588.7919921875 333.3694152832031
0.9991661804208543 0.029565547842583414 -0.014280432731964358 0.024267087277971944 -2.1590421481904 3.561637497479251 0.45681148290643303
311.9219970703125 -1 528.614990234375 403.35992431640625 -1 904.3926391601562 427.34393310546875
0.9987727037267475 0.02804309706091321 -0.015625577750135712 0.03771620762443139 -2.071101435892204 3.5683109208547825 0.46318615875778407
360.2326354980469 -1 700.19677734375 372.86199951171875 -1 700.19677734375 372.86199951171875
0.9984044732927995 0.02643126105746151 -0.018848102989365845 0.04620222030965856 -1.9726661687473301 3.590294340293084 0.4620427607502337
269.7149353027344 -1 703.140869140625 272.5486145019531 -1 735.5341796875 316.0583801269531
0.9982076044982708 0.02560148221184602 -0.025152890133782704 0.047890234372971276 -1.8258900087735908 3.618223862516902 0.4534361017236249
376.09906005859375 -1 800.4910278320312 378.2268981933594 -1 750.1021728515625 381.3206787109375
0.9977588702663068 0.02689925975805955 -0.029284522785454164 0.05381527064505008 -1.7179545775339422 3.6126963357444093 0.43691082947383963
340.1435852050781 658184 674.9059448242188 355.55413818359375 -1 604.9749145507812 365.16204833984375
0.9973873990250133 0.029568519909414715 -0.03153953492734753 0.05787345361262213 -1.5717206521705362 3.611532726575137 0.4322612825541862
0.5340291261672974 -1 0.5337656736373901 0.5340291261672974 -1 0.5337656736373901 0.5340291261672974
0.997090553941129 0.03162171189674849 -0.032649606685285854 0.06119230148791481 -1.4130895015335638 3.61847631108081 0.440111557213219
202.11439514160156 -1 722.4401245117188 288.859619140625 -1 880.78857421875 308.49835205078125
0.9971828188927142 0.03122565775636363 -0.033158945945064286 0.059597552858111344 -1.2231227842999646 3.6450164783302674 0.4315877772075516
272.699951171875 -1 774.1407470703125 273.22113037109375 -1 669.7013549804688 294.0895690917969
0.9973487627443565 0.03057882740848036 -0.035006132151086826 0.05599063741773533 -1.0387500010377149 3.6548717303674056 0.4139916108730789
257.2585754394531 -1 799.832275390625 272.64874267578125 744478 885.630615234375 347.9754333496094
0.997710954631211 0.030002234989492026 -0.03536198713551809 0.04921632625806664 -0.8321412430114433 3.6509370697305683 0.3970724809773516
214.73800659179688 -1 1022.9683837890625 329.7921447753906 -1 842.4308471679688 332.5125427246094
0.9984316115609199 0.026596242862779194 -0.0315098833804103 0.03786930354259902 -0.5802676108341341 3.654757056236525 0.3718252318279747
0.5305148363113403 -1 0.5302847623825073 0.5305148363113403 -1 0.5302847623825073 0.5305148363113403
0.9993951237185545 0.018748807410218483 -0.02126397819503497 0.020142297276894667 -0.23202680352995214 3.675850255639158 0.3144897255640083
390.2554931640625 -1 1029.1885986328125 398.5561828613281 -1 1024.3341064453125 415.9403381347656
0.9998326606970734 0.010573095017538874 -0.01106553174714833 0.010020692207330663 0.05497453467566867 3.6829716627923768 0.22317805493038384
269.0436096191406 -1 910.8516235351562 304.7813415527344 -1 1104.019775390625 342.23468017578125
0.9999688332786584 0.0055762323850325176 -0.005216394053170156 -0.002006822560407069 0.2933123481905763 3.6589470198485725 0.14929007234950487
370.0381164550781 -1 1007.8878784179688 386.8570251464844 -1 1007.8878784179688 386.8570251464844
0.9999810932809778 0.0022704844111144833 0.00182358669818091 -0.005415949840387689 0.47940446348996285 3.6101724413277685 0.10055612801849914
388.6470947265625 745648 740.232666015625 428.8170166015625 -1 714.4676513671875 439.7463073730469
0.999907897551514 -0.0003886377145407816 0.00804451764527357 -0.01092387800612639 0.6716147313887956 3.5410213567220348 0.051533442446837774
371.90667724609375 -1 1013.2764282226562 425.7764587402344 -1 1029.84130859375 457.3959045410156
0.999749326020417 -0.002978007289968919 0.01801821239133912 -0.012952243686847435 0.8840946016356649 3.4443326009502675 -0.014094304811310441
453.7099914550781 -1 746.7630004882812 453.7099914550781 -1 827.5293579101562 458.85638427734375
0.9994317531565788 -0.002355992908627153 0.028893174405451513 -0.01719896952023458 1.100851687484339 3.345556115483684 -0.05411785122735628
409.0760498046875 -1 813.5659790039062 410.3404235839844 -1 1061.9122314453125 415.08843994140625
0.9988001229370125 -0.0016215776521114737 0.042834212564784375 -0.02368364711951895 1.383501635379937 3.2151360604198067 -0.10645864536076884
372.92694091796875 -1 875.3213500976562 395.8538513183594 -1 660.1914672851562 397.48016357421875
0.9979518313527364 -0.006476406376537714 0.05462526532337058 -0.03265392546872322 1.6309880674389627 3.1042169405876607 -0.1878539742384385
353.6983337402344 -1 636.1255493164062 362.4744873046875 -1 632.5040283203125 363.45947265625
0.9969833667323742 -0.0152951060229658 0.06498647010559071 -0.0395851600216777 1.8466998256726566 2.9750608238360217 -0.2775682313144834
327.5582580566406 -1 819.935791015625 327.5582580566406 -1 1015.9345703125 340.3067321777344
0.996128293613313 -0.022522944257834236 0.07281775350263164 -0.04380313253430343 2.0036307831648226 2.8373781906577626 -0.337527669202967
311.6092529296875 -1 832.114013671875 342.25323486328125 -1 889.4041748046875 347.99310302734375
0.9950040747665722 -0.030316516578335725 0.08288997605377199 -0.046658888652414285 2.1338180741835227 2.6963015892660493 -0.41892420963863497
330.1993408203125 -1 784.5817260742188 336.3639221191406 -1 1069.3067626953125 348.1628112792969
0.9938096953625312 -0.037892850062070355 0.09169527242500641 -0.04998398075894448 2.2444535500258564 2.578101794282508 -0.46615487540015893
279.47412109375 -1 826.2528076171875 311.0705261230469 -1 1463.004638671875 311.9908752441406
0.9924969064920599 -0.05022256489269711 0.09739690970096591 -0.05423492011602952 2.356773408531394 2.5120306703014434 -0.5092088920679165
385.3351135253906 -1 819.2782592773438 393.4225769042969 -1 505.8247985839844 406.4575500488281
0.9918451702748566 -0.07332119082938764 0.0954307983944033 -0.04195383052366007 2.4276670662678006 2.570203906400658 -0.5360549525857896
384.8865661621094 -1 918.199951171875 388.3049621582031 -1 915.7047119140625 389.8481750488281
0.9918030693179595 -0.08978990868474979 0.08664978353298416 -0.027500163700353655 2.4578686552595097 2.612190102659125 -0.4901839258399852
412.1457214355469 -1 983.3111572265625 431.968994140625 -1 936.5802612304688 438.31573486328125
0.9913081583491457 -0.10398218262666485 0.08009408197736861 -0.00898770932009248 2.4906855797252754 2.6510615111588205 -0.4447210699022758
391.3863525390625 -1 649.8748779296875 398.2826843261719 -1 960.2373046875 421.3197937011719
0.9901495368709418 -0.11440041330119075 0.08066105727858955 0.003199048214132989 2.5702700989754064 2.639275854087737 -0.4082963832212251
337.4906921386719 -1 1071.937744140625 376.485595703125 744822 594.8692626953125 396.5103454589844
0.9888310400713904 -0.122212244763041 0.08360139394041782 0.016974933064077977 2.614993241871073 2.6422165277588716 -0.35738736920349296
411.8230285644531 -1 796.421630859375 421.56256103515625 -1 961.262451171875 438.1871032714844
0.9872172339475601 -0.13044712809329825 0.0868394182191887 0.029061920316660234 2.616745480026973 2.6890129892710424 -0.3341059638684357
282.9471740722656 -1 630.0997924804688 312.86907958984375 -1 800.2857666015625 440.1329345703125
0.9850148580077833 -0.13945456800945377 0.09045975578422698 0.04599114641603487 2.5832437275258635 2.7573352280751617 -0.33781421697427483
288.4498596191406 -1 675.5367431640625 301.9227600097656 -1 687.267578125 411.1648254394531
0.9830053113874291 -0.14692891285600515 0.09473284120777019 0.05601911412865647 2.5926251813852335 2.7758015200518096 -0.3425400194858355
283.28839111328125 -1 843.0159301757812 289.8742980957031 -1 972.5771484375 308.3225402832031
0.9814783365919343 -0.15358504145640678 0.09866256345529922 0.05811719551038985 2.6838073802334623 2.7489766281512265 -0.361242996152078
124.13184356689453 -1 317.0887145996094 243.36163330078125 -1 1113.7734375 274.93505859375
0.9808103718424572 -0.15785415598813296 0.10043586539254172 0.05482441852301157 2.837987969924567 2.6740065781585156 -0.3719157319666429
0.5042258501052856 -1 0.5041707754135132 0.5042258501052856 -1 0.5041707754135132 0.5042258501052856
0.9803529045051625 -0.16407416341890574 0.09742753870791364 0.0499572439992025 2.9926527178299285 2.592290905697524 -0.39055603656899707
160.6406707763672 -1 1009.5283203125 228.56103515625 -1 556.425048828125 242.10208129882812
0.9793683991485065 -0.17198960825940807 0.08962963870588436 0.05677711920765018 3.0955230367430837 2.5804790331728644 -0.39587392360522305
223.80162048339844 -1 1015.8062133789062 258.9774169921875 -1 1122.1031494140625 292.5516662597656
0.9790148191539452 -0.17587185463345112 0.0804240015711055 0.06427328057637291 3.224953550870525 2.569001152178596 -0.40249293376334405
120.8609390258789 -1 734.3679809570312 120.8609390258789 -1 252.2470245361328 147.9036865234375
0.9793563056111316 -0.17490004801120182 0.07278881484313583 0.07051941788703878 3.379426230443173 2.5227155268421773 -0.4093315146961559
262.4191589355469 -1 1165.0487060546875 271.10015869140625 -1 849.676513671875 298.54486083984375
0.9795332650506379 -0.17476858674604695 0.06490173757158402 0.07588338557428506 3.5131894994533663 2.5098017067773704 -0.39919914911987125
120.64311981201172 -1 720.0501098632812 149.793212890625 -1 1256.5623779296875 200.90676879882812
0.9784534051654284 -0.17952817519454828 0.0542443245098231 0.08634883606607924 3.5946051772700174 2.573698878219536 -0.35986646967865166
193.69142150878906 -1 1115.953125 202.11573791503906 -1 962.5694580078125 256.143310546875
0.977274224902525 -0.18455803066918447 0.04808370463342044 0.09252772560377376 3.729627207791707 2.6025537926572113 -0.3482540488968439
147.95260620117188 -1 869.2594604492188 251.1479034423828 -1 927.788330078125 253.36582946777344
0.975797032439355 -0.18993609810695095 0.047691429931065274 0.09731370730573036 3.9306285668210266 2.609984832860491 -0.3757686034615033
201.44039916992188 -1 1070.7777099609375 201.44039916992188 -1 655.7908325195312 202.61166381835938
0.9761661415018763 -0.1838776997265051 0.04774057533277012 0.10492613209074414 4.129879851435074 2.592002421711969 -0.3692815271330165
231.94142150878906 -1 1165.6571044921875 271.4776306152344 -1 833.4299926757812 322.7938232421875
0.9761971561877114 -0.17870197584007763 0.048119427130110255 0.11308950797729747 4.312265311114181 2.5919672140110244 -0.38455844952435825
147.9910125732422 -1 722.1951904296875 289.1679992675781 -1 970.0919189453125 302.5354309082031
0.9764948875650836 -0.1721881979334409 0.048330087567302164 0.12030445414624434 4.449392862910506 2.5864459044669736 -0.38421175333497787
144.43580627441406 -1 767.4776611328125 193.6458740234375 -1 992.9249877929688 289.8782653808594
0.975544449806654 -0.17039477403779787 0.03581128731065235 0.13414991290789077 4.417840284941465 2.654363922990164 -0.26848153963374893
174.6184539794922 -1 837.627197265625 178.4243927001953 -1 867.4378051757812 201.12550354003906
0.9738557440823599 -0.1692480368439097 0.01723936237356449 0.15054200784906807 4.321904350472774 2.7323618586142646 -0.1082446168283151
108.00936889648438 -1 988.9329223632812 152.9834747314453 -1 988.9329223632812 152.9834747314453
0.972218472392742 -0.16426826562884056 0.0031376310484557183 0.16672532536186557 4.264667906681772 2.7411702284012582 0.050607714049453696
71.81027221679688 -1 799.9910888671875 194.41258239746094 -1 1066.732421875 215.84054565429688
0.9710688832954406 -0.16427345447523914 -0.002456668578949524 0.17330153152702038 4.27511958594355 2.704148979902455 0.1347522470596024
205.30442810058594 -1 617.4672241210938 205.30442810058594 -1 495.0173034667969 214.73692321777344
0.9706109703219975 -0.16826343618284925 -0.008924239832213559 0.17182001710495734 4.283883386924406 2.608662792902532 0.2067617315226058
233.46051025390625 -1 766.3855590820312 233.46051025390625 -1 846.0126953125 259.2602233886719
0.9698115773196403 -0.1683923592692165 -0.01891720804502086 0.17536150397484576 4.252962725155548 2.530674665397516 0.32686493273917666
107.96815490722656 -1 1175.387939453125 141.0093231201172 -1 1175.387939453125 141.0093231201172
0.9687206798388068 -0.1667222638560114 -0.03026689332310024 0.1812949154166616 4.17406357623504 2.463284629641548 0.49820317565317673
282.1475830078125 -1 777.7332153320312 302.2047119140625 -1 778.1204223632812 304.6988525390625
0.9671929708385133 -0.15964072113790675 -0.03860711995094114 0.19380941051515937 4.088607073233048 2.3957207320140927 0.6377654790451114
182.00453186035156 -1 724.0062255859375 238.166748046875 -1 826.4031372070312 244.6095733642578
0.9660659623434839 -0.15115216710650867 -0.04588120441102649 0.20436363145667133 4.0129893060409305 2.291915322723066 0.7317082313195378
120.64458465576172 -1 961.24169921875 124.15937805175781 -1 1390.4111328125 179.45449829101562
0.9643417449954303 -0.1474782925274518 -0.05506670873228898 0.21275058091988625 3.91955454224737 2.216730575554216 0.8432901283844367
124.37696838378906 -1 843.6273803710938 230.74127197265625 -1 719.0608520507812 258.86663818359375
0.9632722932137016 -0.14410099986403602 -0.06062569917675558 0.21832525177892587 3.8520143177356756 2.1385200243306457 0.9383775185471411
177.17137145996094 710908 764.4112548828125 200.14358520507812 -1 827.5001831054688 226.00277709960938
0.9645676269301448 -0.1385644118863594 -0.057492964337968216 0.2170339970801113 3.8715620798924446 1.9683067868570203 0.9688888208891887
124.42327117919922 -1 961.3878784179688 124.42327117919922 -1 1009.3768310546875 197.52703857421875
0.9664487073549651 -0.1349967891822941 -0.04846996487302015 0.21308079563300997 3.9200512595635315 1.78603601928149 0.9224414592469061
120.85829162597656 -1 734.2396850585938 120.85829162597656 -1 805.8435668945312 170.92723083496094
0.9690981009099425 -0.1306660919297112 -0.041652299585303205 0.20503738481509967 3.923287301532635 1.580130050005837 0.8936830351737086
120.75374603271484 -1 961.2471313476562 124.36417388916016 -1 961.2471313476562 124.36417388916016
0.9710582036358668 -0.12640216842863625 -0.03969171140514168 0.19872852088654305 3.855355784888269 1.370652640423729 0.9128669271635917
147.97406005859375 -1 845.5413208007812 175.01797485351562 -1 1256.6129150390625 200.9875946044922
0.9718486382776962 -0.12348193431589484 -0.04015408941016829 0.19659624940225298 3.7344110893741864 1.1885154661397679 0.9414369105329359
193.51673889160156 -1 943.70703125 248.0533905029297 -1 688.2091674804688 261.18011474609375
0.9709105929735643 -0.12096804176034819 -0.038913461590709825 0.20294111419674618 3.604092089160264 1.0855949024520666 0.9229406397624154
183.1944122314453 -1 766.4076538085938 198.1087646484375 -1 1066.7734375 215.71029663085938
0.9684469657272495 -0.12517268328494113 -0.035714433006653765 0.2125247119935581 3.4496131221858137 1.060120478249267 0.8880950477632417
193.52139282226562 -1 1037.138427734375 210.94378662109375 -1 426.99102783203125 222.0796661376953
0.9658510559920976 -0.13195121584618844 -0.03322932435267714 0.22049132925974005 3.2647947902661096 1.0664627551543535 0.8703857917413078
0.5008174180984497 -1 0.5008383989334106 0.5008174180984497 -1 0.5008383989334106 0.5008174180984497
0.9643360261769672 -0.13554384890560395 -0.03068669432335104 0.22526033923568442 3.065970493393017 1.0395958479828726 0.8558704461608018
124.26213836669922 -1 961.1652221679688 124.26213836669922 -1 582.7744750976562 173.501708984375
0.9628061284345499 -0.1387438196570249 -0.028706281357882904 0.23006620996238056 2.842716972073143 0.9969734405915338 0.8242636669838501
124.26407623291016 -1 955.0847778320312 333.99945068359375 -1 468.2391357421875 364.906005859375
0.9609242173544635 -0.14208857055906082 -0.027900655162897983 0.2359174433137058 2.608095379971207 0.9519411917867869 0.7917870365249697
124.33737182617188 -1 130.09007263183594 205.8825225830078 -1 969.7849731445312 302.57647705078125
0.9596810816741866 -0.14229888569276086 -0.027827674085402626 0.24080878132297928 2.386492198796344 0.867959772318908 0.7680183790003126
159.7130126953125 -1 943.68408203125 247.93411254882812 -1 643.072509765625 269.17877197265625
0.9599134312786788 -0.1434539621959444 -0.02697086874624583 0.2392900696229382 2.2075352888745297 0.7855137952067537 0.7342535311711131
243.3309326171875 -1 1001.830322265625 243.3309326171875 -1 478.02618408203125 290.97784423828125
0.961642972005274 -0.1443102229040405 -0.026504853543148226 0.2317646364243394 2.083568822779649 0.6843259656073841 0.7576602683380381
255.44625854492188 -1 653.6187133789062 310.02825927734375 -1 608.4407958984375 338.99078369140625
0.9653737355594953 -0.14066054993422963 -0.030333686882352766 0.2175960197803007 1.9840109259492131 0.528704406654064 0.8172096124410831
247.89871215820312 -1 560.0506591796875 318.300537109375 -1 597.458740234375 328.2469177246094
0.9694804929805515 -0.13849688161383145 -0.039633191097812014 0.19838194896924358 1.8650848923386196 0.36952817198780685 0.854799233332868
0.5000332593917847 -1 0.5000296831130981 0.5000332593917847 -1 0.5000296831130981 0.5000332593917847
0.9726108054045131 -0.13404426418380777 -0.04951907620463779 0.18332544161039185 1.7514633035402793 0.20659333384532277 0.9154114974749556
288.22601318359375 -1 489.59796142578125 328.15106201171875 -1 821.64111328125 335.84027099609375
0.9759718756960344 -0.13067735970476266 -0.05786675222656809 0.1644802860457917 1.598384043226858 0.05099670875179881 0.9380679788817214
212.7571563720703 -1 1092.29638671875 224.6065216064453 -1 1136.7725830078125 279.736083984375
0.9785433599404787 -0.12975393470680055 -0.062400142221324534 0.14738735154435958 1.3963932210102084 -0.08354913019297966 0.9361608255932353
124.20063781738281 -1 961.265869140625 124.20063781738281 -1 1075.0045166015625 255.2515106201172
0.9817236249854902 -0.12549374006849742 -0.06086101620637346 0.1294835204004612 1.1708524795237663 -0.26282334839936106 0.9148458101988864
108.01986694335938 -1 663.5910034179688 186.4976348876953 -1 727.1281127929688 315.6351013183594
0.9833866043120526 -0.12223031636832674 -0.05140179287244423 0.1239693184203555 1.0292139178094357 -0.3858417637754693 0.8685178610622066
191.55274963378906 -1 992.4920654296875 218.59454345703125 -1 967.0223388671875 266.56817626953125
0.9843684974706151 -0.12722316569514427 -0.04142617850009147 0.11452859482604393 0.8584962415542025 -0.42430391798368217 0.8529167050473221
193.97291564941406 -1 1014.0315551757812 205.80300903320312 -1 985.9832153320312 246.21527099609375
0.9856657983778024 -0.13160239474349492 -0.03180577926873458 0.10065851186628588 0.6369211562438323 -0.446311148182927 0.8567580979541422
191.331298828125 -1 950.4979248046875 204.10943603515625 -1 870.6989135742188 247.89109802246094
0.9873753802999674 -0.13278696658429248 -0.024329654073300455 0.08285860133691751 0.4120504338195784 -0.48452740125791904 0.8642472736371258
184.60916137695312 -1 868.8299560546875 189.09422302246094 -1 858.7945556640625 192.38877868652344
0.9888860333218709 -0.13280361713941766 -0.016159725001621553 0.06485734856972353 0.20515233640119004 -0.5187384765776155 0.8632290028298448
185.0 -1 864.5 187.0 -1 859.5 189.5
0.9899885821636553 -0.13215586223530842 -0.008139815950930197 0.04889967953599164 0.0390715781796995 -0.5402969782317729 0.86031471450037
130.17572021484375 -1 809.7266235351562 166.00636291503906 -1 775.2587890625 167.89739990234375
0.9906959644132587 -0.1319734269622978 0.0008074333065197755 0.03322451989970565 -0.10042006995837403 -0.543250460454122 0.860704047402787
146.5907745361328 -1 736.8543090820312 160.1588592529297 -1 742.5242919921875 168.93508911132812
0.9910092086244578 -0.13253402042163473 0.009865081662637824 0.015432498702189679 -0.25054184588246 -0.5329489703002683 0.8762650969330785
152.3060760498047 -1 712.6658935546875 191.4259033203125 -1 831.3948364257812 193.95436096191406
0.9909059810247135 -0.13281593490766969 0.020654302885639342 -0.006218036374941472 -0.46789870179189225 -0.5150992612050698 0.8864729644550063
92.91808319091797 -1 1019.8467407226562 92.91808319091797 -1 653.5322265625 184.09286499023438
0.9905878402751612 -0.13159919074571683 0.031232181079686356 -0.021022239630212117 -0.5931316478094186 -0.5054477666969039 0.8782939358151008
124.17893981933594 -1 961.2708740234375 124.17893981933594 -1 622.369873046875 183.54632568359375
0.990076641973515 -0.13060013150097996 0.04302648337680675 -0.028992592133171256 -0.701643572163872 -0.49385462070446984 0.8918282118134373
101.71887969970703 -1 972.003662109375 101.71887969970703 273475 818.441162109375 138.9153594970703
0.9897972246819977 -0.1297297605461976 0.051586935968708655 -0.028468074711884787 -0.7963646553600672 -0.4867956099912289 0.9220130990342004
14.750334739685059 -1 1111.4830322265625 16.337053298950195 271350 871.0252685546875 17.630882263183594
0.9894055301124637 -0.1284447213926566 0.060467827234807 -0.030369267339520604 -0.849325850447635 -0.4816239759459677 0.9380198046706775
43.44439697265625 -1 1050.47509765625 51.50048828125 272620 973.3878173828125 78.8173828125
0.9883611267326237 -0.12604823811256394 0.07337725655034635 -0.04324237567111499 -0.8881449690678791 -0.46267780726816493 0.9589671734126731
204.1735076904297 -1 588.0453491210938 205.9290313720703 -1 592.3632202148438 210.5328826904297
0.9870920160841083 -0.1220069861489439 0.0834284315342976 -0.06167125688348416 -0.9585213550880276 -0.43418513987594837 0.9922232457520944
116.6453628540039 -1 1029.5914306640625 202.1710662841797 -1 622.5725708007812 208.30543518066406
0.9865944691555979 -0.11928554924003681 0.08239784796858231 -0.07491932877591118 -1.0941257506877804 -0.41465679160971886 1.0152357456110335
174.76605224609375 -1 592.4889526367188 204.90724182128906 -1 546.2628173828125 221.70077514648438
0.9850998103401721 -0.11813782874649198 0.07804916823658233 -0.09762245860660937 -1.2541949946816044 -0.34838273865542524 1.0058358243283023
229.84817504882812 -1 680.0764770507812 251.36807250976562 -1 646.193359375 333.9868469238281
0.9825704717810496 -0.11673226025409121 0.07524495838805803 -0.12355987875162491 -1.3857196376410206 -0.282870248405064 1.003067506979588
152.98077392578125 -1 791.3643798828125 152.98077392578125 -1 891.4075927734375 194.02406311035156
0.9791930023766765 -0.11696630275089501 0.07180902101768037 -0.1494771307518924 -1.4943164713309989 -0.18818989482384774 1.011287187907298
173.14366149902344 266436 693.8604125976562 179.3123779296875 -1 655.8311157226562 202.52493286132812
0.9756187033265135 -0.11789435854543995 0.0697856310718014 -0.1714614581722737 -1.5948417291347574 -0.07700423596816157 1.0284571683451993
204.67465209960938 -1 846.5153198242188 232.32261657714844 -1 850.31005859375 266.6715087890625
0.9717787325328584 -0.11782122019412104 0.07373269528343562 -0.19059838591929304 -1.6956096869081376 0.03486949661488877 1.0530100972862795
115.06053161621094 -1 729.2525634765625 160.70738220214844 -1 634.3561401367188 162.6870880126953
0.9694991067752727 -0.11799145575310903 0.07978630479945992 -0.19945837635371028 -1.8133797600571202 0.11969786803882441 1.0846278871636013
117.51036834716797 -1 699.6057739257812 181.66632080078125 -1 608.3040161132812 182.4074249267578
0.9681634409661183 -0.11592451026165591 0.0866827636106709 -0.2042233042286248 -1.9583257008008046 0.2058948868111133 1.1345874435258807
133.35411071777344 -1 714.0965576171875 156.7740478515625 360598 845.5355834960938 175.05560302734375
0.9664098979266323 -0.11186251439079568 0.09584110858654693 -0.21060192061922575 -2.1004132514820513 0.3169491182683047 1.1883550830902951
163.76480102539062 -1 638.4322509765625 202.26611328125 -1 642.544677734375 206.12644958496094
0.9650265690881944 -0.11162192643169873 0.1010226265932865 -0.2146128966528766 -2.256187777736223 0.46617434046098694 1.2188786641734728
211.6007080078125 -1 1073.8458251953125 214.27442932128906 -1 703.03955078125 215.35679626464844
0.9641853054456703 -0.10989948006768366 0.10660856140063961 -0.21657196420492295 -2.390227778580049 0.6004940706032945 1.2555447579052605
206.9833526611328 -1 638.873779296875 224.8583984375 -1 590.5211181640625 257.29266357421875
0.962662189083805 -0.10647992767243425 0.11478265052678772 -0.22083586178267148 -2.4917627647675666 0.738980667503023 1.306047997695242
196.72964477539062 -1 549.0983276367188 227.19989013671875 -1 549.0983276367188 227.19989013671875
0.9605826463043783 -0.10745434699053887 0.1223356950543938 -0.22531870904847892 -2.585999812735954 0.9221415607161787 1.344819263995592
209.39556884765625 -1 943.4163208007812 247.5395050048828 -1 553.1700439453125 264.9494934082031
0.9592278146546163 -0.10625155158352342 0.12855621858707303 -0.2281795478162229 -2.695310736956128 1.0766073529098465 1.3823582354940767
191.96014404296875 -1 1005.1166381835938 241.02774047851562 -1 1075.01025390625 243.38804626464844
0.9598442221281533 -0.10021011475882578 0.13336933395297743 -0.22554295135996247 -2.803198552171049 1.1409814443874944 1.4161088720724082
215.32664489746094 569907 923.6469116210938 235.95497131347656 255443 1003.8998413085938 236.63436889648438
0.9605747455165417 -0.09385893372908127 0.13890847067517692 -0.22179065717418042 -2.907529343512919 1.1969665021491744 1.460945691575478
190.13487243652344 -1 775.042724609375 201.53636169433594 520565 1041.5234375 214.89468383789062
0.9616726813506211 -0.08968266095200053 0.14447894923699348 -0.21510115642610958 -2.9955617705543194 1.249307480895115 1.5145791310719858
174.01422119140625 -1 1043.67578125 221.49024963378906 -1 1022.5064086914062 237.4804229736328
0.9627109039898452 -0.08527823741959385 0.1483706454865305 -0.20952682195741115 -3.097281876024336 1.2949755407843435 1.5600552309825615
180.40684509277344 -1 601.9591674804688 227.14195251464844 -1 1024.8551025390625 240.17832946777344
0.9626277860788283 -0.08137682815702844 0.1535268288304615 -0.20773798433925655 -3.1707767676443392 1.3611608905596164 1.6139974661169227
260.72198486328125 -1 885.5414428710938 262.63665771484375 723160 885.4393310546875 267.0824279785156
0.9623062794606776 -0.07923805497811216 0.15846265699993467 -0.20634326131559294 -3.2517436477785457 1.4480089310499618 1.6885857418666324
106.78235626220703 -1 1002.0027465820312 263.3200988769531 -1 901.8355712890625 280.3531494140625
0.9620201461700628 -0.07961635168959527 0.1621238701962807 -0.20468103385304035 -3.35004168305748 1.5667613397352917 1.7583527596013275
123.2793197631836 -1 993.9288330078125 287.2124328613281 -1 863.0634155273438 300.6093444824219
0.9607434463160163 -0.07863151932205542 0.1674566704663667 -0.2067543906335434 -3.40627896846886 1.701834645879406 1.8172017947707748
156.58026123046875 -1 989.3438720703125 183.455078125 238793 746.349609375 236.044677734375
0.9588199719756869 -0.07713179047305885 0.17630894839738082 -0.20887820124171178 -3.4043582288500733 1.8172085504207067 1.8921251060793252
233.40391540527344 -1 812.0714721679688 257.69512939453125 -1 860.3084106445312 257.3987731933594
0.9557660129783679 -0.0743642235372024 0.18694761527342557 -0.21455041327558122 -3.353608380708209 1.9473833414629096 1.9690685457846642
165.17491149902344 -1 1020.1260375976562 177.8149871826172 -1 987.6389770507812 241.8047332763672
0.9530355235251858 -0.07487870188695175 0.19523621505369645 -0.21908740546710312 -3.306014316429708 2.0966393709536653 2.026226437283558
190.3721466064453 241116 968.0668334960938 271.6214294433594 -1 968.0668334960938 271.6214294433594
0.9519799689874519 -0.07511394066467217 0.1990665355404839 -0.22014665337538888 -3.3010814793116494 2.2289326692150917 2.05539074858785
217.48316955566406 -1 1000.2366943359375 233.42623901367188 -1 683.7014770507812 281.91375732421875
0.9527422266292908 -0.0732713333701863 0.20051977006116595 -0.2161142825410514 -3.3246481226783313 2.2908775491665314 2.07382506423113
109.2930679321289 501992 690.4140014648438 109.2930679321289 -1 1245.182861328125 111.41803741455078
0.953639739213184 -0.0686448095521312 0.20371700219611238 -0.2106146265841746 -3.3310954195119318 2.3101610804471875 2.100361999660936
104.72842407226562 -1 696.9857177734375 104.72842407226562 501992 723.9003295898438 144.67535400390625
0.9538140958824666 -0.06518635883293568 0.2080071905619022 -0.2066940197310051 -3.310486838591379 2.352052182091617 2.1294236642215423
227.18544006347656 -1 769.2338256835938 227.18544006347656 -1 999.6377563476562 253.10853576660156
0.9529438490967005 -0.06588156870068065 0.21228316468244549 -0.20613950947527798 -3.2603723991439315 2.479103546264875 2.142616195933385
124.15675354003906 -1 961.2872924804688 124.15675354003906 -1 670.0731811523438 294.08306884765625
0.950855456052073 -0.06997924208419715 0.21730472275076984 -0.2091780697002833 -3.1949084030830193 2.6599214928849526 2.163474184177118
205.29812622070312 -1 638.104736328125 265.966552734375 -1 784.6282348632812 336.1238708496094
0.9490073616166735 -0.07474761859733514 0.22156801591280514 -0.2114365990926136 -3.1176815225813304 2.8205675048968724 2.187395047538108
268.63824462890625 -1 720.4291381835938 287.16583251953125 -1 794.7415771484375 296.53631591796875
0.9464436247014135 -0.08186554373095999 0.2237845756430492 -0.21785995895516158 -3.0268901339403778 3.041729542037048 2.1773036468219895
134.56654357910156 -1 1185.385986328125 212.86062622070312 -1 774.3071899414062 271.35479736328125
0.9456576696589348 -0.0921886960248836 0.21987631282817893 -0.22110455263867693 -2.9840309909420344 3.257280833654682 2.111676447730039
235.9552001953125 -1 1233.520751953125 275.1114196777344 -1 722.0048217773438 289.1437683105469
0.9456288710189249 -0.09915135164415435 0.21390912188368058 -0.22404895745698902 -2.9687671790953445 3.434651977505598 2.0114494885778025
147.97872924804688 -1 842.8896484375 289.70208740234375 -1 1122.033447265625 291.96661376953125
0.946027497365665 -0.1051087316117152 0.20727403714079787 -0.22587961903276751 -2.9703539756415087 3.575159261777426 1.8948615564605766
108.17462921142578 -1 915.3513793945312 238.32046508789062 -1 942.8790893554688 242.30233764648438
0.9471664357322528 -0.1123751076756455 0.19712138692953685 -0.22669525141061747 -3.0054425088602508 3.677298281112845 1.7365620729364597
214.91744995117188 -1 1043.853271484375 218.675048828125 -1 921.43115234375 245.3212127685547
0.9485975721096789 -0.1195955346700635 0.18609390010233817 -0.22633739112065662 -3.0673066297397407 3.803794854034915 1.5863949259641634
203.7804718017578 -1 951.4342651367188 205.38003540039062 -1 992.9306030273438 211.99612426757812
0.9501373909974338 -0.12579609065211278 0.1763570848809059 -0.22430439232780153 -3.1242213530719396 3.925695063322046 1.4592162039855785
108.1497802734375 -1 1203.390380859375 108.1497802734375 -1 252.23374938964844 148.0249786376953
0.9496878189133894 -0.13333189433486065 0.1695361616531959 -0.22709720925741994 -3.1153766046691347 4.093891491810551 1.3239281077382432
282.79046630859375 -1 721.9010009765625 289.2809753417969 -1 721.9010009765625 289.2809753417969
0.948200329319293 -0.14086225459887375 0.16398954836166832 -0.2327689599930427 -3.0892303414151034 4.235030969205685 1.2052861688149352
160.4945526123047 -1 843.065185546875 289.0836486816406 -1 715.4994506835938 290.7840576171875
0.9494818976843741 -0.1436417498887399 0.1503381628082543 -0.23505235685272233 -3.1842151827229115 4.278099944783808 1.0599282895065503
108.17848205566406 -1 722.2533569335938 289.3629455566406 -1 868.0750732421875 308.3868713378906
0.9546052484766883 -0.13687914462721887 0.12758305922014535 -0.23176600774684375 -3.4359366057071234 4.175612207468859 0.9513663788253798
108.22823333740234 -1 1203.4755859375 108.22823333740234 -1 970.0010375976562 302.4713134765625
0.9603257483192472 -0.1289171952321104 0.1088741849091809 -0.22203879334234644 -3.728940855225564 4.002429900974203 0.8568916101971216
189.03306579589844 -1 900.3858032226562 282.7828674316406 -1 287.95843505859375 339.89178466796875
0.962251671495234 -0.12603520866829265 0.09845839839643164 -0.2202107868969586 -3.8634729795749396 3.900984074112633 0.7980156998894489
270.90216064453125 -1 880.4052734375 308.3721923828125 -1 714.9813842773438 309.4503479003906
0.9633781681268473 -0.1229714238497732 0.0938398106556752 -0.2190311028804504 -3.9207087903431344 3.7634863011944537 0.7899405234015514
240.95388793945312 -1 729.431396484375 248.18887329101562 -1 802.3226318359375 258.5024719238281
0.9642983318835542 -0.1172073823422107 0.0903659778599942 -0.21960224656521332 -3.94005545180426 3.6150177263079497 0.8258189822456024
253.42886352539062 -1 747.2263793945312 286.5672302246094 -1 715.9048461914062 305.0811462402344
0.9666909319330401 -0.11166706836033827 0.08479989131418725 -0.2141216626017555 -4.00778591753544 3.420944201149218 0.8452733101074834
222.5150146484375 -1 1028.3184814453125 289.9073486328125 -1 703.8428955078125 303.7060852050781
0.9684692274274235 -0.1086650742359715 0.07769542205233906 -0.2102918889532583 -4.085752562222498 3.257666395438871 0.8356930793435886
233.60923767089844 -1 843.62841796875 258.99798583984375 555213 706.4140625 266.5276794433594
0.9697455697574646 -0.10518809811917913 0.07282470715057973 -0.2079075659476408 -4.148164875077252 3.082125016847387 0.865250393560292
0.5 -1 0.5 0.5 -1 0.5 0.5
0.9710433214060205 -0.1017194987728916 0.06804475303195844 -0.20517778414578783 -4.210108635240817 2.9132823165703554 0.8954842928690776
164.0846405029297 -1 1185.3154296875 212.79014587402344 -1 949.0376586914062 234.1100616455078
0.9720710513082267 -0.10259510403265366 0.06039718354391943 -0.20224810520004882 -4.287263900593573 2.7800815153594467 0.8976744653905749
174.68426513671875 -1 669.4205322265625 213.000244140625 -1 660.103515625 219.9334716796875
0.9737357064531146 -0.10335673204957214 0.0529902948643119 -0.1958269352476321 -4.372134548153436 2.6146153264272542 0.893926090668716
212.13320922851562 -1 636.990966796875 233.5496063232422 -1 997.3366088867188 258.61614990234375
0.976261328668753 -0.09664973005986878 0.04871270821782784 -0.1876158838780985 -4.440449178162614 2.3602082054294704 0.9193707753979409
197.71044921875 -1 906.1099853515625 281.12811279296875 -1 810.508056640625 292.2860107421875
0.9787467168808011 -0.09360404391333603 0.047181992084916274 -0.17625835237236895 -4.473239948633896 2.087125172293395 0.8967420302241766
142.80966186523438 -1 1111.9229736328125 193.45431518554688 -1 1111.9229736328125 193.45431518554688
0.9815025897659264 -0.08839173045010329 0.04633978597371115 -0.16337745409549786 -4.477615411096814 1.7744357747492667 0.8952498763782833
235.91307067871094 -1 970.8653564453125 254.37942504882812 -1 858.90576171875 285.38287353515625
0.9847388950532439 -0.08208921626313322 0.043624270670364076 -0.1471312072644676 -4.496943653158654 1.4611708492139828 0.8894439608891952
193.75482177734375 -1 1027.891357421875 231.43597412109375 -1 993.0170288085938 236.60714721679688
0.987516739830154 -0.07902111885112945 0.035218760789502736 -0.13162822728879792 -4.551562174711313 1.2001369802802144 0.8278881637913893
161.43360900878906 -1 840.183349609375 200.1510467529297 -1 1256.825927734375 201.1311798095703
0.989006979254184 -0.07529562035893596 0.025061353436125703 -0.1247705618534549 -4.6141225702084805 1.0318294634448493 0.7409006649421841
244.86233520507812 -1 750.6223754882812 296.9057312011719 -1 972.9200439453125 308.4339904785156
0.9905050941456958 -0.06689208140322239 0.017348782614643683 -0.11884497321620699 -4.660335742112879 0.8446598906215045 0.6481069394321107
205.01913452148438 -1 613.8546142578125 271.214111328125 -1 789.1666259765625 306.77593994140625
0.9916513102058511 -0.06333518812089087 0.01349412285114383 -0.11150893041002827 -4.645450131833101 0.6705721159915637 0.5947035832699155
171.13238525390625 239760 809.5592041015625 204.9368438720703 -1 130.22463989257812 206.06752014160156
0.9921080392438295 -0.06455800223841757 0.014315684855117845 -0.10653151637838261 -4.528326896669307 0.5394789373288023 0.5869228369783224
209.15484619140625 -1 606.4530639648438 213.6395721435547 -1 565.6107177734375 246.59898376464844
0.9928252137455098 -0.06608604116750694 0.017330602967722736 -0.09813450114391256 -4.383687774720204 0.41945659822297277 0.6203802195026961
286.46575927734375 -1 687.2340698242188 333.0936279296875 -1 761.347900390625 342.22845458984375
0.9938605911512574 -0.06708185496579072 0.016837531897472877 -0.08635767256256639 -4.21707768472524 0.27282856037306763 0.622614344318202
276.9917297363281 -1 729.0858154296875 322.8135681152344 -1 783.4415283203125 330.1465148925781
0.9951842787595588 -0.06696351494373226 0.013480126619723134 -0.07030238376124638 -4.09699087608071 0.10120852678603237 0.6205600527370166
233.70216369628906 226056 801.4467163085938 270.44775390625 260301 736.9992065429688 284.2916564941406
0.9959401975693994 -0.06614840121813993 0.010267017236105395 -0.060183886870017675 -4.002239853584785 -0.02781228336569715 0.6034355078870548
261.4734802246094 248266 826.42919921875 261.4734802246094 -1 938.8875732421875 273.40057373046875
0.9964832674437626 -0.06541822252566368 0.006321371136678171 -0.05197686151681285 -3.9271702589026325 -0.1680523719306997 0.5761338773089237
111.35016632080078 -1 485.4600830078125 205.29624938964844 -1 748.8150024414062 236.09878540039062
0.9970201267403093 -0.06417638799767883 -0.0013510689002434414 -0.04278355655080684 -3.8361768350066243 -0.332881480385795 0.5295463581294326
236.12684631347656 -1 420.1932067871094 239.32176208496094 -1 867.96826171875 248.9729766845703
0.9973071252495203 -0.06516258880431554 -0.005889264534977673 -0.03313082416865866 -3.7406543234452947 -0.45042540367336387 0.5307068394462331
205.9867706298828 -1 433.77978515625 207.42926025390625 366573 452.6501159667969 226.87181091308594
0.9973252298719881 -0.06646385722801576 -0.0069838773425369115 -0.02960011825018121 -3.6255934012675337 -0.5081635749536474 0.577616425383116
11.641793251037598 -1 903.272705078125 249.95584106445312 261431 874.4783325195312 271.48211669921875
0.9973538462544377 -0.06513131416646117 -0.007812714371457745 -0.03133973150139177 -3.52570271271189 -0.5424768703459976 0.6176568339579114
201.5894317626953 -1 462.5843200683594 202.4817352294922 -1 921.50244140625 225.22145080566406
0.9975376033920671 -0.06296312932265093 -0.008833725927189513 -0.02960303111090889 -3.445332647217905 -0.5939210383643091 0.6224212061818065
189.0235595703125 -1 506.4964294433594 189.0235595703125 -1 927.101318359375 220.4621124267578
0.9976298624609525 -0.059386898422264044 -0.006280867189858995 -0.034181932790114763 -3.3677758330440684 -0.6101365824229361 0.6165604135697018
231.4500732421875 -1 828.3379516601562 254.22869873046875 225322 895.9586181640625 263.7865295410156
0.9976972429210826 -0.0554062904056198 -0.0021538928189807015 -0.039060404463891606 -3.271032083748614 -0.6344619272396044 0.6512715345090455
194.30496215820312 -1 901.6025390625 194.30496215820312 -1 549.8644409179688 195.85577392578125
0.9977425459755233 -0.05346317668551284 0.0009494332253977951 -0.04062756780223353 -3.1625913031822033 -0.6816981757786751 0.6828539087004533
29.36170768737793 -1 989.4603881835938 183.3922119140625 -1 960.4765625 209.4485321044922
0.9976254799109072 -0.05330789909724394 0.0027300844799876484 -0.04352259602898744 -3.0419681944022003 -0.7317889771920523 0.6578095702180271
214.7305145263672 -1 627.5341796875 245.1205291748047 294998 504.642578125 249.03114318847656
0.997224714864031 -0.056092794986202156 0.0022386914598953836 -0.0489025017308476 -2.9347656168000165 -0.7113984726704996 0.5784150642632321
14.047624588012695 -1 585.1505126953125 55.120323181152344 -1 521.9669799804688 83.47257232666016
0.9970146058067911 -0.05729484339303733 0.0006200719807947724 -0.05175705014039031 -2.8661140972646058 -0.6784774263837183 0.5437802027799431
41.416194915771484 293346 571.2822875976562 54.69213104248047 257029 795.2528076171875 64.9991226196289
0.9969261390518185 -0.05909314375311687 -0.0011383325208794177 -0.05142934799975497 -2.752835854119639 -0.6621008438416868 0.520646243993793
198.63113403320312 -1 655.8035278320312 265.36126708984375 360600 421.097412109375 310.3860778808594
0.9971404559121906 -0.06003305623405107 -0.002717616401503815 -0.04582093302762918 -2.5979573630474575 -0.6949698721681414 0.5019438881392873
193.62437438964844 362650 727.6349487304688 273.6191711425781 -1 474.59527587890625 280.11895751953125
0.9976672106102116 -0.058050361370436954 -0.008367518172030547 -0.034932464236612885 -2.4613334980681585 -0.787544384150829 0.47701899651704743
278.1922302246094 -1 901.6858520507812 297.4286804199219 297037 1029.1788330078125 299.0967712402344
0.9982304975391959 -0.054622647508848717 -0.016182762664284752 -0.017039904762791276 -2.303242087124031 -0.931103655306799 0.44659803611135374
299.3711853027344 -1 885.9131469726562 331.3842468261719 374313 915.3585815429688 353.8008728027344
0.9984260975396024 -0.05187243093199185 -0.021253055962932536 0.00169890355305035 -2.1069825850984416 -1.0812813517652682 0.44206084612546853
248.01083374023438 -1 936.1697387695312 288.5955810546875 -1 962.9130859375 297.1601867675781
0.9981589584921244 -0.05023162080144105 -0.024354119515712234 0.023714019401865426 -1.8300722395687208 -1.2320099199921664 0.4588367452356917
279.61865234375 -1 913.00390625 363.3434143066406 -1 1022.9197998046875 368.464111328125
0.997509899637235 -0.04970254434722901 -0.027082594691385967 0.04207362922196339 -1.5916173630257273 -1.3249531769752017 0.4509151537949671
327.5740051269531 -1 842.9371948242188 337.19036865234375 -1 960.651611328125 358.79449462890625
0.9962740527284948 -0.050737254107331896 -0.032419609083503276 0.061747160683397695 -1.3461630224556835 -1.363752166830961 0.4585533213023171
320.97271728515625 346479 205.45753479003906 357.0478515625 -1 831.6491088867188 380.2582092285156
0.9950495159618571 -0.05290492856572342 -0.03497902149753917 0.07651141988359893 -1.125820260572815 -1.3536373142639575 0.48376953933121486
334.284423828125 -1 826.07861328125 350.1029968261719 -1 956.8411865234375 358.44744873046875
0.994178304323887 -0.05549001992209616 -0.0339787832975797 0.0858824731033187 -0.9087719012033748 -1.3189154815719162 0.5226792725112
345.74615478515625 -1 563.3176879882812 350.1377868652344 -1 868.5819091796875 366.5516357421875
0.9934052784419491 -0.058366112155186285 -0.0307113936376042 0.09378784578183852 -0.7070523093372326 -1.2638673216219307 0.5539633496179659
367.4924621582031 -1 845.8685302734375 393.56463623046875 -1 989.755615234375 395.1227111816406
0.9924732380899449 -0.060540817112539405 -0.029753970641453194 0.10220754556133974 -0.5206961792905637 -1.1918692822638204 0.5787154255382421
286.51873779296875 -1 673.1427001953125 288.80255126953125 -1 592.8307495117188 364.4872131347656
0.9911036649528463 -0.06494774454182592 -0.02937705254949951 0.11239352552291372 -0.3378815780723886 -1.1095224258068839 0.6175695423742916
235.9509735107422 -1 418.09307861328125 241.38983154296875 -1 850.4186401367188 249.82334899902344
0.989928710265916 -0.06804259414684051 -0.02552311112464505 0.12149043078180116 -0.1484780961468862 -1.0375088737469966 0.6562210021408965
341.4207458496094 -1 735.040283203125 354.83612060546875 -1 834.3740844726562 397.4627685546875
0.9885037511960133 -0.07209245495898693 -0.021314586455017284 0.1311819355462039 0.04363673561932972 -0.9680248408550267 0.7100787774876204
176.3535919189453 -1 792.5677490234375 297.0922546386719 569526 927.2532958984375 329.8359069824219
0.9870154954850975 -0.0771478066727077 -0.015946567225832656 0.13997976493625836 0.23301500001970823 -0.889066089242194 0.7494823848465856
220.3616180419922 -1 816.9042358398438 260.0107421875 -1 861.7945556640625 302.27978515625
0.9869845252940569 -0.08137345631827012 -0.006395575164871612 0.13856047075264358 0.41344638993867894 -0.848110980530517 0.7838207539119153
298.35198974609375 -1 674.477294921875 298.35198974609375 -1 680.0382080078125 301.1446228027344
0.9871911492795353 -0.08485573819414623 0.005121844816811562 0.13500705605763474 0.5821428758242518 -0.8127250838173629 0.8108085679393379
321.8248596191406 -1 935.7178344726562 334.31817626953125 368417 922.1490478515625 356.162109375
0.9877171079960776 -0.08647936410081476 0.013925733470505044 0.12939207125590063 0.7050625505773934 -0.8009265010907027 0.8356078444135593
242.32757568359375 438661 694.9755859375 315.84002685546875 357368 879.4821166992188 331.48211669921875
0.9870895656783101 -0.09132544881017776 0.023396513405196266 0.12948534623309785 0.8481767011395605 -0.7679172170402924 0.8801051386260342
333.55743408203125 -1 799.4002685546875 337.5885314941406 -1 799.4002685546875 337.5885314941406
0.9862006497290028 -0.09705572079045996 0.033777363735912655 0.1297981326329044 1.0153776509595966 -0.7115951053909847 0.9116632448022409
354.2998962402344 -1 809.7877807617188 356.0230712890625 -1 812.89501953125 365.08526611328125
0.98452251380305 -0.10203299419489091 0.0411397259842108 0.13642657679679843 1.1701078763930868 -0.6313447277011808 0.955115006291249
215.86196899414062 -1 442.9731750488281 355.0869140625 -1 920.484375 360.00445556640625
0.9827379648766159 -0.10680348838732966 0.044727156289461285 0.1442864815175797 1.2924660872084575 -0.5461533972679682 1.0146820579048947
287.686767578125 -1 834.2443237304688 331.3736877441406 -1 832.9385986328125 360.61187744140625
0.9810828227935428 -0.11548859799830823 0.04934638884191262 0.14732213839101677 1.3916697506541307 -0.4379727880731949 1.0743265850380992
282.27362060546875 -1 776.9708862304688 358.0789794921875 -1 777.1712036132812 369.1090393066406
0.9793752626430656 -0.12311414192593982 0.05321152641749396 0.15111431579101403 1.4742311745809975 -0.3011332777804311 1.1256309892127738
271.33087158203125 -1 1274.5308837890625 281.43109130859375 -1 602.1433715820312 292.6761169433594
0.9785589345546947 -0.12672050041148156 0.053334909248881984 0.1533613831251467 1.508030555077795 -0.16223117409077276 1.2008578753300467
179.5264892578125 -1 656.0130615234375 202.5606689453125 -1 943.5289916992188 247.9666748046875
0.9782279211813324 -0.1299591752809958 0.05206579591845388 0.15319888993367586 1.519686672141936 0.005629576408648855 1.3081060620649285
108.00506591796875 -1 1010.423828125 132.18499755859375 -1 656.4513549804688 203.31788635253906
0.97899852759087 -0.12837974809620592 0.05135227521057175 0.14981143842965067 1.5352983132400704 0.1487029993817948 1.429420697805685
124.36701965332031 -1 780.30615234375 197.84915161132812 -1 868.3571166992188 223.29141235351562
0.9793436656457888 -0.12428713445613776 0.05707857838179011 0.1489319598275172 1.5991680524667968 0.3067727740294256 1.5960902661214527
97.99297332763672 -1 961.3679809570312 124.41351318359375 -1 961.3679809570312 124.41351318359375
