0.9964918523040159 0.025878738564832984 -0.0424283094363439 -0.06733585776076784 4.1031137729523195 -1.3697791954849259 1.849141092857882
12.659953117370605 -1 784.1954956054688 19.76732635498047 -1 784.1954956054688 19.76732635498047
0.9966554758607806 0.021983746646842838 -0.04500918626144676 -0.06456586150723143 4.143537635530346 -1.357263123737126 2.068852981614136
11.607095718383789 -1 456.98822021484375 12.917773246765137 -1 456.98822021484375 12.917773246765137
0.9965932505571031 0.025943851954039365 -0.04208092998372454 -0.06601518629466104 4.1702206890323135 -1.3810084795905497 1.7228390686535495
3.6966304779052734 -1 841.8987426757812 3.6966304779052734 -1 434.2137145996094 14.650708198547363
0.9964482347214519 0.02888737159403247 -0.04136805755152057 -0.06741749845036225 4.178887052035343 -1.4410221004305062 1.699112386990031
12.608867645263672 -1 1557.7664794921875 12.608867645263672 -1 784.149169921875 19.75971221923828
0.996180647918144 0.03598625585955873 -0.042293391736896675 -0.0673823056743139 4.174267525965151 -1.495376482721261 1.7475515681957587
3.6615054607391357 -1 384.6615295410156 3.6615054607391357 -1 434.2139892578125 14.865239143371582
0.9957573870961541 0.04158627342435298 -0.045953753123078846 -0.06801514890094701 4.166558341674101 -1.5655977231418499 1.8331752769954093
3.2772960662841797 -1 937.8626708984375 16.250904083251953 -1 937.8626708984375 16.250904083251953
0.995573026450439 0.04875358365921511 -0.04231924842852044 -0.06831191914404663 4.147653258683733 -1.5690839035871291 1.4198538677910992
20.12591552734375 -1 1004.3506469726562 39.70747375488281 -1 1004.3506469726562 39.70747375488281
0.9954598921410316 0.04483970745314096 -0.04603875063086479 -0.07020995096445935 4.1414403308901155 -1.5938053240202117 1.7284113188369181
3.831860303878784 -1 599.562255859375 11.698802947998047 -1 599.562255859375 11.698802947998047
0.9954969383439244 0.045685270465742875 -0.04282446539211663 -0.07116717624175027 4.1300544453080885 -1.5685753362018628 1.3473715698760185
16.827604293823242 -1 784.2092895507812 19.940654754638672 -1 523.950439453125 28.011489868164062
0.9955867954912674 0.04047117840770045 -0.04636485489816627 -0.07084713538311496 4.1379397583973345 -1.5615910207774368 1.613506631207446
4.939813613891602 -1 1197.1656494140625 4.939813613891602 -1 1149.7945556640625 11.225153923034668
0.9956559083809732 0.04276242917952721 -0.04249050378349946 -0.07095945211844329 4.129461681236433 -1.5418378044127374 1.2796564450663428
2.933539867401123 -1 321.204833984375 4.705657958984375 -1 1024.7464599609375 10.339300155639648
0.9956210325581675 0.04359405898486855 -0.042284414726532854 -0.0710657851590137 4.127968118273789 -1.5425635176341848 1.1985261874814928
0.5381190180778503 -1 0.5378900766372681 0.5381190180778503 -1 0.5378900766372681 0.5381190180778503
0.9955933127754708 0.044834465480688764 -0.04273399234866736 -0.07041045490385998 4.128340287018544 -1.553976085572363 1.1275125469767842
8.3980073928833 -1 784.2666625976562 19.819345474243164 -1 784.2666625976562 19.819345474243164
0.9954019198402695 0.04795417667314408 -0.044053522958370464 -0.07024743435074925 4.12320464882008 -1.5723064674092544 1.1178144904853489
0.5 -1 0.5 0.5 -1 0.5 0.5
0.9953362123087358 0.048343784259728614 -0.04536311106164876 -0.07007775071416479 4.114178365759413 -1.5757571419570742 1.0633197144292295
0.5334150791168213 -1 0.5332684516906738 0.5334150791168213 -1 0.5332684516906738 0.5334150791168213
0.9952815651624232 0.04740073512142107 -0.0461589283635606 -0.07097273906306296 4.102235601762576 -1.5621473166078335 1.0852832689020981
11.525147438049316 -1 1496.155517578125 13.522912979125977 -1 1028.494384765625 14.42703628540039
0.9953907710701704 0.04298821283024886 -0.04772357957963337 -0.07121577337991485 4.088486671350039 -1.5377098274797516 1.1345618334029524
19.593971252441406 -1 1028.3023681640625 23.254972457885742 -1 618.9747314453125 30.20820426940918
0.9955761173601511 0.040107144260748726 -0.04986608623021071 -0.06879669298313275 4.079359254652448 -1.4791945977372354 1.130688639208671
19.926803588867188 -1 640.0685424804688 24.13872528076172 -1 741.7263793945312 77.25951385498047
0.9957455322909697 0.038508860666527214 -0.051040375568236096 -0.06635346738937424 4.0783423124548985 -1.4458498133707196 1.1342750210426935
4.973744869232178 -1 852.5183715820312 15.685646057128906 -1 991.8055419921875 21.945476531982422
0.9958180942808946 0.040118548797363145 -0.050408983513876175 -0.06477468275691299 4.084188932677868 -1.4357321495926147 1.1189539214140583
11.566106796264648 -1 599.676025390625 11.566106796264648 -1 288.8262939453125 15.476696968078613
0.995790827504482 0.0413416739714122 -0.04989074565088977 -0.06482597742864173 4.087569536455231 -1.4565108205199466 1.089931841736345
4.618880748748779 -1 1197.1754150390625 4.8157148361206055 -1 1197.1754150390625 4.8157148361206055
0.9956816203571827 0.04383861614056254 -0.049807993209089484 -0.06492650021569825 4.0891416387756525 -1.4863766799500744 1.0628976231974938
12.614822387695312 -1 434.1263427734375 14.692558288574219 -1 821.9563598632812 35.774688720703125
0.9956336284958233 0.04839545080745744 -0.048108246556104274 -0.06369579862660696 4.0955464917538045 -1.5060428947039426 1.0017001114407849
0.5266246795654297 -1 0.5265568494796753 0.5266246795654297 -1 0.5265568494796753 0.5266246795654297
0.9956223715396486 0.05112301947916624 -0.046985645280621255 -0.06256899636930635 4.105801043125937 -1.52427668512937 0.9087053472424802
0.5295175313949585 -1 0.5290218591690063 0.5295175313949585 -1 0.5290218591690063 0.5295175313949585
0.9956322222131976 0.05369623994492847 -0.046588966758034527 -0.060519914763699306 4.1260257546689285 -1.5426567678890524 0.871324011885679
4.668652057647705 -1 1004.1700439453125 39.75361633300781 -1 1004.1700439453125 39.75361633300781
0.9955933590288123 0.05112630241103741 -0.05350632635211989 -0.05759372969171362 4.171781289521319 -1.5722120940158253 1.3387552668327451
13.864058494567871 -1 1477.204833984375 13.864058494567871 -1 783.9921264648438 19.804521560668945
0.9958336758488411 0.06094327142391204 -0.040367591805441284 -0.054512982356187525 4.171626291001804 -1.5352983555041866 0.7558245032508883
2.88561749458313 -1 1177.587890625 18.779644012451172 -1 1177.587890625 18.779644012451172
0.9961629736269768 0.06080965023884357 -0.037572955156299506 -0.05049543992591333 4.199142710592227 -1.5310537586065256 0.7120155836191848
12.649540901184082 -1 1556.095458984375 16.94768524169922 -1 1556.095458984375 16.94768524169922
0.9962880878639396 0.06198549181481274 -0.035395366080727776 -0.04811458037749252 4.225446312673029 -1.5172874846620346 0.6542328078534362
4.939757347106934 -1 1394.755126953125 8.404770851135254 -1 784.1133422851562 19.767141342163086
0.9963450373510482 0.06148980990172682 -0.03325477461948542 -0.04908859123253775 4.245031096009156 -1.509204406368367 0.6034531520100365
0.524052619934082 -1 0.5239859819412231 0.524052619934082 -1 0.5239859819412231 0.524052619934082
0.9966441008790884 0.05806771250897352 -0.030825457866168054 -0.04876954063993214 4.259364277610067 -1.4842598825773357 0.5715557642480137
11.537616729736328 -1 1556.0145263671875 16.81074333190918 -1 1556.0145263671875 16.81074333190918
0.9969602105767995 0.05202913134321469 -0.028260755165275236 -0.05064225247580069 4.271188361659728 -1.4607122759370432 0.47304668634556674
3.5235180854797363 -1 842.3607177734375 3.6962814331054688 -1 1028.659423828125 14.349403381347656
0.9969959916443503 0.04688555914600607 -0.027531591378979377 -0.0551611137016459 4.28057567004327 -1.4489594146243128 0.4341754257515201
3.596968173980713 -1 288.4194030761719 15.265998840332031 -1 784.1571044921875 19.761850357055664
0.9972502721136532 0.039338193626513605 -0.026026680611701075 -0.0571577920128487 4.298542760316288 -1.403551451842263 0.4123560482595873
13.553892135620117 -1 1028.599609375 14.493216514587402 -1 1160.8428955078125 20.946977615356445
0.9973945809198412 0.03495831603008696 -0.024941506875472357 -0.05796453507840525 4.318178490497375 -1.34887904213355 0.3665924001334954
3.76096773147583 -1 1503.7244873046875 3.686103582382202 -1 1128.8109130859375 6.430612087249756
0.9973296941153337 0.02894653393198394 -0.024731914884382 -0.06232103814356055 4.317648291577973 -1.3433703484057895 0.3373822873759536
4.8416595458984375 -1 1233.5921630859375 6.318913459777832 -1 428.81414794921875 11.729938507080078
0.9972551891439227 0.027791589809705107 -0.026062216498311353 -0.063486031003389 4.309457819736926 -1.3259733059089562 0.30474307236710146
10.079514503479004 -1 899.0977172851562 10.525163650512695 -1 1557.7904052734375 12.619233131408691
0.997474493183294 0.029747394904135922 -0.027753654129848957 -0.058219091607385615 4.314404331461812 -1.2779221093146724 0.2941819008497478
14.392939567565918 -1 1028.6170654296875 14.392939567565918 -1 288.7405700683594 15.343144416809082
0.996895585029691 0.027641883995763183 -0.028415848683518072 -0.0680268942483077 4.284573834944536 -1.3600544691426368 0.28463520012594246
17.093082427978516 -1 649.2064208984375 26.850482940673828 -1 465.78668212890625 29.298105239868164
0.9969605018861896 0.023553466401717224 -0.024541750952122153 -0.07009061534545422 4.298608100883921 -1.3569224073363284 0.23236067553362894
11.129591941833496 -1 428.9483642578125 11.458963394165039 -1 1029.5406494140625 12.987380981445312
0.9971037917594424 0.0221345169328908 -0.017498353813309064 -0.07062506094095924 4.3188789600994735 -1.3451626376982968 0.12663656623475397
19.9815731048584 -1 783.9907836914062 19.9815731048584 -1 1028.404052734375 23.504077911376953
0.9970550032308171 0.02063525955299572 -0.013665060479600932 -0.0725863121922082 4.325215040019791 -1.3669468514746312 0.06467381386280475
4.868185043334961 -1 1197.2374267578125 4.868185043334961 -1 1233.6463623046875 6.4782328605651855
0.9972105784758558 0.020453113345058414 -0.013511606468612611 -0.07049942425992248 4.323094362010839 -1.3569253304056312 0.020137729785524097
3.5140979290008545 -1 784.2471313476562 19.669063568115234 -1 373.54107666015625 22.711650848388672
0.9974540956193874 0.021743249910107964 -0.01996482683603195 -0.06491505145083018 4.296159765966867 -1.3242298884114125 0.026724542487028612
12.628006935119629 -1 434.25390625 14.713004112243652 -1 288.468994140625 15.587398529052734
0.9979418549062713 0.02130954134720662 -0.02883043774652314 -0.05316731639970249 4.2626895247047205 -1.2465713964324405 0.07456591104229003
11.192676544189453 -1 1149.8656005859375 11.192676544189453 -1 1025.9088134765625 20.5551815032959
0.9980135739744956 0.021209481266704116 -0.038426113281963284 -0.04519400275582097 4.217447851028715 -1.1858543866064126 0.15993776418851657
11.171418190002441 -1 783.914306640625 19.861696243286133 -1 248.20143127441406 37.64457321166992
0.9979377302093952 0.02095438142185803 -0.041535457658318356 -0.044226759782530496 4.158648339485529 -1.1670874384332697 0.189086907288518
5.4600653648376465 -1 1557.802490234375 12.620055198669434 -1 288.7575988769531 15.4795560836792
0.997798767767603 0.018020123515262346 -0.04197644280267706 -0.04807153460813847 4.089992399276622 -1.1733870467585217 0.18433633884779008
3.924132823944092 -1 1394.705810546875 8.473969459533691 -1 1149.7960205078125 10.955698013305664
0.9977230526192392 0.014072606074795019 -0.04185535513910912 -0.050978439330660215 4.0266696724032895 -1.165999433247051 0.1952575434695408
0.5716463327407837 -1 0.5711394548416138 0.5716463327407837 -1 0.5711394548416138 0.5716463327407837
0.9978066308052156 0.011519642437748381 -0.04157946506097253 -0.05020332105044644 3.9794829681511104 -1.1331372250507366 0.1940694577121844
38.12276840209961 -1 1004.36865234375 39.53351593017578 -1 924.5339965820312 56.069419860839844
0.9979443122959064 0.009113701361007824 -0.042324148235585245 -0.047252052652612245 3.9381361320731703 -1.0874065749933366 0.21043431669428034
8.3566255569458 -1 1394.706787109375 8.3566255569458 -1 1149.9490966796875 11.105485916137695
0.9981121826755349 0.007581738055984918 -0.04236870224397726 -0.0438118832383567 3.917561756523089 -1.05165742519033 0.1991076888859853
11.03701114654541 -1 764.4951171875 15.68983268737793 -1 784.0868530273438 19.805898666381836
0.9982716209606285 0.006222523404108845 -0.04105911534894099 -0.04158365104084841 3.9064417459984613 -1.0351349331554094 0.18530957124430178
3.27685546875 -1 270.5928955078125 4.586529731750488 -1 1149.895751953125 11.029866218566895
0.9984017699445297 0.006148042313950226 -0.03864965120871788 -0.040771458261644584 3.9025145588989005 -1.0392307291194232 0.16170533760449013
3.037048816680908 -1 1557.767333984375 12.625397682189941 -1 930.0115966796875 17.176855087280273
0.9983963690716507 0.007128255281741851 -0.03607349511690871 -0.043041621150146904 3.8910519382486797 -1.0734139220887648 0.14365231706771117
12.521977424621582 -1 1195.4613037109375 12.521977424621582 -1 852.7581787109375 15.354299545288086
0.998440711849312 0.007901895714026016 -0.0340343883213477 -0.043535794210687116 3.8742501803793257 -1.091657353866671 0.1286327794697493
3.659618377685547 -1 321.26788330078125 4.493784427642822 -1 1149.94921875 11.074646949768066
0.9983882980977585 0.008713635531924167 -0.0335997407497626 -0.044899178153134205 3.8439521402136916 -1.1152458159784144 0.12490561862752807
6.645999431610107 -1 1555.896240234375 16.991012573242188 -1 784.05810546875 19.794301986694336
0.998311258573329 0.010017296555002452 -0.03394351550244931 -0.04606650117818788 3.803981346476319 -1.1386787270392116 0.12307903162610291
3.29251766204834 -1 640.0999755859375 23.905221939086914 -1 649.1691284179688 26.918241500854492
0.9983493920409242 0.011589651086092119 -0.03408116060827881 -0.04475093173122018 3.767740808999811 -1.1447974285282743 0.1171384820251691
5.630034446716309 -1 190.40118408203125 5.630034446716309 -1 902.9738159179688 8.677550315856934
0.9984989379382072 0.01229087472765936 -0.03310112030662289 -0.0418702898144698 3.7424834931264197 -1.1329148623613998 0.11045309340347283
11.12373161315918 -1 1150.005126953125 11.12373161315918 -1 434.1418151855469 14.60495662689209
0.9985958014018774 0.012098547076348597 -0.031548215641936474 -0.040801478784393816 3.714476216069486 -1.1262376520719266 0.09640719085423873
4.79569673538208 -1 1557.7513427734375 12.663427352905273 -1 434.11749267578125 14.85919189453125
0.9986551641024639 0.010949816339813694 -0.030396939704297955 -0.04054615629401273 3.677212160275434 -1.118564522427106 0.08676194503854978
23.37122917175293 -1 524.0408935546875 28.158695220947266 -1 1058.4581298828125 48.96186065673828
0.998799087598937 0.009370876129644486 -0.029027880418789703 -0.038339945885283555 3.6450981407154894 -1.095830027454713 0.07604402931284976
2.9402101039886475 -1 878.1809692382812 2.9402101039886475 -1 1149.8096923828125 11.06817626953125
0.9988297543295744 0.007704878595697383 -0.02785333245337278 -0.03878077594620195 3.602264604363133 -1.0905563480689233 0.07085855765972092
6.195428848266602 -1 1128.902587890625 6.747743606567383 -1 784.2666015625 19.884483337402344
0.9989779111640021 0.006183690259918431 -0.02623849974714027 -0.0362827247074389 3.5756528470499953 -1.061086471166017 0.05914257771342572
6.902958393096924 -1 1149.93212890625 11.081541061401367 -1 875.276611328125 14.20258903503418
0.9990847676720771 0.0024162237589244857 -0.024655707885606927 -0.03486954168093233 3.5448557748505793 -1.038088935288162 0.05159210017704155
0.58982253074646 -1 0.5893652439117432 0.58982253074646 -1 0.5893652439117432 0.58982253074646
0.999097295582345 0.0010540245118684254 -0.022965405988184473 -0.0357221656702212 3.5025108106236784 -1.0332611744484446 0.038141415088441565
3.0797042846679688 -1 197.3733673095703 4.287968635559082 -1 428.80401611328125 11.55173110961914
0.9991336773018471 0.0009837810864541051 -0.02114826121626072 -0.03582845382641382 3.457604151454452 -1.032375811516282 0.03376702693006245
3.547980785369873 -1 384.4866638183594 3.547980785369873 -1 1149.939697265625 11.06503963470459
0.9991983555274189 0.0016299786472750528 -0.019249183009692264 -0.035063634072506546 3.4180086654741726 -1.027202119005436 0.020703486586183265
10.131284713745117 -1 695.0521850585938 19.05584716796875 -1 695.0521850585938 19.05584716796875
0.9992163105823605 0.001588729782552448 -0.01650001087679859 -0.035944265814163254 3.374304214611516 -1.0348191166824317 0.010179216903213027
12.37993335723877 -1 456.38092041015625 12.37993335723877 -1 599.3739624023438 12.373452186584473
0.9992168807456637 0.001570872149436794 -0.01395707042535885 -0.036991320316226484 3.324813790476715 -1.0447867227433405 0.003981592452076729
11.131433486938477 -1 875.4568481445312 14.276226997375488 -1 583.0372924804688 27.186399459838867
0.9991388728287357 0.0019167795239201596 -0.013313346369539306 -0.03925039575883111 3.269022270279979 -1.0613826493597076 0.01135693590537939
3.7106399536132812 -1 481.5684509277344 13.422446250915527 -1 481.5684509277344 13.422446250915527
0.9992109175304169 0.0007836389625408155 -0.012495570241522596 -0.037693353821837035 3.229682889578544 -1.0543783530402646 0.02656568367875383
12.505377769470215 -1 702.8387451171875 19.471538543701172 -1 784.2576293945312 19.752243041992188
0.9992715328209166 -0.00046741530760577413 -0.011524619858992871 -0.03637813015771706 3.1939688146909817 -1.043715078261561 0.027267640552607022
19.694522857666016 -1 848.96533203125 32.04061508178711 -1 848.96533203125 32.04061508178711
0.9992333567349108 -0.000392378254435874 -0.013628533877688273 -0.0366988813444334 3.14334985179019 -1.0386263051712175 0.04861572697625058
3.102755308151245 -1 936.9605102539062 3.102755308151245 -1 495.01898193359375 4.1086225509643555
0.9992497645603133 0.0013001802014176544 -0.01811543075620163 -0.03420597500612239 3.0896100944233607 -1.0076582392838578 0.10002924095617118
4.843994617462158 -1 1394.6524658203125 8.461243629455566 -1 456.8991394042969 12.876663208007812
0.9992716143412484 0.0021273904552148045 -0.024337278230787216 -0.02931572734904755 3.0440842148004386 -0.953664652543813 0.13198042338926777
0.5430048704147339 -1 0.5428260564804077 0.5430048704147339 -1 0.5428260564804077 0.5430048704147339
0.9991116464931866 0.0015935916810171044 -0.029021912861954834 -0.030514043997165324 3.0006026232129406 -0.942991378355288 0.17405929049590538
3.559847354888916 -1 1557.72509765625 12.666010856628418 -1 1557.72509765625 12.666010856628418
0.9986082569479482 0.0018678181745894061 -0.03314671211338227 -0.04097994493310065 2.9327329737389953 -0.9883355048857513 0.16350860164166778
11.042566299438477 -1 618.3240966796875 22.67537498474121 -1 649.0975341796875 27.026710510253906
0.9982586172680529 0.000514232546562902 -0.03421789785383942 -0.04804793524624875 2.8707621833631727 -1.0245129814254328 0.18236501713731984
8.50366497039795 -1 764.3311767578125 15.78394603729248 -1 784.1146850585938 19.764184951782227
0.9981486677696316 0.0005283038251840731 -0.03437490437418595 -0.05017293965917711 2.8102076522943107 -1.037882760999781 0.1815274019734014
0.5464984178543091 -1 0.5461370348930359 0.5464984178543091 -1 0.5461370348930359 0.5464984178543091
0.9983683627596946 0.0015714226508543984 -0.032861314014166164 -0.046672014233815146 2.77335958476038 -1.0264016076117244 0.16617027723469888
0.5440099835395813 -1 0.5437100529670715 0.5440099835395813 -1 0.5437100529670715 0.5440099835395813
0.9985304724181078 0.0031607082792957635 -0.03053445443213099 -0.04466041500227821 2.735270833160436 -1.0258539735692709 0.15551886544087062
11.105828285217285 -1 1557.756103515625 12.564596176147461 -1 288.6649169921875 15.242902755737305
0.9985573439196862 0.004258537628275041 -0.02911379431644011 -0.04491639724900341 2.6974440634998356 -1.0330751510334932 0.15792938168834836
8.454880714416504 -1 1295.375732421875 18.000524520874023 -1 1295.375732421875 18.000524520874023
0.9985145329516197 0.004512264354964896 -0.028584744006893665 -0.04616578131971771 2.657783079202908 -1.045109953335481 0.15676737590966747
9.840184211730957 -1 1149.7391357421875 11.069815635681152 -1 428.9326477050781 11.495545387268066
0.9985438432255008 0.004465509125298466 -0.027329414581461344 -0.04629638736805549 2.617167040603665 -1.0529426311118617 0.15120406091977012
8.389707565307617 -1 552.67041015625 17.388721466064453 -1 552.67041015625 17.388721466064453
0.9985276290252113 0.005157699189734898 -0.02627418077256198 -0.04717668531265261 2.58033201424096 -1.062810651695079 0.15315019831350962
4.878078460693359 -1 764.38427734375 15.895560264587402 -1 1556.19775390625 16.660179138183594
0.9985309200266987 0.004872100832123121 -0.024999588250727033 -0.04782556817655843 2.5485883591791674 -1.0735725135601808 0.14342575782524122
11.579017639160156 -1 1557.6973876953125 12.592863082885742 -1 1557.6973876953125 12.592863082885742
0.9985498278815635 0.004503945103596937 -0.02338673479034506 -0.048280600162486025 2.5202212120048597 -1.0814955196214018 0.1324221656513724
5.054114818572998 -1 229.38113403320312 5.054114818572998 -1 428.8428955078125 11.617514610290527
0.9985043182505368 0.004122643305982335 -0.021665407618668135 -0.05002739609373358 2.4812884219662843 -1.0953321622313135 0.12795512092795164
5.420887470245361 -1 1186.0994873046875 5.420887470245361 -1 1024.820068359375 10.207313537597656
0.9984699463856475 0.004167493907482745 -0.020892375909895913 -0.051028489964067274 2.442849077066197 -1.1037191219361482 0.1265920803324095
3.602586030960083 -1 384.65643310546875 3.602586030960083 -1 1149.7747802734375 11.062745094299316
0.9984280631198078 0.004007284982182077 -0.02066836898004146 -0.05194384434758061 2.401381418505559 -1.11303753862622 0.1291940473294493
3.623121738433838 -1 1149.9171142578125 11.101143836975098 -1 1557.684814453125 12.616122245788574
0.998391865193471 0.003560243795522164 -0.019916010331906573 -0.05295621504675433 2.3551093415866675 -1.119841411823347 0.1275587860285491
19.730932235717773 -1 248.361083984375 37.558467864990234 -1 1238.9736328125 42.30675506591797
0.9983747820912758 0.002926614626728563 -0.01919375064021031 -0.053580120822798005 2.3086217591747067 -1.123044051876469 0.12280092440440224
11.22004222869873 -1 428.82208251953125 11.553372383117676 -1 1555.8731689453125 17.022218704223633
0.9983567678982176 0.002726275321313372 -0.018153232237841384 -0.054284358465547355 2.2635245174762435 -1.1272898356019714 0.11981831301612152
8.975129127502441 -1 428.8037414550781 11.509105682373047 -1 639.8929443359375 24.00535011291504
0.9983139158868751 0.0025273273869141923 -0.01760498657088126 -0.05525398094917567 2.212623197180062 -1.134577152011092 0.11706062658457012
4.908188343048096 -1 229.34373474121094 4.908188343048096 -1 363.58349609375 20.019723892211914
0.9983158361682567 0.0020190733259348777 -0.017259663799281597 -0.05534906145649268 2.1629613873627673 -1.135566382350416 0.11414098048000111
11.041584968566895 -1 434.0685729980469 14.684024810791016 -1 434.0685729980469 14.684024810791016
0.998295971141649 0.00207057608490024 -0.01733761044082573 -0.05568010399802408 2.108682582816329 -1.1316707848097218 0.11658133037617005
3.2917144298553467 -1 783.8834228515625 20.0049991607666 -1 783.8834228515625 20.0049991607666
0.9983017887503908 0.001731909932375518 -0.01870550626117531 -0.05514202663368082 2.058786646449408 -1.1302136396614204 0.1146713823739559
11.056259155273438 -1 764.5632934570312 15.8053560256958 -1 764.5632934570312 15.8053560256958
0.9983313167034884 0.0022052510847135973 -0.019528364997969606 -0.054298820587915575 2.0093309523807372 -1.1319025860803438 0.11621611529665894
4.216557502746582 -1 521.3385009765625 4.030081748962402 -1 229.41952514648438 5.017637252807617
0.9983010830853941 0.0023999373715709524 -0.019761312678443815 -0.0547601893017783 1.9636340650792103 -1.1370238996886488 0.11578503225928866
12.607129096984863 -1 244.77951049804688 20.234861373901367 -1 244.77951049804688 20.234861373901367
0.9983695886509303 0.0025242849372568363 -0.01899139075515754 -0.053769131662254534 1.9206781421633794 -1.1370427164891754 0.10888685263902352
4.794191837310791 -1 805.5437622070312 14.551237106323242 -1 805.5437622070312 14.551237106323242
0.9983601792190195 0.0023785898059528673 -0.018062197309384777 -0.05426833228190471 1.8723568108770594 -1.145001601091041 0.09391988808526477
3.267498254776001 -1 842.0946044921875 3.267498254776001 -1 1195.3983154296875 12.426156044006348
0.9984109666991184 0.0020363564518898437 -0.017216652229839664 -0.05361885594946619 1.8233774912673917 -1.1516453122529293 0.07618436996519055
3.1550028324127197 -1 1149.8358154296875 11.100398063659668 -1 1557.62548828125 12.687891006469727
0.9983761682232463 0.002911316617933088 -0.017136250971696954 -0.054248501012040755 1.7684842481036989 -1.164796144185786 0.07914502890972928
12.685188293457031 -1 1555.9239501953125 16.958419799804688 -1 697.8400268554688 18.98778533935547
0.9982983622916669 0.0031515024078693616 -0.016666760775746203 -0.05579128035448743 1.7100659056497227 -1.180591263221034 0.08561280355236978
4.745887279510498 -1 1089.4295654296875 7.754791736602783 -1 1149.920166015625 10.962118148803711
0.9982219283069006 0.0035844461522676614 -0.015531059131330563 -0.05743622372069574 1.660005200893292 -1.1834659192334958 0.0894282602199549
12.599038124084473 -1 1556.112548828125 16.877426147460938 -1 784.1296997070312 19.78245735168457
0.9981430956324594 0.002619803066757228 -0.01527722853297141 -0.0589075849232828 1.6044693303465931 -1.1775112810559567 0.0890997382547874
4.138453483581543 -1 1394.7518310546875 8.342318534851074 -1 1457.31591796875 12.458333015441895
0.9983084298533689 0.0008139417443655407 -0.016715875051406787 -0.055679402868600264 1.5679435459697733 -1.156456091013314 0.10379068571979153
5.259827613830566 -1 1149.86474609375 11.051957130432129 -1 1149.86474609375 11.051957130432129
0.9983245000341975 -0.001190416542084913 -0.01932957323870931 -0.05452653609331437 1.5273038831023864 -1.141406755204538 0.13694487287222068
11.125375747680664 -1 1555.8809814453125 16.972944259643555 -1 1437.5858154296875 17.18229103088379
0.9982969039974572 -0.002712569919646099 -0.019807508084238985 -0.054805073278080464 1.4840596502494448 -1.1281929939742015 0.1459000717432126
3.6075148582458496 -1 1555.7376708984375 17.16690444946289 -1 784.2141723632812 19.735095977783203
0.9980895306826782 -0.00429165130232688 -0.019628867185375203 -0.05842583370179039 1.4314606585767633 -1.1245776917520014 0.14569264424993136
4.802969932556152 -1 1149.6470947265625 10.926359176635742 -1 248.3428955078125 37.52962112426758
0.9979136662824711 -0.005073833755245026 -0.01989269467964599 -0.061211531234591145 1.3722853328208011 -1.120676677142506 0.16671156706437784
6.678215026855469 -1 1128.9876708984375 6.678215026855469 -1 1557.7691650390625 12.668234825134277
0.9980364772300498 -0.00347290027658775 -0.01944398717982362 -0.059439552862147076 1.337023414091718 -1.1065188394120435 0.18855961989681094
4.835038185119629 -1 1557.7794189453125 12.55530834197998 -1 991.9388427734375 21.96336555480957
0.9982295615052461 -0.0036320129892366704 -0.016044061467295666 -0.057158893536561006 1.322805194757954 -1.087500429907613 0.19118516467098287
6.479722023010254 -1 1149.823486328125 11.074922561645508 -1 784.4108276367188 19.56402587890625
0.9983502759867792 -0.00494125030216309 -0.010483437135602826 -0.05623529166277418 1.3182610634765402 -1.063660469443546 0.20688206154465222
19.67456817626953 -1 79.01957702636719 20.757492065429688 -1 1218.281982421875 26.427814483642578
0.9979897317161773 -0.004962918685253127 -0.004251608238069995 -0.06303799373858544 1.2953753020824912 -1.0631410174658367 0.2019706891165137
4.893407344818115 -1 434.0743103027344 14.654768943786621 -1 784.1715087890625 19.74254608154297
0.9971960447368955 -0.0068176975822860746 0.0030959213609256684 -0.0744579252443621 1.2515224125609847 -1.080959381809855 0.2001854904427775
0.5602531433105469 -1 0.5602506399154663 0.5602531433105469 -1 0.5602506399154663 0.5602531433105469
0.9965323932599277 -0.009763836721574303 0.0074656357756200335 -0.0822928973762688 1.1933862009322973 -1.0872974871012067 0.21927394801377786
7.024820327758789 -1 1557.6719970703125 12.680215835571289 -1 937.7734375 16.31206512451172
0.9962514270969481 -0.010682984968221544 0.008418994636282248 -0.085428849745137 1.1084864545106377 -1.078926899003382 0.18459583404947946
3.706364393234253 -1 229.41390991210938 5.074466228485107 -1 321.31982421875 4.862382888793945
0.9968132611047631 -0.01131950479508306 0.0027013244003820645 -0.07891700794737057 0.9957110679509532 -1.0487365115306433 0.16405824444169062
4.874233722686768 -1 1197.1968994140625 4.874233722686768 -1 1233.6878662109375 6.4478373527526855
0.9970383614582681 -0.011287557600982812 -0.0039626961809441355 -0.07596969042318348 0.8957002194824842 -1.0361915136438995 0.19575302459666827
6.936378479003906 -1 1128.72216796875 6.936378479003906 -1 1199.3443603515625 7.445357799530029
0.997151791696753 -0.012815948169891709 -0.008732389029094114 -0.0738092214449285 0.8079165588302011 -1.0311584274731393 0.238323185679311
0.5661985874176025 -1 0.5659401416778564 0.5661985874176025 -1 0.5659401416778564 0.5661985874176025
0.9970556554150136 -0.014031137493029387 -0.010576477466267671 -0.07464104306609681 0.7285889959767123 -1.0238374981825578 0.25465148201636434
11.110795021057129 -1 784.1714477539062 19.746238708496094 -1 373.6826477050781 22.655323028564453
0.9968045579548153 -0.017906010949133886 -0.01131607857345999 -0.07701944155934991 0.6488243974930571 -1.0243292427831647 0.29073581857385355
0.5551245212554932 -1 0.5548986792564392 0.5551245212554932 -1 0.5548986792564392 0.5551245212554932
0.996601484429276 -0.016882793777485146 -0.010355735223778475 -0.07995755908984155 0.5732659195680971 -1.0217826788406421 0.2524404275695445
5.436972618103027 -1 428.8577880859375 11.594514846801758 -1 481.4615173339844 13.459921836853027
0.9965374256049735 -0.01858098167010889 -0.008383236171444847 -0.08060786462920844 0.5081344969638607 -1.0348761587175872 0.285879469729841
14.73637580871582 -1 434.13702392578125 14.73637580871582 -1 1555.885498046875 17.083114624023438
0.9965488284266895 -0.019079611877887467 -0.007614335743237576 -0.08042650597390946 0.4482908798398413 -1.0452078545577579 0.2918994536559661
0.5610320568084717 -1 0.5607516765594482 0.5610320568084717 -1 0.5607516765594482 0.5610320568084717
0.996654885577373 -0.018445508874248624 -0.006938740013400668 -0.07931365673167529 0.3944862614295293 -1.0567161764339261 0.29408348441047716
0.5900757312774658 -1 0.5896891951560974 0.5900757312774658 -1 0.5896891951560974 0.5900757312774658
0.9969236807169132 -0.017555472738298206 -0.006491400685828488 -0.07611072145179704 0.3444687214519082 -1.0672626297855443 0.2895880028534079
0.603852391242981 -1 0.6036972999572754 0.603852391242981 -1 0.6036972999572754 0.603852391242981
0.9969603871249506 -0.017760310146412935 -0.008192655053187418 -0.07541510651289657 0.282837712595758 -1.0815366935458783 0.30431529026352405
0.5773910284042358 -1 0.5773849487304688 0.5773910284042358 -1 0.5773849487304688 0.5773910284042358
0.9970666184141576 -0.017801475514843387 -0.010337753222826524 -0.07371836115890884 0.2147109242415564 -1.0910703440103178 0.29339749396707493
26.759023666381836 -1 649.1947021484375 26.759023666381836 -1 582.8021240234375 27.429973602294922
0.9971506485243604 -0.016466747560294048 -0.01359988701289884 -0.07234966099070146 0.15462608896898916 -1.1030863138482154 0.310752062403666
4.834176063537598 -1 1024.6817626953125 9.924650192260742 -1 1149.80859375 10.974836349487305
0.9972718707081308 -0.014185885072197127 -0.015123206895974227 -0.07084394943963229 0.0892028029853729 -1.1159763709019817 0.3149916549630856
4.690977096557617 -1 1149.8359375 11.08873176574707 -1 618.137939453125 22.743749618530273
0.997178280550551 -0.01326265098769046 -0.01735866890419518 -0.07182099623995729 0.018692986129986242 -1.1201349911994827 0.3021085807614087
0.5576046705245972 -1 0.55724036693573 0.5576046705245972 -1 0.55724036693573 0.5576046705245972
0.9974061598930524 -0.010749066596307094 -0.020407539560585528 -0.06818315117231184 -0.03695659431998891 -1.1124443554632943 0.26850360437371273
3.744159698486328 -1 1149.8883056640625 10.984631538391113 -1 784.2049560546875 19.88233184814453
0.9974314322729719 -0.010281080513865287 -0.02547971702922142 -0.0661484793284474 -0.10595895650537888 -1.117806035173647 0.2941368904009822
0.5343911647796631 -1 0.5341225862503052 0.5343911647796631 -1 0.5341225862503052 0.5343911647796631
0.9972691166941343 -0.006836511401278965 -0.03203039253859213 -0.0661938437755742 -0.1769352185423791 -1.11496108282494 0.2862215333782681
2.9332387447357178 -1 197.5251922607422 4.171520233154297 -1 1149.8624267578125 11.186208724975586
0.9971921186452593 -0.0048150795128266526 -0.03683184069776829 -0.0650239112317832 -0.23145845765512332 -1.1142388713082947 0.27902859228154075
0.5427969694137573 -1 0.5427641272544861 0.5427969694137573 -1 0.5427641272544861 0.5427969694137573
0.9969714510725576 -0.004327610051093148 -0.04292991676801181 -0.0647010029583473 -0.2795431254008989 -1.113279894116963 0.2663780023192339
4.5983967781066895 -1 713.8593139648438 8.929509162902832 -1 713.8593139648438 8.929509162902832
0.9963494024618669 -0.002772850027761685 -0.05018699941496826 -0.0690032217097614 -0.33924314538669287 -1.1059372220256876 0.23655784885588932
3.740229606628418 -1 384.9749450683594 3.740229606628418 -1 321.1473388671875 4.602397441864014
0.9959756015714178 -0.0009640890605868732 -0.05474125232887847 -0.07095820530567011 -0.39488750897407443 -1.1033168722795512 0.24506679247125923
0.5458858013153076 -1 0.5457521677017212 0.5458858013153076 -1 0.5457521677017212 0.5458858013153076
0.996051734571017 -0.00012824567953793195 -0.05514373782548726 -0.0695707825868576 -0.4346824354516812 -1.0987226244730668 0.23122830222233753
6.493603229522705 -1 1128.8251953125 6.739099025726318 -1 1149.7862548828125 11.205604553222656
0.9961477737582523 9.049078043297235e-05 -0.05425258281832055 -0.06889311943465531 -0.4672234877530337 -1.0970792706752408 0.22020374835831477
11.54667854309082 -1 428.9045104980469 11.54667854309082 -1 784.1474609375 19.776830673217773
0.9961763090323776 0.0009447708267835146 -0.053026880570596346 -0.0694263542731826 -0.502907220518839 -1.0981375601266627 0.2218465328518704
0.5410795211791992 -1 0.5407857894897461 0.5410795211791992 -1 0.5407857894897461 0.5410795211791992
0.9964167391209479 0.0005013918948774518 -0.050652491550234637 -0.0677329735468487 -0.5434854986421847 -1.1038123663777804 0.2272607535814562
0.5415953993797302 -1 0.5412986278533936 0.5415953993797302 -1 0.5412986278533936 0.5415953993797302
0.9965195171723943 -0.0003474140980872359 -0.04815714222093366 -0.06804131723486438 -0.5850322736911698 -1.1055874335579667 0.22838204189773595
0.5372520685195923 -1 0.5369561910629272 0.5372520685195923 -1 0.5369561910629272 0.5372520685195923
0.9967207746906461 -0.0007969039776616622 -0.04535100829363294 -0.06701006111681747 -0.6189316670125147 -1.10836738470454 0.22837694962688032
0.5454025864601135 -1 0.5454851984977722 0.5454025864601135 -1 0.5454851984977722 0.5454025864601135
0.9970081804419015 -0.00032508231570988996 -0.042625602923736114 -0.06447976759267016 -0.6564337957695476 -1.118603634371057 0.23661277886620552
0.5447452068328857 -1 0.5444824695587158 0.5447452068328857 -1 0.5444824695587158 0.5447452068328857
0.997341640836874 1.2721140852929777e-07 -0.040202892531928484 -0.06077317570163369 -0.6883451186716454 -1.1249049461726213 0.24122121838184515
9.315771102905273 -1 599.5208129882812 12.194632530212402 -1 1557.74853515625 12.717793464660645
0.9973988028769644 -0.0007451283732056719 -0.038078432047347587 -0.06119726967865082 -0.7391321712953819 -1.117983974638269 0.23763194129735674
0.5471827387809753 -1 0.5470927953720093 0.5471827387809753 -1 0.5470927953720093 0.5471827387809753
0.9974442899387704 -0.0021317153909780288 -0.03604774300146827 -0.06165147591529234 -0.7921919693095321 -1.1163814475420355 0.2276132794219449
2.781273365020752 -1 521.5652465820312 3.6779592037200928 -1 1557.8116455078125 12.577820777893066
0.9975421732625681 -0.0029522642972469406 -0.03412258398180169 -0.061127293090047614 -0.843231923894481 -1.1194678406941116 0.23749619217532708
2.9437334537506104 -1 455.22088623046875 11.199856758117676 -1 455.22088623046875 11.199856758117676
0.9976129401773367 -0.0039035153423224323 -0.03282303228152848 -0.06062864595673981 -0.8894274424648064 -1.1213254251007005 0.2414201425508951
11.624550819396973 -1 456.91632080078125 13.062479972839355 -1 456.91632080078125 13.062479972839355
0.9976169637465959 -0.004564328770017046 -0.03173954653136041 -0.061091421115294024 -0.952557038287056 -1.1161549687418266 0.2374743470117551
19.906185150146484 -1 784.2140502929688 19.906185150146484 -1 489.52166748046875 34.129722595214844
0.9976394219901614 -0.006084622591488846 -0.031111809543311886 -0.06091482878574492 -1.0108591330739942 -1.1121638224271362 0.22798061483363374
0.5619183778762817 -1 0.562001645565033 0.5619183778762817 -1 0.562001645565033 0.5619183778762817
0.9975766234528565 -0.0066193917301559215 -0.029972794962909166 -0.062439535197116286 -1.066837838755653 -1.0992878767404872 0.23799905455009882
2.933096408843994 -1 1197.1768798828125 4.813347816467285 -1 1197.1768798828125 4.813347816467285
0.9975111934191779 -0.006665256197967726 -0.02877024287599916 -0.06402551435263223 -1.1133865317176308 -1.0816964269075728 0.25507544398503434
2.958315134048462 -1 384.707763671875 3.730774402618408 -1 1557.721435546875 12.62056827545166
0.9972971709126064 -0.00806658322412668 -0.027452157619151464 -0.06767320124578922 -1.1643099519736517 -1.0597880372689443 0.25920170181943614
4.844814300537109 -1 229.21690368652344 4.844814300537109 -1 1557.779052734375 12.548497200012207
0.997326580011796 -0.0075411690573549415 -0.02815242397910599 -0.067009436613987 -1.2081814114069196 -1.0474205612465588 0.23603287219465868
11.058561325073242 -1 1149.7034912109375 11.058561325073242 -1 431.0222473144531 14.259793281555176
0.997233423393007 -0.006170652535135443 -0.030510688643042405 -0.06750200140500806 -1.2592562877161202 -1.0341094340761068 0.2138175772913619
7.506715297698975 -1 1394.678466796875 8.437752723693848 -1 434.0252380371094 14.63850212097168
0.9969169443359384 -0.0035715122276500397 -0.03471414132312174 -0.07027644547429741 -1.3138427400504618 -1.0314152258201135 0.2269227975796123
11.11864948272705 -1 649.2086181640625 27.05008888244629 -1 56.7070198059082 32.35736846923828
0.9968571007259639 0.00011470716550702119 -0.03464930104321126 -0.0712413749987221 -1.3816034122323722 -1.020196274258067 0.2065102777469195
17.117900848388672 -1 244.88690185546875 19.984834671020508 -1 848.3648681640625 22.85057258605957
0.9969021740814202 0.0003121209771296177 -0.03411199989357297 -0.07086839461631965 -1.439887415649838 -1.013991343065818 0.18996328912167762
2.8241207599639893 -1 288.71856689453125 15.377701759338379 -1 288.71856689453125 15.377701759338379
0.9974524126887363 0.0015562537264629309 -0.03228879251596654 -0.06359006505436741 -1.4709421466314463 -1.0315242680151564 0.19278428610481688
4.634588718414307 -1 1024.750244140625 10.105320930480957 -1 1557.7008056640625 12.678271293640137
0.9978926368556273 0.001725807175589911 -0.028615367014827087 -0.0582105460335364 -1.501571446520302 -1.042793246644304 0.21055626682866013
24.923208236694336 -1 524.12744140625 28.355133056640625 -1 56.65557098388672 32.28662872314453
0.9975745631916856 0.00246476897790681 -0.02405323524826794 -0.0652714153431244 -1.5712973421986607 -1.009865723082358 0.19272547503440773
8.919907569885254 -1 434.0518493652344 14.787415504455566 -1 292.5517272949219 15.745707511901855
0.9977779460695332 0.0013878975385071132 -0.020231897450581893 -0.06346585226116312 -1.6192092223477477 -1.0024289405868387 0.2373157963394976
3.3939828872680664 -1 1081.83056640625 6.161162376403809 -1 1149.7841796875 11.02652359008789
0.9976968808192268 -0.0006177385085018495 -0.01878655561937537 -0.06517375031928771 -1.6853115781999572 -0.9755816644639419 0.2376218021675072
11.073756217956543 -1 551.8311157226562 15.382143020629883 -1 852.6371459960938 15.477603912353516
0.9978238239468229 -0.001428437103548868 -0.017233592933221745 -0.06362844651720899 -1.7423246831742254 -0.9606821972452245 0.24731989565254026
13.231972694396973 -1 784.0145874023438 19.92481803894043 -1 784.0145874023438 19.92481803894043
0.9980120523716193 -0.002225244692323778 -0.016623413539483618 -0.06075075085415052 -1.7891143361562876 -0.954239718872811 0.28057133208932755
3.614673376083374 -1 1197.170654296875 5.024436950683594 -1 1197.170654296875 5.024436950683594
0.9984080611288064 -0.0017407535964695643 -0.01599217082142129 -0.05406074104516464 -1.8135588250873278 -0.9664455920638199 0.26751826748917046
19.692768096923828 -1 649.191162109375 26.911724090576172 -1 740.9390869140625 35.35884094238281
0.9985989708446329 -0.0009369041712983859 -0.014940647272836916 -0.05075425792662678 -1.8410009237954 -0.9760020123828528 0.26767839256494524
9.309211730957031 -1 714.087158203125 9.309211730957031 -1 1557.755615234375 12.658524513244629
0.9987682754464843 0.0006751765588722858 -0.013326905586854029 -0.047789849191530426 -1.8722092111582862 -0.994826715789666 0.26365327830508556
3.676926612854004 -1 384.65472412109375 3.676926612854004 -1 1185.9873046875 5.254521369934082
0.9989269342084761 0.0029069870701925573 -0.011610067666611342 -0.044740762932760775 -1.9017789360726758 -1.0233180700897235 0.2586108163340172
5.700176239013672 -1 1394.6536865234375 8.465925216674805 -1 1557.64990234375 12.699960708618164
0.9990070978655655 0.005201847591813749 -0.010412127572970456 -0.04300403231391392 -1.9361889538533292 -1.045398119616392 0.25939011812977075
12.6378755569458 -1 1557.7213134765625 12.6378755569458 -1 49.49042510986328 37.685462951660156
0.9991199007030882 0.00650506715280334 -0.008686833620681261 -0.0405172437615782 -1.9653276606367436 -1.0722314372966266 0.2511170790281067
11.144330024719238 -1 784.329833984375 19.816471099853516 -1 991.817138671875 21.986112594604492
0.9991560710842997 0.008608723589881696 -0.0069289912331344985 -0.03956039147973788 -1.9996927666103366 -1.090885482219158 0.25258493409695343
6.817343235015869 -1 434.1193542480469 14.787899017333984 -1 434.1193542480469 14.787899017333984
0.9991300901818329 0.00986286653415528 -0.005579134667394398 -0.0401330289578937 -2.0377168859705086 -1.104526814514921 0.2709337869101431
6.943946838378906 -1 1129.0 6.943946838378906 -1 455.4438171386719 11.193805694580078
0.9991866569022204 0.010938028112505709 -0.0036025176016083074 -0.03864461251590849 -2.0795354040895893 -1.1224719695758592 0.2670788129726577
0.5588500499725342 -1 0.5584086775779724 0.5588500499725342 -1 0.5584086775779724 0.5588500499725342
0.9992462727931166 0.01021140866537701 -0.004064965902502242 -0.03723022286187254 -2.1223356947100256 -1.1388311561093623 0.28267608688294915
15.258515357971191 -1 784.08642578125 19.775182723999023 -1 784.08642578125 19.775182723999023
0.9994275299200415 0.010173473621372893 -0.003722688467675341 -0.03205081064455041 -2.1584881298518384 -1.163834384194164 0.2742997866228683
3.565589427947998 -1 1149.92138671875 11.131219863891602 -1 1557.62890625 12.616621971130371
0.9995370322203113 0.008636466963669001 -0.005774609204859258 -0.028596967446371944 -2.200755101357537 -1.1777022365637448 0.26210976869689595
0.5495171546936035 -1 0.5495185852050781 0.5495171546936035 -1 0.5495185852050781 0.5495171546936035
0.9996527298152901 0.006931302124155719 -0.006995216460845748 -0.024442662914836995 -2.231580930556458 -1.1890559440117756 0.25038955348711245
2.8011443614959717 -1 455.62188720703125 11.292594909667969 -1 455.62188720703125 11.292594909667969
0.9997912498832653 0.004455723780201912 -0.006102286240902263 -0.018983289627640326 -2.243180149807929 -1.2093862969494242 0.2709157781758729
0.5475412607192993 -1 0.547488808631897 0.5475412607192993 -1 0.547488808631897 0.5475412607192993
0.9997997713403141 0.004973510135560401 -0.005615625005145968 -0.018551177337003483 -2.281419390994005 -1.1979266095455858 0.2597899422174793
0.5494039058685303 -1 0.5489959120750427 0.5494039058685303 -1 0.5489959120750427 0.5494039058685303
0.999713161278487 0.0031406491024700547 -0.009639714468950993 -0.021698096569654948 -2.355935850164491 -1.1733103515996712 0.24876823124660677
2.897761583328247 -1 1557.7193603515625 12.682414054870605 -1 1557.7193603515625 12.682414054870605
0.9995160832073396 0.0026706089982939385 -0.017658612840313073 -0.025468424568333953 -2.454690631322335 -1.139110654147676 0.2021167031316681
0.5798304080963135 -1 0.5796898007392883 0.5798304080963135 -1 0.5796898007392883 0.5798304080963135
0.9995268411236528 0.0004967123812220684 -0.024095953287201426 -0.019111048777181967 -2.56630484633851 -1.1608345909134012 0.16454589690430768
0.5536249876022339 -1 0.5531069040298462 0.5536249876022339 -1 0.5531069040298462 0.5536249876022339
0.9995663767020506 0.000947086901970003 -0.026326359100786727 -0.013156154819351968 -2.6496628036435803 -1.1814740253166593 0.13129099671289485
26.775972366333008 -1 1430.8990478515625 62.61488342285156 -1 101.78137969970703 66.05105590820312
0.9996054962527041 -2.4426363560795143e-05 -0.02542987701377908 -0.011923616053945433 -2.7342242269622594 -1.1764948888854931 0.144849928185028
0.556416392326355 -1 0.5561903715133667 0.556416392326355 -1 0.5561903715133667 0.556416392326355
0.9996412365828454 -0.0016792989317561957 -0.02431250152619648 -0.011112171154015315 -2.803159236409959 -1.1630128203836267 0.15146719756415516
2.8652641773223877 -1 686.6151123046875 7.126490116119385 -1 686.6151123046875 7.126490116119385
0.9996652118903528 -0.0031286709407500365 -0.02194988679299436 -0.013337092041942266 -2.886632806240287 -1.1382934049077555 0.16073422571097049
0.5544949769973755 -1 0.554157018661499 0.5544949769973755 -1 0.554157018661499 0.5544949769973755
0.9996916206174549 -0.0012919099467725479 -0.020065072915654267 -0.014573519987488567 -2.9632203870722487 -1.132452449867025 0.17024136693616168
0.5590647459030151 -1 0.5586189031600952 0.5590647459030151 -1 0.5586189031600952 0.5590647459030151
0.9997041120127249 0.0008224731230990221 -0.0191385113122824 -0.014990975537320506 -3.038404597389125 -1.1391043944622732 0.16880373730581225
4.806656360626221 -1 1197.169677734375 4.806656360626221 -1 1149.828369140625 11.211271286010742
0.9996995355825599 0.0023522508000978857 -0.019877304557153797 -0.014149142579315597 -3.093114148719606 -1.1560397462696619 0.165327562880618
0.5721638202667236 -1 0.5722614526748657 0.5721638202667236 -1 0.5722614526748657 0.5721638202667236
0.9996840862231449 0.004488770130224393 -0.01984781568868888 -0.014752725419461701 -3.1509172752296646 -1.1654367803986982 0.16877850976145092
0.5693695545196533 -1 0.5693215131759644 0.5693695545196533 -1 0.5693215131759644 0.5693695545196533
0.9996526201300064 0.004577511315474083 -0.020218624426454786 -0.01627552406750119 -3.198931409947173 -1.1715745021906434 0.18681248409206191
4.873977184295654 -1 1149.9527587890625 11.012045860290527 -1 108.46572875976562 18.903579711914062
0.9996389552985349 0.0057449298444828 -0.019672336930143978 -0.017376823370304714 -3.24457930658333 -1.1729360088644067 0.17261503818487992
72.37360382080078 -1 605.9923095703125 72.37360382080078 -1 1287.6583251953125 72.65087127685547
0.9996653232682583 0.006585045052582686 -0.017280301115677552 -0.01809060059743435 -3.2801899111896327 -1.174786993295232 0.17354499332942294
0.582157552242279 -1 0.5820627808570862 0.582157552242279 -1 0.5820627808570862 0.582157552242279
0.9997451335861732 0.006880000849782123 -0.014267740403049203 -0.016086175520083887 -3.2879739658850906 -1.1910899442940124 0.1910159082480088
11.109084129333496 -1 288.7746887207031 15.419198989868164 -1 852.6226196289062 15.491046905517578
0.9998225023290551 0.006461228470923617 -0.011418953958630037 -0.013521237132894107 -3.2916652604179197 -1.212031811464056 0.20449242611714372
4.93157958984375 -1 827.2108764648438 6.916405200958252 -1 784.2058715820312 19.612895965576172
0.9998748868722718 0.0065729177760049514 -0.007775312767551061 -0.012105860788832277 -3.3017074361812115 -1.2193871717976112 0.2167455719579695
0.5742672681808472 -1 0.5738096237182617 0.5742672681808472 -1 0.5738096237182617 0.5742672681808472
0.99989557311078 0.005641857939793651 -0.0033845215710640334 -0.012866908182896326 -3.3214149208481665 -1.2088476306169638 0.24654878111908718
0.5737394094467163 -1 0.5731179118156433 0.5737394094467163 -1 0.5731179118156433 0.5737394094467163
0.9999083405085655 0.005039279751967843 -0.0002958792987751333 -0.012562989151810589 -3.3437729362184188 -1.2050020811633062 0.2782888600849747
0.5724623799324036 -1 0.572124719619751 0.5724623799324036 -1 0.572124719619751 0.5724623799324036
0.9999130084564267 0.0045007732198136365 0.0009619598889461695 -0.012360954381189537 -3.369560558042232 -1.1967968286646609 0.29250789676188826
10.682404518127441 -1 1477.1632080078125 13.914424896240234 -1 1555.876953125 16.953510284423828
0.9999412258871521 0.004281345962130355 0.0021944352173277055 -0.009715930327513219 -3.399287069395285 -1.2098469648103019 0.2899726679526083
3.7765069007873535 -1 521.5609130859375 3.519120931625366 -1 1149.767578125 11.022050857543945
0.9999783852456362 0.004943737796535999 0.0029570012420734827 -0.0031693282858355825 -3.4213255222111307 -1.2549328385790592 0.3011068244124221
15.669052124023438 -1 784.063720703125 19.73481559753418 -1 79.13499450683594 20.864089965820312
0.999981114033666 0.005849856344839837 0.0017779447934352993 0.0006242347673415397 -3.4610292207555955 -1.282274587971093 0.29592999350471105
0.5784396529197693 -1 0.5781719088554382 0.5784396529197693 -1 0.5781719088554382 0.5784396529197693
0.9999543187589367 0.00790244719101722 -0.0015218969217335823 0.005157087695938148 -3.502015818359017 -1.318605758681208 0.2804524754760187
0.6010777354240417 -1 0.6011348962783813 0.6010777354240417 -1 0.6011348962783813 0.6010777354240417
0.9998626424780764 0.010297813799549475 -0.006396203463991777 0.0113022028364195 -3.5435372456599783 -1.3707570519627335 0.2282552807395973
3.6455533504486084 -1 384.6864318847656 3.6455533504486084 -1 1557.6124267578125 12.760082244873047
0.9998004711977094 0.013892996907749117 -0.008290246818137384 0.011716408897522427 -3.5786338793137915 -1.38234672905861 0.20955271054515812
4.883569240570068 -1 288.6289367675781 15.467960357666016 -1 1556.0830078125 16.841535568237305
0.99979921360092 0.01587086767782873 -0.008473582262676548 0.008823063287354053 -3.6298895836948413 -1.3688703785755172 0.23651150835061913
12.535881996154785 -1 288.7676696777344 15.515481948852539 -1 784.2349243164062 19.77647590637207
0.9997873771868948 0.017815460506979384 -0.006212001219545603 0.008319905379409786 -3.69011090761872 -1.3662239692460352 0.25654780618525935
12.67435359954834 -1 1557.802978515625 12.623800277709961 -1 784.2539672851562 19.707002639770508
0.9998056462792941 0.018437903332735796 -0.003846474069212494 0.005823918437844434 -3.767792961427007 -1.3496455440422783 0.2692482422335808
0.5572690963745117 -1 0.5572354197502136 0.5572690963745117 -1 0.5572354197502136 0.5572690963745117
0.9997842596094877 0.019371572685892277 -0.0016791320244154391 0.007304582426699758 -3.8328387447716326 -1.3583009160339623 0.26920951939191795
4.799421310424805 -1 784.221435546875 19.684865951538086 -1 784.221435546875 19.684865951538086
0.9997781082164385 0.020355077996351834 -0.0013577417396961676 0.005249920788931488 -3.905545509375893 -1.3483733318264213 0.2794333288257428
0.5585533380508423 -1 0.5585641860961914 0.5585533380508423 -1 0.5585641860961914 0.5585533380508423
0.9997599440235568 0.02141126206051614 -0.00016009981455598817 0.004646132912413586 -3.972484630495875 -1.3530194177051502 0.2722340662822918
0.5514702796936035 -1 0.5511732697486877 0.5514702796936035 -1 0.5511732697486877 0.5514702796936035
0.9997265653619977 0.02283662298086433 -0.0005423413744471894 0.004998902496259164 -4.034232062519296 -1.3643459944231235 0.23161893195687386
12.717527389526367 -1 434.2192687988281 14.757387161254883 -1 434.2192687988281 14.757387161254883
0.9997054107540247 0.02355528976259506 -0.0009331662186626029 0.005776610955860598 -4.083395612202973 -1.3872470990852093 0.24299871424387562
12.612215995788574 -1 434.226318359375 14.74316692352295 -1 434.226318359375 14.74316692352295
0.9996436532498753 0.02570149232754686 -0.00149646446402534 0.007054105435000098 -4.1343938880585736 -1.4175819273800883 0.2184433323553922
19.94637107849121 -1 784.099609375 19.94637107849121 -1 49.566261291503906 37.6734619140625
0.9995945700255126 0.02734027611087457 -0.0016714941169819028 0.007772450392838087 -4.17909396090609 -1.4487780359234856 0.20919787092266873
11.419222831726074 -1 599.8642578125 11.419222831726074 -1 784.2005004882812 19.71237564086914
0.999558653841438 0.028913062864699975 -0.0006207021391210824 0.006793162395283823 -4.227497059759464 -1.4623531055451293 0.21410736603850652
11.103365898132324 -1 1557.7552490234375 12.613556861877441 -1 852.6670532226562 15.196528434753418
0.9995627853335155 0.029053270441038614 0.0004444873776754211 0.005472484258132584 -4.277592133158093 -1.4743420033784729 0.21149229411692158
11.096299171447754 -1 434.25775146484375 14.572929382324219 -1 542.1903076171875 41.887718200683594
0.9995251471889036 0.03028592802209861 0.00034663655454265403 0.005667675355903674 -4.325316033541765 -1.4943489937571017 0.21416487782754506
11.169892311096191 -1 784.3822021484375 19.522706985473633 -1 784.3822021484375 19.522706985473633
0.9994948714242397 0.03125921244322395 0.0004389963607747119 0.005715847817010259 -4.371069865096333 -1.510083088221706 0.21867513759460364
0.5362826585769653 -1 0.5361535549163818 0.5362826585769653 -1 0.5361535549163818 0.5362826585769653
0.9995001780253017 0.03118876805478188 0.001432394668327475 0.004960153236491818 -4.416971065786611 -1.5090793321401788 0.23018796790704185
0.5388444662094116 -1 0.5386413335800171 0.5388444662094116 -1 0.5386413335800171 0.5388444662094116
0.9995301749950068 0.03022772890939846 0.0022628095440587813 0.004537992110858199 -4.463023587389738 -1.5035772890855617 0.23103092206144574
0.5426127314567566 -1 0.5422405004501343 0.5426127314567566 -1 0.5422405004501343 0.5426127314567566
0.9995460381684838 0.02969705828498429 0.00228527406961363 0.004536500119386915 -4.512048617929897 -1.5059411088409378 0.23120905313385937
0.5413777232170105 -1 0.5409064292907715 0.5413777232170105 -1 0.5409064292907715 0.5413777232170105
0.9995237968907237 0.030520182455306147 0.0017573173515851154 0.004196396998865793 -4.559380518184188 -1.5060026601523269 0.2343486421380859
12.892457008361816 -1 582.7962646484375 27.437623977661133 -1 582.7962646484375 27.437623977661133
0.9995290730431847 0.030539120080839595 0.00172770434187298 0.0024513922222491676 -4.6183256842717215 -1.494139511555948 0.23372955707908316
0.5452636480331421 -1 0.545383870601654 0.5452636480331421 -1 0.545383870601654 0.5452636480331421
0.9995407246112195 0.030260748421683404 0.0014529831164988918 -0.0007181843087196014 -4.688873465138335 -1.4691819574640634 0.20766281924898056
0.5450031757354736 -1 0.5448591113090515 0.5450031757354736 -1 0.5448591113090515 0.5450031757354736
0.9995494655422774 0.029898539635281614 0.0006557426916635735 -0.0025521095876689633 -4.748460521144898 -1.4589777195161828 0.23067796776068705
0.5456144213676453 -1 0.5455518960952759 0.5456144213676453 -1 0.5455518960952759 0.5456144213676453
0.9995299707698064 0.030503873448413966 -0.0014100367421204518 -0.002713491098021045 -4.804284288213702 -1.4601280589717687 0.20175767167854838
3.5952882766723633 -1 384.65130615234375 3.5952882766723633 -1 229.3291015625 4.747256278991699
0.9995520814777434 0.029809999852801507 -0.0019496111990292418 -0.0017886694661663123 -4.854413523081763 -1.471750975723757 0.20413632442220422
0.5492843389511108 -1 0.5493991374969482 0.5492843389511108 -1 0.5493991374969482 0.5492843389511108
0.9996030656261696 0.027950456243339042 -0.0026755686560236396 -0.002307491911067806 -4.916255378232337 -1.4729287819487429 0.2042932260332562
0.544241189956665 -1 0.5442880988121033 0.544241189956665 -1 0.5442880988121033 0.544241189956665
0.9996176978863549 0.027390295362682015 -0.002693279997805576 -0.002641218503406699 -4.959487353237333 -1.4752642609289126 0.19877249374434866
0.5382186770439148 -1 0.5378816723823547 0.5382186770439148 -1 0.5378816723823547 0.5382186770439148
0.999598033455539 0.02789468343675316 -0.003834206175227124 -0.003310137578466313 -5.011464703614162 -1.4728344699543454 0.18001815376645813
4.619368076324463 -1 1149.885009765625 11.083761215209961 -1 1557.7252197265625 12.687891006469727
0.9996044069053998 0.027259667240474666 -0.005475564672734433 -0.004237738637207961 -5.067057790439196 -1.470718926886099 0.18198418511591355
14.820889472961426 -1 434.2163391113281 14.820889472961426 -1 649.23779296875 26.743764877319336
0.9996072700001776 0.026824030764552764 -0.00665484280975875 -0.004635752744915752 -5.120924810598827 -1.4700673514341047 0.17111837330811747
3.522779703140259 -1 1149.888916015625 11.039546012878418 -1 1557.7293701171875 12.601642608642578
0.9995913040431699 0.026516213782489112 -0.009735681020470637 -0.004396794626137079 -5.1880438985856925 -1.4769784325815314 0.13954243789374857
2.8576278686523438 -1 878.3209228515625 2.8576278686523438 -1 784.0791015625 19.908071517944336
0.9995208235800168 0.027677456544379607 -0.013189985049606862 -0.004255105586258865 -5.241637551986542 -1.4815105641304571 0.08255312654023293
11.148170471191406 -1 481.4451904296875 13.530305862426758 -1 434.0831604003906 14.772371292114258
0.9995127168896764 0.027379852715575206 -0.014697414030733961 -0.0029425264485423075 -5.279261153792818 -1.4964506652517446 0.07902902474915081
12.64648723602295 -1 1557.8504638671875 12.64648723602295 -1 1028.6077880859375 14.38658618927002
0.9994714171025004 0.02786439984216968 -0.016474912398869283 -0.003006472684882991 -5.309727859297394 -1.4924779693666657 0.06637615010904051
0.538902997970581 -1 0.5385281443595886 0.538902997970581 -1 0.5385281443595886 0.538902997970581
0.9994644107354053 0.02823578726979639 -0.016309234775561395 -0.0027642090405155806 -5.334543674119425 -1.4968964862919139 0.06422609679742036
0.5398640632629395 -1 0.5396333932876587 0.5398640632629395 -1 0.5396333932876587 0.5398640632629395
0.9995054345241317 0.027429643173497425 -0.015333080479580437 -0.0011822331023558974 -5.354877056379723 -1.5169792174834633 0.08794406484732745
0.5409839153289795 -1 0.5407441854476929 0.5409839153289795 -1 0.5407441854476929 0.5409839153289795
0.9995503560422323 0.026489089999027715 -0.013880590396073152 -0.0021778560849214103 -5.389331175410942 -1.5048420456433385 0.08274530416751598
0.5425225496292114 -1 0.5422171354293823 0.5425225496292114 -1 0.5422171354293823 0.5425225496292114
0.999559044771411 0.025820079198149305 -0.013311217058712719 -0.006152318772744973 -5.4371888455690796 -1.463299114950813 0.09163866202662525
8.293732643127441 -1 1394.870849609375 8.293732643127441 -1 1149.913818359375 11.014941215515137
0.9995218355522103 0.02592147343817372 -0.013208227833278362 -0.010474740409132597 -5.491084888284717 -1.4240900918483979 0.08641020372594667
14.707322120666504 -1 288.5368347167969 15.327420234680176 -1 98.57032775878906 38.25703430175781
0.9994682166827913 0.026835968656381794 -0.013256358258557773 -0.012937681125897124 -5.5564122415510715 -1.4047176634500724 0.06426073103193472
0.5457062721252441 -1 0.5453253984451294 0.5457062721252441 -1 0.5453253984451294 0.5457062721252441
0.999394885976647 0.028302763258455203 -0.013275071143012693 -0.015250834790546609 -5.604311359910471 -1.378474461319656 0.01905201328005138
6.577691555023193 -1 489.32464599609375 34.485435485839844 -1 1004.2371215820312 39.58668899536133
0.9993629194918531 0.029289203911883843 -0.015108358058416342 -0.013697999697282776 -5.625800431939084 -1.3977323265408528 0.022260195951125925
19.780235290527344 -1 582.8817749023438 27.399341583251953 -1 248.20057678222656 37.52531051635742
0.999331576581722 0.03111883466554024 -0.012922406573306422 -0.014178490191234109 -5.659240153073929 -1.3937068341369083 0.046163103796015674
3.5503616333007812 -1 389.5633239746094 3.5503616333007812 -1 321.1708679199219 4.694820404052734
0.9992423735942706 0.034112533227887994 -0.012415077663771906 -0.014031384003973774 -5.683057824443326 -1.394970686579006 0.033562069492503746
19.779043197631836 -1 524.1292114257812 28.159740447998047 -1 1058.8050537109375 48.86820602416992
0.99913572192561 0.03777009374900194 -0.012772465871482494 -0.011751310818106717 -5.703716642409653 -1.4217896640603105 0.02906023482123552
4.623657703399658 -1 1149.878173828125 11.176888465881348 -1 784.1323852539062 19.761106491088867
0.9990530835515118 0.03989685994121019 -0.013462980122147195 -0.010951026402947747 -5.736085706166315 -1.4327010794413255 0.01189354798218489
4.855601787567139 -1 244.7646484375 20.09424591064453 -1 244.7646484375 20.09424591064453
0.9989490360231988 0.04051732497992385 -0.017531263505541652 -0.012321712733721403 -5.772806504170539 -1.4118243069425171 -0.031823508680811984
0.532023549079895 -1 0.5319882035255432 0.532023549079895 -1 0.5319882035255432 0.532023549079895
0.9988732610306075 0.040080270073701074 -0.021857008582940048 -0.012963468853074997 -5.785892243080746 -1.3976042905897077 -0.05836720258655448
2.848397731781006 -1 229.3118438720703 4.878155708312988 -1 1197.12158203125 4.808016300201416
0.9988240674490044 0.03918030573819875 -0.025596532566424204 -0.012657150052997817 -5.764543924858371 -1.4023398363300594 -0.09357179725422692
4.959496021270752 -1 1195.459716796875 12.5939302444458 -1 1195.459716796875 12.5939302444458
0.9986553437887369 0.04190222066358108 -0.02670178904416063 -0.014789276097954019 -5.736583476470916 -1.377441527867775 -0.14795301440069586
11.582771301269531 -1 633.8142700195312 24.570289611816406 -1 633.8142700195312 24.570289611816406
0.9984799431035462 0.042598661267410964 -0.02889052593315516 -0.01971027116681276 -5.700374032978499 -1.3309161216081897 -0.15580145652807967
8.41501522064209 -1 1028.547119140625 14.39521598815918 -1 1028.547119140625 14.39521598815918
0.9982713189181411 0.04402534105314002 -0.031250817516384526 -0.023227775940615678 -5.650393601462057 -1.2976259541018027 -0.1720286684148617
2.889244318008423 -1 875.510986328125 14.286744117736816 -1 649.1663818359375 26.986988067626953
0.9981922988046688 0.04491709931747767 -0.03228635362621336 -0.023498514112133405 -5.588284296017353 -1.3045259164070084 -0.17264887942404264
9.951048851013184 -1 1024.755859375 9.951048851013184 -1 1150.0399169921875 11.13732624053955
0.9981274937724027 0.04374935515627051 -0.03450868337826082 -0.02523194147368976 -5.528034119094364 -1.2977694874929604 -0.13132718872138638
8.351799011230469 -1 457.0084533691406 13.100852012634277 -1 465.8382263183594 29.387020111083984
0.9978255374851278 0.044644628948108944 -0.038800940231753206 -0.02907818573662087 -5.454024988264963 -1.2539978132507454 -0.18528007098637214
4.707916259765625 -1 1149.739013671875 11.085563659667969 -1 1557.7740478515625 12.604130744934082
0.997895433222439 0.04166633375593844 -0.036925171352980284 -0.033243837108440095 -5.38737111496733 -1.213633322332472 -0.14124071208716713
12.687264442443848 -1 649.1178588867188 27.01997184753418 -1 539.7919921875 44.704010009765625
0.9976932745878266 0.042311516088011786 -0.03763663495364418 -0.037434598407349466 -5.304905072767516 -1.152888519283466 -0.1473279229915821
10.988966941833496 -1 649.5062866210938 26.964006423950195 -1 207.8822021484375 31.60772705078125
0.9977386664770241 0.03991665761362582 -0.035161238571773966 -0.04108407433185104 -5.243028021643963 -1.1096610101054338 -0.05970699197646236
11.064005851745605 -1 481.6425476074219 13.387604713439941 -1 1555.6510009765625 16.956283569335938
0.9976844639839018 0.04034929530153019 -0.035214909793457184 -0.04192320147678995 -5.170938673212088 -1.0887838972496904 -0.07237718428144609
3.6080379486083984 -1 1149.7410888671875 11.138232231140137 -1 288.6651306152344 15.290461540222168
0.997751100327777 0.03975477197949418 -0.03439689383608272 -0.04158309264590591 -5.0959850933967745 -1.0904676538115037 -0.06694580096266188
17.03036117553711 -1 784.1651000976562 19.730009078979492 -1 784.1651000976562 19.730009078979492
0.9979076607234728 0.03911526123178769 -0.03216373224217502 -0.040196907050530334 -5.019773978230593 -1.1052949450405274 -0.06475992490458338
8.435728073120117 -1 1557.6552734375 12.679010391235352 -1 784.2785034179688 19.790786743164062
0.9980272968587683 0.038271986400198264 -0.031050181197179394 -0.03889287890327876 -4.936474207395279 -1.120943973733893 -0.06419164505823635
3.7264108657836914 -1 229.32183837890625 4.708677291870117 -1 784.0616455078125 19.762243270874023
0.9980894569501134 0.038410760581759046 -0.030381672534387054 -0.037669661142247825 -4.85525382761339 -1.137172890834535 -0.056312579291645584
11.186433792114258 -1 784.2618408203125 19.773582458496094 -1 1028.6290283203125 23.67578887939453
0.9980384667847992 0.03841443675084469 -0.02991221004236014 -0.039354917829216476 -4.791057398550265 -1.1239696146992229 -0.05858471192721422
4.6662678718566895 -1 784.2532348632812 19.834484100341797 -1 1028.62646484375 23.497638702392578
0.9979824004341064 0.03758293734383937 -0.02930823056306495 -0.041948526382346085 -4.728370129123425 -1.1019839717262379 -0.07461017867625273
7.504018783569336 -1 428.84716796875 11.546842575073242 -1 428.84716796875 11.546842575073242
0.997849898306577 0.03676049388412317 -0.028763436510306023 -0.04600990392368686 -4.666399102474585 -1.069445507245683 -0.08181953312784938
12.556686401367188 -1 434.0890197753906 14.753031730651855 -1 582.90380859375 27.438156127929688
0.9977558283779956 0.03611621531031266 -0.028619552456993994 -0.04857825796136005 -4.589682635311686 -1.052402563219226 -0.03457537496832218
16.95846939086914 -1 633.8195190429688 24.580341339111328 -1 583.1725463867188 26.89342498779297
0.9976676455712542 0.03507624577847715 -0.028693778698321598 -0.05104500980908905 -4.511717054175108 -1.0324133538215663 0.004976704021144587
4.925290584564209 -1 1394.687744140625 8.45362663269043 -1 1555.8111572265625 16.961416244506836
0.9977804788438484 0.033560159665496817 -0.028598082151513726 -0.04989971361262754 -4.4315421720105315 -1.0412665074997123 -0.04126872492499653
12.675588607788086 -1 1557.742919921875 12.675588607788086 -1 434.2477722167969 14.618526458740234
0.9977220907453545 0.03278845595416941 -0.030184213393661546 -0.050640498187380104 -4.355185546706727 -1.0340409787328544 -0.044805266814403964
3.8117988109588623 -1 384.87103271484375 3.8117988109588623 -1 784.1358032226562 19.759159088134766
0.9976278589022475 0.03252254631043869 -0.031054129485860338 -0.0521208227628669 -4.284338848254248 -1.0165070132562692 -0.03740231108501059
3.9750301837921143 -1 1557.7144775390625 12.65455150604248 -1 1555.962890625 16.946475982666016
0.9976602405775984 0.030120607861484648 -0.03043941581931603 -0.05329385815722152 -4.221758830822723 -1.0044255772689912 0.019625980013126872
3.748518705368042 -1 434.2658996582031 14.615593910217285 -1 1555.9716796875 16.88467025756836
0.9976176506354013 0.0302761258101112 -0.030844092068200178 -0.05376821859724706 -4.161317792617578 -0.9827896070653119 -0.013509706457647314
19.70767593383789 -1 784.19287109375 19.70767593383789 -1 582.8461303710938 27.50933074951172
0.9978042788159427 0.026090479977392493 -0.030441234416741195 -0.05271849085786704 -4.096255299077602 -0.9733560502945603 -0.0338965936468753
11.139811515808105 -1 1555.938720703125 16.89461898803711 -1 784.2222900390625 19.743194580078125
0.9980856164650075 0.021884747064726012 -0.029497914645487015 -0.049759753648371506 -4.038989396556933 -0.98079752876779 -0.01043202474741342
19.647735595703125 -1 582.8706665039062 27.26721954345703 -1 852.8720703125 36.94186019897461
0.9983742280516287 0.018735975704335783 -0.02741562171549733 -0.04632761231354219 -3.990033380261278 -0.9888477446040425 0.004619815788353403
27.25265121459961 -1 59.89103317260742 46.26115417480469 -1 1582.135986328125 57.23001480102539
0.998255249257731 0.01486469938850102 -0.02594071507212623 -0.05091735797369828 -3.9716428259440106 -0.9409923571041381 0.02190420216275591
0.5548025965690613 -1 0.5542864203453064 0.5548025965690613 -1 0.5542864203453064 0.5548025965690613
0.9982884346765888 0.011307260811880689 -0.024525963415705534 -0.051873154544808876 -3.937874025102695 -0.9277285465303163 0.08102264107152934
0.5584443807601929 -1 0.5579437613487244 0.5584443807601929 -1 0.5579437613487244 0.5584443807601929
0.9986424142141657 0.009802462048052834 -0.022366694046111624 -0.04601055604692047 -3.8829955875467492 -0.971487320101593 0.08229263287831239
0.5596611499786377 -1 0.5595306158065796 0.5596611499786377 -1 0.5595306158065796 0.5596611499786377
0.9990145676055008 0.010704391194231484 -0.021807323062535897 -0.03714499134474744 -3.801490140005854 -1.0460966200929738 0.08687443209616919
2.7566463947296143 -1 1149.996337890625 11.140081405639648 -1 784.1056518554688 19.747724533081055
0.9992759376578105 0.013533365480120782 -0.02063777473912239 -0.028957394404578 -3.702788711935158 -1.1210334877564887 0.07553383415570412
0.5583131313323975 -1 0.5582418441772461 0.5583131313323975 -1 0.5582418441772461 0.5583131313323975
0.9992118546062855 0.015353067719544032 -0.019457769715525337 -0.031005614387783924 -3.633252212808418 -1.1163133796560656 0.07528530029924156
3.7446136474609375 -1 495.1593322753906 3.7446136474609375 -1 434.0915222167969 14.713866233825684
0.9990927271479975 0.016616333022001457 -0.019349684294028568 -0.03410586100072243 -3.5693735933895177 -1.1049502507932425 0.07066436117452052
11.090639114379883 -1 1557.71240234375 12.594034194946289 -1 1556.03955078125 16.87853240966797
0.9991632482237185 0.01543306131934836 -0.021691116976638936 -0.031050273133211487 -3.4904276538566488 -1.1364994258251606 0.0865720986983738
17.117389678955078 -1 1555.8507080078125 17.117389678955078 -1 649.1963500976562 27.120101928710938
0.9991219864549339 0.01534234949661857 -0.024900190038981456 -0.029997483732694553 -3.4226056073623345 -1.1449217418068067 0.06399907538002225
0.576123058795929 -1 0.5764148235321045 0.576123058795929 -1 0.5764148235321045 0.576123058795929
0.9989799214513141 0.0145424192972125 -0.029033233111881402 -0.0313800247479432 -3.3603417514222245 -1.1366350937843541 0.04919189746902486
0.6011373400688171 -1 0.6011951565742493 0.6011373400688171 -1 0.6011951565742493 0.6011373400688171
0.9988942919423605 0.01398734913790962 -0.030843862938217365 -0.032606804628988885 -3.289810698843469 -1.1258843890405437 0.040756551532483316
0.6087591648101807 -1 0.6081968545913696 0.6087591648101807 -1 0.6081968545913696 0.6087591648101807
0.9988112859103049 0.012380915098404657 -0.029601026490666208 -0.03669478587249432 -3.2224328661698003 -1.1044215400175383 0.07816749906947855
6.7838544845581055 -1 1128.85791015625 6.7838544845581055 -1 1394.66650390625 8.39463996887207
0.998572855277144 0.01247883311894462 -0.02848458930719349 -0.04341842465638302 -3.1528674006160604 -1.0699730863286048 0.06994134680587343
0.6089565753936768 -1 0.609204888343811 0.6089565753936768 -1 0.609204888343811 0.6089565753936768
0.9982977769348101 0.012899954572450892 -0.027312583116530006 -0.0498915077197257 -3.0879480624455815 -1.0477191401703598 0.07837009433912245
11.032022476196289 -1 784.12744140625 19.682907104492188 -1 784.12744140625 19.682907104492188
0.9980647419650036 0.013181014690438276 -0.028113880395988566 -0.05387616752462405 -3.0214285916982373 -1.0395047755254794 0.06569255668803921
11.125892639160156 -1 1557.7340087890625 12.630765914916992 -1 784.1202392578125 19.902706146240234
0.9980619336883084 0.012924581826832288 -0.028422678188993127 -0.05382827390434375 -2.960743831688297 -1.052353036744711 0.06469319409094873
0.5663183927536011 -1 0.5661302208900452 0.5663183927536011 -1 0.5661302208900452 0.5663183927536011
0.9980573029886588 0.01213878615040531 -0.029626742637243835 -0.053446477362927236 -2.898520300791898 -1.0686314912063604 0.06095782456468882
11.161031723022461 -1 434.2239074707031 14.719496726989746 -1 288.64031982421875 15.28251838684082
0.9979413904912565 0.012747114855690963 -0.030881369272720557 -0.054743339677765006 -2.841851279179828 -1.0746866369576091 0.05041440470206842
0.5534982085227966 -1 0.5529069304466248 0.5534982085227966 -1 0.5529069304466248 0.5534982085227966
0.9979253970204519 0.013227210877463598 -0.032203303069745254 -0.05415616442635913 -2.7786738553955326 -1.0896957936451628 0.05466071292797038
0.5403252840042114 -1 0.5400679707527161 0.5403252840042114 -1 0.5400679707527161 0.5403252840042114
0.9978567437014461 0.013877276330349525 -0.03444042849780453 -0.05388132455763711 -2.7193331728053227 -1.0999323084764168 0.04845494604836622
0.5369605422019958 -1 0.536833643913269 0.5369605422019958 -1 0.536833643913269 0.5369605422019958
0.9977962919814838 0.014097038061773088 -0.03721394236203789 -0.05309383881168646 -2.6640980624353543 -1.110105377647346 0.048374375826741374
0.5380929112434387 -1 0.5378233790397644 0.5380929112434387 -1 0.5378233790397644 0.5380929112434387
0.9977960549147449 0.013887958023882034 -0.040673246202449914 -0.0505553603671586 -2.5992987537278243 -1.12926757627298 0.032152890494092076
8.370988845825195 -1 1024.580322265625 9.879137992858887 -1 542.4118041992188 41.89912796020508
0.9976690716051622 0.013878798787933171 -0.0437200043829745 -0.05052092362032693 -2.536435208401049 -1.136232092342251 -0.005009583304246036
0.5342046022415161 -1 0.5339727401733398 0.5342046022415161 -1 0.5339727401733398 0.5342046022415161
0.997684782633633 0.012753047305708426 -0.04469175579151864 -0.04964958459010498 -2.4659216781146904 -1.144841394239499 -0.006496690725779
0.5392381548881531 -1 0.5390615463256836 0.5392381548881531 -1 0.5390615463256836 0.5392381548881531
0.9975964691472233 0.011417902401812239 -0.046025423601194826 -0.05052303070943372 -2.398587095028743 -1.1400349481643246 -0.0070445055066451654
3.6622838973999023 -1 1149.883544921875 10.998405456542969 -1 1557.82958984375 12.548734664916992
0.9974508914503066 0.009936727312139548 -0.04804070742687041 -0.051817670974664096 -2.3230857535525398 -1.1364619477908258 -0.006493673034917465
11.158188819885254 -1 1150.029052734375 11.158188819885254 -1 434.07562255859375 14.808937072753906
0.9973927658584304 0.010017317332387074 -0.049444882680948814 -0.051599685497099146 -2.2514721475767203 -1.136514647360518 -0.0031162480679668833
2.8830270767211914 -1 1261.159912109375 29.118797302246094 -1 248.26121520996094 37.64879608154297
0.9974230549504929 0.010702394450143232 -0.05010642447224995 -0.05022006006434371 -2.1803667652232677 -1.1396784691187722 -0.0027266665264893573
9.335448265075684 -1 1149.8583984375 11.164755821228027 -1 1149.8583984375 11.164755821228027
0.9975220053210365 0.011136115283440403 -0.049884781471408644 -0.0483460899581537 -2.1024586970439327 -1.1385683893155578 -0.007272907543518778
4.764660835266113 -1 1394.5565185546875 8.526947975158691 -1 1195.523681640625 12.657378196716309
0.9973444908931027 0.00686030112332614 -0.04880991842810764 -0.05361431354327458 -2.061339355074614 -1.1138959259841779 0.034457021929154105
4.8452863693237305 -1 229.28330993652344 4.8452863693237305 -1 1149.9219970703125 11.174576759338379
0.9972583712565456 0.005692853497817383 -0.04758300127601885 -0.05638430958485382 -2.020728094640534 -1.0897233491445792 0.034333043231759904
0.5893532633781433 -1 0.5890424251556396 0.5893532633781433 -1 0.5890424251556396 0.5893532633781433
0.9972526909095938 0.005390731171948006 -0.05092110308705413 -0.05352617818790817 -1.9466456069804217 -1.0970842177400733 0.05277317398611417
4.757366180419922 -1 1149.8837890625 11.068647384643555 -1 1557.73583984375 12.60615348815918
0.9969046424375515 0.0063527090090531296 -0.05543398709820707 -0.05538817607666629 -1.886725829786023 -1.086131670505982 0.06631001978853952
0.5731678605079651 -1 0.5724626779556274 0.5731678605079651 -1 0.5724626779556274 0.5731678605079651
0.9968697819784028 0.007550582828772738 -0.05701578049038671 -0.05424783177556321 -1.8189773115137486 -1.0770929422096651 0.07321823649401787
8.369431495666504 -1 784.1148071289062 19.928590774536133 -1 649.202392578125 26.929471969604492
0.996098167489225 0.004472138728477446 -0.057132505376038686 -0.0671142125727345 -1.7824816001475274 -1.0108751711019637 0.025940548777128095
0.5490491390228271 -1 0.5489391088485718 0.5490491390228271 -1 0.5489391088485718 0.5490491390228271
0.9959216862438939 0.0022925841285225245 -0.05711443862169791 -0.0698045831450973 -1.7329184960213853 -0.984586156514042 -0.011722581807697674
12.619942665100098 -1 1364.3660888671875 30.31825828552246 -1 3.285248041152954 38.53249740600586
0.9954669557125145 0.0018055159392824584 -0.0608225268665158 -0.07309514636570327 -1.6811618616436814 -0.9711028785578802 -0.005518350245126649
5.399289608001709 -1 1557.7623291015625 12.601349830627441 -1 1556.0 16.889171600341797
0.9954836455813542 0.003694101945001426 -0.06485259868695775 -0.06923009052735274 -1.6097135888485175 -0.9907872554085979 0.007712857613777901
14.733648300170898 -1 434.20416259765625 14.733648300170898 -1 288.7428894042969 15.261439323425293
0.995715764854331 0.0057631416914698565 -0.06894416883920514 -0.06134821432992017 -1.5148786848155018 -1.0258236425948988 0.025643134446951432
0.5476958751678467 -1 0.5476206541061401 0.5476958751678467 -1 0.5476206541061401 0.5476958751678467
0.9959951503079589 0.008362383888278003 -0.07042501519543899 -0.05444307424690251 -1.4261307392267852 -1.0484901525080692 0.03329347459001792
0.5462006330490112 -1 0.5459977984428406 0.5462006330490112 -1 0.5459977984428406 0.5462006330490112
0.9964226578176486 0.01011659886117516 -0.06866097342344075 -0.04822045358186714 -1.3235145586311905 -1.0782324874784683 0.027182362015055337
0.5417220592498779 -1 0.5416325926780701 0.5417220592498779 -1 0.5416325926780701 0.5417220592498779
0.9967858003879421 0.011815420408990482 -0.0659968162226592 -0.04385070391682628 -1.2282841537752485 -1.1034685865082183 0.01889075115478741
0.5504640936851501 -1 0.5503054261207581 0.5504640936851501 -1 0.5503054261207581 0.5504640936851501
0.9968504077061812 0.01262146759830529 -0.06450497901842166 -0.044374214286210655 -1.1437475288818155 -1.1184498053777852 0.03670144608033831
4.653587818145752 -1 1394.674072265625 8.3613862991333 -1 1557.7088623046875 12.651491165161133
0.9969423959411932 0.015140175949651604 -0.06340398859208686 -0.04308791568248915 -1.0596748471514488 -1.1367317034254525 0.04443296286676359
12.649185180664062 -1 1190.87109375 54.477821350097656 -1 1190.87109375 54.477821350097656
0.9970170750313987 0.017871056525816185 -0.0632982969435999 -0.04038444054986249 -0.9897195837559283 -1.1548683883325126 0.05454957591933147
0.5766410231590271 -1 0.5766966938972473 0.5766410231590271 -1 0.5766966938972473 0.5766410231590271
0.9970736040465009 0.019627406386131876 -0.06370323262878319 -0.037428480932552896 -0.9262819362373189 -1.1685360290968083 0.06570818792107973
0.6597671508789062 -1 0.6593518853187561 0.6597671508789062 -1 0.6593518853187561 0.6597671508789062
0.9970573648502732 0.020351125213521087 -0.06408114012425896 -0.036824589349347035 -0.8747357004458206 -1.1718266361199525 0.07004721054830071
3.5446715354919434 -1 350.0674743652344 10.941916465759277 -1 1149.7459716796875 11.024468421936035
0.9970422884068666 0.020457482964305516 -0.06374345005820187 -0.037748365445954404 -0.8168267626425413 -1.1697548244489677 0.07499524854353992
2.8970675468444824 -1 1557.7950439453125 12.647614479064941 -1 1557.7950439453125 12.647614479064941
0.9970483977880621 0.021986783123346187 -0.06095376783931418 -0.04117902405759887 -0.7665410586255543 -1.1540557244331136 0.06381431605642597
4.769259452819824 -1 434.26458740234375 14.573180198669434 -1 434.26458740234375 14.573180198669434
0.9970133433515957 0.021538218326354604 -0.05865229027438746 -0.045391708227037204 -0.7139933233482771 -1.142888067319138 0.06777299769556885
3.788213014602661 -1 1197.028076171875 4.759321689605713 -1 1197.028076171875 4.759321689605713
0.9970949716303065 0.020813251269142533 -0.055686373659047154 -0.047617789846556347 -0.6656156957399849 -1.1331771521422067 0.0723130294615588
0.6263939142227173 -1 0.6258267164230347 0.6263939142227173 -1 0.6258267164230347 0.6263939142227173
0.997271535178837 0.02009165201676231 -0.0531319938138356 -0.047146599820662306 -0.5942380631240606 -1.120871574411756 0.08737189608774419
12.606118202209473 -1 1557.797119140625 12.606118202209473 -1 764.162353515625 15.698518753051758
0.9973049201654215 0.019969920271330256 -0.05229999764544837 -0.04742160630435431 -0.5337204081873088 -1.1086804572157314 0.103950619176555
4.669478893280029 -1 784.1663818359375 19.807819366455078 -1 784.1663818359375 19.807819366455078
0.9973894690429583 0.017546148450052253 -0.05055843199178182 -0.048479115826375235 -0.46902052948113654 -1.0998460928982805 0.09615617643320076
3.777951955795288 -1 1149.8172607421875 11.099625587463379 -1 784.135009765625 19.720029830932617
0.9975079218066816 0.014506283291649179 -0.04981544448956026 -0.047811454362791335 -0.3947564014073082 -1.0961962610603304 0.12197089046711782
14.672033309936523 -1 148.0167999267578 49.105995178222656 -1 1058.749267578125 48.9338264465332
0.9974649009515109 0.013485221431906225 -0.047989256903270654 -0.05078337714840517 -0.3467390356696487 -1.0910245465596846 0.12173974164544914
0.5488476753234863 -1 0.549020528793335 0.5488476753234863 -1 0.549020528793335 0.5488476753234863
0.9973399799891842 0.011300823006017452 -0.04750106979674876 -0.05411935035386989 -0.3025218746759253 -1.0914406464752198 0.12891034210876504
0.5776236653327942 -1 0.5770909190177917 0.5776236653327942 -1 0.5770909190177917 0.5776236653327942
0.997111838600018 0.009568284403485276 -0.047824394758212166 -0.05821732150551532 -0.2638267367083417 -1.0932397712171988 0.1466037936173023
0.5429444313049316 -1 0.5428085923194885 0.5429444313049316 -1 0.5428085923194885 0.5429444313049316
0.9970890262713026 0.00915557946827755 -0.04925431849400988 -0.057477483970998625 -0.22815235951106613 -1.0963100584381598 0.14221999368984725
0.5629148483276367 -1 0.563010036945343 0.5629148483276367 -1 0.563010036945343 0.5629148483276367
0.9967376035786799 0.010086058647879259 -0.05314392851783542 -0.05990111764293827 -0.20607248691899793 -1.0994859037439442 0.13148976040586385
2.8529891967773438 -1 670.1572875976562 3.4698245525360107 -1 1394.69873046875 8.425020217895508
0.9963802688715718 0.011456929051915225 -0.0566805646562731 -0.062309005531783916 -0.17935382555950133 -1.1035030663261491 0.1228842068854392
0.5493278503417969 -1 0.5490432977676392 0.5493278503417969 -1 0.5490432977676392 0.5493278503417969
0.9961996534153816 0.013544680002726607 -0.05958201765864662 -0.062070728611982005 -0.130493922277277 -1.1075978832188076 0.12219311064167603
4.86320686340332 -1 1557.75634765625 12.576042175292969 -1 764.3518676757812 15.820023536682129
0.9957915074398326 0.015355850166963121 -0.06259458745088056 -0.06515665122003811 -0.07399768762768502 -1.1048098693352788 0.1266999204725541
0.5410019159317017 -1 0.5408148765563965 0.5410019159317017 -1 0.5408148765563965 0.5410019159317017
0.9955982137858208 0.01570084556930637 -0.06482057172604276 -0.06584811034495243 -0.002873235075834498 -1.099345396517708 0.1323733675807979
0.5784180760383606 -1 0.5785549879074097 0.5784180760383606 -1 0.5785549879074097 0.5784180760383606
0.9955542909513594 0.016324188746732696 -0.06466834273782941 -0.06650699269730809 0.07777431435891086 -1.09079269441077 0.1396714260180543
5.384247303009033 -1 1149.7823486328125 11.094205856323242 -1 1028.3594970703125 23.282062530517578
0.995477948784973 0.017407279695000725 -0.06283854486292496 -0.06907935564257209 0.14853413125174433 -1.0821273607440807 0.13682368325113456
11.235250473022461 -1 1557.783447265625 12.556168556213379 -1 1028.5833740234375 14.240470886230469
0.9953292908221854 0.017225834504811383 -0.06194387376527877 -0.07201270693405167 0.21371900302837923 -1.0826708572454582 0.14201588824357025
13.094706535339355 -1 430.85791015625 14.229698181152344 -1 430.85791015625 14.229698181152344
0.9952394572309653 0.017752150830648298 -0.06173076211941891 -0.07329800078893879 0.2789915829017219 -1.0851462354087962 0.14557966210394635
6.949005603790283 -1 455.4412536621094 11.210662841796875 -1 428.83636474609375 11.55306625366211
0.9952622860971702 0.019038035274485318 -0.06112260238132337 -0.07317487658791641 0.36063762373093305 -1.0968925432945094 0.14137011379944753
12.379592895507812 -1 784.1297607421875 19.768985748291016 -1 784.1297607421875 19.768985748291016
0.995298545620293 0.020493196625282987 -0.05978767276115657 -0.07339119949974916 0.4516580171577491 -1.1174478924895885 0.13627239199891697
0.5820273160934448 -1 0.5816691517829895 0.5820273160934448 -1 0.5816691517829895 0.5820273160934448
0.9954783467520374 0.022805892926394615 -0.0574408120193759 -0.07213394145764544 0.5476400196456093 -1.13671839939631 0.13628094647571007
11.12060260772705 -1 784.116943359375 19.795608520507812 -1 465.8086853027344 29.28706932067871
0.9954538200067737 0.024715291539877563 -0.056497441720776476 -0.0725870902917876 0.6450839402992725 -1.1621073595043556 0.1262850879220565
10.978265762329102 -1 428.7766418457031 11.545553207397461 -1 1557.763916015625 12.6300048828125
0.995448774541765 0.026514170548973932 -0.05464135646531992 -0.07343744403931973 0.7344326446827665 -1.1838733413114568 0.13898121043348072
4.906519889831543 -1 1024.5579833984375 10.145451545715332 -1 1024.5579833984375 10.145451545715332
0.9955022071426134 0.027473522141489147 -0.052262790410179505 -0.07408887834127333 0.8254719156974463 -1.2018534171293058 0.13418425023574487
3.0 -1 166.0 3.0 -1 135.5 6.5
0.9956547311923288 0.028404442402725227 -0.05037496681162178 -0.07298771557494951 0.8947930316560124 -1.2071607975193281 0.12721268567608207
15.219788551330566 -1 644.0020141601562 26.47727394104004 -1 583.4259643554688 27.035106658935547
0.9957778084541862 0.028097412972866307 -0.05136676503443622 -0.07070040328249612 0.9609063648247577 -1.2121715232974082 0.13216466362542012
8.46537971496582 -1 1149.9302978515625 11.08927059173584 -1 434.14910888671875 14.528209686279297
0.9958595574427431 0.028688406739634416 -0.05251061635498841 -0.06843502274935208 1.0163191578124084 -1.212214267970251 0.14247489152276469
3.4981064796447754 -1 428.78387451171875 11.591780662536621 -1 1195.4102783203125 12.521062850952148
0.9959558552991302 0.028216869140856724 -0.05447794395313452 -0.06563456569449529 1.0606456684435566 -1.209412910602031 0.1456873072820085
2.85640025138855 -1 670.1302490234375 3.7798562049865723 -1 1149.86669921875 11.135265350341797
0.9960744410700924 0.028081519205248224 -0.05811344638014318 -0.060580223471447564 1.112267722201932 -1.2044686220253011 0.16251928158398327
9.406163215637207 -1 714.1747436523438 9.406163215637207 -1 784.0672607421875 19.73771858215332
0.9960658143165977 0.028049076803888507 -0.061001229142173936 -0.057835913439720374 1.164148221220426 -1.2040117826303642 0.18004834939107084
3.7368242740631104 -1 1149.8936767578125 11.148519515991211 -1 852.6638793945312 15.629940032958984
0.996107962736679 0.028481543819707574 -0.06308478718538878 -0.05457140148469027 1.228534050010755 -1.1993964070828684 0.18793098653643714
3.4976093769073486 -1 1197.304931640625 4.942047119140625 -1 1197.304931640625 4.942047119140625
0.9961091301538608 0.029781006213060443 -0.06614368366931131 -0.05004703391521488 1.3196328443796956 -1.1982605490001819 0.2080531177882997
19.722444534301758 -1 465.805908203125 29.280851364135742 -1 465.805908203125 29.280851364135742
0.9960636980195554 0.030315007430230426 -0.06792846900150948 -0.04820615013900325 1.3870352371699555 -1.1964714089104849 0.22284434541689233
11.116015434265137 -1 1149.9326171875 11.116015434265137 -1 697.824462890625 19.261661529541016
0.9959545614513875 0.029752479328534698 -0.06772772238215308 -0.051012323206317024 1.439946596207571 -1.2076872966507455 0.2348435898917222
4.686166763305664 -1 1557.8480224609375 12.52286148071289 -1 764.3436279296875 15.673866271972656
0.9958284189362372 0.028904882887307762 -0.06730336757232319 -0.054410702050699956 1.4847130799673087 -1.2184267640492843 0.24667059009012668
11.113802909851074 -1 434.1151428222656 14.746994018554688 -1 695.16845703125 19.1993408203125
0.9956875785566365 0.02783977953417909 -0.0669539689895653 -0.05786500341358793 1.5255287531525925 -1.2287967471487855 0.25881714579621573
10.886862754821777 -1 873.0802612304688 10.886862754821777 -1 599.393310546875 11.941672325134277
0.9954173094885501 0.026517753347908207 -0.06742426211442364 -0.062411197763550974 1.5722818840805761 -1.2444095003504134 0.2771118375301528
3.6110780239105225 -1 1186.001220703125 5.3778557777404785 -1 1233.4921875 6.372528553009033
0.9952636681103065 0.02578643840444686 -0.06792098720198633 -0.06459125352196611 1.6304323845529596 -1.249689477247905 0.2981799642372703
3.9165358543395996 -1 495.0425109863281 3.9165358543395996 -1 713.9126586914062 9.319737434387207
0.9948930771653557 0.024058196006516788 -0.0670675600337658 -0.07149063298418214 1.6715265150635534 -1.2679583610395169 0.30195849280614095
12.574458122253418 -1 909.380859375 29.87649154663086 -1 909.380859375 29.87649154663086
0.9947856391475652 0.021041234426379184 -0.06406524433253644 -0.0765143324364594 1.715476089828862 -1.2772634813730486 0.29579804809764876
4.809825897216797 -1 1555.831298828125 16.977401733398438 -1 1555.831298828125 16.977401733398438
0.9950251813511357 0.017840972328952705 -0.060330179929949615 -0.0772454372317028 1.7701170296405753 -1.273479099530768 0.29481412276701396
5.708702087402344 -1 1555.8914794921875 16.960430145263672 -1 108.53960418701172 18.99091911315918
0.9951461583489838 0.01788189580713663 -0.05610861197107193 -0.07884278653295802 1.8248553732875905 -1.2697078882723654 0.2821128587841534
14.304422378540039 -1 1555.8642578125 16.94797134399414 -1 1555.8642578125 16.94797134399414
0.9953488722185482 0.018290954282414732 -0.05166551343357633 -0.07922586879515905 1.8831887779728997 -1.2588007616205785 0.26969796488534675
3.509679079055786 -1 599.4089965820312 11.974828720092773 -1 649.2363891601562 26.938264846801758
0.995595180922936 0.014563821911406009 -0.04904159295266177 -0.07856877862754892 1.9334108041177558 -1.2471315496855893 0.27109809127989515
5.018730163574219 -1 1582.0601806640625 57.24142074584961 -1 1582.0601806640625 57.24142074584961
0.9958548577736386 0.012133419664691933 -0.04483791319202216 -0.0782013038028867 1.9953406159639138 -1.228483672271639 0.25544621946294793
57.16453552246094 -1 1582.1383056640625 57.16453552246094 -1 533.7275390625 57.483917236328125
0.9958926939026177 0.011807841695100199 -0.03890368603707691 -0.08090006377388817 2.0494693500323944 -1.2283850602592679 0.22523979003441078
21.94202423095703 -1 649.272705078125 26.93072509765625 -1 389.6886901855469 46.16524887084961
0.9960967713535783 0.012014395068878303 -0.03276590921793923 -0.08107571524956098 2.1197462163294563 -1.2235600821361698 0.17142197563092207
4.796874046325684 -1 288.4962463378906 15.289306640625 -1 288.4962463378906 15.289306640625
0.9961333338474823 0.014153414881310273 -0.029375176305962664 -0.08157917051608057 2.184646018715541 -1.2246397432674114 0.15719095537908864
24.818710327148438 -1 121.02198028564453 24.818710327148438 -1 649.2750854492188 26.812894821166992
0.9965325474170236 0.015904635610475906 -0.029918318667096853 -0.07599222797608801 2.2671289280607745 -1.2027715795214613 0.15085728699226017
11.021842002868652 -1 875.4627685546875 14.194230079650879 -1 288.69781494140625 15.3150053024292
0.9966023310307603 0.017907707240651854 -0.03304356063740483 -0.07328868197641542 2.3389317045067983 -1.196206040011209 0.19577166918875805
4.760280609130859 -1 1557.7191162109375 12.7244234085083 -1 1555.8564453125 17.02449607849121
0.9961575290491107 0.019840352506386657 -0.03637927537821133 -0.07715624442745206 2.3992007055003333 -1.2213458136556932 0.2088071320241793
6.4912824630737305 -1 1149.8848876953125 11.081844329833984 -1 428.8337097167969 11.517595291137695
0.9960153720511499 0.02131785606783555 -0.037333092336326534 -0.07813557363383289 2.4577785075691785 -1.2311102332773327 0.22561495295674835
3.755131721496582 -1 1394.6014404296875 8.486246109008789 -1 1557.7578125 12.601715087890625
0.9957424662230859 0.021787973852447608 -0.03872520306873385 -0.08076251483613489 2.5016133298881553 -1.2504890892491216 0.2425399352887638
11.061772346496582 -1 945.1717529296875 11.522791862487793 -1 945.1717529296875 11.522791862487793
0.9956468109193544 0.022969709934641938 -0.04070123171705657 -0.08064260702849668 2.567460452029564 -1.2639556664000136 0.2522114381111056
11.121569633483887 -1 634.0684204101562 24.255760192871094 -1 358.3303527832031 50.691383361816406
0.9957197480497749 0.024103237367030992 -0.04080156185664445 -0.07935017228828 2.626231791302213 -1.273993036888729 0.2461516543622578
5.4084320068359375 -1 484.8273620605469 8.18012523651123 -1 649.1105346679688 26.877775192260742
0.995642257901157 0.024559997055782844 -0.0404835909691051 -0.08033915414262352 2.682530905032427 -1.300617815043354 0.24747842914876286
0.5339031219482422 -1 0.5336210131645203 0.5339031219482422 -1 0.5336210131645203 0.5339031219482422
0.9954265690387982 0.026510976016444296 -0.03943562869993795 -0.08287306553605205 2.7321394880780305 -1.3389190879050854 0.2482847808331887
11.018310546875 -1 529.4050903320312 11.018310546875 -1 618.2533569335938 22.718591690063477
0.995205707631928 0.028486201058820493 -0.03838612394700692 -0.08532667422556163 2.779739190161865 -1.3794428127441083 0.2380760890764731
0.5368046760559082 -1 0.5365588068962097 0.5368046760559082 -1 0.5365588068962097 0.5368046760559082
0.9951975834673373 0.02827959854936134 -0.038258096215203596 -0.08554736840281821 2.836318854205295 -1.4049953767116972 0.22443845392286882
0.5387634634971619 -1 0.5385682582855225 0.5387634634971619 -1 0.5385682582855225 0.5387634634971619
0.995105494550331 0.029296463662195064 -0.03922600249336421 -0.0858375946833391 2.913047543734387 -1.4367146169915006 0.2372643985762521
3.1529173851013184 -1 708.3682861328125 3.1529173851013184 -1 321.20947265625 4.602938175201416
0.9950565549407263 0.031641524589187744 -0.04050267474934317 -0.08497528893339645 2.983197696748599 -1.4604983915936005 0.24985881123665066
11.076659202575684 -1 1557.661865234375 12.676278114318848 -1 784.3397827148438 19.71876335144043
0.994906210494476 0.03280973486273658 -0.04232564270222406 -0.08540312399205353 3.0383042635741453 -1.477298094609921 0.24818172868405164
6.6345109939575195 -1 1128.92236328125 6.6345109939575195 -1 1557.62353515625 12.68737506866455
0.9949887084071714 0.03168910821422926 -0.0448317933033516 -0.08356662534781292 3.1041906303207227 -1.4796923027575462 0.27669067834745104
0.5708582401275635 -1 0.5703287720680237 0.5708582401275635 -1 0.5703287720680237 0.5708582401275635
0.9950454016867083 0.03159517816950958 -0.0457345313921971 -0.08243024891937727 3.16009903413506 -1.4791708014966312 0.2794251854371239
0.5796470642089844 -1 0.5792198181152344 0.5796470642089844 -1 0.5792198181152344 0.5796470642089844
0.995059564601176 0.031488156392804494 -0.045869570990932675 -0.0822249436595023 3.218003233547474 -1.483296690250422 0.2762072506188795
16.861486434936523 -1 784.1180419921875 19.73771095275879 -1 639.9353637695312 23.93080711364746
0.9952296085869987 0.032097619668093026 -0.043525135576479995 -0.08119933236462523 3.3007467438291918 -1.481152290561362 0.2473325079868876
0.599411129951477 -1 0.5991044640541077 0.599411129951477 -1 0.5991044640541077 0.599411129951477
0.9952727629019708 0.032457495622089924 -0.04155604251405553 -0.08155816166386885 3.369419909389626 -1.4878488007418047 0.24307906441974425
14.753488540649414 -1 633.8599853515625 24.542381286621094 -1 561.5089111328125 60.72092819213867
0.9953481027292437 0.032057770204117826 -0.039635882437519906 -0.08175237358165312 3.433644689001416 -1.4878298689414835 0.22089792836784697
0.5820828676223755 -1 0.5813796520233154 0.5820828676223755 -1 0.5813796520233154 0.5820828676223755
0.9953511731799743 0.030993820233355278 -0.03992756361965741 -0.08198301543606212 3.486976563378174 -1.4862457891122136 0.23295795395484278
0.5760558843612671 -1 0.5757059454917908 0.5760558843612671 -1 0.5757059454917908 0.5760558843612671
0.9953960919549932 0.03072681371818938 -0.040746432324967996 -0.08113082824821449 3.5449281259368575 -1.4778556491814252 0.22688636890757713
6.597618103027344 -1 1128.80810546875 6.597618103027344 -1 434.0350036621094 14.513341903686523
0.9955699947067035 0.029848913154995677 -0.04151579697035866 -0.0789041610124332 3.6075805178501854 -1.459647565926171 0.24112011600543823
6.595550060272217 -1 1149.854736328125 11.18980884552002 -1 649.2078857421875 26.79557228088379
0.99568454319409 0.029902922273383203 -0.042245372987950516 -0.07702878776793287 3.66357716644328 -1.43500781259559 0.2454609856320669
0.5869295597076416 -1 0.5866432189941406 0.5869295597076416 -1 0.5866432189941406 0.5869295597076416
0.9958165285311688 0.029331259890446694 -0.04310025183667544 -0.07504323413197451 3.7267073545186706 -1.4112904592010358 0.24976607292849556
6.660653591156006 -1 1557.771484375 12.57872200012207 -1 1555.7718505859375 17.00123405456543
0.9959989544239394 0.029424522383581744 -0.04298383799874043 -0.07261315266407072 3.790939927607852 -1.3818978254490129 0.2573997330576772
0.5901753902435303 -1 0.5899111032485962 0.5901753902435303 -1 0.5899111032485962 0.5901753902435303
0.9960938278926591 0.028909878106204087 -0.04215412062180728 -0.07200232702236989 3.8453948727856657 -1.3673237873809108 0.26046603126400936
0.5900232195854187 -1 0.5899975895881653 0.5900232195854187 -1 0.5899975895881653 0.5900232195854187
0.9960608279804317 0.028146231667130622 -0.04251788732723577 -0.07254547444951903 3.891313399431093 -1.362887440128303 0.2692263044176571
0.5801074504852295 -1 0.5797873735427856 0.5801074504852295 -1 0.5797873735427856 0.5801074504852295
0.9961591129836245 0.02670268220104487 -0.0432353911615127 -0.07130700760836604 3.939052265235214 -1.3449799153654864 0.28350584376468313
6.398646354675293 -1 1149.904052734375 11.171514511108398 -1 1557.7696533203125 12.608263969421387
0.996228490802914 0.026396846939415457 -0.043137435747977425 -0.070506469357745 3.9805358137041034 -1.3310900841053315 0.2878663091192785
0.5829963684082031 -1 0.5826112031936646 0.5829963684082031 -1 0.5826112031936646 0.5829963684082031
0.9965031061717428 0.02629604515099552 -0.04325010037011283 -0.06647936685514085 4.050192293331156 -1.2970910837619993 0.30919194687769647
0.5720463991165161 -1 0.5715681314468384 0.5720463991165161 -1 0.5715681314468384 0.5720463991165161
0.9967631693670368 0.02713285242800077 -0.04251695090703107 -0.06260432411638549 4.109956602279627 -1.2629183636662713 0.28966853339501725
5.23127555847168 -1 229.55259704589844 5.23127555847168 -1 1149.7738037109375 11.100388526916504
0.9969189874910287 0.028280762558142485 -0.04155893721165529 -0.06021283573151084 4.1654398495914355 -1.2363670401817366 0.27940526331784077
4.800245761871338 -1 784.2258911132812 19.813398361206055 -1 784.2258911132812 19.813398361206055
0.9970181604562921 0.02911254260082129 -0.040267013871132205 -0.059040792487643594 4.213543956712794 -1.2146215506835747 0.26635944125577415
6.7649149894714355 -1 1557.6947021484375 12.69082260131836 -1 1555.825439453125 17.087953567504883
0.9968931587107849 0.030844362009154358 -0.03819347897539798 -0.06159475311776147 4.242024079318959 -1.215416702126598 0.25171076811538134
2.626889705657959 -1 229.31976318359375 4.827029228210449 -1 1186.1937255859375 5.3577399253845215
0.9967104835459015 0.03260093483073151 -0.03582870729805138 -0.06497457018871526 4.256323317685403 -1.2142869045389002 0.24355161325425692
12.66030216217041 -1 244.7885284423828 20.21485710144043 -1 901.3055419921875 23.63497543334961
0.996494297510873 0.035080615823486705 -0.03483449852450072 -0.06749091149409125 4.250653535830682 -1.1987368118206672 0.20978918834003413
0.5281318426132202 -1 0.5277695059776306 0.5281318426132202 -1 0.5277695059776306 0.5281318426132202
0.9960962781458265 0.03811562365721293 -0.03565238195197298 -0.07119207510955791 4.224891787243628 -1.1917302075873628 0.20400934831177758
0.5298135280609131 -1 0.5295349955558777 0.5298135280609131 -1 0.5295349955558777 0.5298135280609131
0.9956634258074789 0.04169606500360971 -0.03810147248542327 -0.07391926992991932 4.1888670630345155 -1.1594656788236797 0.21832366564720862
0.5667142868041992 -1 0.5661523342132568 0.5667142868041992 -1 0.5661523342132568 0.5667142868041992
0.995223129544405 0.04334102011978703 -0.04060540299867433 -0.07748341527147648 4.144372962300618 -1.136826902765392 0.23719454886008148
41.22227478027344 -1 584.85009765625 57.71528244018555 -1 1031.896484375 66.01187133789062
0.9949995313603007 0.045675165463853765 -0.04313634059495996 -0.07764642923346253 4.1064972635190395 -1.0918343991076385 0.23315171659729395
2.842611312866211 -1 288.794921875 15.418895721435547 -1 288.794921875 15.418895721435547
0.9950462482718114 0.049097904015508675 -0.04676673374136495 -0.07269960272684309 4.072394443923655 -1.0068598098295074 0.2747919752785458
6.177628993988037 -1 1233.546142578125 6.177628993988037 -1 1150.1038818359375 10.984637260437012
0.99486277981174 0.052692992636380644 -0.048283280763612046 -0.07169534622959854 4.047148642401766 -0.9684210350672652 0.2287302826985386
11.16169261932373 -1 434.0836181640625 14.802769660949707 -1 784.1536865234375 19.675458908081055
0.9946703942659637 0.057611573941170204 -0.04843585325380883 -0.07046759140476504 4.03328072912867 -0.9252327753395053 0.2128524446683631
19.152917861938477 -1 67.53303527832031 19.152917861938477 -1 784.5140991210938 19.364788055419922
0.9943721222673896 0.06156826755659955 -0.04867885026487236 -0.0711603852182989 4.022480735164698 -0.8950363894574138 0.20180547189200307
14.410404205322266 -1 288.7164001464844 15.357659339904785 -1 852.28857421875 16.158390045166016
0.9940092156943329 0.06390073655738203 -0.04881137297980823 -0.07402583906979596 4.009225312564093 -0.8819213786568635 0.18462011877253642
19.815326690673828 -1 640.15283203125 23.931337356567383 -1 649.070556640625 27.12606430053711
0.993993979032055 0.06528882415232798 -0.04790199290285485 -0.07361207893249576 4.0086422331716385 -0.8425698256388152 0.16285409067033937
0.5644689202308655 -1 0.5648043155670166 0.5644689202308655 -1 0.5648043155670166 0.5644689202308655
0.9941632554278279 0.06619133117179574 -0.047193358955366804 -0.07092895110854824 4.012289470253142 -0.7859339204366615 0.16160220448814813
1.5983681678771973 -1 1557.705810546875 12.646805763244629 -1 1557.705810546875 12.646805763244629
0.9942342718572598 0.06743879895218924 -0.04791588306136009 -0.06822235125529429 4.017055891237966 -0.7219681147024963 0.18344539367459908
0.5458451509475708 -1 0.5454962253570557 0.5458451509475708 -1 0.5454962253570557 0.5458451509475708
0.9944190574607653 0.06822567562079591 -0.04828265131399096 -0.06437997302749357 4.028816031722864 -0.6402257324521613 0.18767255010072714
13.8961820602417 -1 1300.9368896484375 14.520332336425781 -1 764.456787109375 15.811095237731934
0.9946399320037921 0.06708909208907478 -0.04887922377331775 -0.06165452837767583 4.043360983255164 -0.5687605821624929 0.2085687927578406
4.072640419006348 -1 426.14434814453125 20.384592056274414 -1 640.1082763671875 23.842927932739258
0.9948697270500355 0.06648846474331994 -0.0482131395369791 -0.05906778674922655 4.064221539813854 -0.4943110618726145 0.19025056941751034
0.5433469414710999 -1 0.5431147217750549 0.5433469414710999 -1 0.5431147217750549 0.5433469414710999
0.9950429489671213 0.06582816148943801 -0.04694451821990034 -0.057899871112435074 4.084022244910663 -0.4370385101686608 0.18661034113955563
4.637364387512207 -1 317.0439147949219 14.58184814453125 -1 434.2511901855469 14.696895599365234
0.9951950773321742 0.06544135966862971 -0.04510265833608721 -0.05718336042545449 4.103515720404971 -0.38317720434567154 0.15564598340725858
0.5491005778312683 -1 0.548650324344635 0.5491005778312683 -1 0.548650324344635 0.5491005778312683
0.9953772549018804 0.06545343457862762 -0.04408035176546749 -0.054743866451786 4.124453192996308 -0.32013323484165174 0.162681447336301
0.5449795722961426 -1 0.5445595383644104 0.5449795722961426 -1 0.5445595383644104 0.5449795722961426
0.995483723099142 0.0649722854131724 -0.04380197399033336 -0.05359240848674652 4.135774227716956 -0.26650465618873076 0.14869236899114419
8.373756408691406 -1 1394.61279296875 8.373756408691406 -1 784.2127685546875 19.82253646850586
0.9955621058663622 0.0629526520310573 -0.04440571906354361 -0.05404802567754587 4.141503479856193 -0.2228165602733173 0.2051069687371445
0.5435674786567688 -1 0.5433663129806519 0.5435674786567688 -1 0.5433663129806519 0.5435674786567688
0.995610210982405 0.06180145364061425 -0.04418679134938774 -0.05466640271431616 4.136458244797862 -0.17117753135915187 0.16443428304228988
17.08296775817871 -1 465.80316162109375 29.275596618652344 -1 465.80316162109375 29.275596618652344
0.9955982562595845 0.060307325052034864 -0.04625344585992146 -0.05484302529972502 4.126538082312969 -0.11013329957979309 0.1725786487088533
4.831820964813232 -1 229.27978515625 4.831820964813232 -1 1149.9066162109375 11.191883087158203
0.9956967948133897 0.05980836815693609 -0.046490678946666655 -0.05338041464643253 4.116881911755258 -0.04711888495236352 0.161353645801094
8.696050643920898 -1 1159.8790283203125 10.363088607788086 -1 1159.8790283203125 10.363088607788086
0.9956995404289295 0.059704352035114205 -0.04674550812287315 -0.05322286170453675 4.117697716671992 0.0008893100304612025 0.17113960006254783
11.274563789367676 -1 784.00830078125 19.70753288269043 -1 750.8607177734375 27.968420028686523
0.9956740203483141 0.060750569659550106 -0.04623592428569705 -0.05296086097216073 4.124197445091664 0.055702236442375014 0.17286739989848887
3.439528226852417 -1 774.9930419921875 3.4573423862457275 -1 784.2210083007812 19.720869064331055
0.9956576604266372 0.06105756466282249 -0.04545827423460305 -0.05358490771488097 4.133841624483872 0.12155053426560318 0.16154323324232206
3.5374011993408203 -1 887.8236694335938 9.53045654296875 -1 428.8470458984375 11.578532218933105
0.9957329837920444 0.05950775771376546 -0.04535893013695388 -0.054011287869324215 4.140991416043157 0.16804353862836793 0.17735901677547836
12.610020637512207 -1 288.4716796875 15.222973823547363 -1 784.35595703125 19.694360733032227
0.995779640465785 0.05856324558346899 -0.045528812469789945 -0.05404055084520282 4.148704888468517 0.21621465979504192 0.1676160449850932
7.43726110458374 -1 848.2847900390625 23.241167068481445 -1 848.2847900390625 23.241167068481445
0.9957035882962327 0.059776302722368294 -0.04528003246043397 -0.05432197112800821 4.156229536060018 0.25417634025267577 0.1707575066115849
2.832440137863159 -1 878.244140625 2.832440137863159 -1 1428.6749267578125 2.9702935218811035
0.995522309688669 0.06171255915544159 -0.04436594337084579 -0.05620101443425108 4.1581093809524035 0.28342962798464366 0.1620263891491055
0.5950384140014648 -1 0.5949105620384216 0.5950384140014648 -1 0.5949105620384216 0.5950384140014648
0.9956244303614491 0.060337174863673036 -0.042786316455042425 -0.057102978215848976 4.154329849123646 0.3215349213290748 0.1401241478352601
4.668685436248779 -1 1149.8370361328125 11.085519790649414 -1 428.8035583496094 11.665905952453613
0.995778147096824 0.05916884895041324 -0.04113421876614934 -0.05685864160176194 4.150958736628077 0.3778636864031223 0.10887972889647492
6.3216872215271 -1 741.8138427734375 7.496732711791992 -1 741.8138427734375 7.496732711791992
0.9958305065002859 0.05796879933671574 -0.04099308830971119 -0.05727815759673079 4.152208511711829 0.4238269607932804 0.14123400635000166
2.8848702907562256 -1 1028.559326171875 14.137083053588867 -1 72.4041748046875 26.436264038085938
0.9960191515268051 0.05661549925696225 -0.03998717138333343 -0.05604963122508524 4.151805692276488 0.48504908261032204 0.13223674853899095
0.5465061664581299 -1 0.5461064577102661 0.5465061664581299 -1 0.5461064577102661 0.5465061664581299
0.996107234528274 0.056080153667654585 -0.0391077302467042 -0.05564152334361198 4.151158456391334 0.5428558076491214 0.12780824325930032
2.7149014472961426 -1 435.8402099609375 2.7149014472961426 -1 878.2669067382812 2.9972410202026367
0.9961491810991885 0.05640011547843531 -0.0387884542690303 -0.05478404680976793 4.148530176228776 0.5920591029930736 0.13100201367904893
20.771223068237305 -1 1026.228271484375 20.771223068237305 -1 1257.4556884765625 24.672147750854492
0.9961828394098177 0.05693648821419308 -0.03832055880703215 -0.05393998097835581 4.145827976574977 0.6403931411707348 0.1370926722848099
0.5 -1 0.5 0.5 -1 0.5 0.5
0.9962250042664427 0.05689119889428995 -0.03890296711914495 -0.05277965054851489 4.142076700385479 0.6894082266915114 0.1478218545932469
3.5866615772247314 -1 384.5554504394531 3.5866615772247314 -1 495.01080322265625 4.035989761352539
0.9962628792961863 0.055663463872600266 -0.03965786533916864 -0.05281200472351807 4.136687039395147 0.7311903975795833 0.1482369144754115
3.4524214267730713 -1 384.63653564453125 3.4524214267730713 -1 1158.5615234375 41.31148147583008
0.9963215925721586 0.054894036470943874 -0.04095036744408368 -0.05150724551554765 4.131321092856957 0.7887050200509002 0.14600601853550563
5.47187614440918 -1 784.3010864257812 19.66305160522461 -1 583.1025390625 27.098970413208008
0.9964194898044317 0.054902419084574196 -0.042334535906767876 -0.04839123666632604 4.127640372017791 0.8697527902973351 0.15352016230349458
0.5502560138702393 -1 0.5500842928886414 0.5502560138702393 -1 0.5500842928886414 0.5502560138702393
0.9965123311484194 0.05397891770651468 -0.04269538552545269 -0.04718637904320904 4.129694017363538 0.9240378159106676 0.14709514602286544
12.5 -1 292.5 16.0 -1 764.5 16.0
0.9967863520948956 0.05232933520041037 -0.04179884516189833 -0.043948441359909975 4.128920566889157 0.9905255253975584 0.11535127776848637
6.344317436218262 -1 72.41206359863281 26.1268367767334 -1 649.2537231445312 26.953107833862305
0.9968818530368855 0.051886186442678256 -0.041075418414483256 -0.04297911986367765 4.131438308632557 1.034719524181898 0.09584542324996287
4.670684337615967 -1 190.42185974121094 5.637856960296631 -1 1195.48583984375 12.624124526977539
0.9969306611857323 0.050936436893873845 -0.0399989422471822 -0.04398659799804706 4.138164799808995 1.0602945331205818 0.08807308844337185
6.248462677001953 -1 1233.4688720703125 6.248462677001953 -1 1149.8128662109375 11.047379493713379
0.996985044603423 0.04996030422889951 -0.03865605747845015 -0.04506104813127858 4.1437174940875625 1.1030836934282795 0.0805237247351099
3.9939379692077637 -1 495.08258056640625 3.9939379692077637 -1 1557.819091796875 12.60630989074707
0.9970419154206042 0.04855673075073561 -0.0375544708628751 -0.04625283246918913 4.144617823655319 1.1473402203137892 0.06488907226430185
6.232513904571533 -1 152.15480041503906 8.672492027282715 -1 1394.6578369140625 8.336692810058594
0.9971994264051164 0.04601489963562178 -0.03673859254641926 -0.04611083177018827 4.14083419098093 1.210376560597354 0.036060767424449816
12.62900161743164 -1 1028.4990234375 23.510557174682617 -1 1028.4990234375 23.510557174682617
0.9973869972446644 0.041587265336874346 -0.035980429278374595 -0.046851742742570285 4.134756066736354 1.2711658837441675 0.044350851984026135
11.443487167358398 -1 1557.755615234375 12.640054702758789 -1 1557.755615234375 12.640054702758789
0.9974586282961275 0.039526251280866204 -0.03593128253816969 -0.04714767473006334 4.125190690848577 1.3206070121426101 0.021252887750271773
3.032243490219116 -1 1197.21484375 4.925833225250244 -1 639.9976196289062 24.07486915588379
0.9974764185809075 0.039149089269606495 -0.037675229084801316 -0.045702519599847384 4.1090630597318345 1.3856370735242973 0.04715517734926033
0.5296831130981445 -1 0.5290372371673584 0.5296831130981445 -1 0.5290372371673584 0.5296831130981445
0.9975276710588981 0.038042197321230035 -0.04055619893777696 -0.04297128602337787 4.091697028664552 1.4501241854856766 0.030672026386891312
10.818201065063477 -1 872.8897705078125 10.818201065063477 -1 682.6580810546875 14.28858470916748
0.9975993208569517 0.03771937721562867 -0.042218236516349865 -0.039880623285796175 4.068421525583759 1.5221410694716806 0.007718167177483001
9.85654067993164 -1 428.89410400390625 11.508058547973633 -1 784.1826171875 19.687952041625977
0.9977111722114592 0.03690452463480005 -0.044143367330032796 -0.03552233138015526 4.048355003575685 1.5921100647082216 0.022313944121380703
16.962032318115234 -1 701.1763305664062 23.622875213623047 -1 704.0921020507812 25.22481346130371
0.9976769687111868 0.03960497043256209 -0.04347600676247694 -0.034379488889199825 4.039289937918332 1.6377948180772055 0.0008997728926109904
4.602114200592041 -1 1233.60791015625 6.373123645782471 -1 599.52734375 11.735807418823242
0.9976869280630294 0.041657706238781435 -0.04179632902565717 -0.03374160581623324 4.038082040817522 1.6799099415223353 -0.022084523597452672
11.302346229553223 -1 434.2508239746094 14.740431785583496 -1 686.43359375 20.037965774536133
0.997705504024947 0.04127733799565774 -0.039565488101743984 -0.03625576861121014 4.0484435429683066 1.7033068646895728 -0.0406213090254308
5.660696029663086 -1 599.4058837890625 12.061629295349121 -1 599.4058837890625 12.061629295349121
0.9977642144121196 0.040313214866078494 -0.036473266719873096 -0.03887310073184721 4.0595525983406775 1.7415304733671797 -0.09299964026593562
15.878817558288574 -1 764.3845825195312 15.878817558288574 -1 784.24609375 19.74612045288086
0.9977104676436638 0.04200240000322375 -0.03507319409094687 -0.03974282582416309 4.06721037870912 1.789139419181523 -0.10230581435487769
3.1782071590423584 -1 384.5661926269531 3.6555683612823486 -1 1149.9620361328125 11.015366554260254
0.997633323947178 0.04340775238008336 -0.0345772571472775 -0.04059471975005742 4.071176725750802 1.828419151033366 -0.10942625998237536
3.538889169692993 -1 384.71575927734375 3.538889169692993 -1 784.014404296875 19.796157836914062
0.9975775858275427 0.045827924356895366 -0.03491009198406731 -0.03898778117941983 4.063791203527752 1.8904366165808986 -0.09513612443513837
19.885562896728516 -1 784.1195678710938 19.885562896728516 -1 582.9317626953125 27.314720153808594
0.9976022846973633 0.04719455356343907 -0.035103302460722505 -0.0364707257523016 4.053526446467121 1.960954608667705 -0.10278994171359276
15.482233047485352 -1 695.2286376953125 19.003280639648438 -1 78.96874237060547 20.702743530273438
0.9976413543218087 0.04518807567808605 -0.035695747200086454 -0.037357457023821476 4.048549457366182 2.0020977311388117 -0.1299011127129507
12.653179168701172 -1 1555.99560546875 16.834300994873047 -1 649.2628784179688 26.839277267456055
0.9976638355796877 0.04474111098182755 -0.036339418669558504 -0.03666811714959421 4.034266109277195 2.063452562036086 -0.15031387806855157
41.253135681152344 -1 1158.303466796875 41.253135681152344 -1 389.6170654296875 46.26027297973633
0.9977363362622235 0.0447279770072014 -0.03560034586932161 -0.03541506386925502 4.020524002810393 2.135639362828387 -0.16371017499535634
4.606238842010498 -1 714.029541015625 9.186573028564453 -1 1031.339111328125 52.77665710449219
0.9978327325541555 0.04464712474826424 -0.03385605998227177 -0.03449984489381211 4.013350662768061 2.2128658825987464 -0.1842004384809247
10.779072761535645 -1 784.263427734375 19.56910514831543 -1 780.8239135742188 46.234413146972656
0.9979036966026029 0.042751474362560105 -0.03339347974938465 -0.03529021474736256 4.018380837563189 2.277606820902682 -0.20791488305639044
26.898160934448242 -1 699.22607421875 47.490394592285156 -1 1058.8524169921875 49.14161682128906
0.998010795920728 0.04155798208117727 -0.03313063116977014 -0.033907913962792004 4.015136603313645 2.3603160028915178 -0.22168848080457743
15.034132957458496 -1 612.0277099609375 15.034132957458496 -1 673.760009765625 14.993370056152344
0.998111168868748 0.03938708147040235 -0.03285385486276284 -0.033813852388658375 4.02333901639003 2.4161192706861905 -0.24230709741339063
0.5444273948669434 -1 0.544106125831604 0.5444273948669434 -1 0.544106125831604 0.5444273948669434
0.9982086952463474 0.03864026616303906 -0.030433112617701343 -0.03406106607011859 4.02819134224377 2.465037643260263 -0.25592340933988617
14.896965980529785 -1 640.0614013671875 23.78895378112793 -1 633.7960205078125 24.59617042541504
0.998260581215297 0.03653226536620217 -0.02998600107679391 -0.0352426633263369 4.043556845177314 2.4943130165797376 -0.26453943031103794
0.550811767578125 -1 0.5509596467018127 0.550811767578125 -1 0.5509596467018127 0.550811767578125
0.9983853459530354 0.03334015262396352 -0.029129629500338122 -0.03558932275868354 4.055640882953738 2.5285620981705543 -0.31613619653241587
12.644927978515625 -1 1557.645263671875 12.726325035095215 -1 673.5324096679688 15.11958122253418
0.9985405378068064 0.030197723391576656 -0.027901993804797885 -0.035019574528778775 4.0631847736335285 2.554203381683149 -0.3649158457101464
0.5341991782188416 -1 0.533982515335083 0.5341991782188416 -1 0.533982515335083 0.5341991782188416
0.9985157218923405 0.029765535856499294 -0.0281713749244285 -0.035871153366751556 4.084874550150973 2.549282975554748 -0.3565289852919409
3.8059117794036865 -1 686.0789184570312 8.381800651550293 -1 643.970703125 26.16845703125
0.9985205536825832 0.030928914489491196 -0.02730387202138099 -0.03542039941290082 4.095315381910727 2.542663942924698 -0.3418916568787446
8.349445343017578 -1 1149.9697265625 11.118383407592773 -1 694.397705078125 15.399184226989746
0.9984471999490476 0.03198397426210995 -0.026645329043794085 -0.03701676301968288 4.112438891809621 2.507225291668753 -0.32166193792811965
0.5329225659370422 -1 0.53240966796875 0.5329225659370422 -1 0.53240966796875 0.5329225659370422
0.9983943787207638 0.03267192871292367 -0.0253875473114658 -0.038686975256096476 4.129668904274475 2.462375073421479 -0.2986940610115017
0.5374685525894165 -1 0.5374016165733337 0.5374685525894165 -1 0.5374016165733337 0.5374685525894165
0.9982512481790037 0.03341435360174069 -0.025298479854215322 -0.04168828851734163 4.152754164130755 2.3999659916318596 -0.2718275963867364
11.035232543945312 -1 771.8428955078125 15.880859375 -1 782.7803955078125 17.522586822509766
0.9982615689587484 0.033526983010784044 -0.024692705311846284 -0.04171392638669823 4.1532600089091725 2.3509955654281307 -0.2801514488748824
0.5369383096694946 -1 0.5367842316627502 0.5369383096694946 -1 0.5367842316627502 0.5369383096694946
0.9982444582341866 0.0324204014250063 -0.026471735759229773 -0.04190663887822969 4.15020014333612 2.2857153544262676 -0.2504995789635663
0.5573732852935791 -1 0.5568888783454895 0.5573732852935791 -1 0.5568888783454895 0.5573732852935791
0.998281925798143 0.0319264556553284 -0.027300650781269264 -0.040848164229968106 4.138465608786454 2.2420272600887063 -0.25197986023238683
2.9947283267974854 -1 795.167236328125 7.1582722663879395 -1 1149.8665771484375 11.047884941101074
0.9982100750893759 0.03181957342083684 -0.028018506418659078 -0.04217966376639868 4.134275123429384 2.163535815546795 -0.21980343271763134
0.5676856637001038 -1 0.5674488544464111 0.5676856637001038 -1 0.5674488544464111 0.5676856637001038
0.9981879135413735 0.03259786143836613 -0.027311913588860925 -0.042571446600735446 4.126209221890421 2.086159691238143 -0.23754226893257674
0.5745958685874939 -1 0.5745730400085449 0.5745958685874939 -1 0.5745730400085449 0.5745958685874939
0.9981106679128146 0.033323234133411275 -0.027782051005729072 -0.04350648580890125 4.126947715969494 2.0057105467970637 -0.22842054523450067
0.5685317516326904 -1 0.5687958002090454 0.5685317516326904 -1 0.5687958002090454 0.5685317516326904
0.9979772355400508 0.03483045556654222 -0.028309705348460446 -0.04502040972657231 4.132133431768722 1.907605026363241 -0.22031645327971686
19.726806640625 -1 373.6365966796875 22.651723861694336 -1 1287.667724609375 72.72602844238281
0.9978651787694425 0.03670571932482223 -0.028573773501680406 -0.04584009856174621 4.138517294235393 1.8051402672959624 -0.20692290542524727
11.381209373474121 -1 805.8416137695312 15.99472427368164 -1 784.1988525390625 19.767168045043945
0.9974465403633018 0.043826487787495656 -0.028140677582156888 -0.04886451013475859 4.161374264810962 1.6649587722419072 -0.15233373533721653
0.5358237028121948 -1 0.5354787111282349 0.5358237028121948 -1 0.5354787111282349 0.5358237028121948
0.9971672792559466 0.04846268742099165 -0.026155177414132137 -0.051231746053239005 4.178766797331825 1.5564047869014703 -0.1239781581423962
0.5299911499023438 -1 0.5298334360122681 0.5299911499023438 -1 0.5298334360122681 0.5299911499023438
0.9968463047688069 0.05296977121328083 -0.02499239586878196 -0.053544637034214596 4.199736748533708 1.4618423659828066 -0.18961315497060016
4.7972092628479 -1 1128.9039306640625 6.769442081451416 -1 1149.743408203125 11.1624755859375
0.9966292685924198 0.05415912058385357 -0.023877633736791255 -0.056804482654570776 4.213681618287374 1.3617356620395753 -0.18204773047238254
0.5254383087158203 -1 0.5252675414085388 0.5254383087158203 -1 0.5252675414085388 0.5254383087158203
0.9963081299434406 0.057568199233844444 -0.022625883535591845 -0.05953219330589524 4.221041785221668 1.2727670166056901 -0.23972136648860728
0.5786635875701904 -1 0.5781913995742798 0.5786635875701904 -1 0.5781913995742798 0.5786635875701904
0.996124833636426 0.05949568509454631 -0.022741637008650166 -0.06064979154210032 4.218180332613833 1.210389574270543 -0.2397970024514979
0.5672491788864136 -1 0.5667968392372131 0.5672491788864136 -1 0.5667968392372131 0.5672491788864136
0.9961116712475663 0.058889185451053934 -0.024132024485333043 -0.06092001014060213 4.210747665863356 1.161060267842411 -0.22485336492858568
14.742870330810547 -1 434.06817626953125 14.742870330810547 -1 1028.32763671875 14.5057373046875
0.996289174115706 0.05645215128608827 -0.026178447465448198 -0.05946196299581668 4.203770575315389 1.1315320283489119 -0.21532506414415253
11.126991271972656 -1 456.9932861328125 12.934319496154785 -1 784.1158447265625 19.693025588989258
0.9965573448288283 0.051894582627584916 -0.02755065935609252 -0.05849249465246961 4.194396211868463 1.1044363705947546 -0.21384756060082424
3.706387758255005 -1 384.8357849121094 3.706387758255005 -1 1149.8094482421875 11.059464454650879
0.9967038071467744 0.04907739851082903 -0.02958893733943373 -0.05742320577656686 4.189035759979317 1.080292461817563 -0.2100064547379998
3.665123462677002 -1 784.1776123046875 19.822790145874023 -1 1026.06689453125 20.5851993560791
0.996892301577018 0.04611933456249447 -0.030678216053733505 -0.05601422226317887 4.1854103630956 1.0516006220289338 -0.1969942488799479
0.5517317056655884 -1 0.5520446300506592 0.5517317056655884 -1 0.5520446300506592 0.5517317056655884
0.99697622974021 0.041480466378519605 -0.031728167125953353 -0.057542085927119756 4.176559950190253 0.9989785573052534 -0.1680696100568761
14.821535110473633 -1 1065.894775390625 25.17021369934082 -1 49.54277801513672 37.65325164794922
0.9970883179583576 0.03603973240990192 -0.034185178485380385 -0.057856697544178874 4.153445002910066 0.9578275899664316 -0.12188697017579521
3.0397226810455322 -1 521.4095458984375 3.553706169128418 -1 39.78974914550781 6.542952060699463
0.9972543952826891 0.03284316162076244 -0.03779942176074308 -0.05455457394815008 4.127855189886097 0.9620341741459045 -0.055123758358365846
5.474116325378418 -1 784.1165771484375 19.849504470825195 -1 784.1165771484375 19.849504470825195
0.9973386362501288 0.02657534041819208 -0.04318274692461483 -0.052389371941600225 4.1033145310557435 0.9539126679799436 0.012662860303719211
28.002052307128906 -1 203.06939697265625 46.02695846557617 -1 358.30450439453125 50.751319885253906
0.9974260901742246 0.02101708640997182 -0.04522419821641551 -0.05151940036799751 4.08672961014657 0.9331714840488134 0.038058183023303875
0.558986246585846 -1 0.5585343241691589 0.558986246585846 -1 0.5585343241691589 0.558986246585846
0.9976323771103451 0.01686286539622465 -0.0442423809730173 -0.049878809504931634 4.084783575740142 0.9107347375861419 0.035013629714776597
0.5658532977104187 -1 0.5656869411468506 0.5658532977104187 -1 0.5656869411468506 0.5658532977104187
0.9977356863773922 0.016417473585507752 -0.04001932195948202 -0.05150165589577364 4.0974229485531115 0.8288546168229887 -0.013832690690381637
12.588971138000488 -1 288.8049621582031 15.410530090332031 -1 3.2809581756591797 38.519630432128906
0.9977215706329323 0.01589278685316425 -0.03627841679954447 -0.05461651118767199 4.105455395092742 0.7175825580750266 0.00815813900291155
0.5597487688064575 -1 0.5593504905700684 0.5597487688064575 -1 0.5593504905700684 0.5597487688064575
0.9977032499687186 0.013773705700706547 -0.03527344757669918 -0.056163101135719616 4.106112685473186 0.6467700284110042 0.004301471011665178
0.5516151785850525 -1 0.5512667894363403 0.5516151785850525 -1 0.5512667894363403 0.5516151785850525
0.9975982635305192 0.011262132983968779 -0.03548285469070565 -0.05841092350359343 4.10700256458109 0.5661904927433958 0.016360168401849843
0.5476908683776855 -1 0.5471228361129761 0.5476908683776855 -1 0.5471228361129761 0.5476908683776855
0.9976052903944391 0.008627975606958433 -0.034749832994510885 -0.05917509375409848 4.107609864005752 0.5021630259022462 0.017786992505612782
0.5474767684936523 -1 0.5474148988723755 0.5474767684936523 -1 0.5474148988723755 0.5474767684936523
0.9975869960720019 0.005793111007865727 -0.03372059090045555 -0.060411479722107024 4.1125684189271094 0.42390134510706307 0.01019148549885895
11.640870094299316 -1 428.7572326660156 11.640870094299316 -1 764.5115966796875 15.700530052185059
0.9974184358331919 0.006706405890470458 -0.03280735658440749 -0.06352295123846785 4.112479672813998 0.3344612791742051 -0.02282464716433698
15.046998023986816 -1 425.9934997558594 20.459251403808594 -1 649.13427734375 26.976932525634766
0.9974913723090865 0.006828343018600792 -0.033432498715893086 -0.0620209958817793 4.112326177530488 0.2821497623109585 0.0036055663377856833
11.099336624145508 -1 1557.7725830078125 12.677184104919434 -1 1556.0426025390625 16.829687118530273
0.9975503257618511 0.007814575088719387 -0.033558551736057055 -0.06087777586267326 4.109590189746302 0.2209420426898706 -0.006734512360429427
7.053445816040039 -1 1394.7672119140625 8.341235160827637 -1 714.0202026367188 9.413416862487793
0.997472861884987 0.010482589177408347 -0.033867526035748906 -0.061571063068047 4.114683253056434 0.1424677181558805 0.002328541092914944
11.109432220458984 -1 989.8377685546875 19.208446502685547 -1 989.8377685546875 19.208446502685547
0.997551955973681 0.012440223595184301 -0.03348833434306477 -0.06011545086674825 4.121039667373457 0.08197388157917994 0.010643650966088344
12.610469818115234 -1 852.46630859375 15.226734161376953 -1 852.46630859375 15.226734161376953
0.9975521130326719 0.01549589245388854 -0.03292206549414818 -0.0597142922984774 4.125655042837703 0.02038260396869346 -0.007721545545492629
4.859846115112305 -1 1197.136962890625 4.859846115112305 -1 1376.56787109375 6.548345565795898
0.9976152959188226 0.015809867046533654 -0.032668599867613383 -0.05870717192524945 4.131163554082811 -0.04199191778250904 0.0008000676692926312
9.902423858642578 -1 1149.9947509765625 11.16616153717041 -1 1557.67236328125 12.67385196685791
0.9976019050477383 0.01590988213094133 -0.03265151277829551 -0.05891683468238868 4.138942926108378 -0.11091092988370167 0.005920465735056734
4.8345046043396 -1 1507.081298828125 6.303833484649658 -1 1555.7921142578125 16.937232971191406
0.9975007688438229 0.01631674145685825 -0.03254821140187288 -0.06055240737370687 4.149264154258337 -0.19005245891392936 0.010331284956035977
3.756284475326538 -1 1149.7528076171875 11.102570533752441 -1 434.0128479003906 14.693144798278809
0.9975741039801127 0.01555781347427567 -0.03146293827155439 -0.060116096209712984 4.155544506324829 -0.24706367838891927 0.0004935251898498848
19.825531005859375 -1 1028.460205078125 23.446083068847656 -1 1028.460205078125 23.446083068847656
0.9975014001510121 0.014854458231379314 -0.031731377852149266 -0.06134673118452909 4.159648758937261 -0.31177190954488526 -0.017466442275369046
0.557239294052124 -1 0.5570127964019775 0.557239294052124 -1 0.5570127964019775 0.557239294052124
0.997536340980601 0.014221007216460767 -0.03218067187361604 -0.06069115038081207 4.1655284165452615 -0.36793718844853684 -0.03650715805841297
12.57620906829834 -1 1555.9278564453125 16.944183349609375 -1 1555.9278564453125 16.944183349609375
0.9975382519734087 0.015516654043440294 -0.03350773025075438 -0.059614606520341056 4.169741991368857 -0.4210669870772834 -0.016377465456440452
3.5834343433380127 -1 618.275634765625 22.516613006591797 -1 1028.58203125 23.4671688079834
0.9974648596004175 0.017335108259482975 -0.03512513329094353 -0.059410208678684406 4.163987752276646 -0.4802636439829103 -0.00397883267112927
10.001133918762207 -1 784.138671875 19.779708862304688 -1 784.138671875 19.779708862304688
0.9974545877054861 0.017591563227130843 -0.03760250367497654 -0.05797356368102534 4.160227588581416 -0.5170473595634986 0.024104606997294806
3.0268821716308594 -1 878.1060791015625 3.0268821716308594 -1 268.5706787109375 11.215712547302246
0.9974396820174318 0.016735482026033227 -0.039135731194145026 -0.05746650260995993 4.151901458174157 -0.5566900631162319 0.02546230055272568
3.269864082336426 -1 1149.772216796875 11.040465354919434 -1 1555.993408203125 16.96010398864746
0.997398290131055 0.016022769487923656 -0.03978069041905571 -0.057943234043054764 4.142644283652353 -0.6027446908077108 0.028576580898818704
8.710086822509766 -1 1149.7828369140625 11.170364379882812 -1 1029.4044189453125 12.962684631347656
0.997341167789686 0.015756338199321582 -0.04070453768033894 -0.05835643452682778 4.136275614153266 -0.6510926550337154 0.04024990811986357
6.759607315063477 -1 1149.737060546875 11.108478546142578 -1 1149.737060546875 11.108478546142578
0.9973297614912044 0.017540456862588906 -0.041245187742891494 -0.057658596106762036 4.128707377727713 -0.6896792616681675 0.04326164211122861
0.5935513973236084 -1 0.5930674076080322 0.5935513973236084 -1 0.5930674076080322 0.5935513973236084
0.9972154120992383 0.018518957643683377 -0.0425974427053464 -0.05834319115803421 4.116212162238542 -0.743380970792261 0.06716456081208215
34.47538757324219 -1 248.22052001953125 37.49711227416992 -1 248.22052001953125 37.49711227416992
0.9970029040000753 0.01794700695365671 -0.04388670444132471 -0.06113159191532602 4.102425636722749 -0.8138797661077782 0.0891903096969626
4.827171802520752 -1 434.19708251953125 14.742515563964844 -1 434.19708251953125 14.742515563964844
0.9968148805568378 0.01779428531533991 -0.04344708901453098 -0.06446555488582459 4.0926627469516355 -0.8893577627999008 0.09043422791864661
4.704077243804932 -1 1197.180419921875 4.900997638702393 -1 1128.331298828125 15.918855667114258
0.9967554383660184 0.017890226998798026 -0.042644536104872004 -0.06587852006609028 4.090193120142292 -0.9541948072301125 0.08611939497250366
6.714422225952148 -1 374.0025329589844 22.496719360351562 -1 809.4223022460938 37.086585998535156
0.9964193497283037 0.018176100740399048 -0.04228460985935262 -0.07092334325129909 4.076013008276223 -1.0461065122269686 0.07332468828970656
2.9995570182800293 -1 827.0571899414062 6.879460334777832 -1 1394.6727294921875 8.309320449829102
0.9962052242761658 0.019002280305109424 -0.04214409263171357 -0.07374238892475661 4.0745386737047316 -1.1156624558411117 0.07506436731156567
6.995176315307617 -1 1128.7205810546875 6.995176315307617 -1 248.1427764892578 37.639156341552734
0.9962302541613681 0.020972984260293544 -0.04154581378940674 -0.07320764974624766 4.087671854567794 -1.1533513601156378 0.08206927173650991
15.135043144226074 -1 288.6230773925781 15.408310890197754 -1 288.6230773925781 15.408310890197754
0.9960077566496641 0.023867206165144664 -0.040764703503116013 -0.07574393778961484 4.090716595777967 -1.2083217479012731 0.06218504492111277
2.8547451496124268 -1 1029.402099609375 12.922353744506836 -1 1029.402099609375 12.922353744506836
0.9960236282254951 0.026442726638997632 -0.03807173882212362 -0.07608059494691177 4.102799199599617 -1.2487503957352393 0.029103825817510982
2.9438767433166504 -1 1186.161865234375 5.435364723205566 -1 849.2286987304688 9.579599380493164
0.9957140785790405 0.02632363868756531 -0.03548796166710578 -0.08124742668203612 4.091743633759069 -1.3129533513493674 0.031402322383274534
8.403091430664062 -1 72.75715637207031 9.326111793518066 -1 524.0707397460938 28.154033660888672
0.9956639563075588 0.024609821119235247 -0.03185841183204646 -0.08386110188876982 4.084831291932625 -1.3513948862275489 0.013761483921683625
19.8181095123291 -1 78.82793426513672 20.611276626586914 -1 649.134765625 26.819469451904297
0.9957195708048118 0.024062848763695202 -0.026765844262065033 -0.08512993132028156 4.072889316250617 -1.3757014675961583 -0.0164580767002555
19.823762893676758 -1 649.0231323242188 27.064090728759766 -1 649.0231323242188 27.064090728759766
0.9955351952871276 0.023766091076897262 -0.023299378707459857 -0.08832885605164206 4.0437208365165365 -1.4144301661261494 -0.03599995858856149
4.909345626831055 -1 1197.132080078125 4.909345626831055 -1 784.19873046875 19.774154663085938
0.9957360491326128 0.023104559274613887 -0.02050347445514236 -0.0869224213524224 4.011199538827974 -1.4086715587284944 -0.04660533151109896
11.162833213806152 -1 1557.745361328125 12.639461517333984 -1 363.7115478515625 20.119083404541016
0.9960415122546369 0.02140502430675138 -0.02049243806726784 -0.08380447948637806 3.9643701577290904 -1.3821917154699574 -0.028315060429053844
2.857813835144043 -1 1557.7169189453125 12.599442481994629 -1 314.14404296875 28.124950408935547
0.9961661619769172 0.019750910588608936 -0.021943270582738938 -0.0823490870576713 3.908161580882643 -1.3653901387836795 -0.000576532428966752
9.728897094726562 -1 1149.8946533203125 11.246448516845703 -1 764.494140625 15.730303764343262
0.9963727797023786 0.018783728580673648 -0.02159496519225595 -0.08013808637039115 3.8464474766473318 -1.3397045451301652 0.0029171571691351014
4.876131057739258 -1 229.22442626953125 4.876131057739258 -1 434.16656494140625 14.824946403503418
0.996539637955451 0.017240008928345655 -0.022439212976714012 -0.07815378299708278 3.795132846069005 -1.3159814397519802 0.010743049822830099
0.5750025510787964 -1 0.574368417263031 0.5750025510787964 -1 0.574368417263031 0.5750025510787964
0.9967145580813621 0.016672250755980778 -0.02299318267634623 -0.07585142921406895 3.7520627884175415 -1.2879343009196624 0.02759236239410708
2.8972692489624023 -1 434.0632019042969 14.842620849609375 -1 434.0632019042969 14.842620849609375
0.9968310026160968 0.016387849943345405 -0.022696099543067377 -0.07445990641380658 3.7000396735816325 -1.2620789406471484 0.037451450961983816
0.5717422366142273 -1 0.571528434753418 0.5717422366142273 -1 0.571528434753418 0.5717422366142273
0.9968530865472514 0.014538016813786787 -0.02268908199613029 -0.07455048937809333 3.6457922666609486 -1.2478325988714083 0.03887552548849194
2.891842842102051 -1 190.28424072265625 5.542872905731201 -1 190.28424072265625 5.542872905731201
0.996909754788434 0.01266427721581085 -0.023030928642360757 -0.07402792186827901 3.595833102010819 -1.2343616782493585 0.05169926818641207
0.5576736330986023 -1 0.5577902793884277 0.5576736330986023 -1 0.5577902793884277 0.5576736330986023
0.9969675816424802 0.011547889796859143 -0.022414085032555424 -0.07361994422259299 3.54873946462225 -1.2292016872801708 0.04264533876344632
10.400799751281738 -1 1557.8072509765625 12.525506973266602 -1 1181.3125 37.673152923583984
0.9970269064000501 0.01186219608029935 -0.021532390113488446 -0.07302734004808781 3.5113865614258266 -1.22174543221423 0.03898879474035477
0.5531035661697388 -1 0.5527814626693726 0.5531035661697388 -1 0.5527814626693726 0.5531035661697388
0.9972301971425698 0.011823419558896167 -0.020731257287575296 -0.07044398929789653 3.475200046326251 -1.202450560094039 0.03963780257460836
0.5485259890556335 -1 0.5486570596694946 0.5485259890556335 -1 0.5486570596694946 0.5485259890556335
0.9972261910803164 0.011436737006559812 -0.020786425522042278 -0.07054820610124511 3.4374814357730377 -1.1997458121876081 0.056679404379310606
11.093743324279785 -1 455.3957824707031 15.074494361877441 -1 455.3957824707031 15.074494361877441
0.9971966562120844 0.011417569896350486 -0.019428529600203664 -0.07135124508145693 3.4044756877183744 -1.2032503386702889 0.04083298348149237
2.9923794269561768 -1 435.83587646484375 2.9923794269561768 -1 1557.7606201171875 12.634660720825195
0.9971337463384541 0.010639978521535878 -0.018158586814258852 -0.07267288693185373 3.3752801125291123 -1.213207447935115 0.03028222460882474
11.084185600280762 -1 1149.9075927734375 11.084185600280762 -1 428.783447265625 11.486600875854492
0.9970715060313345 0.009397055421361907 -0.01649512935364458 -0.07408115764093524 3.3471691929776584 -1.222228162349298 0.031318854286426105
6.9128522872924805 -1 1149.8790283203125 11.1064453125 -1 434.2131652832031 14.855575561523438
0.997142822262507 0.008557856665917324 -0.014608639227727054 -0.07361754383000202 3.3191533286002786 -1.2130613444344813 0.01348915407590715
2.899482011795044 -1 229.23602294921875 4.7290425300598145 -1 1557.7667236328125 12.656123161315918
0.997178203757492 0.0075420761766493045 -0.014443031109332803 -0.07328127926218622 3.287083455273165 -1.2032056560174407 0.02166361613188026
19.801698684692383 -1 582.927001953125 27.464641571044922 -1 754.9554443359375 33.431312561035156
0.9972437281521559 0.005695291181752609 -0.014404866070951806 -0.07256038969728684 3.257217665949578 -1.1930894913804266 0.04693585177509745
0.5495221614837646 -1 0.5494149327278137 0.5495221614837646 -1 0.5494149327278137 0.5495221614837646
0.9973236437727407 0.004861545101547486 -0.014315080228093528 -0.07153316314236538 3.2319813662399905 -1.1756497858897152 0.0397532966893612
7.099290370941162 -1 1481.7037353515625 7.099290370941162 -1 1149.7767333984375 11.125483512878418
0.9974093634077829 0.0033294748155041696 -0.014267762762212558 -0.0704266095286129 3.2094004703958197 -1.1614521678416196 0.03946356364226794
0.546379804611206 -1 0.5460109114646912 0.546379804611206 -1 0.5460109114646912 0.546379804611206
0.9976231306851839 0.0025808738734736177 -0.014250881740737334 -0.06736720701909142 3.1870491622139596 -1.137906029824664 0.034564849875277366
2.9511032104492188 -1 878.2396850585938 2.9511032104492188 -1 1149.9287109375 11.114570617675781
0.9977281915250602 0.0022105262337479047 -0.014247485608605238 -0.06580713155681092 3.1620192891971017 -1.127870311542506 0.03640672192804229
8.437417984008789 -1 752.6262817382812 18.547395706176758 -1 784.0445556640625 19.70541000366211
0.9978169957295102 0.001388885982821061 -0.013315163143151348 -0.06466854304476495 3.1354675555193916 -1.1216175542651274 0.0328050020521425
0.544660210609436 -1 0.5446012616157532 0.544660210609436 -1 0.5446012616157532 0.544660210609436
0.9977758630071722 0.0013297110879131005 -0.012459610997287802 -0.06546997145647501 3.09961624269534 -1.1297143689852345 0.02985096052638563
0.5468899607658386 -1 0.5466935038566589 0.5468899607658386 -1 0.5466935038566589 0.5468899607658386
0.99778885232122 -8.935877604686542e-05 -0.012059061646833435 -0.065360364370998 3.0569231273954904 -1.1325279291919756 0.03732768943102909
4.7087883949279785 -1 673.6343994140625 14.73298454284668 -1 673.6343994140625 14.73298454284668
0.9978183235712006 -0.0014330285185976874 -0.012534847469751987 -0.06480291022580632 3.015907987158309 -1.1283883923256506 0.039121211512703015
0.5410104393959045 -1 0.540851891040802 0.5410104393959045 -1 0.540851891040802 0.5410104393959045
0.9978463071806587 -0.002135796829881963 -0.013954235397222157 -0.06405829323594915 2.974377903743948 -1.1224284335552646 0.04254053059736263
0.549781858921051 -1 0.5497490167617798 0.549781858921051 -1 0.5497490167617798 0.549781858921051
0.9978901609511011 -0.00269639739114017 -0.01510471695749333 -0.06308568493508378 2.9327753994583734 -1.116230100177686 0.06855725723351247
2.829524278640747 -1 1557.706298828125 12.724344253540039 -1 288.6919250488281 15.449528694152832
0.9978421711337015 -0.003449525521354835 -0.01459652349311774 -0.06392216972829681 2.8913383766864342 -1.1197871759641702 0.06557329420947339
0.5523343086242676 -1 0.5524808168411255 0.5523343086242676 -1 0.5524808168411255 0.5523343086242676
0.9977826645336704 -0.005809831739929206 -0.011722706662675414 -0.06525778390156937 2.8456642184913394 -1.1153290771533437 0.04263014947259747
14.529776573181152 -1 1555.9661865234375 16.925827026367188 -1 784.157958984375 19.662612915039062
0.9976999813398357 -0.008316053758594025 -0.008538101400767271 -0.06672848948422172 2.8103400671597267 -1.115388384959954 0.03523026641982219
0.5706427097320557 -1 0.5700523853302002 0.5706427097320557 -1 0.5700523853302002 0.5706427097320557
0.9976543609582269 -0.009337224864761993 -0.00602477846811803 -0.06754475802952409 2.771561952061238 -1.1068353328688583 0.034954392286604255
19.780948638916016 -1 784.193359375 19.780948638916016 -1 831.6990966796875 39.3559455871582
0.9975353637987663 -0.011759303253193812 -0.005624121607656235 -0.06894407889010376 2.723130757408089 -1.0957263034841993 0.041875861003433816
16.059940338134766 -1 1555.6402587890625 17.123567581176758 -1 248.2941436767578 37.54383850097656
0.9977650354431097 -0.015645989920682595 -0.0060028419954133525 -0.06468464218491242 2.686053822394633 -1.0500166286928667 0.07364342536668651
0.5502402186393738 -1 0.5500305891036987 0.5502402186393738 -1 0.5500305891036987 0.5502402186393738
0.9977399467985496 -0.020010493787510335 -0.00789565309755954 -0.0636571862633782 2.6329239513843525 -1.0091206571957974 0.11198553246499945
0.5501774549484253 -1 0.5498224496841431 0.5501774549484253 -1 0.5498224496841431 0.5501774549484253
0.9979065348533844 -0.02431945896500483 -0.011174845246503426 -0.05887473521195163 2.6058638793565456 -0.9510848430320342 0.13923932326615282
0.5499211549758911 -1 0.5496084690093994 0.5499211549758911 -1 0.5496084690093994 0.5499211549758911
0.998037816216863 -0.028582742245207064 -0.013552015928963669 -0.05403597978273864 2.575713048599581 -0.9047943326575735 0.1924671454412765
3.5844390392303467 -1 1029.329345703125 13.160097122192383 -1 686.3306274414062 19.914094924926758
0.9982240134361909 -0.028033272473256956 -0.014717025243141337 -0.05046150812031292 2.5440481948046965 -0.872477883038014 0.20974703087617072
3.508221387863159 -1 288.8242492675781 15.527179718017578 -1 784.1614379882812 19.7547550201416
0.9983848238359694 -0.026771213873796582 -0.015975381168011605 -0.0474956086210133 2.520775001373666 -0.8554463050389747 0.2211644441697473
4.660922527313232 -1 1394.6832275390625 8.389863014221191 -1 849.361083984375 9.692505836486816
0.998536526949676 -0.02719255378301682 -0.01774225937484245 -0.043250220789177465 2.4927945331685404 -0.8418601998007463 0.2476916016012057
0.547315239906311 -1 0.5472266674041748 0.547315239906311 -1 0.5472266674041748 0.547315239906311
0.998516394175528 -0.02568203110620832 -0.01955994196024734 -0.04385034220474619 2.436695880193556 -0.8539462359510315 0.25491718699657023
12.622312545776367 -1 695.140869140625 18.92481231689453 -1 784.1542358398438 19.791019439697266
0.9984473144577759 -0.022033020849915336 -0.019791561055915043 -0.04717838864620524 2.361610292757779 -0.8894314883747845 0.2685889461709868
12.608747482299805 -1 1028.335205078125 23.289274215698242 -1 248.14776611328125 37.43549728393555
0.9983108232152027 -0.01502749694576201 -0.021578153553994613 -0.05180789395574517 2.2773040420136694 -0.9342202816798046 0.25313824811377666
0.5502831935882568 -1 0.5501741170883179 0.5502831935882568 -1 0.5501741170883179 0.5502831935882568
0.9980758034720064 -0.009169199462491541 -0.02579682832450585 -0.05563398200130832 2.203868340645889 -0.9778232339517902 0.25815129917270496
12.653541564941406 -1 1128.450927734375 16.033344268798828 -1 784.16650390625 19.712690353393555
0.9979470229954283 -0.005827718423465535 -0.029524973382261815 -0.05653364431306332 2.149273466849946 -1.0110702027028575 0.26006879720950316
0.5688283443450928 -1 0.5683385729789734 0.5688283443450928 -1 0.5683385729789734 0.5688283443450928
0.9979433103889953 -0.0010587201441599385 -0.03214437764669722 -0.05545058473286167 2.113165181522578 -1.0422117164965956 0.25300309087065836
0.5557897090911865 -1 0.555584192276001 0.5557897090911865 -1 0.555584192276001 0.5557897090911865
0.9978079454159784 0.005572058959537066 -0.03256771769975253 -0.057337596631920375 2.073690716223127 -1.10248572408184 0.22076198247105475
0.5561516284942627 -1 0.5558778047561646 0.5561516284942627 -1 0.5558778047561646 0.5561516284942627
0.9975574970636527 0.009589971371694692 -0.03178256583347542 -0.061456822324550194 2.0351770926895605 -1.1614662909988736 0.2052051157069228
3.59416127204895 -1 288.68682861328125 15.37318229675293 -1 784.2420654296875 19.763490676879883
0.9974229925220304 0.011775561750374093 -0.0300664276486378 -0.0640680892668909 1.9928649061960961 -1.2046340891577476 0.20917795740792133
2.5783355236053467 -1 1149.7879638671875 11.075482368469238 -1 1557.671630859375 12.67184066772461
0.9972282874110954 0.01514535071537278 -0.02778302444907097 -0.06733843398316088 1.9504702029492678 -1.2282977296328121 0.17019383254739945
11.199575424194336 -1 784.1707763671875 19.766923904418945 -1 1026.0831298828125 20.618938446044922
0.99690494194436 0.015970363229055564 -0.02472992469319678 -0.07289660520156671 1.9000226649318654 -1.247574476991647 0.15487890458143902
15.988554000854492 -1 1555.7830810546875 16.996248245239258 -1 991.794189453125 22.112577438354492
0.9968668920388447 0.014005496391810715 -0.021519676242170962 -0.07481409734846535 1.8500064446496458 -1.2376955237610625 0.1410297874140552
0.5526893138885498 -1 0.552385151386261 0.5526893138885498 -1 0.552385151386261 0.5526893138885498
0.9968704886575308 0.009159174638956113 -0.02158141613433256 -0.07549556835514035 1.7964751872753348 -1.2250218597951792 0.17151141541812265
3.8762738704681396 -1 495.0555419921875 3.8762738704681396 -1 1149.902099609375 11.141584396362305
0.9968319414614765 0.008451073938804345 -0.022449080871662933 -0.07583336072891696 1.7423118912060036 -1.1999492979578765 0.17985382064555175
12.601819038391113 -1 649.1985473632812 27.079561233520508 -1 1581.977783203125 57.264442443847656
0.9968579571770474 0.005996572968796579 -0.02318187634846986 -0.07550400608178545 1.6917534678197839 -1.1767712150424978 0.19352517753815487
3.247002601623535 -1 1149.849609375 11.183419227600098 -1 1149.849609375 11.183419227600098
0.9967766682549166 0.005082796023885568 -0.02325207723343046 -0.07661448760866404 1.646943550617606 -1.1594649060763427 0.2015031793216326
11.175556182861328 -1 1295.255615234375 17.9389705657959 -1 649.1631469726562 27.1345157623291
0.9967664038136304 0.00443448935083054 -0.022791956016193497 -0.0769259271871074 1.6031895204943334 -1.144554493798616 0.20749420189295537
14.621786117553711 -1 1261.2275390625 29.14828109741211 -1 1261.2275390625 29.14828109741211
0.9966160594915057 0.0042863159894168164 -0.022740690244010226 -0.07887279927889411 1.5587874548007277 -1.141909455244666 0.2175524414689372
13.52934455871582 -1 784.0303344726562 19.95968246459961 -1 426.1458740234375 20.413904190063477
0.9965347512149018 0.003732458189556768 -0.020683170425242193 -0.08047835012025029 1.5083368581071612 -1.1406853467520468 0.2171638579777721
5.478414058685303 -1 869.0982666015625 8.838176727294922 -1 1149.806884765625 11.022586822509766
0.996333136067586 0.0038695529903421413 -0.018690922770711285 -0.08340238569347648 1.4639758034627979 -1.141805429119618 0.21850545877651859
3.8048439025878906 -1 428.9767761230469 11.53573226928711 -1 428.9767761230469 11.53573226928711
0.9962440726309165 0.0033614471918117952 -0.017656083294276557 -0.08470366664582799 1.423340689108622 -1.1384803106105152 0.22169662554992567
14.440120697021484 -1 1248.079345703125 18.313051223754883 -1 1248.079345703125 18.313051223754883
0.99624369597242 0.0027140764641584835 -0.01727526844043809 -0.08480977021823571 1.3810652394625118 -1.1297655590276132 0.22457293601017475
5.166499137878418 -1 1557.80615234375 12.640560150146484 -1 288.7033996582031 15.367517471313477
0.9962774016269216 0.00263072375119177 -0.016894019325331498 -0.08449266483600779 1.3401071910492588 -1.1183610994390067 0.22327089334803016
11.0849027633667 -1 457.01611328125 13.0901517868042 -1 457.01611328125 13.0901517868042
0.996295177349842 0.002104891348729287 -0.016273899160780828 -0.08441948369873993 1.3016081731639038 -1.1106192230029461 0.2268154757469623
0.5521344542503357 -1 0.552081823348999 0.5521344542503357 -1 0.552081823348999 0.5521344542503357
0.9962271812114539 0.0020259748389293707 -0.015028753200494854 -0.08544843719268148 1.2608207394553779 -1.1078607137191072 0.21365745848466133
5.4181389808654785 -1 434.08551025390625 14.700429916381836 -1 434.08551025390625 14.700429916381836
0.9963037679981532 0.002139453783861 -0.014424589408091123 -0.08465315015164358 1.2326439211063038 -1.102654046798718 0.22498706326816753
3.4751222133636475 -1 225.4085693359375 3.4751222133636475 -1 428.84197998046875 11.451918601989746
0.9964624541691323 0.0006985471337436544 -0.01298926987722877 -0.08302631107780654 1.1966118231763943 -1.0938836028043997 0.23681483272124557
6.895273685455322 -1 1557.675537109375 12.717460632324219 -1 991.712890625 21.829208374023438
0.996820292472273 -0.0007709778184596108 -0.012326573387701927 -0.07871953821773384 1.1646716857836323 -1.0730514761720877 0.240820963175518
2.7140626907348633 -1 877.9931640625 2.7140626907348633 -1 1128.9027099609375 6.704580307006836
0.9970082449696441 -0.002380369903342411 -0.01272335474896363 -0.07620373708425024 1.1232360701665798 -1.0576171186237995 0.25923871544345567
3.763500213623047 -1 1557.68701171875 12.713387489318848 -1 784.56787109375 19.318078994750977
0.9970807373904914 -0.0020236402934261863 -0.01355106191899124 -0.07511508986658028 1.0757666407997188 -1.041634210621248 0.2623000898028261
4.65602970123291 -1 1150.013671875 11.012578010559082 -1 1557.7105712890625 12.670348167419434
0.9973053136126572 -0.0019671210185539033 -0.014508849783114983 -0.0718869609374934 1.0331044433598398 -1.0208102255090197 0.26925912724486356
26.829776763916016 -1 562.1389770507812 48.37961959838867 -1 1058.8441162109375 49.21883010864258
0.9976197599331906 -0.0028872434673434823 -0.013334819186330291 -0.0675918709111623 1.000628419177174 -1.00071458728057 0.26822324527131713
11.094827651977539 -1 434.1314392089844 14.656828880310059 -1 434.1314392089844 14.656828880310059
0.9974937959164795 -0.003575514508569354 -0.01168982708985762 -0.06968996159233545 0.9600077832567041 -0.9938485012528979 0.2701389718363284
4.699085712432861 -1 1300.8214111328125 8.957413673400879 -1 1149.72998046875 11.13607406616211
0.9974254949185837 -0.006458846845919233 -0.009014129354559627 -0.07084780064206986 0.9104192658690425 -0.9875309564313686 0.2745434063377438
4.8067097663879395 -1 229.3135223388672 4.8067097663879395 -1 1376.75830078125 6.534420490264893
0.9977492925418247 -0.00803631491485089 -0.007424439806191448 -0.06615621337744472 0.8650962033840667 -0.9753520699804837 0.2773587599105285
2.9995644092559814 -1 878.217529296875 2.9995644092559814 -1 1394.749755859375 8.39554214477539
0.9978899026829511 -0.008921142522107827 -0.007604205207152016 -0.06386181490279007 0.8095299974336626 -0.9745414472821375 0.2988501487976873
6.295681476593018 -1 1002.9456787109375 16.910953521728516 -1 1002.9456787109375 16.910953521728516
0.9981701541653294 -0.00938772768349465 -0.008646430508295971 -0.059105440882954885 0.7666040789677502 -0.968463663043137 0.30319462509050266
0.5 -1 0.5 0.5 -1 0.5 0.5
0.998463840682691 -0.009830059276564414 -0.01093599383960193 -0.05342034090615259 0.7155905083042962 -0.9574323713893665 0.30712957154655596
5.048120975494385 -1 190.29058837890625 5.548062801361084 -1 1149.871337890625 11.211040496826172
0.9987515063737198 -0.011321446650228266 -0.01437407534446993 -0.046482677633318516 0.6644824747307185 -0.9498360551219271 0.31396227595547543
3.6525344848632812 -1 1555.89306640625 16.912141799926758 -1 784.1990356445312 19.63805389404297
0.9988672982081401 -0.01010819782782847 -0.01844814582362984 -0.042680332973328836 0.6220670779110464 -0.9449049533453785 0.3229257462011119
18.359695434570312 -1 784.0974731445312 19.828664779663086 -1 1261.1890869140625 29.178293228149414
0.998888907980905 -0.010599028918725346 -0.02187673248437258 -0.04037348974887258 0.582307272743844 -0.9441806647552203 0.3461458310210387
0.5591763257980347 -1 0.5590846538543701 0.5591763257980347 -1 0.5590846538543701 0.5591763257980347
0.9988864122276085 -0.008846543874775509 -0.023527210553863236 -0.03992673906145968 0.5538576412917282 -0.9467908657705889 0.3324198515832004
4.884364604949951 -1 1557.7364501953125 12.598138809204102 -1 1128.581298828125 15.946959495544434
0.9988060576370459 -0.006022278573019224 -0.02310816500619509 -0.04261694614091649 0.5324788611528615 -0.9566744181001258 0.327245528156509
3.2338597774505615 -1 1149.9659423828125 11.192902565002441 -1 1557.6497802734375 12.671056747436523
0.9986332413385561 -0.0028442010329285425 -0.0219621556170586 -0.04734156244554662 0.5131437733401566 -0.9710917069858576 0.30780989211030374
3.5273022651672363 -1 869.1676635742188 8.906109809875488 -1 1149.67431640625 11.076959609985352
0.9985646371649921 0.0007101950205262651 -0.021529816592188906 -0.049037006679520496 0.494578600266797 -0.9849775848333154 0.2888742436136066
6.704061985015869 -1 1557.7864990234375 12.687304496765137 -1 481.5029602050781 13.51758098602295
0.9986813895962429 0.00514665842941693 -0.02375283355653467 -0.0452194303277222 0.4764410272214985 -0.9891547245246788 0.2565267324573925
0.5658720135688782 -1 0.5655232667922974 0.5658720135688782 -1 0.5655232667922974 0.5658720135688782
0.998500573327293 0.007261229421155313 -0.027244750387658855 -0.0469212445345915 0.4268210111082954 -0.997698684344807 0.24005659333426702
8.444564819335938 -1 1149.8492431640625 11.171952247619629 -1 1555.7518310546875 16.98076820373535
0.9984928963930548 0.009833916049506496 -0.02935856093541699 -0.04531340692930705 0.3810523727457232 -1.0029280693314344 0.22331089332389495
11.135844230651855 -1 852.5340576171875 15.414155960083008 -1 852.5340576171875 15.414155960083008
0.9985391347807351 0.01314660855756703 -0.02911204653977198 -0.04358040547128249 0.33174046705189825 -1.012678109208228 0.22180901616072035
0.5634245872497559 -1 0.5629373788833618 0.5634245872497559 -1 0.5629373788833618 0.5634245872497559
0.9984192124360565 0.01733696785705717 -0.027458097872170115 -0.045875468884038775 0.26688640409373593 -1.0199528543770844 0.22144566790653947
0.57014000415802 -1 0.5697067379951477 0.57014000415802 -1 0.5697067379951477 0.57014000415802
0.9984597439037746 0.018755013475396987 -0.024519935001040712 -0.04609948004795015 0.2076334724781029 -1.0170844387982532 0.21632002270067427
0.5598028898239136 -1 0.559983491897583 0.5598028898239136 -1 0.559983491897583 0.5598028898239136
0.9985333110710668 0.018864816189698888 -0.02321458236027503 -0.04512680530925117 0.15833969273777393 -1.0074080725500676 0.21882493330997047
0.5538220405578613 -1 0.5534985065460205 0.5538220405578613 -1 0.5534985065460205 0.5538220405578613
0.9985182700845766 0.017763407039752967 -0.022156956210097587 -0.0464197691630261 0.11109956319666521 -1.0001414612760093 0.23086992619924565
4.781383037567139 -1 434.1319885253906 14.719500541687012 -1 434.1319885253906 14.719500541687012
0.9986269404561308 0.016984782557063798 -0.01998755225012752 -0.04534587866350427 0.07985686176142086 -0.9978707510311147 0.22866927580240518
0.5615622997283936 -1 0.5613611340522766 0.5615622997283936 -1 0.5613611340522766 0.5615622997283936
0.9987066583562938 0.016163716641576044 -0.01834310494580259 -0.04457886629428002 0.04653494943984521 -1.001971290644685 0.235269023307932
4.746361255645752 -1 1149.9554443359375 11.161080360412598 -1 434.0294494628906 14.795821189880371
0.9989087246674097 0.01630143312224364 -0.01692099035048495 -0.040364627423638555 0.004177074460821197 -1.0105967255760193 0.23821346453324016
3.2635271549224854 -1 1149.792236328125 11.1587495803833 -1 1149.792236328125 11.1587495803833
0.9989028751077265 0.017183771919851733 -0.01743602602343245 -0.03992178704210021 -0.05303615760616006 -1.0166928617901363 0.24245747204579102
11.175554275512695 -1 784.0927734375 20.00988006591797 -1 633.7921752929688 24.557636260986328
0.9989840002779623 0.016110047589749484 -0.017595929518190643 -0.03823371312973962 -0.1052497245031305 -1.023709656836595 0.24623291645073508
0.5 -1 0.5 0.5 -1 0.5 0.5
0.9989880887524405 0.015867075095251593 -0.018347883852867498 -0.03787333648874025 -0.15542007045851725 -1.0279933480643328 0.25641929095601923
11.105846405029297 -1 1557.7293701171875 12.668366432189941 -1 792.0047607421875 16.042545318603516
0.9990781779603072 0.015828663299356692 -0.018141979658622884 -0.03554034771544042 -0.20480152610730645 -1.0288981935154657 0.2490172499152048
0.5383545160293579 -1 0.5383074283599854 0.5383545160293579 -1 0.5383074283599854 0.5383545160293579
0.9991502857490163 0.015430099784134078 -0.019120669321780217 -0.03309106394478877 -0.24057893809851222 -1.0259101704645563 0.24907543412627808
0.5431387424468994 -1 0.5429772138595581 0.5431387424468994 -1 0.5429772138595581 0.5431387424468994
0.9992067018850995 0.014793948402953441 -0.01921053660348641 -0.03159210790622755 -0.27725609207779855 -1.0243131685011306 0.24815487398434313
3.8363733291625977 -1 229.4031982421875 4.996890544891357 -1 229.4031982421875 4.996890544891357
0.9992376227723876 0.014557296695410449 -0.01843996488915654 -0.03118053950777719 -0.3115569882878152 -1.0176357125617406 0.25419788501990875
5.4396820068359375 -1 1557.8121337890625 12.55848503112793 -1 1477.16064453125 13.881841659545898
0.9992797878625205 0.01327521161024551 -0.016822880448049044 -0.031315571519132036 -0.34583620060129766 -1.0112247385736295 0.25321228568765525
0.5433468818664551 -1 0.5431756377220154 0.5433468818664551 -1 0.5431756377220154 0.5433468818664551
0.99935047580951 0.01167203532634507 -0.015949968144316623 -0.030132849298430485 -0.3732954426070841 -1.0042689434497014 0.2671485390353985
0.5423442125320435 -1 0.5418503284454346 0.5423442125320435 -1 0.5418503284454346 0.5423442125320435
0.9994202817220936 0.009946114588778797 -0.014874144093617661 -0.028964376820504345 -0.3959244426971957 -0.9938999321375482 0.2738830126514191
0.5376347303390503 -1 0.5373352766036987 0.5376347303390503 -1 0.5373352766036987 0.5376347303390503
0.9994510280934162 0.00848871985499596 -0.013981815587899276 -0.02881133303237976 -0.4127777006361352 -0.980156450988707 0.2729743700466374
2.9166259765625 -1 897.004150390625 3.4946048259735107 -1 1025.80615234375 20.567136764526367
0.9994499281187419 0.006270130851636467 -0.012262398595328327 -0.030168861815359164 -0.43462162985711256 -0.9643156357280023 0.2742244222727708
0.5403076410293579 -1 0.5402016639709473 0.5403076410293579 -1 0.5402016639709473 0.5403076410293579
0.9994523495620343 0.0040998395771273 -0.010098437681380324 -0.03124442073020935 -0.4696357126210968 -0.9481671383519854 0.27672720103590365
3.3556065559387207 -1 584.2202758789062 8.240907669067383 -1 899.1157836914062 10.665140151977539
0.9994044441750748 0.00371407520185556 -0.009327978177469214 -0.03301441248342424 -0.5245557828107368 -0.9397662679542126 0.2950032032785774
1.976582646369934 -1 434.0906066894531 14.685190200805664 -1 434.0906066894531 14.685190200805664
0.9993482882818009 0.004327289025312873 -0.00893852158918127 -0.03470412237365999 -0.5930458588276273 -0.9298420842874766 0.2825541125036486
11.150895118713379 -1 1149.8934326171875 11.150895118713379 -1 551.8262939453125 15.376422882080078
0.999242007102455 0.00449914582555734 -0.010229855391084463 -0.03728966327784363 -0.6787217064258296 -0.9198610798352933 0.28661779476724814
0.5471044182777405 -1 0.546772837638855 0.5471044182777405 -1 0.546772837638855 0.5471044182777405
0.9990997223357451 0.0032231648909704347 -0.013652701381711891 -0.040036980177139546 -0.7695303838522455 -0.9099630220753286 0.2769623531485847
0.5535257458686829 -1 0.5531966686248779 0.5535257458686829 -1 0.5531966686248779 0.5535257458686829
0.9990243945544305 0.0015621248873296312 -0.016401240593842948 -0.04097338353093303 -0.8581590638930822 -0.9024277452267202 0.27829198896086027
0.5473429560661316 -1 0.5469286441802979 0.5473429560661316 -1 0.5469286441802979 0.5473429560661316
0.9988432579936362 0.0007761871663584415 -0.019916061258126623 -0.0437595018036522 -0.9526912571812414 -0.8954999368353979 0.26398814637168844
24.53987693786621 -1 248.42141723632812 37.46632766723633 -1 1460.27294921875 57.345947265625
0.9987752336404759 0.0025203279637585714 -0.02577434535697293 -0.042158791903792785 -1.0359267214945245 -0.8993047661009325 0.25280785602353817
0.5562072396278381 -1 0.5562273859977722 0.5562072396278381 -1 0.5562273859977722 0.5562072396278381
0.9986517222096329 0.005787899995296074 -0.03192438781013559 -0.04052248023414595 -1.1217015133354793 -0.9096774226817992 0.23050392513900225
0.5457754135131836 -1 0.545961856842041 0.5457754135131836 -1 0.545961856842041 0.5457754135131836
0.9984331336993066 0.0068182201143664216 -0.037209521975103625 -0.041233977254674405 -1.2117640503818774 -0.9110809471268139 0.21055062297082766
0.5516284704208374 -1 0.551474928855896 0.5516284704208374 -1 0.551474928855896 0.5516284704208374
0.9984344034797926 0.006915516319487121 -0.04007704648168084 -0.03840244689197278 -1.275263114259916 -0.9227071846366062 0.19065716454007053
0.5670088529586792 -1 0.5668035745620728 0.5670088529586792 -1 0.5668035745620728 0.5670088529586792
0.9984053990328773 0.006516032211820179 -0.038806097381556014 -0.04047576203394922 -1.3418969175542927 -0.9282765873306931 0.2010739418102679
0.5613294839859009 -1 0.5610206723213196 0.5613294839859009 -1 0.5610206723213196 0.5613294839859009
0.9984731636965147 0.007660749456471232 -0.034781343820498314 -0.04222454757221648 -1.4083110571453206 -0.9367116969142429 0.22142771639424103
3.7188467979431152 -1 384.7059020996094 3.7188467979431152 -1 197.54861450195312 4.352001190185547
0.9983949869041667 0.008749489164285579 -0.03273376119227321 -0.045380584418892624 -1.4663091765650307 -0.9431309483151334 0.23941154381669175
0.5 -1 0.5 0.5 -1 0.5 0.5
0.998346312416805 0.011116810515003068 -0.03009446466044289 -0.047700945530902046 -1.520075158303734 -0.9445812487970542 0.23062910977987086
4.8582916259765625 -1 1557.811279296875 12.56871223449707 -1 288.7213439941406 15.297389030456543
0.998309858879828 0.011685089377951015 -0.027972635983820823 -0.04958241609365178 -1.5703375019759398 -0.9457444478664504 0.2485089769488076
5.692956924438477 -1 190.37892150878906 5.692956924438477 -1 369.5452880859375 12.546416282653809
0.9983847562864853 0.010348208908432561 -0.02620648020991959 -0.049335721157901316 -1.6165680732113674 -0.9479820713686888 0.262111960032074
0.5738765001296997 -1 0.5735656023025513 0.5738765001296997 -1 0.5735656023025513 0.5738765001296997
0.998497515588076 0.0082487696383234 -0.024914028883496583 -0.04810364153249058 -1.6817056356413838 -0.9527095221537081 0.29275556246405443
3.8507261276245117 -1 521.3895874023438 3.8507261276245117 -1 852.7275390625 15.238492012023926
0.9986071191042643 0.007821964054245992 -0.023921090804217778 -0.04637262088077728 -1.7219065492942573 -0.9589419031963339 0.29621545784965536
2.7930757999420166 -1 192.95938110351562 2.7930757999420166 -1 1149.9449462890625 11.218143463134766
0.9986414315539621 0.00686171426346825 -0.022211945962806845 -0.0466351532405042 -1.7740095682773585 -0.958378088125302 0.31473565517656144
3.3010659217834473 -1 1024.5159912109375 10.29771900177002 -1 1149.7760009765625 11.124663352966309
0.9986826832641035 0.007093053021033722 -0.019950903951785542 -0.04673915038549466 -1.8407587243813806 -0.9466905528067294 0.2723328837360374
0.5746081471443176 -1 0.5744395852088928 0.5746081471443176 -1 0.5744395852088928 0.5746081471443176
0.9987939334885012 0.004653170113786533 -0.019888437303458118 -0.04464836498782457 -1.890296790083409 -0.9499521813830437 0.33847139481547384
14.300901412963867 -1 430.934326171875 14.300901412963867 -1 248.13394165039062 37.639984130859375
0.9988802708358752 0.005175362984773553 -0.0176774970640693 -0.043576670941851456 -1.9409329572883853 -0.9415001461492564 0.29285132483440823
0.5745363235473633 -1 0.5742452144622803 0.5745363235473633 -1 0.5742452144622803 0.5745363235473633
0.9988829067205371 0.004840669126665779 -0.01633139329200213 -0.04407711625184587 -1.9943279800520881 -0.9290595969117923 0.29925614097908154
0.5662204027175903 -1 0.5661571025848389 0.5662204027175903 -1 0.5661571025848389 0.5662204027175903
0.9988246814952646 0.0032989568870958443 -0.01618476868650773 -0.04556781519784219 -2.0523454329997644 -0.9125584124536221 0.31601075329892453
0.5570260286331177 -1 0.5569663643836975 0.5570260286331177 -1 0.5569663643836975 0.5570260286331177
0.9988145884802418 0.0007621301685605261 -0.015901998231560476 -0.04599960270366059 -2.12493510920015 -0.8982857474638591 0.32671757720759875
2.6546175479888916 -1 878.228515625 2.885124921798706 -1 878.228515625 2.885124921798706
0.9988067602159548 0.00031777429791236513 -0.01760058808711503 -0.04555407847154387 -2.2131330598890058 -0.8835904027116932 0.2977356262274223
0.5685983300209045 -1 0.5685847997665405 0.5685983300209045 -1 0.5685847997665405 0.5685983300209045
0.9988664822498063 -0.0007537946919915613 -0.018759303719507937 -0.043740952840776504 -2.287522964171633 -0.8832756881304586 0.3491708052448621
20.7745418548584 -1 78.99321746826172 20.7745418548584 -1 991.8515625 21.89525604248047
0.9989103802548515 -0.0018978050516430607 -0.0194548160489117 -0.04237877638154502 -2.3495695657002127 -0.8853828069883065 0.3636810663234342
8.378087997436523 -1 1149.8328857421875 11.074226379394531 -1 784.1763916015625 19.777992248535156
0.9988712509747626 -0.00280015839302085 -0.019903100911702575 -0.04303777019299991 -2.4040719038314364 -0.8782385106261378 0.3589516558111655
0.5963283181190491 -1 0.5955328941345215 0.5963283181190491 -1 0.5955328941345215 0.5963283181190491
0.9988327387735896 -0.003994960032276196 -0.02052535961681108 -0.04354204704640517 -2.4532537463508657 -0.8682952081600088 0.34573886760094985
4.967319011688232 -1 288.7878112792969 15.484142303466797 -1 1028.4500732421875 23.44025421142578
0.9988579982605283 -0.004530462301256731 -0.02003789703646631 -0.043135332439465206 -2.490559030323081 -0.8676339599206077 0.35100707013178256
4.640401363372803 -1 1197.193115234375 4.948879241943359 -1 428.8905944824219 11.601760864257812
0.9989249988478978 -0.004572247232229222 -0.0197092844847483 -0.04170713772334651 -2.5264218691752163 -0.8772289250069495 0.34220571255638027
3.7820730209350586 -1 495.069580078125 3.7820730209350586 -1 599.3882446289062 12.365726470947266
0.9989347651220744 -0.004548244966011096 -0.019090895370123966 -0.04176345546290963 -2.5722055917989324 -0.8814813645529367 0.3422007949587673
15.363595962524414 -1 784.1950073242188 19.77281951904297 -1 784.1950073242188 19.77281951904297
0.9990238488825147 -0.0057608814146200464 -0.01806310221562701 -0.039898445428877445 -2.6226399225421684 -0.8897244278296326 0.3365161705084664
27.809267044067383 -1 51.242061614990234 41.89598846435547 -1 1058.740234375 49.11985778808594
0.9990371763920728 -0.007531010310756076 -0.019962273239215886 -0.03833421079631942 -2.69121096887345 -0.901928828427062 0.3353176633212634
0.5671001672744751 -1 0.5668185949325562 0.5671001672744751 -1 0.5668185949325562 0.5671001672744751
0.9990059191007347 -0.005074072621816479 -0.025333744249708315 -0.03632669529444266 -2.7617770328773164 -0.9280909352720116 0.30148095395567764
11.0 -1 634.0 24.5 -1 649.5 27.0
0.998761440181249 -0.0006007006899283046 -0.03261365380936632 -0.037570924276114984 -2.8512192024968357 -0.9409621156985922 0.2233367268213672
0.5775264501571655 -1 0.5771756768226624 0.5775264501571655 -1 0.5771756768226624 0.5775264501571655
0.9984475370248179 0.004347227864309678 -0.03982693206524666 -0.038696678168040365 -2.923446933369124 -0.9577729965930974 0.1829005582125602
4.865758419036865 -1 1197.0921630859375 4.865758419036865 -1 1149.906005859375 11.167265892028809
0.9979191461615752 0.006616211224796476 -0.04574147140132156 -0.044959106610604746 -3.0073433558293146 -0.9477531745966209 0.16163607747085812
0.5646016001701355 -1 0.5645847320556641 0.5646016001701355 -1 0.5645847320556641 0.5646016001701355
0.9977193647434499 0.008301167527214026 -0.04680301169683931 -0.04792325040851954 -3.0668919527880956 -0.9413959060005426 0.12650975862451025
8.464705467224121 -1 1555.6693115234375 17.05355453491211 -1 649.2177124023438 26.958253860473633
0.997654278683843 0.009089454992455625 -0.04469177584473468 -0.05104867484670807 -3.1186087817874366 -0.9331254397435101 0.15214428563412297
0.5548868179321289 -1 0.554509162902832 0.5548868179321289 -1 0.554509162902832 0.5548868179321289
0.9979617952158598 0.00894363003220468 -0.04003464865230104 -0.048882447551980956 -3.1555620030453366 -0.9506380070394767 0.17766673453274867
0.5607219934463501 -1 0.5603322982788086 0.5607219934463501 -1 0.5603322982788086 0.5607219934463501
0.99818964761615 0.010198908826555848 -0.03766116726987408 -0.04577167388860288 -3.1856957618509063 -0.9655857465800258 0.19447109193419954
19.727231979370117 -1 784.237548828125 19.727231979370117 -1 870.9762573242188 26.739639282226562
0.9982986601273269 0.010794253915511696 -0.03720952588665952 -0.04357430956058131 -3.2240261936677297 -0.9719082147793051 0.20004806808640363
0.5516214370727539 -1 0.551352322101593 0.5516214370727539 -1 0.551352322101593 0.5516214370727539
0.9984927491764225 0.00983005917106144 -0.03612708173063821 -0.0401302098727541 -3.265370967830286 -0.9828101413384452 0.2191559100431759
14.683034896850586 -1 434.15118408203125 14.683034896850586 -1 1555.7855224609375 16.995290756225586
0.9985903821499834 0.009357638159271289 -0.034953755112580205 -0.03883192358305451 -3.3098549990711748 -0.9785691636740244 0.22002684279798726
0.559170126914978 -1 0.5591031312942505 0.559170126914978 -1 0.5591031312942505 0.559170126914978
0.9986887436655361 0.009651816947218256 -0.03390684749301586 -0.03712090244668166 -3.345954981543903 -0.979976847110229 0.23157085464405572
0.5564277172088623 -1 0.5561234951019287 0.5564277172088623 -1 0.5561234951019287 0.5564277172088623
0.998774627473902 0.009007875869021258 -0.0323873702667889 -0.03632024137995908 -3.3900973426679877 -0.9826703304694926 0.23553565974674637
3.2594316005706787 -1 1149.8060302734375 11.109967231750488 -1 1149.8060302734375 11.109967231750488
0.9988301820563639 0.008832306240308915 -0.03182876189472711 -0.03531554467903962 -3.4347608615510015 -0.984225175036394 0.24020706135210024
5.643191337585449 -1 190.39471435546875 5.643191337585449 -1 428.8316955566406 11.75192928314209
0.9988380501288067 0.00886481687984908 -0.03100171648762831 -0.03581701008447021 -3.488119633939386 -0.9784352560622487 0.24535454507611176
15.496733665466309 -1 694.6237182617188 15.496733665466309 -1 847.5982666015625 15.539751052856445
0.9988682543519088 0.008712501428060368 -0.03024065185402588 -0.03566238553827075 -3.5435534811955103 -0.9810241541856203 0.24609117579461268
0.5793699026107788 -1 0.5788723230361938 0.5793699026107788 -1 0.5788723230361938 0.5793699026107788
0.9988336289884259 0.008779965929475655 -0.029254475031019304 -0.03739611598479623 -3.6005549544786044 -0.9726571922203895 0.2548907681107487
11.150614738464355 -1 649.2505493164062 26.84961700439453 -1 582.8858032226562 27.281814575195312
0.9987935391621118 0.00917284853445989 -0.028420260156876615 -0.03898222403099248 -3.6562442280976564 -0.9664773743210605 0.2530434528948264
24.398073196411133 -1 310.66290283203125 60.71989822387695 -1 1422.4097900390625 64.9665298461914
0.9987732313688542 0.009793887865033709 -0.027600727499944775 -0.03992883548236882 -3.7153850485221103 -0.9714343448930942 0.2544105474221442
0.5740079879760742 -1 0.5739725828170776 0.5740079879760742 -1 0.5739725828170776 0.5740079879760742
0.9987662499699259 0.011029056284346863 -0.026954866094926786 -0.04022154935221483 -3.7763244292793123 -0.9835991732716313 0.2541849526301392
0.5727308988571167 -1 0.5724830627441406 0.5727308988571167 -1 0.5724830627441406 0.5727308988571167
0.9987688873736055 0.011524717063026609 -0.026576206603058764 -0.040269042125421595 -3.833784823282976 -0.9994911131912401 0.25529421318950013
11.179369926452637 -1 1557.7115478515625 12.731359481811523 -1 481.5806884765625 13.434503555297852
0.9987912416044309 0.01259260945038313 -0.025838371642766693 -0.03987305396329526 -3.888925915914389 -1.0153856844788274 0.2590128819815826
4.672147750854492 -1 288.7935485839844 15.37092399597168 -1 784.27587890625 19.833538055419922
0.9987910152307038 0.01334025266173333 -0.02526813360149239 -0.040000837211718744 -3.9425958114339186 -1.0288670999796903 0.26608506662929304
0.5602428317070007 -1 0.5602725744247437 0.5602428317070007 -1 0.5602725744247437 0.5602428317070007
0.998790383693415 0.014181202767539184 -0.024220293126411198 -0.040373757943711744 -3.9917374642907233 -1.03808904139336 0.2751430708012859
0.559718668460846 -1 0.5592890381813049 0.559718668460846 -1 0.5592890381813049 0.559718668460846
0.9987851251034732 0.013966042333492652 -0.02376951725248924 -0.04084401526738251 -4.037563347838695 -1.0454087933316365 0.27837677785699216
0.5561754107475281 -1 0.5556847453117371 0.5561754107475281 -1 0.5556847453117371 0.5561754107475281
0.9988290213898726 0.013352832695310674 -0.021664850360644434 -0.041145135158500434 -4.081785595261198 -1.0468945999849957 0.2820849940066331
0.5568133592605591 -1 0.556372880935669 0.5568133592605591 -1 0.556372880935669 0.5568133592605591
0.9988289099110002 0.01263622078929146 -0.020812687482849215 -0.04180869155939699 -4.125499121935796 -1.039452667824653 0.28524065829788214
4.914402961730957 -1 1197.2388916015625 4.914402961730957 -1 1149.7808837890625 11.234818458557129
0.9989041562359506 0.012124386682048424 -0.019454543085564387 -0.04080449307931479 -4.173042724888211 -1.0412671725348701 0.29068447941864006
0.563615083694458 -1 0.5635131597518921 0.563615083694458 -1 0.5635131597518921 0.563615083694458
0.9989433892523396 0.011766720012780904 -0.017831662885503568 -0.04069006227480413 -4.226962701946088 -1.0367041820235852 0.2929424479382187
0.5644344687461853 -1 0.564156174659729 0.5644344687461853 -1 0.564156174659729 0.5644344687461853
0.9990041053124804 0.011114234825932576 -0.015764372899433936 -0.04023376567178699 -4.283244629978865 -1.0387519959010794 0.3104786818583093
0.559251070022583 -1 0.5590365529060364 0.559251070022583 -1 0.5590365529060364 0.559251070022583
0.9990079740162159 0.01069482363464552 -0.013975640218077618 -0.04090684636994769 -4.345129333149413 -1.0295180443922776 0.2971408514817755
0.566032350063324 -1 0.5655839443206787 0.566032350063324 -1 0.5655839443206787 0.566032350063324
0.9990099300520966 0.010479036124829325 -0.013141637483530656 -0.0411903729462488 -4.418623822681321 -1.0186452302858964 0.2977023618871835
0.5703101754188538 -1 0.570030927658081 0.5703101754188538 -1 0.570030927658081 0.5703101754188538
0.9990683804282686 0.009812359169092065 -0.012413236682926411 -0.040149724669376004 -4.490781963486025 -1.0276886808001593 0.299755007672449
12.57210636138916 -1 1555.8558349609375 16.94649887084961 -1 49.55498504638672 37.617652893066406
0.9991179013618997 0.01016486809906744 -0.011308099188211445 -0.03914360136052253 -4.558526549325688 -1.042153878911781 0.3009133313388906
0.5538946390151978 -1 0.5535128116607666 0.5538946390151978 -1 0.5535128116607666 0.5538946390151978
0.9991248559789098 0.011866687618542659 -0.009674419980125292 -0.03892440735752853 -4.631900499675648 -1.0523046654537573 0.3165185494648429
11.019425392150879 -1 1557.72509765625 12.664637565612793 -1 288.6828308105469 15.29012680053711
0.9990491617192352 0.013623087521428276 -0.00820881237730805 -0.04059309490333555 -4.704306427991788 -1.041937682276653 0.33187213182059994
12.669329643249512 -1 784.2658081054688 19.825395584106445 -1 649.2177734375 26.918901443481445
0.9989573596625855 0.01596227391691191 -0.006980241398587205 -0.0421980522936158 -4.779423917738232 -1.031808810308994 0.31574918084001335
0.5494221448898315 -1 0.5487421751022339 0.5494221448898315 -1 0.5487421751022339 0.5494221448898315
0.9988315276973819 0.017520032830800905 -0.005303402350225798 -0.044726967825166435 -4.85789705447967 -1.016743851199733 0.30614112119886955
0.5599362850189209 -1 0.5595880150794983 0.5599362850189209 -1 0.5595880150794983 0.5599362850189209
0.9987836759147254 0.01969744976920661 -0.0050708708098520785 -0.04491620496088523 -4.9286850681005525 -1.0204127872688054 0.3173914027656411
0.5623620748519897 -1 0.5622960925102234 0.5623620748519897 -1 0.5622960925102234 0.5623620748519897
0.9987854589683987 0.01974045957669469 -0.005972724483608959 -0.044746483339242915 -5.020477223147352 -1.033809152717076 0.3524637985100766
11.096475601196289 -1 784.2630004882812 19.803302764892578 -1 784.2630004882812 19.803302764892578
0.9988000141467495 0.020235378626010048 -0.006942000165880791 -0.0440553041756876 -5.118697669210438 -1.048559786963068 0.33415455305381364
4.856660842895508 -1 1481.695068359375 7.040325164794922 -1 1481.695068359375 7.040325164794922
0.9988416135295974 0.01993212167204469 -0.0079478514317812 -0.04306940056303924 -5.198374182882319 -1.0642022621251879 0.3090826754574371
0.5310391783714294 -1 0.5308341979980469 0.5310391783714294 -1 0.5308341979980469 0.5310391783714294
0.9987906414715857 0.019432687812995418 -0.007761667779628975 -0.04449024237312884 -5.283699763161092 -1.054452444179575 0.3102204858800558
3.0 -1 1150.0 11.0 -1 1150.0 11.0
0.9986899454946383 0.020313836983897788 -0.009557711427539826 -0.045982506969237995 -5.344319005425263 -1.0436017986099533 0.33508827891362064
0.525385320186615 -1 0.5251445770263672 0.525385320186615 -1 0.5251445770263672 0.525385320186615
0.9984772061434083 0.020825828730165336 -0.0063427149033903705 -0.05068849610522966 -5.426271283254052 -1.0080938339465852 0.38346116940899316
0.526401162147522 -1 0.5260207653045654 0.526401162147522 -1 0.5260207653045654 0.526401162147522
0.9983287692232732 0.024016654571137917 -0.00586624869050634 -0.0522346242511265 -5.483006071702554 -1.0015243630262092 0.428672838384475
19.723308563232422 -1 784.21142578125 19.723308563232422 -1 741.692138671875 76.92755889892578
0.9982628010355559 0.028647723374073526 -0.0063557495417788795 -0.05109102134319794 -5.518907921129262 -1.0229020921890168 0.40143287586311277
11.571582794189453 -1 1557.7056884765625 12.633993148803711 -1 784.1823120117188 19.55735206604004
0.9975661907978376 0.03501449601889469 -0.007920909525244843 -0.059774068273190914 -5.575819974972606 -0.92789593158258 0.3766240671301131
0.5496538281440735 -1 0.5495362281799316 0.5496538281440735 -1 0.5495362281799316 0.5496538281440735
0.996688939914218 0.040563908512760566 -0.008625521991793025 -0.06993802076989264 -5.618160162848377 -0.815747900076159 0.33816564842312763
0.5566408634185791 -1 0.5562645196914673 0.5566408634185791 -1 0.5562645196914673 0.5566408634185791
0.9961518670913705 0.048499304613518736 -0.006990881854640391 -0.07266637952503231 -5.634108891790125 -0.7703955970104642 0.2739110403483483
2.8450233936309814 -1 878.1744384765625 2.8450233936309814 -1 711.9013061523438 29.209177017211914
0.9959407159048741 0.05438273510612328 -0.008169132592253702 -0.07125920149675032 -5.633680320768171 -0.7659683356951922 0.244881152792397
16.886756896972656 -1 649.3868408203125 27.120603561401367 -1 649.3868408203125 27.120603561401367
0.9958608420674299 0.058985131222414534 -0.009061857990967516 -0.0685552351113746 -5.638540404186744 -0.7653499221515776 0.1946588484207532
6.266700267791748 -1 434.126953125 14.732314109802246 -1 663.7774658203125 21.117605209350586
0.9958143260917649 0.06117543441415911 -0.0113208868334527 -0.06695693911722049 -5.640076689936 -0.740220524021673 0.1600743939458151
12.604516983032227 -1 702.829345703125 19.813140869140625 -1 784.1687622070312 19.62100601196289
0.9953878158178915 0.06285150757929531 -0.01356541083581839 -0.07119525086094292 -5.641378052420032 -0.6352895694677619 0.15928342085251013
26.811494827270508 -1 649.4166870117188 27.022550582885742 -1 1450.493896484375 63.68580627441406
0.995100771808883 0.06309950596001314 -0.012687547660420285 -0.07504620195141332 -5.634724944396417 -0.531023382492892 0.14957427388667938
2.8274636268615723 -1 1557.642578125 12.690264701843262 -1 1557.642578125 12.690264701843262
0.9946819165962625 0.06289984883106664 -0.011692918950452753 -0.08071412181169689 -5.634123133817433 -0.3924605316996186 0.15632263935053667
3.970001459121704 -1 495.0525817871094 3.970001459121704 -1 1555.8646240234375 16.993467330932617
0.994431359422447 0.06325677265064687 -0.012839797656876364 -0.08330661262576365 -5.644506835374866 -0.2941114969798201 0.13381092579087098
19.863231658935547 -1 1004.2081909179688 39.550697326660156 -1 1004.2081909179688 39.550697326660156
0.9943947217120832 0.06257378543429044 -0.015949824662374164 -0.08372133480070414 -5.658699887165279 -0.21783526936611106 0.12307071595563339
27.351760864257812 -1 649.0955810546875 27.351760864257812 -1 1004.2717895507812 39.50452423095703
0.9945140751993664 0.06059263345366942 -0.017115988107896593 -0.08353041333902729 -5.688227889793935 -0.1400651480181947 0.07926355688155654
11.101058006286621 -1 1031.3802490234375 52.759666442871094 -1 1312.1688232421875 60.94401550292969
0.9948337055111887 0.05628789555605866 -0.019731188363753635 -0.08214774128667146 -5.715639897944686 -0.07403256057526177 0.057359460474620504
19.68475914001465 -1 1153.56298828125 35.58367156982422 -1 1153.56298828125 35.58367156982422
0.9952947866951052 0.0510394627029375 -0.018052160325741702 -0.08035782682548184 -5.758288515767329 0.00429053547179186 0.11229327610252723
10.329049110412598 -1 1024.8707275390625 10.329049110412598 -1 1557.7730712890625 12.689314842224121
0.9952921713998241 0.05008638289199745 -0.02054041151236011 -0.08039240818586384 -5.758830090414171 0.08371208943488903 0.044377076478278044
11.161808013916016 -1 784.2376708984375 19.79911994934082 -1 784.2376708984375 19.79911994934082
0.9953929880361986 0.047355853125104264 -0.020213939295155314 -0.08088027696128139 -5.765747749824022 0.1474434018504502 0.07037848792368775
26.77973747253418 -1 495.5450134277344 40.07429122924805 -1 495.5450134277344 40.07429122924805
0.9954607840131188 0.04702096193098169 -0.021375787424316544 -0.07993705237912183 -5.763107141878603 0.20033676479424822 0.04801408595529825
19.57784080505371 -1 784.3076171875 19.57784080505371 -1 78.71783447265625 20.562387466430664
0.9955511687733007 0.04670112099285762 -0.021740379409195484 -0.07889379921939135 -5.75977121155201 0.2456285808090974 0.010320052845204312
20.65378761291504 -1 426.1136169433594 20.65378761291504 -1 649.2379760742188 26.766098022460938
0.9956045280351589 0.04589323389614046 -0.02219256055537451 -0.0785679648103405 -5.746307802820019 0.31542305811167093 -0.00838713857236001
9.795853614807129 -1 373.53802490234375 22.726821899414062 -1 649.2581787109375 27.01304817199707
0.9956070077841355 0.04313626111518962 -0.02181517551140605 -0.08018757475774718 -5.726209031281441 0.3880928098723067 -0.02626673505181951
8.394423484802246 -1 1394.7545166015625 8.394423484802246 -1 930.1005249023438 17.174543380737305
0.9954960651726142 0.040572812244211394 -0.02268539708381615 -0.08262447513653529 -5.689132846790684 0.48487816484063956 -0.040569371792079804
19.78797721862793 -1 784.1941528320312 19.78797721862793 -1 633.8414306640625 24.56526756286621
0.9954320889378978 0.03919646062013356 -0.023691084812483044 -0.08376948303526216 -5.65065620352746 0.5785406896488211 -0.09106418624527335
12.685266494750977 -1 434.05615234375 14.748269081115723 -1 784.159423828125 19.6048583984375
0.9955532625374015 0.03385914431429849 -0.024863350277323792 -0.0843153225127343 -5.621456440702498 0.6330783557543157 -0.06392160832334862
2.785182237625122 -1 1149.928955078125 11.12126636505127 -1 121.58921813964844 75.67925262451172
0.9955456958658481 0.03234953475878362 -0.02684508596260847 -0.08438967000489318 -5.582836153096471 0.6966167942282336 -0.09577427698282373
19.724464416503906 -1 244.80926513671875 20.247493743896484 -1 244.80926513671875 20.247493743896484
0.9955369960798812 0.029108464763546935 -0.028379035673789674 -0.08516699507192729 -5.539706465108635 0.7635728613773877 -0.11686927981173328
19.29669952392578 -1 1530.503662109375 25.16162109375 -1 649.2413940429688 27.16460418701172
0.9955393335332264 0.025460556165839813 -0.03107994700064658 -0.08536528780706332 -5.479749299328464 0.8136675958694135 -0.1498309514259813
19.666893005371094 -1 144.94815063476562 46.564327239990234 -1 1582.20654296875 57.165992736816406
0.9960289844722588 0.020503617197753076 -0.031924483130732095 -0.08053999720514236 -5.414819372189932 0.7909317779667255 -0.06530019888935339
15.632229804992676 -1 764.3966674804688 15.632229804992676 -1 784.2775268554688 19.607131958007812
0.9961575976111584 0.023128915756682723 -0.03325929704955644 -0.0776460761227188 -5.357481093142909 0.7965435809773997 -0.20336543180480623
12.634774208068848 -1 784.166015625 19.839418411254883 -1 784.166015625 19.839418411254883
0.9964211602627725 0.02362642575477075 -0.03523609994346838 -0.07311005845585394 -5.3117772860590255 0.7585978846056146 -0.20111694389835838
4.883645057678223 -1 1481.5980224609375 6.927694320678711 -1 1024.72607421875 9.87686538696289
0.9965118475692297 0.025787865635494046 -0.035607587238198096 -0.07093111708693328 -5.264412476385406 0.7328773063530903 -0.2048867258947839
5.611332893371582 -1 190.3384552001953 5.611332893371582 -1 434.1390075683594 14.827788352966309
0.9966244147521319 0.02718626148714062 -0.037501928697639714 -0.06778118064979897 -5.204190322319004 0.6844989902898401 -0.2178426322270307
29.428247451782227 -1 465.8066101074219 29.428247451782227 -1 1058.512939453125 49.04609298706055
0.9966376624287049 0.028312551936305098 -0.03895522416749007 -0.06628921285972302 -5.160501494425862 0.6612705822005608 -0.23826500172666137
15.416348457336426 -1 1555.779296875 16.956876754760742 -1 640.13818359375 23.865297317504883
0.9966418924366915 0.02895617142297317 -0.041426338057040296 -0.06442310836894918 -5.103169745302031 0.6316961414367157 -0.2471457663618297
11.006989479064941 -1 1557.6798095703125 12.599072456359863 -1 1555.8900146484375 16.994569778442383
0.9966096469794247 0.028900556393158246 -0.04267330629729042 -0.06413235000660868 -5.055323668733372 0.6211827249681248 -0.26293951813092065
19.62173843383789 -1 98.37332916259766 38.137901306152344 -1 1582.0701904296875 57.31120681762695
0.9964252039465801 0.029268770725408063 -0.04461328459863082 -0.06549661699325757 -4.997273132705953 0.6278824733203402 -0.3038484371046889
0.561914324760437 -1 0.5614006519317627 0.561914324760437 -1 0.5614006519317627 0.561914324760437
0.9961910172445093 0.028562043911310713 -0.04866468005969199 -0.0664786862358602 -4.9254445845627925 0.6293642442108602 -0.3287875458037735
11.027661323547363 -1 1557.6788330078125 12.658432960510254 -1 288.6765441894531 15.356218338012695
0.9960286643520297 0.028456504885819307 -0.049979503615696065 -0.06796452263588414 -4.865246922279542 0.6394887064058721 -0.35261416300469395
120.48915100097656 -1 490.1062927246094 129.14430236816406 -1 490.1062927246094 129.14430236816406
0.9960955875761861 0.027673887603148893 -0.05036969098706564 -0.06701216744777384 -4.7690286890442675 0.6288546890711532 -0.33855058304690044
6.9745774269104 -1 1481.62451171875 6.9745774269104 -1 1028.3990478515625 14.511533737182617
0.9960237238568013 0.026005682242197868 -0.0508864298675023 -0.06834484077739908 -4.700100777836504 0.644124924318139 -0.3372715225724863
8.345051765441895 -1 1149.796875 11.177840232849121 -1 1555.92236328125 16.959754943847656
0.9959696308337286 0.02460515271606942 -0.05147383369751148 -0.06920639682302651 -4.633208882132209 0.6553634700551805 -0.3324414471256389
19.642595291137695 -1 784.3217163085938 19.642595291137695 -1 582.9127807617188 27.43816566467285
0.9959036394155867 0.023076773177440685 -0.051690345866264094 -0.07050894753669333 -4.565013448861413 0.6689098893079444 -0.3547184056299867
12.611580848693848 -1 1557.7281494140625 12.611580848693848 -1 583.1167602539062 27.28020477294922
0.9959989884993348 0.022601387300312137 -0.05203214758904449 -0.06904960403706428 -4.5045316100800115 0.6542015128961242 -0.35671435302439863
3.5068767070770264 -1 1394.704345703125 8.382331848144531 -1 523.9374389648438 27.831783294677734
0.9960950522031382 0.021585938888054768 -0.051557938000043456 -0.06834086074913275 -4.451629630991886 0.641664562841195 -0.3535124524823908
6.766958713531494 -1 855.8465576171875 35.030250549316406 -1 855.8465576171875 35.030250549316406
0.9962396654720508 0.021987168064579937 -0.05111672674516114 -0.06640913813246531 -4.392355205074881 0.6218690136332022 -0.3505937504453047
0.5376050472259521 -1 0.5372885465621948 0.5376050472259521 -1 0.5372885465621948 0.5376050472259521
0.9960638818203319 0.022107388740789533 -0.0509224284028166 -0.06910074515977041 -4.330385086575747 0.6372309729762675 -0.3310928295029959
11.109378814697266 -1 434.22412109375 14.587406158447266 -1 288.62396240234375 15.340452194213867
0.9960193109248272 0.021428806768913348 -0.051377843501437696 -0.06961792658816253 -4.268061596125917 0.6380630797490102 -0.3296139500669702
4.778782367706299 -1 582.8021240234375 27.49427604675293 -1 582.8021240234375 27.49427604675293
0.9962385298287576 0.020192412067357907 -0.052154483495611054 -0.06618888147448806 -4.210480982513689 0.6076449316425223 -0.32055966150101145
12.74919319152832 -1 784.2139892578125 19.65892219543457 -1 784.2139892578125 19.65892219543457
0.9963828906237885 0.016478535733114096 -0.05348884126110493 -0.06394166867403796 -4.158263505599392 0.5865313853751305 -0.3199766356062137
3.8091471195220947 -1 1197.0592041015625 4.823188304901123 -1 1197.0592041015625 4.823188304901123
0.996356285907055 0.013947711713018424 -0.053327464123847125 -0.06508298119776815 -4.116072675924657 0.5993518669801038 -0.35101162711868306
26.858516693115234 -1 848.7506713867188 31.647138595581055 -1 600.3523559570312 36.36317443847656
0.9961499109959365 0.012388147634364657 -0.054345289065466616 -0.06766445283431996 -4.081867526908384 0.6214412240583012 -0.36016561368449973
11.132533073425293 -1 1557.5394287109375 12.802031517028809 -1 1557.5394287109375 12.802031517028809
0.9960139802505033 0.010866244238563128 -0.05655659978332808 -0.0681133386543824 -4.047985368332477 0.6217968493299666 -0.3852471448562169
6.718134880065918 -1 1128.83203125 6.718134880065918 -1 1150.027587890625 11.18693733215332
0.9958945622260411 0.009619770287182038 -0.05988000067986344 -0.0672001969253327 -4.005628787511409 0.6085734522335409 -0.42844864002064825
0.5303412675857544 -1 0.5298968553543091 0.5303412675857544 -1 0.5298968553543091 0.5303412675857544
0.9959838088526958 0.009364394210173599 -0.06297289693442899 -0.06295216339443184 -3.948824342880633 0.5713239777154838 -0.46548384860058306
10.976051330566406 -1 695.3491821289062 19.036073684692383 -1 649.2720336914062 26.847383499145508
0.9961477102535994 0.007720759875369904 -0.0627559590388136 -0.06076033927305333 -3.8820116581577766 0.5453304370344947 -0.45605838743029836
15.577629089355469 -1 784.1527709960938 19.8065128326416 -1 640.1945190429688 23.878944396972656
0.9963855085192029 0.00820674312997509 -0.060104662278132305 -0.059464252728507 -3.812003218291389 0.5340260281233715 -0.4327103182130168
0.5383789539337158 -1 0.5382342338562012 0.5383789539337158 -1 0.5382342338562012 0.5383789539337158
0.9964886385102836 0.009809192755682972 -0.058573308954456546 -0.05901983171383192 -3.73447633363995 0.5283128688307838 -0.43984895108506616
17.03437042236328 -1 784.1923217773438 19.656564712524414 -1 784.1923217773438 19.656564712524414
0.9964622801239377 0.01031807039549064 -0.06000343003158899 -0.05793142582365102 -3.662759865121087 0.5096489277788334 -0.4388280499323474
0.5512773394584656 -1 0.550821840763092 0.5512773394584656 -1 0.550821840763092 0.5512773394584656
0.9964922859372889 0.011438178110809214 -0.062219064034503495 -0.054782115874182025 -3.5831546009885598 0.47444288784346306 -0.4374421948628598
14.722488403320312 -1 288.6578369140625 15.262749671936035 -1 853.013427734375 37.488834381103516
0.9964984119528313 0.013252715011274998 -0.06429939332051025 -0.05177710438919503 -3.4936922691530157 0.4373071824557441 -0.4303876914617435
0.5133875608444214 -1 0.5131323337554932 0.5133875608444214 -1 0.5131323337554932 0.5133875608444214
0.996464654394744 0.013058537542814415 -0.06549770595856694 -0.05096780997229207 -3.4180762169278776 0.4146147349409303 -0.4338719887775535
8.462806701660156 -1 1467.236083984375 73.02962493896484 -1 741.7425537109375 77.13045501708984
0.9962802354151599 0.012713710067318806 -0.06794890897945438 -0.05144900257478012 -3.3398219343423166 0.40161928937241353 -0.4440023355684344
24.086973190307617 -1 633.9036865234375 24.086973190307617 -1 248.32566833496094 37.55132293701172
0.9962332473031328 0.01292931441424396 -0.07052408090575019 -0.04876990679744891 -3.251934611107395 0.36467699532242287 -0.45377243001610884
19.838218688964844 -1 649.2825927734375 26.818517684936523 -1 649.2825927734375 26.818517684936523
0.9961286227093556 0.01369053890230445 -0.07178570526096774 -0.04885845560301951 -3.17520904336778 0.34971260578341457 -0.4448766823092435
14.878289222717285 -1 784.228271484375 19.723487854003906 -1 248.11398315429688 37.63563537597656
0.996240425230603 0.014537377211915253 -0.0708691851443707 -0.047657511444882276 -3.1051823188763272 0.3297458478160122 -0.43230837689013857
0.7251248359680176 -1 0.7249205708503723 0.7251248359680176 -1 0.7249205708503723 0.7251248359680176
0.9961587035083798 0.015630548912916636 -0.07045953217929224 -0.049588080122747805 -3.032661664129834 0.3287275962520149 -0.42457679164203854
0.6990470886230469 -1 0.6987630724906921 0.6990470886230469 -1 0.6987630724906921 0.6990470886230469
0.9961271534002196 0.016865936974993962 -0.07074123287563851 -0.04941571005222724 -2.9578981133217925 0.3187763560843874 -0.41379572219674504
0.6710329055786133 -1 0.6701501607894897 0.6710329055786133 -1 0.6701501607894897 0.6710329055786133
0.9960545740107756 0.018550849510328028 -0.07090412957517873 -0.05003754574160989 -2.889086527612495 0.32101084627527987 -0.4060646675187898
0.7364033460617065 -1 0.7372130155563354 0.7364033460617065 -1 0.7372130155563354 0.7364033460617065
0.9959483351639431 0.017907343284362737 -0.07066439331654749 -0.05265723367088608 -2.8067368628365545 0.3356514033043541 -0.3901401827110698
0.5757519602775574 -1 0.5753797292709351 0.5757519602775574 -1 0.5753797292709351 0.5757519602775574
0.995773857627187 0.017187240400172343 -0.07067552069279402 -0.05607132964804712 -2.7435791447669162 0.35782901607941553 -0.3749614334016401
0.5578100085258484 -1 0.5574998259544373 0.5578100085258484 -1 0.5574998259544373 0.5578100085258484
0.995713055919548 0.01622717012755311 -0.07066820136731047 -0.05742990977283494 -2.6955751055214288 0.3645856232081545 -0.36433338799783815
15.896594047546387 -1 1128.3121337890625 15.896594047546387 -1 784.1858520507812 19.631694793701172
0.9956216811026555 0.015457806551382855 -0.07095184695360272 -0.05885881198949666 -2.643535088708283 0.3682938258763923 -0.3545760476406591
4.715943336486816 -1 229.28843688964844 4.715943336486816 -1 1128.989501953125 6.646714687347412
0.995617570707945 0.015372044907828352 -0.07195979961748586 -0.05771603219187163 -2.580978975589918 0.35426123289946926 -0.3490222868813412
0.6993955373764038 -1 0.6989641189575195 0.6993955373764038 -1 0.6989641189575195 0.6993955373764038
0.9956703141106249 0.014636421734419341 -0.07285024011634365 -0.05585018596793582 -2.5333041443851285 0.33368551394740903 -0.34373200823850447
11.191272735595703 -1 434.1773681640625 14.841920852661133 -1 434.1773681640625 14.841920852661133
0.9955712563283843 0.014402515999974427 -0.07373100131181595 -0.05651708194121657 -2.4722887636763695 0.32400351524007764 -0.3384033503137537
0.5 -1 0.5 0.5 -1 0.5 0.5
0.9953543098833263 0.012856659860160099 -0.0742035005577874 -0.0599862034045978 -2.4169185061950293 0.32620944629616944 -0.3252218630825527
3.895432472229004 -1 495.0643310546875 3.895432472229004 -1 1149.960693359375 11.170291900634766
0.9951848394200767 0.010149108795163841 -0.07385085055525478 -0.06364104690657967 -2.3566936631275057 0.3221835208418453 -0.30996370616577995
3.8939530849456787 -1 1556.054443359375 16.901548385620117 -1 783.8974609375 19.67543601989746
0.9950570963063795 0.008972024179698343 -0.07242608180208224 -0.0673449370571653 -2.292508796324115 0.3165827656783256 -0.2970946839318579
0.5624550580978394 -1 0.5619926452636719 0.5624550580978394 -1 0.5619926452636719 0.5624550580978394
0.9953283402735054 0.009087372112210362 -0.07036295889833566 -0.06548258342150726 -2.22688448061903 0.28122642817518934 -0.2909089559112259
11.68032455444336 -1 764.4776000976562 15.706082344055176 -1 108.4842529296875 18.89848518371582
0.9956213135472443 0.010128829796895427 -0.06903882847366337 -0.06220327146050774 -2.165922875597744 0.23856678874685303 -0.28592119350497075
0.5451619625091553 -1 0.5448971390724182 0.5451619625091553 -1 0.5448971390724182 0.5451619625091553
0.99586449564647 0.011867438449655274 -0.06670904057300679 -0.060522509211654675 -2.105126421570361 0.2064670029082589 -0.2804585820279008
0.5411820411682129 -1 0.5409127473831177 0.5411820411682129 -1 0.5409127473831177 0.5411820411682129
0.9960044414817865 0.011114621997939772 -0.06401416374172345 -0.06126829985274322 -2.0479866585795463 0.1902345773934402 -0.2777205177765018
0.5439566373825073 -1 0.5438774824142456 0.5439566373825073 -1 0.5438774824142456 0.5439566373825073
0.9960260721279373 0.010298175371516179 -0.0607212025401042 -0.06433464686694428 -1.9857980338586674 0.18789005365376735 -0.28392684634290327
0.5601233839988708 -1 0.5597708225250244 0.5601233839988708 -1 0.5597708225250244 0.5601233839988708
0.9960554573930432 0.009925042683160332 -0.0572604475575596 -0.06705416072684042 -1.9298791806318698 0.19277103611731516 -0.2846079306426619
4.986102104187012 -1 688.4942016601562 9.920377731323242 -1 1150.166259765625 11.163304328918457
0.9961404076479182 0.008106159456778915 -0.05131820357103665 -0.07074616888667933 -1.8378432390165234 0.20196750373992264 -0.28019670775236843
4.895511150360107 -1 229.35635375976562 4.895511150360107 -1 288.6483459472656 15.393781661987305
0.996544763473104 0.007438331614827228 -0.047445320598909706 -0.06776538327486932 -1.7676550886743607 0.19035037869067806 -0.2726599872394823
0.725517988204956 -1 0.7253095507621765 0.725517988204956 -1 0.7253095507621765 0.725517988204956
0.9968855347938159 0.007151461724512936 -0.044161659099181856 -0.06494486107197539 -1.6997311109653552 0.18266663483743376 -0.2719737943563743
2.4795284271240234 -1 41.942420959472656 5.415517807006836 -1 582.9959106445312 27.339292526245117
0.9970214954151332 0.006899496577710711 -0.041042094652737976 -0.06493135678284614 -1.6268214325323498 0.18250939255479104 -0.2656209818316342
0.6037624478340149 -1 0.6024947166442871 0.6037624478340149 -1 0.6024947166442871 0.6037624478340149
0.9974666459835948 0.0068143491431756 -0.03777222199146725 -0.059892520750258874 -1.563586266777959 0.16694201409677772 -0.2494183227258072
0.6719565391540527 -1 0.6720550060272217 0.6719565391540527 -1 0.6720550060272217 0.6719565391540527
0.9976419513320532 0.007584824142938085 -0.03734683119669992 -0.05708083377683797 -1.5032241904774786 0.1578093985152802 -0.24109496818188747
6.633640766143799 -1 1128.922607421875 6.633640766143799 -1 1233.59033203125 6.2281084060668945
0.9976140144406171 0.008948191297979635 -0.03878794216429252 -0.056406591873913677 -1.4516291184477765 0.15527306214676112 -0.23549591023568106
0.7090604305267334 -1 0.7088027596473694 0.7090604305267334 -1 0.7088027596473694 0.7090604305267334
0.997634028101459 0.010500177501966005 -0.04027693898166089 -0.05471618072154073 -1.394297604077371 0.15039597501062152 -0.23187337257750687
3.1317594051361084 -1 650.9500732421875 3.2810821533203125 -1 1149.79541015625 11.056099891662598
0.9977426050676728 0.010480020580342957 -0.04173027283342066 -0.0515601350915415 -1.3371388550453682 0.1405576149122804 -0.23551113486994588
2.492021322250366 -1 648.7188720703125 3.209148406982422 -1 708.2838745117188 3.1601340770721436
0.9980017299616083 0.01037940845271815 -0.042716715630018054 -0.04538829231853531 -1.2777652400787465 0.11882887730208466 -0.23476838049432006
10.859180450439453 -1 1149.88427734375 11.052037239074707 -1 1026.8612060546875 12.770353317260742
0.9979908327761925 0.011289699120324887 -0.043093000384312886 -0.045053675835961385 -1.2113240779145884 0.10854772896142369 -0.23355158848617602
0.5860958695411682 -1 0.5859768390655518 0.5860958695411682 -1 0.5859768390655518 0.5860958695411682
0.997976532841851 0.012680614494788392 -0.041510759475840195 -0.046463951195863544 -1.150182258657928 0.10148675720458682 -0.2225916985432472
3.5298984050750732 -1 384.957763671875 3.7442381381988525 -1 710.5082397460938 7.650760650634766
0.9979034605642302 0.01347008524159258 -0.039577324067366894 -0.049405218521778836 -1.0925319054081666 0.09790833936828135 -0.21698002118029966
0.5550002455711365 -1 0.554688572883606 0.5550002455711365 -1 0.554688572883606 0.5550002455711365
0.9977695649713669 0.013775584071402428 -0.03807167416188223 -0.053072366885720555 -1.0394757403030277 0.1015670189792346 -0.2103388385574783
0.544542670249939 -1 0.5443967580795288 0.544542670249939 -1 0.5443967580795288 0.544542670249939
0.9976256640812159 0.013790194122112609 -0.03750529736406278 -0.056091154224359285 -0.9941130145513901 0.10706777977791514 -0.21014581220982206
4.874763488769531 -1 316.4450378417969 4.968539714813232 -1 1233.601806640625 6.304257392883301
0.9975292865909317 0.013138152930698916 -0.03843123958375596 -0.057321472024126095 -0.9502653378436756 0.10805910166817534 -0.2202758834313436
0.538589358329773 -1 0.5381288528442383 0.538589358329773 -1 0.5381288528442383 0.538589358329773
0.9974871418278229 0.013009775150871022 -0.04110763937603615 -0.05621663120122254 -0.8960507412533797 0.10248382678966961 -0.23457487872388688
11.139236450195312 -1 288.76898193359375 15.345088958740234 -1 852.426513671875 15.71994686126709
0.9974106288395762 0.013585583621267244 -0.043184578299940046 -0.05587988540223538 -0.8509367242409617 0.09521657648935829 -0.2510146312132532
2.319446086883545 -1 560.8071899414062 2.319446086883545 -1 1134.4339599609375 14.481746673583984
0.9970243792600317 0.013427770006877497 -0.044985205480280364 -0.06114256652846401 -0.80803364577009 0.09305830907635176 -0.26511914593290287
3.5678012371063232 -1 288.6988830566406 15.224201202392578 -1 784.2772827148438 19.685497283935547
0.9967520436656864 0.012153205108764985 -0.046130757811595126 -0.0648815554498355 -0.7563172379913041 0.08454917787025838 -0.2695848221427488
5.198798656463623 -1 190.24977111816406 5.586407661437988 -1 190.24977111816406 5.586407661437988
0.9967845822402402 0.01219569921758374 -0.04555075214205244 -0.06478341229078013 -0.7004523625911478 0.06564112282262907 -0.2643577608117532
0.5746886730194092 -1 0.5741300582885742 0.5746886730194092 -1 0.5741300582885742 0.5746886730194092
0.9966195765376451 0.013565404136546423 -0.04647411381716337 -0.06637436415851217 -0.6426468702582193 0.055957614713421956 -0.2641075188379522
0.5765529870986938 -1 0.5763086676597595 0.5765529870986938 -1 0.5763086676597595 0.5765529870986938
0.9967182520532022 0.012969597592083087 -0.04793394913288859 -0.0639284919486951 -0.5877107434077755 0.04278891716220402 -0.26466855202896084
4.694705963134766 -1 1557.63623046875 12.689322471618652 -1 784.1835327148438 19.67920684814453
0.9965890041547347 0.014025792839546285 -0.04970021587350363 -0.0643701986576355 -0.5271534443868154 0.03542490371599196 -0.27020610059226635
3.0278432369232178 -1 1149.90087890625 11.068277359008789 -1 1477.1920166015625 13.856500625610352
0.9964324962956694 0.015896383492019207 -0.04975358883343071 -0.06628850364919443 -0.45980382609157033 0.030927232847902417 -0.2654135379904988
1.6122044324874878 -1 784.2288818359375 19.647396087646484 -1 991.911376953125 21.98934555053711
0.9965753597054076 0.017577245823870963 -0.049672312108862034 -0.06372797083733697 -0.39974286791012276 0.03567264177674946 -0.29411837373300337
4.754627227783203 -1 434.27813720703125 14.656519889831543 -1 784.1390991210938 19.80523109436035
0.9968910867316152 0.015773405805176863 -0.04928237243944354 -0.05941892485651872 -0.34152901252855694 0.037595856211249765 -0.3170845175546992
0.5510460138320923 -1 0.5507270097732544 0.5510460138320923 -1 0.5507270097732544 0.5510460138320923
0.997279582806051 0.013329981662087141 -0.04883787713241728 -0.05357804647685707 -0.275829616895206 0.03961462543104108 -0.32361344638595324
0.5498000383377075 -1 0.5497453808784485 0.5498000383377075 -1 0.5497453808784485 0.5498000383377075
0.9977214214249811 0.011437625581285226 -0.04854011195607583 -0.045442309383097935 -0.19792300269301524 0.040126008987340096 -0.3210812680521226
0.5811196565628052 -1 0.5808923244476318 0.5811196565628052 -1 0.5808923244476318 0.5811196565628052
0.9979741172207934 0.009969744540659183 -0.04758182311823335 -0.04103944029731876 -0.12725799228207027 0.044814297673413044 -0.3222371845866063
4.8537092208862305 -1 733.21826171875 5.343207359313965 -1 649.2276611328125 26.897886276245117
0.9980891376292498 0.00806191836704999 -0.04591770265544173 -0.04055420325429054 -0.05427677580801611 0.051420204761099514 -0.31328609480445435
15.682001113891602 -1 847.7063598632812 15.682001113891602 -1 1555.8599853515625 17.08461570739746
0.9980822564823818 0.007616202310357373 -0.04368743080212464 -0.043188090341138165 0.012985752982070881 0.06317176121459962 -0.3063639389615343
10.191697120666504 -1 1150.0216064453125 10.994132995605469 -1 1557.7490234375 12.652617454528809
0.9978898203192165 0.008491369023084954 -0.044256708094831065 -0.04674555533956699 0.08236589976089727 0.07781329332046868 -0.2970766593361469
5.391505718231201 -1 434.0247802734375 14.76192569732666 -1 1028.5238037109375 14.321505546569824
0.9978326411784484 0.008684435493314201 -0.04587035820094927 -0.04637360259373011 0.13437917234564778 0.09496587984439314 -0.2840927934353462
3.2808830738067627 -1 708.1024169921875 3.2808830738067627 -1 327.16180419921875 8.226812362670898
0.9977442682838036 0.008302959293850186 -0.048151314149515276 -0.04603136886359994 0.17613418854206303 0.11148250173246058 -0.27659493767822224
4.326735019683838 -1 229.2935333251953 4.846286296844482 -1 1197.14013671875 4.899470329284668
0.997814296898643 0.007657173750861684 -0.05019358363860169 -0.04229185212698479 0.22148841253618637 0.12231745497433161 -0.26697919607301474
3.1547505855560303 -1 381.3106689453125 3.6508870124816895 -1 1186.0255126953125 5.399144649505615
0.9976411064407332 0.00744282445452536 -0.05178612298458232 -0.044441248520655244 0.2745637289375809 0.12647393875982682 -0.26069985455653416
8.781513214111328 -1 1523.486083984375 8.962718963623047 -1 838.295654296875 15.787477493286133
0.9975985659469948 0.006940161931525172 -0.05185716857475824 -0.045384682881705996 0.3383974639251566 0.12603510491148773 -0.24039689934086328
16.902976989746094 -1 784.0577392578125 19.940799713134766 -1 784.0577392578125 19.940799713134766
0.9976531478481152 0.0068262355505559705 -0.05092432433878048 -0.045258284187470785 0.40795526964572304 0.1248659973881208 -0.23005867957426485
5.799704074859619 -1 694.3538818359375 15.724220275878906 -1 694.3538818359375 15.724220275878906
0.9977447762446034 0.005787502420376792 -0.04909434890081178 -0.04540496887286372 0.4933334636215334 0.11742901191255618 -0.2184238886126255
0.5412836670875549 -1 0.5409986972808838 0.5412836670875549 -1 0.5409986972808838 0.5412836670875549
0.9976332125985707 0.005317960672292147 -0.04800030325356146 -0.04894551360553105 0.5712719821712776 0.10467027436406799 -0.2019403380411965
2.7717819213867188 -1 428.9187927246094 11.565069198608398 -1 640.1661376953125 23.86131477355957
0.9975351273397451 0.006853005700720402 -0.048571098411477436 -0.05017523727145857 0.630148543436882 0.09185266326877779 -0.18775166058648815
0.5516321659088135 -1 0.5517165660858154 0.5516321659088135 -1 0.5517165660858154 0.5516321659088135
0.997588723383994 0.008833150564542655 -0.0486123300987427 -0.04873967368138752 0.6862772810528679 0.09045808614538513 -0.20202331433657442
0.5840746164321899 -1 0.5841356515884399 0.5840746164321899 -1 0.5841356515884399 0.5840746164321899
0.99743493219235 0.008774296235694127 -0.048275439229185715 -0.052115734046825304 0.7219286625263637 0.08031971550478043 -0.22466218363112855
4.813807010650635 -1 881.79931640625 8.267874717712402 -1 1154.84814453125 7.820659160614014
0.9970889057180168 0.007678763616045146 -0.048797077141273446 -0.05808266476191857 0.7494025264071771 0.05845928208423574 -0.23700573749641038
0.5952592492103577 -1 0.594331681728363 0.5952592492103577 -1 0.594331681728363 0.5952592492103577
0.9970095192378468 0.008176800684478446 -0.050436712973007426 -0.05797668897205644 0.7785348880194048 0.040718443841653816 -0.2405523516602407
11.18973445892334 -1 455.04473876953125 11.18973445892334 -1 1557.7027587890625 12.671076774597168
0.9969853147824261 0.009442694758140035 -0.0531438270235168 -0.05573913592069881 0.8122358228091169 0.022056097414870822 -0.22729360181962224
0.5792267322540283 -1 0.5774650573730469 0.5792267322540283 -1 0.5774650573730469 0.5792267322540283
0.9966302336238042 0.01023874243135278 -0.055984775216422915 -0.05906818538225573 0.8463803043762436 -0.01021906197949146 -0.21442496987928372
0.5276941061019897 -1 0.5274044275283813 0.5276941061019897 -1 0.5274044275283813 0.5276941061019897
0.9965076367869364 0.011349555892082102 -0.05715629779856469 -0.05980698143469242 0.8866746852216095 -0.0332867345845483 -0.20879865692509156
3.612938642501831 -1 384.5948486328125 3.612938642501831 -1 56.660789489746094 32.45137405395508
0.9968061897886418 0.012231096996928393 -0.056284225310875444 -0.055316419320637425 0.9381010974046293 -0.03844801717116226 -0.21651520661310109
0.523261308670044 -1 0.5229550004005432 0.523261308670044 -1 0.5229550004005432 0.523261308670044
0.997465723190277 0.010275697243097516 -0.05166692142233715 -0.047823324198595245 1.014371589564827 -0.03406392242574091 -0.2360733740865027
0.5151430368423462 -1 0.514851987361908 0.5151430368423462 -1 0.514851987361908 0.5151430368423462
0.9978530513618078 0.00854640613942862 -0.04651304554474978 -0.045307653042081286 1.0992665138622624 -0.03391832933308045 -0.25952259824757046
0.5199903249740601 -1 0.5196927785873413 0.5199903249740601 -1 0.5196927785873413 0.5199903249740601
0.9981209896021498 0.007589671812140458 -0.04165639629981977 -0.044290310957609734 1.1694985596196863 -0.03737684598081927 -0.2776336723126678
0.5200275778770447 -1 0.5199849605560303 0.5200275778770447 -1 0.5199849605560303 0.5200275778770447
0.9981792311352984 0.00790625094226956 -0.03916124761639869 -0.0451897157692946 1.2384665481679662 -0.0419634808856661 -0.28360207697865947
4.821140289306641 -1 1028.5548095703125 23.50018310546875 -1 1028.5548095703125 23.50018310546875
0.9980772256459247 0.00837437244123646 -0.04043541888084067 -0.04622443545442571 1.3071209818270817 -0.043032326374875474 -0.2752975973348757
11.043155670166016 -1 649.3106689453125 26.945556640625 -1 465.8243103027344 29.213741302490234
0.9979335406235945 0.007152742308446226 -0.044469234463917644 -0.04582547285210453 1.3779771747888858 -0.03516863503762125 -0.2587704385873378
0.5728182792663574 -1 0.5729223489761353 0.5728182792663574 -1 0.5729223489761353 0.5728182792663574
0.9977896944429747 0.006918047437940794 -0.04881935824780512 -0.0445481373719957 1.4462775658208378 -0.020787153196827043 -0.2466432839660414
3.5600204467773438 -1 1555.9276123046875 16.98781394958496 -1 248.27088928222656 37.46270751953125
0.9974996248078011 0.006685898095636801 -0.052556064004990445 -0.04677240010149263 1.5180567747918101 -0.01878839609409226 -0.22294407121114349
11.156033515930176 -1 784.2142944335938 19.814632415771484 -1 784.2142944335938 19.814632415771484
0.9973757157790397 0.006988579204655705 -0.05337847647517398 -0.04841053174814201 1.5772439707908867 -0.014354539813133243 -0.20768605718539448
11.1781644821167 -1 1295.318115234375 18.007015228271484 -1 1177.75 18.967857360839844
0.9974914430364119 0.007742599298658246 -0.05344241978093667 -0.045768777492908974 1.6309537445689957 0.006487978582378202 -0.20609039211359761
16.98454475402832 -1 633.9908447265625 24.07676124572754 -1 633.9908447265625 24.07676124572754
0.9974299532659954 0.007377628580483253 -0.0548096084877093 -0.04555179186098701 1.6771449939744534 0.017208733670137095 -0.19564376421902743
0.5553379058837891 -1 0.5549243688583374 0.5553379058837891 -1 0.5549243688583374 0.5553379058837891
0.9973287425182108 0.006156326853380549 -0.05649533497108091 -0.045888518315850814 1.7254837019749918 0.0230482649789079 -0.17647439679097146
6.256174564361572 -1 67.5978012084961 19.25211524963379 -1 784.1773681640625 19.669336318969727
0.9973368443888758 0.004749803312220035 -0.05715104834744354 -0.04506013610413023 1.780946823022776 0.027516203215789497 -0.15794058773012765
0.5646569728851318 -1 0.5642038583755493 0.5646569728851318 -1 0.5642038583755493 0.5646569728851318
0.9973605583980208 0.0038657725345429867 -0.05686088711743891 -0.04498679662875886 1.8435277768807217 0.024281780620930622 -0.14156007073219348
3.727212429046631 -1 384.8426208496094 3.727212429046631 -1 849.4775390625 9.849287986755371
0.9974120269361386 0.004562340114767964 -0.05568527162303647 -0.04525023867439072 1.9052946674812221 0.022373196086469396 -0.14184496837668067
11.130959510803223 -1 1557.897705078125 12.517690658569336 -1 426.0706787109375 20.325363159179688
0.997377523568344 0.003972995395246307 -0.05406942626521348 -0.04794567688142128 1.964122799490075 0.006331333105790356 -0.14622140547495985
3.271291971206665 -1 1149.9169921875 11.22821044921875 -1 599.9683837890625 11.389241218566895
0.9974237021559754 0.004101341639426025 -0.05319372570011976 -0.047953778999835404 2.0146951005526184 -0.0027993007474413235 -0.14521474177195737
12.621854782104492 -1 1029.4161376953125 13.00186824798584 -1 1029.4161376953125 13.00186824798584
0.997363397742245 0.004946790079560437 -0.054095602298763965 -0.04811910144513471 2.0598881602485335 -0.02150183637524761 -0.13990481918633493
3.659302234649658 -1 288.667724609375 15.326287269592285 -1 663.960693359375 21.47564697265625
0.9972812888186766 0.00656607454785197 -0.055986951822007636 -0.04745923369452679 2.1051580392869673 -0.04038132008777302 -0.12691193952096771
12.55947208404541 -1 1555.779541015625 17.025671005249023 -1 784.4357299804688 19.57286834716797
0.9971855061281963 0.007485961612358289 -0.05822232910093426 -0.046638901580696036 2.1593417043996896 -0.061769477550329625 -0.10321060506795789
5.291060447692871 -1 1185.857421875 5.291060447692871 -1 1557.7940673828125 12.46782112121582
0.9970748557563849 0.008992082973743626 -0.05999288077536163 -0.046494394484183556 2.222215931483756 -0.08351471054175741 -0.08745697183037311
12.575678825378418 -1 583.1002197265625 27.114038467407227 -1 649.2141723632812 26.97752571105957
0.9969627901171101 0.009058061856252308 -0.061450663871873416 -0.04697831996805916 2.2892977692637775 -0.11032793481410397 -0.0779434193090747
12.606367111206055 -1 649.1694946289062 26.83538246154785 -1 649.1694946289062 26.83538246154785
0.9968275211043522 0.010534940301084574 -0.06213069268155308 -0.04861774602668515 2.3628295020314702 -0.1415631322644188 -0.07399546439024181
11.06511116027832 -1 428.8467102050781 11.593546867370605 -1 1195.413330078125 12.522760391235352
0.9967671945358275 0.01199776358949936 -0.06206035007179783 -0.049595629998944624 2.4449882202411586 -0.17297028419632746 -0.06358653484113433
6.68524169921875 -1 1128.7410888671875 6.68524169921875 -1 1557.814697265625 12.606300354003906
0.9969701920434049 0.01393887217708061 -0.059093600172273796 -0.04862191314671616 2.5150156872931335 -0.19273123420537924 -0.0718724611205735
4.869096755981445 -1 1555.9234619140625 16.877595901489258 -1 649.1687622070312 26.864160537719727
0.9970717414299198 0.01570406864926694 -0.059482628455514226 -0.04542181834525698 2.583239591578724 -0.20713261448024758 -0.05362386688608578
3.450863838195801 -1 1149.8447265625 11.086541175842285 -1 901.3585205078125 23.541622161865234
0.9970006157721389 0.018190851143362097 -0.06095195262211429 -0.04408769166340515 2.6343546200006243 -0.2262830691576062 -0.037130641648546264
7.7890543937683105 -1 784.1295776367188 19.82599639892578 -1 784.1295776367188 19.82599639892578
0.9969226179718855 0.018807615801239387 -0.06260121463591982 -0.043274187341444656 2.672192707946191 -0.23826747166870568 -0.01767424607624823
2.98054575920105 -1 384.71527099609375 3.7118794918060303 -1 733.0785522460938 5.433450698852539
0.9968120045498261 0.01701252829416717 -0.06545584064026858 -0.04233124605386982 2.7031515511848823 -0.2387765449299431 0.009909192107171866
4.679380893707275 -1 1233.603271484375 6.529822826385498 -1 1149.83447265625 11.199148178100586
0.9965534241182717 0.014865387956736259 -0.06943928233655454 -0.04287749045394604 2.7307701878628907 -0.24324571910302759 0.03576059472661219
1.984872579574585 -1 494.7785949707031 4.190747261047363 -1 994.8826293945312 8.493687629699707
0.9963692457994997 0.014132048528728099 -0.07407092202096514 -0.03952353400547507 2.765967087186502 -0.21891755355477158 0.050673283310776064
11.694920539855957 -1 124.57699584960938 22.12457275390625 -1 991.9972534179688 21.937381744384766
0.9961123032952172 0.014616034702266285 -0.0764332326896078 -0.04128694338523626 2.799364879049982 -0.2169924094352797 0.05792169695842068
9.022454261779785 -1 791.5631713867188 9.022454261779785 -1 779.2897338867188 12.635675430297852
0.9963086272242736 0.015091500740965085 -0.07512742857278665 -0.03869412616805757 2.8528414746473847 -0.18390957873682692 0.03980149118964858
4.550395488739014 -1 865.044677734375 4.550395488739014 -1 288.7983093261719 15.406634330749512
0.9968245149199908 0.014454728415124627 -0.07107908679704798 -0.03285895161242889 2.9182165191786877 -0.12758937616279115 0.008470230845351994
15.518646240234375 -1 784.169189453125 19.857830047607422 -1 784.169189453125 19.857830047607422
0.9970440935190674 0.012012748343501821 -0.06826326579144712 -0.0331496002911532 2.989099801568603 -0.1036050715864539 -0.012519337640152072
5.574319839477539 -1 190.33668518066406 5.574319839477539 -1 1394.875 8.349440574645996
0.9974227028586476 0.007797143616210412 -0.06503778835102304 -0.029278703181418866 3.072173084024419 -0.054173579660757046 -0.03901832735070572
11.139556884765625 -1 288.668212890625 15.341202735900879 -1 784.1680297851562 19.773250579833984
0.997499967506356 0.005091528292513292 -0.06259138245402804 -0.03240694380775594 3.1537862445837375 -0.05054563898401519 -0.04572977030537093
4.832675933837891 -1 229.22085571289062 4.832675933837891 -1 1081.82421875 6.28027868270874
0.99747106199171 0.003507219352704772 -0.06201297166626028 -0.034548100478346416 3.2433052458775298 -0.05315768566574203 -0.03240449167406831
12.670769691467285 -1 784.1802368164062 19.8093204498291 -1 784.1802368164062 19.8093204498291
0.9976421600673181 0.0026186235654753125 -0.06202759003902119 -0.029254766120910537 3.33015184935729 -0.011999506045306205 -0.026801018375571525
4.738931655883789 -1 229.33358764648438 4.848993301391602 -1 1557.7484130859375 12.598554611206055
0.997491227077462 -0.0007628503086191594 -0.06597650833475836 -0.02564703317850711 3.4187599903008254 0.015866503755002266 0.021084709207663685
7.431668281555176 -1 222.03744506835938 11.891054153442383 -1 959.6609497070312 27.978872299194336
0.997102387108329 -0.005357196400732854 -0.07025718207046099 -0.028671561469758803 3.4934139355660787 -0.004348784226671 0.0674701297406751
6.0 -1 247.5 7.5 -1 305.0 8.5
0.9969218819722371 -0.008118467407904124 -0.07248060862781588 -0.028764789323425084 3.55985668338413 -0.0072148698094421084 0.09023253149504923
0.5482096672058105 -1 0.5477817058563232 0.5482096672058105 -1 0.5477817058563232 0.5482096672058105
0.9968892212065762 -0.006750765270684456 -0.07346701287136381 -0.02772915127018768 3.6222711224299013 -0.005303142286929506 0.09907840080211792
4.8078837394714355 -1 1186.159912109375 5.307079792022705 -1 1394.8675537109375 8.457159042358398
0.9968874069794971 -0.004556870335743286 -0.07356791791405094 -0.027973097651664006 3.6913551688216963 -0.022026496564268094 0.10803115685922196
15.020842552185059 -1 784.3016357421875 19.704721450805664 -1 784.3016357421875 19.704721450805664
0.9968129714342288 -0.0033674691824639993 -0.07401780993471976 -0.029562204657915068 3.76358350029716 -0.05395083095508728 0.13910536164180703
16.19394302368164 -1 1128.4566650390625 16.09241485595703 -1 1128.4566650390625 16.09241485595703
0.9968294772552153 -0.0007090183826737863 -0.07286641933526047 -0.03195270726065741 3.814258911670431 -0.08381722889043346 0.1402633359206029
9.039079666137695 -1 784.0865478515625 19.69605255126953 -1 1058.8870849609375 49.37367630004883
0.9967881518305769 0.0024703445291858884 -0.07154205197831544 -0.03590282115408241 3.8674424844026496 -0.12375008992440965 0.11891740376654537
10.91580581665039 -1 1557.7022705078125 12.627826690673828 -1 434.0979919433594 14.641091346740723
0.9968475527103887 0.005314942333825107 -0.06868610058198937 -0.039356417902772244 3.922843139385838 -0.1616910618718388 0.08478049667135987
3.470065116882324 -1 896.9020385742188 3.470065116882324 -1 1394.720458984375 8.400527954101562
0.9967642860812728 0.006538056653740735 -0.06701133324285495 -0.04390550108014001 3.981341702521217 -0.21836258382905824 0.09270752662432889
13.474234580993652 -1 1228.9010009765625 25.54935073852539 -1 1418.138916015625 30.614547729492188
0.996716421137293 0.010874296214620511 -0.06418582898438815 -0.04814877853788439 4.037546936973274 -0.2692736064408994 0.0741273335930799
8.649323463439941 -1 649.2783203125 26.894153594970703 -1 500.0335998535156 33.835941314697266
0.9965245107000584 0.015568728798037293 -0.06164577361158666 -0.053817402886531536 4.086431744052638 -0.3240855739219619 0.03869947771607076
2.9381103515625 -1 640.4998779296875 10.811336517333984 -1 640.4998779296875 10.811336517333984
0.9962949637655665 0.018883206403897256 -0.05809126079795372 -0.06054068970684732 4.144811857416319 -0.3877120322726798 -0.0035748955568411923
48.883846282958984 -1 1058.6663818359375 48.883846282958984 -1 219.10519409179688 55.7653694152832
0.9962557064321137 0.021614351986299088 -0.05316457466586885 -0.06465999683157811 4.207735293582434 -0.42844156421275104 -0.04314347730557076
4.220274925231934 -1 970.181396484375 51.6702880859375 -1 584.8072509765625 57.84687042236328
0.9961291860752995 0.024912077253107148 -0.04861421550090308 -0.06886719906550756 4.2645906800585 -0.46519271565923115 -0.07731900324981456
14.5987548828125 -1 849.02197265625 31.8707332611084 -1 855.9171142578125 35.224273681640625
0.9959552981752269 0.029661998978080403 -0.04525024415806173 -0.07173301371722107 4.309548080355657 -0.4826301513884743 -0.11999151201194283
4.890607833862305 -1 1197.1514892578125 4.890607833862305 -1 396.948486328125 8.827245712280273
0.9956867399780689 0.0346272864439633 -0.04396061441319746 -0.07400223811336623 4.357935791861518 -0.49038050955870927 -0.13635725550482347
4.631361484527588 -1 1149.781005859375 11.1146821975708 -1 784.5083618164062 19.33769416809082
0.9954906527919676 0.038212652386313335 -0.04354803104679482 -0.07511139988957988 4.391115703976649 -0.4810473146451131 -0.13547161299385022
15.536161422729492 -1 1555.9842529296875 16.98248863220215 -1 784.2230224609375 19.845191955566406
0.995320242655475 0.03985737374985073 -0.043251368489369356 -0.07667022526253515 4.404788292058721 -0.47610796571073793 -0.14161319554859086
4.861645698547363 -1 1197.1033935546875 4.821991920471191 -1 428.74945068359375 11.47484016418457
0.9951921453237855 0.04179386848607299 -0.04273704585364405 -0.07758486549910314 4.417371787109034 -0.4651333765040366 -0.14389915641513085
3.0936648845672607 -1 222.14317321777344 11.946235656738281 -1 222.14317321777344 11.946235656738281
0.9951271943278907 0.04346247008068181 -0.041483450081824295 -0.07817930783075004 4.429572648397245 -0.44750511848210395 -0.15876840646727877
2.949096441268921 -1 1197.0859375 4.850931167602539 -1 1555.7440185546875 17.04317283630371
0.9950475416249873 0.04492893015571199 -0.041338789785887856 -0.07844033146392534 4.4404151483917715 -0.42079187647975924 -0.16421213812836707
10.428777694702148 -1 1149.82080078125 11.161311149597168 -1 288.6927185058594 15.434295654296875
0.9951722384930216 0.04789763086064196 -0.04144238912002773 -0.07497040132445877 4.450020969935685 -0.36623044775561825 -0.16710236358212358
10.143975257873535 -1 1555.8055419921875 17.032302856445312 -1 478.58477783203125 39.8178596496582
0.9952240563223395 0.051622313884477355 -0.04192691283907565 -0.07145871819663407 4.454933914821819 -0.3178314648642057 -0.1614720061903051
3.3044750690460205 -1 847.6275634765625 15.41641902923584 -1 1555.8173828125 17.011062622070312
0.9951268316102398 0.054016448556242255 -0.041664530019724796 -0.07119606192038785 4.4563293892781495 -0.29177214495671533 -0.1671085299694495
12.58955192565918 -1 288.74951171875 15.356037139892578 -1 356.8155822753906 18.33607292175293
0.9952815972840593 0.05443945317413109 -0.03940211422896058 -0.06998829502196262 4.468358578004126 -0.24027971032751136 -0.1905667007764872
6.847439289093018 -1 873.241943359375 11.202324867248535 -1 1557.67333984375 12.679688453674316
0.99529466666987 0.05407411824669002 -0.03830324817094501 -0.07069213120220944 4.475670957555294 -0.21269021937513927 -0.20823186176214856
8.991783142089844 -1 428.8738098144531 11.684415817260742 -1 1555.8316650390625 17.012460708618164
0.9952834451994372 0.054141352750309055 -0.0378086993892551 -0.07106391408301592 4.479426125822339 -0.17957786178821541 -0.2021224004452748
4.8435587882995605 -1 784.2915649414062 19.951026916503906 -1 1108.7174072265625 34.71049499511719
0.9952582191293151 0.05474557623077691 -0.03692984977683286 -0.07141558187234083 4.480760089723324 -0.1426169703825909 -0.20661449875534701
3.248528480529785 -1 784.2833862304688 19.753543853759766 -1 784.2833862304688 19.753543853759766
0.9953045688097398 0.05395367987594265 -0.035417593050721896 -0.07213466459889942 4.480976427294201 -0.1060757660166612 -0.20117288487537038
6.34713888168335 -1 1233.38037109375 6.34713888168335 -1 1557.6322021484375 12.725687026977539
0.9952581063095325 0.053876316312599426 -0.03423296838670581 -0.0733944700994762 4.480492767068262 -0.07105033860685028 -0.21561471507264396
0.5661900639533997 -1 0.5659320950508118 0.5661900639533997 -1 0.5659320950508118 0.5661900639533997
0.9952613453540894 0.053170393152056905 -0.033983023256995586 -0.07397917184139141 4.483593763647654 -0.03084641253635805 -0.20646183257689604
2.7914068698883057 -1 1557.7447509765625 12.69066047668457 -1 481.41668701171875 13.54247760772705
0.995238291575817 0.05383897960977248 -0.033898328202986765 -0.07384450284801262 4.485554986410754 0.020773202102395073 -0.18677633489617945
4.169290542602539 -1 1469.2193603515625 7.102548122406006 -1 1469.2193603515625 7.102548122406006
0.9954384099137265 0.05427987376117636 -0.032920504679344306 -0.07122013580835296 4.493665870734439 0.09207640998896355 -0.1925801019240438
0.622498095035553 -1 0.6222633719444275 0.622498095035553 -1 0.6222633719444275 0.622498095035553
0.9954126669302378 0.055231152150042984 -0.03184341101268724 -0.07133820520652025 4.505073402620194 0.1389368256547604 -0.19744600532288378
0.5981937646865845 -1 0.597683310508728 0.5981937646865845 -1 0.597683310508728 0.5981937646865845
0.9954420558461751 0.05620759414529567 -0.03068237590463886 -0.07067115127111455 4.514280001114708 0.19069789194490674 -0.2155186092647158
3.319216251373291 -1 229.3318634033203 4.953115940093994 -1 930.0252075195312 17.204378128051758
0.9955015823519269 0.055329836417354054 -0.03053392101571445 -0.07058957716437061 4.522006531943204 0.23314617812270333 -0.2241779232242561
11.086797714233398 -1 784.1787109375 19.85911750793457 -1 784.1787109375 19.85911750793457
0.9954358573687574 0.05529112347125506 -0.03043781977915388 -0.07158131499843547 4.521379719431113 0.27012554451729964 -0.2282599525000834
3.76658034324646 -1 1149.8154296875 11.014787673950195 -1 437.9134826660156 14.70307445526123
0.9955653188574007 0.05437242043287599 -0.03045331988010441 -0.07046936279627262 4.520361409369284 0.3187146092318301 -0.22620540795083055
0.5957903861999512 -1 0.5954731702804565 0.5957903861999512 -1 0.5954731702804565 0.5957903861999512
0.9956120284955186 0.053761924445747046 -0.029960134410021662 -0.07048925124486731 4.513150876398629 0.3575187777990927 -0.23215701305710992
0.5887177586555481 -1 0.588300347328186 0.5887177586555481 -1 0.588300347328186 0.5887177586555481
0.995480614074977 0.0529746353867376 -0.030005966829051222 -0.07288125246730258 4.500448155518066 0.3720429314858986 -0.23664054927572314
2.8568413257598877 -1 1557.6644287109375 12.680469512939453 -1 1557.6644287109375 12.680469512939453
0.9957152845440711 0.05213482556886298 -0.029877012842773033 -0.07028795196772106 4.4839494515948415 0.42815854337009096 -0.22082827902506838
77.314208984375 -1 264.2948913574219 83.88317108154297 -1 1363.9676513671875 92.93279266357422
0.9957883905508731 0.05039920761665311 -0.031070586077665108 -0.07000014140347 4.466511100357431 0.45724402859740076 -0.2078435950011939
19.00990867614746 -1 909.4227294921875 29.699405670166016 -1 248.302978515625 37.50807189941406
0.9961372646266239 0.046870933039741644 -0.03199244374338973 -0.06700857558176876 4.44070264246265 0.5086277568227 -0.18704974645777367
0.5427104234695435 -1 0.542586624622345 0.5427104234695435 -1 0.542586624622345 0.5427104234695435
0.9965673749322568 0.04379763807616061 -0.033400739152846075 -0.06180311273410032 4.409699669618898 0.5764407661896809 -0.16097682161506244
0.5361219644546509 -1 0.535706639289856 0.5361219644546509 -1 0.535706639289856 0.5361219644546509
0.9968863136589523 0.04086343414923418 -0.03390118033605308 -0.05829723287445742 4.384074220395106 0.6184210299903733 -0.13473241208143022
19.682090759277344 -1 1460.23974609375 57.3485221862793 -1 946.3256225585938 76.63684844970703
0.9972332966258958 0.04075165424432823 -0.03157257196818619 -0.05355583512851508 4.357442636665682 0.6727713238945969 -0.127006760337364
3.6228885650634766 -1 276.3875732421875 7.786182880401611 -1 1557.715087890625 12.696833610534668
0.9974955227139402 0.0392078372601477 -0.026629304986873 -0.05250055027274679 4.340124039852295 0.6910658126028275 -0.15511501900694005
4.868617534637451 -1 1149.7894287109375 11.156641960144043 -1 1149.7894287109375 11.156641960144043
0.9975539314605157 0.03902609418057433 -0.01948884022559808 -0.05461962016838528 4.320098696247184 0.6876223500793258 -0.2007373184610424
0.5487915277481079 -1 0.5487635135650635 0.5487915277481079 -1 0.5487635135650635 0.5487915277481079
0.9973414487699402 0.04011076719437371 -0.013279511490580445 -0.059370156603522975 4.287016856324248 0.6704911307865183 -0.2560756145809276
19.08734703063965 -1 784.2211303710938 19.632434844970703 -1 784.2211303710938 19.632434844970703
0.997255103900239 0.040710981479236276 -0.009426025386399098 -0.06112302166398458 4.242460526426449 0.6794130352970721 -0.29038422902770844
0.545162558555603 -1 0.5448436737060547 0.545162558555603 -1 0.5448436737060547 0.545162558555603
0.9972871307862806 0.039644063646584675 -0.006333366532088319 -0.06169777511405079 4.1969942732923995 0.6930512151757812 -0.31845475539909174
0.5490190982818604 -1 0.5485776662826538 0.5490190982818604 -1 0.5485776662826538 0.5490190982818604
0.9975050832632384 0.03744920428968839 -0.003204645354381332 -0.05975697624731116 4.1413584181914445 0.7185517968627706 -0.342078802278772
11.126426696777344 -1 784.2316284179688 19.747459411621094 -1 784.2316284179688 19.747459411621094
0.9976913293517872 0.03620350416483921 0.00046206094829207424 -0.05745523581128427 4.053052916433216 0.7418740695463079 -0.38155324547266434
11.011252403259277 -1 649.1762084960938 27.082536697387695 -1 248.26107788085938 37.478939056396484
0.9975992148712874 0.035147229539091586 0.002787374622568595 -0.059604607931191135 3.989432855327041 0.7189812688871472 -0.35940183358703376
0.5489269495010376 -1 0.548480212688446 0.5489269495010376 -1 0.548480212688446 0.5489269495010376
0.9977105268552406 0.034513261759227594 0.0024643757955108534 -0.05810736800885118 3.9203240423306362 0.7263483324518537 -0.3443223077352871
0.5628924369812012 -1 0.5622550249099731 0.5628924369812012 -1 0.5622550249099731 0.5628924369812012
0.9981270439931514 0.03375607546045361 0.0006558798667823022 -0.051014715921998556 3.847089188086079 0.7744589991884352 -0.3277299059157385
0.5813867449760437 -1 0.5812875032424927 0.5813867449760437 -1 0.5812875032424927 0.5813867449760437
0.9984022683828712 0.03276593069087211 -0.003946199656501495 -0.04586645595824034 3.7684583725407625 0.8068086071702897 -0.2775616150537426
3.1928913593292236 -1 1149.82421875 11.11746883392334 -1 288.5321960449219 15.341800689697266
0.9989576028591769 0.030579341871276967 -0.00818821475483987 -0.03288715067766472 3.687022122865902 0.9033734848556549 -0.23054576813196087
11.0723876953125 -1 1029.3511962890625 13.766104698181152 -1 901.6666870117188 23.469797134399414
0.9993962468815679 0.02632024460110557 -0.013110523325404331 -0.01850677230930274 3.612965495671903 1.0132611983735873 -0.19977458518071908
0.559899091720581 -1 0.5596718788146973 0.559899091720581 -1 0.5596718788146973 0.559899091720581
0.9996247308366752 0.021011695238095675 -0.014141425764609531 -0.010436773460698226 3.546948721361731 1.0814794477258902 -0.2070086637297434
11.1770658493042 -1 1555.9273681640625 16.891250610351562 -1 1028.3597412109375 23.38229751586914
0.9996688786382878 0.018859936408127383 -0.011765035493687542 -0.012962245969808467 3.5092360338130226 1.0742324333563755 -0.2289617639924181
0.5695656538009644 -1 0.5693978071212769 0.5695656538009644 -1 0.5693978071212769 0.5695656538009644
0.9996106055107271 0.018902790672782114 -0.008019295800261618 -0.018894781028805294 3.4844744901010123 1.046100380326175 -0.21503397640771912
26.884252548217773 -1 248.5084686279297 37.48597717285156 -1 175.80882263183594 50.48374557495117
0.9996026775706357 0.017526078087150027 -0.005842766412397891 -0.021288157767856614 3.4581422884011124 1.0448702878518341 -0.2152146943015087
0.5565651655197144 -1 0.5564794540405273 0.5565651655197144 -1 0.5564794540405273 0.5565651655197144
0.9996695241085707 0.015445104853550003 -0.0035417380833046375 -0.020242218157999464 3.4217013649733525 1.0619024795466065 -0.22454395892885154
4.030046463012695 -1 1080.172607421875 4.030046463012695 -1 1149.71044921875 11.09691047668457
0.9997724030796676 0.013086193586847226 -0.002961181448797896 -0.01658689187706566 3.378810334046947 1.087359941831867 -0.20370066730991573
3.468400478363037 -1 521.3081665039062 4.070773124694824 -1 702.2681274414062 18.91948127746582
0.9997855823393582 0.011613969038451907 -0.002376938018540387 -0.01697808102173141 3.3275759626887913 1.075979585570801 -0.2020120539122035
0.5780926942825317 -1 0.5773319602012634 0.5780926942825317 -1 0.5773319602012634 0.5780926942825317
0.999816772266691 0.010946302963722909 -0.00398408776806866 -0.015189713305339617 3.2772943638594527 1.0730667549950506 -0.19471960835319096
11.003108978271484 -1 434.1543884277344 14.598616600036621 -1 434.1543884277344 14.598616600036621
0.9997793538024496 0.011360799572878366 -0.007377000336417159 -0.016054775285183637 3.2269985748038907 1.0444700465974952 -0.18854015821730857
3.9856996536254883 -1 1149.7969970703125 11.137978553771973 -1 649.1495971679688 26.927959442138672
0.9997870268650062 0.012257756993605673 -0.008710012242717344 -0.014134496547413626 3.167175115180375 1.0268807718424022 -0.18063918251185962
15.38598346710205 -1 426.1173095703125 20.506893157958984 -1 649.0877075195312 27.22350311279297
0.999708579055397 0.01565231068292718 -0.009599302707193402 -0.01567212560120434 3.1085690196132862 0.9907936477950806 -0.15667004692962216
11.124581336975098 -1 784.203125 19.7087459564209 -1 78.9140853881836 20.70170783996582
0.9996597452265613 0.016478117253543575 -0.010184658572145225 -0.017468204118166568 3.057751928688555 0.9588353704244539 -0.14706980209513026
26.125913619995117 -1 49.48713684082031 37.49897003173828 -1 248.25950622558594 37.63547897338867
0.9996585531422515 0.016289743372824808 -0.009781803127717386 -0.017937048752744923 3.002751912488779 0.9403899954000294 -0.1423235083001047
0.5722194910049438 -1 0.5720356702804565 0.5722194910049438 -1 0.5720356702804565 0.5722194910049438
0.999719898342031 0.016003449776243028 -0.008234896332782373 -0.015368830035076076 2.9478020957486692 0.9457555540633453 -0.14528587521751019
0.5670671463012695 -1 0.5670796632766724 0.5670671463012695 -1 0.5670796632766724 0.5670671463012695
0.9997037327434085 0.01390182645609176 -0.005307614000540103 -0.01926175468906625 2.883145310748842 0.9112353857937355 -0.16996517470951536
0.5594335794448853 -1 0.5591976642608643 0.5594335794448853 -1 0.5591976642608643 0.5594335794448853
0.9996263562052188 0.013625645711001557 -0.0012072225398991453 -0.023665003117992786 2.8125211883693244 0.8850040170220923 -0.19604351407603327
0.5510094165802002 -1 0.5508979558944702 0.5510094165802002 -1 0.5508979558944702 0.5510094165802002
0.9995982269064355 0.012507357807288996 0.0022931757922962565 -0.025331642484777168 2.7383152065282474 0.8781832190213861 -0.2229496724379651
17.054113388061523 -1 649.141845703125 27.05173683166504 -1 848.9442138671875 32.042022705078125
0.9994941676856978 0.01094051344763583 0.0026803342093161455 -0.02974104464040887 2.662538465943095 0.8578958267281402 -0.23753581866525342
0.5404953360557556 -1 0.540296196937561 0.5404953360557556 -1 0.540296196937561 0.5404953360557556
0.9996020876296402 0.009752547666532836 0.0018702843021329617 -0.026401822988315417 2.5833600928332854 0.8796282341199626 -0.2275263704882331
19.909696578979492 -1 784.0225830078125 19.909696578979492 -1 779.7559814453125 50.63549041748047
0.9995966515104596 0.008543097182945679 0.0025467023039353483 -0.02696412592639567 2.5076375795934847 0.8759343465169407 -0.2266406726816922
6.297268390655518 -1 1233.4122314453125 6.297268390655518 -1 1066.0093994140625 25.140823364257812
0.9996422414879705 0.007890516024184434 0.004088039633499026 -0.025227301118688542 2.439161235793056 0.8858266391615387 -0.22446853577900475
6.248521327972412 -1 1555.8758544921875 17.0424861907959 -1 991.8577880859375 21.84499740600586
0.9996572199669874 0.006802379784497566 0.005454425306871062 -0.024686422213709158 2.3719484099469175 0.8893596560469084 -0.23397761307368387
14.652510643005371 -1 875.5424194335938 14.446467399597168 -1 1026.0775146484375 20.46316909790039
0.9996486593447121 0.006051016675018657 0.006523641796454442 -0.024967682416077643 2.3001536822062616 0.8930846385676138 -0.24392780473526654
0.5520137548446655 -1 0.5513110756874084 0.5520137548446655 -1 0.5513110756874084 0.5520137548446655
0.9996276277530414 0.005768124902544511 0.007261473095216546 -0.025663311875582157 2.2374179617017913 0.8950476928158504 -0.25819861604031186
23.392969131469727 -1 1028.2398681640625 23.392969131469727 -1 649.201171875 26.94801139831543
0.9996352388035744 0.004760361363210374 0.00919280188965738 -0.024944351970534816 2.166683646913516 0.8966417903805936 -0.2706767233136352
2.988771438598633 -1 1028.4544677734375 14.426739692687988 -1 1028.4544677734375 14.426739692687988
0.9996729780626741 0.004161153589570762 0.009266330755515252 -0.02346820927206828 2.100543185046969 0.8977807088194085 -0.26566502632133787
0.5767720937728882 -1 0.5768810510635376 0.5767720937728882 -1 0.5768810510635376 0.5767720937728882
0.9998387360764925 0.0034287732580840446 0.008533986425849556 -0.015424539882607903 2.023355272827839 0.9263213403731259 -0.2705802856109556
0.5621558427810669 -1 0.5621635913848877 0.5621558427810669 -1 0.5621635913848877 0.5621558427810669
0.999926506247692 0.0027402717789197484 0.007800100795474799 -0.008867437140599769 1.9396761807628287 0.9545550081084946 -0.2900504697151849
0.5582358837127686 -1 0.55826735496521 0.5582358837127686 -1 0.55826735496521 0.5582358837127686
0.9999748990033986 0.0001678651860918415 0.007008000357380976 -0.0010301045641523926 1.848720627446715 0.9833619030345342 -0.3029487045789791
8.431846618652344 -1 434.0774230957031 14.765195846557617 -1 784.1249389648438 19.813701629638672
0.9999747157613701 0.0006026236862615861 0.006298477482386544 0.0032455914813307157 1.7770091368845393 0.9990912357884465 -0.30462421258051076
11.123825073242188 -1 784.1807250976562 19.617645263671875 -1 244.77430725097656 20.200069427490234
0.9999654061150655 0.0015081752946302265 0.007764819104910929 0.0025728514688889976 1.7193346734912651 0.9954285504792022 -0.289812518175851
8.395240783691406 -1 1149.8580322265625 11.120266914367676 -1 288.79345703125 15.456788063049316
0.9999557653740814 0.002178099771663297 0.009146078037127931 0.00026913390449904425 1.6737291059243784 0.992168065663878 -0.28959993096602654
0.5525565147399902 -1 0.5522298812866211 0.5525565147399902 -1 0.5522298812866211 0.5525565147399902
0.9999570181758114 0.0021066385190729466 0.009029053392743265 8.36188661875836e-06 1.6255139213524916 0.9998917559740528 -0.2924229888515597
4.340484619140625 -1 756.3645629882812 11.605692863464355 -1 288.4429626464844 15.3439359664917
0.9999738325031857 0.0022559632187145007 0.006642221162568736 0.00176800364087014 1.5769018092000715 1.011352773233815 -0.28455994685496494
11.021267890930176 -1 784.2324829101562 19.665271759033203 -1 1028.361083984375 23.263980865478516
0.9999765282687809 0.002149085272535473 0.004579239420825498 0.004621137342046173 1.5319539436218692 1.0205520251561564 -0.279120996759608
4.397244453430176 -1 270.3900451660156 4.397244453430176 -1 784.1884765625 19.807939529418945
0.999985641254752 0.0014409138280363938 0.004136028763027893 0.003087769054545965 1.483766982677323 1.0078922486965305 -0.26743406107087714
3.3222951889038086 -1 1557.731689453125 12.624728202819824 -1 433.9830017089844 14.601759910583496
0.9999915128007036 0.0002093572408653893 0.004114655713420366 1.0220862479457948e-05 1.4403478445594273 0.9911318955052882 -0.27267410542537246
4.849016189575195 -1 1197.0712890625 4.849016189575195 -1 1360.892822265625 5.715262413024902
0.9999890220839358 0.0004283288264974114 0.003541964377167269 -0.003037554012883541 1.377868026861915 0.977015299231935 -0.2718046621836857
27.048534393310547 -1 1058.783935546875 49.03742980957031 -1 1058.783935546875 49.03742980957031
0.9999765942771801 -0.00016194140506612954 0.0017759786406134075 -0.006605344250014499 1.307880461150288 0.9525518254274581 -0.2596262166840667
10.041943550109863 -1 1555.8541259765625 16.973285675048828 -1 649.202880859375 27.0556640625
0.999988741945114 0.0006189082623398554 0.000991734221273546 -0.004598847554054189 1.2280771143872586 0.9378410757025509 -0.23718482213740247
5.682403564453125 -1 190.3700408935547 5.682403564453125 -1 428.7968444824219 11.488951683044434
0.9999839710516258 0.0008120924202803133 0.0013415060582809726 -0.005440451012343504 1.1473030052696622 0.9131379848300518 -0.23173084078561113
6.37729549407959 -1 1233.49267578125 6.37729549407959 -1 729.2310791015625 26.644460678100586
0.9999740262758867 0.0020399064712685513 0.0023976740804173345 -0.006483572640513308 1.058262567036378 0.8882372899555346 -0.22446724625572614
12.61525821685791 -1 434.0993957519531 14.984731674194336 -1 784.2031860351562 19.720823287963867
0.999954608083694 0.004794691972087271 0.0036300407513879867 -0.007390230390339263 0.9712414620097635 0.8623069830171356 -0.21391058074278818
4.1777729988098145 -1 1114.6622314453125 19.872909545898438 -1 784.1232299804688 19.736835479736328
0.9999426492251662 0.0058271236741746545 0.004948188029940378 -0.007500555010293436 0.8914165247914441 0.8362196140930365 -0.2062929338992655
8.6677827835083 -1 1557.7064208984375 12.668586730957031 -1 784.2205810546875 19.716001510620117
0.9999240254552221 0.007779440237927567 0.005402809531772392 -0.007888807018331594 0.815141827343123 0.8139413783007241 -0.20544337787711023
3.8202157020568848 -1 384.77532958984375 3.8202157020568848 -1 1555.9730224609375 16.914377212524414
0.9998953554662002 0.00965285137950386 0.005876318108056891 -0.009031581415187315 0.7442979770033609 0.7909543800229861 -0.20455078332421325
21.201313018798828 -1 1031.4285888671875 52.612911224365234 -1 741.6666870117188 77.20075988769531
0.9998729095342112 0.011367448195519948 0.0065435246177979 -0.009062460300039384 0.6578337806373346 0.7700376159125152 -0.19444667898644685
13.425859451293945 -1 481.5699768066406 13.425859451293945 -1 1555.8572998046875 17.036907196044922
0.9998685923727071 0.011545884975067595 0.008086954410474934 -0.00800572889416297 0.5998963506033028 0.7640388682236147 -0.1845356108202607
6.346194267272949 -1 1243.2291259765625 7.572861671447754 -1 455.37896728515625 11.212640762329102
0.9998696083007141 0.010252029245373155 0.01013994055075112 -0.007269380892198805 0.5422283031143591 0.7598043467006225 -0.18176644311589313
17.0 -1 941.0 17.0 -1 1548.0 33.0
0.9998404652472587 0.00965742580770154 0.012671795511203341 -0.008074885722795135 0.4743846156782347 0.7573324489794069 -0.17892690892885926
3.4453980922698975 -1 1503.69970703125 3.411712169647217 -1 930.0031127929688 17.164453506469727
0.9998346733447983 0.009710717204181755 0.0137242285562944 -0.006926290451287719 0.4067031360059164 0.753505129995081 -0.1731310381968598
19.762348175048828 -1 991.7758178710938 21.946990966796875 -1 618.4629516601562 22.97340965270996
0.9998036019633519 0.009495903782022764 0.015141088705040233 -0.00856345405173622 0.3095507037003781 0.7430904385512853 -0.16875328005339657
2.9434618949890137 -1 827.2325439453125 6.812395095825195 -1 1150.0103759765625 11.104949951171875
0.9997708992160012 0.009717583063780632 0.01648568291464184 -0.009588530599881706 0.2519757387442145 0.7331103179879559 -0.16891703410969452
3.5661418437957764 -1 1354.2122802734375 3.88026762008667 -1 648.963623046875 27.17799186706543
0.9997483972533598 0.008914544282626623 0.01798265760492321 -0.010014844733469202 0.19532032848076578 0.7210156849505742 -0.16738832480750418
11.181028366088867 -1 433.9964599609375 14.56555461883545 -1 1128.61865234375 24.968366622924805
0.9997313004290556 0.008033135691595783 0.01864599053775509 -0.011185826310822431 0.1386688112601576 0.7084437717287091 -0.16016854623504836
0.5514730215072632 -1 0.5513207912445068 0.5514730215072632 -1 0.5513207912445068 0.5514730215072632
0.9997459297748326 0.008210800821633064 0.017614225786583455 -0.01141918116426878 0.07898620393135111 0.6988429592385577 -0.1548377976768922
15.969864845275879 -1 1555.8209228515625 17.051639556884766 -1 784.2867431640625 19.75031852722168
0.999859443740226 0.006343937508959892 0.014263481713275699 -0.006115579268018906 0.01989080716297304 0.6918606110907177 -0.16157740244892158
6.781819820404053 -1 826.7785034179688 14.576739311218262 -1 649.136474609375 27.105579376220703
0.9999491032387197 0.004226052195405441 0.008352362580830584 -0.0037642335528770446 -0.03380665895220068 0.6897866900222852 -0.1787569791550009
5.43339729309082 -1 1557.716552734375 12.605142593383789 -1 649.2037353515625 26.825864791870117
0.9999846142368951 0.004077370118313998 0.0034158998266450814 -0.0015741571651535183 -0.07632521656957009 0.6891518254158309 -0.17624665898139835
2.584529399871826 -1 803.6431884765625 12.59402084350586 -1 1557.7384033203125 12.62716007232666
0.9999851826521605 0.005408594366759701 1.0450795253713463e-06 0.0006177232461715163 -0.12270218757848184 0.688467854267883 -0.16678210318288228
3.1445817947387695 -1 708.1594848632812 3.3799359798431396 -1 1157.194580078125 11.066774368286133
0.9999535084508452 0.008315284736999088 -0.004172509446473252 0.00253518076423753 -0.1741874664115416 0.696349204455003 -0.1539208709498094
2.4805750846862793 -1 1566.1851806640625 2.4805750846862793 -1 1186.178466796875 5.346471309661865
0.99993586223198 0.00784888700243477 -0.0075971142334777236 0.0029916969320318474 -0.22163962206706245 0.7094127313119788 -0.15717530053154852
11.31657600402832 -1 434.0606689453125 14.704774856567383 -1 784.0995483398438 19.884456634521484
0.9999321033728855 0.005214458766667734 -0.010142206848289877 -0.0023945154612973495 -0.2831146957969576 0.7258074839807721 -0.15454386578964896
4.339131832122803 -1 190.24383544921875 5.605222225189209 -1 1233.626708984375 6.142457008361816
0.9999346668114203 0.002688713133082633 -0.010162606294646086 -0.004489361170815817 -0.37094933798872237 0.7465983076069104 -0.15189523945919006
11.239864349365234 -1 434.085205078125 14.840389251708984 -1 434.085205078125 14.840389251708984
0.9999503232300812 -2.0432268544370416e-05 -0.009456650849520298 -0.0031499856013985643 -0.4561373773735426 0.7584093571954055 -0.14874199790324272
6.42133903503418 -1 1149.863037109375 11.112677574157715 -1 1557.71142578125 12.670380592346191
0.9999554332849914 0.00025603370761590215 -0.009330346720483359 -0.001417928292046198 -0.5277271590869874 0.7652933985853013 -0.1320621215464623
3.8669309616088867 -1 1528.515869140625 7.044980525970459 -1 1557.7652587890625 12.62358283996582
0.9999641290882088 -0.0004282766479565576 -0.008454270020609113 -0.00028711390011248035 -0.5907580294630433 0.7655920813865132 -0.12130962209953808
37.55437469482422 -1 1058.623046875 49.01378631591797 -1 131.04769897460938 53.296958923339844
0.9999781888147379 -0.0013404341756301152 -0.006333874527048367 0.0013065850499865968 -0.6482433826164177 0.7592504414959901 -0.10929490482979168
11.57102108001709 -1 856.0192260742188 35.00336837768555 -1 49.471946716308594 37.602603912353516
0.999987147912915 -0.001830949794048421 -0.004726329849893367 -0.00011592236930239088 -0.6928866130207209 0.7546000786187727 -0.10395712238472125
3.9080169200897217 -1 362.9653625488281 16.244821548461914 -1 584.2330322265625 62.57491683959961
0.9999918023195663 -0.002182895795862135 -0.0033436798591003516 -0.0006708685488738227 -0.7448870032047255 0.7420790832425134 -0.10205841348890715
8.453890800476074 -1 1556.012451171875 16.93475341796875 -1 784.1016235351562 19.794981002807617
0.9999926860957892 -0.001761396354015386 -0.001902023641748788 -0.0028120355401020924 -0.8003383079242381 0.7302232429531378 -0.1056971472157782
3.741234302520752 -1 321.3436584472656 4.888030529022217 -1 321.3436584472656 4.888030529022217
0.9999934743474711 -0.0013076707062565675 -0.0005718196308131633 -0.0033187772006577788 -0.8629353119803851 0.7100191520495049 -0.10823293358790713
17.44557762145996 -1 784.2816162109375 19.807893753051758 -1 784.2816162109375 19.807893753051758
0.999987419761393 2.813860161891176e-05 -0.0006783838335559087 -0.004969841299772169 -0.9195011714769467 0.6958775039295375 -0.11193582465955433
12.619882583618164 -1 288.8917541503906 15.521422386169434 -1 288.8917541503906 15.521422386169434
0.9999908449324659 0.001403424152060209 -0.0005703721557781845 -0.004001890491545011 -0.9809216523909576 0.6771032423304445 -0.10894653123410546
19.714841842651367 -1 784.2139892578125 19.714841842651367 -1 1025.9815673828125 20.687917709350586
0.9999844167178894 0.0030580714119127815 -0.0006712541634640145 -0.004622114069369779 -1.036409627066018 0.6655796015584142 -0.1023199653323673
8.146129608154297 -1 1236.2508544921875 8.67479133605957 -1 1236.2508544921875 8.67479133605957
0.9999700355532148 0.0033147450927597235 0.00039749336077708324 -0.00698444412250372 -1.0971994808257455 0.6621840243215225 -0.09345787396545914
3.1268773078918457 -1 878.2455444335938 3.1667985916137695 -1 133.72618103027344 8.008989334106445
0.9999482863485482 0.002971648679198611 0.0017101259610750577 -0.009574413920786857 -1.1525873619203086 0.6656956675987085 -0.08394493114540391
13.201496124267578 -1 1086.24365234375 30.616226196289062 -1 56.63811492919922 32.40808868408203
0.999938218015277 0.0029087738960329045 0.0012003266880163703 -0.01066106949120671 -1.228422903763407 0.670757959597947 -0.075520939346892
8.212626457214355 -1 434.09197998046875 14.695055961608887 -1 434.09197998046875 14.695055961608887
0.999951921349737 0.0033023303290481204 0.00045604594022556464 -0.009221801638932721 -1.306370744322278 0.6745519942127384 -0.0719299676225258
6.529326438903809 -1 690.6970825195312 9.564655303955078 -1 879.056396484375 12.303497314453125
0.999956290182093 0.00241241240417583 4.726038573623711e-05 -0.009033037037125966 -1.380869676439474 0.6825689970253229 -0.06650125712568179
34.228248596191406 -1 248.1891632080078 37.606319427490234 -1 754.081787109375 48.82682418823242
0.999982724322031 0.002246146865490264 -0.0006925282483020966 -0.005387604882784208 -1.4551061884746688 0.6818902187982561 -0.059088323000833484
11.783979415893555 -1 1557.7115478515625 12.65630054473877 -1 974.6286010742188 21.99277114868164
0.9999865675910161 0.0018890371725095972 -0.00010162049894465666 -0.004825541355469316 -1.5115820550899532 0.6845893237655674 -0.036947736187078827
0.5369858741760254 -1 0.536748468875885 0.5369858741760254 -1 0.536748468875885 0.5369858741760254
0.9999797120202415 0.00040548873656410487 0.0006266125462359261 -0.0063260164018633675 -1.5597040620759017 0.6904508566505742 -0.019421350783586602
5.561379432678223 -1 784.1549682617188 19.71877098083496 -1 626.9209594726562 30.769641876220703
0.9999717773422667 -0.0016341564599759006 0.0022599365132841692 -0.006976154998886932 -1.6082355995690398 0.6901060702436811 -0.01216779913517227
11.198661804199219 -1 784.1350708007812 19.72348976135254 -1 649.2305297851562 26.846363067626953
0.9999767378895569 -0.0038501678124725916 0.004682346830258917 -0.003126582117500565 -1.6607051536240414 0.6724294776452566 -0.007993619925039467
0.5391872525215149 -1 0.5386743545532227 0.5391872525215149 -1 0.5386743545532227 0.5391872525215149
0.9999598726631476 -0.005053244292330125 0.006607013102638747 -0.003326434049431496 -1.7171997694643055 0.6629861058726239 0.003365338828209434
8.0355224609375 -1 1394.6431884765625 8.482089042663574 -1 649.1636962890625 26.80812644958496
0.9999515313291497 -0.005767593295460735 0.007915401397778521 -0.0010081075234343955 -1.789097314231158 0.6379241663788509 0.01121779924836505
0.5398163795471191 -1 0.5398414731025696 0.5398163795471191 -1 0.5398414731025696 0.5398163795471191
0.9999574672168703 -0.005537541304373405 0.007136746063172173 -0.0018617865489867968 -1.848725491971997 0.6248824906303918 0.015674490803655232
0.5275844931602478 -1 0.5273708701133728 0.5275844931602478 -1 0.5273708701133728 0.5275844931602478
0.9999501838342257 -0.004716626700434134 0.005738109247514616 -0.0066676371174872635 -1.9058317284798072 0.6177787153334071 0.027648729858730937
0.53227299451828 -1 0.5321353673934937 0.53227299451828 -1 0.5321353673934937 0.53227299451828
0.9999718209196768 -0.0009428797172793685 0.005359173110873956 -0.005171808967112168 -1.9706920118079887 0.5815284947745808 0.044987722298515435
4.804642200469971 -1 1197.123779296875 4.804642200469971 -1 148.7952423095703 5.440351486206055
0.9999879088467564 0.0009264580012906564 0.003911961048337443 -0.002832030476444934 -2.0300912995290554 0.544724398133469 0.03992338634032257
3.759995222091675 -1 34.68886184692383 16.228065490722656 -1 649.1531372070312 27.0008602142334
0.9999889278135855 0.0035909534918423807 0.002756804270353299 -0.001284263785236384 -2.0871270619633147 0.5116086390517692 0.02354266041336227
0.6366162300109863 -1 0.6359772682189941 0.6366162300109863 -1 0.6359772682189941 0.6366162300109863
0.9999471339399925 0.006342152711062911 0.002804037945737201 -0.00759235111037724 -2.1401206049971244 0.518423149579913 0.021704198730482165
7.644460678100586 -1 1028.35302734375 14.465937614440918 -1 288.4082336425781 15.537277221679688
0.9999084842462883 0.007452989584624663 0.004184805116195921 -0.01048634753769694 -2.216103915059203 0.5155772886602956 0.03619088810683547
0.5970743894577026 -1 0.5968539118766785 0.5970743894577026 -1 0.5968539118766785 0.5970743894577026
0.9998941323535635 0.007064255604931535 0.005468535877759613 -0.01148544700986412 -2.3046179347776437 0.5066967943306068 0.050180077133239354
0.5981017351150513 -1 0.59800785779953 0.5981017351150513 -1 0.59800785779953 0.5981017351150513
0.9998955900287424 0.0066038561899030524 0.0066076991566977016 -0.011024356505073864 -2.411778914148258 0.4967287488673172 0.05451186403753216
0.5472911596298218 -1 0.5472409725189209 0.5472911596298218 -1 0.5472409725189209 0.5472911596298218
0.9999476322126418 0.005593607162863047 0.007037812107064208 -0.0048901525522691836 -2.5380921242299213 0.46244008082075455 0.05456858234724733
0.5324214696884155 -1 0.5320658087730408 0.5324214696884155 -1 0.5320658087730408 0.5324214696884155
0.999969253622096 0.006226517500603679 0.004561190922300406 -0.0013848565461044673 -2.636076929768424 0.44176492415754887 0.03595201622664455
10.514043807983398 -1 1149.7921142578125 11.131583213806152 -1 784.0795288085938 19.704206466674805
0.9999823496095578 0.004855589091033901 0.0034152548195038107 0.00024445540500453694 -2.729711975874729 0.4319425370577992 0.021829158407112487
2.8976783752441406 -1 1149.7149658203125 11.065007209777832 -1 1557.855224609375 12.582113265991211
0.9999864473727857 0.00350288769585652 0.003585848767880878 -0.0014058937224884882 -2.8087904139577633 0.4394556953326429 0.022645778881878166
0.5463806390762329 -1 0.5459603071212769 0.5463806390762329 -1 0.5459603071212769 0.5463806390762329
0.9999842235754237 0.0035432852111751223 0.004279084930844303 -0.0008289525462718212 -2.871336270177055 0.4374747868642417 0.02416496955612877
2.8259005546569824 -1 842.17138671875 2.8259005546569824 -1 599.2857666015625 12.414207458496094
0.9999841801823133 0.002372658077685656 0.005018483288443748 -0.0009081322794224567 -2.93433154752639 0.4420779582050435 0.02954048446709121
0.5718626379966736 -1 0.5723498463630676 0.5718626379966736 -1 0.5723498463630676 0.5718626379966736
0.9999829841147904 0.0010271715735191023 0.0055784099554065545 0.0013629900244762352 -2.9903472090178145 0.4372620177624138 0.028756698459616453
19.7438907623291 -1 649.210693359375 26.839174270629883 -1 524.0346069335938 28.025192260742188
0.9999812388406024 0.0009161313866615243 0.005624229616185032 0.002247378766685707 -3.037931296133335 0.43854463015915807 0.02304232640503585
20.640247344970703 -1 373.926513671875 22.729825973510742 -1 1028.1978759765625 23.290668487548828
0.9999685157458268 0.0013681457128993564 0.007278801720221969 0.0028486382561331027 -3.0880677933119496 0.43962907070870305 0.030982942174682827
0.5734487175941467 -1 0.5735322833061218 0.5734487175941467 -1 0.5735322833061218 0.5734487175941467
0.9999576311060528 0.0014053870711820378 0.00879034850960591 0.002343214252062961 -3.136673556264195 0.44819722831369224 0.04079662812381398
16.916027069091797 -1 784.217041015625 19.706207275390625 -1 784.217041015625 19.706207275390625
0.9999498442328093 0.0016563924867804983 0.009510815352770987 0.002666415953264808 -3.1932050742108755 0.4486198554957092 0.042507180751936414
8.473089218139648 -1 288.6607360839844 15.442091941833496 -1 784.092041015625 19.829105377197266
0.9999489567088929 0.0015691526851106556 0.009260144130271021 0.0037244418822270416 -3.2579154641784807 0.44008205155127955 0.037190329978447956
12.671295166015625 -1 114.90061950683594 13.483282089233398 -1 1556.03125 16.766401290893555
0.9999435472481777 0.0018309762980649581 0.009936168630079454 0.0032897409445239905 -3.3119488947532627 0.4395708421992851 0.04237132057954208
0.5405576229095459 -1 0.5402743816375732 0.5405576229095459 -1 0.5402743816375732 0.5405576229095459
0.9999304815213385 0.003006123983052728 0.011036556340833038 0.002861776937229297 -3.371754263446633 0.438616701653092 0.0562261576373028
23.809133529663086 -1 640.1016235351562 23.809133529663086 -1 696.5210571289062 47.23420333862305
0.9999073257076089 0.003971143315282415 0.012992875024153172 0.000869031434484311 -3.4592171285074826 0.44304648851727685 0.07971547901006626
0.6197366714477539 -1 0.6207143664360046 0.6197366714477539 -1 0.6207143664360046 0.6197366714477539
0.9998978915259343 0.004581695706247288 0.013436281147431462 -0.001637356214541268 -3.5569713493262594 0.4563496177617737 0.08960063021470253
4.934023857116699 -1 633.8757934570312 24.648923873901367 -1 649.1747436523438 26.886056900024414
0.9999134509292148 0.0043316137211600065 0.011829870726304101 -0.003792351776747848 -3.6473742155389863 0.47221880418035833 0.06344415452576446
11.040361404418945 -1 1557.7890625 12.62108039855957 -1 852.5704956054688 15.462454795837402
0.9999160000539028 0.004162931924508478 0.011520657385013374 -0.004235243489165408 -3.7393751275935436 0.4695634549352014 0.0752619626683939
39.4975700378418 -1 1004.427978515625 39.4975700378418 -1 1110.0494384765625 75.46614837646484
0.9999184203823396 0.0047279691678787485 0.010237786092259202 -0.005998885193409528 -3.8353752832276875 0.4757529976089681 0.04701512224990025
12.636698722839355 -1 649.1557006835938 27.1092529296875 -1 649.1557006835938 27.1092529296875
0.9999162553398004 0.004718254967586931 0.00804723610926143 -0.00897008184431293 -3.9235176412437442 0.4889026422863984 0.019311195456333197
4.752947807312012 -1 1557.6895751953125 12.60838508605957 -1 784.2279663085938 19.819971084594727
0.9999158579985253 0.006329935129723737 0.004686222487482758 -0.010307674962094403 -4.024128149936022 0.48938575952046565 -0.02664023294058356
9.484529495239258 -1 1149.8326416015625 10.96898365020752 -1 649.2205810546875 26.90403175354004
0.999913516017242 0.007056985479510768 0.0030004844695582446 -0.010684406156957085 -4.103073174471788 0.48336445755024987 -0.026779385667089716
6.282361030578613 -1 1233.568603515625 6.282361030578613 -1 784.2739868164062 19.657642364501953
0.9999134365212166 0.006575289268479497 0.0019752388331394175 -0.011224235694194827 -4.176348108842873 0.48172125163582 -0.03614821202297046
37.67506790161133 -1 248.27047729492188 37.67506790161133 -1 1058.94482421875 49.42603302001953
0.9998900328560655 0.007785408566465075 0.0015028934815950812 -0.01253199583994917 -4.241920159327001 0.4953196811680637 -0.04484513121423364
3.447384834289551 -1 384.574951171875 3.447384834289551 -1 1394.6275634765625 8.400802612304688
0.999877272103587 0.009475295415097795 0.0016114567014368182 -0.012371851712075528 -4.313521294242453 0.49774083792643936 -0.042530333339143016
0.5406001806259155 -1 0.5402635931968689 0.5406001806259155 -1 0.5402635931968689 0.5406001806259155
0.9998557177991646 0.009232301273000993 0.002106149367553164 -0.014102210194277022 -4.386184128738724 0.5121440058512347 -0.0438672695581664
16.0802001953125 -1 425.4857177734375 16.0802001953125 -1 808.0497436523438 34.62093734741211
0.9998503562183703 0.009312226181363239 0.0026848635247839195 -0.014329658802582277 -4.462921163733431 0.5163268880787473 -0.020996298671146472
34.229583740234375 -1 489.4780578613281 34.229583740234375 -1 248.43246459960938 37.505252838134766
0.9998380481824065 0.010234476131670589 0.0017946320812028181 -0.014693951163626142 -4.540231010794176 0.5246264086987213 -0.04403542093016338
0.5566387176513672 -1 0.5567085146903992 0.5566387176513672 -1 0.5567085146903992 0.5566387176513672
0.9998127610723324 0.010248578989215733 0.0008029355937098397 -0.016394045262027902 -4.632661654475864 0.5459431127118923 -0.004934750021994074
6.787474632263184 -1 1128.8404541015625 6.787474632263184 -1 784.1718139648438 19.75481414794922
0.9997774554149383 0.00996610623053451 -9.973023062109795e-05 -0.018593182205148603 -4.714835402472769 0.5695185651813708 -0.041017549071091945
11.084951400756836 -1 434.1806640625 15.107293128967285 -1 784.3331909179688 19.69466209411621
0.9997332599114079 0.009556424888887138 -0.0025382779730657398 -0.020872012724788898 -4.791359212381404 0.588160773703632 -0.0371685318060044
0.546500563621521 -1 0.5461826324462891 0.546500563621521 -1 0.5461826324462891 0.546500563621521
0.9996667493628452 0.011841626401309773 -0.006281921387926334 -0.022061359118835343 -4.901525181169725 0.6015483408694 -0.06895188401509803
12.704236030578613 -1 649.2138061523438 26.871517181396484 -1 582.9049682617188 27.43490219116211
0.9996302482975453 0.011658310789545481 -0.00557956206103257 -0.023923188862052434 -4.975505574836867 0.6200547811191416 -0.05491202556157125
11.10060977935791 -1 434.0353088378906 14.746291160583496 -1 434.0353088378906 14.746291160583496
0.9995665920618692 0.011458162798708349 -0.006802187295560437 -0.02625011975392667 -5.035529059541851 0.6454689488239637 -0.07186961569814157
0.5432519912719727 -1 0.5427409410476685 0.5432519912719727 -1 0.5427409410476685 0.5432519912719727
0.9994739705929023 0.010598804111685737 -0.0072064277605746 -0.029791187582775516 -5.099598802548124 0.6774025447744841 -0.07145782582507923
0.5531562566757202 -1 0.5530238151550293 0.5531562566757202 -1 0.5530238151550293 0.5531562566757202
0.9994658193999005 0.009423945768886105 -0.0066322739754263345 -0.03058231579435068 -5.160267915898346 0.6751644256090422 -0.07169977354032667
5.679045677185059 -1 190.36195373535156 5.679045677185059 -1 1557.660400390625 12.699882507324219
0.9994526028498153 0.010415723723377282 -0.007112051465964329 -0.030584736062181615 -5.216196602862172 0.6649073304402263 -0.06616397281390195
6.57987642288208 -1 434.23883056640625 15.01993465423584 -1 434.23883056640625 15.01993465423584
0.9993345317479004 0.010233070704793406 -0.009135115029719303 -0.03379833714177553 -5.269350430696703 0.678733881459395 -0.08650381292171114
0.5432373285293579 -1 0.5428974628448486 0.5432373285293579 -1 0.5428974628448486 0.5432373285293579
0.999338041992899 0.011997941341737796 -0.009942560147692157 -0.03287358707334308 -5.347416384925407 0.6483866919819667 -0.0856149797181625
0.5404539108276367 -1 0.5401385426521301 0.5404539108276367 -1 0.5401385426521301 0.5404539108276367
0.9993695048264105 0.008769153119906548 -0.009107698152925971 -0.03317747143665296 -5.435274419835539 0.6089960018793292 -0.12031482392909656
0.5344223976135254 -1 0.5343353748321533 0.5344223976135254 -1 0.5343353748321533 0.5344223976135254
0.9991085641565035 0.011848818036120475 -0.015371497132217013 -0.03748865983455745 -5.491383005689003 0.6342891790918364 -0.12028026607810285
3.7479727268218994 -1 244.6835174560547 20.189165115356445 -1 1004.2092895507812 39.556236267089844
0.9992264121113994 0.007873642257488383 -0.012250488439200303 -0.03653092702878111 -5.574507123524752 0.591934515354794 -0.12844627008678444
17.064109802246094 -1 582.73486328125 27.515960693359375 -1 582.73486328125 27.515960693359375
0.9992625802899096 0.006649369789923216 -0.01012383874567775 -0.036436100268832664 -5.656956791758026 0.6006079864018058 -0.14469360041815424
0.5564289093017578 -1 0.5562252998352051 0.5564289093017578 -1 0.5562252998352051 0.5564289093017578
0.9991997144133968 0.005814434011260086 -0.011116942196282162 -0.037980740771072885 -5.709326463389423 0.6370961115697987 -0.1688165804584357
11.180392265319824 -1 434.04302978515625 14.758870124816895 -1 434.04302978515625 14.758870124816895
0.9990836555495552 0.00393076707142188 -0.012417382419444177 -0.04077017166774584 -5.7571524998070345 0.6943296060204207 -0.2009529024597642
0.5464383959770203 -1 0.5463135242462158 0.5464383959770203 -1 0.5463135242462158 0.5464383959770203
0.9990970822931146 0.0037215856075796055 -0.012056619371525587 -0.040568557816135324 -5.809858293371129 0.7407590731143359 -0.21346932017349163
11.634215354919434 -1 244.95140075683594 20.105138778686523 -1 1376.0184326171875 21.36725425720215
0.9990937861154694 0.0034103300982076716 -0.011849851124459002 -0.04073766343822528 -5.830092182681793 0.7884465858965316 -0.21820070473217093
0.538156270980835 -1 0.5379719138145447 0.538156270980835 -1 0.5379719138145447 0.538156270980835
0.9990104294389183 0.0031558078227789397 -0.012391068402117653 -0.04259887525637008 -5.829041216166979 0.8619664979664079 -0.22666284732608374
0.5165421366691589 -1 0.5163323879241943 0.5165421366691589 -1 0.5163323879241943 0.5165421366691589
0.9989243997466699 0.00446840584774138 -0.014056356889589772 -0.04396016117950062 -5.826341800941239 0.9406337845044784 -0.22800195834416265
6.376021385192871 -1 1233.498779296875 6.376021385192871 -1 489.2825927734375 34.634857177734375
0.9989534416641523 0.0052139483622003 -0.013612297066521577 -0.043353679179441745 -5.841562767081593 0.9963107024042167 -0.2150523378495971
11.437039375305176 -1 455.5714416503906 11.437039375305176 -1 120.88871002197266 24.786087036132812
0.9990127916645061 0.005415322984299786 -0.013105130130413643 -0.0420995478827388 -5.853687924203638 1.044319935254275 -0.20293503189136802
0.5182216763496399 -1 0.5179805755615234 0.5182216763496399 -1 0.5179805755615234 0.5182216763496399
0.9989665687365029 0.004837050503214773 -0.013611522855178379 -0.04309436082378059 -5.862369204831324 1.115032108477717 -0.21043353469816398
3.2757203578948975 -1 741.6227416992188 77.11982727050781 -1 138.44081115722656 100.83917999267578
0.998949088800608 0.004876887028589322 -0.01381351300077605 -0.043429492466788656 -5.883877919072781 1.1799239099217769 -0.21265448615009755
27.076059341430664 -1 1339.37255859375 55.15653991699219 -1 491.8572692871094 82.2523422241211
0.9989771212940473 0.0050063161783743 -0.013694915259887069 -0.042803004864204415 -5.908528668663418 1.2352648752397424 -0.21218935046882587
2.8008549213409424 -1 878.1610717773438 2.8008549213409424 -1 434.0675964355469 14.704721450805664
0.9990130727364119 0.005482735748969359 -0.013719170173617505 -0.04188799923852452 -5.920626544459039 1.2875323493342936 -0.21005392542783222
11.05283260345459 -1 649.24951171875 27.021411895751953 -1 970.0800170898438 51.629520416259766
0.9990984418416275 0.006164740251670615 -0.012526334833579882 -0.04009227385542459 -5.913521711206133 1.316132787715482 -0.20284775080618392
25.40997886657715 -1 570.047607421875 32.825965881347656 -1 916.4639282226562 56.13365936279297
0.9990950055995831 0.0071841612891508115 -0.012901626140798298 -0.03988866575185846 -5.8778216133823635 1.362208103236991 -0.2018728232845209
11.157440185546875 -1 1557.76513671875 12.654909133911133 -1 1557.76513671875 12.654909133911133
0.9991329250239891 0.00805699281904877 -0.012444551425931235 -0.03890521995220053 -5.833755565593539 1.4039511996775342 -0.20254251360998163
11.113092422485352 -1 481.6618347167969 13.426848411560059 -1 784.456298828125 19.523256301879883
0.9991324560418674 0.008833182610128125 -0.01287913934754139 -0.03860619041538483 -5.789867204329968 1.4641726760858988 -0.22478910859334492
37.61479949951172 -1 248.22372436523438 37.61479949951172 -1 1582.0311279296875 57.28501892089844
0.9991523168819954 0.008766298740701476 -0.01248080503284062 -0.03823649018231118 -5.752248636002619 1.5174845032517548 -0.24457112084300953
5.411482334136963 -1 784.1516723632812 19.732717514038086 -1 542.2745971679688 41.960906982421875
0.9991053593079975 0.0077762978641163 -0.01248483997853825 -0.039650207619584626 -5.69199441960718 1.6155697515994183 -0.2747628465774183
2.8854663372039795 -1 1149.965576171875 11.077947616577148 -1 288.72760009765625 15.448140144348145
0.9990880387089077 0.00799031656251243 -0.012569158536489523 -0.040015771936871156 -5.660510198128491 1.6851522390674512 -0.27545617549420254
8.401479721069336 -1 1394.7337646484375 8.401479721069336 -1 1004.2568969726562 39.49348068237305
0.9989996632729995 0.007049879255577958 -0.013611390943186525 -0.04200835654375395 -5.627087547899862 1.775701943764847 -0.2921668617927587
12.539050102233887 -1 649.1990966796875 27.095027923583984 -1 389.58380126953125 46.277713775634766
0.9989639900290697 0.0064760328908203815 -0.013696385136420682 -0.04291173099972452 -5.60083832478373 1.856579841486794 -0.29793721952772817
11.083873748779297 -1 784.2667846679688 19.76335906982422 -1 1025.9677734375 20.646900177001953
0.9989695110756895 0.006217507176721573 -0.01392077127304768 -0.04274892598497465 -5.566111889115417 1.9271760285043218 -0.3008989709862567
26.987409591674805 -1 1058.9259033203125 49.335391998291016 -1 1460.272216796875 57.30748748779297
0.9988906664549166 0.005647343416873988 -0.013935241462415846 -0.04462457873155321 -5.528139400881911 2.00962056091241 -0.31171711613329034
6.575160980224609 -1 1089.551513671875 8.158256530761719 163636 784.1441040039062 19.720125198364258
0.9989376001096013 0.007634780488122433 -0.013851528526305277 -0.04328413533447956 -5.50550418516873 2.0885235521526533 -0.2980979587152149
4.924289703369141 -1 1394.69140625 8.346443176269531 -1 1058.888427734375 49.12095642089844
0.9989696886033258 0.006253340104223185 -0.01332243779529279 -0.04292982227433321 -5.480631009008328 2.155494526744459 -0.3107047731392665
82.56742095947266 -1 491.9692687988281 82.56742095947266 -1 1289.1492919921875 92.26432037353516
0.9989216744727663 0.0063268159512206695 -0.01359626601216178 -0.04393860738542851 -5.442603696623188 2.2391855967378818 -0.3131877572975882
16.039609909057617 -1 1128.2884521484375 16.039609909057617 -1 1339.3665771484375 93.13065338134766
0.9988582304931962 0.005820576543327343 -0.013867316244247141 -0.045343729499085154 -5.408282151837998 2.324276319277748 -0.3240849672582513
19.59177017211914 -1 634.0310668945312 24.333003997802734 -1 1287.564453125 72.58782196044922
0.9988428123762548 0.003795672567942822 -0.014098084457058565 -0.04582437177629932 -5.390358491817304 2.40283177098478 -0.34620073096984266
11.135367393493652 -1 1028.482177734375 23.417041778564453 -1 1028.482177734375 23.417041778564453
0.9988414234088702 0.0028406453188892116 -0.014117487587283603 -0.04591773253262059 -5.379927248340624 2.471371470084808 -0.35568251633421694
23.836523056030273 -1 649.2124633789062 27.07842254638672 -1 741.7112426757812 77.13532257080078
0.9988563695594032 0.006008782976632378 -0.014303725978574641 -0.0452244506973695 -5.365818542435557 2.5530931837673774 -0.3073558524360248
37.61846160888672 -1 1239.0755615234375 42.23455047607422 -1 1239.0755615234375 42.23455047607422
0.9988342374932924 0.005367510035777828 -0.014699578142773262 -0.04566484697919958 -5.33711883046967 2.634568649711643 -0.3095608704915058
4.829887866973877 -1 229.2894744873047 4.829887866973877 -1 649.2164916992188 27.062305450439453
0.9988268447634531 0.005187924004481023 -0.014639542755338414 -0.045866146691467116 -5.308982394295832 2.7112761912181758 -0.3121143737135373
26.995431900024414 -1 338.6462707519531 115.74987030029297 -1 734.5645751953125 120.65618133544922
0.9987102166822746 0.0017429944559438984 -0.014400369692178503 -0.048656905136879744 -5.257463342067646 2.803658243546403 -0.3507766566181679
51.57962417602539 -1 1582.10546875 57.261497497558594 -1 1432.6199951171875 68.81594848632812
0.9987223699688902 0.003280448848532855 -0.01539185645078126 -0.048020382485712616 -5.204689987596262 2.855444595203929 -0.3417218541480678
11.611857414245605 -1 428.9067687988281 11.611857414245605 -1 1582.033447265625 57.31309127807617
0.9987892220830067 0.003039430764120617 -0.014611949079520124 -0.046875821651998474 -5.154206417939508 2.8665106107021425 -0.35448338778992944
57.24457931518555 -1 376.3186340332031 89.17459106445312 -1 376.3186340332031 89.17459106445312
0.9988859825150108 0.005147673344316547 -0.014521130239415753 -0.04460305113701918 -5.107226007325391 2.840875093748598 -0.34911852649320785
14.7556734085083 -1 434.2203063964844 14.7556734085083 -1 1203.328369140625 107.99115753173828
0.9988789651894973 0.007509559906190117 -0.015430049811729876 -0.044117263908611766 -5.032743405659624 2.8090072583814454 -0.34407859590826395
58.543548583984375 -1 64.27102661132812 58.543548583984375 -1 1093.3134765625 94.3895034790039
0.9989714942248933 0.00969590084204628 -0.014940271377260648 -0.04169809976628575 -4.971167394732766 2.7579882665301914 -0.3266470642862821
4.816928863525391 -1 244.86106872558594 20.30598258972168 -1 741.8189086914062 77.01805877685547
0.9989648495972867 0.010166869936806183 -0.015686880600055703 -0.04147030023761581 -4.887483740034254 2.7378259529579485 -0.3382984949649262
108.07450866699219 -1 1096.366455078125 137.22190856933594 -1 1096.366455078125 137.22190856933594
0.9990411382084913 0.010317029756758531 -0.014500170172574732 -0.04000135159025239 -4.816849927784634 2.7168147405655456 -0.3398942102877492
100.98168182373047 -1 1245.0159912109375 111.54568481445312 -1 734.7646484375 120.57933044433594
0.9990331139442747 0.010584721669036129 -0.014723484028373137 -0.04005021757819897 -4.732535857484147 2.7122709822794175 -0.344748228977952
37.57356262207031 -1 248.26556396484375 37.57356262207031 -1 1506.00341796875 63.73222351074219
0.9990154456687521 0.009903211646888678 -0.01474021749224669 -0.04065454098403812 -4.650547314976474 2.707717854374883 -0.35614741603956485
12.517380714416504 -1 569.9947509765625 32.770416259765625 -1 1288.8992919921875 92.11727905273438
0.9990202261498465 0.010159706860560508 -0.01518885045239026 -0.0403071572050392 -4.589459899009059 2.703027753951277 -0.3543636071738847
37.503021240234375 -1 1004.2713623046875 39.59994125366211 -1 1450.212646484375 63.9143180847168
0.9990242110951896 0.00999706809906244 -0.01582242893680035 -0.04000418750076856 -4.543250325084221 2.699511047270454 -0.3621466037077624
14.691469192504883 -1 1004.2758178710938 39.369869232177734 -1 1004.2758178710938 39.369869232177734
0.9989663926499565 0.00994857416511857 -0.016172308905191994 -0.041299257289803305 -4.481867720389337 2.7103281716162853 -0.3689503619757276
13.454514503479004 -1 481.49468994140625 13.454514503479004 -1 1169.233154296875 59.39680480957031
0.9990149315850344 0.010621542620407078 -0.01608020042380784 -0.03997219604728077 -4.420090637902398 2.6965951291766133 -0.37045308839118263
6.615219593048096 -1 1460.3375244140625 57.33976364135742 -1 386.277587890625 78.11998748779297
0.9989522229443799 0.009580460898124112 -0.015965227984684045 -0.04180648919556194 -4.342596349199913 2.6992203861396176 -0.38629054094925874
66.62118530273438 -1 1565.9833984375 81.59363555908203 -1 1565.9833984375 81.59363555908203
0.9989703059045786 0.0104680957176899 -0.016324759406958416 -0.041015230381688285 -4.277764453574582 2.6884041054377654 -0.3800077741278663
58.846065521240234 -1 1551.509033203125 71.6707992553711 -1 1565.8145751953125 81.87313079833984
0.9990265396365711 0.011182855940866512 -0.01614517862535855 -0.0395000005308867 -4.2323321313656175 2.6763376278458817 -0.37262978108135364
19.559560775756836 -1 244.76898193359375 20.22821617126465 -1 465.83428955078125 29.380178451538086
0.9990339198033074 0.011385524486550643 -0.01624698282349564 -0.039212656932909484 -4.179477578464324 2.67466276415385 -0.3687117303520101
11.619298934936523 -1 1557.7039794921875 12.685859680175781 -1 386.30255126953125 78.06110382080078
0.9990577406900566 0.01133352985697732 -0.01660526615064924 -0.038463580232821565 -4.1000889652271475 2.6699067303373782 -0.37399200477984396
0.5144262313842773 -1 0.5143155455589294 0.5144262313842773 -1 0.5143155455589294 0.5144262313842773
0.9990656777365244 0.011347752559208424 -0.016215629491855135 -0.03841944092379645 -4.028787724725792 2.6656863245821842 -0.3790421581534149
57.383365631103516 -1 376.3967590332031 89.17950439453125 -1 376.3967590332031 89.17950439453125
0.9990197625506803 0.011240562631431597 -0.016752197194834884 -0.0394021277859036 -3.9482876759746177 2.6650455769124166 -0.3828859879255394
12.745006561279297 -1 248.2769012451172 37.56336975097656 -1 248.2769012451172 37.56336975097656
0.9990188096101007 0.011801785875103145 -0.017094804022759213 -0.03911398178144204 -3.88052425240687 2.6530175653334505 -0.36757889800337784
0.5171732902526855 -1 0.517099142074585 0.5171732902526855 -1 0.517099142074585 0.5171732902526855
0.9990271885907235 0.012220192962480374 -0.01758257184147711 -0.038551219279215114 -3.8135537686415852 2.637117815466637 -0.3524761263408878
60.85490036010742 -1 1307.9136962890625 84.66950225830078 -1 581.123046875 116.54341888427734
0.9990805455576481 0.011836729345578736 -0.01692074735877783 -0.03757184631412479 -3.755997772070622 2.6187296930301933 -0.34643867569571646
29.399654388427734 -1 376.50030517578125 89.18449401855469 -1 376.50030517578125 89.18449401855469
0.9991066366876526 0.012580959618805098 -0.016727555844160805 -0.03671289769600648 -3.695585745932779 2.6252476811285175 -0.32884665722646206
20.21038818359375 -1 244.8011016845703 20.21038818359375 -1 248.27134704589844 37.69287109375
0.9992004979850581 0.015363462369669343 -0.01669610084490711 -0.03291761028696334 -3.6498129224089593 2.6166796129015557 -0.2836182103392608
0.5158556699752808 -1 0.515703558921814 0.5158556699752808 -1 0.515703558921814 0.5158556699752808
0.9991489471516974 0.013458835127803033 -0.017016539713747936 -0.03508102818943169 -3.5604477876675658 2.624604400726274 -0.3031241049708635
120.8886489868164 -1 734.432861328125 120.8886489868164 -1 367.6911926269531 127.5071029663086
0.999031647980673 0.011006837590777066 -0.01739078829904153 -0.03888671163275376 -3.471705376998834 2.6436774450507703 -0.32512431053626856
11.575742721557617 -1 389.6669616699219 46.41267395019531 -1 389.6669616699219 46.41267395019531
0.9990195146478855 0.010434491941534774 -0.01753608600823874 -0.03928888415489869 -3.424210158271832 2.657630745501749 -0.31699144637698434
0.5143327713012695 -1 0.5139750242233276 0.5143327713012695 -1 0.5139750242233276 0.5143327713012695
0.9990308539919172 0.009734364177998903 -0.017586633978586175 -0.039157441585654054 -3.3891821528990627 2.659213581714924 -0.29221244327287854
0.5195997953414917 -1 0.5193749070167542 0.5195997953414917 -1 0.5193749070167542 0.5195997953414917
0.9990316328346874 0.010540417658090518 -0.017660976002210203 -0.038894551262364234 -3.3432658745624244 2.641938812816763 -0.23740908212975967
63.59757995605469 -1 104.0766830444336 103.4689712524414 -1 104.0766830444336 103.4689712524414
0.9991524713692272 0.018011769208774054 -0.01822803015477837 -0.03221263794556493 -3.345183629563502 2.6063026848518915 -0.11466700258990732
120.71430206298828 -1 723.3689575195312 155.1255645751953 -1 932.9632568359375 163.8359832763672
0.9990793774135635 0.01891527802165898 -0.02045561815064165 -0.03262173463145146 -3.2811104617316573 2.6271269729593367 -0.08562414990314098
0.5147382020950317 -1 0.5146067142486572 0.5147382020950317 -1 0.5146067142486572 0.5147382020950317
0.9989863119104396 0.014936108718366765 -0.020604625510055402 -0.03713099351648727 -3.1735443660425204 2.666600804035067 -0.09571428632278646
19.475770950317383 -1 784.3052368164062 19.475770950317383 -1 376.420654296875 89.23191833496094
0.9990066055808808 0.00976742529924306 -0.018173433967524376 -0.03949842663471617 -3.0611081512647447 2.6634491258861313 -0.09866542596044438
77.17619323730469 -1 741.7542724609375 77.17619323730469 -1 1339.429443359375 93.07106018066406
0.9992530686983468 0.01403081400776322 -0.01594757051218525 -0.03228182073513333 -2.854485554749829 2.819221344882199 -0.7079450830746297
124.2237777709961 -1 961.2117919921875 124.2237777709961 -1 932.9282836914062 164.02914428710938
0.99919953066404 0.01176339367359478 -0.01572958271131214 -0.03484968748454343 -2.736181272193011 2.818915178010441 -0.7298723678573128
120.80480194091797 -1 961.24951171875 124.25279998779297 -1 252.37741088867188 148.01318359375
0.999188263684119 0.013102599155776311 -0.017428517555053792 -0.033873033332018784 -2.622922315155949 2.8168906161058374 -0.7148136049779954
141.6706085205078 -1 525.7147827148438 141.6706085205078 -1 837.6871948242188 178.08665466308594
0.9990528462525764 0.010075593461718773 -0.018867689731786267 -0.03789331201155626 -2.538233728418773 2.823058879984454 -0.7409927533022849
0.512603759765625 -1 0.5123451948165894 0.512603759765625 -1 0.5123451948165894 0.512603759765625
0.9991246058057323 0.009166754939973695 -0.018074649343533245 -0.03659644420594835 -2.480009939564176 2.8160361116145283 -0.7237800640239689
0.5120406150817871 -1 0.5116796493530273 0.5120406150817871 -1 0.5116796493530273 0.5120406150817871
0.999005134837192 0.010807415051177069 -0.019210411792823026 -0.03876725973790133 -2.4026132660382578 2.840489633291473 -0.680877316344905
72.41273498535156 -1 961.220947265625 124.31571960449219 -1 1000.193603515625 160.47491455078125
0.9990212482918531 0.010926012448068869 -0.019221742486894886 -0.03831047283889856 -2.3529963051734963 2.8521215992324636 -0.6689619585930104
39.36574172973633 -1 1004.4330444335938 39.36574172973633 -1 386.1204833984375 78.14344024658203
0.9990272487925013 0.010679922725332415 -0.019176456909134023 -0.03824603144221795 -2.3008141545253453 2.8562559457652608 -0.653578446336118
39.61232376098633 -1 1004.4915771484375 39.61232376098633 -1 64.32935333251953 58.605648040771484
0.9989912135252105 0.010579437929478148 -0.019515460741059667 -0.039035593816257805 -2.2620237914989345 2.8632871836417055 -0.6429149471242802
103.51258087158203 -1 104.11568450927734 103.51258087158203 -1 734.6517944335938 120.59293365478516
0.9989698597873155 0.010490523271712278 -0.01965219482272201 -0.03953428128405838 -2.228843372678581 2.8723368243261853 -0.6353653124236271
170.90625 -1 1142.960693359375 182.8456573486328 -1 610.86767578125 192.5361785888672
0.9989692591881393 0.01071353461270283 -0.019734535556192243 -0.03944854217311877 -2.1950695398861106 2.876167131499672 -0.6199146398165156
0.5129942893981934 -1 0.5127313137054443 0.5129942893981934 -1 0.5127313137054443 0.5129942893981934
0.998998839373201 0.01086327178065552 -0.019906809077911095 -0.03856199177366924 -2.153915788543947 2.867394547585118 -0.5884360857360722
103.54769897460938 -1 1203.344482421875 108.10482025146484 -1 1245.0091552734375 111.54576110839844
0.999032239621469 0.01087240938760414 -0.019619273836478518 -0.03783462706502426 -2.1038927597131494 2.8597470043215343 -0.5522297951077946
94.19852447509766 -1 77.11100769042969 94.19852447509766 -1 1076.6925048828125 123.97586059570312
0.999036106932619 0.011095165043566953 -0.019739056023749035 -0.03760484044460148 -2.0415671990394713 2.8641485172885988 -0.5119696725122489
0.513001024723053 -1 0.5127071738243103 0.513001024723053 -1 0.5127071738243103 0.513001024723053
0.9990299277684891 0.011216243340977905 -0.01972338934141357 -0.037741054848673884 -1.9849438749515833 2.8795458895686488 -0.4842130896814144
12.546875953674316 -1 244.72525024414062 20.123226165771484 -1 961.337890625 124.22372436523438
0.9990257931897917 0.01063256611684906 -0.020142302340812823 -0.03779815783461047 -1.9307887453235109 2.8862039387225633 -0.4800497984305551
63.760650634765625 -1 1505.830078125 63.760650634765625 -1 1062.11572265625 160.64776611328125
0.9990570377719377 0.010679520836648113 -0.019677476052927967 -0.03719919420158404 -1.8805270092324453 2.881679665457705 -0.4622115198415262
100.97183990478516 -1 1477.6673583984375 109.77057647705078 -1 961.2503662109375 124.24263763427734
0.9990381863093323 0.011032732027857683 -0.019725854813162153 -0.03757488219078607 -1.8195457085773052 2.8782349995214225 -0.43720713671779915
0.5224732160568237 -1 0.5222195386886597 0.5224732160568237 -1 0.5222195386886597 0.5224732160568237
0.9990281604965039 0.010525137342622507 -0.02006280732604058 -0.037807932779890745 -1.7594652727528872 2.871855208427284 -0.42126441383508734
0.5184241533279419 -1 0.5179657936096191 0.5184241533279419 -1 0.5179657936096191 0.5184241533279419
0.9990200195650867 0.010624225405687176 -0.020436191749288214 -0.037795349045740154 -1.6764803959525996 2.8716909793303595 -0.39777572814037104
37.61172866821289 -1 1582.1263427734375 57.239166259765625 -1 1582.1263427734375 57.239166259765625
0.9990244509717304 0.010978497304356266 -0.020481834567751267 -0.03755147680598101 -1.6107006156027661 2.880537320510961 -0.3819239237573981
12.544656753540039 -1 1582.0860595703125 57.28877258300781 -1 734.7842407226562 120.59902954101562
0.9990538380920155 0.01112666674618476 -0.020280782203298053 -0.03682819237967747 -1.5370992628165552 2.8861054581435597 -0.37680076122871214
27.236623764038086 -1 649.0916748046875 27.236623764038086 -1 734.5734252929688 120.50395202636719
0.9990276833088111 0.010495926178782944 -0.020613527015721216 -0.03753140045684207 -1.4555941638576018 2.8886514947255564 -0.3806594574616258
37.54158401489258 -1 248.20437622070312 37.54158401489258 -1 252.33187866210938 147.96177673339844
0.9990488888810746 0.01024607568667081 -0.02051921220756117 -0.03708500355796674 -1.3756497105631018 2.8879341978474757 -0.3844077498309298
57.13496017456055 -1 376.37835693359375 89.12995147705078 -1 734.4931640625 120.72393035888672
0.9989796214495559 0.01016528019720244 -0.02137008194931336 -0.038466902715114014 -1.296406532843595 2.8937813319427814 -0.3871059429831945
37.673057556152344 -1 792.9157104492188 145.86300659179688 -1 792.9157104492188 145.86300659179688
0.9990328211244399 0.010099378978257608 -0.021126146262761367 -0.03721707678580869 -1.2373263756771566 2.892682011369077 -0.38861450619301335
38.102012634277344 -1 1169.3251953125 58.9013557434082 -1 1169.3251953125 58.9013557434082
0.9989243110695983 0.009066702472096752 -0.022118836429003176 -0.039733773234339166 -1.1400137995358088 2.8949572126522694 -0.3924607874056055
27.26926612854004 -1 1004.2286376953125 39.50185012817383 -1 1582.1180419921875 57.197139739990234
0.9989245826609076 0.008956781666710552 -0.022050801566252998 -0.03978965152137425 -1.0657376757478398 2.889985159796392 -0.37616364652114237
27.24123764038086 -1 649.1114501953125 27.24123764038086 -1 673.9082641601562 31.78203010559082
0.9988909491985912 0.007767547682351517 -0.02149558211990818 -0.04116402265894684 -0.9963119769144999 2.8750759710834184 -0.36172357972054886
57.280250549316406 -1 1582.0447998046875 57.280250549316406 -1 101.79358673095703 90.67813873291016
0.9987372617998028 0.00806111015399144 -0.023061547162133936 -0.04389835347944342 -0.928236597893529 2.867612219165108 -0.33016187940763025
57.236026763916016 -1 1582.0194091796875 57.236026763916016 -1 741.6815795898438 76.93220520019531
0.9983874681267207 0.007905061072596 -0.024281176807508627 -0.05069909219894745 -0.8630299322995318 2.8605232672337966 -0.3047188302160196
0.5120742321014404 -1 0.5118386745452881 0.5120742321014404 -1 0.5118386745452881 0.5120742321014404
0.99811529563937 0.00887118763263579 -0.029882974028502415 -0.05285987612482226 -0.8270944421148217 2.8522671855295436 -0.30602403652199156
0.5149125456809998 -1 0.5144240856170654 0.5149125456809998 -1 0.5144240856170654 0.5149125456809998
0.9986428556506799 0.009608874864158956 -0.030069093867905038 -0.0414242196747691 -0.8849689310425025 2.8406702307344087 -0.32156979299895766
27.04437828063965 -1 1582.0958251953125 57.21913146972656 -1 1582.0958251953125 57.21913146972656
0.9988933889593822 0.007756676024153846 -0.03238310751289454 -0.033213940117144444 -0.9033870562345911 2.8232582507766923 -0.3736553671685581
0.5210963487625122 -1 0.5207023620605469 0.5210963487625122 -1 0.5207023620605469 0.5210963487625122
0.9988987810074781 0.010837819064230907 -0.03084415757954846 -0.03365122468667778 -0.8688335650406025 2.8486780605718462 -0.35147933682098303
20.220975875854492 -1 244.77188110351562 20.220975875854492 -1 1058.81103515625 49.256858825683594
0.9989084211895752 0.011100294074696256 -0.026103227765040145 -0.03711294987268005 -0.7934322092077969 2.863463964294998 -0.35022113195257726
0.5169304609298706 -1 0.5166819095611572 0.5169304609298706 -1 0.5166819095611572 0.5169304609298706
0.9989252870021252 0.010141448533997585 -0.023082069420794854 -0.03889267386806661 -0.6845995212772024 2.8590337414794686 -0.3336665808466047
0.5167388319969177 -1 0.5167284607887268 0.5167388319969177 -1 0.5167284607887268 0.5167388319969177
0.9990185948102351 0.010071829366421281 -0.022350985311006048 -0.036889550447577885 -0.5961926054663901 2.851186657397372 -0.3165055909879821
0.5174281597137451 -1 0.5170618295669556 0.5174281597137451 -1 0.5170618295669556 0.5174281597137451
0.9990693549367302 0.01041519158052488 -0.022160262594125017 -0.03550873938069923 -0.533110440833194 2.842896291946474 -0.3197200032069123
37.545379638671875 -1 1553.69384765625 102.73037719726562 -1 483.6673583984375 143.9965362548828
0.9990858432752867 0.010600059545926774 -0.022136059805776844 -0.03500159083252314 -0.4563951649034043 2.824412190041841 -0.3171555608876463
38.55809783935547 -1 376.39703369140625 89.23077392578125 -1 338.761474609375 115.86439514160156
0.9991528100170856 0.012202502712144243 -0.021225759187373728 -0.03307912195692928 -0.35488044837443483 2.780320813752403 -0.2940417904771516
0.5160806179046631 -1 0.5157150030136108 0.5160806179046631 -1 0.5157150030136108 0.5160806179046631
0.9990709722723609 0.010926619978792608 -0.022397599359289415 -0.03515890899245188 -0.26525680929823087 2.744664439327302 -0.32920037853019685
49.173126220703125 -1 1058.7408447265625 49.173126220703125 -1 1288.93505859375 92.10311126708984
0.9991154006663711 0.01095176323855758 -0.021892785596981504 -0.03419328840647236 -0.20879442611319643 2.733751818877946 -0.3394832395687718
0.5152795910835266 -1 0.5149763822555542 0.5152795910835266 -1 0.5149763822555542 0.5152795910835266
0.9990714287399209 0.010638635304324713 -0.022927088976455526 -0.034891951872892596 -0.1370187078626692 2.726645225862288 -0.3355397408094749
0.5110049247741699 -1 0.5107084512710571 0.5110049247741699 -1 0.5107084512710571 0.5110049247741699
0.9990997231091789 0.010691502097554893 -0.02277179650511991 -0.03415963041353916 -0.044540408273741484 2.7191147334165673 -0.3203169407485208
72.63337707519531 -1 734.6956176757812 120.60820007324219 -1 961.2483520507812 124.18443298339844
0.999030731486557 0.010209153227727493 -0.023269529731838823 -0.03594300657800776 0.054877901526680324 2.706931785576712 -0.30515832965494555
0.512545108795166 -1 0.5122971534729004 0.512545108795166 -1 0.5122971534729004 0.512545108795166
0.9989668262731947 0.010291242653491317 -0.023864797081366063 -0.03728058195057179 0.14268550775900973 2.698380915486642 -0.2960048806838808
6.708504676818848 -1 1128.936279296875 6.708504676818848 -1 102.03654479980469 66.061279296875
0.9989335437700392 0.010744264597106087 -0.024279019098785524 -0.03777386849264378 0.21207313148581838 2.6973540056447223 -0.2910239371673066
11.095501899719238 -1 248.23178100585938 37.49795150756836 -1 734.590576171875 120.5644760131836
0.9989597783212564 0.010353463389788068 -0.02403215296645181 -0.03734464775546309 0.2750016084259147 2.6949529170527593 -0.2854781943236526
19.701580047607422 -1 784.2460327148438 19.701580047607422 -1 1019.5918579101562 93.3678970336914
0.9990978724822083 0.010353516890353376 -0.023114136891856492 -0.03408786536688562 0.32126200368558366 2.706646792378585 -0.28171611544472513
0.5166011452674866 -1 0.5162222385406494 0.5166011452674866 -1 0.5162222385406494 0.5166011452674866
0.9991787530154937 0.013073754490118718 -0.0218440609331723 -0.03152353831477692 0.34119048134437246 2.7323891780765375 -0.22757343086938822
0.5202203989028931 -1 0.5203986167907715 0.5202203989028931 -1 0.5203986167907715 0.5202203989028931
0.9990658596591798 0.010760772106999448 -0.02369862225568381 -0.0344962193625285 0.4003564795980435 2.733451611822764 -0.2218745351147081
11.632429122924805 -1 428.8527526855469 11.632429122924805 -1 1028.4046630859375 23.441375732421875
0.9989558354017821 0.010531885161985376 -0.025104487701812075 -0.03668900392341132 0.45588160136682376 2.7362496650234327 -0.18602522123964593
14.86914348602295 -1 784.1060180664062 19.908231735229492 -1 784.1060180664062 19.908231735229492
0.9990569843255461 0.010814545129485527 -0.02421774910632215 -0.03437569362516365 0.5130436178835289 2.741275177632253 -0.1725280724122861
26.96521759033203 -1 248.1566619873047 37.672550201416016 -1 1004.2415161132812 39.38396072387695
0.9991810742545592 0.011922397553521232 -0.022691535994452946 -0.031307051638464756 0.5841656788646225 2.7606351049954525 -0.19867816818099612
12.752495765686035 -1 1557.6416015625 12.752495765686035 -1 1460.8436279296875 37.55455780029297
0.9991400436578604 0.010990627143199648 -0.022978989037519795 -0.03271613267459525 0.6903079029459668 2.756860987687288 -0.23585620143013844
31.7807559967041 -1 1004.2481079101562 39.586612701416016 -1 1058.693115234375 49.072837829589844
0.9990496813215232 0.010287856912872529 -0.02443631616198818 -0.03459422934442428 0.7932474596990394 2.7456875801450407 -0.24346114217613213
11.073193550109863 -1 599.4718627929688 12.015181541442871 -1 599.4718627929688 12.015181541442871
0.9989975362697979 0.009600146454174197 -0.024942675337365782 -0.035911316627868145 0.8691967914497741 2.717163884331577 -0.2567217212733715
14.78437328338623 -1 434.01904296875 14.78437328338623 -1 649.3726196289062 26.98360824584961
0.9987563137085073 0.006100899840074592 -0.02623410122388519 -0.04195684427492329 0.9548625410480285 2.69801000046199 -0.28823250326121713
8.463866233825684 -1 1203.3604736328125 108.04983520507812 -1 1503.065673828125 141.80087280273438
0.9985341697346968 0.003994419603027091 -0.025228693579231118 -0.047718649441911294 1.0370786948818413 2.6665919107560545 -0.30597940756420233
37.58858871459961 -1 248.15237426757812 37.58858871459961 -1 386.20806884765625 77.89432525634766
0.9985804290243567 0.0047506452170803974 -0.0273497700510929 -0.045459302873069665 1.0958391338015652 2.6504443008585135 -0.29161632303967283
27.039642333984375 -1 649.151123046875 27.039642333984375 -1 1288.7510986328125 91.98564147949219
0.9984822714573327 0.005269207003640195 -0.0287281395597536 -0.0466913593761572 1.1629359387405183 2.616739915539391 -0.26999496762835035
2.9347753524780273 -1 784.1730346679688 19.67533302307129 -1 649.156494140625 27.11565589904785
0.9986317406680643 0.00570553976816273 -0.029436772486571935 -0.04284354994395241 1.2051138647992905 2.5977842526333155 -0.2533948970289419
11.160661697387695 -1 784.1487426757812 19.72028350830078 -1 1203.442138671875 108.08566284179688
0.9986930790113373 0.006890853212794313 -0.02902457111767663 -0.041499690942096816 1.266052226154075 2.5834131101447966 -0.23700575890300205
11.119162559509277 -1 481.5435791015625 13.530117988586426 -1 481.5435791015625 13.530117988586426
0.9986610505933344 0.008394027952997764 -0.028976728698676738 -0.042023749433686225 1.3391281437273368 2.572861741365003 -0.2282798803865108
0.5179680585861206 -1 0.517874538898468 0.5179680585861206 -1 0.517874538898468 0.5179680585861206
0.9986628829313132 0.008511832015801036 -0.029330507419082844 -0.041709906564173074 1.403297712048353 2.5646708699955956 -0.22554251678012124
93.17710876464844 -1 1513.66650390625 140.3289031982422 -1 917.9581909179688 157.03924560546875
0.9986056904932208 0.009104229767999069 -0.030597543521793384 -0.04204257657804817 1.4767608651275599 2.552812987773528 -0.22184850183215452
63.64104461669922 -1 1505.894287109375 63.64104461669922 -1 741.8262939453125 77.26248168945312
0.9985900931525576 0.009613714713292395 -0.031083144755250054 -0.04194330052704346 1.54963511798836 2.5410919405919343 -0.21942892350610096
26.83272361755371 -1 248.05177307128906 37.71034622192383 -1 248.05177307128906 37.71034622192383
0.9984715533098981 0.011199891745085835 -0.03217175096235967 -0.04352123729667631 1.6330416207796559 2.519841999007603 -0.19483816676345844
19.69905662536621 -1 784.2286987304688 19.69905662536621 -1 1505.86181640625 63.68158721923828
0.9984610928902128 0.013056272601295063 -0.030584677910643662 -0.04437969363734907 1.693682608780317 2.5073639345921204 -0.17937067223486125
108.13541412353516 -1 1203.391845703125 108.13541412353516 -1 1076.9521484375 123.90589141845703
0.9984324868939504 0.014845117261703336 -0.029231551449384694 -0.0453619665370673 1.750335708254048 2.5057985951119246 -0.17104170919430617
19.70098114013672 -1 376.36248779296875 89.21765899658203 -1 376.36248779296875 89.21765899658203
0.9984302914016568 0.014010214834940525 -0.02909614366173798 -0.04576113543059422 1.8063612254901025 2.5099377384178054 -0.16570067665165433
14.625306129455566 -1 248.2056884765625 37.67448425292969 -1 248.2056884765625 37.67448425292969
0.9984268305856552 0.013437207066576182 -0.029255140936062282 -0.045906885777022746 1.8659295087015133 2.524928906565118 -0.1684067794432389
11.684080123901367 -1 428.8327331542969 11.684080123901367 -1 961.221435546875 124.1600570678711
0.9984166337016349 0.011758985078568896 -0.029702260072184784 -0.046300405661525205 1.9225712457094248 2.528167414922644 -0.1758362330114195
34.44650650024414 -1 489.4410095214844 34.44650650024414 -1 1582.070556640625 57.26569366455078
0.9984809136884432 0.0116331377565453 -0.030403362381893846 -0.04445414110860969 1.9643761182743864 2.5393912249456654 -0.19617728690723246
11.116232872009277 -1 583.0599975585938 27.086977005004883 -1 583.0599975585938 27.086977005004883
0.9985498446774194 0.011332858231699466 -0.030612119980069775 -0.04280972003327925 2.0102931596555362 2.536205143667726 -0.19302803862031193
72.19381713867188 -1 376.4035339355469 89.18867492675781 -1 376.4035339355469 89.18867492675781
0.9985921361181567 0.015039125151913465 -0.027994571078094978 -0.0424720424255245 2.0666236206095516 2.539818395791561 -0.1463395494122543
0.5177329778671265 -1 0.5175564885139465 0.5177329778671265 -1 0.5175564885139465 0.5177329778671265
0.998650015170387 0.015667981926128813 -0.029178939235940695 -0.0400156350394905 2.1286601696632252 2.5404524406404154 -0.1330298851142204
19.802072525024414 -1 784.2706298828125 19.802072525024414 -1 79.22138977050781 20.991775512695312
0.9985897366177264 0.01577369636892758 -0.030506507734572842 -0.040485570397874884 2.197212323969131 2.5430395622128765 -0.11018505373922607
37.631343841552734 -1 1169.05517578125 58.770198822021484 -1 1169.05517578125 58.770198822021484
0.9983825999553597 0.017986368200698762 -0.03195056731477033 -0.04344923375146512 2.278061111779695 2.5492356548691597 -0.04637214111490648
57.363075256347656 -1 741.7145385742188 77.21018981933594 -1 741.7145385742188 77.21018981933594
0.998336285124181 0.01996074231125181 -0.030652352752604868 -0.04457200737641987 2.3876288355792576 2.568249705448268 -0.05095339311217941
4.748472690582275 -1 248.26966857910156 37.609619140625 -1 248.26966857910156 37.609619140625
0.9984545048275666 0.01744346586316371 -0.03105051670415214 -0.042663716441781206 2.472612993727697 2.584833648356592 -0.03326255143020835
39.59421157836914 -1 1019.8242797851562 92.77892303466797 -1 196.4486083984375 122.91905212402344
0.9983650136141539 0.01608908630386584 -0.029634125466240176 -0.0461547343288666 2.5526162788521627 2.57418318747691 -0.03446535619902553
11.58549976348877 -1 1505.9437255859375 63.5943489074707 -1 1505.9437255859375 63.5943489074707
0.9984450709536841 0.016206285887877172 -0.029094103476708717 -0.04470268145088964 2.58857528341704 2.584707213478971 -0.035977978720369556
84.59465789794922 -1 1244.9468994140625 111.39358520507812 -1 1175.53125 140.8773193359375
0.9987517794130021 0.015914776990838285 -0.031423118551919205 -0.03541455369147113 2.5771161779875 2.6336700440373266 0.0004428278311497638
8.480938911437988 -1 1149.9556884765625 10.964113235473633 -1 649.1958618164062 26.91044044494629
0.999034415775276 0.012859607719913973 -0.032646000291398684 -0.026440598533640235 2.554142695078887 2.696501704222563 -0.05078659507441349
12.709633827209473 -1 481.504150390625 13.467452049255371 -1 376.3441467285156 89.11721801757812
0.9991246843310218 0.008832404784530375 -0.03281070486258212 -0.02439900474566326 2.5814895676670084 2.738135130471014 -0.10881950268706368
14.94228458404541 -1 434.11309814453125 14.94228458404541 -1 741.630615234375 76.92147064208984
0.9992145822517873 0.009199467980322654 -0.02712409804733578 -0.027383785519605568 2.6455888828186476 2.771437131798117 -0.12889739642155498
11.13036060333252 -1 434.1214904785156 14.633930206298828 -1 1028.192626953125 23.297710418701172
0.9989852326409495 0.0096176453420153 -0.027535384788366236 -0.03431921397613806 2.7664191519064314 2.7645772936480175 -0.1028102460941202
13.343899726867676 -1 248.15682983398438 37.65810775756836 -1 1058.9259033203125 49.39815139770508
0.9986466434938822 0.003421627498933166 -0.02883962477162477 -0.04314452394793181 2.894941649176471 2.699672930025567 -0.14593128415500087
14.846113204956055 -1 79.00345611572266 20.818466186523438 -1 1203.322998046875 107.9445571899414
0.998544089836348 0.001767007187199491 -0.02850318580628574 -0.0457618480548179 2.99500969435059 2.6695603354498183 -0.14442255196479062
11.093913078308105 -1 434.1073913574219 14.830082893371582 -1 961.1569213867188 124.06480407714844
0.998224861194002 0.004503869263340456 -0.027851933534674415 -0.05245103863847054 3.075545422566592 2.612408255623639 -0.1259092262046997
23.469379425048828 -1 1028.3831787109375 23.469379425048828 -1 961.455810546875 124.41166687011719
0.9982407083636734 0.004653092956468083 -0.03134706548069157 -0.05011185864922008 3.1211158746047443 2.596901552450051 -0.06583190691405388
34.27477264404297 -1 489.3804016113281 34.27477264404297 -1 961.2297973632812 124.07890319824219
0.9981301709390789 0.006346863619369259 -0.03716161591554822 -0.048113339999085444 3.2022814807019593 2.572781712864802 0.014407062636076383
19.82830238342285 -1 784.258056640625 19.82830238342285 -1 1004.3770141601562 39.5305290222168
0.9982200349503431 0.00948131280311138 -0.037776054636169065 -0.04516454613289823 3.271076265407069 2.561024765758501 0.04589134030047537
11.196892738342285 -1 784.3010864257812 19.78664779663086 -1 784.3010864257812 19.78664779663086
0.998089415275946 0.010671738288818027 -0.03415750962618456 -0.05036762503982464 3.3831548255135675 2.479803258395951 0.008949206598103252
8.372045516967773 -1 764.3812255859375 15.650961875915527 -1 649.2926635742188 26.767303466796875
0.9980770315672204 0.014153202776115021 -0.031152805701174693 -0.05168586466422829 3.4870099080117707 2.455639541283969 0.021963581219047845
4.6324782371521 -1 784.218994140625 19.714176177978516 -1 734.5073852539062 120.63442993164062
0.9978126671100289 0.008165085067987372 -0.03251675844266502 -0.05697256498512699 3.632558907983166 2.3757588469857653 0.007584225304182091
5.023104667663574 -1 649.2218017578125 26.850936889648438 -1 649.2218017578125 26.850936889648438
0.9979951475833693 0.009394462607041021 -0.030579637345651625 -0.05461057820773004 3.713962789089496 2.3906265579116317 -0.04120236390946739
12.577875137329102 -1 1058.8468017578125 49.33122253417969 -1 1058.8468017578125 49.33122253417969
0.9981275964935886 0.009838327098669178 -0.02889297713834765 -0.05300664401671533 3.7766380942775735 2.3970202874062654 -0.11590619585448064
19.789274215698242 -1 784.2349243164062 19.789274215698242 -1 523.927490234375 27.994583129882812
0.9981492053532379 0.009797120776819924 -0.029524464302732215 -0.052254055199772095 3.8574769487277725 2.3884208010910855 -0.09255261517154321
63.697242736816406 -1 490.1617431640625 97.46987915039062 -1 490.1617431640625 97.46987915039062
0.9984322946978943 0.011759238823152378 -0.029159112906944007 -0.04630787558372022 3.9154540147689425 2.4266992344327494 -0.11677599472509424
103.48743438720703 -1 734.5322875976562 120.7028579711914 -1 220.11366271972656 141.7247314453125
0.998526931235953 0.013579918047893533 -0.028322578713627863 -0.04424234348826065 3.9672335251775137 2.4458511190731875 -0.11574846057750585
120.67484283447266 -1 961.2849731445312 124.49697875976562 -1 961.2849731445312 124.49697875976562
0.998560952696919 0.013715844295981702 -0.029917737736329747 -0.04234180361073436 4.0233066365603 2.465807294965906 -0.08221067377635456
123.96927642822266 -1 1239.9532470703125 134.79290771484375 -1 787.2211303710938 184.16700744628906
0.9986835969748243 0.01305079695335052 -0.03084690927885608 -0.03884865532101741 4.069767702818834 2.5084186197833285 -0.12167707049216504
45.254459381103516 -1 741.9647827148438 76.90740203857422 -1 734.5635375976562 120.86206817626953
0.998798941620466 0.009873366164383876 -0.03144784594531969 -0.03625222536370259 4.1304323669341105 2.5460656060128293 -0.11858481027928175
12.61413860321045 -1 1557.802978515625 12.61413860321045 -1 489.2398681640625 34.62044143676758
0.9988995165121676 0.009211651701302009 -0.029962926724351063 -0.03488731011131434 4.1818201281402 2.5777403932529395 -0.14552068660085477
78.08511352539062 -1 734.3794555664062 120.92169189453125 -1 961.18310546875 124.17474365234375
0.9989467119095021 0.009762082403497843 -0.029838676243721492 -0.03346374026261656 4.234358301964867 2.604304117980845 -0.14602022543117818
77.15437316894531 -1 741.593505859375 77.15437316894531 -1 1289.148681640625 92.3299560546875
0.9990325234553857 0.009626311432553582 -0.029718332478966967 -0.030954352218021227 4.27598609302576 2.636949817258873 -0.15205281443867735
11.19719123840332 -1 428.7742919921875 11.685248374938965 -1 1557.7125244140625 12.626335144042969
0.9990547256870125 0.010450130432225643 -0.029901574686152534 -0.02977155836845576 4.3253126261529315 2.6657311815710707 -0.13771981015400764
27.183687210083008 -1 386.2475280761719 78.04715728759766 -1 1076.9573974609375 124.00785827636719
0.9990732804501471 0.011351369005527146 -0.029873982532933767 -0.028831785929844266 4.38353098181315 2.6994159296409115 -0.11894092591172202
11.623255729675293 -1 1058.818115234375 49.30294418334961 -1 1175.47607421875 140.872802734375
0.9991511373296529 0.009867171013147661 -0.02716356430587299 -0.02935616601770644 4.4447402950885015 2.706270121397956 -0.16108396497532565
4.608202934265137 -1 428.82769775390625 11.655616760253906 -1 465.797119140625 29.46201515197754
0.9991105480243144 0.010098570455038385 -0.02595444310396076 -0.03166225804458766 4.5087158532963665 2.6880795136937534 -0.16607071596423498
23.34611701965332 -1 1028.380126953125 23.34611701965332 -1 649.24755859375 27.03376579284668
0.9992696404714926 0.010027289950889149 -0.024621653276173543 -0.02744837478180807 4.4977911845263945 2.6976953734131794 -0.18824235652481605
6.793692111968994 -1 649.4168090820312 27.22515869140625 -1 248.3225860595703 37.58927917480469
0.9994217976531309 0.011224010896535503 -0.021963423804086273 -0.023402990620451272 4.479678157782461 2.6873620531733184 -0.22088602976918556
0.5244025588035583 -1 0.5242364406585693 0.5244025588035583 -1 0.5242364406585693 0.5244025588035583
0.9996201096548794 0.009374232900355604 -0.018995843474097836 -0.01763286879111007 4.43477858337695 2.684679595957644 -0.22991882995546875
39.46406555175781 -1 1581.9581298828125 57.28166198730469 -1 1581.9581298828125 57.28166198730469
0.9996342604430054 0.010189767393696841 -0.01896654476566967 -0.016364112217899247 4.385602981507171 2.664548519968168 -0.22142483078780728
64.27722930908203 -1 16.858957290649414 86.10757446289062 -1 1203.2681884765625 108.02005767822266
0.9996422743887363 0.008966373196802928 -0.022053918641087283 -0.012188194254380048 4.3165882548159775 2.66711108068564 -0.18846888916804447
0.5253232717514038 -1 0.5251610279083252 0.5253232717514038 -1 0.5251610279083252 0.5253232717514038
0.9995834348741556 0.009174587499562174 -0.025335221601030567 -0.010339739640065867 4.248447675653772 2.6624361539086676 -0.16410381665355786
76.91773986816406 -1 1019.7338256835938 93.21694946289062 -1 734.7606201171875 120.46949005126953
0.9995818783145931 0.008884450794417763 -0.026925523850404382 -0.005670206745165602 4.1542900960170295 2.6779793235786213 -0.18592550267531696
64.24356842041016 -1 210.52247619628906 64.24356842041016 -1 338.76702880859375 115.91081237792969
0.999566855622814 0.007853064044446897 -0.028105595509462525 -0.00380867778800867 4.088423021851564 2.6690233191188635 -0.19599693916507888
12.618332862854004 -1 1181.2960205078125 37.72026824951172 -1 961.2902221679688 124.44966125488281
0.9996470804706215 0.00463998159102198 -0.026144252306580313 -0.0008143394425138332 4.024726789640968 2.675753341853318 -0.20476601182521625
11.066731452941895 -1 489.4079284667969 34.5062255859375 -1 1004.3153076171875 39.51601028442383
0.9997246819241352 0.0025608927293874714 -0.023297497501676378 0.0011085081300903881 3.9724776086621443 2.6673265198366893 -0.24515310816062608
12.97567081451416 -1 456.8887023925781 12.97567081451416 -1 434.0677185058594 14.829463005065918
0.9997979467729122 0.0015680191167516831 -0.020039464772257893 -0.00016369593738811204 3.9344244903917227 2.640660031497979 -0.27833018111448554
77.97188568115234 -1 734.4356689453125 120.78376007080078 -1 723.78857421875 144.61825561523438
0.9998583585291841 0.002201179135630334 -0.016132470962790846 -0.004261580736435967 3.9054252364761517 2.5971502040643393 -0.2805259578379267
89.10859680175781 -1 452.1821594238281 102.8202133178711 -1 196.46531677246094 122.93791198730469
0.999863977174268 0.003560662637273061 -0.01517935267566656 -0.005379227006392268 3.861517101148426 2.579134267072851 -0.279053618272478
12.664938926696777 -1 1557.7518310546875 12.664938926696777 -1 784.2841796875 19.522930145263672
0.9998676985190892 0.0033979690664600157 -0.014795179301129007 -0.005843109943392495 3.80802976827625 2.557610814761367 -0.2416719968568296
0.5152438879013062 -1 0.514975905418396 0.5152438879013062 -1 0.514975905418396 0.5152438879013062
0.9998586507756456 0.003538073161620238 -0.015036522106704867 -0.006638035126699111 3.76481186072665 2.529620224877141 -0.24006007478782052
19.725582122802734 -1 583.0067138671875 27.32590675354004 -1 583.0067138671875 27.32590675354004
0.9998767668872337 0.0025881925583772685 -0.013602497896883314 -0.007397590782037298 3.725905193684479 2.4992805693734623 -0.26262906925134233
8.520352363586426 -1 741.9299926757812 76.73779296875 -1 741.9299926757812 76.73779296875
0.999860803481166 0.003918438166429551 -0.011669012033892158 -0.011262933120903307 3.6969545595314774 2.448142473959403 -0.2872505103529764
6.187079429626465 -1 1557.8717041015625 12.624845504760742 -1 1557.8717041015625 12.624845504760742
0.9998424308830631 0.002590928004806555 -0.011044104253729349 -0.013653873412107444 3.6558932118801106 2.387381919236853 -0.25084623590501276
15.80091667175293 -1 1058.7694091796875 49.278629302978516 -1 1058.7694091796875 49.278629302978516
0.9997749416512935 0.004914848991199411 -0.010728362858570754 -0.017629876231021132 3.618903108833023 2.3239691299480207 -0.2510160055452341
115.79582977294922 -1 338.65887451171875 115.79582977294922 -1 627.8480834960938 116.99799346923828
0.99977045374324 0.00310636643124584 -0.010082138279701244 -0.018647809451508863 3.5771525101629202 2.2804882645367486 -0.2518686184505074
0.5171411037445068 -1 0.5167303681373596 0.5171411037445068 -1 0.5167303681373596 0.5171411037445068
0.9997636971517897 0.0015766973453500708 -0.010243517603865434 -0.019108485810368777 3.529062780798511 2.2477865774731693 -0.2408388019637523
0.5178062915802002 -1 0.5174661874771118 0.5178062915802002 -1 0.5174661874771118 0.5178062915802002
0.9997462794615113 -9.06309433947066e-05 -0.012721280765643562 -0.01858863912662132 3.478565799173831 2.221341418351201 -0.21245722151202817
57.21393966674805 -1 1581.978515625 57.21393966674805 -1 734.56982421875 120.67398834228516
0.9997777354217924 -0.0001240217715628002 -0.013996920158817325 -0.015765487608705196 3.4188604883633062 2.2173488546417377 -0.20262297163622914
0.5223469138145447 -1 0.5220811367034912 0.5223469138145447 -1 0.5220811367034912 0.5223469138145447
0.9998134122747206 -0.0029778622108296306 -0.013858427628446156 -0.013123145808072393 3.353394431384966 2.2078181499650644 -0.1925240086276196
11.120677947998047 -1 1149.805908203125 11.120677947998047 -1 1557.6390380859375 12.680066108703613
0.999863133818084 -0.0028553060492128276 -0.012307938744522802 -0.010680613404977187 3.2781756584460893 2.1922408153344253 -0.15215016478533297
0.5228272080421448 -1 0.5224887132644653 0.5228272080421448 -1 0.5224887132644653 0.5228272080421448
0.9998542950894486 -0.003424513244804016 -0.012340434552918554 -0.01128605224440548 3.2187349969124925 2.1541534022136837 -0.0681161248907493
19.73532485961914 -1 649.251220703125 27.077829360961914 -1 465.7936096191406 29.314712524414062
0.9998667819447631 -0.0007641224695245839 -0.010484124617136137 -0.012486697373107722 3.154908956363877 2.130213298779528 -0.07754783428306744
27.285789489746094 -1 649.1572875976562 27.285789489746094 -1 248.22659301757812 37.6815299987793
0.9998519573300515 -0.0004923689262106789 -0.010575466283930007 -0.013563941498797687 3.0881802655454527 2.1012247853576773 -0.04894166466259174
4.88382625579834 -1 248.2004852294922 37.55721664428711 -1 248.2004852294922 37.55721664428711
0.9998354280126994 -0.0007400390961925721 -0.010658614341284291 -0.014661622458717487 3.007259431505918 2.0684488784586286 0.024379642123545632
0.5221022367477417 -1 0.5217587947845459 0.5221022367477417 -1 0.5217587947845459 0.5221022367477417
0.9998320346558313 -0.0004786860955125668 -0.010825074306984659 -0.014781444511640963 2.945940671639215 2.037520244130307 0.059793416472335166
12.663660049438477 -1 434.20843505859375 14.726112365722656 -1 434.20843505859375 14.726112365722656
0.9998433966626542 0.00042922560877733826 -0.007801405596314845 -0.015878790450941 2.8856741024747232 1.9913159323952645 -0.00174533933711153
0.5218238234519958 -1 0.521489143371582 0.5218238234519958 -1 0.521489143371582 0.5218238234519958
0.9998045144165152 0.0015397880192391158 -0.0053001106781913315 -0.018986069419736806 2.8395450842231624 1.9264279105320754 0.048633649525271105
11.12536907196045 -1 248.23883056640625 37.7364387512207 -1 248.23883056640625 37.7364387512207
0.9998330175850844 0.0010478518296747345 -0.00204781584157415 -0.01812857974377805 2.7753705214800086 1.867630409344739 0.02115747579280718
20.059162139892578 -1 244.71185302734375 20.059162139892578 -1 649.1165771484375 27.103696823120117
0.9998324771979534 0.0020165799027699483 -0.0005863116603434204 -0.0181826066430746 2.7072639640567417 1.8016793616059619 0.033185218155898345
8.306178092956543 -1 1394.648681640625 8.306178092956543 -1 1557.781494140625 12.576286315917969
0.9998541882227553 0.0036267844519184923 0.0012448957529954427 -0.01664028132330357 2.6240960709706 1.7258648145504507 0.06924417969494702
0.5366488099098206 -1 0.5366409420967102 0.5366488099098206 -1 0.5366409420967102 0.5366488099098206
0.9998481273981951 0.007406177335030456 0.0010311015371660796 -0.015741902846382543 2.555002589752509 1.6668561835515445 0.012746265669007726
0.5404619574546814 -1 0.5400861501693726 0.5404619574546814 -1 0.5400861501693726 0.5404619574546814
0.999808790117627 0.009348527364452928 0.002346448139065494 -0.017014182929947167 2.484963424681701 1.5925307618833269 0.03084496893225463
19.81681251525879 -1 633.7647094726562 24.729917526245117 -1 489.37518310546875 34.70808410644531
0.9997264197414478 0.012074616110255058 0.0045920472531692435 -0.01949877993006437 2.4238100100361772 1.516850700171548 0.028270304574102494
0.5381544232368469 -1 0.5381313562393188 0.5381544232368469 -1 0.5381313562393188 0.5381544232368469
0.9996411264104653 0.014631049404537574 0.004822094639774948 -0.02191570636377635 2.379079740770582 1.4605992863245367 0.05008569534728171
0.5371029376983643 -1 0.537123441696167 0.5371029376983643 -1 0.537123441696167 0.5371029376983643
0.9997165116723705 0.011621667607391733 0.001200721083758604 -0.020745876711515385 2.3156488181696244 1.407427863921726 0.21005924989614563
26.924449920654297 -1 649.2437744140625 26.924449920654297 -1 144.76756286621094 46.504756927490234
0.9997746213923696 0.012936179558292642 0.0022428620614584087 -0.016683262509260055 2.2197309743817772 1.4003212562186091 0.08961047183920187
12.630181312561035 -1 1555.9278564453125 16.919519424438477 -1 784.254150390625 19.73505210876465
0.9998465643438694 0.013299213134260668 0.0028638280638692286 -0.011035270209228254 2.142412746170182 1.4054337442128475 0.051293311297517824
4.700584888458252 -1 1557.787109375 12.598576545715332 -1 649.230712890625 26.831323623657227
0.9999049569958356 0.012625194534303549 0.001690810474575499 -0.005274713079044454 2.085074120441751 1.412260824875988 -0.01075917638819894
0.5390748381614685 -1 0.5388530492782593 0.5390748381614685 -1 0.5388530492782593 0.5390748381614685
0.9999161017659015 0.010992232975841834 -0.00021713065643523817 -0.0068493136711730235 2.045951700772767 1.37775034272805 -0.018469565044126154
17.008304595947266 -1 784.1865844726562 19.764429092407227 -1 784.1865844726562 19.764429092407227
0.999851980411835 0.01212461048884635 -0.002367614199513589 -0.011975203130950258 2.00591267223868 1.3126036210248588 0.05161591549240069
0.5414867997169495 -1 0.5411169528961182 0.5414867997169495 -1 0.5411169528961182 0.5414867997169495
0.9997362324792948 0.015298921379499638 -0.005428396710381048 -0.016246260550786856 1.95627032252669 1.2510849682585403 0.06561644035858843
0.5656932592391968 -1 0.5656211972236633 0.5656932592391968 -1 0.5656211972236633 0.5656932592391968
0.9996515643283331 0.01457996587448808 -0.009295983719370472 -0.019943901767320273 1.89261255453671 1.1924920055208628 0.09769336902677787
0.5578827857971191 -1 0.5579624176025391 0.5578827857971191 -1 0.5579624176025391 0.5578827857971191
0.999580908446199 0.013819181311911162 -0.012938459837512115 -0.021900546905804653 1.8261028349439565 1.1553968020885113 0.1239425889863271
8.373468399047852 -1 784.4895629882812 19.424394607543945 -1 1582.0821533203125 57.22856140136719
0.9995772241399379 0.012095948790610832 -0.015157749893125464 -0.021663416667939774 1.7543816225669127 1.1284150265076336 0.15289470637499136
11.119140625 -1 428.8639831542969 11.546957015991211 -1 1058.6202392578125 49.01298904418945
0.9995636887450191 0.01159605447069324 -0.017162387805448414 -0.021057447803065975 1.6738632520973278 1.1058547792712257 0.1587702725079789
2.9182143211364746 -1 1394.6195068359375 8.412657737731934 -1 1394.6195068359375 8.412657737731934
0.9995319632285147 0.009521518952275237 -0.01791835917805871 -0.022893832482985224 1.5923790660788004 1.0806214087507258 0.14943343551211774
4.65615177154541 -1 784.341796875 19.542200088500977 -1 248.27932739257812 37.67252731323242
0.9995758608806745 0.007133410994333762 -0.0185299311417113 -0.021303859841066773 1.488336529640665 1.0646236230408612 0.1412633868785189
0.5868748426437378 -1 0.5868071913719177 0.5868748426437378 -1 0.5868071913719177 0.5868748426437378
0.9996107967482617 0.005664121590207492 -0.019173938885434474 -0.019455919884046068 1.3896017045494469 1.0440246020211446 0.14094754865134734
3.627220869064331 -1 384.7693176269531 3.627220869064331 -1 248.12835693359375 37.59363555908203
0.9996309580087457 0.005758029454316248 -0.01990181074735024 -0.017570168362806556 1.2919340557545405 1.0185039492565293 0.15066908745985683
19.884498596191406 -1 389.7657775878906 46.224788665771484 -1 1073.8367919921875 72.16614532470703
0.9996669763115219 0.007740072463624411 -0.020060344797868546 -0.014269208703621711 1.1918058895150088 0.9902453972979447 0.15996015781818484
4.902547836303711 -1 229.34327697753906 4.902547836303711 -1 1394.6075439453125 8.48343563079834
0.9996956448507319 0.008228259438093789 -0.01885836738920628 -0.013611590374112427 1.1146732432471227 0.9570266834377443 0.16325168222983927
0.5541630983352661 -1 0.5535975694656372 0.5541630983352661 -1 0.5535975694656372 0.5541630983352661
0.9997188292344767 0.009044248034056545 -0.01584329995697715 -0.015147735739016075 1.0407760857149115 0.9221141140947835 0.16402677448014785
44.5 -1 1425.0 53.0 -1 1076.0 55.5
0.9997308040452001 0.009299340005138396 -0.013712890472247915 -0.016241870381905634 0.9743634479122137 0.8998349535333114 0.1626411400936176
22.731645584106445 -1 1028.525390625 23.534015655517578 -1 1028.525390625 23.534015655517578
0.9997513636392088 0.009211802104678453 -0.01346865779454651 -0.015197001702318913 0.8907461893203976 0.8830767504433834 0.16086774516724536
2.8945560455322266 -1 1394.74853515625 8.386951446533203 -1 784.2089233398438 19.700172424316406
0.9998003073054486 0.008246971624042181 -0.01474990100151085 -0.01066646105362494 0.7954267289309266 0.8563121060613329 0.15690582276702053
19.773231506347656 -1 784.1437377929688 19.773231506347656 -1 1028.33984375 23.309080123901367
0.9998272503325818 0.009954158620110927 -0.01407696785221113 -0.006944292234787921 0.7298954836574528 0.8306717607281762 0.1493042666079992
3.6987202167510986 -1 1505.5145263671875 4.811123371124268 -1 1149.94921875 11.126619338989258
0.9998328405044504 0.011770408679077145 -0.012274335699368243 -0.006714850070488271 0.6751397226253665 0.7871919315916215 0.14384586784694275
12.576780319213867 -1 1557.788818359375 12.576780319213867 -1 1177.1949462890625 46.44426727294922
0.9998124377871139 0.014542514053230477 -0.009354242595345709 -0.008723684810185836 0.6295579648845845 0.7424553551727011 0.14442940719430003
0.5530185699462891 -1 0.5528336763381958 0.5530185699462891 -1 0.5528336763381958 0.5530185699462891
0.9997966648648395 0.016317363360884272 -0.006463736595931044 -0.00992938504194699 0.5822897910279632 0.7025757434220168 0.14047928734127332
14.346739768981934 -1 956.20947265625 23.469058990478516 -1 633.8455200195312 24.56006622314453
0.9997693275874965 0.01636129226173134 -0.0034456532580294263 -0.013480623294083907 0.5360519252711071 0.6693806741727892 0.134987513756687
0.5628886222839355 -1 0.5624932050704956 0.5628886222839355 -1 0.5624932050704956 0.5628886222839355
0.9997708009811757 0.01623960980182155 -0.00034523047063113495 -0.013946375689228883 0.48357214734075954 0.6439006376225336 0.12139038720288829
0.559841513633728 -1 0.5593534708023071 0.559841513633728 -1 0.5593534708023071 0.559841513633728
0.9997728178714432 0.01721325381084842 0.003011497675623147 -0.012204401680832306 0.4273580515129653 0.6200281231694694 0.10443025909191254
0.5658243894577026 -1 0.5655045509338379 0.5658243894577026 -1 0.5655045509338379 0.5658243894577026
0.9997716290510631 0.018835989819177668 0.006732921626098063 -0.007520837619055727 0.3517806658897518 0.5828384811208271 0.10145450222867278
6.268019676208496 -1 1233.5052490234375 6.268019676208496 -1 1149.905029296875 11.11670207977295
0.9997742232756021 0.01917968783891615 0.008110703447706102 -0.004225936304732394 0.291116253103666 0.5514333530873571 0.11268963636941869
6.910834312438965 -1 1128.87841796875 6.910834312438965 -1 849.69677734375 9.327461242675781
0.9997831929048512 0.01926499453761242 0.007871910304973261 -0.0006783793905560571 0.23270171151627356 0.526919925251644 0.12324732772232024
4.867588520050049 -1 229.16835021972656 4.867588520050049 -1 1082.105224609375 6.183394432067871
0.9998075111442478 0.018523081441214537 0.006100160434256348 -0.0021503851151081985 0.17731588264691242 0.5030618006349539 0.1355885020011495
0.5517563819885254 -1 0.5513361692428589 0.5517563819885254 -1 0.5513361692428589 0.5517563819885254
0.9997992609851446 0.019512866112486368 0.004483346429802336 -0.000765110727485446 0.11234171512728712 0.4811890077507149 0.1397417589042129
0.5578484535217285 -1 0.5577993988990784 0.5578484535217285 -1 0.5577993988990784 0.5578484535217285
0.9997966530473424 0.020001572546480117 0.00247001481320962 -0.0006990549496503976 0.03402530445670968 0.4596830650674659 0.12877462398787662
0.5564892292022705 -1 0.556386411190033 0.5564892292022705 -1 0.556386411190033 0.5564892292022705
0.9998260247493908 0.01843866351146836 0.00026932919459993177 -0.0028041725208100025 -0.056396825730897375 0.4374758537571851 0.12744358472928666
0.5463480949401855 -1 0.5462003946304321 0.5463480949401855 -1 0.5462003946304321 0.5463480949401855
0.9998274348646299 0.015730193758366658 -0.0016248869938417147 -0.009747883800891758 -0.1558512057311029 0.41792422616732067 0.13141594791038783
23.537479400634766 -1 1028.4691162109375 23.537479400634766 -1 649.298828125 26.922393798828125
0.9997615957011228 0.014110270595438356 -0.004667933890957181 -0.015995699986497924 -0.2674356539764647 0.39886273079877 0.12896686645521216
6.387606143951416 -1 1024.77099609375 10.5506591796875 -1 1557.8529052734375 12.544488906860352
0.9996820935518272 0.014133307189670293 -0.0071531157238838815 -0.019616176874173854 -0.37371532173411326 0.3832258582339248 0.11987266772587923
16.885387420654297 -1 784.2826538085938 19.6898136138916 -1 1361.168701171875 47.54641342163086
0.99969083814356 0.014879188314570736 -0.009009780895245121 -0.017766871844694606 -0.461770775199995 0.3594101942483528 0.1195892188471512
0.5441043376922607 -1 0.5439704656600952 0.5441043376922607 -1 0.5439704656600952 0.5441043376922607
0.9997771841759411 0.015161432202577586 -0.008811784339020167 -0.011750124746400338 -0.5361989277821442 0.325774983789513 0.13425498634233685
14.13350772857666 -1 1028.5546875 14.13350772857666 -1 784.1011962890625 19.8760929107666
0.9997789138784368 0.01535299877834219 -0.007733413822048215 -0.01210797684266481 -0.5995981522476701 0.29733729902889083 0.14800643462098104
3.62363600730896 -1 565.000732421875 13.786678314208984 -1 425.9584045410156 20.505687713623047
0.9997776537541787 0.015580532281356608 -0.006589199888265416 -0.012588586594684287 -0.6555432632497388 0.27257646777650657 0.16056592524981309
2.8067681789398193 -1 784.2132568359375 19.645458221435547 -1 500.0192565917969 33.83219909667969
0.9997965852186821 0.015057951330643709 -0.005506265170601827 -0.012236311971247728 -0.7102374784091782 0.25174118736467893 0.17010474575240608
19.792633056640625 -1 848.9071655273438 31.614269256591797 -1 56.713172912597656 32.445533752441406
0.9997949573824831 0.014313064142044103 -0.003932298408034164 -0.013773758261814411 -0.7697817851984743 0.2388506915592522 0.17387060361228257
3.011368989944458 -1 1128.930419921875 6.686585903167725 -1 1557.6802978515625 12.652798652648926
0.9997927434574666 0.013817944545847331 -0.002547282786613308 -0.014732477345154007 -0.8240266149200847 0.22631719543978926 0.1692514917859112
11.098650932312012 -1 124.16453552246094 21.73057746887207 -1 633.816650390625 24.61284637451172
0.9997762013995176 0.013274132641047645 -0.0004586127728798177 -0.016466152923605554 -0.8895294076675364 0.2075754600977194 0.16750198132276675
11.080201148986816 -1 434.1277160644531 14.731964111328125 -1 764.406005859375 15.89576530456543
0.999743988836403 0.013857429852084113 0.0015717467918917767 -0.017817352087079092 -0.9552366850742959 0.19126686750574148 0.16780488544411615
4.973901748657227 -1 428.80804443359375 11.656184196472168 -1 649.1780395507812 26.989276885986328
0.9997081929965362 0.014190501162338028 0.002634558319393222 -0.01937053522295023 -1.029976678263659 0.17316152870655924 0.1513656785942674
16.954078674316406 -1 784.2619018554688 19.58805274963379 -1 646.0819091796875 43.21467971801758
0.9997043710647344 0.015579351497535065 0.00166193866150714 -0.01859280078055682 -1.1182143554301416 0.14456153117207898 0.13106038554265934
3.6514742374420166 -1 434.0296325683594 14.984686851501465 -1 426.151611328125 20.456077575683594
0.999705384149251 0.016221948778829418 0.0009475740190036233 -0.0180304016675743 -1.1965787187911727 0.11490765554802461 0.12798768233682495
11.386433601379395 -1 1557.809326171875 12.625709533691406 -1 481.6106262207031 13.44731616973877
0.9997329288632322 0.015604195357932829 0.0012130471916675643 -0.017003192355728076 -1.2728024313600814 0.07880199175364741 0.12266709489723533
2.7268426418304443 -1 827.2529907226562 6.7991743087768555 -1 852.681884765625 15.397966384887695
0.9997654195688186 0.015121190981371697 0.0024152613484670466 -0.015317373479404687 -1.3437792700666387 0.03006678335740565 0.12238312344293856
11.53134536743164 -1 784.3856811523438 19.28331756591797 -1 991.9892578125 21.759389877319336
0.9997548352720861 0.016402797441494563 0.004489408870946244 -0.014179661285333912 -1.4041445975077864 -0.014654081891614228 0.13338177648886054
7.811895370483398 -1 1557.740234375 12.652080535888672 -1 875.3920288085938 14.219202995300293
0.9997296397569292 0.017075848572532772 0.005642712508486894 -0.014738472870523845 -1.4616231970008038 -0.05333958049869264 0.14872186638519902
5.180342674255371 -1 455.4404602050781 11.098041534423828 -1 318.554931640625 12.859288215637207
0.9997326693066525 0.016383518165309186 0.0068269536916463576 -0.014817656927276494 -1.5045404292820115 -0.0900228513565832 0.1611053869740053
4.2012739181518555 -1 412.8149719238281 7.919981956481934 -1 433.2315673828125 11.04065990447998
0.9996660330565883 0.01564472579221635 0.011194237565027075 -0.01725554847369789 -1.551246858129027 -0.13225988613378306 0.18932670281479397
3.451003074645996 -1 229.46820068359375 4.867359161376953 -1 701.9092407226562 8.614728927612305
0.9995608086235216 0.013936863734981738 0.01420953994010162 -0.021955470111456914 -1.6066310692675692 -0.1613465171240966 0.21833097138161484
0.5575700998306274 -1 0.5573151707649231 0.5575700998306274 -1 0.5573151707649231 0.5575700998306274
0.9993331627031099 0.01430855070498728 0.012291628986211488 -0.03126357553748184 -1.6755741916387061 -0.16117119605538308 0.20812961844896147
0.56789231300354 -1 0.5677682757377625 0.56789231300354 -1 0.5677682757377625 0.56789231300354
0.9991559369331774 0.01243785224982095 0.0048164033770825825 -0.038852487450684876 -1.7971962480758867 -0.16413884587406927 0.16908523752578303
4.837579727172852 -1 268.6495666503906 11.187880516052246 -1 258.0990295410156 11.795071601867676
0.9992186936931703 0.01124247131456252 -0.00400461316608973 -0.03767720910902936 -1.9109114030042174 -0.18999092073596047 0.13886626501764368
0.6352822780609131 -1 0.6359103918075562 0.6352822780609131 -1 0.6359103918075562 0.6352822780609131
0.9993359989776559 0.008979004628730941 -0.012194955016009605 -0.03313942810860613 -2.0349761440094762 -0.23882966700047487 0.12377583826004158
4.867211818695068 -1 120.90376281738281 24.774808883666992 -1 751.9146728515625 55.675086975097656
0.9993880277744378 0.007550108952210564 -0.018627476745524115 -0.028628358423495513 -2.14973506658967 -0.2802508769054842 0.11074494840379072
3.1202282905578613 -1 488.0903625488281 4.150688648223877 -1 784.2684936523438 19.676172256469727
0.9993707882165441 0.005614460167863837 -0.021437605834936767 -0.027693583237506227 -2.262732392630916 -0.3165670958046287 0.11666284322758895
20.659751892089844 -1 618.28076171875 22.529726028442383 -1 1028.3841552734375 23.354198455810547
0.9993920573303435 0.005279239477503669 -0.02130002690114564 -0.027091589646477513 -2.3489440877626118 -0.3527362715415154 0.10796898663691094
0.5659914612770081 -1 0.5656123757362366 0.5659914612770081 -1 0.5656123757362366 0.5659914612770081
0.9994861847133808 0.005796259129955519 -0.019543753247099033 -0.024734826787435875 -2.441895002306755 -0.4109854907544218 0.13975796283373645
6.599301338195801 -1 1149.8892822265625 11.01758861541748 -1 288.94305419921875 15.603696823120117
0.9995739473709219 0.008641816145110894 -0.017735049042980146 -0.02151071329525861 -2.5105280555564824 -0.4588933651715442 0.11605883916967916
0.5586169362068176 -1 0.558268666267395 0.5586169362068176 -1 0.558268666267395 0.5586169362068176
0.9996294475762966 0.008879317662955168 -0.015940164913069717 -0.02019991085853013 -2.5979146152562866 -0.4956371517487515 0.12740782703287942
0.5836759209632874 -1 0.5836355090141296 0.5836759209632874 -1 0.5836355090141296 0.5836759209632874
0.999708410998182 0.008622950772518016 -0.0156703835668565 -0.016222724134146674 -2.6823107747610906 -0.5424676601424975 0.12395912492323263
15.4098539352417 -1 583.1986694335938 26.856029510498047 -1 1058.606689453125 48.997764587402344
0.9997269340769372 0.008509820409787358 -0.016334446131151308 -0.014381450111479675 -2.762247014800737 -0.5772929051943695 0.07820935962053932
20.120515823364258 -1 649.2304077148438 26.991479873657227 -1 15.63055419921875 82.22398376464844
0.999753045225212 0.008198113830627683 -0.01571522368200523 -0.013404149997660441 -2.8217949259543036 -0.6145163325628283 0.06442835552663706
11.179890632629395 -1 434.11370849609375 14.77192497253418 -1 784.1310424804688 19.86056900024414
0.9997787843587033 0.00889756645233776 -0.013415186735112846 -0.013536928097687159 -2.872707857131294 -0.6479765852043362 0.06568296192914243
11.688738822937012 -1 1195.365234375 12.643585205078125 -1 203.27577209472656 40.57738494873047
0.9997714303682719 0.010219879949062382 -0.011962736338320974 -0.014475289720977976 -2.917751477184396 -0.6786070611674316 0.06302503367280361
42.08750915527344 -1 183.36520385742188 43.74271774291992 -1 1058.593994140625 48.96917724609375
0.9998046935487246 0.011066870396390835 -0.009464681580268695 -0.013361098014555714 -2.9501855647299 -0.7190974902281747 0.06010646456565542
15.342608451843262 -1 288.6834411621094 15.342608451843262 -1 1460.3375244140625 57.38787841796875
0.9998349970462291 0.010527576045366067 -0.005664902313969255 -0.013676904106894192 -2.976665936100115 -0.7498583642130088 0.0888285314740671
39.70029830932617 -1 449.9991455078125 45.54568862915039 -1 1091.4525146484375 51.123653411865234
0.9998237973373019 0.01015321929688531 0.00048640259939568953 -0.01578131263357477 -3.022826288067883 -0.7774067701063311 0.12528238038090303
11.52204704284668 -1 443.037841796875 31.331579208374023 -1 461.9881896972656 48.25359344482422
0.9997688145414599 0.010216131420019276 0.002641617841718785 -0.018734192919668664 -3.081251350539549 -0.7822659493312867 0.12517234762993446
4.864941120147705 -1 696.4385986328125 47.186805725097656 -1 1431.0390625 62.53263473510742
0.9997365275063153 0.00894065846560303 0.0030278989232948765 -0.020923002268471512 -3.15929778244103 -0.7943789925645272 0.16821131624762786
0.5902965068817139 -1 0.5899873971939087 0.5902965068817139 -1 0.5899873971939087 0.5902965068817139
0.9996348414955594 0.009185360980919844 -0.0007784649478719968 -0.025400921324296253 -3.245210689491326 -0.7852268024896483 0.15270050210239805
12.594385147094727 -1 434.0387268066406 14.896416664123535 -1 434.0387268066406 14.896416664123535
0.9993078219481367 0.007881967942065747 -0.0026623446589179086 -0.03625828864616252 -3.3565124421563186 -0.7240073618143933 0.16021162022912036
19.80249786376953 -1 784.2537231445312 19.80249786376953 -1 1028.580322265625 23.591001510620117
0.9989419730422114 0.00454882402613382 -0.007618471268237362 -0.045124290465868744 -3.471077180163308 -0.6719355122764722 0.12253524018143176
15.455924034118652 -1 852.64599609375 15.455924034118652 -1 784.1152954101562 19.791217803955078
0.9987492794700263 0.005782403140149041 -0.013111466433737048 -0.047901252801833306 -3.599017221028733 -0.6588126921351097 0.08745593259008938
11.00899887084961 -1 583.0255737304688 27.21487808227539 -1 583.0255737304688 27.21487808227539
0.9984928412479469 0.00716994951071493 -0.020343079193240177 -0.05046579960283749 -3.7384039096989237 -0.649856447090055 0.052353272884580714
41.903831481933594 -1 144.75975036621094 46.51658248901367 -1 741.7847900390625 76.93988800048828
0.9987454997579631 0.007140183569334194 -0.02324675801854047 -0.043772511162144805 -3.8523024310546097 -0.7149110355945708 7.076320888835949e-05
11.167823791503906 -1 428.86346435546875 11.631145477294922 -1 649.1538696289062 26.87242317199707
0.9991383714255149 0.005958016792695652 -0.019692128680862304 -0.03604492820195684 -3.960243978157053 -0.7943693066525767 0.06567239647100573
11.10303020477295 -1 784.2020874023438 19.67213249206543 -1 784.2020874023438 19.67213249206543
0.9993008056873804 0.005810095922820442 -0.01516461294427456 -0.033677545221859874 -4.0859546627749035 -0.8391688570042141 0.10879749520429008
3.928342819213867 -1 494.98675537109375 3.928342819213867 -1 1581.965576171875 57.31827926635742
0.9995116933925963 0.0062869720709537846 -0.010952967683609382 -0.02858113455700642 -4.194899076291646 -0.9013956889430405 0.12527488452466728
19.232067108154297 -1 633.9122314453125 24.358978271484375 -1 633.9122314453125 24.358978271484375
0.999655806060225 0.006176980084962685 -0.009163435475008141 -0.023793818050228357 -4.30698078302982 -0.9576465210457261 0.1368461362043752
13.400245666503906 -1 489.5993347167969 34.26103210449219 -1 3.1779327392578125 38.527931213378906
0.9997487718097314 0.005931279197521971 -0.008367058832924771 -0.019930015516826122 -4.423452043703274 -0.9952159331382676 0.14436019963147678
11.605953216552734 -1 428.82952880859375 11.605953216552734 -1 1295.3258056640625 17.93341636657715
0.9998324152043764 0.003474158544720855 -0.008042120963651622 -0.016074701222598475 -4.513458487398487 -1.0328651116887622 0.17425031908698432
11.54732894897461 -1 428.9090576171875 11.54732894897461 -1 1555.9847412109375 16.886886596679688
0.9998908243515242 0.0015894249665755525 -0.007760027301135006 -0.012473775779240706 -4.580645442936161 -1.067471771307798 0.1907867418369799
11.174388885498047 -1 434.04620361328125 14.780900955200195 -1 649.21923828125 27.315988540649414
0.9999237490789944 0.00012920811802185348 -0.007962790565350809 -0.009437865197332798 -4.648015353479119 -1.1039842810224452 0.21421582254153532
59.07992172241211 -1 606.0118408203125 72.42609405517578 -1 555.8135986328125 109.59324645996094
0.9999480446670163 -0.00027958597649642593 -0.00761218350157546 -0.006773806952608522 -4.726480062756272 -1.1469118234802815 0.19414832847138339
11.725582122802734 -1 428.8211669921875 11.725582122802734 -1 434.2454833984375 14.908286094665527
0.9999576955076038 0.00154854308223436 -0.0063402367093677815 -0.006481559065060246 -4.813126147991988 -1.169616135735833 0.16530540243519076
11.223134994506836 -1 433.9195861816406 14.769763946533203 -1 433.9195861816406 14.769763946533203
0.999948982124294 0.0025347813507022015 -0.0043274564684534335 -0.00876818981354619 -4.898011994483568 -1.1751329765470715 0.19004897637610899
23.737865447998047 -1 1031.3026123046875 52.71199035644531 -1 1193.1561279296875 65.97439575195312
0.9999125814251817 0.003841483535686426 -0.0011680339946054134 -0.012597944612588905 -5.00316650493391 -1.167724006574992 0.19596025255453758
17.01093101501465 -1 640.2044677734375 23.84548568725586 -1 308.0282287597656 24.592966079711914
0.9998487968827733 0.004930910850499901 0.0006397247499104501 -0.016663140235255173 -5.11563227641958 -1.151810714060095 0.16329397633250778
4.541170120239258 -1 229.33612060546875 4.820406913757324 -1 1150.001953125 11.061902046203613
0.9998272388080539 0.005323816958668623 -0.000510753837638936 -0.017801366266966177 -5.23007959997997 -1.1698472102301731 0.16582289109766812
6.282990455627441 -1 1081.8475341796875 6.282990455627441 -1 784.1978149414062 19.787609100341797
0.9998533346370564 0.006098619507870761 -0.00019907061591963225 -0.016002388138859656 -5.331078438393222 -1.2262005988811855 0.16916145631795337
13.434523582458496 -1 481.51434326171875 13.434523582458496 -1 784.168212890625 19.76300048828125
0.9998496053514812 0.009291100611367058 6.805095141055745e-05 -0.014643684542663007 -5.420834081944572 -1.2824658316583164 0.17804062224703734
11.548656463623047 -1 428.81988525390625 11.548656463623047 -1 970.3539428710938 51.888126373291016
0.999863415921003 0.010144121210350498 0.00015978165706257233 -0.01304686849305488 -5.493405379338273 -1.342332626924431 0.19072084661193767
6.72488260269165 -1 784.1047973632812 19.757654190063477 -1 649.1404418945312 27.026090621948242
0.9997919171958001 0.013165241279186526 -0.002362348742766154 -0.015401884314096951 -5.587941101304077 -1.3618649993391991 0.23522083488375192
2.8533544540405273 -1 649.1644897460938 26.98550796508789 -1 1238.595458984375 42.60612487792969
0.9994641613609926 0.018127092036397643 -0.0008174456634620441 -0.027242071724799307 -5.708439326784126 -1.263484492352144 0.28639369615352805
26.806884765625 -1 1004.374267578125 39.67276382446289 -1 751.7849731445312 55.72863006591797
0.9991002690063824 0.020099028627831927 0.002335623820441662 -0.037272327281262986 -5.783560305264532 -1.163345437978234 0.3632503418190857
19.839481353759766 -1 561.1591796875 60.36705017089844 -1 561.1591796875 60.36705017089844
0.9985929174788154 0.02297971173228266 9.569848828642657e-05 -0.04779235139275277 -5.856651183431849 -1.038507831952686 0.33677116025559384
27.244050979614258 -1 121.8042984008789 75.6528091430664 -1 873.312255859375 84.6819839477539
0.9979222734757692 0.028200750441791232 -0.005273248850749599 -0.05768922448802807 -5.925922773118553 -0.9003223878300947 0.2717418304384795
11.0 -1 649.0 27.0 -1 649.0 27.0
0.9969776824692184 0.03403784284537436 -0.008177138404301558 -0.06935459840743774 -5.987867330532313 -0.7335639468741257 0.28108432574844494
4.628427028656006 -1 1149.7520751953125 10.977713584899902 -1 1066.0184326171875 25.190889358520508
0.9969012921575041 0.03489508893240942 -0.008472581720042427 -0.06998829775109004 -6.0084135334833135 -0.6913066155699261 0.2658418203073928
2.950145721435547 -1 784.1533203125 19.806188583374023 -1 991.8582763671875 21.817398071289062
0.9968037803408897 0.03601432960737128 -0.009066007145199357 -0.07073188160572348 -6.0139935104755535 -0.6108013213374923 0.2557902984004785
19.854812622070312 -1 784.0841674804688 19.854812622070312 -1 1257.456787109375 24.71470832824707
0.9966162892853032 0.036400856962653105 -0.009301246287553412 -0.07310565204603293 -6.002319042332277 -0.4546978270131482 0.2298058171886283
4.862144947052002 -1 1197.08154296875 4.862144947052002 -1 649.2266235351562 26.924367904663086
0.9964211259007959 0.03773304752812388 -0.01081437069470399 -0.0748612474469144 -5.983187248600446 -0.3308333773769555 0.21319601103026248
5.433074951171875 -1 1186.0750732421875 5.433074951171875 -1 1557.8055419921875 12.566923141479492
0.9963024441805419 0.03861995280813304 -0.01140884715326066 -0.07589319581892381 -5.964209546856004 -0.2312234018690619 0.20238475436532274
15.97868537902832 -1 640.166748046875 23.88865852355957 -1 640.166748046875 23.88865852355957
0.9961486529099466 0.039891596856430254 -0.012684693355350706 -0.07704297735954627 -5.9420847895120055 -0.12600659171108017 0.19103073477454893
44.39325714111328 -1 376.4329833984375 89.05045318603516 -1 1043.0340576171875 89.5554428100586
0.9959860838247458 0.04090511212291903 -0.013619856531070519 -0.0784410105603622 -5.919921323474113 -0.013591138377196119 0.1821444530638329
4.616739273071289 -1 1029.390625 12.656584739685059 -1 1029.390625 12.656584739685059
0.9958729707071832 0.04220009366450669 -0.013960149516047992 -0.07912832953529722 -5.891902577175791 0.0959888955183846 0.17570605861664892
4.791053771972656 -1 229.3025665283203 4.791053771972656 -1 1024.6436767578125 10.218060493469238
0.995747995108535 0.04368831886010904 -0.014524811642245382 -0.07978903984425306 -5.863316679468076 0.20826267044525715 0.16948865296042792
19.572816848754883 -1 525.3468017578125 29.91033363342285 -1 525.3468017578125 29.91033363342285
0.9956432113465482 0.04531710603534422 -0.014643975611529287 -0.08016551364772233 -5.849449194067623 0.32249972734158583 0.16619050620509243
11.595478057861328 -1 1557.7379150390625 12.728605270385742 -1 649.218994140625 26.792306900024414
0.995539003575351 0.04698788997689675 -0.014469123195802057 -0.08052872176845625 -5.839422427534692 0.44758553817025987 0.15244336318753635
76.91567993164062 -1 741.833984375 76.91567993164062 -1 1113.0576171875 91.40253448486328
0.9954043389510048 0.049545005226363244 -0.015154659936293821 -0.08053465550213897 -5.810273507028053 0.5794820818245293 0.12796780924514062
13.483009338378906 -1 481.7030029296875 13.483009338378906 -1 783.9839477539062 20.148828506469727
0.9952397067614915 0.05034779687469056 -0.01596468203340657 -0.08190332327041114 -5.782140689941163 0.6897724289158508 0.11309656570846163
14.668699264526367 -1 434.0783996582031 14.668699264526367 -1 386.5122375488281 77.91317749023438
0.9950967640257821 0.05180454359031844 -0.01665076423634699 -0.08259220023199264 -5.753067413494956 0.8005475095117162 0.10134589006044151
4.722012996673584 -1 852.6947631835938 15.182336807250977 -1 644.1438598632812 26.26434326171875
0.994848139828401 0.05259360172881226 -0.018339634574733542 -0.08470389330383084 -5.724985100752093 0.9138081226510558 0.08685219384067294
49.11223602294922 -1 741.7665405273438 77.10248565673828 -1 491.9371032714844 82.36670684814453
0.9947641552705265 0.05404205178225874 -0.018298244490482094 -0.08478741815060799 -5.700519658041531 1.0132279682419627 0.07643724466221513
36.56620407104492 -1 358.4080810546875 50.79778289794922 -1 358.4080810546875 50.79778289794922
0.9946396960630647 0.05525164981371846 -0.018821007701872703 -0.08535162492608199 -5.666983911801109 1.109718259633082 0.06666419333465634
23.193559646606445 -1 1028.373291015625 23.193559646606445 -1 1582.05810546875 57.28658676147461
0.9945590016983552 0.0569304726359443 -0.019289612346423686 -0.08508363110342654 -5.623707349005113 1.2028378971559763 0.05716118839685473
11.0947265625 -1 1028.6025390625 23.394664764404297 -1 649.2532958984375 26.91232681274414
0.9943420831478063 0.05903352033159189 -0.021074795530410903 -0.08575965340352175 -5.5712032883776965 1.3108899395186306 0.04724179535428419
8.382193565368652 -1 1149.7747802734375 11.113332748413086 -1 1149.7747802734375 11.113332748413086
0.9941732691318147 0.05953405641339464 -0.021684536272110914 -0.08720658207607239 -5.527342751841711 1.4277201907017933 0.03722485825780195
19.63274574279785 -1 784.302490234375 19.63274574279785 -1 649.2825317382812 26.927785873413086
0.994007833535451 0.06162259513847919 -0.022764238149140307 -0.0873663098685505 -5.4910262989952505 1.5313831744121074 0.03347804352198563
11.215584754943848 -1 1557.7471923828125 12.641740798950195 -1 288.7144470214844 15.301474571228027
0.9953793304688061 0.04872825558375183 -0.01587759148354503 -0.08120004724085736 -5.797453425877828 0.554496045243565 0.05535921947594126
19.74590492248535 -1 248.19386291503906 37.652587890625 -1 1582.0106201171875 57.3560676574707
0.9954858978277563 0.04767386715257463 -0.01631401191029308 -0.08042936424077785 -5.770990580140129 0.46559462493963044 -0.04863283532829546
58.552940368652344 -1 64.22039794921875 58.552940368652344 -1 1169.291015625 59.01289367675781
0.9954183406618122 0.04770792296383884 -0.01667304616199084 -0.08116828624679132 -5.764373601231294 0.4936453033798862 -0.05692264707736208
8.216686248779297 -1 484.8776550292969 8.216686248779297 -1 1149.956787109375 11.122983932495117
0.9953890425854733 0.04806503504132104 -0.016716328377519823 -0.08130787583516193 -5.758372060529181 0.515225019189038 -0.06231416785058803
8.50197696685791 -1 1149.873291015625 11.12098503112793 -1 784.1214599609375 19.819290161132812
0.995462658714665 0.048729650212725045 -0.016031801701484365 -0.08014048682832028 -5.754380126270747 0.5196386217444149 -0.05930946423808552
12.585205078125 -1 1028.5504150390625 14.097043991088867 -1 909.3323974609375 25.251724243164062
0.9953932524312274 0.04869753739364759 -0.016581026561078707 -0.08090668961438152 -5.748037980475955 0.5470453726016473 -0.0682348778586055
6.3781352043151855 -1 1557.7174072265625 12.680317878723145 -1 784.2418212890625 19.876903533935547
0.9953358801270646 0.04891809107911856 -0.016656281827747983 -0.08146210390440102 -5.743617278804512 0.5710317664999607 -0.07152525339735108
4.764034748077393 -1 1186.1690673828125 5.496906280517578 -1 1186.1690673828125 5.496906280517578
0.9953539492287302 0.04954278609190626 -0.016532174928034202 -0.08088705269183015 -5.74144820502366 0.5819448213643429 -0.0723014617698787
2.8584213256835938 -1 1394.6517333984375 8.492644309997559 -1 991.813720703125 21.902196884155273
0.9953361483466092 0.05010534193330119 -0.01691483848201171 -0.0806802004423095 -5.738054585060517 0.5972662661062289 -0.0775577034158886
19.70049476623535 -1 784.236572265625 19.70049476623535 -1 583.046875 27.132888793945312
0.9952751958245157 0.04983523545864808 -0.017186771751570698 -0.08153740712097937 -5.730781658529203 0.6298692854772018 -0.08101404745452638
12.587807655334473 -1 618.3152465820312 22.633052825927734 -1 1028.4951171875 23.402835845947266
0.9952418552607992 0.05023969537102467 -0.01738362375760815 -0.08165434569649721 -5.720496631381229 0.6592563973231903 -0.08637442821352663
11.065691947937012 -1 640.1387329101562 23.82647132873535 -1 640.1387329101562 23.82647132873535
0.9948432570490336 0.05380781279367831 -0.018624445692305622 -0.08393296854684339 -5.671941928165358 0.946101185594249 0.04279211730752576
19.839662551879883 -1 203.27642822265625 40.6660041809082 -1 389.7372131347656 46.296417236328125
0.9948432262237997 0.05395107803504911 -0.01884343273857902 -0.08379237112114835 -5.671920905769422 0.945664241901606 0.040172914932700504
5.436379432678223 -1 1028.4764404296875 23.400005340576172 -1 1289.0191650390625 92.19720458984375
0.9949196922745198 0.05374138078737671 -0.018294955420430005 -0.0831382253936524 -5.672911811426947 0.9390375267058672 0.04557892465351033
47.506099700927734 -1 1581.9473876953125 57.40701675415039 -1 494.0628967285156 80.28421020507812
0.9948432033090657 0.05320406730546642 -0.01852050031501225 -0.08434049513723473 -5.670381875659828 0.9538359339933913 0.04305096600136705
6.259356498718262 -1 1566.003662109375 81.74713897705078 -1 338.8253479003906 115.88082122802734
0.9965525959334877 0.014361065890187723 -0.015217712718356875 -0.08028140846015569 -5.135296601940353 2.9882397121506608 -0.3450407572046186
0.5168768167495728 -1 0.5167002081871033 0.5168768167495728 -1 0.5167002081871033 0.5168768167495728
0.9967520742115075 0.014299888227901883 -0.01669630990587127 -0.07747289195101889 -5.127684286265976 3.030044888900143 -0.40223735613176537
0.5105687379837036 -1 0.5103606581687927 0.5105687379837036 -1 0.5103606581687927 0.5105687379837036
0.9965285567278014 0.015131802389466448 -0.019531416800173822 -0.07950086754387811 -5.10276692853478 3.0996743754788025 -0.42894895385018494
39.64920425415039 -1 1582.066162109375 57.33179473876953 -1 1582.066162109375 57.33179473876953
0.996624609865502 0.01664616712278425 -0.02210380243720732 -0.0772898055915094 -5.101737255111801 3.106587885603921 -0.46077805071760275
12.678439140319824 -1 1557.6845703125 12.678439140319824 -1 649.215087890625 26.98241424560547
0.9970018714822506 0.014566426538685371 -0.024475302033322745 -0.07194475011535371 -5.100829729162341 3.06834042839041 -0.47117807170556175
57.25835418701172 -1 1019.7935791015625 93.16902923583984 -1 104.09858703613281 103.45121765136719
0.9972121148717568 0.014343662957442311 -0.025044681947028788 -0.06881149026240944 -5.074515099864484 3.0377164891887594 -0.4838019117772619
57.254085540771484 -1 1582.031494140625 57.254085540771484 -1 386.347412109375 77.81036376953125
0.9972133851143519 0.013595405379275914 -0.023389240852484613 -0.06952390174388265 -5.001546502769445 3.016773223669739 -0.42604322542550105
4.93163537979126 -1 784.234130859375 19.750417709350586 -1 254.3809051513672 103.1363296508789
0.9971659029714709 0.015629072247675183 -0.01948480943776457 -0.07096644455615828 -4.9325590768920256 3.0058039863998247 -0.3870162488880508
77.12323760986328 -1 734.315185546875 120.88158416748047 -1 483.82586669921875 143.92291259765625
0.9973008897775583 0.01648988551503745 -0.0168988280030865 -0.06952300724734034 -4.873548650107645 2.945581102273886 -0.3318832332729333
11.623173713684082 -1 428.7536926269531 11.623173713684082 -1 1557.6048583984375 12.690131187438965
0.9973022254173837 0.01744471432370586 -0.015517990902192445 -0.06959270851215626 -4.825946305574353 2.9057456725000668 -0.3068367210999821
0.5126448273658752 -1 0.5124407410621643 0.5126448273658752 -1 0.5124407410621643 0.5126448273658752
0.9974215431141159 0.019078996625078257 -0.014833007449445705 -0.06757395289341035 -4.7900020459698505 2.8481631399098166 -0.28235614790427904
0.514667272567749 -1 0.5145257711410522 0.514667272567749 -1 0.5145257711410522 0.514667272567749
0.9975151819038683 0.0196215048841426 -0.015911327942826896 -0.06576692223656103 -4.751073335427133 2.7966538406218575 -0.26721011643386866
0.5176329016685486 -1 0.5171781778335571 0.5176329016685486 -1 0.5171781778335571 0.5176329016685486
0.9976348710225793 0.0195340317408124 -0.016938107315302705 -0.06368819548617939 -4.714673688448783 2.747943231258255 -0.26547808585230004
0.518803596496582 -1 0.5185995101928711 0.518803596496582 -1 0.5185995101928711 0.518803596496582
0.9976979320677251 0.01911368792419969 -0.017333450529415036 -0.06271407158258922 -4.674557577423764 2.7157445952779247 -0.2665336545402011
0.5165857672691345 -1 0.5162252187728882 0.5165857672691345 -1 0.5162252187728882 0.5165857672691345
0.9977481240639939 0.018502327788389263 -0.016852120998679963 -0.06222821555402168 -4.627246361112768 2.6872651464847683 -0.2530785905937148
0.5156713724136353 -1 0.5151840448379517 0.5156713724136353 -1 0.5151840448379517 0.5156713724136353
0.9977012702885896 0.0175208430217672 -0.015792410803147347 -0.06352790792530418 -4.567754847195505 2.6664836694668996 -0.25520673550154716
26.95728874206543 -1 649.1630249023438 26.95728874206543 -1 606.0170288085938 72.3268814086914
0.9975668805754176 0.01716069276396071 -0.015719480476056414 -0.06571702470786578 -4.512834922121995 2.654679099941565 -0.23751279133996284
39.538108825683594 -1 1339.3011474609375 55.18770217895508 -1 1450.2833251953125 63.865577697753906
0.9975641796923274 0.015980846042686028 -0.01871977468911791 -0.06526783273652269 -4.4624701860848885 2.5994688842090223 -0.2325309829588585
34.525360107421875 -1 1582.076904296875 57.256187438964844 -1 1582.076904296875 57.256187438964844
0.9976939598908174 0.01579260467416081 -0.02178326312988521 -0.062312482556867055 -4.442454389798915 2.5353448857083367 -0.22195167393511742
19.792875289916992 -1 1004.1843872070312 39.400428771972656 -1 606.1846923828125 72.23883056640625
0.9978278450148472 0.015962561161343005 -0.024973054450350893 -0.058831410875622825 -4.41643120339249 2.4764058696104927 -0.22024051952577475
6.16047477722168 -1 1233.50146484375 6.16047477722168 -1 1045.7237548828125 39.78227233886719
0.9981473785276891 0.012735885367698468 -0.02960052958857549 -0.05160829981968771 -4.391880407505941 2.3929445825575755 -0.22331629616605608
0.5173956155776978 -1 0.5173690319061279 0.5173956155776978 -1 0.5173690319061279 0.5173956155776978
0.9981831045718377 0.008938549492418353 -0.03289247831901047 -0.04968578217491433 -4.361621832848477 2.3690466055676147 -0.2162778097577486
11.58682632446289 -1 784.19384765625 19.67304801940918 -1 721.090576171875 85.13331604003906
0.9985426365212005 0.003639219004537767 -0.03445372046783724 -0.04137995022049856 -4.352316411736526 2.292857809790568 -0.23149160361971674
19.788265228271484 -1 784.1668701171875 19.788265228271484 -1 717.2091674804688 58.35206604003906
0.9987776059319865 0.0014276733971735494 -0.03682342666108637 -0.03294375337414038 -4.312040865873915 2.2177685003567764 -0.22903040162627158
23.510034561157227 -1 1028.47998046875 23.510034561157227 -1 465.7944641113281 29.399917602539062
0.9988530939732637 0.0017710222161727092 -0.03395399390074051 -0.033711814524537 -4.199591973623733 2.2109766161543547 -0.14248736787774882
0.5223178863525391 -1 0.5221308469772339 0.5223178863525391 -1 0.5221308469772339 0.5223178863525391
0.9987411526207134 0.003678602888572645 -0.027568776856798 -0.04174374785829983 -4.091057750757866 2.27873631957583 -0.08142275337034563
89.21228790283203 -1 376.4518127441406 89.21228790283203 -1 734.6073608398438 120.60506439208984
0.9984539036282681 0.0010766201734439859 -0.024689160500898706 -0.04979044659606954 -3.960534049202428 2.32556261263621 -0.06628817349673577
29.410581588745117 -1 248.13641357421875 37.57955551147461 -1 248.13641357421875 37.57955551147461
0.9984001257092233 -0.0021567406977925636 -0.023871726489448467 -0.05121208966428277 -3.874412647259581 2.324301478093654 -0.10788743420828481
0.5137964487075806 -1 0.5135103464126587 0.5137964487075806 -1 0.5135103464126587 0.5137964487075806
0.9983253117923795 -0.006730398710294571 -0.02630266146211849 -0.05108271300408644 -3.8050318269529613 2.2979419944753077 -0.18040639756157753
0.5171957612037659 -1 0.51690274477005 0.5171957612037659 -1 0.51690274477005 0.5171957612037659
0.9980676151656547 -0.0064235458334871536 -0.02718884086212815 -0.05550261749720907 -3.7092200761322895 2.2899604831781435 -0.21316612539901783
76.93387603759766 -1 1565.7852783203125 81.8835678100586 -1 658.763916015625 100.32583618164062
0.9978736941350339 -0.005643203368703496 -0.02487369667944265 -0.05997953002932987 -3.6239616274442965 2.269387544275383 -0.19574650686425615
23.560705184936523 -1 1028.4737548828125 23.560705184936523 -1 386.1873474121094 78.08113098144531
0.9976092744123037 -0.004003896085856622 -0.02509593610305261 -0.0642642856787661 -3.556711037387259 2.2559313260872984 -0.16592283656386447
0.5186234712600708 -1 0.5183612108230591 0.5186234712600708 -1 0.5183612108230591 0.5186234712600708
0.9974933426857451 -0.0020252298043144656 -0.027635835185859072 -0.06510906507882422 -3.4992525134056 2.219362471495277 -0.16349167589909286
11.09708309173584 -1 852.7467041015625 15.32287311553955 -1 649.1734008789062 26.901763916015625
0.9973101395949918 -0.0010064569130606058 -0.03142401252936046 -0.06621181119751006 -3.433370881150399 2.18843044094838 -0.18584391800742295
0.5236696004867554 -1 0.5236225724220276 0.5236696004867554 -1 0.5236225724220276 0.5236696004867554
0.9970904545655525 -0.0010599155020262706 -0.03199767329898698 -0.06917839906242378 -3.3517222937260294 2.1818408316314537 -0.20150431059905516
12.688491821289062 -1 1557.6856689453125 12.688491821289062 -1 753.9481811523438 45.56001281738281
0.9968644811499943 -0.0020246557825486142 -0.032185626840291255 -0.07225781906072526 -3.263377407595178 2.1744495972490614 -0.20060988235751448
0.5239992141723633 -1 0.5237906575202942 0.5239992141723633 -1 0.5237906575202942 0.5239992141723633
0.9962597359236667 -0.002667692045091839 -0.030997675591745908 -0.08061368434929271 -3.1501486686730935 2.1801433933102268 -0.20572648457008735
0.5216065645217896 -1 0.5213380455970764 0.5216065645217896 -1 0.5213380455970764 0.5216065645217896
0.9960638276822473 0.0013166634939726445 -0.03134169630110877 -0.0829024466056517 -3.0977785062919105 2.1497746727471156 -0.19701647217156967
0.5297672748565674 -1 0.529788613319397 0.5297672748565674 -1 0.529788613319397 0.5297672748565674
0.9960173246721096 0.003227261236444463 -0.03032255500659526 -0.08378315102571324 -3.0620216685546997 2.1039310406659295 -0.17352905822495182
0.5416468381881714 -1 0.5411349534988403 0.5416468381881714 -1 0.5411349534988403 0.5416468381881714
0.9959021632958136 0.006394822586269252 -0.029454260346759662 -0.0852668395933263 -3.016776323930922 2.060515497947742 -0.15157444018098315
0.5473318696022034 -1 0.5471756458282471 0.5473318696022034 -1 0.5471756458282471 0.5473318696022034
0.9961417848680265 0.008907661325085825 -0.02868652740190305 -0.0824577537608192 -3.0028215730159027 1.9934213780842194 -0.13947467872464964
11.546091079711914 -1 428.8017578125 11.546091079711914 -1 784.2451782226562 19.680795669555664
0.9959680420939544 0.009532054232283134 -0.03034291908112597 -0.08388150172287265 -2.966012153595986 1.922905552236917 -0.14521012090907998
0.5338839888572693 -1 0.5337666273117065 0.5338839888572693 -1 0.5337666273117065 0.5338839888572693
0.9962111774133052 0.011452231767026639 -0.030749324791127356 -0.08053952699910917 -2.9494111543652064 1.8439602801973056 -0.13126155172404622
0.5332684516906738 -1 0.533036470413208 0.5332684516906738 -1 0.533036470413208 0.5332684516906738
0.9963180306781725 0.011262184366631801 -0.030447149003568083 -0.07935058957824259 -2.8866460014225543 1.7640274888557341 -0.10937044016875411
0.5355165004730225 -1 0.5352375507354736 0.5355165004730225 -1 0.5352375507354736 0.5355165004730225
0.9964635589416311 0.014079787279879576 -0.0307257502492757 -0.07692895139770836 -2.833804155169759 1.704391693173412 -0.08319969590740557
16.006298065185547 -1 784.2623901367188 19.797574996948242 -1 991.725830078125 21.86226463317871
0.996611418495316 0.015445054197625947 -0.03293459918359348 -0.07377291509898967 -2.759586119854316 1.6482486370783347 -0.06439614797970919
0.5527911186218262 -1 0.5524625182151794 0.5527911186218262 -1 0.5524625182151794 0.5527911186218262
0.9966782614864329 0.015333912870368643 -0.03252264101660772 -0.07307251205323675 -2.660369925439719 1.612585831531058 -0.030206488184204194
0.5518143177032471 -1 0.5516427755355835 0.5518143177032471 -1 0.5516427755355835 0.5518143177032471
0.9966929869781835 0.01492908584732416 -0.03307149569267605 -0.07270824077722489 -2.580612409886303 1.5932361975521876 -0.02353269680699239
4.705997467041016 -1 63.071414947509766 43.68215560913086 -1 584.7703857421875 57.76116180419922
0.996630747469415 0.013819825081374424 -0.0353587032665314 -0.0727043859515007 -2.4929770269633456 1.5692586421941772 -0.03057158923491647
0.5561318397521973 -1 0.5561927556991577 0.5561318397521973 -1 0.5561927556991577 0.5561318397521973
0.9965602657269588 0.013280714823253666 -0.0368562791920807 -0.07302652991969716 -2.4099363429959535 1.5478768373541396 -0.03225749361064821
11.108454704284668 -1 1555.87060546875 16.958127975463867 -1 465.82666015625 29.33258628845215
0.9968011099218547 0.013560867227575636 -0.03782297457387427 -0.06908742818327239 -2.327151727818788 1.5016976254587933 -0.027616730832227303
3.5193967819213867 -1 1149.8604736328125 11.1661376953125 -1 481.5677795410156 13.516716003417969
0.996918720890664 0.013601074362910241 -0.038565619453333054 -0.06693853680861035 -2.2393380816240707 1.4627614627754517 -0.016909096012096215
19.662830352783203 -1 784.3279418945312 19.662830352783203 -1 583.02587890625 27.222780227661133
0.9969490770525373 0.015187400006191589 -0.03805924196713708 -0.0664332352518904 -2.141162592035459 1.4306020237993897 0.007871983376691948
26.894990921020508 -1 848.87744140625 31.42205047607422 -1 1004.2608642578125 39.47698974609375
0.9968350110093436 0.015490571276307197 -0.0389631565875191 -0.06754165719222452 -2.0535792686939986 1.4077534872196305 0.029073999915269287
11.12949275970459 -1 784.29443359375 19.55615234375 -1 649.12939453125 27.039653778076172
0.9966711609834934 0.015928947790604813 -0.04069971274341261 -0.0688215000468855 -1.9738777913758982 1.3875468521852938 0.045964257205074126
19.080780029296875 -1 853.0407104492188 37.503448486328125 -1 542.2185668945312 42.075931549072266
0.9965588625405304 0.014912656331929017 -0.04342388486145242 -0.06901023399894791 -1.9058001366247554 1.3702394341667685 0.044207116763551484
19.87205696105957 -1 633.7501831054688 24.74762535095215 -1 1004.194580078125 39.779029846191406
0.9962953068748311 0.013216034710653054 -0.04583168714442603 -0.07155735028079492 -1.8295298848339066 1.3613018903185499 0.040857849655525455
0.5573485493659973 -1 0.5568883419036865 0.5573485493659973 -1 0.5568883419036865 0.5573485493659973
0.9961499192632934 0.010846260201130309 -0.047736701712763875 -0.07272485339256447 -1.7627486031715576 1.345190950591091 0.041564753907947574
19.824806213378906 -1 784.1682739257812 19.824806213378906 -1 248.2948760986328 37.584716796875
0.9958308034235359 0.008361807219945495 -0.05078513560729412 -0.07531242350502565 -1.7065820899012476 1.3335578547172584 0.03693068938065428
0.5605905055999756 -1 0.5603969097137451 0.5605905055999756 -1 0.5603969097137451 0.5605905055999756
0.9956044281578101 0.006441364268529671 -0.05478057920144337 -0.07569292966502354 -1.6524928617012749 1.3098770230881063 0.02521624812037674
0.5699071288108826 -1 0.5696146488189697 0.5699071288108826 -1 0.5696146488189697 0.5699071288108826
0.9954433998740735 0.004021714481591981 -0.05742097487118832 -0.07602035980325408 -1.6068547826408817 1.2921671270704447 0.0133979339161131
0.5755926370620728 -1 0.575359046459198 0.5755926370620728 -1 0.575359046459198 0.5755926370620728
0.9954707051705007 0.0014281927963572265 -0.0586030262839441 -0.07484464391688839 -1.5535731993411808 1.2673971908690718 0.007071605844666735
0.6122524738311768 -1 0.612199068069458 0.6122524738311768 -1 0.612199068069458 0.6122524738311768
0.9953461467498427 -0.001018833810630891 -0.0585548696712311 -0.07652671014549313 -1.4906517413147262 1.2472680533863083 0.004799746216404734
0.8119587898254395 -1 0.8121145367622375 0.8119587898254395 -1 0.8121145367622375 0.8119587898254395
0.995513633580964 0.0011938968567975882 -0.05724742784454232 -0.0753253740110559 -1.4311839545297205 1.216126846330714 0.003411665274055353
0.6879481077194214 -1 0.6864092350006104 0.6879481077194214 -1 0.6864092350006104 0.6879481077194214
0.9957574334073828 0.002718173903294083 -0.05458300257435663 -0.0740300018542545 -1.3682867382253474 1.1848603984137438 -0.0007930388126099407
16.795291900634766 -1 634.1029663085938 24.074779510498047 -1 634.1029663085938 24.074779510498047
0.9961461512276417 0.0022832611330098457 -0.05252832703636224 -0.07020261371000203 -1.3141676082845801 1.1556012305209649 -0.004777430240851916
11.177155494689941 -1 875.5977783203125 14.462197303771973 -1 784.1864013671875 19.66465950012207
0.9966789110136287 -0.000652882714638718 -0.04680507306048523 -0.06663337917778984 -1.21259802804008 1.1214904718367065 0.027227785756621232
0.6071128845214844 -1 0.6068788766860962 0.6071128845214844 -1 0.6068788766860962 0.6071128845214844
0.9969508181245471 -0.0014555101489868599 -0.04125018363744154 -0.06622212682238285 -1.1110260372118927 1.1049963728499481 0.05675340774592115
0.5643282532691956 -1 0.5639686584472656 0.5643282532691956 -1 0.5639686584472656 0.5643282532691956
0.9969713403387667 -0.0019896419254317585 -0.03838781966740018 -0.06760594034043851 -0.9901094732950636 1.088188646611646 0.06952984920218426
0.7622250318527222 -1 0.7625381350517273 0.7622250318527222 -1 0.7625381350517273 0.7622250318527222
0.9965828510218828 -0.004480215648315043 -0.040356456669599625 -0.07192986251839292 -0.8987556805485533 1.077171723416628 0.07666392672152443
0.8346604108810425 -1 0.8352248668670654 0.8346604108810425 -1 0.8352248668670654 0.8346604108810425
0.9962680094444692 -0.003475650053588742 -0.043038222009298785 -0.07473743814540505 -0.8135879836168927 1.0612366034787457 0.09427610459658121
0.7818394899368286 -1 0.781152606010437 0.7818394899368286 -1 0.781152606010437 0.7818394899368286
0.9959423255291 -0.003496973434029479 -0.04459265709167626 -0.07809065456246428 -0.7013695369504733 1.0304028159676324 0.12059778042128552
0.7244142889976501 -1 0.7240769863128662 0.7244142889976501 -1 0.7240769863128662 0.7244142889976501
0.995788977044414 -0.002670295236156787 -0.045384862306064276 -0.07960776968142406 -0.5985143752175861 0.9869642577149945 0.15540049411844895
4.212094783782959 -1 923.870849609375 15.583861351013184 -1 784.1694946289062 19.884122848510742
0.9956559699493829 -0.0011256613545140468 -0.04595808896015826 -0.08096774944259401 -0.49696465508737037 0.9397502702567381 0.18725350690948883
10.145837783813477 -1 1024.465576171875 10.145837783813477 -1 428.8412170410156 11.525952339172363
0.9957277049549991 9.725810860404193e-05 -0.04669706160041727 -0.07965998094273853 -0.3919605730390478 0.8905102569343764 0.21095014768313425
8.393560409545898 -1 784.1634521484375 19.850954055786133 -1 784.1634521484375 19.850954055786133
0.9960165111413662 -2.713410807541316e-05 -0.04680158776823996 -0.07589940829738173 -0.27345172337213386 0.8429911127517126 0.22186647746827942
6.672700881958008 -1 1347.7269287109375 7.91987943649292 -1 1024.683837890625 9.983625411987305
0.9960386076412784 -0.00106186172734891 -0.04634321010776479 -0.07588327493330366 -0.17537062031200634 0.8115727848019922 0.2155433971957732
13.006062507629395 -1 1265.3642578125 18.981815338134766 -1 78.8297348022461 20.628862380981445
0.9959798875155029 -0.001793427819804108 -0.04464382832802742 -0.0776387523951732 -0.08682479825168109 0.7775017000765817 0.21292522210511203
4.164935111999512 -1 1484.699951171875 4.446739673614502 -1 1149.7987060546875 11.129158973693848
0.9960410917361375 -0.0005704327845474729 -0.043908712197616794 -0.07729064091252236 0.006872045486074939 0.7231026796781738 0.21656688955307188
17.04131317138672 -1 695.3275146484375 18.821521759033203 -1 582.6859741210938 27.631261825561523
0.9960259951524763 0.0011119995938969895 -0.045051664340228795 -0.07682010139018276 0.06564582494702247 0.6776774588743648 0.218238174198266
0.5349768400192261 -1 0.5345459580421448 0.5349768400192261 -1 0.5345459580421448 0.5349768400192261
0.9958827963225702 0.00324141566908402 -0.04671988243569383 -0.07761573164245347 0.11896830971964704 0.6316726679184116 0.22565264238926297
2.9561145305633545 -1 1197.11865234375 4.832174301147461 -1 1197.11865234375 4.832174301147461
0.9955419179213202 0.003950260817382877 -0.04854784391222281 -0.08076999413450767 0.17360925709427238 0.5874125505795574 0.23374997986142693
0.5398491621017456 -1 0.5397610664367676 0.5398491621017456 -1 0.5397610664367676 0.5398491621017456
0.9951014523175287 0.004176358845231402 -0.050250957685457814 -0.08503234016558364 0.22331990741006452 0.5396261677532079 0.24645161520522402
0.5405722856521606 -1 0.5401005148887634 0.5405722856521606 -1 0.5401005148887634 0.5405722856521606
0.9952619629142745 0.0057452435040015876 -0.051259574661533636 -0.08242010287923456 0.2777062891824613 0.49335291805522136 0.26522426876840033
7.055737495422363 -1 1444.9005126953125 7.482393741607666 -1 784.0807495117188 19.83074951171875
0.995665866008525 0.0068132313498405605 -0.050261662465556446 -0.07795401484379068 0.3428939114938852 0.4526966550134374 0.269260375003476
5.034936904907227 -1 428.8417663574219 11.647318840026855 -1 428.8417663574219 11.647318840026855
0.9958508645233832 0.005678148685352342 -0.04715062615046416 -0.07762494901226341 0.42507458847979684 0.4111783427803853 0.2631855684881737
3.3478589057922363 -1 1149.85546875 11.154884338378906 -1 1555.7667236328125 17.05133628845215
0.9961003914238374 0.004339683149818663 -0.043177568366561836 -0.0768171526769112 0.51831204171325 0.36978490822944854 0.2617450396512357
4.821046352386475 -1 229.28546142578125 4.821046352386475 -1 1557.735595703125 12.59268569946289
0.9962677735467348 0.005048519223303771 -0.03670278517628672 -0.07796115318661954 0.6211453828415926 0.3271468885441851 0.23735070491784344
12.702754020690918 -1 1557.623046875 12.725346565246582 -1 1582.3089599609375 14.429864883422852
0.9961434006084456 0.006714382351707765 -0.028622915281402754 -0.08266783663959412 0.7300584333946722 0.28791759106157033 0.21406109652230992
37.616519927978516 -1 248.2053985595703 37.616519927978516 -1 741.7156372070312 77.05282592773438
0.9966712154437619 0.008065313284325594 -0.021863063566372486 -0.078124551064136 0.8484307556533452 0.2663321645106421 0.19579542039881462
5.825230121612549 -1 1557.85009765625 12.536918640136719 -1 1028.3084716796875 23.230484008789062
0.9967296052013161 0.006962749492416852 -0.02227530010567393 -0.07736553005012332 0.9467961592197879 0.2459314189895156 0.20493431067841858
11.176074981689453 -1 784.1045532226562 19.75839614868164 -1 1417.6036376953125 24.966371536254883
0.9964430083887527 0.004806609546018173 -0.0250854611100614 -0.08030533717468626 1.0439599185381763 0.21490384112628147 0.192571661034403
19.77733039855957 -1 784.2503051757812 19.77733039855957 -1 640.0731811523438 23.893857955932617
0.9962436990851188 0.004296058919862309 -0.027263794629008874 -0.08207753293918933 1.130615542217042 0.17811508715131968 0.19030394026442224
11.149203300476074 -1 1489.02294921875 39.66269302368164 -1 1190.237548828125 79.587158203125
0.9955802357687746 0.004535840688433614 -0.028283232746747544 -0.0894398068045406 1.20908369500016 0.11718437069414665 0.17629253304639575
19.770885467529297 -1 991.8236694335938 22.112831115722656 -1 991.8236694335938 22.112831115722656
0.995399105186415 0.003949976165152756 -0.03138642831739233 -0.09044286151961714 1.2791078418106512 0.06659928560415343 0.2063266230513355
3.825089454650879 -1 1557.766357421875 12.631399154663086 -1 1460.52490234375 21.172060012817383
0.9951878051641686 0.0033812699759352615 -0.036822477797587565 -0.09074086507588934 1.3385595040475742 0.017342020652378935 0.2538469777330265
5.6852922439575195 -1 1149.7840576171875 11.103402137756348 -1 428.8352966308594 11.629716873168945
0.9950326334474882 0.0033899899951877832 -0.042403768529715107 -0.09000270416419469 1.4052977026214302 -0.018627430308452472 0.27471818753585836
26.994150161743164 -1 1071.167724609375 66.27302551269531 -1 1429.5703125 66.47138214111328
0.9949415535962984 0.00212216359556782 -0.04669015107306938 -0.08892036404464163 1.465980933214158 -0.04558066863181925 0.2843650411045708
29.046524047851562 -1 1460.758544921875 37.72429275512695 -1 1287.2178955078125 62.61912155151367
0.9947512429530586 0.0007692272216565485 -0.05003975092876966 -0.08924906867756835 1.5290271198436423 -0.07269862444522483 0.2836840177144502
19.465866088867188 -1 784.4494018554688 19.465866088867188 -1 1445.3857421875 29.26104164123535
0.9950274223945079 5.8308021237465425e-05 -0.05093717016622736 -0.0855910624923724 1.60375867324402 -0.09493604694234208 0.2972543811980266
40.76109313964844 -1 1169.212890625 59.046478271484375 -1 1169.212890625 59.046478271484375
0.9953384669660026 0.0017281172844547939 -0.04935541067617353 -0.0828395631652258 1.6743627461940218 -0.11588199900560628 0.2812753939295437
4.813719749450684 -1 1149.8201904296875 11.092344284057617 -1 633.8096313476562 24.512863159179688
0.9958510013541664 0.004084585198450221 -0.045903070885210125 -0.07846660021288059 1.7571247436252522 -0.13946282171959237 0.2650567658736265
15.29877758026123 -1 784.0723876953125 19.84783172607422 -1 1460.7791748046875 37.56986999511719
0.9962582570298102 0.005703607832810565 -0.04337886070409838 -0.07453340594410518 1.8378735459399305 -0.15416023410729957 0.2511137916327403
0.5488934516906738 -1 0.5488008260726929 0.5488934516906738 -1 0.5488008260726929 0.5488934516906738
0.9965812459567019 0.006713770134895085 -0.04226575432880603 -0.07067072596896493 1.9249837615220913 -0.1637685728909995 0.2539141077678831
0.5563427209854126 -1 0.5560677647590637 0.5563427209854126 -1 0.5560677647590637 0.5563427209854126
0.9969356528006282 0.008209936401334446 -0.042676260827162284 -0.06504335385789578 2.0173419076653643 -0.1617266027517724 0.26228798244023577
8.504146575927734 -1 1150.0391845703125 11.26919174194336 -1 1150.0391845703125 11.26919174194336
0.9973125494972988 0.008321108759739343 -0.04324135927386579 -0.05855444144004023 2.117341058721084 -0.1524063746328929 0.2796337541202303
12.171536445617676 -1 523.9844360351562 28.03922462463379 -1 1442.777587890625 31.979225158691406
0.9973370155747663 0.008618849318686858 -0.044856068483910994 -0.05685530688517021 2.223138599701367 -0.16756471193031036 0.30119244784209803
5.532412528991699 -1 248.2422637939453 37.57316207885742 -1 248.2422637939453 37.57316207885742
0.9971899576605024 0.01181298169813693 -0.04402804084760605 -0.05944891440191804 2.3285727849472466 -0.20551921983307495 0.2959286750572865
11.150577545166016 -1 1557.781494140625 12.64477252960205 -1 1128.5821533203125 15.927427291870117
0.9968473345085909 0.011934027005736533 -0.04329081149285443 -0.06541312041811065 2.4139894151241537 -0.2656220120883632 0.2902936064194273
11.110149383544922 -1 1555.854248046875 16.889190673828125 -1 244.7789764404297 20.338951110839844
0.9962922746371129 0.013146192389563445 -0.04407699445546232 -0.07270556845137409 2.503058631974178 -0.35118155183473404 0.29715069300664904
12.632617950439453 -1 1557.744140625 12.632617950439453 -1 1028.5433349609375 23.452312469482422
0.9959478027711706 0.01589863925749431 -0.04628092428593434 -0.07545384995000146 2.5772294101965807 -0.4250788353467265 0.30476806676677454
11.078746795654297 -1 1557.85693359375 12.505014419555664 -1 852.7313842773438 15.382039070129395
0.9956795805079236 0.019901139758988915 -0.049226780864680686 -0.07617638506492297 2.658589560637612 -0.5052468130516241 0.33715399536052093
3.3021130561828613 -1 775.2013549804688 3.3021130561828613 -1 321.13214111328125 4.709465026855469
0.9957286205240824 0.023553443543350518 -0.049413227552473044 -0.07435107604672356 2.738561602186423 -0.554722398729131 0.33671411201464174
12.673457145690918 -1 1557.684326171875 12.673457145690918 -1 1555.7718505859375 17.07317352294922
0.9958729061050223 0.024615422048811352 -0.04812231430525443 -0.07290732987294549 2.8235381804607984 -0.5927069528676027 0.33180195955010533
11.156800270080566 -1 1557.70458984375 12.80012321472168 -1 649.1934814453125 26.906414031982422
0.9959589510458845 0.024442893006767094 -0.04706008326761697 -0.07248214522133063 2.922223148324628 -0.6389294120166844 0.3213288511924576
4.751194953918457 -1 229.2996368408203 4.751194953918457 -1 190.36358642578125 5.627913951873779
0.9958389883754091 0.02555853434361277 -0.0449749925119459 -0.07502479991441928 3.0049318681500257 -0.6960558451424842 0.29234714480012425
0.5492934584617615 -1 0.549017071723938 0.5492934584617615 -1 0.549017071723938 0.5492934584617615
0.9958460596520453 0.02589466092189731 -0.04109074827331226 -0.07701715664431023 3.105089535678952 -0.7546950330092446 0.2401178100248237
0.5503628253936768 -1 0.5502971410751343 0.5503628253936768 -1 0.5502971410751343 0.5503628253936768
0.9956907266361007 0.02513557826616421 -0.03848853799858321 -0.08054074769227722 3.193559765363105 -0.8203587135548991 0.2170907698895428
19.56824493408203 -1 1169.3006591796875 59.25090026855469 -1 1169.3006591796875 59.25090026855469
0.9958896810070891 0.026242975739006486 -0.03573029330712603 -0.07898351491385541 3.2831010900045943 -0.8514506960995492 0.16163810368435866
0.5664584636688232 -1 0.5661710500717163 0.5664584636688232 -1 0.5661710500717163 0.5664584636688232
0.9959988935724223 0.026867182888658345 -0.0348941149825304 -0.07776091065390185 3.3651647080883302 -0.8890517788898222 0.14906423000520952
0.5436248779296875 -1 0.5434320569038391 0.5436248779296875 -1 0.5434320569038391 0.5436248779296875
0.9962467958793209 0.026119845129203602 -0.03469940524141767 -0.07487340426683683 3.446034978742574 -0.9097487638387217 0.1521412565939183
0.5458491444587708 -1 0.5456472039222717 0.5458491444587708 -1 0.5456472039222717 0.5458491444587708
0.9964484467262089 0.026062487044779207 -0.03417771999774988 -0.07240941404072873 3.52969009216979 -0.924885563433396 0.12500623661576177
0.5491662621498108 -1 0.5490607023239136 0.5491662621498108 -1 0.5490607023239136 0.5491662621498108
0.9966158924658829 0.02568353685998586 -0.033584302261780115 -0.07049264827188116 3.61585505183998 -0.9472003472693635 0.11740221383768558
11.266193389892578 -1 703.6373901367188 21.212003707885742 -1 703.6373901367188 21.212003707885742
0.9967056497958167 0.026117847694346562 -0.03396932874290236 -0.06886065931771525 3.702594058797884 -0.9715084242425267 0.12174790210397889
3.7264511585235596 -1 852.689453125 15.568580627441406 -1 852.689453125 15.568580627441406
0.9969846500031139 0.025100009409903767 -0.03447534612731987 -0.06483091619893075 3.7973282155192356 -0.9705705554442426 0.11721553846293103
0.5838743448257446 -1 0.5838620662689209 0.5838743448257446 -1 0.5838620662689209 0.5838743448257446
0.9969645077691787 0.023834659432209537 -0.03448838038691829 -0.06560663744315079 3.8787766549664675 -1.0038846710107534 0.10162123448678997
0.5811973810195923 -1 0.5814139246940613 0.5811973810195923 -1 0.5814139246940613 0.5811973810195923
0.9968392336172878 0.024120476594781726 -0.034205095481915845 -0.06752596813976106 3.9478023291686997 -1.0473781636071657 0.08985682440650164
0.5794983506202698 -1 0.5792735815048218 0.5794983506202698 -1 0.5792735815048218 0.5794983506202698
0.9967616015515521 0.02376438626775499 -0.03298897050795019 -0.06937788871483085 4.004692881277877 -1.0899707949483421 0.07440146895250414
2.7832157611846924 -1 649.1920166015625 27.024736404418945 -1 649.1920166015625 27.024736404418945
0.9967698206907804 0.022918703229320027 -0.031072579312148803 -0.07042124975635049 4.076268357614563 -1.1242354867702895 0.05496389033114728
19.641807556152344 -1 784.2660522460938 19.641807556152344 -1 489.4915771484375 34.21327209472656
0.9969395476405271 0.022600980602984266 -0.029093525196283797 -0.06895143811218211 4.158409912850303 -1.1311651528430706 0.034766574982953435
11.157206535339355 -1 784.2628784179688 19.694028854370117 -1 891.1976318359375 45.24830627441406
0.9969550129587389 0.022060410417574932 -0.02675241399970921 -0.06984517716948607 4.229600407344968 -1.1583158763850188 0.029912245481133852
0.534917414188385 -1 0.5347731113433838 0.534917414188385 -1 0.5347731113433838 0.534917414188385
0.9969958710174007 0.021276191215137533 -0.02433012821929808 -0.07038893181789199 4.307460010007807 -1.1906549309740313 0.018323022782341568
0.5263423323631287 -1 0.5262551307678223 0.5263423323631287 -1 0.5262551307678223 0.5263423323631287
0.9968323674319669 0.020282251967046198 -0.022808341134602436 -0.07344141249875968 4.350281900874048 -1.2445478869036701 -0.006867242735004679
3.7929558753967285 -1 784.1865844726562 19.72764778137207 -1 784.1865844726562 19.72764778137207
0.9970897428058618 0.018687499349133684 -0.020518755194641688 -0.07100565361067286 4.415811970055855 -1.2547964779083562 -0.03333052777900803
14.54822826385498 -1 764.3754272460938 15.65276050567627 -1 764.3754272460938 15.65276050567627
0.9968803130354041 0.01710404789627837 -0.019409227716191874 -0.07456792143715536 4.435793342024612 -1.3115821134227132 -0.029150857877293105
4.731310844421387 -1 1557.82470703125 12.55029010772705 -1 1131.0037841796875 14.24288558959961
0.9969198478269135 0.016758991940611805 -0.019125533326425637 -0.07419007462510023 4.451249254936995 -1.3341036070429853 -0.04397815117824373
9.993791580200195 -1 434.1200256347656 14.873770713806152 -1 1295.2884521484375 17.870798110961914
0.9968571547984221 0.01723665536646541 -0.02072398447142852 -0.07449313462729722 4.448148196780089 -1.3648548306910748 -0.018139100990720615
11.559776306152344 -1 784.200439453125 19.66069793701172 -1 248.30923461914062 37.63596725463867
0.9968183552823583 0.017321160886004633 -0.02335610767012481 -0.0742134502111108 4.442709723254225 -1.3862722938327874 -0.0051516427776483785
26.520130157470703 -1 649.1887817382812 26.830900192260742 -1 649.1887817382812 26.830900192260742
0.996918255655296 0.017374858584224884 -0.024584325712401746 -0.07244112616219353 4.435817256763675 -1.3916810849356946 -0.005583494457973272
14.994743347167969 -1 784.1258544921875 19.754289627075195 -1 784.1258544921875 19.754289627075195
0.9971749480135722 0.017660323450570798 -0.024714819960751068 -0.0686979890830774 4.4372436564132425 -1.3836230539726146 0.0020485471783098738
23.298290252685547 -1 901.7073974609375 23.298290252685547 -1 1004.3799438476562 39.642032623291016
0.9976932122189718 0.018004880956754888 -0.02415613651695296 -0.06083222519764523 4.432387998352388 -1.3450835870806424 -0.00380372595939554
37.00934982299805 -1 248.58387756347656 37.41859817504883 -1 1177.364501953125 46.84299087524414
0.9979034714196258 0.018813916429511482 -0.025052949352008618 -0.056630804391330676 4.392262510964638 -1.3292399458527353 0.018326297015037317
12.623244285583496 -1 784.200927734375 19.83359718322754 -1 784.200927734375 19.83359718322754
0.997901424411017 0.01778934065156251 -0.02858271538636599 -0.05531107392546446 4.315835082403171 -1.3263001990122496 0.05915560785352411
27.020288467407227 -1 583.0819702148438 27.215591430664062 -1 465.8015441894531 29.544727325439453
0.9977205226498607 0.014328559442034643 -0.035911538496179486 -0.05530653189671502 4.1887498253198405 -1.3167021865561892 0.19463050319736408
5.393460273742676 -1 1150.0013427734375 11.145541191101074 -1 991.794189453125 22.071508407592773
0.9977410105480183 0.011212273970955863 -0.040486578359727556 -0.052421348282364395 4.065011157536079 -1.2680097051087351 0.2688410842941096
3.853205919265747 -1 290.5433654785156 13.950119018554688 -1 784.2310180664062 19.687179565429688
0.9977770548835904 0.008741155332266274 -0.04437740355140561 -0.04894064778199883 3.9303010351506216 -1.2014532176331845 0.3517171717252771
2.8242835998535156 -1 1186.2237548828125 5.429423809051514 -1 1149.8966064453125 11.140398025512695
0.997325158704689 0.008282316798736509 -0.048289082205201554 -0.05424108758949794 3.7755488219773374 -1.1934196500295078 0.37197733322955057
19.537364959716797 -1 1582.0474853515625 57.3270263671875 -1 1565.92822265625 81.67665100097656
0.9970197249810279 0.005036993759489012 -0.05007144780261133 -0.05847347097250885 3.656118358315262 -1.1975556048614882 0.47119438724579515
0.571558952331543 -1 0.5713147521018982 0.571558952331543 -1 0.5713147521018982 0.571558952331543
0.996512268774569 0.005458097649243254 -0.048688302263607014 -0.06754966006206173 3.5530264833096847 -1.2449780931455352 0.5974290340843948
3.33608341217041 -1 582.8565673828125 27.4503116607666 -1 582.8565673828125 27.4503116607666
0.9951501875708784 0.006881247645705417 -0.04276828325396975 -0.0883154944276061 3.4567017265891957 -1.3828031902055595 0.6952591273887554
12.61029052734375 -1 1557.74169921875 12.61029052734375 -1 784.134521484375 19.752967834472656
